{"type":"FeatureCollection","features":[{"type":"Feature","geometry":{"type":"Point","coordinates":[-72.501513,41.823175]},"properties":{"id":"ora-ct-0","name":"CAM 1 Vernon I-84 WB Exit 64 - Rt. 30 & 83 (Hartford Tpke.)","state":"CT","provider":"Connecticut DOT","hls":null,"snapshot":"https://ctroads.org/map/Cctv/308","refreshMs":30000,"attribution":"Ora (Warner Varnado) · Connecticut DOT"}},{"type":"Feature","geometry":{"type":"Point","coordinates":[-72.516602,41.812615]},"properties":{"id":"ora-ct-1","name":"CAM 3 Manchester I-84 EB Exit 63 - Rt. 30 (Tolland Tpke.)","state":"CT","provider":"Connecticut DOT","hls":null,"snapshot":"https://ctroads.org/map/Cctv/309","refreshMs":30000,"attribution":"Ora (Warner Varnado) · Connecticut DOT"}},{"type":"Feature","geometry":{"type":"Point","coordinates":[-72.535104,41.805873]},"properties":{"id":"ora-ct-2","name":"CAM 5 Manchester I-84 MEDIAN Between Exit 63 & 62 - Slater St.","state":"CT","provider":"Connecticut DOT","hls":null,"snapshot":"https://ctroads.org/map/Cctv/310","refreshMs":30000,"attribution":"Ora (Warner Varnado) · Connecticut DOT"}},{"type":"Feature","geometry":{"type":"Point","coordinates":[-72.552004,41.80251]},"properties":{"id":"ora-ct-3","name":"CAM 7 Manchester I-84 WB Exit 62 & 60 - Buckland St.","state":"CT","provider":"Connecticut DOT","hls":null,"snapshot":"https://ctroads.org/map/Cctv/311","refreshMs":30000,"attribution":"Ora (Warner Varnado) · Connecticut DOT"}},{"type":"Feature","geometry":{"type":"Point","coordinates":[-72.565236,41.788324]},"properties":{"id":"ora-ct-4","name":"CAM 9 Manchester I-84 WB Exit 59 - I-291 Ramp to I-84 East on ramp","state":"CT","provider":"Connecticut DOT","hls":null,"snapshot":"https://ctroads.org/map/Cctv/312","refreshMs":30000,"attribution":"Ora (Warner Varnado) · Connecticut DOT"}},{"type":"Feature","geometry":{"type":"Point","coordinates":[-72.576855,41.7745]},"properties":{"id":"ora-ct-5","name":"CAM 11 Manchester I-84 EB Exit 60 - Rt. 6 & 44 (Middle Tpke. W.)","state":"CT","provider":"Connecticut DOT","hls":null,"snapshot":"https://ctroads.org/map/Cctv/313","refreshMs":30000,"attribution":"Ora (Warner Varnado) · Connecticut DOT"}},{"type":"Feature","geometry":{"type":"Point","coordinates":[-72.602722,41.771624]},"properties":{"id":"ora-ct-6","name":"CAM 13 East Hartford I-84 WB E/O Exit 58 - Forbes St.","state":"CT","provider":"Connecticut DOT","hls":null,"snapshot":"https://ctroads.org/map/Cctv/314","refreshMs":30000,"attribution":"Ora (Warner Varnado) · Connecticut DOT"}},{"type":"Feature","geometry":{"type":"Point","coordinates":[-72.618569,41.767167]},"properties":{"id":"ora-ct-7","name":"CAM 15 East Hartford I-84 EB W/O Exit 59 - Simmons Rd.","state":"CT","provider":"Connecticut DOT","hls":null,"snapshot":"https://ctroads.org/map/Cctv/315","refreshMs":30000,"attribution":"Ora (Warner Varnado) · Connecticut DOT"}},{"type":"Feature","geometry":{"type":"Point","coordinates":[-72.634273,41.763084]},"properties":{"id":"ora-ct-8","name":"CAM 17 East Hartford I-84 EB W/O Exit 58 - Rt. 15","state":"CT","provider":"Connecticut DOT","hls":null,"snapshot":"https://ctroads.org/map/Cctv/316","refreshMs":30000,"attribution":"Ora (Warner Varnado) · Connecticut DOT"}},{"type":"Feature","geometry":{"type":"Point","coordinates":[-72.645481,41.764182]},"properties":{"id":"ora-ct-9","name":"CAM 19 East Hartford I-84 EB W/O Exit 57 - Rt. 5 (Main St.)","state":"CT","provider":"Connecticut DOT","hls":null,"snapshot":"https://ctroads.org/map/Cctv/317","refreshMs":30000,"attribution":"Ora (Warner Varnado) · Connecticut DOT"}},{"type":"Feature","geometry":{"type":"Point","coordinates":[-72.651995,41.765207]},"properties":{"id":"ora-ct-10","name":"CAM 21 East Hartford I-84 EB Exit 56 - Governor St.","state":"CT","provider":"Connecticut DOT","hls":null,"snapshot":"https://ctroads.org/map/Cctv/318","refreshMs":30000,"attribution":"Ora (Warner Varnado) · Connecticut DOT"}},{"type":"Feature","geometry":{"type":"Point","coordinates":[-72.662902,41.769691]},"properties":{"id":"ora-ct-11","name":"CAM 23 East Hartford I-84 WB E/O Exit 51 - Rt. 44 WB on ramp (Bulkeley Br.)","state":"CT","provider":"Connecticut DOT","hls":null,"snapshot":"https://ctroads.org/map/Cctv/319","refreshMs":30000,"attribution":"Ora (Warner Varnado) · Connecticut DOT"}},{"type":"Feature","geometry":{"type":"Point","coordinates":[-72.67261,41.769559]},"properties":{"id":"ora-ct-12","name":"CAM 25 Hartford I-84 EB Exit 51 - Rt. 44 (Main St.)","state":"CT","provider":"Connecticut DOT","hls":null,"snapshot":"https://ctroads.org/map/Cctv/320","refreshMs":30000,"attribution":"Ora (Warner Varnado) · Connecticut DOT"}},{"type":"Feature","geometry":{"type":"Point","coordinates":[-72.675619,41.769682]},"properties":{"id":"ora-ct-13","name":"CAM 27 Hartford I-84 EB WO Exit 51 - Trumbull St.","state":"CT","provider":"Connecticut DOT","hls":null,"snapshot":"https://ctroads.org/map/Cctv/321","refreshMs":30000,"attribution":"Ora (Warner Varnado) · Connecticut DOT"}},{"type":"Feature","geometry":{"type":"Point","coordinates":[-72.68392,41.767298]},"properties":{"id":"ora-ct-14","name":"CAM 29 Hartford I-84 EB W/O Exit 49 - Asylum St.","state":"CT","provider":"Connecticut DOT","hls":null,"snapshot":"https://ctroads.org/map/Cctv/322","refreshMs":30000,"attribution":"Ora (Warner Varnado) · Connecticut DOT"}},{"type":"Feature","geometry":{"type":"Point","coordinates":[-72.701652,41.752789]},"properties":{"id":"ora-ct-15","name":"CAM 31 Hartford I-84 MEDIAN Exits 46 & 45 - Hamilton St.","state":"CT","provider":"Connecticut DOT","hls":null,"snapshot":"https://ctroads.org/map/Cctv/323","refreshMs":30000,"attribution":"Ora (Warner Varnado) · Connecticut DOT"}},{"type":"Feature","geometry":{"type":"Point","coordinates":[-72.717088,41.750209]},"properties":{"id":"ora-ct-16","name":"CAM 33 West Hartford I-84 WB Exit 44 - Prospect Ave.","state":"CT","provider":"Connecticut DOT","hls":null,"snapshot":"https://ctroads.org/map/Cctv/324","refreshMs":30000,"attribution":"Ora (Warner Varnado) · Connecticut DOT"}},{"type":"Feature","geometry":{"type":"Point","coordinates":[-72.735795,41.746501]},"properties":{"id":"ora-ct-17","name":"CAM 35 West Hartford I-84 WB E/O Exit 42 - Trout Brook Dr.","state":"CT","provider":"Connecticut DOT","hls":null,"snapshot":"https://ctroads.org/map/Cctv/325","refreshMs":30000,"attribution":"Ora (Warner Varnado) · Connecticut DOT"}},{"type":"Feature","geometry":{"type":"Point","coordinates":[-72.752591,41.733064]},"properties":{"id":"ora-ct-18","name":"CAM 37 West Hartford I-84 WB E/O Exit 40 - Berkshire Rd.","state":"CT","provider":"Connecticut DOT","hls":null,"snapshot":"https://ctroads.org/map/Cctv/326","refreshMs":30000,"attribution":"Ora (Warner Varnado) · Connecticut DOT"}},{"type":"Feature","geometry":{"type":"Point","coordinates":[-72.771279,41.726372]},"properties":{"id":"ora-ct-19","name":"CAM 39 Farmington I-84 EB Rt. 9 NB Exit 32 - Ramp to I-84 WB","state":"CT","provider":"Connecticut DOT","hls":null,"snapshot":"https://ctroads.org/map/Cctv/327","refreshMs":30000,"attribution":"Ora (Warner Varnado) · Connecticut DOT"}},{"type":"Feature","geometry":{"type":"Point","coordinates":[-72.790248,41.722852]},"properties":{"id":"ora-ct-20","name":"CAM 41 Farmington I-84 MEDIAN W/O Exit 39A - South Rd.","state":"CT","provider":"Connecticut DOT","hls":null,"snapshot":"https://ctroads.org/map/Cctv/328","refreshMs":30000,"attribution":"Ora (Warner Varnado) · Connecticut DOT"}},{"type":"Feature","geometry":{"type":"Point","coordinates":[-72.798742,41.71429]},"properties":{"id":"ora-ct-21","name":"CAM 43 Farmington I-84 WB E/O Exit 37 - E/O Fienemann Rd.","state":"CT","provider":"Connecticut DOT","hls":null,"snapshot":"https://ctroads.org/map/Cctv/329","refreshMs":30000,"attribution":"Ora (Warner Varnado) · Connecticut DOT"}},{"type":"Feature","geometry":{"type":"Point","coordinates":[-72.80745,41.699198]},"properties":{"id":"ora-ct-22","name":"CAM 45 Farmington I-84 WB W/O Exit 37 - W/O Fieneman Rd.","state":"CT","provider":"Connecticut DOT","hls":null,"snapshot":"https://ctroads.org/map/Cctv/330","refreshMs":30000,"attribution":"Ora (Warner Varnado) · Connecticut DOT"}},{"type":"Feature","geometry":{"type":"Point","coordinates":[-72.369553,41.860137]},"properties":{"id":"ora-ct-23","name":"CAM 47 Tolland I-84 WB Exit 68 - Cider Mill Rd.","state":"CT","provider":"Connecticut DOT","hls":null,"snapshot":"https://ctroads.org/map/Cctv/331","refreshMs":30000,"attribution":"Ora (Warner Varnado) · Connecticut DOT"}},{"type":"Feature","geometry":{"type":"Point","coordinates":[-72.493951,41.825038]},"properties":{"id":"ora-ct-24","name":"CAM 49 Vernon I-84 WB E/O Exit 64 - Rt. 30 & 83 (Hartford Tpke.)","state":"CT","provider":"Connecticut DOT","hls":null,"snapshot":"https://ctroads.org/map/Cctv/332","refreshMs":30000,"attribution":"Ora (Warner Varnado) · Connecticut DOT"}},{"type":"Feature","geometry":{"type":"Point","coordinates":[-72.817607,41.683105]},"properties":{"id":"ora-ct-25","name":"CAM 51 New Britain I-84 WB E/O Exit 36 - Long Swamp Rd.","state":"CT","provider":"Connecticut DOT","hls":null,"snapshot":"https://ctroads.org/map/Cctv/333","refreshMs":30000,"attribution":"Ora (Warner Varnado) · Connecticut DOT"}},{"type":"Feature","geometry":{"type":"Point","coordinates":[-72.821915,41.67144]},"properties":{"id":"ora-ct-26","name":"CAM 53 New Britain I-84 WB Exit 35 - North Mountain Rd.","state":"CT","provider":"Connecticut DOT","hls":null,"snapshot":"https://ctroads.org/map/Cctv/334","refreshMs":30000,"attribution":"Ora (Warner Varnado) · Connecticut DOT"}},{"type":"Feature","geometry":{"type":"Point","coordinates":[-72.839858,41.670613]},"properties":{"id":"ora-ct-27","name":"CAM 55 Plainville I-84 WB Exit 33 - W/O Crooked St.","state":"CT","provider":"Connecticut DOT","hls":null,"snapshot":"https://ctroads.org/map/Cctv/335","refreshMs":30000,"attribution":"Ora (Warner Varnado) · Connecticut DOT"}},{"type":"Feature","geometry":{"type":"Point","coordinates":[-72.844708,41.668371]},"properties":{"id":"ora-ct-28","name":"CAM 57 Plainville I-84 EB Exit 34 - Woodford Ave.","state":"CT","provider":"Connecticut DOT","hls":null,"snapshot":"https://ctroads.org/map/Cctv/336","refreshMs":30000,"attribution":"Ora (Warner Varnado) · Connecticut DOT"}},{"type":"Feature","geometry":{"type":"Point","coordinates":[-72.868739,41.635638]},"properties":{"id":"ora-ct-29","name":"CAM 59 Southington I-84 EB E/O Exit 32 - Rt. 10 (Queen St.)","state":"CT","provider":"Connecticut DOT","hls":null,"snapshot":"https://ctroads.org/map/Cctv/337","refreshMs":30000,"attribution":"Ora (Warner Varnado) · Connecticut DOT"}},{"type":"Feature","geometry":{"type":"Point","coordinates":[-72.891554,41.619721]},"properties":{"id":"ora-ct-30","name":"CAM 61 Southington I-84 EB W/O Exit 31 - E/O Curtis St.","state":"CT","provider":"Connecticut DOT","hls":null,"snapshot":"https://ctroads.org/map/Cctv/338","refreshMs":30000,"attribution":"Ora (Warner Varnado) · Connecticut DOT"}},{"type":"Feature","geometry":{"type":"Point","coordinates":[-72.899368,41.612335]},"properties":{"id":"ora-ct-31","name":"CAM 63 Southington I-84 WB Exit 31 - Rt. 229 (West St.)","state":"CT","provider":"Connecticut DOT","hls":null,"snapshot":"https://ctroads.org/map/Cctv/339","refreshMs":30000,"attribution":"Ora (Warner Varnado) · Connecticut DOT"}},{"type":"Feature","geometry":{"type":"Point","coordinates":[-72.639963,41.89839]},"properties":{"id":"ora-ct-32","name":"CAM 65 Windsor I-91 SB Exit 40 - Rt. 20","state":"CT","provider":"Connecticut DOT","hls":null,"snapshot":"https://ctroads.org/map/Cctv/340","refreshMs":30000,"attribution":"Ora (Warner Varnado) · Connecticut DOT"}},{"type":"Feature","geometry":{"type":"Point","coordinates":[-72.657365,41.885478]},"properties":{"id":"ora-ct-33","name":"CAM 67 Windsor I-91 SB N/O Exit 38 A/B - Rt. 75 (Poquonock Ave.)","state":"CT","provider":"Connecticut DOT","hls":null,"snapshot":"https://ctroads.org/map/Cctv/341","refreshMs":30000,"attribution":"Ora (Warner Varnado) · Connecticut DOT"}},{"type":"Feature","geometry":{"type":"Point","coordinates":[-72.663217,41.873556]},"properties":{"id":"ora-ct-34","name":"CAM 69 Windsor I-91 SB S/O Exit 38 A/B - Rt. 75 (Poquonock Ave.)","state":"CT","provider":"Connecticut DOT","hls":null,"snapshot":"https://ctroads.org/map/Cctv/342","refreshMs":30000,"attribution":"Ora (Warner Varnado) · Connecticut DOT"}},{"type":"Feature","geometry":{"type":"Point","coordinates":[-72.662487,41.860719]},"properties":{"id":"ora-ct-35","name":"CAM 71 Windsor I-91 NB S/O Exit 38 - Pigeon Hill Rd.","state":"CT","provider":"Connecticut DOT","hls":null,"snapshot":"https://ctroads.org/map/Cctv/343","refreshMs":30000,"attribution":"Ora (Warner Varnado) · Connecticut DOT"}},{"type":"Feature","geometry":{"type":"Point","coordinates":[-72.665558,41.838423]},"properties":{"id":"ora-ct-36","name":"CAM 73 Windsor I-91 SB Exit 36 - Rt. 178 (Park St.)","state":"CT","provider":"Connecticut DOT","hls":null,"snapshot":"https://ctroads.org/map/Cctv/344","refreshMs":30000,"attribution":"Ora (Warner Varnado) · Connecticut DOT"}},{"type":"Feature","geometry":{"type":"Point","coordinates":[-72.664211,41.819472]},"properties":{"id":"ora-ct-37","name":"CAM 75 Windsor I-91 NB Rt. 218 (Putnam Hwy.) - I-91 NB Exit 35B","state":"CT","provider":"Connecticut DOT","hls":null,"snapshot":"https://ctroads.org/map/Cctv/345","refreshMs":30000,"attribution":"Ora (Warner Varnado) · Connecticut DOT"}},{"type":"Feature","geometry":{"type":"Point","coordinates":[-72.664153,41.811704]},"properties":{"id":"ora-ct-38","name":"CAM 77 Windsor I-91 SB N/O Exit 34 - Bina Ave.","state":"CT","provider":"Connecticut DOT","hls":null,"snapshot":"https://ctroads.org/map/Cctv/346","refreshMs":30000,"attribution":"Ora (Warner Varnado) · Connecticut DOT"}},{"type":"Feature","geometry":{"type":"Point","coordinates":[-72.654027,41.797657]},"properties":{"id":"ora-ct-39","name":"CAM 79 Hartford I-91 NB S/O Exit 34 - S/O Rt. 159 (Windsor Ave.)","state":"CT","provider":"Connecticut DOT","hls":null,"snapshot":"https://ctroads.org/map/Cctv/347","refreshMs":30000,"attribution":"Ora (Warner Varnado) · Connecticut DOT"}},{"type":"Feature","geometry":{"type":"Point","coordinates":[-72.667942,41.77665]},"properties":{"id":"ora-ct-40","name":"CAM 81 Hartford I-91 SB N/O Exit 32 A/B - N/O I-84","state":"CT","provider":"Connecticut DOT","hls":null,"snapshot":"https://ctroads.org/map/Cctv/348","refreshMs":30000,"attribution":"Ora (Warner Varnado) · Connecticut DOT"}},{"type":"Feature","geometry":{"type":"Point","coordinates":[-72.669276,41.769812]},"properties":{"id":"ora-ct-41","name":"CAM 83 Hartford I-84 WB Exit 50 - Market St.","state":"CT","provider":"Connecticut DOT","hls":null,"snapshot":"https://ctroads.org/map/Cctv/349","refreshMs":30000,"attribution":"Ora (Warner Varnado) · Connecticut DOT"}},{"type":"Feature","geometry":{"type":"Point","coordinates":[-72.666909,41.763703]},"properties":{"id":"ora-ct-42","name":"CAM 85 Hartford I-91 NB Exit 32A - S/O Rt. 2","state":"CT","provider":"Connecticut DOT","hls":null,"snapshot":"https://ctroads.org/map/Cctv/350","refreshMs":30000,"attribution":"Ora (Warner Varnado) · Connecticut DOT"}},{"type":"Feature","geometry":{"type":"Point","coordinates":[-72.658651,41.753726]},"properties":{"id":"ora-ct-43","name":"CAM 87 Hartford I-91 NB S/O Exit 29A - S/O Whitehead Hwy.","state":"CT","provider":"Connecticut DOT","hls":null,"snapshot":"https://ctroads.org/map/Cctv/351","refreshMs":30000,"attribution":"Ora (Warner Varnado) · Connecticut DOT"}},{"type":"Feature","geometry":{"type":"Point","coordinates":[-72.663319,41.742231]},"properties":{"id":"ora-ct-44","name":"CAM 89 Hartford I-91 SB Exit 27 - Airport Rd.","state":"CT","provider":"Connecticut DOT","hls":null,"snapshot":"https://ctroads.org/map/Cctv/352","refreshMs":30000,"attribution":"Ora (Warner Varnado) · Connecticut DOT"}},{"type":"Feature","geometry":{"type":"Point","coordinates":[-72.651985,41.724163]},"properties":{"id":"ora-ct-45","name":"CAM 91 Wethersfield I-91 NB S/O Exit 27 - S/O Rt. 5 & 15","state":"CT","provider":"Connecticut DOT","hls":null,"snapshot":"https://ctroads.org/map/Cctv/353","refreshMs":30000,"attribution":"Ora (Warner Varnado) · Connecticut DOT"}},{"type":"Feature","geometry":{"type":"Point","coordinates":[-72.645865,41.708976]},"properties":{"id":"ora-ct-46","name":"CAM 93 Wethersfield I-91 SB Exit 25S - Rt. 3 (Maple St.)","state":"CT","provider":"Connecticut DOT","hls":null,"snapshot":"https://ctroads.org/map/Cctv/354","refreshMs":30000,"attribution":"Ora (Warner Varnado) · Connecticut DOT"}},{"type":"Feature","geometry":{"type":"Point","coordinates":[-72.643655,41.698838]},"properties":{"id":"ora-ct-47","name":"CAM 95 Wethersfield I-91 NB S/O Exit 25/26 - Elm St.","state":"CT","provider":"Connecticut DOT","hls":null,"snapshot":"https://ctroads.org/map/Cctv/355","refreshMs":30000,"attribution":"Ora (Warner Varnado) · Connecticut DOT"}},{"type":"Feature","geometry":{"type":"Point","coordinates":[-72.653346,41.681]},"properties":{"id":"ora-ct-48","name":"CAM 97 Rocky Hill I-91 MEDIAN Exit 24 - Rt 99 (Silas Deane Hwy.)","state":"CT","provider":"Connecticut DOT","hls":null,"snapshot":"https://ctroads.org/map/Cctv/356","refreshMs":30000,"attribution":"Ora (Warner Varnado) · Connecticut DOT"}},{"type":"Feature","geometry":{"type":"Point","coordinates":[-72.663006,41.671811]},"properties":{"id":"ora-ct-49","name":"CAM 99 Rocky Hill I-91 SB N/O Exit 23 - N/O Gilbert Ave.","state":"CT","provider":"Connecticut DOT","hls":null,"snapshot":"https://ctroads.org/map/Cctv/357","refreshMs":30000,"attribution":"Ora (Warner Varnado) · Connecticut DOT"}},{"type":"Feature","geometry":{"type":"Point","coordinates":[-72.669195,41.660692]},"properties":{"id":"ora-ct-50","name":"CAM 101 Rocky Hill I-91 NB S/O Exit 24 - Rt. 160 (Elm St.)","state":"CT","provider":"Connecticut DOT","hls":null,"snapshot":"https://ctroads.org/map/Cctv/358","refreshMs":30000,"attribution":"Ora (Warner Varnado) · Connecticut DOT"}},{"type":"Feature","geometry":{"type":"Point","coordinates":[-72.671792,41.650898]},"properties":{"id":"ora-ct-51","name":"CAM 103 Rocky Hill I-91 NB Exit 23 - West St.","state":"CT","provider":"Connecticut DOT","hls":null,"snapshot":"https://ctroads.org/map/Cctv/359","refreshMs":30000,"attribution":"Ora (Warner Varnado) · Connecticut DOT"}},{"type":"Feature","geometry":{"type":"Point","coordinates":[-72.677507,41.643536]},"properties":{"id":"ora-ct-52","name":"CAM 105 Rocky Hill I-91 SB N/O Exit 22S - Rt. 3 (Cromwell Ave.)","state":"CT","provider":"Connecticut DOT","hls":null,"snapshot":"https://ctroads.org/map/Cctv/360","refreshMs":30000,"attribution":"Ora (Warner Varnado) · Connecticut DOT"}},{"type":"Feature","geometry":{"type":"Point","coordinates":[-72.684432,41.63604]},"properties":{"id":"ora-ct-53","name":"CAM 107 Rocky Hill I-91 SB N/O Exit 22S - N/O Rt. 9","state":"CT","provider":"Connecticut DOT","hls":null,"snapshot":"https://ctroads.org/map/Cctv/361","refreshMs":30000,"attribution":"Ora (Warner Varnado) · Connecticut DOT"}},{"type":"Feature","geometry":{"type":"Point","coordinates":[-72.692674,41.626961]},"properties":{"id":"ora-ct-54","name":"CAM 109 Cromwell I-91 SB Exit 22N - Rt. 9","state":"CT","provider":"Connecticut DOT","hls":null,"snapshot":"https://ctroads.org/map/Cctv/362","refreshMs":30000,"attribution":"Ora (Warner Varnado) · Connecticut DOT"}},{"type":"Feature","geometry":{"type":"Point","coordinates":[-72.697139,41.616107]},"properties":{"id":"ora-ct-55","name":"CAM 111 Cromwell I-91 SB N/O Exit 21 - Evergreen Rd.","state":"CT","provider":"Connecticut DOT","hls":null,"snapshot":"https://ctroads.org/map/Cctv/363","refreshMs":30000,"attribution":"Ora (Warner Varnado) · Connecticut DOT"}},{"type":"Feature","geometry":{"type":"Point","coordinates":[-72.662405,41.766114]},"properties":{"id":"ora-ct-56","name":"CAM 113 East Hartford RT 2 WB W/O Exit 3 - E. River Dr.","state":"CT","provider":"Connecticut DOT","hls":null,"snapshot":"https://ctroads.org/map/Cctv/364","refreshMs":30000,"attribution":"Ora (Warner Varnado) · Connecticut DOT"}},{"type":"Feature","geometry":{"type":"Point","coordinates":[-72.654257,41.762453]},"properties":{"id":"ora-ct-57","name":"CAM 115 East Hartford RT 2 EB W/O Exit 5 - Pitkin St.","state":"CT","provider":"Connecticut DOT","hls":null,"snapshot":"https://ctroads.org/map/Cctv/365","refreshMs":30000,"attribution":"Ora (Warner Varnado) · Connecticut DOT"}},{"type":"Feature","geometry":{"type":"Point","coordinates":[-72.627806,41.736625]},"properties":{"id":"ora-ct-58","name":"CAM 121 East Hartford RT 2 EB E/O Exit 2B - Sutton Ave","state":"CT","provider":"Connecticut DOT","hls":null,"snapshot":"https://ctroads.org/map/Cctv/366","refreshMs":30000,"attribution":"Ora (Warner Varnado) · Connecticut DOT"}},{"type":"Feature","geometry":{"type":"Point","coordinates":[-72.641341,41.745966]},"properties":{"id":"ora-ct-59","name":"CAM 118 East Hartford RT 2 EB W/O Exit 5A - Ensign St.","state":"CT","provider":"Connecticut DOT","hls":null,"snapshot":"https://ctroads.org/map/Cctv/367","refreshMs":30000,"attribution":"Ora (Warner Varnado) · Connecticut DOT"}},{"type":"Feature","geometry":{"type":"Point","coordinates":[-72.629431,41.739458]},"properties":{"id":"ora-ct-60","name":"CAM 120 East Hartford RT 2 WB Exit 5A - Main St.","state":"CT","provider":"Connecticut DOT","hls":null,"snapshot":"https://ctroads.org/map/Cctv/368","refreshMs":30000,"attribution":"Ora (Warner Varnado) · Connecticut DOT"}},{"type":"Feature","geometry":{"type":"Point","coordinates":[-72.617339,41.730212]},"properties":{"id":"ora-ct-61","name":"CAM 123 East Hartford RT 2 WB Exit 5D - Rt. 3","state":"CT","provider":"Connecticut DOT","hls":null,"snapshot":"https://ctroads.org/map/Cctv/369","refreshMs":30000,"attribution":"Ora (Warner Varnado) · Connecticut DOT"}},{"type":"Feature","geometry":{"type":"Point","coordinates":[-72.89863,41.585713]},"properties":{"id":"ora-ct-62","name":"CAM 126 Southington I-84 EB Exit 30 - Marion Ave.","state":"CT","provider":"Connecticut DOT","hls":null,"snapshot":"https://ctroads.org/map/Cctv/370","refreshMs":30000,"attribution":"Ora (Warner Varnado) · Connecticut DOT"}},{"type":"Feature","geometry":{"type":"Point","coordinates":[-72.904192,41.57506]},"properties":{"id":"ora-ct-63","name":"CAM 128 Southington I-84 EB W/O Exit 30 - East of Burrit St","state":"CT","provider":"Connecticut DOT","hls":null,"snapshot":"https://ctroads.org/map/Cctv/371","refreshMs":30000,"attribution":"Ora (Warner Varnado) · Connecticut DOT"}},{"type":"Feature","geometry":{"type":"Point","coordinates":[-72.915213,41.561364]},"properties":{"id":"ora-ct-64","name":"CAM 130 Southington I-84 EB Exit 28 - Meriden-Waterbury Turnpike","state":"CT","provider":"Connecticut DOT","hls":null,"snapshot":"https://ctroads.org/map/Cctv/372","refreshMs":30000,"attribution":"Ora (Warner Varnado) · Connecticut DOT"}},{"type":"Feature","geometry":{"type":"Point","coordinates":[-72.944909,41.542422]},"properties":{"id":"ora-ct-65","name":"CAM 132 Cheshire I-84 EB E/O Exit 26 - East of Waterbury Rd.","state":"CT","provider":"Connecticut DOT","hls":null,"snapshot":"https://ctroads.org/map/Cctv/373","refreshMs":30000,"attribution":"Ora (Warner Varnado) · Connecticut DOT"}},{"type":"Feature","geometry":{"type":"Point","coordinates":[-72.975051,41.540271]},"properties":{"id":"ora-ct-66","name":"CAM 134 Waterbury I-84 EB Exit 25A - East of Austin Rd","state":"CT","provider":"Connecticut DOT","hls":null,"snapshot":"https://ctroads.org/map/Cctv/374","refreshMs":30000,"attribution":"Ora (Warner Varnado) · Connecticut DOT"}},{"type":"Feature","geometry":{"type":"Point","coordinates":[-73.030685,41.551438]},"properties":{"id":"ora-ct-67","name":"CAM 139 Waterbury I-84 WB E/O Exit 21 - E/O Baldwin St.","state":"CT","provider":"Connecticut DOT","hls":null,"snapshot":"https://ctroads.org/map/Cctv/375","refreshMs":30000,"attribution":"Ora (Warner Varnado) · Connecticut DOT"}},{"type":"Feature","geometry":{"type":"Point","coordinates":[-73.044782,41.551967]},"properties":{"id":"ora-ct-68","name":"CAM 141 Waterbury I-84 WB E/O Exit 19 - Meadow St.","state":"CT","provider":"Connecticut DOT","hls":null,"snapshot":"https://ctroads.org/map/Cctv/376","refreshMs":30000,"attribution":"Ora (Warner Varnado) · Connecticut DOT"}},{"type":"Feature","geometry":{"type":"Point","coordinates":[-73.068308,41.548091]},"properties":{"id":"ora-ct-69","name":"CAM 143 Waterbury I-84 WB E/O Exit 17 - Chase Pkwy.","state":"CT","provider":"Connecticut DOT","hls":null,"snapshot":"https://ctroads.org/map/Cctv/377","refreshMs":30000,"attribution":"Ora (Warner Varnado) · Connecticut DOT"}},{"type":"Feature","geometry":{"type":"Point","coordinates":[-73.233931,41.458232]},"properties":{"id":"ora-ct-70","name":"CAM 145 Southbury I-84 EB Exit 14 - Rt. 172 (Lakeside Rd.)","state":"CT","provider":"Connecticut DOT","hls":null,"snapshot":"https://ctroads.org/map/Cctv/378","refreshMs":30000,"attribution":"Ora (Warner Varnado) · Connecticut DOT"}},{"type":"Feature","geometry":{"type":"Point","coordinates":[-73.425384,41.418583]},"properties":{"id":"ora-ct-71","name":"CAM 147 Danbury I-84 WB Exit 7 - Rockwell Rd.","state":"CT","provider":"Connecticut DOT","hls":null,"snapshot":"https://ctroads.org/map/Cctv/379","refreshMs":30000,"attribution":"Ora (Warner Varnado) · Connecticut DOT"}},{"type":"Feature","geometry":{"type":"Point","coordinates":[-73.463067,41.403038]},"properties":{"id":"ora-ct-72","name":"CAM 149 Danbury I-84 EB Exit 5 - Starr Ave.","state":"CT","provider":"Connecticut DOT","hls":null,"snapshot":"https://ctroads.org/map/Cctv/380","refreshMs":30000,"attribution":"Ora (Warner Varnado) · Connecticut DOT"}},{"type":"Feature","geometry":{"type":"Point","coordinates":[-73.52351,41.391201]},"properties":{"id":"ora-ct-73","name":"CAM 151 Danbury I-84 EB Exit 2 - Milestone Rd","state":"CT","provider":"Connecticut DOT","hls":null,"snapshot":"https://ctroads.org/map/Cctv/381","refreshMs":30000,"attribution":"Ora (Warner Varnado) · Connecticut DOT"}},{"type":"Feature","geometry":{"type":"Point","coordinates":[-72.648108,41.584772]},"properties":{"id":"ora-ct-74","name":"CAM 157 Cromwell RT 9 MEDIAN Between Exits 27 & 24 - Rt. 99 (Main St.)","state":"CT","provider":"Connecticut DOT","hls":null,"snapshot":"https://ctroads.org/map/Cctv/382","refreshMs":30000,"attribution":"Ora (Warner Varnado) · Connecticut DOT"}},{"type":"Feature","geometry":{"type":"Point","coordinates":[-72.651533,41.568877]},"properties":{"id":"ora-ct-75","name":"CAM 159 Middletown RT 66 WB @ Rt 9 SB - Arrigoni Bridge","state":"CT","provider":"Connecticut DOT","hls":null,"snapshot":"https://ctroads.org/map/Cctv/383","refreshMs":30000,"attribution":"Ora (Warner Varnado) · Connecticut DOT"}},{"type":"Feature","geometry":{"type":"Point","coordinates":[-72.63084,41.546947]},"properties":{"id":"ora-ct-76","name":"CAM 161 Middletown RT 9 SB Bow Lane - S/O Bow Lane Overpass","state":"CT","provider":"Connecticut DOT","hls":null,"snapshot":"https://ctroads.org/map/Cctv/384","refreshMs":30000,"attribution":"Ora (Warner Varnado) · Connecticut DOT"}},{"type":"Feature","geometry":{"type":"Point","coordinates":[-73.053634,41.583931]},"properties":{"id":"ora-ct-77","name":"CAM 163 Waterbury RT 8 NB Exit 36 - Huntingon Ave.","state":"CT","provider":"Connecticut DOT","hls":null,"snapshot":"https://ctroads.org/map/Cctv/385","refreshMs":30000,"attribution":"Ora (Warner Varnado) · Connecticut DOT"}},{"type":"Feature","geometry":{"type":"Point","coordinates":[-73.055833,41.556493]},"properties":{"id":"ora-ct-78","name":"CAM 165 Waterbury RT 8 SB Exit 32 & 33 - W. Main St.","state":"CT","provider":"Connecticut DOT","hls":null,"snapshot":"https://ctroads.org/map/Cctv/386","refreshMs":30000,"attribution":"Ora (Warner Varnado) · Connecticut DOT"}},{"type":"Feature","geometry":{"type":"Point","coordinates":[-73.050146,41.550349]},"properties":{"id":"ora-ct-79","name":"CAM 167 Waterbury RT 8 SB N/O Exit 30 - S/O I-84 vic. Sunnyside Ave.","state":"CT","provider":"Connecticut DOT","hls":null,"snapshot":"https://ctroads.org/map/Cctv/387","refreshMs":30000,"attribution":"Ora (Warner Varnado) · Connecticut DOT"}},{"type":"Feature","geometry":{"type":"Point","coordinates":[-73.044949,41.543504]},"properties":{"id":"ora-ct-80","name":"CAM 169 Waterbury RT 8 SB Exit 30 - Washington Ave. & Charles St.","state":"CT","provider":"Connecticut DOT","hls":null,"snapshot":"https://ctroads.org/map/Cctv/388","refreshMs":30000,"attribution":"Ora (Warner Varnado) · Connecticut DOT"}},{"type":"Feature","geometry":{"type":"Point","coordinates":[-73.044337,41.523385]},"properties":{"id":"ora-ct-81","name":"CAM 171 Waterbury RT 8 NB S/O Exit 30 - S/O Nicholas Dr.","state":"CT","provider":"Connecticut DOT","hls":null,"snapshot":"https://ctroads.org/map/Cctv/389","refreshMs":30000,"attribution":"Ora (Warner Varnado) · Connecticut DOT"}},{"type":"Feature","geometry":{"type":"Point","coordinates":[-73.045448,41.505969]},"properties":{"id":"ora-ct-82","name":"CAM 173 Naugatuck RT 8 NB S/O Exit 29 - N. Main St. & Hopkins St.","state":"CT","provider":"Connecticut DOT","hls":null,"snapshot":"https://ctroads.org/map/Cctv/390","refreshMs":30000,"attribution":"Ora (Warner Varnado) · Connecticut DOT"}},{"type":"Feature","geometry":{"type":"Point","coordinates":[-72.858026,41.676344]},"properties":{"id":"ora-ct-83","name":"CAM 176 Plainville RT 72 MEDIAN W/O Exit 4 - Woodford Ave","state":"CT","provider":"Connecticut DOT","hls":null,"snapshot":"https://ctroads.org/map/Cctv/391","refreshMs":30000,"attribution":"Ora (Warner Varnado) · Connecticut DOT"}},{"type":"Feature","geometry":{"type":"Point","coordinates":[-72.508042,41.819398]},"properties":{"id":"ora-ct-84","name":"CAM 2 Manchester I-84 WB E/O Exit 63 - Rt. 30 (Deming St.)","state":"CT","provider":"Connecticut DOT","hls":null,"snapshot":"https://ctroads.org/map/Cctv/392","refreshMs":30000,"attribution":"Ora (Warner Varnado) · Connecticut DOT"}},{"type":"Feature","geometry":{"type":"Point","coordinates":[-72.524712,41.810862]},"properties":{"id":"ora-ct-85","name":"CAM 4 Manchester I-84 WB Exit 63 - Rt. 30 (Deming St.)","state":"CT","provider":"Connecticut DOT","hls":null,"snapshot":"https://ctroads.org/map/Cctv/393","refreshMs":30000,"attribution":"Ora (Warner Varnado) · Connecticut DOT"}},{"type":"Feature","geometry":{"type":"Point","coordinates":[-72.543166,41.80407]},"properties":{"id":"ora-ct-86","name":"CAM 6 Manchester I-84 WB E/O Exit 62 & 60 - E/O Buckland St.","state":"CT","provider":"Connecticut DOT","hls":null,"snapshot":"https://ctroads.org/map/Cctv/394","refreshMs":30000,"attribution":"Ora (Warner Varnado) · Connecticut DOT"}},{"type":"Feature","geometry":{"type":"Point","coordinates":[-72.559717,41.796149]},"properties":{"id":"ora-ct-87","name":"CAM 8 Manchester I-84 WB E/O Exit 61 - Tolland Tpke.","state":"CT","provider":"Connecticut DOT","hls":null,"snapshot":"https://ctroads.org/map/Cctv/395","refreshMs":30000,"attribution":"Ora (Warner Varnado) · Connecticut DOT"}},{"type":"Feature","geometry":{"type":"Point","coordinates":[-72.570986,41.780195]},"properties":{"id":"ora-ct-88","name":"CAM 10 Manchester I-84 WB W/O Exit 59 - Rt. 44  (Middle Tpke. W.)","state":"CT","provider":"Connecticut DOT","hls":null,"snapshot":"https://ctroads.org/map/Cctv/396","refreshMs":30000,"attribution":"Ora (Warner Varnado) · Connecticut DOT"}},{"type":"Feature","geometry":{"type":"Point","coordinates":[-72.584741,41.773941]},"properties":{"id":"ora-ct-89","name":"CAM 12 East Hartford I-84 WB E/O Exit 58 - I-384","state":"CT","provider":"Connecticut DOT","hls":null,"snapshot":"https://ctroads.org/map/Cctv/397","refreshMs":30000,"attribution":"Ora (Warner Varnado) · Connecticut DOT"}},{"type":"Feature","geometry":{"type":"Point","coordinates":[-72.614134,41.769057]},"properties":{"id":"ora-ct-90","name":"CAM 14 East Hartford I-84 WB E/O Exit 58 - E/O Simmons Rd.","state":"CT","provider":"Connecticut DOT","hls":null,"snapshot":"https://ctroads.org/map/Cctv/398","refreshMs":30000,"attribution":"Ora (Warner Varnado) · Connecticut DOT"}},{"type":"Feature","geometry":{"type":"Point","coordinates":[-72.626827,41.764838]},"properties":{"id":"ora-ct-91","name":"CAM 16 East Hartford I-84 EB Exit 58 - Roberts St.","state":"CT","provider":"Connecticut DOT","hls":null,"snapshot":"https://ctroads.org/map/Cctv/399","refreshMs":30000,"attribution":"Ora (Warner Varnado) · Connecticut DOT"}},{"type":"Feature","geometry":{"type":"Point","coordinates":[-72.634422,41.763675]},"properties":{"id":"ora-ct-92","name":"CAM 18 East Hartford I-84 WB Exit 57 - Rt. 15 to I-91 SB","state":"CT","provider":"Connecticut DOT","hls":null,"snapshot":"https://ctroads.org/map/Cctv/400","refreshMs":30000,"attribution":"Ora (Warner Varnado) · Connecticut DOT"}},{"type":"Feature","geometry":{"type":"Point","coordinates":[-72.651212,41.766413]},"properties":{"id":"ora-ct-93","name":"CAM 20 East Hartford I-84 WB Exit 56 - Governor St.","state":"CT","provider":"Connecticut DOT","hls":null,"snapshot":"https://ctroads.org/map/Cctv/401","refreshMs":30000,"attribution":"Ora (Warner Varnado) · Connecticut DOT"}},{"type":"Feature","geometry":{"type":"Point","coordinates":[-72.655433,41.767571]},"properties":{"id":"ora-ct-94","name":"CAM 22 East Hartford I-84 WB E/O Exit 51 - E/O East River Dr. (Rt. 2 WB on ramp)","state":"CT","provider":"Connecticut DOT","hls":null,"snapshot":"https://ctroads.org/map/Cctv/402","refreshMs":30000,"attribution":"Ora (Warner Varnado) · Connecticut DOT"}},{"type":"Feature","geometry":{"type":"Point","coordinates":[-72.672614,41.76984]},"properties":{"id":"ora-ct-95","name":"CAM 24 Hartford I-84 WB E/O Exit 48 - Rt. 44 (Main St.)","state":"CT","provider":"Connecticut DOT","hls":null,"snapshot":"https://ctroads.org/map/Cctv/403","refreshMs":30000,"attribution":"Ora (Warner Varnado) · Connecticut DOT"}},{"type":"Feature","geometry":{"type":"Point","coordinates":[-72.675471,41.770034]},"properties":{"id":"ora-ct-96","name":"CAM 26 Hartford I-84 WB E/O Exit 48 - Trumbull St.","state":"CT","provider":"Connecticut DOT","hls":null,"snapshot":"https://ctroads.org/map/Cctv/404","refreshMs":30000,"attribution":"Ora (Warner Varnado) · Connecticut DOT"}},{"type":"Feature","geometry":{"type":"Point","coordinates":[-72.68002,41.771417]},"properties":{"id":"ora-ct-97","name":"CAM 28 Hartford I-84 WB W/O Exit 48 - High St.","state":"CT","provider":"Connecticut DOT","hls":null,"snapshot":"https://ctroads.org/map/Cctv/405","refreshMs":30000,"attribution":"Ora (Warner Varnado) · Connecticut DOT"}},{"type":"Feature","geometry":{"type":"Point","coordinates":[-72.698469,41.761633]},"properties":{"id":"ora-ct-98","name":"CAM 30 Hartford I-84 WB Exit 46 - Laurel St.","state":"CT","provider":"Connecticut DOT","hls":null,"snapshot":"https://ctroads.org/map/Cctv/406","refreshMs":30000,"attribution":"Ora (Warner Varnado) · Connecticut DOT"}},{"type":"Feature","geometry":{"type":"Point","coordinates":[-72.715568,41.749665]},"properties":{"id":"ora-ct-99","name":"CAM 32 West Hartford I-84 EB Exit 44 - Prospect Ave.","state":"CT","provider":"Connecticut DOT","hls":null,"snapshot":"https://ctroads.org/map/Cctv/407","refreshMs":30000,"attribution":"Ora (Warner Varnado) · Connecticut DOT"}},{"type":"Feature","geometry":{"type":"Point","coordinates":[-72.728839,41.750269]},"properties":{"id":"ora-ct-100","name":"CAM 34 West Hartford I-84 WB E/O Exit 43 - S. Quaker Ln.","state":"CT","provider":"Connecticut DOT","hls":null,"snapshot":"https://ctroads.org/map/Cctv/408","refreshMs":30000,"attribution":"Ora (Warner Varnado) · Connecticut DOT"}},{"type":"Feature","geometry":{"type":"Point","coordinates":[-72.739206,41.737456]},"properties":{"id":"ora-ct-101","name":"CAM 36 West Hartford I-84 EB W/O Exit 43 - Mayflower St.","state":"CT","provider":"Connecticut DOT","hls":null,"snapshot":"https://ctroads.org/map/Cctv/409","refreshMs":30000,"attribution":"Ora (Warner Varnado) · Connecticut DOT"}},{"type":"Feature","geometry":{"type":"Point","coordinates":[-72.758915,41.726951]},"properties":{"id":"ora-ct-102","name":"CAM 38 West Hartford I-84 EB Exit 39A - Ridgewood Rd.","state":"CT","provider":"Connecticut DOT","hls":null,"snapshot":"https://ctroads.org/map/Cctv/410","refreshMs":30000,"attribution":"Ora (Warner Varnado) · Connecticut DOT"}},{"type":"Feature","geometry":{"type":"Point","coordinates":[-72.781237,41.726054]},"properties":{"id":"ora-ct-103","name":"CAM 40 Farmington I-84 WB E/O Exit 39 - E/O South Rd.","state":"CT","provider":"Connecticut DOT","hls":null,"snapshot":"https://ctroads.org/map/Cctv/411","refreshMs":30000,"attribution":"Ora (Warner Varnado) · Connecticut DOT"}},{"type":"Feature","geometry":{"type":"Point","coordinates":[-72.7904,41.721598]},"properties":{"id":"ora-ct-104","name":"CAM 42 Farmington I-84 WB Exit 38 - E/O Rt. 6 (Colt Hwy.)","state":"CT","provider":"Connecticut DOT","hls":null,"snapshot":"https://ctroads.org/map/Cctv/412","refreshMs":30000,"attribution":"Ora (Warner Varnado) · Connecticut DOT"}},{"type":"Feature","geometry":{"type":"Point","coordinates":[-72.802267,41.706786]},"properties":{"id":"ora-ct-105","name":"CAM 44 Farmington I-84 MEDIAN Exit 37 - Fienemann Rd.","state":"CT","provider":"Connecticut DOT","hls":null,"snapshot":"https://ctroads.org/map/Cctv/413","refreshMs":30000,"attribution":"Ora (Warner Varnado) · Connecticut DOT"}},{"type":"Feature","geometry":{"type":"Point","coordinates":[-72.814939,41.68892]},"properties":{"id":"ora-ct-106","name":"CAM 46 Farmington I-84 WB E/O Exit 36 - E/O Long Swamp Rd.","state":"CT","provider":"Connecticut DOT","hls":null,"snapshot":"https://ctroads.org/map/Cctv/414","refreshMs":30000,"attribution":"Ora (Warner Varnado) · Connecticut DOT"}},{"type":"Feature","geometry":{"type":"Point","coordinates":[-72.483624,41.827608]},"properties":{"id":"ora-ct-107","name":"CAM 48 Vernon I-84 WB Exit 65 - Rt. 30 (Hartford Tpk.)","state":"CT","provider":"Connecticut DOT","hls":null,"snapshot":"https://ctroads.org/map/Cctv/415","refreshMs":30000,"attribution":"Ora (Warner Varnado) · Connecticut DOT"}},{"type":"Feature","geometry":{"type":"Point","coordinates":[-72.816672,41.683053]},"properties":{"id":"ora-ct-108","name":"CAM 50 New Britain I-84 EB W/O Exit 37 - Long Swamp Rd.","state":"CT","provider":"Connecticut DOT","hls":null,"snapshot":"https://ctroads.org/map/Cctv/416","refreshMs":30000,"attribution":"Ora (Warner Varnado) · Connecticut DOT"}},{"type":"Feature","geometry":{"type":"Point","coordinates":[-72.820708,41.670965]},"properties":{"id":"ora-ct-109","name":"CAM 52 New Britain I-84 EB W/O Exit 36 - North Mountain Rd.","state":"CT","provider":"Connecticut DOT","hls":null,"snapshot":"https://ctroads.org/map/Cctv/417","refreshMs":30000,"attribution":"Ora (Warner Varnado) · Connecticut DOT"}},{"type":"Feature","geometry":{"type":"Point","coordinates":[-72.825785,41.668142]},"properties":{"id":"ora-ct-110","name":"CAM 54 Plainville I-84 EB W/O Exit 36 - W/O Rt. 372 (W. Main St.)","state":"CT","provider":"Connecticut DOT","hls":null,"snapshot":"https://ctroads.org/map/Cctv/418","refreshMs":30000,"attribution":"Ora (Warner Varnado) · Connecticut DOT"}},{"type":"Feature","geometry":{"type":"Point","coordinates":[-72.843254,41.670123]},"properties":{"id":"ora-ct-111","name":"CAM 56 Plainville I-84 WB W/O Exit 33 - Rt. 72 EB","state":"CT","provider":"Connecticut DOT","hls":null,"snapshot":"https://ctroads.org/map/Cctv/419","refreshMs":30000,"attribution":"Ora (Warner Varnado) · Connecticut DOT"}},{"type":"Feature","geometry":{"type":"Point","coordinates":[-72.857121,41.64966]},"properties":{"id":"ora-ct-112","name":"CAM 58 Southington I-84 EB W/O Exit 33 - Shuttle Meadow Rd.","state":"CT","provider":"Connecticut DOT","hls":null,"snapshot":"https://ctroads.org/map/Cctv/420","refreshMs":30000,"attribution":"Ora (Warner Varnado) · Connecticut DOT"}},{"type":"Feature","geometry":{"type":"Point","coordinates":[-72.873899,41.632379]},"properties":{"id":"ora-ct-113","name":"CAM 60 Southington I-84 WB Exit 32 - Rt. 10 (Queen St.)","state":"CT","provider":"Connecticut DOT","hls":null,"snapshot":"https://ctroads.org/map/Cctv/421","refreshMs":30000,"attribution":"Ora (Warner Varnado) · Connecticut DOT"}},{"type":"Feature","geometry":{"type":"Point","coordinates":[-72.891335,41.621232]},"properties":{"id":"ora-ct-114","name":"CAM 62 Southington I-84 WB E/O Exit 31 - E/O Curtis St.","state":"CT","provider":"Connecticut DOT","hls":null,"snapshot":"https://ctroads.org/map/Cctv/422","refreshMs":30000,"attribution":"Ora (Warner Varnado) · Connecticut DOT"}},{"type":"Feature","geometry":{"type":"Point","coordinates":[-72.903585,41.597515]},"properties":{"id":"ora-ct-115","name":"CAM 64 Southington I-84 WB E/O Exit 30 - W. Center St.","state":"CT","provider":"Connecticut DOT","hls":null,"snapshot":"https://ctroads.org/map/Cctv/423","refreshMs":30000,"attribution":"Ora (Warner Varnado) · Connecticut DOT"}},{"type":"Feature","geometry":{"type":"Point","coordinates":[-72.649155,41.890962]},"properties":{"id":"ora-ct-116","name":"CAM 66 Windsor I-91 SB Exit 38 A/B - Kennedy Rd.","state":"CT","provider":"Connecticut DOT","hls":null,"snapshot":"https://ctroads.org/map/Cctv/424","refreshMs":30000,"attribution":"Ora (Warner Varnado) · Connecticut DOT"}},{"type":"Feature","geometry":{"type":"Point","coordinates":[-72.662272,41.879308]},"properties":{"id":"ora-ct-117","name":"CAM 68 Windsor I-91 SB Exit 38 A/B - N/O Rt. 75 (Poquonock Ave.)","state":"CT","provider":"Connecticut DOT","hls":null,"snapshot":"https://ctroads.org/map/Cctv/425","refreshMs":30000,"attribution":"Ora (Warner Varnado) · Connecticut DOT"}},{"type":"Feature","geometry":{"type":"Point","coordinates":[-72.662641,41.865908]},"properties":{"id":"ora-ct-118","name":"CAM 70 Windsor I-91 SB N/O Exit 37 - N/O Pigeon Hill Rd.","state":"CT","provider":"Connecticut DOT","hls":null,"snapshot":"https://ctroads.org/map/Cctv/426","refreshMs":30000,"attribution":"Ora (Warner Varnado) · Connecticut DOT"}},{"type":"Feature","geometry":{"type":"Point","coordinates":[-72.664778,41.852115]},"properties":{"id":"ora-ct-119","name":"CAM 72 Windsor I-91 SB Exit 37 - Rt. 305 (Bloomfield Ave.)","state":"CT","provider":"Connecticut DOT","hls":null,"snapshot":"https://ctroads.org/map/Cctv/427","refreshMs":30000,"attribution":"Ora (Warner Varnado) · Connecticut DOT"}},{"type":"Feature","geometry":{"type":"Point","coordinates":[-72.666131,41.825766]},"properties":{"id":"ora-ct-120","name":"CAM 74 Windsor I-91 SB N/O Exit 35B - N/O Rt. 218 (Putnam Hwy.)","state":"CT","provider":"Connecticut DOT","hls":null,"snapshot":"https://ctroads.org/map/Cctv/428","refreshMs":30000,"attribution":"Ora (Warner Varnado) · Connecticut DOT"}},{"type":"Feature","geometry":{"type":"Point","coordinates":[-72.667043,41.81854]},"properties":{"id":"ora-ct-121","name":"CAM 76 Windsor I-291 EB I-291 @ Exit 2A - Exit 1 (Rt. 218)","state":"CT","provider":"Connecticut DOT","hls":null,"snapshot":"https://ctroads.org/map/Cctv/429","refreshMs":30000,"attribution":"Ora (Warner Varnado) · Connecticut DOT"}},{"type":"Feature","geometry":{"type":"Point","coordinates":[-72.659681,41.804866]},"properties":{"id":"ora-ct-122","name":"CAM 78 Windsor I-91 SB Exit 34 - Rt. 159 (Windsor Ave.)","state":"CT","provider":"Connecticut DOT","hls":null,"snapshot":"https://ctroads.org/map/Cctv/430","refreshMs":30000,"attribution":"Ora (Warner Varnado) · Connecticut DOT"}},{"type":"Feature","geometry":{"type":"Point","coordinates":[-72.658303,41.787542]},"properties":{"id":"ora-ct-123","name":"CAM 80 Hartford I-91 SB Exit 33 - Jennings Rd.","state":"CT","provider":"Connecticut DOT","hls":null,"snapshot":"https://ctroads.org/map/Cctv/431","refreshMs":30000,"attribution":"Ora (Warner Varnado) · Connecticut DOT"}},{"type":"Feature","geometry":{"type":"Point","coordinates":[-72.669242,41.769859]},"properties":{"id":"ora-ct-124","name":"CAM 82 Hartford I-91 SB Exit 30 - I-84 East","state":"CT","provider":"Connecticut DOT","hls":null,"snapshot":"https://ctroads.org/map/Cctv/432","refreshMs":30000,"attribution":"Ora (Warner Varnado) · Connecticut DOT"}},{"type":"Feature","geometry":{"type":"Point","coordinates":[-72.667748,41.768269]},"properties":{"id":"ora-ct-125","name":"CAM 84 Hartford I-91 NB Exit 32B - S/O I-84","state":"CT","provider":"Connecticut DOT","hls":null,"snapshot":"https://ctroads.org/map/Cctv/433","refreshMs":30000,"attribution":"Ora (Warner Varnado) · Connecticut DOT"}},{"type":"Feature","geometry":{"type":"Point","coordinates":[-72.664,41.758]},"properties":{"id":"ora-ct-126","name":"CAM 86 Hartford I-91 SB Exit 29A - Whitehead Hwy.","state":"CT","provider":"Connecticut DOT","hls":null,"snapshot":"https://ctroads.org/map/Cctv/434","refreshMs":30000,"attribution":"Ora (Warner Varnado) · Connecticut DOT"}},{"type":"Feature","geometry":{"type":"Point","coordinates":[-72.658206,41.748744]},"properties":{"id":"ora-ct-127","name":"CAM 88 Hartford I-91 NB Exit 29 - Rt. 5 & 15","state":"CT","provider":"Connecticut DOT","hls":null,"snapshot":"https://ctroads.org/map/Cctv/435","refreshMs":30000,"attribution":"Ora (Warner Varnado) · Connecticut DOT"}},{"type":"Feature","geometry":{"type":"Point","coordinates":[-72.663579,41.732531]},"properties":{"id":"ora-ct-128","name":"CAM 90 Hartford I-91 SB N/O Exit 26 - Rt. 5 & 15","state":"CT","provider":"Connecticut DOT","hls":null,"snapshot":"https://ctroads.org/map/Cctv/436","refreshMs":30000,"attribution":"Ora (Warner Varnado) · Connecticut DOT"}},{"type":"Feature","geometry":{"type":"Point","coordinates":[-72.648769,41.714892]},"properties":{"id":"ora-ct-129","name":"CAM 92 Wethersfield I-91 SB Exit 26 - Great Meadow Rd.","state":"CT","provider":"Connecticut DOT","hls":null,"snapshot":"https://ctroads.org/map/Cctv/437","refreshMs":30000,"attribution":"Ora (Warner Varnado) · Connecticut DOT"}},{"type":"Feature","geometry":{"type":"Point","coordinates":[-72.645625,41.706591]},"properties":{"id":"ora-ct-130","name":"CAM 94 Wethersfield I-91 SB Rt. 3 NB - I-91 SB Exit 25","state":"CT","provider":"Connecticut DOT","hls":null,"snapshot":"https://ctroads.org/map/Cctv/438","refreshMs":30000,"attribution":"Ora (Warner Varnado) · Connecticut DOT"}},{"type":"Feature","geometry":{"type":"Point","coordinates":[-72.64903,41.688793]},"properties":{"id":"ora-ct-131","name":"CAM 96 Wethersfield I-91 MEDIAN Exit 25 & 24 - N/O Middeltown Ave.","state":"CT","provider":"Connecticut DOT","hls":null,"snapshot":"https://ctroads.org/map/Cctv/439","refreshMs":30000,"attribution":"Ora (Warner Varnado) · Connecticut DOT"}},{"type":"Feature","geometry":{"type":"Point","coordinates":[-72.658951,41.674992]},"properties":{"id":"ora-ct-132","name":"CAM 98 Rocky Hill I-91 MEDIAN Exit 24 & 23 - Orchard St.","state":"CT","provider":"Connecticut DOT","hls":null,"snapshot":"https://ctroads.org/map/Cctv/440","refreshMs":30000,"attribution":"Ora (Warner Varnado) · Connecticut DOT"}},{"type":"Feature","geometry":{"type":"Point","coordinates":[-72.665595,41.665871]},"properties":{"id":"ora-ct-133","name":"CAM 100 Rocky Hill I-91 NB S/O Exit 24 - Gilbert Ave.","state":"CT","provider":"Connecticut DOT","hls":null,"snapshot":"https://ctroads.org/map/Cctv/441","refreshMs":30000,"attribution":"Ora (Warner Varnado) · Connecticut DOT"}},{"type":"Feature","geometry":{"type":"Point","coordinates":[-72.671266,41.65926]},"properties":{"id":"ora-ct-134","name":"CAM 102 Rocky Hill I-91 SB N/O Exit 23 - Rt. 160 (Elm St.)","state":"CT","provider":"Connecticut DOT","hls":null,"snapshot":"https://ctroads.org/map/Cctv/442","refreshMs":30000,"attribution":"Ora (Warner Varnado) · Connecticut DOT"}},{"type":"Feature","geometry":{"type":"Point","coordinates":[-72.675395,41.644347]},"properties":{"id":"ora-ct-135","name":"CAM 104 Rocky Hill I-91 NB S/O Exit 23 - S/O West St.","state":"CT","provider":"Connecticut DOT","hls":null,"snapshot":"https://ctroads.org/map/Cctv/443","refreshMs":30000,"attribution":"Ora (Warner Varnado) · Connecticut DOT"}},{"type":"Feature","geometry":{"type":"Point","coordinates":[-72.682573,41.637127]},"properties":{"id":"ora-ct-136","name":"CAM 106 Rocky Hill I-91 NB S/O Exit 23 - S/O Rt. 3 (Cromwell Ave.)","state":"CT","provider":"Connecticut DOT","hls":null,"snapshot":"https://ctroads.org/map/Cctv/444","refreshMs":30000,"attribution":"Ora (Warner Varnado) · Connecticut DOT"}},{"type":"Feature","geometry":{"type":"Point","coordinates":[-72.686382,41.629631]},"properties":{"id":"ora-ct-137","name":"CAM 108 Cromwell I-91 NB S/O Exit 23 - Rt. 9 NB on ramp to I-91 NB","state":"CT","provider":"Connecticut DOT","hls":null,"snapshot":"https://ctroads.org/map/Cctv/445","refreshMs":30000,"attribution":"Ora (Warner Varnado) · Connecticut DOT"}},{"type":"Feature","geometry":{"type":"Point","coordinates":[-72.690359,41.624007]},"properties":{"id":"ora-ct-138","name":"CAM 110 Cromwell I-91 NB N/O Exit 23 - Rt. 9 NB","state":"CT","provider":"Connecticut DOT","hls":null,"snapshot":"https://ctroads.org/map/Cctv/446","refreshMs":30000,"attribution":"Ora (Warner Varnado) · Connecticut DOT"}},{"type":"Feature","geometry":{"type":"Point","coordinates":[-72.696282,41.61598]},"properties":{"id":"ora-ct-139","name":"CAM 112 Cromwell I-91 NB Exit 22 N&S - Evergreen Rd.","state":"CT","provider":"Connecticut DOT","hls":null,"snapshot":"https://ctroads.org/map/Cctv/447","refreshMs":30000,"attribution":"Ora (Warner Varnado) · Connecticut DOT"}},{"type":"Feature","geometry":{"type":"Point","coordinates":[-72.657133,41.766786]},"properties":{"id":"ora-ct-140","name":"CAM 114 East Hartford RT 2 WB W/O Exit 2W - I-84 EB Exit 55","state":"CT","provider":"Connecticut DOT","hls":null,"snapshot":"https://ctroads.org/map/Cctv/448","refreshMs":30000,"attribution":"Ora (Warner Varnado) · Connecticut DOT"}},{"type":"Feature","geometry":{"type":"Point","coordinates":[-72.650305,41.755155]},"properties":{"id":"ora-ct-141","name":"CAM 116 East Hartford RT 2 EB W/O Exit 5 - Rt. 5 & 15","state":"CT","provider":"Connecticut DOT","hls":null,"snapshot":"https://ctroads.org/map/Cctv/449","refreshMs":30000,"attribution":"Ora (Warner Varnado) · Connecticut DOT"}},{"type":"Feature","geometry":{"type":"Point","coordinates":[-72.644061,41.75277]},"properties":{"id":"ora-ct-142","name":"CAM 117 East Hartford RT 2 WB E/O Exit 4 - Willow St. Ext","state":"CT","provider":"Connecticut DOT","hls":null,"snapshot":"https://ctroads.org/map/Cctv/450","refreshMs":30000,"attribution":"Ora (Warner Varnado) · Connecticut DOT"}},{"type":"Feature","geometry":{"type":"Point","coordinates":[-72.637397,41.742925]},"properties":{"id":"ora-ct-143","name":"CAM 119 East Hartford RT 2 EB Exit 5A - High St.","state":"CT","provider":"Connecticut DOT","hls":null,"snapshot":"https://ctroads.org/map/Cctv/451","refreshMs":30000,"attribution":"Ora (Warner Varnado) · Connecticut DOT"}},{"type":"Feature","geometry":{"type":"Point","coordinates":[-72.624931,41.734299]},"properties":{"id":"ora-ct-144","name":"CAM 122 East Hartford RT 2 EB Exit 5C - Maple St.","state":"CT","provider":"Connecticut DOT","hls":null,"snapshot":"https://ctroads.org/map/Cctv/452","refreshMs":30000,"attribution":"Ora (Warner Varnado) · Connecticut DOT"}},{"type":"Feature","geometry":{"type":"Point","coordinates":[-72.611362,41.726203]},"properties":{"id":"ora-ct-145","name":"CAM 124 Glastonbury RT 2 EB Exit 6 - Rt. 3","state":"CT","provider":"Connecticut DOT","hls":null,"snapshot":"https://ctroads.org/map/Cctv/453","refreshMs":30000,"attribution":"Ora (Warner Varnado) · Connecticut DOT"}},{"type":"Feature","geometry":{"type":"Point","coordinates":[-72.904822,41.57561]},"properties":{"id":"ora-ct-146","name":"CAM 127 Southington I-84 WB W/O Exit 29 - ","state":"CT","provider":"Connecticut DOT","hls":null,"snapshot":"https://ctroads.org/map/Cctv/454","refreshMs":30000,"attribution":"Ora (Warner Varnado) · Connecticut DOT"}},{"type":"Feature","geometry":{"type":"Point","coordinates":[-72.908878,41.569552]},"properties":{"id":"ora-ct-147","name":"CAM 129 Southington I-84 EB E/O Exit 27 - Burritt St","state":"CT","provider":"Connecticut DOT","hls":null,"snapshot":"https://ctroads.org/map/Cctv/455","refreshMs":30000,"attribution":"Ora (Warner Varnado) · Connecticut DOT"}},{"type":"Feature","geometry":{"type":"Point","coordinates":[-72.925964,41.556154]},"properties":{"id":"ora-ct-148","name":"CAM 131 Cheshire I-84 EB Exit 28 - Marion Rd.","state":"CT","provider":"Connecticut DOT","hls":null,"snapshot":"https://ctroads.org/map/Cctv/456","refreshMs":30000,"attribution":"Ora (Warner Varnado) · Connecticut DOT"}},{"type":"Feature","geometry":{"type":"Point","coordinates":[-72.955061,41.541168]},"properties":{"id":"ora-ct-149","name":"CAM 133 Cheshire I-84 WB Exit 26 - West of Waterbury Rd.","state":"CT","provider":"Connecticut DOT","hls":null,"snapshot":"https://ctroads.org/map/Cctv/457","refreshMs":30000,"attribution":"Ora (Warner Varnado) · Connecticut DOT"}},{"type":"Feature","geometry":{"type":"Point","coordinates":[-73.039813,41.551077]},"properties":{"id":"ora-ct-150","name":"CAM 140 Waterbury I-84 EB W/O Exit 23 - S. Main St.","state":"CT","provider":"Connecticut DOT","hls":null,"snapshot":"https://ctroads.org/map/Cctv/458","refreshMs":30000,"attribution":"Ora (Warner Varnado) · Connecticut DOT"}},{"type":"Feature","geometry":{"type":"Point","coordinates":[-73.056164,41.551469]},"properties":{"id":"ora-ct-151","name":"CAM 142 Waterbury I-84 WB E/O Exit 18 - Highland Ave.","state":"CT","provider":"Connecticut DOT","hls":null,"snapshot":"https://ctroads.org/map/Cctv/459","refreshMs":30000,"attribution":"Ora (Warner Varnado) · Connecticut DOT"}},{"type":"Feature","geometry":{"type":"Point","coordinates":[-73.082886,41.540048]},"properties":{"id":"ora-ct-152","name":"CAM 144 Waterbury I-84 WB Exit 17 - Chace Pkwy.","state":"CT","provider":"Connecticut DOT","hls":null,"snapshot":"https://ctroads.org/map/Cctv/460","refreshMs":30000,"attribution":"Ora (Warner Varnado) · Connecticut DOT"}},{"type":"Feature","geometry":{"type":"Point","coordinates":[-73.35291,41.42587]},"properties":{"id":"ora-ct-153","name":"CAM 146 Newtown I-84 WB E/O Exit 9 - Tunnel Rd.","state":"CT","provider":"Connecticut DOT","hls":null,"snapshot":"https://ctroads.org/map/Cctv/461","refreshMs":30000,"attribution":"Ora (Warner Varnado) · Connecticut DOT"}},{"type":"Feature","geometry":{"type":"Point","coordinates":[-73.454573,41.410518]},"properties":{"id":"ora-ct-154","name":"CAM 148 Danbury I-84 WB Exit 6 - Rt. 37 (North St.)","state":"CT","provider":"Connecticut DOT","hls":null,"snapshot":"https://ctroads.org/map/Cctv/462","refreshMs":30000,"attribution":"Ora (Warner Varnado) · Connecticut DOT"}},{"type":"Feature","geometry":{"type":"Point","coordinates":[-73.476904,41.391247]},"properties":{"id":"ora-ct-155","name":"CAM 150 Danbury I-84 EB Exit 4 - Lake Ave.","state":"CT","provider":"Connecticut DOT","hls":null,"snapshot":"https://ctroads.org/map/Cctv/463","refreshMs":30000,"attribution":"Ora (Warner Varnado) · Connecticut DOT"}},{"type":"Feature","geometry":{"type":"Point","coordinates":[-72.67425,41.604]},"properties":{"id":"ora-ct-156","name":"CAM 156 Cromwell RT 9 SB Exit 27 - Rt 372 Overpass","state":"CT","provider":"Connecticut DOT","hls":null,"snapshot":"https://ctroads.org/map/Cctv/464","refreshMs":30000,"attribution":"Ora (Warner Varnado) · Connecticut DOT"}},{"type":"Feature","geometry":{"type":"Point","coordinates":[-72.643013,41.570166]},"properties":{"id":"ora-ct-157","name":"CAM 158 Portland RT 66 EB Quarry Lane - & Arrigoni Bridge","state":"CT","provider":"Connecticut DOT","hls":null,"snapshot":"https://ctroads.org/map/Cctv/465","refreshMs":30000,"attribution":"Ora (Warner Varnado) · Connecticut DOT"}},{"type":"Feature","geometry":{"type":"Point","coordinates":[-72.645216,41.559191]},"properties":{"id":"ora-ct-158","name":"CAM 160 Middletown RT 9 SB Exit 23B - Dekoven Dr.","state":"CT","provider":"Connecticut DOT","hls":null,"snapshot":"https://ctroads.org/map/Cctv/466","refreshMs":30000,"attribution":"Ora (Warner Varnado) · Connecticut DOT"}},{"type":"Feature","geometry":{"type":"Point","coordinates":[-72.618688,41.53417]},"properties":{"id":"ora-ct-159","name":"CAM 162 Middletown RT 9 SB N/O Exit 21 - Rt 155 (Randolph Rd)","state":"CT","provider":"Connecticut DOT","hls":null,"snapshot":"https://ctroads.org/map/Cctv/467","refreshMs":30000,"attribution":"Ora (Warner Varnado) · Connecticut DOT"}},{"type":"Feature","geometry":{"type":"Point","coordinates":[-73.057645,41.567987]},"properties":{"id":"ora-ct-160","name":"CAM 164 Waterbury RT 8 SB N/O Exit 34 - Rt. 73 (Watertown Ave.)","state":"CT","provider":"Connecticut DOT","hls":null,"snapshot":"https://ctroads.org/map/Cctv/468","refreshMs":30000,"attribution":"Ora (Warner Varnado) · Connecticut DOT"}},{"type":"Feature","geometry":{"type":"Point","coordinates":[-73.05458,41.55281]},"properties":{"id":"ora-ct-161","name":"CAM 166 Waterbury RT 8 SB N/O Exit 30 - N/O I-84 next to Riverside St.","state":"CT","provider":"Connecticut DOT","hls":null,"snapshot":"https://ctroads.org/map/Cctv/469","refreshMs":30000,"attribution":"Ora (Warner Varnado) · Connecticut DOT"}},{"type":"Feature","geometry":{"type":"Point","coordinates":[-73.046872,41.549399]},"properties":{"id":"ora-ct-162","name":"CAM 168 Waterbury RT 8 NB N/O Exit 30 - S/O I-84 vic. Riverside St.","state":"CT","provider":"Connecticut DOT","hls":null,"snapshot":"https://ctroads.org/map/Cctv/470","refreshMs":30000,"attribution":"Ora (Warner Varnado) · Connecticut DOT"}},{"type":"Feature","geometry":{"type":"Point","coordinates":[-73.043655,41.532764]},"properties":{"id":"ora-ct-163","name":"CAM 170 Waterbury RT 8 NB S/O Exit 30 - N/O Nicholas Dr.","state":"CT","provider":"Connecticut DOT","hls":null,"snapshot":"https://ctroads.org/map/Cctv/471","refreshMs":30000,"attribution":"Ora (Warner Varnado) · Connecticut DOT"}},{"type":"Feature","geometry":{"type":"Point","coordinates":[-73.049769,41.515807]},"properties":{"id":"ora-ct-164","name":"CAM 172 Naugatuck RT 8 SB Exit 29 - Waterbury Rd.","state":"CT","provider":"Connecticut DOT","hls":null,"snapshot":"https://ctroads.org/map/Cctv/472","refreshMs":30000,"attribution":"Ora (Warner Varnado) · Connecticut DOT"}},{"type":"Feature","geometry":{"type":"Point","coordinates":[-73.050362,41.471945]},"properties":{"id":"ora-ct-165","name":"CAM 174 Naugatuck RT 8 NB S/O Exit 26 - Cross St.","state":"CT","provider":"Connecticut DOT","hls":null,"snapshot":"https://ctroads.org/map/Cctv/473","refreshMs":30000,"attribution":"Ora (Warner Varnado) · Connecticut DOT"}},{"type":"Feature","geometry":{"type":"Point","coordinates":[-72.877832,41.677354]},"properties":{"id":"ora-ct-166","name":"CAM 177 Plainville RT 72 WB W/O Exit 5 - At N Washington St OP","state":"CT","provider":"Connecticut DOT","hls":null,"snapshot":"https://ctroads.org/map/Cctv/474","refreshMs":30000,"attribution":"Ora (Warner Varnado) · Connecticut DOT"}},{"type":"Feature","geometry":{"type":"Point","coordinates":[-73.026686,41.5452]},"properties":{"id":"ora-ct-167","name":"Cam 137 Waterbury I-84 EB W/O Exit 25 Hamilton Ave","state":"CT","provider":"Connecticut DOT","hls":null,"snapshot":"https://ctroads.org/map/Cctv/475","refreshMs":30000,"attribution":"Ora (Warner Varnado) · Connecticut DOT"}},{"type":"Feature","geometry":{"type":"Point","coordinates":[-73.009764,41.5397]},"properties":{"id":"ora-ct-168","name":"Cam 136 Waterbury I-84 EB @ Harpers Ferry Rd OP","state":"CT","provider":"Connecticut DOT","hls":null,"snapshot":"https://ctroads.org/map/Cctv/476","refreshMs":30000,"attribution":"Ora (Warner Varnado) · Connecticut DOT"}},{"type":"Feature","geometry":{"type":"Point","coordinates":[-72.994553,41.541064]},"properties":{"id":"ora-ct-169","name":"Cam 135 Waterbury I-84 WB @ Exit 25 East of Scott Rd","state":"CT","provider":"Connecticut DOT","hls":null,"snapshot":"https://ctroads.org/map/Cctv/477","refreshMs":30000,"attribution":"Ora (Warner Varnado) · Connecticut DOT"}},{"type":"Feature","geometry":{"type":"Point","coordinates":[-72.70461764,41.60442031]},"properties":{"id":"ora-ct-170","name":"CAM 199 I-91 SB Cromwell @ X21 N/O Berlin Rd","state":"CT","provider":"Connecticut DOT","hls":null,"snapshot":"https://ctroads.org/map/Cctv/478","refreshMs":30000,"attribution":"Ora (Warner Varnado) · Connecticut DOT"}},{"type":"Feature","geometry":{"type":"Point","coordinates":[-72.70368723,41.60415026]},"properties":{"id":"ora-ct-171","name":"CAM 198 I-91 NB Cromwell @ X21 N/O Berlin Rd","state":"CT","provider":"Connecticut DOT","hls":null,"snapshot":"https://ctroads.org/map/Cctv/479","refreshMs":30000,"attribution":"Ora (Warner Varnado) · Connecticut DOT"}},{"type":"Feature","geometry":{"type":"Point","coordinates":[-72.70803166,41.5991282]},"properties":{"id":"ora-ct-172","name":"CAM 200 I-91 SB Middletown S/O X21 Berlin Rd","state":"CT","provider":"Connecticut DOT","hls":null,"snapshot":"https://ctroads.org/map/Cctv/480","refreshMs":30000,"attribution":"Ora (Warner Varnado) · Connecticut DOT"}},{"type":"Feature","geometry":{"type":"Point","coordinates":[-72.70768179,41.59835335]},"properties":{"id":"ora-ct-173","name":"CAM 201 I-91 NB Middletown S/O X21 Berlin Rd","state":"CT","provider":"Connecticut DOT","hls":null,"snapshot":"https://ctroads.org/map/Cctv/481","refreshMs":30000,"attribution":"Ora (Warner Varnado) · Connecticut DOT"}},{"type":"Feature","geometry":{"type":"Point","coordinates":[-72.71194487,41.58637438]},"properties":{"id":"ora-ct-174","name":"CAM 203 I-91 SB Middletown N/O X20 Smith St","state":"CT","provider":"Connecticut DOT","hls":null,"snapshot":"https://ctroads.org/map/Cctv/482","refreshMs":30000,"attribution":"Ora (Warner Varnado) · Connecticut DOT"}},{"type":"Feature","geometry":{"type":"Point","coordinates":[-72.71114126,41.58668572]},"properties":{"id":"ora-ct-175","name":"CAM 202 I-91 NB Middletown N/O X20 Smith St","state":"CT","provider":"Connecticut DOT","hls":null,"snapshot":"https://ctroads.org/map/Cctv/483","refreshMs":30000,"attribution":"Ora (Warner Varnado) · Connecticut DOT"}},{"type":"Feature","geometry":{"type":"Point","coordinates":[-72.72437514,41.57106238]},"properties":{"id":"ora-ct-176","name":"CAM 204 I-91 SB Middletown @ X20 Country Club Rd","state":"CT","provider":"Connecticut DOT","hls":null,"snapshot":"https://ctroads.org/map/Cctv/484","refreshMs":30000,"attribution":"Ora (Warner Varnado) · Connecticut DOT"}},{"type":"Feature","geometry":{"type":"Point","coordinates":[-72.72551104,41.56884138]},"properties":{"id":"ora-ct-177","name":"CAM 205 I-91 NB Middletown @ X20 Country Club Rd","state":"CT","provider":"Connecticut DOT","hls":null,"snapshot":"https://ctroads.org/map/Cctv/485","refreshMs":30000,"attribution":"Ora (Warner Varnado) · Connecticut DOT"}},{"type":"Feature","geometry":{"type":"Point","coordinates":[-72.74169601,41.55687389]},"properties":{"id":"ora-ct-178","name":"CAM 206 I-91 NB Middletown @ Rest Area","state":"CT","provider":"Connecticut DOT","hls":null,"snapshot":"https://ctroads.org/map/Cctv/486","refreshMs":30000,"attribution":"Ora (Warner Varnado) · Connecticut DOT"}},{"type":"Feature","geometry":{"type":"Point","coordinates":[-72.74813473,41.54699707]},"properties":{"id":"ora-ct-179","name":"CAM 207 I-91 SB Middletown N/O X19 Preston Ave","state":"CT","provider":"Connecticut DOT","hls":null,"snapshot":"https://ctroads.org/map/Cctv/487","refreshMs":30000,"attribution":"Ora (Warner Varnado) · Connecticut DOT"}},{"type":"Feature","geometry":{"type":"Point","coordinates":[-72.750697,41.54409211]},"properties":{"id":"ora-ct-180","name":"CAM 208 I-91 NB Meriden @ X19 Preston Ave","state":"CT","provider":"Connecticut DOT","hls":null,"snapshot":"https://ctroads.org/map/Cctv/488","refreshMs":30000,"attribution":"Ora (Warner Varnado) · Connecticut DOT"}},{"type":"Feature","geometry":{"type":"Point","coordinates":[-72.76776166,41.53414632]},"properties":{"id":"ora-ct-181","name":"CAM 209 I-91 SB Meriden N/O X17 Wilbur Cross Pkwy","state":"CT","provider":"Connecticut DOT","hls":null,"snapshot":"https://ctroads.org/map/Cctv/489","refreshMs":30000,"attribution":"Ora (Warner Varnado) · Connecticut DOT"}},{"type":"Feature","geometry":{"type":"Point","coordinates":[-72.77065247,41.52691555]},"properties":{"id":"ora-ct-182","name":"CAM 210 I-91 SB Meriden S/O X17 East Main St","state":"CT","provider":"Connecticut DOT","hls":null,"snapshot":"https://ctroads.org/map/Cctv/490","refreshMs":30000,"attribution":"Ora (Warner Varnado) · Connecticut DOT"}},{"type":"Feature","geometry":{"type":"Point","coordinates":[-72.76993936,41.5114887]},"properties":{"id":"ora-ct-183","name":"CAM 212 I-91 SB Meriden N/O X15 Murdock Ave","state":"CT","provider":"Connecticut DOT","hls":null,"snapshot":"https://ctroads.org/map/Cctv/491","refreshMs":30000,"attribution":"Ora (Warner Varnado) · Connecticut DOT"}},{"type":"Feature","geometry":{"type":"Point","coordinates":[-72.903136,41.558475]},"properties":{"id":"ora-ct-184","name":"CAM 197 I-691 WB Cheshire E/O Exit 8A Peck Lane","state":"CT","provider":"Connecticut DOT","hls":null,"snapshot":"https://ctroads.org/map/Cctv/492","refreshMs":30000,"attribution":"Ora (Warner Varnado) · Connecticut DOT"}},{"type":"Feature","geometry":{"type":"Point","coordinates":[-72.890269,41.556698]},"properties":{"id":"ora-ct-185","name":"CAM 196 I-691 EB Cheshire at Exit 7 Highland Ave","state":"CT","provider":"Connecticut DOT","hls":null,"snapshot":"https://ctroads.org/map/Cctv/493","refreshMs":30000,"attribution":"Ora (Warner Varnado) · Connecticut DOT"}},{"type":"Feature","geometry":{"type":"Point","coordinates":[-72.869116,41.555226]},"properties":{"id":"ora-ct-186","name":"CAM 195 I-691 WB Southington E/O Exit 7 South End Rd","state":"CT","provider":"Connecticut DOT","hls":null,"snapshot":"https://ctroads.org/map/Cctv/494","refreshMs":30000,"attribution":"Ora (Warner Varnado) · Connecticut DOT"}},{"type":"Feature","geometry":{"type":"Point","coordinates":[-72.857331,41.553175]},"properties":{"id":"ora-ct-187","name":"CAM 194 I-691 EB Southington W/O Exit 5 Pratt St","state":"CT","provider":"Connecticut DOT","hls":null,"snapshot":"https://ctroads.org/map/Cctv/495","refreshMs":30000,"attribution":"Ora (Warner Varnado) · Connecticut DOT"}},{"type":"Feature","geometry":{"type":"Point","coordinates":[-72.848531,41.555108]},"properties":{"id":"ora-ct-188","name":"CAM 193 I-691 WB Southington at Exit 5 Meriden-Waterbury Tpke","state":"CT","provider":"Connecticut DOT","hls":null,"snapshot":"https://ctroads.org/map/Cctv/496","refreshMs":30000,"attribution":"Ora (Warner Varnado) · Connecticut DOT"}},{"type":"Feature","geometry":{"type":"Point","coordinates":[-72.830752,41.550751]},"properties":{"id":"ora-ct-189","name":"CAM 192 I-691 WB Meriden E/O Exit 5 Hubbard Park Dr","state":"CT","provider":"Connecticut DOT","hls":null,"snapshot":"https://ctroads.org/map/Cctv/497","refreshMs":30000,"attribution":"Ora (Warner Varnado) · Connecticut DOT"}},{"type":"Feature","geometry":{"type":"Point","coordinates":[-72.814498,41.550282]},"properties":{"id":"ora-ct-190","name":"CAM 191 I-691 WB Meriden W/O Exit 3 Chamberlain Hwy","state":"CT","provider":"Connecticut DOT","hls":null,"snapshot":"https://ctroads.org/map/Cctv/498","refreshMs":30000,"attribution":"Ora (Warner Varnado) · Connecticut DOT"}},{"type":"Feature","geometry":{"type":"Point","coordinates":[-72.798711,41.544283]},"properties":{"id":"ora-ct-191","name":"CAM 190 I-691 EB Meriden E/O Exit 2B Colony St","state":"CT","provider":"Connecticut DOT","hls":null,"snapshot":"https://ctroads.org/map/Cctv/499","refreshMs":30000,"attribution":"Ora (Warner Varnado) · Connecticut DOT"}},{"type":"Feature","geometry":{"type":"Point","coordinates":[-72.785529,41.542547]},"properties":{"id":"ora-ct-192","name":"CAM 189 I-691 EB Meriden at Exit 2A Broad St","state":"CT","provider":"Connecticut DOT","hls":null,"snapshot":"https://ctroads.org/map/Cctv/500","refreshMs":30000,"attribution":"Ora (Warner Varnado) · Connecticut DOT"}},{"type":"Feature","geometry":{"type":"Point","coordinates":[-72.771244,41.540278]},"properties":{"id":"ora-ct-193","name":"CAM 188 I-691 WB Meriden W/O Exit 1C Wilbur Cross Pkwy","state":"CT","provider":"Connecticut DOT","hls":null,"snapshot":"https://ctroads.org/map/Cctv/501","refreshMs":30000,"attribution":"Ora (Warner Varnado) · Connecticut DOT"}},{"type":"Feature","geometry":{"type":"Point","coordinates":[-72.770606,41.539086]},"properties":{"id":"ora-ct-194","name":"CAM 187 I-691 EB Meriden at Exit 1B Wilbur Cross Pkwy","state":"CT","provider":"Connecticut DOT","hls":null,"snapshot":"https://ctroads.org/map/Cctv/502","refreshMs":30000,"attribution":"Ora (Warner Varnado) · Connecticut DOT"}},{"type":"Feature","geometry":{"type":"Point","coordinates":[-72.760796,41.536824]},"properties":{"id":"ora-ct-195","name":"CAM 186 I-691 EB Meriden at Exit 1A Interstate 91","state":"CT","provider":"Connecticut DOT","hls":null,"snapshot":"https://ctroads.org/map/Cctv/503","refreshMs":30000,"attribution":"Ora (Warner Varnado) · Connecticut DOT"}},{"type":"Feature","geometry":{"type":"Point","coordinates":[-72.752711,41.532268]},"properties":{"id":"ora-ct-196","name":"CAM 185 RTE 66 WB Meriden E/O Exit 1A Preston Ave","state":"CT","provider":"Connecticut DOT","hls":null,"snapshot":"https://ctroads.org/map/Cctv/504","refreshMs":30000,"attribution":"Ora (Warner Varnado) · Connecticut DOT"}},{"type":"Feature","geometry":{"type":"Point","coordinates":[-72.7757551,41.51699096]},"properties":{"id":"ora-ct-197","name":"CAM 211 RTE 15 NB Meriden S/O X67 Paddock Ave","state":"CT","provider":"Connecticut DOT","hls":null,"snapshot":"https://ctroads.org/map/Cctv/505","refreshMs":30000,"attribution":"Ora (Warner Varnado) · Connecticut DOT"}},{"type":"Feature","geometry":{"type":"Point","coordinates":[-73.289005,41.416845]},"properties":{"id":"ora-ct-198","name":"CAM 138 Newtown I-84 EB at Exit 10 Church Hill Rd","state":"CT","provider":"Connecticut DOT","hls":null,"snapshot":"https://ctroads.org/map/Cctv/506","refreshMs":30000,"attribution":"Ora (Warner Varnado) · Connecticut DOT"}},{"type":"Feature","geometry":{"type":"Point","coordinates":[-72.777029,41.67019]},"properties":{"id":"ora-ct-199","name":"CAM 213 New Britain Rt 72 WB @ X1A (Rte 9) ","state":"CT","provider":"Connecticut DOT","hls":null,"snapshot":"https://ctroads.org/map/Cctv/507","refreshMs":30000,"attribution":"Ora (Warner Varnado) · Connecticut DOT"}},{"type":"Feature","geometry":{"type":"Point","coordinates":[-72.79076844,41.6677568]},"properties":{"id":"ora-ct-200","name":"CAM 214 New Britain Rt 72 WB @ X1D (Lake St) ","state":"CT","provider":"Connecticut DOT","hls":null,"snapshot":"https://ctroads.org/map/Cctv/508","refreshMs":30000,"attribution":"Ora (Warner Varnado) · Connecticut DOT"}},{"type":"Feature","geometry":{"type":"Point","coordinates":[-72.8065063,41.66349491]},"properties":{"id":"ora-ct-201","name":"CAM 215 New Britain Rt 72 EB @ X2 (Rte 372) ","state":"CT","provider":"Connecticut DOT","hls":null,"snapshot":"https://ctroads.org/map/Cctv/509","refreshMs":30000,"attribution":"Ora (Warner Varnado) · Connecticut DOT"}},{"type":"Feature","geometry":{"type":"Point","coordinates":[-72.82004341,41.66745776]},"properties":{"id":"ora-ct-202","name":"CAM 216 New Britain Rt 72 WB @ X3 (I-84)  ","state":"CT","provider":"Connecticut DOT","hls":null,"snapshot":"https://ctroads.org/map/Cctv/510","refreshMs":30000,"attribution":"Ora (Warner Varnado) · Connecticut DOT"}},{"type":"Feature","geometry":{"type":"Point","coordinates":[-72.7643347,41.71322913]},"properties":{"id":"ora-ct-203","name":"CAM 217 New Britain Rt 9 NB @ X39 (Hartford Rd) ","state":"CT","provider":"Connecticut DOT","hls":null,"snapshot":"https://ctroads.org/map/Cctv/511","refreshMs":30000,"attribution":"Ora (Warner Varnado) · Connecticut DOT"}},{"type":"Feature","geometry":{"type":"Point","coordinates":[-72.75828095,41.70855576]},"properties":{"id":"ora-ct-204","name":"CAM 218 Newington Rt 9 NB S/O X39   ","state":"CT","provider":"Connecticut DOT","hls":null,"snapshot":"https://ctroads.org/map/Cctv/512","refreshMs":30000,"attribution":"Ora (Warner Varnado) · Connecticut DOT"}},{"type":"Feature","geometry":{"type":"Point","coordinates":[-72.7577239,41.6994283]},"properties":{"id":"ora-ct-205","name":"CAM 219 Newington Rt 9 NB @ X38 (Ella Grasso Blvd)","state":"CT","provider":"Connecticut DOT","hls":null,"snapshot":"https://ctroads.org/map/Cctv/513","refreshMs":30000,"attribution":"Ora (Warner Varnado) · Connecticut DOT"}},{"type":"Feature","geometry":{"type":"Point","coordinates":[-72.75846234,41.69353836]},"properties":{"id":"ora-ct-206","name":"CAM 220 New Britain Rt 9 SB @ X38 (East St) ","state":"CT","provider":"Connecticut DOT","hls":null,"snapshot":"https://ctroads.org/map/Cctv/514","refreshMs":30000,"attribution":"Ora (Warner Varnado) · Connecticut DOT"}},{"type":"Feature","geometry":{"type":"Point","coordinates":[-72.75877184,41.68297827]},"properties":{"id":"ora-ct-207","name":"CAM 221 New Britain Rt 9 NB S/O X38   ","state":"CT","provider":"Connecticut DOT","hls":null,"snapshot":"https://ctroads.org/map/Cctv/515","refreshMs":30000,"attribution":"Ora (Warner Varnado) · Connecticut DOT"}},{"type":"Feature","geometry":{"type":"Point","coordinates":[-72.76223591,41.68182343]},"properties":{"id":"ora-ct-208","name":"CAM 222 New Britain Rt 9 SB N/O X37A (East St UP)","state":"CT","provider":"Connecticut DOT","hls":null,"snapshot":"https://ctroads.org/map/Cctv/516","refreshMs":30000,"attribution":"Ora (Warner Varnado) · Connecticut DOT"}},{"type":"Feature","geometry":{"type":"Point","coordinates":[-72.77259451,41.67390617]},"properties":{"id":"ora-ct-209","name":"CAM 223 New Britain Rt 9 SB @ X37A (Stanley St) ","state":"CT","provider":"Connecticut DOT","hls":null,"snapshot":"https://ctroads.org/map/Cctv/517","refreshMs":30000,"attribution":"Ora (Warner Varnado) · Connecticut DOT"}},{"type":"Feature","geometry":{"type":"Point","coordinates":[-72.7750138,41.66815824]},"properties":{"id":"ora-ct-210","name":"CAM 224 New Britain Rt 9 SB S/O X36SB   ","state":"CT","provider":"Connecticut DOT","hls":null,"snapshot":"https://ctroads.org/map/Cctv/518","refreshMs":30000,"attribution":"Ora (Warner Varnado) · Connecticut DOT"}},{"type":"Feature","geometry":{"type":"Point","coordinates":[-72.77273258,41.66839567]},"properties":{"id":"ora-ct-211","name":"CAM 225 New Britain Rt 9 NB @ X37 (CTfastrak Busway) ","state":"CT","provider":"Connecticut DOT","hls":null,"snapshot":"https://ctroads.org/map/Cctv/519","refreshMs":30000,"attribution":"Ora (Warner Varnado) · Connecticut DOT"}},{"type":"Feature","geometry":{"type":"Point","coordinates":[-72.77464776,41.661899]},"properties":{"id":"ora-ct-212","name":"CAM 226 New Britain Rt 9 SB X36NB (Whiting St)  ","state":"CT","provider":"Connecticut DOT","hls":null,"snapshot":"https://ctroads.org/map/Cctv/520","refreshMs":30000,"attribution":"Ora (Warner Varnado) · Connecticut DOT"}},{"type":"Feature","geometry":{"type":"Point","coordinates":[-72.77011169,41.65198888]},"properties":{"id":"ora-ct-213","name":"CAM 227 New Britain Rt 9 SB S/O X35   ","state":"CT","provider":"Connecticut DOT","hls":null,"snapshot":"https://ctroads.org/map/Cctv/521","refreshMs":30000,"attribution":"Ora (Warner Varnado) · Connecticut DOT"}},{"type":"Feature","geometry":{"type":"Point","coordinates":[-72.76353237,41.64662659]},"properties":{"id":"ora-ct-214","name":"CAM 228 Berlin Rt 9 NB @ X34 (Rte 571) ","state":"CT","provider":"Connecticut DOT","hls":null,"snapshot":"https://ctroads.org/map/Cctv/522","refreshMs":30000,"attribution":"Ora (Warner Varnado) · Connecticut DOT"}},{"type":"Feature","geometry":{"type":"Point","coordinates":[-72.75275659,41.63581749]},"properties":{"id":"ora-ct-215","name":"CAM 229 Berlin Rt 9 NB @ X33 (Christian Ln) ","state":"CT","provider":"Connecticut DOT","hls":null,"snapshot":"https://ctroads.org/map/Cctv/523","refreshMs":30000,"attribution":"Ora (Warner Varnado) · Connecticut DOT"}},{"type":"Feature","geometry":{"type":"Point","coordinates":[-72.74924156,41.62795397]},"properties":{"id":"ora-ct-216","name":"CAM 230 Berlin Rt 9 SB N/O X32   ","state":"CT","provider":"Connecticut DOT","hls":null,"snapshot":"https://ctroads.org/map/Cctv/524","refreshMs":30000,"attribution":"Ora (Warner Varnado) · Connecticut DOT"}},{"type":"Feature","geometry":{"type":"Point","coordinates":[-72.74140012,41.62484633]},"properties":{"id":"ora-ct-217","name":"CAM 231 Berlin Rt 9 SB @ X31SB (Rte 5/15) ","state":"CT","provider":"Connecticut DOT","hls":null,"snapshot":"https://ctroads.org/map/Cctv/525","refreshMs":30000,"attribution":"Ora (Warner Varnado) · Connecticut DOT"}},{"type":"Feature","geometry":{"type":"Point","coordinates":[-72.73430702,41.62110293]},"properties":{"id":"ora-ct-218","name":"CAM 232 Berlin Rt 9 SB @ X31NB (Rte 372) ","state":"CT","provider":"Connecticut DOT","hls":null,"snapshot":"https://ctroads.org/map/Cctv/526","refreshMs":30000,"attribution":"Ora (Warner Varnado) · Connecticut DOT"}},{"type":"Feature","geometry":{"type":"Point","coordinates":[-72.71839615,41.62466187]},"properties":{"id":"ora-ct-219","name":"CAM 233 Berlin Rt 9 SB S/O X31   ","state":"CT","provider":"Connecticut DOT","hls":null,"snapshot":"https://ctroads.org/map/Cctv/527","refreshMs":30000,"attribution":"Ora (Warner Varnado) · Connecticut DOT"}},{"type":"Feature","geometry":{"type":"Point","coordinates":[-72.70120588,41.62599517]},"properties":{"id":"ora-ct-220","name":"CAM 234 Cromwell Rt 9 NB N/O X30NB   ","state":"CT","provider":"Connecticut DOT","hls":null,"snapshot":"https://ctroads.org/map/Cctv/528","refreshMs":30000,"attribution":"Ora (Warner Varnado) · Connecticut DOT"}},{"type":"Feature","geometry":{"type":"Point","coordinates":[-72.70094754,41.62472321]},"properties":{"id":"ora-ct-221","name":"CAM 235 Cromwell Rt 9 SB N/O X30SB   ","state":"CT","provider":"Connecticut DOT","hls":null,"snapshot":"https://ctroads.org/map/Cctv/529","refreshMs":30000,"attribution":"Ora (Warner Varnado) · Connecticut DOT"}},{"type":"Feature","geometry":{"type":"Point","coordinates":[-72.68435169,41.62234765]},"properties":{"id":"ora-ct-222","name":"CAM 236 Cromwell Rt 9 NB @ X29 (I-91 NB) ","state":"CT","provider":"Connecticut DOT","hls":null,"snapshot":"https://ctroads.org/map/Cctv/530","refreshMs":30000,"attribution":"Ora (Warner Varnado) · Connecticut DOT"}},{"type":"Feature","geometry":{"type":"Point","coordinates":[-72.68057514,41.61487838]},"properties":{"id":"ora-ct-223","name":"CAM 237 Cromwell Rt 9 SB S/O X29   ","state":"CT","provider":"Connecticut DOT","hls":null,"snapshot":"https://ctroads.org/map/Cctv/531","refreshMs":30000,"attribution":"Ora (Warner Varnado) · Connecticut DOT"}},{"type":"Feature","geometry":{"type":"Point","coordinates":[-72.67817456,41.61223536]},"properties":{"id":"ora-ct-224","name":"CAM 238 Cromwell Rt 9 NB N/O X27 (Evergreen Rd OP)","state":"CT","provider":"Connecticut DOT","hls":null,"snapshot":"https://ctroads.org/map/Cctv/532","refreshMs":30000,"attribution":"Ora (Warner Varnado) · Connecticut DOT"}},{"type":"Feature","geometry":{"type":"Point","coordinates":[-72.66621468,41.5931736]},"properties":{"id":"ora-ct-225","name":"CAM 239 Cromwell Rt 9 SB S/O X27   ","state":"CT","provider":"Connecticut DOT","hls":null,"snapshot":"https://ctroads.org/map/Cctv/533","refreshMs":30000,"attribution":"Ora (Warner Varnado) · Connecticut DOT"}},{"type":"Feature","geometry":{"type":"Point","coordinates":[-72.64997122,41.58922173]},"properties":{"id":"ora-ct-226","name":"CAM 240 Cromwell Rt 9 NB N/O X25   ","state":"CT","provider":"Connecticut DOT","hls":null,"snapshot":"https://ctroads.org/map/Cctv/534","refreshMs":30000,"attribution":"Ora (Warner Varnado) · Connecticut DOT"}},{"type":"Feature","geometry":{"type":"Point","coordinates":[-72.63359437,41.55388918]},"properties":{"id":"ora-ct-227","name":"CAM 241 Middletown Rt 9 NB @ X22 (Silver St) ","state":"CT","provider":"Connecticut DOT","hls":null,"snapshot":"https://ctroads.org/map/Cctv/535","refreshMs":30000,"attribution":"Ora (Warner Varnado) · Connecticut DOT"}},{"type":"Feature","geometry":{"type":"Point","coordinates":[-73.6467,41.008141]},"properties":{"id":"ora-ct-228","name":"CAM 2 Greenwich I-95 SB N/O Exit 2 - N/O Delavan Ave.","state":"CT","provider":"Connecticut DOT","hls":null,"snapshot":"https://ctroads.org/map/Cctv/536","refreshMs":30000,"attribution":"Ora (Warner Varnado) · Connecticut DOT"}},{"type":"Feature","geometry":{"type":"Point","coordinates":[-73.636701,41.016982]},"properties":{"id":"ora-ct-229","name":"CAM 3 Greenwich I-95 SB N/O Exit 2 - S/O Field Pt. Rd On-Ramp","state":"CT","provider":"Connecticut DOT","hls":null,"snapshot":"https://ctroads.org/map/Cctv/537","refreshMs":30000,"attribution":"Ora (Warner Varnado) · Connecticut DOT"}},{"type":"Feature","geometry":{"type":"Point","coordinates":[-73.624443,41.019943]},"properties":{"id":"ora-ct-230","name":"CAM 4 Greenwich I-95 NB Exit 3 - Arch St.","state":"CT","provider":"Connecticut DOT","hls":null,"snapshot":"https://ctroads.org/map/Cctv/538","refreshMs":30000,"attribution":"Ora (Warner Varnado) · Connecticut DOT"}},{"type":"Feature","geometry":{"type":"Point","coordinates":[-73.611226,41.025229]},"properties":{"id":"ora-ct-231","name":"CAM 5 Greenwich I-95 SB N/O Exit 3 - N/O Davis Ave.","state":"CT","provider":"Connecticut DOT","hls":null,"snapshot":"https://ctroads.org/map/Cctv/539","refreshMs":30000,"attribution":"Ora (Warner Varnado) · Connecticut DOT"}},{"type":"Feature","geometry":{"type":"Point","coordinates":[-73.602265,41.027869]},"properties":{"id":"ora-ct-232","name":"CAM 6 Greenwich I-95 NB Exit 4 - Indian Field Rd.","state":"CT","provider":"Connecticut DOT","hls":null,"snapshot":"https://ctroads.org/map/Cctv/540","refreshMs":30000,"attribution":"Ora (Warner Varnado) · Connecticut DOT"}},{"type":"Feature","geometry":{"type":"Point","coordinates":[-73.586365,41.038998]},"properties":{"id":"ora-ct-233","name":"CAM 8 Greenwich I-95 SB S/O Exit 5 - Riverside Ave.","state":"CT","provider":"Connecticut DOT","hls":null,"snapshot":"https://ctroads.org/map/Cctv/541","refreshMs":30000,"attribution":"Ora (Warner Varnado) · Connecticut DOT"}},{"type":"Feature","geometry":{"type":"Point","coordinates":[-73.56689,41.045005]},"properties":{"id":"ora-ct-234","name":"CAM 10 Greenwich I-95 SB S/O Exit 5 - Laddins Rock Rd.","state":"CT","provider":"Connecticut DOT","hls":null,"snapshot":"https://ctroads.org/map/Cctv/542","refreshMs":30000,"attribution":"Ora (Warner Varnado) · Connecticut DOT"}},{"type":"Feature","geometry":{"type":"Point","coordinates":[-73.528787,41.053575]},"properties":{"id":"ora-ct-235","name":"CAM 13 Stamford I-95 SB Exit 8 - N/O Elm St.","state":"CT","provider":"Connecticut DOT","hls":null,"snapshot":"https://ctroads.org/map/Cctv/543","refreshMs":30000,"attribution":"Ora (Warner Varnado) · Connecticut DOT"}},{"type":"Feature","geometry":{"type":"Point","coordinates":[-73.512148,41.058417]},"properties":{"id":"ora-ct-236","name":"CAM 15 Stamford I-95 NB at 9","state":"CT","provider":"Connecticut DOT","hls":null,"snapshot":"https://ctroads.org/map/Cctv/544","refreshMs":30000,"attribution":"Ora (Warner Varnado) · Connecticut DOT"}},{"type":"Feature","geometry":{"type":"Point","coordinates":[-73.504939,41.066888]},"properties":{"id":"ora-ct-237","name":"CAM 16 Darien I-95 SB N/O Exit 9 - Darien Rest Area","state":"CT","provider":"Connecticut DOT","hls":null,"snapshot":"https://ctroads.org/map/Cctv/545","refreshMs":30000,"attribution":"Ora (Warner Varnado) · Connecticut DOT"}},{"type":"Feature","geometry":{"type":"Point","coordinates":[-73.467481,41.074497]},"properties":{"id":"ora-ct-238","name":"CAM 20 Darien I-95 NB Exit 12 - Tokeneke Rd.","state":"CT","provider":"Connecticut DOT","hls":null,"snapshot":"https://ctroads.org/map/Cctv/546","refreshMs":30000,"attribution":"Ora (Warner Varnado) · Connecticut DOT"}},{"type":"Feature","geometry":{"type":"Point","coordinates":[-73.462176,41.080462]},"properties":{"id":"ora-ct-239","name":"CAM 21 Darien I-95 NB S/O Exit 13 - Darien Rest Area","state":"CT","provider":"Connecticut DOT","hls":null,"snapshot":"https://ctroads.org/map/Cctv/547","refreshMs":30000,"attribution":"Ora (Warner Varnado) · Connecticut DOT"}},{"type":"Feature","geometry":{"type":"Point","coordinates":[-73.457136,41.088295]},"properties":{"id":"ora-ct-240","name":"CAM 22 Darien I-95 SB Exit 13 - Rt. 1 (Boston Post Rd.)","state":"CT","provider":"Connecticut DOT","hls":null,"snapshot":"https://ctroads.org/map/Cctv/548","refreshMs":30000,"attribution":"Ora (Warner Varnado) · Connecticut DOT"}},{"type":"Feature","geometry":{"type":"Point","coordinates":[-73.423292,41.106616]},"properties":{"id":"ora-ct-241","name":"CAM 26 Norwalk I-95 SB Exit 15 - Stuart Ave.","state":"CT","provider":"Connecticut DOT","hls":null,"snapshot":"https://ctroads.org/map/Cctv/549","refreshMs":30000,"attribution":"Ora (Warner Varnado) · Connecticut DOT"}},{"type":"Feature","geometry":{"type":"Point","coordinates":[-73.418957,41.11007]},"properties":{"id":"ora-ct-242","name":"CAM 27 Norwalk US 7 MEDIAN S/O Exit 1 - Connecticut Ave.","state":"CT","provider":"Connecticut DOT","hls":null,"snapshot":"https://ctroads.org/map/Cctv/550","refreshMs":30000,"attribution":"Ora (Warner Varnado) · Connecticut DOT"}},{"type":"Feature","geometry":{"type":"Point","coordinates":[-73.414147,41.106458]},"properties":{"id":"ora-ct-243","name":"CAM 28 Norwalk I-95 NB Exit 15 - US 7","state":"CT","provider":"Connecticut DOT","hls":null,"snapshot":"https://ctroads.org/map/Cctv/551","refreshMs":30000,"attribution":"Ora (Warner Varnado) · Connecticut DOT"}},{"type":"Feature","geometry":{"type":"Point","coordinates":[-73.405776,41.108289]},"properties":{"id":"ora-ct-244","name":"CAM 29 Norwalk I-95 NB Exit 16 - East Ave.","state":"CT","provider":"Connecticut DOT","hls":null,"snapshot":"https://ctroads.org/map/Cctv/552","refreshMs":30000,"attribution":"Ora (Warner Varnado) · Connecticut DOT"}},{"type":"Feature","geometry":{"type":"Point","coordinates":[-73.391059,41.113234]},"properties":{"id":"ora-ct-245","name":"CAM 30 Norwalk I-95 NB S/O Exit 16 - S/O Saugatuck Ave.","state":"CT","provider":"Connecticut DOT","hls":null,"snapshot":"https://ctroads.org/map/Cctv/553","refreshMs":30000,"attribution":"Ora (Warner Varnado) · Connecticut DOT"}},{"type":"Feature","geometry":{"type":"Point","coordinates":[-73.378412,41.120072]},"properties":{"id":"ora-ct-246","name":"CAM 31 Westport I-95 SB Exit 17 - Saugatuck Ave.","state":"CT","provider":"Connecticut DOT","hls":null,"snapshot":"https://ctroads.org/map/Cctv/554","refreshMs":30000,"attribution":"Ora (Warner Varnado) · Connecticut DOT"}},{"type":"Feature","geometry":{"type":"Point","coordinates":[-73.353777,41.12262]},"properties":{"id":"ora-ct-247","name":"CAM 33 Westport I-95 SB Exit 18 - Hales Rd.","state":"CT","provider":"Connecticut DOT","hls":null,"snapshot":"https://ctroads.org/map/Cctv/555","refreshMs":30000,"attribution":"Ora (Warner Varnado) · Connecticut DOT"}},{"type":"Feature","geometry":{"type":"Point","coordinates":[-73.338892,41.123569]},"properties":{"id":"ora-ct-248","name":"CAM 34 Westport I-95 SB S/O Exit 18 - S/O Sherwood Is. Connector","state":"CT","provider":"Connecticut DOT","hls":null,"snapshot":"https://ctroads.org/map/Cctv/556","refreshMs":30000,"attribution":"Ora (Warner Varnado) · Connecticut DOT"}},{"type":"Feature","geometry":{"type":"Point","coordinates":[-73.326301,41.120392]},"properties":{"id":"ora-ct-249","name":"CAM 35 Westport I-95 NB Exit 18 - Sherwood Is. Connector","state":"CT","provider":"Connecticut DOT","hls":null,"snapshot":"https://ctroads.org/map/Cctv/557","refreshMs":30000,"attribution":"Ora (Warner Varnado) · Connecticut DOT"}},{"type":"Feature","geometry":{"type":"Point","coordinates":[-73.31504,41.123663]},"properties":{"id":"ora-ct-250","name":"CAM 36 Westport I-95 SB N/O Exit18 - New Creek Rd.","state":"CT","provider":"Connecticut DOT","hls":null,"snapshot":"https://ctroads.org/map/Cctv/558","refreshMs":30000,"attribution":"Ora (Warner Varnado) · Connecticut DOT"}},{"type":"Feature","geometry":{"type":"Point","coordinates":[-73.309448,41.124611]},"properties":{"id":"ora-ct-251","name":"CAM 37 Westport I-95 NB S/O Exit 19 - At Maple Ln.","state":"CT","provider":"Connecticut DOT","hls":null,"snapshot":"https://ctroads.org/map/Cctv/559","refreshMs":30000,"attribution":"Ora (Warner Varnado) · Connecticut DOT"}},{"type":"Feature","geometry":{"type":"Point","coordinates":[-73.284952,41.141092]},"properties":{"id":"ora-ct-252","name":"CAM 39 Fairfield I-95 SB Exit 19 - Mill Hill Rd.","state":"CT","provider":"Connecticut DOT","hls":null,"snapshot":"https://ctroads.org/map/Cctv/560","refreshMs":30000,"attribution":"Ora (Warner Varnado) · Connecticut DOT"}},{"type":"Feature","geometry":{"type":"Point","coordinates":[-73.270201,41.142355]},"properties":{"id":"ora-ct-253","name":"CAM 40 Fairfield I-95 NB Exit 21 - N. Pine Creek Rd.","state":"CT","provider":"Connecticut DOT","hls":null,"snapshot":"https://ctroads.org/map/Cctv/561","refreshMs":30000,"attribution":"Ora (Warner Varnado) · Connecticut DOT"}},{"type":"Feature","geometry":{"type":"Point","coordinates":[-73.256561,41.146836]},"properties":{"id":"ora-ct-254","name":"CAM 41 Fairfield I-95 NB Exit 22 - Fairfield Rest Area","state":"CT","provider":"Connecticut DOT","hls":null,"snapshot":"https://ctroads.org/map/Cctv/562","refreshMs":30000,"attribution":"Ora (Warner Varnado) · Connecticut DOT"}},{"type":"Feature","geometry":{"type":"Point","coordinates":[-73.247637,41.150787]},"properties":{"id":"ora-ct-255","name":"CAM 42 Fairfield I-95 NB Exit 22 - North Benson Rd.","state":"CT","provider":"Connecticut DOT","hls":null,"snapshot":"https://ctroads.org/map/Cctv/563","refreshMs":30000,"attribution":"Ora (Warner Varnado) · Connecticut DOT"}},{"type":"Feature","geometry":{"type":"Point","coordinates":[-73.226688,41.168415]},"properties":{"id":"ora-ct-256","name":"CAM 45 Fairfield I-95 SB N/O Exits 24 - Brentwood Ave.","state":"CT","provider":"Connecticut DOT","hls":null,"snapshot":"https://ctroads.org/map/Cctv/564","refreshMs":30000,"attribution":"Ora (Warner Varnado) · Connecticut DOT"}},{"type":"Feature","geometry":{"type":"Point","coordinates":[-73.201954,41.167177]},"properties":{"id":"ora-ct-257","name":"CAM 47 Bridgeport I-95 NB Exit 26 - Wordin Ave.","state":"CT","provider":"Connecticut DOT","hls":null,"snapshot":"https://ctroads.org/map/Cctv/565","refreshMs":30000,"attribution":"Ora (Warner Varnado) · Connecticut DOT"}},{"type":"Feature","geometry":{"type":"Point","coordinates":[-73.193992,41.170293]},"properties":{"id":"ora-ct-258","name":"CAM 48 Bridgeport I-95 NB Exit 27 - Mytle Ave.","state":"CT","provider":"Connecticut DOT","hls":null,"snapshot":"https://ctroads.org/map/Cctv/566","refreshMs":30000,"attribution":"Ora (Warner Varnado) · Connecticut DOT"}},{"type":"Feature","geometry":{"type":"Point","coordinates":[-73.188199,41.173607]},"properties":{"id":"ora-ct-259","name":"CAM 49 Bridgeport I-95 NB S/O Exit 28 - Main St.","state":"CT","provider":"Connecticut DOT","hls":null,"snapshot":"https://ctroads.org/map/Cctv/567","refreshMs":30000,"attribution":"Ora (Warner Varnado) · Connecticut DOT"}},{"type":"Feature","geometry":{"type":"Point","coordinates":[-73.179801,41.179446]},"properties":{"id":"ora-ct-260","name":"CAM 50 Bridgeport I-95 SB N/O Exit 27 - Pembroke St.","state":"CT","provider":"Connecticut DOT","hls":null,"snapshot":"https://ctroads.org/map/Cctv/568","refreshMs":30000,"attribution":"Ora (Warner Varnado) · Connecticut DOT"}},{"type":"Feature","geometry":{"type":"Point","coordinates":[-73.195479,41.175222]},"properties":{"id":"ora-ct-261","name":"CAM 225 Bridgeport RT 8 SB Exit 1 - John St.","state":"CT","provider":"Connecticut DOT","hls":null,"snapshot":"https://ctroads.org/map/Cctv/569","refreshMs":30000,"attribution":"Ora (Warner Varnado) · Connecticut DOT"}},{"type":"Feature","geometry":{"type":"Point","coordinates":[-73.154053,41.174629]},"properties":{"id":"ora-ct-262","name":"CAM 53 Stratford I-95 NB Exit 30 - Surf Ave.","state":"CT","provider":"Connecticut DOT","hls":null,"snapshot":"https://ctroads.org/map/Cctv/570","refreshMs":30000,"attribution":"Ora (Warner Varnado) · Connecticut DOT"}},{"type":"Feature","geometry":{"type":"Point","coordinates":[-73.138399,41.184594]},"properties":{"id":"ora-ct-263","name":"CAM 55 Stratford I-95 NB Exit 31 - South Ave.","state":"CT","provider":"Connecticut DOT","hls":null,"snapshot":"https://ctroads.org/map/Cctv/571","refreshMs":30000,"attribution":"Ora (Warner Varnado) · Connecticut DOT"}},{"type":"Feature","geometry":{"type":"Point","coordinates":[-73.129425,41.194958]},"properties":{"id":"ora-ct-264","name":"CAM 56 Stratford I-95 SB Exits 32 - Main St.","state":"CT","provider":"Connecticut DOT","hls":null,"snapshot":"https://ctroads.org/map/Cctv/572","refreshMs":30000,"attribution":"Ora (Warner Varnado) · Connecticut DOT"}},{"type":"Feature","geometry":{"type":"Point","coordinates":[-73.115976,41.200948]},"properties":{"id":"ora-ct-265","name":"CAM 57 Stratford I-95 SB N/O Exit 32 - Rt. 1 & 110 (East Main St.)","state":"CT","provider":"Connecticut DOT","hls":null,"snapshot":"https://ctroads.org/map/Cctv/573","refreshMs":30000,"attribution":"Ora (Warner Varnado) · Connecticut DOT"}},{"type":"Feature","geometry":{"type":"Point","coordinates":[-73.1031,41.206598]},"properties":{"id":"ora-ct-266","name":"CAM 58 Milford I-95 SB N/O Exit 32 - Naugatuck Ave.","state":"CT","provider":"Connecticut DOT","hls":null,"snapshot":"https://ctroads.org/map/Cctv/574","refreshMs":30000,"attribution":"Ora (Warner Varnado) · Connecticut DOT"}},{"type":"Feature","geometry":{"type":"Point","coordinates":[-73.09341,41.208076]},"properties":{"id":"ora-ct-267","name":"CAM 59 Milford I-95 NB Exit 34 - Rt. 1 (Bridgeport Ave.)","state":"CT","provider":"Connecticut DOT","hls":null,"snapshot":"https://ctroads.org/map/Cctv/575","refreshMs":30000,"attribution":"Ora (Warner Varnado) · Connecticut DOT"}},{"type":"Feature","geometry":{"type":"Point","coordinates":[-73.087855,41.213772]},"properties":{"id":"ora-ct-268","name":"CAM 60 Milford I-95 SB Exit 35 - School House Rd.","state":"CT","provider":"Connecticut DOT","hls":null,"snapshot":"https://ctroads.org/map/Cctv/576","refreshMs":30000,"attribution":"Ora (Warner Varnado) · Connecticut DOT"}},{"type":"Feature","geometry":{"type":"Point","coordinates":[-73.078683,41.22175]},"properties":{"id":"ora-ct-269","name":"CAM 61 Milford I-95 NB Exit 36 - Plains Rd.","state":"CT","provider":"Connecticut DOT","hls":null,"snapshot":"https://ctroads.org/map/Cctv/577","refreshMs":30000,"attribution":"Ora (Warner Varnado) · Connecticut DOT"}},{"type":"Feature","geometry":{"type":"Point","coordinates":[-73.070395,41.232737]},"properties":{"id":"ora-ct-270","name":"CAM 62 Milford I-95 SB Exit 38 - Milford Parkway","state":"CT","provider":"Connecticut DOT","hls":null,"snapshot":"https://ctroads.org/map/Cctv/578","refreshMs":30000,"attribution":"Ora (Warner Varnado) · Connecticut DOT"}},{"type":"Feature","geometry":{"type":"Point","coordinates":[-73.062698,41.236796]},"properties":{"id":"ora-ct-271","name":"CAM 63 Milford I-95 SB Exit 38 - West River St.","state":"CT","provider":"Connecticut DOT","hls":null,"snapshot":"https://ctroads.org/map/Cctv/579","refreshMs":30000,"attribution":"Ora (Warner Varnado) · Connecticut DOT"}},{"type":"Feature","geometry":{"type":"Point","coordinates":[-73.05142,41.237081]},"properties":{"id":"ora-ct-272","name":"CAM 64 Milford I-95 SB Exit 38 - Orange Ave.","state":"CT","provider":"Connecticut DOT","hls":null,"snapshot":"https://ctroads.org/map/Cctv/580","refreshMs":30000,"attribution":"Ora (Warner Varnado) · Connecticut DOT"}},{"type":"Feature","geometry":{"type":"Point","coordinates":[-73.039753,41.233342]},"properties":{"id":"ora-ct-273","name":"CAM 65 Milford I-95 NB Exit 39B - Rt. 1 (Boston Post Rd.)","state":"CT","provider":"Connecticut DOT","hls":null,"snapshot":"https://ctroads.org/map/Cctv/581","refreshMs":30000,"attribution":"Ora (Warner Varnado) · Connecticut DOT"}},{"type":"Feature","geometry":{"type":"Point","coordinates":[-73.029494,41.234623]},"properties":{"id":"ora-ct-274","name":"CAM 66 Milford I-95 NB Exit 40 - East Town Rd.","state":"CT","provider":"Connecticut DOT","hls":null,"snapshot":"https://ctroads.org/map/Cctv/582","refreshMs":30000,"attribution":"Ora (Warner Varnado) · Connecticut DOT"}},{"type":"Feature","geometry":{"type":"Point","coordinates":[-73.020107,41.239331]},"properties":{"id":"ora-ct-275","name":"CAM 67 Milford I-95 NB Exit 40 - Woodmont Rd.","state":"CT","provider":"Connecticut DOT","hls":null,"snapshot":"https://ctroads.org/map/Cctv/583","refreshMs":30000,"attribution":"Ora (Warner Varnado) · Connecticut DOT"}},{"type":"Feature","geometry":{"type":"Point","coordinates":[-73.008845,41.246392]},"properties":{"id":"ora-ct-276","name":"CAM 68 Milford I-95 NB S/O Exit 41 - Milford Rest Area","state":"CT","provider":"Connecticut DOT","hls":null,"snapshot":"https://ctroads.org/map/Cctv/584","refreshMs":30000,"attribution":"Ora (Warner Varnado) · Connecticut DOT"}},{"type":"Feature","geometry":{"type":"Point","coordinates":[-72.976242,41.266876]},"properties":{"id":"ora-ct-277","name":"CAM 70 West Haven I-95 NB S/O Exit 42 - Allings Crossing Rd.","state":"CT","provider":"Connecticut DOT","hls":null,"snapshot":"https://ctroads.org/map/Cctv/585","refreshMs":30000,"attribution":"Ora (Warner Varnado) · Connecticut DOT"}},{"type":"Feature","geometry":{"type":"Point","coordinates":[-72.967481,41.276884]},"properties":{"id":"ora-ct-278","name":"CAM 71 West Haven I-95 SB N/O Exit 42 - Greta St.","state":"CT","provider":"Connecticut DOT","hls":null,"snapshot":"https://ctroads.org/map/Cctv/586","refreshMs":30000,"attribution":"Ora (Warner Varnado) · Connecticut DOT"}},{"type":"Feature","geometry":{"type":"Point","coordinates":[-72.949224,41.284334]},"properties":{"id":"ora-ct-279","name":"CAM 72 West Haven I-95 SB Exit 43 - Rt. 122 (First Ave.)","state":"CT","provider":"Connecticut DOT","hls":null,"snapshot":"https://ctroads.org/map/Cctv/587","refreshMs":30000,"attribution":"Ora (Warner Varnado) · Connecticut DOT"}},{"type":"Feature","geometry":{"type":"Point","coordinates":[-72.926602,41.285386]},"properties":{"id":"ora-ct-280","name":"CAM 74 New Haven I-95 NB S/O Exit 46 - Long Wharf Dr.","state":"CT","provider":"Connecticut DOT","hls":null,"snapshot":"https://ctroads.org/map/Cctv/588","refreshMs":30000,"attribution":"Ora (Warner Varnado) · Connecticut DOT"}},{"type":"Feature","geometry":{"type":"Point","coordinates":[-73.191328,41.206763]},"properties":{"id":"ora-ct-281","name":"CAM 227 Bridgeport RT-8 SB @ Exit 5 (Chopsey Hill Rd)","state":"CT","provider":"Connecticut DOT","hls":null,"snapshot":"https://ctroads.org/map/Cctv/589","refreshMs":30000,"attribution":"Ora (Warner Varnado) · Connecticut DOT"}},{"type":"Feature","geometry":{"type":"Point","coordinates":[-72.910877,41.302153]},"properties":{"id":"ora-ct-282","name":"CAM 78 New Haven I-95 MEDIAN Exit 48 - East St.","state":"CT","provider":"Connecticut DOT","hls":null,"snapshot":"https://ctroads.org/map/Cctv/590","refreshMs":30000,"attribution":"Ora (Warner Varnado) · Connecticut DOT"}},{"type":"Feature","geometry":{"type":"Point","coordinates":[-72.899828,41.291666]},"properties":{"id":"ora-ct-283","name":"CAM 79 New Haven I-95 NB Exit 50 - Fulton Ter.","state":"CT","provider":"Connecticut DOT","hls":null,"snapshot":"https://ctroads.org/map/Cctv/591","refreshMs":30000,"attribution":"Ora (Warner Varnado) · Connecticut DOT"}},{"type":"Feature","geometry":{"type":"Point","coordinates":[-72.875995,41.285575]},"properties":{"id":"ora-ct-284","name":"CAM 80 East Haven I-95 SB Exit 51 - Rt. 1 (Frontage Rd.)","state":"CT","provider":"Connecticut DOT","hls":null,"snapshot":"https://ctroads.org/map/Cctv/592","refreshMs":30000,"attribution":"Ora (Warner Varnado) · Connecticut DOT"}},{"type":"Feature","geometry":{"type":"Point","coordinates":[-72.862167,41.281848]},"properties":{"id":"ora-ct-285","name":"CAM 81 East Haven I-95 NB Exit 53 - S/O Hosley Ave.","state":"CT","provider":"Connecticut DOT","hls":null,"snapshot":"https://ctroads.org/map/Cctv/593","refreshMs":30000,"attribution":"Ora (Warner Varnado) · Connecticut DOT"}},{"type":"Feature","geometry":{"type":"Point","coordinates":[-72.852548,41.283133]},"properties":{"id":"ora-ct-286","name":"CAM 82 Branford I-95 NB Exits 53 - Hosley Ave.","state":"CT","provider":"Connecticut DOT","hls":null,"snapshot":"https://ctroads.org/map/Cctv/594","refreshMs":30000,"attribution":"Ora (Warner Varnado) · Connecticut DOT"}},{"type":"Feature","geometry":{"type":"Point","coordinates":[-72.841614,41.284682]},"properties":{"id":"ora-ct-287","name":"CAM 83 Branford I-95 NB Exit 53 - Rt. 1 (Branford Connector)","state":"CT","provider":"Connecticut DOT","hls":null,"snapshot":"https://ctroads.org/map/Cctv/595","refreshMs":30000,"attribution":"Ora (Warner Varnado) · Connecticut DOT"}},{"type":"Feature","geometry":{"type":"Point","coordinates":[-72.834143,41.285903]},"properties":{"id":"ora-ct-288","name":"CAM 84 Branford I-95 NB Exit 54 - Branford Rest Area","state":"CT","provider":"Connecticut DOT","hls":null,"snapshot":"https://ctroads.org/map/Cctv/596","refreshMs":30000,"attribution":"Ora (Warner Varnado) · Connecticut DOT"}},{"type":"Feature","geometry":{"type":"Point","coordinates":[-72.824355,41.28781]},"properties":{"id":"ora-ct-289","name":"CAM 85 Branford I-95 SB S/O Exit 54 - Todds Hill Rd.","state":"CT","provider":"Connecticut DOT","hls":null,"snapshot":"https://ctroads.org/map/Cctv/597","refreshMs":30000,"attribution":"Ora (Warner Varnado) · Connecticut DOT"}},{"type":"Feature","geometry":{"type":"Point","coordinates":[-72.80734,41.291889]},"properties":{"id":"ora-ct-290","name":"CAM 86 Branford I-95 SB N/O Exit 54 - N. Chestnut St.","state":"CT","provider":"Connecticut DOT","hls":null,"snapshot":"https://ctroads.org/map/Cctv/598","refreshMs":30000,"attribution":"Ora (Warner Varnado) · Connecticut DOT"}},{"type":"Feature","geometry":{"type":"Point","coordinates":[-72.79736,41.293156]},"properties":{"id":"ora-ct-291","name":"CAM 87 Branford I-95 NB S/O Exit 55 - Mill Plain Rd.","state":"CT","provider":"Connecticut DOT","hls":null,"snapshot":"https://ctroads.org/map/Cctv/599","refreshMs":30000,"attribution":"Ora (Warner Varnado) · Connecticut DOT"}},{"type":"Feature","geometry":{"type":"Point","coordinates":[-72.787682,41.2948]},"properties":{"id":"ora-ct-292","name":"CAM 88 Branford I-95 SB S/O Exit 55 - S/O Rt. 1 (E. Main St.)","state":"CT","provider":"Connecticut DOT","hls":null,"snapshot":"https://ctroads.org/map/Cctv/600","refreshMs":30000,"attribution":"Ora (Warner Varnado) · Connecticut DOT"}},{"type":"Feature","geometry":{"type":"Point","coordinates":[-72.779135,41.293342]},"properties":{"id":"ora-ct-293","name":"CAM 89 Branford I-95 NB N/O Exit 55 - N/O Rt. 1 (E. Main St.)","state":"CT","provider":"Connecticut DOT","hls":null,"snapshot":"https://ctroads.org/map/Cctv/601","refreshMs":30000,"attribution":"Ora (Warner Varnado) · Connecticut DOT"}},{"type":"Feature","geometry":{"type":"Point","coordinates":[-72.770771,41.29437]},"properties":{"id":"ora-ct-294","name":"CAM 90 Branford I-95 NB Exit 56 - S/O Leetes Island Rd.","state":"CT","provider":"Connecticut DOT","hls":null,"snapshot":"https://ctroads.org/map/Cctv/602","refreshMs":30000,"attribution":"Ora (Warner Varnado) · Connecticut DOT"}},{"type":"Feature","geometry":{"type":"Point","coordinates":[-72.758753,41.295998]},"properties":{"id":"ora-ct-295","name":"CAM 91 Branford I-95 NB Exit 56 - N/O Leetes Island Rd.","state":"CT","provider":"Connecticut DOT","hls":null,"snapshot":"https://ctroads.org/map/Cctv/603","refreshMs":30000,"attribution":"Ora (Warner Varnado) · Connecticut DOT"}},{"type":"Feature","geometry":{"type":"Point","coordinates":[-73.096712,41.246323]},"properties":{"id":"ora-ct-296","name":"CAM 96 Stratford CT 15 SB Exit 53 - Rt. 110 (Main St.)","state":"CT","provider":"Connecticut DOT","hls":null,"snapshot":"https://ctroads.org/map/Cctv/604","refreshMs":30000,"attribution":"Ora (Warner Varnado) · Connecticut DOT"}},{"type":"Feature","geometry":{"type":"Point","coordinates":[-73.086288,41.246448]},"properties":{"id":"ora-ct-297","name":"CAM 97 Milford CT 15 NB Exit 54 - Milford Parkway","state":"CT","provider":"Connecticut DOT","hls":null,"snapshot":"https://ctroads.org/map/Cctv/605","refreshMs":30000,"attribution":"Ora (Warner Varnado) · Connecticut DOT"}},{"type":"Feature","geometry":{"type":"Point","coordinates":[-73.077813,41.249708]},"properties":{"id":"ora-ct-298","name":"CAM 98 Milford CT 15 NB Exit 55A - Wheelers Farm Rd.","state":"CT","provider":"Connecticut DOT","hls":null,"snapshot":"https://ctroads.org/map/Cctv/606","refreshMs":30000,"attribution":"Ora (Warner Varnado) · Connecticut DOT"}},{"type":"Feature","geometry":{"type":"Point","coordinates":[-73.080168,41.241842]},"properties":{"id":"ora-ct-299","name":"CAM 99 Milford I-796 SB Milford Parkway - East Rutland Rd.","state":"CT","provider":"Connecticut DOT","hls":null,"snapshot":"https://ctroads.org/map/Cctv/607","refreshMs":30000,"attribution":"Ora (Warner Varnado) · Connecticut DOT"}},{"type":"Feature","geometry":{"type":"Point","coordinates":[-72.914034,41.311949]},"properties":{"id":"ora-ct-300","name":"CAM 129 New Haven I-91 SB Exit 3 - Trumbull St.","state":"CT","provider":"Connecticut DOT","hls":null,"snapshot":"https://ctroads.org/map/Cctv/608","refreshMs":30000,"attribution":"Ora (Warner Varnado) · Connecticut DOT"}},{"type":"Feature","geometry":{"type":"Point","coordinates":[-72.907808,41.314934]},"properties":{"id":"ora-ct-301","name":"CAM 130 New Haven I-91 NB Exit 5 - State St.","state":"CT","provider":"Connecticut DOT","hls":null,"snapshot":"https://ctroads.org/map/Cctv/609","refreshMs":30000,"attribution":"Ora (Warner Varnado) · Connecticut DOT"}},{"type":"Feature","geometry":{"type":"Point","coordinates":[-72.907468,41.316093]},"properties":{"id":"ora-ct-302","name":"CAM 131 New Haven I-91 SB Exit 4 - N/O East St.","state":"CT","provider":"Connecticut DOT","hls":null,"snapshot":"https://ctroads.org/map/Cctv/610","refreshMs":30000,"attribution":"Ora (Warner Varnado) · Connecticut DOT"}},{"type":"Feature","geometry":{"type":"Point","coordinates":[-72.901472,41.318632]},"properties":{"id":"ora-ct-303","name":"CAM 132 New Haven I-91 SB Exit 6 - Willow St.","state":"CT","provider":"Connecticut DOT","hls":null,"snapshot":"https://ctroads.org/map/Cctv/611","refreshMs":30000,"attribution":"Ora (Warner Varnado) · Connecticut DOT"}},{"type":"Feature","geometry":{"type":"Point","coordinates":[-72.896014,41.318379]},"properties":{"id":"ora-ct-304","name":"CAM 133 New Haven I-91 NB Exit 8 - N/O Ferry Street","state":"CT","provider":"Connecticut DOT","hls":null,"snapshot":"https://ctroads.org/map/Cctv/612","refreshMs":30000,"attribution":"Ora (Warner Varnado) · Connecticut DOT"}},{"type":"Feature","geometry":{"type":"Point","coordinates":[-72.885532,41.322018]},"properties":{"id":"ora-ct-305","name":"CAM 134 New Haven I-91 NB Exit 8 Off Ramp - Rt. 80 (Foxon Blvd.)","state":"CT","provider":"Connecticut DOT","hls":null,"snapshot":"https://ctroads.org/map/Cctv/613","refreshMs":30000,"attribution":"Ora (Warner Varnado) · Connecticut DOT"}},{"type":"Feature","geometry":{"type":"Point","coordinates":[-72.882134,41.324554]},"properties":{"id":"ora-ct-306","name":"CAM 135 New Haven I-91 NB Exit 8 Underpass - Rt. 80 (Middletown Ave.)","state":"CT","provider":"Connecticut DOT","hls":null,"snapshot":"https://ctroads.org/map/Cctv/614","refreshMs":30000,"attribution":"Ora (Warner Varnado) · Connecticut DOT"}},{"type":"Feature","geometry":{"type":"Point","coordinates":[-72.877044,41.332374]},"properties":{"id":"ora-ct-307","name":"CAM 136 New Haven I-91 NB S/O Exit 9 - N/O Rt. 17 (Middletown Ave.) I-91 NB on ramp","state":"CT","provider":"Connecticut DOT","hls":null,"snapshot":"https://ctroads.org/map/Cctv/615","refreshMs":30000,"attribution":"Ora (Warner Varnado) · Connecticut DOT"}},{"type":"Feature","geometry":{"type":"Point","coordinates":[-72.751903,41.296819]},"properties":{"id":"ora-ct-308","name":"CAM 137 Branford I-95 NB S/O Exit 57 - S/O Granite Rd.","state":"CT","provider":"Connecticut DOT","hls":null,"snapshot":"https://ctroads.org/map/Cctv/616","refreshMs":30000,"attribution":"Ora (Warner Varnado) · Connecticut DOT"}},{"type":"Feature","geometry":{"type":"Point","coordinates":[-72.737801,41.29739]},"properties":{"id":"ora-ct-309","name":"CAM 138 Guilford I-95 SB N/O Exit 56 - Granite Rd.","state":"CT","provider":"Connecticut DOT","hls":null,"snapshot":"https://ctroads.org/map/Cctv/617","refreshMs":30000,"attribution":"Ora (Warner Varnado) · Connecticut DOT"}},{"type":"Feature","geometry":{"type":"Point","coordinates":[-72.722392,41.297649]},"properties":{"id":"ora-ct-310","name":"CAM 139 Guilford I-95 SB N/O Exit 56 - Moose Hill Rd.","state":"CT","provider":"Connecticut DOT","hls":null,"snapshot":"https://ctroads.org/map/Cctv/618","refreshMs":30000,"attribution":"Ora (Warner Varnado) · Connecticut DOT"}},{"type":"Feature","geometry":{"type":"Point","coordinates":[-72.710767,41.297523]},"properties":{"id":"ora-ct-311","name":"CAM 140 Guilford I-95 SB S/O Exit 57 - S/O Rt. 1 (Boston Post Rd.)","state":"CT","provider":"Connecticut DOT","hls":null,"snapshot":"https://ctroads.org/map/Cctv/619","refreshMs":30000,"attribution":"Ora (Warner Varnado) · Connecticut DOT"}},{"type":"Feature","geometry":{"type":"Point","coordinates":[-72.703691,41.296969]},"properties":{"id":"ora-ct-312","name":"CAM 141 Guilford I-95 SB Exit 57 - Rt. 1 (Boston Post Rd.)","state":"CT","provider":"Connecticut DOT","hls":null,"snapshot":"https://ctroads.org/map/Cctv/620","refreshMs":30000,"attribution":"Ora (Warner Varnado) · Connecticut DOT"}},{"type":"Feature","geometry":{"type":"Point","coordinates":[-72.686515,41.295227]},"properties":{"id":"ora-ct-313","name":"CAM 142 Guilford I-95 NB Exit 58 - Rt. 77 (Church St.)","state":"CT","provider":"Connecticut DOT","hls":null,"snapshot":"https://ctroads.org/map/Cctv/621","refreshMs":30000,"attribution":"Ora (Warner Varnado) · Connecticut DOT"}},{"type":"Feature","geometry":{"type":"Point","coordinates":[-72.6767,41.293807]},"properties":{"id":"ora-ct-314","name":"CAM 143 Guilford I-95 SB N/O Exit 58 - N/O State St.","state":"CT","provider":"Connecticut DOT","hls":null,"snapshot":"https://ctroads.org/map/Cctv/622","refreshMs":30000,"attribution":"Ora (Warner Varnado) · Connecticut DOT"}},{"type":"Feature","geometry":{"type":"Point","coordinates":[-72.669757,41.290686]},"properties":{"id":"ora-ct-315","name":"CAM 144 Guilford I-95 NB Exit 59 - Goose Ln.","state":"CT","provider":"Connecticut DOT","hls":null,"snapshot":"https://ctroads.org/map/Cctv/623","refreshMs":30000,"attribution":"Ora (Warner Varnado) · Connecticut DOT"}},{"type":"Feature","geometry":{"type":"Point","coordinates":[-72.649514,41.288672]},"properties":{"id":"ora-ct-316","name":"CAM 146 Guilford I-95 NB S/O Exit 61 - East River Rd.","state":"CT","provider":"Connecticut DOT","hls":null,"snapshot":"https://ctroads.org/map/Cctv/624","refreshMs":30000,"attribution":"Ora (Warner Varnado) · Connecticut DOT"}},{"type":"Feature","geometry":{"type":"Point","coordinates":[-72.638484,41.288473]},"properties":{"id":"ora-ct-317","name":"CAM 147 Madison I-95 NB S/O Exit 61 - Willwood Ave.","state":"CT","provider":"Connecticut DOT","hls":null,"snapshot":"https://ctroads.org/map/Cctv/625","refreshMs":30000,"attribution":"Ora (Warner Varnado) · Connecticut DOT"}},{"type":"Feature","geometry":{"type":"Point","coordinates":[-72.611725,41.288123]},"properties":{"id":"ora-ct-318","name":"CAM 149 Madison I-95 SB N/O Exit 60 - Copes Rd.","state":"CT","provider":"Connecticut DOT","hls":null,"snapshot":"https://ctroads.org/map/Cctv/626","refreshMs":30000,"attribution":"Ora (Warner Varnado) · Connecticut DOT"}},{"type":"Feature","geometry":{"type":"Point","coordinates":[-72.601996,41.287612]},"properties":{"id":"ora-ct-319","name":"CAM 150 Madison I-95 NB Exit 61 - Rt. 79 (Durham Rd.)","state":"CT","provider":"Connecticut DOT","hls":null,"snapshot":"https://ctroads.org/map/Cctv/627","refreshMs":30000,"attribution":"Ora (Warner Varnado) · Connecticut DOT"}},{"type":"Feature","geometry":{"type":"Point","coordinates":[-72.593368,41.289176]},"properties":{"id":"ora-ct-320","name":"CAM 151 Madison I-95 NB S/O Exit 62 - S/O Horse Pond Rd.","state":"CT","provider":"Connecticut DOT","hls":null,"snapshot":"https://ctroads.org/map/Cctv/628","refreshMs":30000,"attribution":"Ora (Warner Varnado) · Connecticut DOT"}},{"type":"Feature","geometry":{"type":"Point","coordinates":[-72.580378,41.291247]},"properties":{"id":"ora-ct-321","name":"CAM 152 Madison I-95 SB Exit 61 - Madison Rest Area","state":"CT","provider":"Connecticut DOT","hls":null,"snapshot":"https://ctroads.org/map/Cctv/629","refreshMs":30000,"attribution":"Ora (Warner Varnado) · Connecticut DOT"}},{"type":"Feature","geometry":{"type":"Point","coordinates":[-72.558682,41.288363]},"properties":{"id":"ora-ct-322","name":"CAM 154 Clinton I-95 NB N/O Exit 62 - N/O Hammonasset Connector","state":"CT","provider":"Connecticut DOT","hls":null,"snapshot":"https://ctroads.org/map/Cctv/630","refreshMs":30000,"attribution":"Ora (Warner Varnado) · Connecticut DOT"}},{"type":"Feature","geometry":{"type":"Point","coordinates":[-72.536366,41.287398]},"properties":{"id":"ora-ct-323","name":"CAM 156 Clinton I-95 NB S/O Exit 63 - Cow Hill Rd.","state":"CT","provider":"Connecticut DOT","hls":null,"snapshot":"https://ctroads.org/map/Cctv/631","refreshMs":30000,"attribution":"Ora (Warner Varnado) · Connecticut DOT"}},{"type":"Feature","geometry":{"type":"Point","coordinates":[-72.528448,41.28811]},"properties":{"id":"ora-ct-324","name":"CAM 157 Clinton I-95 NB Exit 63 - High St.","state":"CT","provider":"Connecticut DOT","hls":null,"snapshot":"https://ctroads.org/map/Cctv/632","refreshMs":30000,"attribution":"Ora (Warner Varnado) · Connecticut DOT"}},{"type":"Feature","geometry":{"type":"Point","coordinates":[-72.522469,41.288969]},"properties":{"id":"ora-ct-325","name":"CAM 158 Clinton I-95 SB Exit 63 - N/O High St.","state":"CT","provider":"Connecticut DOT","hls":null,"snapshot":"https://ctroads.org/map/Cctv/633","refreshMs":30000,"attribution":"Ora (Warner Varnado) · Connecticut DOT"}},{"type":"Feature","geometry":{"type":"Point","coordinates":[-72.500647,41.289787]},"properties":{"id":"ora-ct-326","name":"CAM 160 Clinton I-95 NB S/O Exit 64 - S/O Chapman Mill Pond Rd.","state":"CT","provider":"Connecticut DOT","hls":null,"snapshot":"https://ctroads.org/map/Cctv/634","refreshMs":30000,"attribution":"Ora (Warner Varnado) · Connecticut DOT"}},{"type":"Feature","geometry":{"type":"Point","coordinates":[-72.487845,41.294319]},"properties":{"id":"ora-ct-327","name":"CAM 161 Westbrook I-95 SB Exit 64 - Rt. 145 (Horse Hill Rd.)","state":"CT","provider":"Connecticut DOT","hls":null,"snapshot":"https://ctroads.org/map/Cctv/635","refreshMs":30000,"attribution":"Ora (Warner Varnado) · Connecticut DOT"}},{"type":"Feature","geometry":{"type":"Point","coordinates":[-72.109929,41.544568]},"properties":{"id":"ora-ct-328","name":"CAM 181 Norwich I-395 SB Exit 13 - Rt. 2 & Rt. 32","state":"CT","provider":"Connecticut DOT","hls":null,"snapshot":"https://ctroads.org/map/Cctv/636","refreshMs":30000,"attribution":"Ora (Warner Varnado) · Connecticut DOT"}},{"type":"Feature","geometry":{"type":"Point","coordinates":[-72.118108,41.51193]},"properties":{"id":"ora-ct-329","name":"CAM 182 Norwich I-395 SB  - I-395 SB Exit 11 - Rt. 82 (Salem Tpke.)","state":"CT","provider":"Connecticut DOT","hls":null,"snapshot":"https://ctroads.org/map/Cctv/637","refreshMs":30000,"attribution":"Ora (Warner Varnado) · Connecticut DOT"}},{"type":"Feature","geometry":{"type":"Point","coordinates":[-72.114496,41.506472]},"properties":{"id":"ora-ct-330","name":"CAM 183 Norwich I-395 NB Exit 11 - Rt. 82 (Salem Tpk.)","state":"CT","provider":"Connecticut DOT","hls":null,"snapshot":"https://ctroads.org/map/Cctv/638","refreshMs":30000,"attribution":"Ora (Warner Varnado) · Connecticut DOT"}},{"type":"Feature","geometry":{"type":"Point","coordinates":[-72.11411,41.491297]},"properties":{"id":"ora-ct-331","name":"CAM 184 Montville I-395 NB Exit 9 - Rt. 2A on ramp","state":"CT","provider":"Connecticut DOT","hls":null,"snapshot":"https://ctroads.org/map/Cctv/639","refreshMs":30000,"attribution":"Ora (Warner Varnado) · Connecticut DOT"}},{"type":"Feature","geometry":{"type":"Point","coordinates":[-72.116787,41.472868]},"properties":{"id":"ora-ct-332","name":"CAM 185 Montville I-395 SB N/O Exit 6 - Montville Rest Area","state":"CT","provider":"Connecticut DOT","hls":null,"snapshot":"https://ctroads.org/map/Cctv/640","refreshMs":30000,"attribution":"Ora (Warner Varnado) · Connecticut DOT"}},{"type":"Feature","geometry":{"type":"Point","coordinates":[-72.391225,41.299342]},"properties":{"id":"ora-ct-333","name":"CAM 186 Old Saybrook I-95 NB S/O Exit 67 - Elm St.","state":"CT","provider":"Connecticut DOT","hls":null,"snapshot":"https://ctroads.org/map/Cctv/641","refreshMs":30000,"attribution":"Ora (Warner Varnado) · Connecticut DOT"}},{"type":"Feature","geometry":{"type":"Point","coordinates":[-72.380887,41.304596]},"properties":{"id":"ora-ct-334","name":"CAM 187 Old Saybrook I-95 NB Exit 67 - Rt. 154 (Middlesex Tpke.)","state":"CT","provider":"Connecticut DOT","hls":null,"snapshot":"https://ctroads.org/map/Cctv/642","refreshMs":30000,"attribution":"Ora (Warner Varnado) · Connecticut DOT"}},{"type":"Feature","geometry":{"type":"Point","coordinates":[-72.358813,41.316718]},"properties":{"id":"ora-ct-335","name":"CAM 188 Old Saybrook I-95 SB Exit 69 - Rt. 9","state":"CT","provider":"Connecticut DOT","hls":null,"snapshot":"https://ctroads.org/map/Cctv/643","refreshMs":30000,"attribution":"Ora (Warner Varnado) · Connecticut DOT"}},{"type":"Feature","geometry":{"type":"Point","coordinates":[-72.342911,41.319899]},"properties":{"id":"ora-ct-336","name":"CAM 189 Old Lyme I-95 SB Exit 70 - Rt. 1 & 156 (Neck Rd.)","state":"CT","provider":"Connecticut DOT","hls":null,"snapshot":"https://ctroads.org/map/Cctv/644","refreshMs":30000,"attribution":"Ora (Warner Varnado) · Connecticut DOT"}},{"type":"Feature","geometry":{"type":"Point","coordinates":[-72.325351,41.323419]},"properties":{"id":"ora-ct-337","name":"CAM 190 Old Lyme I-95 SB Exit 70 - Lyme St.","state":"CT","provider":"Connecticut DOT","hls":null,"snapshot":"https://ctroads.org/map/Cctv/645","refreshMs":30000,"attribution":"Ora (Warner Varnado) · Connecticut DOT"}},{"type":"Feature","geometry":{"type":"Point","coordinates":[-72.255988,41.323246]},"properties":{"id":"ora-ct-338","name":"CAM 191 East Lyme I-95 NB Exit 71 - Four Mile River Rd.","state":"CT","provider":"Connecticut DOT","hls":null,"snapshot":"https://ctroads.org/map/Cctv/646","refreshMs":30000,"attribution":"Ora (Warner Varnado) · Connecticut DOT"}},{"type":"Feature","geometry":{"type":"Point","coordinates":[-72.208863,41.361424]},"properties":{"id":"ora-ct-339","name":"CAM 192 East Lyme I-95 NB Exit 74 - Rt. 161 (Flanders Rd.)","state":"CT","provider":"Connecticut DOT","hls":null,"snapshot":"https://ctroads.org/map/Cctv/647","refreshMs":30000,"attribution":"Ora (Warner Varnado) · Connecticut DOT"}},{"type":"Feature","geometry":{"type":"Point","coordinates":[-72.203522,41.368503]},"properties":{"id":"ora-ct-340","name":"CAM 193 East Lyme I-95 SB Exit 75 - Rt. 1 (Boston Post Rd.)","state":"CT","provider":"Connecticut DOT","hls":null,"snapshot":"https://ctroads.org/map/Cctv/648","refreshMs":30000,"attribution":"Ora (Warner Varnado) · Connecticut DOT"}},{"type":"Feature","geometry":{"type":"Point","coordinates":[-72.196045,41.373975]},"properties":{"id":"ora-ct-341","name":"CAM 194 East Lyme I-95 NB Exit 76 - I-395","state":"CT","provider":"Connecticut DOT","hls":null,"snapshot":"https://ctroads.org/map/Cctv/649","refreshMs":30000,"attribution":"Ora (Warner Varnado) · Connecticut DOT"}},{"type":"Feature","geometry":{"type":"Point","coordinates":[-72.189084,41.375013]},"properties":{"id":"ora-ct-342","name":"CAM 195 Waterford I-95 SB Exit 80 - Oil Mill Rd.","state":"CT","provider":"Connecticut DOT","hls":null,"snapshot":"https://ctroads.org/map/Cctv/650","refreshMs":30000,"attribution":"Ora (Warner Varnado) · Connecticut DOT"}},{"type":"Feature","geometry":{"type":"Point","coordinates":[-72.126009,41.371602]},"properties":{"id":"ora-ct-343","name":"CAM 197 Waterford I-95 SB Exit 82 - Vauxhall St. Ext.","state":"CT","provider":"Connecticut DOT","hls":null,"snapshot":"https://ctroads.org/map/Cctv/651","refreshMs":30000,"attribution":"Ora (Warner Varnado) · Connecticut DOT"}},{"type":"Feature","geometry":{"type":"Point","coordinates":[-72.108617,41.366944]},"properties":{"id":"ora-ct-344","name":"CAM 198 New London I-95 SB Exit 83 - Rt. 1 at Briggs St.","state":"CT","provider":"Connecticut DOT","hls":null,"snapshot":"https://ctroads.org/map/Cctv/652","refreshMs":30000,"attribution":"Ora (Warner Varnado) · Connecticut DOT"}},{"type":"Feature","geometry":{"type":"Point","coordinates":[-72.10231,41.36403]},"properties":{"id":"ora-ct-345","name":"CAM 199 New London I-95 NB Exit 83 - Williams St.","state":"CT","provider":"Connecticut DOT","hls":null,"snapshot":"https://ctroads.org/map/Cctv/653","refreshMs":30000,"attribution":"Ora (Warner Varnado) · Connecticut DOT"}},{"type":"Feature","geometry":{"type":"Point","coordinates":[-72.07225,41.364942]},"properties":{"id":"ora-ct-346","name":"CAM 200 Groton I-95 SB Exit 86 - Rt. 184 & 12 (Long Hill Rd.)","state":"CT","provider":"Connecticut DOT","hls":null,"snapshot":"https://ctroads.org/map/Cctv/654","refreshMs":30000,"attribution":"Ora (Warner Varnado) · Connecticut DOT"}}]}