{"type":"FeatureCollection","features":[{"type":"Feature","geometry":{"type":"Point","coordinates":[-157.843628,21.28962]},"properties":{"id":"ora-hi-0","name":"Ala Moana and Ala Moana Makai Exit","state":"HI","provider":"Hawaii DOT","hls":"https://cdn3.wowza.com/5/SXBEWXZIK3ZOTG5U/W1CCHNL_A/TL-0001_Ala_Moana_and_Ala_Moana_Makai_Exit.stream/playlist.m3u8","snapshot":"https://betaimageserver.goakamai.org/SnapShot/320x240/TL-0001.jpg","refreshMs":30000,"attribution":"Ora (Warner Varnado) · Hawaii DOT"}},{"type":"Feature","geometry":{"type":"Point","coordinates":[-157.841339,21.28909]},"properties":{"id":"ora-hi-1","name":"Ala Moana and Atkinson","state":"HI","provider":"Hawaii DOT","hls":"https://cdn3.wowza.com/5/SXBEWXZIK3ZOTG5U/W1CCHNL_A/TL-0002_Ala_Moana_and_Atkinson.stream/playlist.m3u8","snapshot":"https://betaimageserver.goakamai.org/SnapShot/320x240/TL-0002.jpg","refreshMs":30000,"attribution":"Ora (Warner Varnado) · Hawaii DOT"}},{"type":"Feature","geometry":{"type":"Point","coordinates":[-157.860855,21.296629]},"properties":{"id":"ora-hi-2","name":"Ala Moana and Cooke","state":"HI","provider":"Hawaii DOT","hls":"https://cdn3.wowza.com/5/WTN5aDFuVUlKU1cv/W3CCHNL/TL-0353_Ala_Moana_and_Cooke.stream/playlist.m3u8","snapshot":"https://betaimageserver.goakamai.org/SnapShot/320x240/TL-0353.jpg","refreshMs":30000,"attribution":"Ora (Warner Varnado) · Hawaii DOT"}},{"type":"Feature","geometry":{"type":"Point","coordinates":[-157.838745,21.2855568]},"properties":{"id":"ora-hi-3","name":"Ala Moana and Hobron","state":"HI","provider":"Hawaii DOT","hls":"https://cdn3.wowza.com/5/SXBEWXZIK3ZOTG5U/W1CCHNL_A/TL-0226_Ala_Moana_and_Hobron.stream/playlist.m3u8","snapshot":"https://betaimageserver.goakamai.org/SnapShot/320x240/TL-0226.jpg","refreshMs":30000,"attribution":"Ora (Warner Varnado) · Hawaii DOT"}},{"type":"Feature","geometry":{"type":"Point","coordinates":[-157.837555,21.2845764]},"properties":{"id":"ora-hi-4","name":"Ala Moana and Kahanamoku","state":"HI","provider":"Hawaii DOT","hls":"https://cdn3.wowza.com/5/SXBEWXZIK3ZOTG5U/W1CCHNL_A/TL-0198_Ala_Moana_and_Kahanamoku.stream/playlist.m3u8","snapshot":"https://betaimageserver.goakamai.org/SnapShot/320x240/TL-0198.jpg","refreshMs":30000,"attribution":"Ora (Warner Varnado) · Hawaii DOT"}},{"type":"Feature","geometry":{"type":"Point","coordinates":[-157.8357,21.28489]},"properties":{"id":"ora-hi-5","name":"Ala Moana and Kalia","state":"HI","provider":"Hawaii DOT","hls":"https://cdn3.wowza.com/5/SXBEWXZIK3ZOTG5U/W1CCHNL_A/TL-0003_Ala_Moana_and_Kalia.stream/playlist.m3u8","snapshot":"https://betaimageserver.goakamai.org/SnapShot/320x240/TL-0003.jpg","refreshMs":30000,"attribution":"Ora (Warner Varnado) · Hawaii DOT"}},{"type":"Feature","geometry":{"type":"Point","coordinates":[-157.853973,21.293045]},"properties":{"id":"ora-hi-6","name":"Ala Moana and Kamakee","state":"HI","provider":"Hawaii DOT","hls":"https://cdn3.wowza.com/5/SXBEWXZIK3ZOTG5U/W1CCHNL_A/TL-0004_Ala_Moana_and_Kamakee.stream/playlist.m3u8","snapshot":"https://betaimageserver.goakamai.org/SnapShot/320x240/TL-0004.jpg","refreshMs":30000,"attribution":"Ora (Warner Varnado) · Hawaii DOT"}},{"type":"Feature","geometry":{"type":"Point","coordinates":[-157.8478,21.29094]},"properties":{"id":"ora-hi-7","name":"Ala Moana and Piikoi","state":"HI","provider":"Hawaii DOT","hls":"https://cdn3.wowza.com/5/SXBEWXZIK3ZOTG5U/W1CCHNL_A/TL-0005_Ala_Moana_and_Piikoi.stream/playlist.m3u8","snapshot":"https://betaimageserver.goakamai.org/SnapShot/320x240/TL-0005.jpg","refreshMs":30000,"attribution":"Ora (Warner Varnado) · Hawaii DOT"}},{"type":"Feature","geometry":{"type":"Point","coordinates":[-157.8633,21.3019714]},"properties":{"id":"ora-hi-8","name":"Ala Moana and Punchbowl","state":"HI","provider":"Hawaii DOT","hls":"https://cdn3.wowza.com/5/WTN5aDFuVUlKU1cv/W3CCHNL/TL-0354_Ala_Moana_and_Punchbowl.stream/playlist.m3u8","snapshot":"https://betaimageserver.goakamai.org/SnapShot/320x240/TL-0354.jpg","refreshMs":30000,"attribution":"Ora (Warner Varnado) · Hawaii DOT"}},{"type":"Feature","geometry":{"type":"Point","coordinates":[-157.857773,21.295]},"properties":{"id":"ora-hi-9","name":"Ala Moana and Ward","state":"HI","provider":"Hawaii DOT","hls":"https://cdn3.wowza.com/5/SXBEWXZIK3ZOTG5U/W1CCHNL_A/TL-0006_Ala_Moana_and_Ward.stream/playlist.m3u8","snapshot":"https://betaimageserver.goakamai.org/SnapShot/320x240/TL-0006.jpg","refreshMs":30000,"attribution":"Ora (Warner Varnado) · Hawaii DOT"}},{"type":"Feature","geometry":{"type":"Point","coordinates":[-157.823044,21.27924]},"properties":{"id":"ora-hi-10","name":"Ala Wai and Kanekapolei","state":"HI","provider":"Hawaii DOT","hls":"https://cdn3.wowza.com/5/SXBEWXZIK3ZOTG5U/W1CCHNL_A/TL-0007_Ala_Wai_and_Kanekapolei.stream/playlist.m3u8","snapshot":"https://betaimageserver.goakamai.org/SnapShot/320x240/TL-0007.jpg","refreshMs":30000,"attribution":"Ora (Warner Varnado) · Hawaii DOT"}},{"type":"Feature","geometry":{"type":"Point","coordinates":[-157.816513,21.27377]},"properties":{"id":"ora-hi-11","name":"Ala Wai and Kapahulu","state":"HI","provider":"Hawaii DOT","hls":"https://cdn3.wowza.com/5/SXBEWXZIK3ZOTG5U/W1CCHNL_A/TL-0217_Ala_Wai_and_Kapahulu.stream/playlist.m3u8","snapshot":"https://betaimageserver.goakamai.org/SnapShot/320x240/TL-0217.jpg","refreshMs":30000,"attribution":"Ora (Warner Varnado) · Hawaii DOT"}},{"type":"Feature","geometry":{"type":"Point","coordinates":[-157.8207,21.2772789]},"properties":{"id":"ora-hi-12","name":"Ala Wai and Liliokalani","state":"HI","provider":"Hawaii DOT","hls":"https://cdn3.wowza.com/5/SXBEWXZIK3ZOTG5U/W1CCHNL_A/TL-0199_Ala_Wai_and_Liliokalani.stream/playlist.m3u8","snapshot":"https://betaimageserver.goakamai.org/SnapShot/320x240/TL-0199.jpg","refreshMs":30000,"attribution":"Ora (Warner Varnado) · Hawaii DOT"}},{"type":"Feature","geometry":{"type":"Point","coordinates":[-157.832886,21.28794]},"properties":{"id":"ora-hi-13","name":"Ala Wai and McCully","state":"HI","provider":"Hawaii DOT","hls":"https://cdn3.wowza.com/5/SXBEWXZIK3ZOTG5U/W1CCHNL_A/TL-0008_Ala_Wai_and_McCully.stream/playlist.m3u8","snapshot":"https://betaimageserver.goakamai.org/SnapShot/320x240/TL-0008.jpg","refreshMs":30000,"attribution":"Ora (Warner Varnado) · Hawaii DOT"}},{"type":"Feature","geometry":{"type":"Point","coordinates":[-157.829468,21.2847366]},"properties":{"id":"ora-hi-14","name":"Ala Wai and Olohana","state":"HI","provider":"Hawaii DOT","hls":"https://cdn3.wowza.com/5/SXBEWXZIK3ZOTG5U/W1CCHNL_A/TL-0201_Ala_Wai_and_Olohana.stream/playlist.m3u8","snapshot":"https://betaimageserver.goakamai.org/SnapShot/320x240/TL-0201.jpg","refreshMs":30000,"attribution":"Ora (Warner Varnado) · Hawaii DOT"}},{"type":"Feature","geometry":{"type":"Point","coordinates":[-157.825714,21.2815361]},"properties":{"id":"ora-hi-15","name":"Ala Wai and Seaside","state":"HI","provider":"Hawaii DOT","hls":"https://cdn3.wowza.com/5/SXBEWXZIK3ZOTG5U/W1CCHNL_A/TL-0200_Ala_Wai_and_Seaside.stream/playlist.m3u8","snapshot":"https://betaimageserver.goakamai.org/SnapShot/320x240/TL-0200.jpg","refreshMs":30000,"attribution":"Ora (Warner Varnado) · Hawaii DOT"}},{"type":"Feature","geometry":{"type":"Point","coordinates":[-157.872269,21.31881]},"properties":{"id":"ora-hi-16","name":"Alakawa St and Costco","state":"HI","provider":"Hawaii DOT","hls":"https://cdn3.wowza.com/5/WTN5aDFuVUlKU1cv/W3CCHNL/TL-0374_Alakawa_and_Costco.stream/playlist.m3u8","snapshot":"https://betaimageserver.goakamai.org/SnapShot/320x240/TL-0374.jpg","refreshMs":30000,"attribution":"Ora (Warner Varnado) · Hawaii DOT"}},{"type":"Feature","geometry":{"type":"Point","coordinates":[-157.859619,21.3087864]},"properties":{"id":"ora-hi-17","name":"Alakea and Hotel","state":"HI","provider":"Hawaii DOT","hls":"https://cdn3.wowza.com/5/SXBEWXZIK3ZOTG5U/W1CCHNL_A/TL-0193_Alakea_and_Hotel.stream/playlist.m3u8","snapshot":"https://betaimageserver.goakamai.org/SnapShot/320x240/TL-0193.jpg","refreshMs":30000,"attribution":"Ora (Warner Varnado) · Hawaii DOT"}},{"type":"Feature","geometry":{"type":"Point","coordinates":[-157.858765,21.31068]},"properties":{"id":"ora-hi-18","name":"Beretania and Bishop","state":"HI","provider":"Hawaii DOT","hls":"https://cdn3.wowza.com/5/SXBEWXZIK3ZOTG5U/W1CCHNL_A/TL-0010_Beretania_and_Bishop.stream/playlist.m3u8","snapshot":"https://betaimageserver.goakamai.org/SnapShot/320x240/TL-0010.jpg","refreshMs":30000,"attribution":"Ora (Warner Varnado) · Hawaii DOT"}},{"type":"Feature","geometry":{"type":"Point","coordinates":[-157.8395,21.30022]},"properties":{"id":"ora-hi-19","name":"Beretania and Keeaumoku","state":"HI","provider":"Hawaii DOT","hls":"https://cdn3.wowza.com/5/SXBEWXZIK3ZOTG5U/W1CCHNL_A/TL-0011_Beretania_and_Keeaumoku.stream/playlist.m3u8","snapshot":"https://betaimageserver.goakamai.org/SnapShot/320x240/TL-0011.jpg","refreshMs":30000,"attribution":"Ora (Warner Varnado) · Hawaii DOT"}},{"type":"Feature","geometry":{"type":"Point","coordinates":[-157.861221,21.3132839]},"properties":{"id":"ora-hi-20","name":"Beretania and Maunakea","state":"HI","provider":"Hawaii DOT","hls":null,"snapshot":"https://betaimageserver.goakamai.org/SnapShot/320x240/TL-0191.jpg","refreshMs":30000,"attribution":"Ora (Warner Varnado) · Hawaii DOT"}},{"type":"Feature","geometry":{"type":"Point","coordinates":[-157.829575,21.29665]},"properties":{"id":"ora-hi-21","name":"Beretania and McCully","state":"HI","provider":"Hawaii DOT","hls":"https://cdn3.wowza.com/5/SXBEWXZIK3ZOTG5U/W1CCHNL_A/TL-0012_Beretania_and_McCully.stream/playlist.m3u8","snapshot":"https://betaimageserver.goakamai.org/SnapShot/320x240/TL-0012.jpg","refreshMs":30000,"attribution":"Ora (Warner Varnado) · Hawaii DOT"}},{"type":"Feature","geometry":{"type":"Point","coordinates":[-157.843231,21.30159]},"properties":{"id":"ora-hi-22","name":"Beretania and Piikoi","state":"HI","provider":"Hawaii DOT","hls":"https://cdn3.wowza.com/5/SXBEWXZIK3ZOTG5U/W1CCHNL_A/TL-0013_Beretania_and_Piikoi.stream/playlist.m3u8","snapshot":"https://betaimageserver.goakamai.org/SnapShot/320x240/TL-0013.jpg","refreshMs":30000,"attribution":"Ora (Warner Varnado) · Hawaii DOT"}},{"type":"Feature","geometry":{"type":"Point","coordinates":[-157.835312,21.29868]},"properties":{"id":"ora-hi-23","name":"Beretania and Punahou","state":"HI","provider":"Hawaii DOT","hls":"https://cdn3.wowza.com/5/SXBEWXZIK3ZOTG5U/W1CCHNL_A/TL-0014_Beretania_and_Punahou.stream/playlist.m3u8","snapshot":"https://betaimageserver.goakamai.org/SnapShot/320x240/TL-0014.jpg","refreshMs":30000,"attribution":"Ora (Warner Varnado) · Hawaii DOT"}},{"type":"Feature","geometry":{"type":"Point","coordinates":[-157.855743,21.30682]},"properties":{"id":"ora-hi-24","name":"Beretania and Punchbowl","state":"HI","provider":"Hawaii DOT","hls":"https://cdn3.wowza.com/5/SXBEWXZIK3ZOTG5U/W1CCHNL_A/TL-0015_Beretania_and_Punchbowl.stream/playlist.m3u8","snapshot":"https://betaimageserver.goakamai.org/SnapShot/320x240/TL-0015.jpg","refreshMs":30000,"attribution":"Ora (Warner Varnado) · Hawaii DOT"}},{"type":"Feature","geometry":{"type":"Point","coordinates":[-157.857559,21.3088474]},"properties":{"id":"ora-hi-25","name":"Beretania and Richards","state":"HI","provider":"Hawaii DOT","hls":null,"snapshot":"https://betaimageserver.goakamai.org/SnapShot/320x240/TL-0192.jpg","refreshMs":30000,"attribution":"Ora (Warner Varnado) · Hawaii DOT"}},{"type":"Feature","geometry":{"type":"Point","coordinates":[-157.849442,21.30381]},"properties":{"id":"ora-hi-26","name":"Beretania and Ward","state":"HI","provider":"Hawaii DOT","hls":"https://cdn3.wowza.com/5/SXBEWXZIK3ZOTG5U/W1CCHNL_A/TL-0016_Beretania_and_Ward.stream/playlist.m3u8","snapshot":"https://betaimageserver.goakamai.org/SnapShot/320x240/TL-0016.jpg","refreshMs":30000,"attribution":"Ora (Warner Varnado) · Hawaii DOT"}},{"type":"Feature","geometry":{"type":"Point","coordinates":[-157.869873,21.32021]},"properties":{"id":"ora-hi-27","name":"Dillingham and Alakawa EB","state":"HI","provider":"Hawaii DOT","hls":"https://cdn3.wowza.com/5/SXBEWXZIK3ZOTG5U/W1CCHNL_A/TL-0017_Dillingham_and_Alakawa.stream/playlist.m3u8","snapshot":"https://betaimageserver.goakamai.org/SnapShot/320x240/TL-0017.jpg","refreshMs":30000,"attribution":"Ora (Warner Varnado) · Hawaii DOT"}},{"type":"Feature","geometry":{"type":"Point","coordinates":[-157.8871,21.33257]},"properties":{"id":"ora-hi-28","name":"Dillingham and Gaspro EB","state":"HI","provider":"Hawaii DOT","hls":"https://cdn3.wowza.com/5/WTN5aDFuVUlKU1cv/W3CCHNL/TL-0372_Dillingham_and_Gaspro_EB.stream/playlist.m3u8","snapshot":"https://betaimageserver.goakamai.org/SnapShot/320x240/TL-0372.jpg","refreshMs":30000,"attribution":"Ora (Warner Varnado) · Hawaii DOT"}},{"type":"Feature","geometry":{"type":"Point","coordinates":[-157.887283,21.3322]},"properties":{"id":"ora-hi-29","name":"Dillingham and Gaspro WB","state":"HI","provider":"Hawaii DOT","hls":"https://cdn3.wowza.com/5/WTN5aDFuVUlKU1cv/W3CCHNL/TL-0373_Dillingham_and_Gaspro_WB.stream/playlist.m3u8","snapshot":"https://betaimageserver.goakamai.org/SnapShot/320x240/TL-0373.jpg","refreshMs":30000,"attribution":"Ora (Warner Varnado) · Hawaii DOT"}},{"type":"Feature","geometry":{"type":"Point","coordinates":[-157.879456,21.32694]},"properties":{"id":"ora-hi-30","name":"Dillingham and Kalihi EB","state":"HI","provider":"Hawaii DOT","hls":"https://cdn3.wowza.com/5/SXBEWXZIK3ZOTG5U/W1CCHNL_A/TL-0018_Dillingham_and_Kalihi.stream/playlist.m3u8","snapshot":"https://betaimageserver.goakamai.org/SnapShot/320x240/TL-0018.jpg","refreshMs":30000,"attribution":"Ora (Warner Varnado) · Hawaii DOT"}},{"type":"Feature","geometry":{"type":"Point","coordinates":[-157.879456,21.32694]},"properties":{"id":"ora-hi-31","name":"Dillingham and Kalihi WB","state":"HI","provider":"Hawaii DOT","hls":"https://cdn3.wowza.com/5/SXBEWXZIK3ZOTG5U/W1CCHNL_A/TL-0376_Dillingham_and_Kalihi_WB.stream/playlist.m3u8","snapshot":"https://betaimageserver.goakamai.org/SnapShot/320x240/TL-0376.jpg","refreshMs":30000,"attribution":"Ora (Warner Varnado) · Hawaii DOT"}},{"type":"Feature","geometry":{"type":"Point","coordinates":[-157.887314,21.33241]},"properties":{"id":"ora-hi-32","name":"Dillingham and Middle","state":"HI","provider":"Hawaii DOT","hls":"https://cdn3.wowza.com/5/SXBEWXZIK3ZOTG5U/W1CCHNL_A/TL-0019_Dillingham_and_Middle.stream/playlist.m3u8","snapshot":"https://betaimageserver.goakamai.org/SnapShot/320x240/TL-0019.jpg","refreshMs":30000,"attribution":"Ora (Warner Varnado) · Hawaii DOT"}},{"type":"Feature","geometry":{"type":"Point","coordinates":[-157.882889,21.3298283]},"properties":{"id":"ora-hi-33","name":"Dillingham and Puuhale EB","state":"HI","provider":"Hawaii DOT","hls":"https://cdn3.wowza.com/5/WTN5aDFuVUlKU1cv/W3CCHNL/TL-0363_Dillingham_and_Puuhale.stream/playlist.m3u8","snapshot":"https://betaimageserver.goakamai.org/SnapShot/320x240/TL-0363.jpg","refreshMs":30000,"attribution":"Ora (Warner Varnado) · Hawaii DOT"}},{"type":"Feature","geometry":{"type":"Point","coordinates":[-157.882889,21.3298283]},"properties":{"id":"ora-hi-34","name":"Dillingham and Puuhale WB","state":"HI","provider":"Hawaii DOT","hls":"https://cdn3.wowza.com/5/WTN5aDFuVUlKU1cv/W3CCHNL/TL-0375_Dillingham_and_Puuhale_WB.stream/playlist.m3u8","snapshot":"https://betaimageserver.goakamai.org/SnapShot/320x240/TL-0375.jpg","refreshMs":30000,"attribution":"Ora (Warner Varnado) · Hawaii DOT"}},{"type":"Feature","geometry":{"type":"Point","coordinates":[-157.875824,21.32381]},"properties":{"id":"ora-hi-35","name":"Dillingham and Waiakamilo","state":"HI","provider":"Hawaii DOT","hls":"https://cdn3.wowza.com/5/SXBEWXZIK3ZOTG5U/W1CCHNL_A/TL-0020_Dillingham_and_Waiakamilo.stream/playlist.m3u8","snapshot":"https://betaimageserver.goakamai.org/SnapShot/320x240/TL-0020.jpg","refreshMs":30000,"attribution":"Ora (Warner Varnado) · Hawaii DOT"}},{"type":"Feature","geometry":{"type":"Point","coordinates":[-158.154053,21.3894672]},"properties":{"id":"ora-hi-36","name":"Farrington Hwy and Auyong Homestead Rd","state":"HI","provider":"Hawaii DOT","hls":"https://cdn3.wowza.com/5/WTN5aDFuVUlKU1cv/W3CCHNL/TL-0332_Farrington_and_Auyoung.stream/playlist.m3u8","snapshot":"https://betaimageserver.goakamai.org/SnapShot/320x240/TL-0332.jpg","refreshMs":30000,"attribution":"Ora (Warner Varnado) · Hawaii DOT"}},{"type":"Feature","geometry":{"type":"Point","coordinates":[-158.147049,21.3829956]},"properties":{"id":"ora-hi-37","name":"Farrington Hwy and Haleakala Ave","state":"HI","provider":"Hawaii DOT","hls":"https://cdn3.wowza.com/5/SXBEWXZIK3ZOTG5U/W1CCHNL_A/TL-0306_Farrington_and_Haleakala.stream/playlist.m3u8","snapshot":"https://betaimageserver.goakamai.org/SnapShot/320x240/TL-0306.jpg","refreshMs":30000,"attribution":"Ora (Warner Varnado) · Hawaii DOT"}},{"type":"Feature","geometry":{"type":"Point","coordinates":[-158.148682,21.3844872]},"properties":{"id":"ora-hi-38","name":"Farrington Hwy and Helelua St","state":"HI","provider":"Hawaii DOT","hls":"https://cdn3.wowza.com/5/SXBEWXZIK3ZOTG5U/W1CCHNL_A/TL-0309_Farrington_and_Helelua.stream/playlist.m3u8","snapshot":"https://betaimageserver.goakamai.org/SnapShot/320x240/TL-0309.jpg","refreshMs":30000,"attribution":"Ora (Warner Varnado) · Hawaii DOT"}},{"type":"Feature","geometry":{"type":"Point","coordinates":[-158.113052,21.562048]},"properties":{"id":"ora-hi-39","name":"Farrington Hwy and Kaukonahua Rd","state":"HI","provider":"Hawaii DOT","hls":"https://cdn3.wowza.com/5/SXBEWXZIK3ZOTG5U/W1CCHNL_A/TL-0318_Farrington_and_Kaukonahua.stream/playlist.m3u8","snapshot":"https://betaimageserver.goakamai.org/SnapShot/320x240/TL-0318.jpg","refreshMs":30000,"attribution":"Ora (Warner Varnado) · Hawaii DOT"}},{"type":"Feature","geometry":{"type":"Point","coordinates":[-158.072662,21.3420925]},"properties":{"id":"ora-hi-40","name":"Farrington Hwy and Kealanani Ave","state":"HI","provider":"Hawaii DOT","hls":"https://cdn3.wowza.com/5/SXBEWXZIK3ZOTG5U/W1CCHNL_A/TL-0255_Farrington_Hwy_and_Kealanani_Ave.stream/playlist.m3u8","snapshot":"https://betaimageserver.goakamai.org/SnapShot/320x240/TL-0255.jpg","refreshMs":30000,"attribution":"Ora (Warner Varnado) · Hawaii DOT"}},{"type":"Feature","geometry":{"type":"Point","coordinates":[-158.055374,21.36201]},"properties":{"id":"ora-hi-41","name":"Farrington Hwy and Kualakai Parkway","state":"HI","provider":"Hawaii DOT","hls":"https://cdn3.wowza.com/5/SXBEWXZIK3ZOTG5U/W1CCHNL_A/TL-0264_Farrington_and_Kualakai.stream/playlist.m3u8","snapshot":"https://betaimageserver.goakamai.org/SnapShot/320x240/TL-0264.jpg","refreshMs":30000,"attribution":"Ora (Warner Varnado) · Hawaii DOT"}},{"type":"Feature","geometry":{"type":"Point","coordinates":[-158.076111,21.3402843]},"properties":{"id":"ora-hi-42","name":"Farrington Hwy and Makakilo Drive and Fort Barrette Road #1","state":"HI","provider":"Hawaii DOT","hls":"https://cdn3.wowza.com/5/SXBEWXZIK3ZOTG5U/W1CCHNL_A/TL-0256_Farrington_and_Makakilo_1.stream/playlist.m3u8","snapshot":"https://betaimageserver.goakamai.org/SnapShot/320x240/TL-0256.jpg","refreshMs":30000,"attribution":"Ora (Warner Varnado) · Hawaii DOT"}},{"type":"Feature","geometry":{"type":"Point","coordinates":[-158.142426,21.3786926]},"properties":{"id":"ora-hi-43","name":"Farrington Hwy and Nanakuli Ave","state":"HI","provider":"Hawaii DOT","hls":"https://cdn3.wowza.com/5/SXBEWXZIK3ZOTG5U/W1CCHNL_A/TL-0307_Farrington_and_Nanakuli.stream/playlist.m3u8","snapshot":"https://betaimageserver.goakamai.org/SnapShot/320x240/TL-0307.jpg","refreshMs":30000,"attribution":"Ora (Warner Varnado) · Hawaii DOT"}},{"type":"Feature","geometry":{"type":"Point","coordinates":[-158.144318,21.3804436]},"properties":{"id":"ora-hi-44","name":"Farrington Hwy and Nanakuli Village","state":"HI","provider":"Hawaii DOT","hls":"https://cdn3.wowza.com/5/SXBEWXZIK3ZOTG5U/W1CCHNL_A/TL-0308_Farrington_and_Nanakuli_Village.stream/playlist.m3u8","snapshot":"https://betaimageserver.goakamai.org/SnapShot/320x240/TL-0308.jpg","refreshMs":30000,"attribution":"Ora (Warner Varnado) · Hawaii DOT"}},{"type":"Feature","geometry":{"type":"Point","coordinates":[-158.069031,21.3450756]},"properties":{"id":"ora-hi-45","name":"Farrington Hwy and Papaialulu Ave and Noulu St","state":"HI","provider":"Hawaii DOT","hls":"https://cdn3.wowza.com/5/SXBEWXZIK3ZOTG5U/W1CCHNL_A/TL-0254_Farrington_and_Papaialulu_and_Noulu.stream/playlist.m3u8","snapshot":"https://betaimageserver.goakamai.org/SnapShot/320x240/TL-0254.jpg","refreshMs":30000,"attribution":"Ora (Warner Varnado) · Hawaii DOT"}},{"type":"Feature","geometry":{"type":"Point","coordinates":[-158.159454,21.3943882]},"properties":{"id":"ora-hi-46","name":"Farrington Hwy and Princess Kahanu Ave","state":"HI","provider":"Hawaii DOT","hls":"https://cdn3.wowza.com/5/WTN5aDFuVUlKU1cv/W3CCHNL/TL-0333_Farrington_and_Princess.stream/playlist.m3u8","snapshot":"https://betaimageserver.goakamai.org/SnapShot/320x240/TL-0333.jpg","refreshMs":30000,"attribution":"Ora (Warner Varnado) · Hawaii DOT"}},{"type":"Feature","geometry":{"type":"Point","coordinates":[-158.026733,21.3761311]},"properties":{"id":"ora-hi-47","name":"Farrington and Ft. Weaver","state":"HI","provider":"Hawaii DOT","hls":"https://cdn3.wowza.com/5/SXBEWXZIK3ZOTG5U/W1CCHNL_A/TL-0023_Farrington_and_Fort_Weaver_WB.stream/playlist.m3u8","snapshot":"https://betaimageserver.goakamai.org/SnapShot/320x240/TL-0023.jpg","refreshMs":30000,"attribution":"Ora (Warner Varnado) · Hawaii DOT"}},{"type":"Feature","geometry":{"type":"Point","coordinates":[-157.985046,21.39589]},"properties":{"id":"ora-hi-48","name":"Farrington and H-1 Ramps","state":"HI","provider":"Hawaii DOT","hls":"https://cdn3.wowza.com/5/SXBEWXZIK3ZOTG5U/W1CCHNL_A/TL-0024_Farrington_and_H1_Ramps.stream/playlist.m3u8","snapshot":"https://betaimageserver.goakamai.org/SnapShot/320x240/TL-0024.jpg","refreshMs":30000,"attribution":"Ora (Warner Varnado) · Hawaii DOT"}},{"type":"Feature","geometry":{"type":"Point","coordinates":[-158.106827,21.3417072]},"properties":{"id":"ora-hi-49","name":"Farrington and Laaloa","state":"HI","provider":"Hawaii DOT","hls":"https://cdn3.wowza.com/5/SXBEWXZIK3ZOTG5U/W1CCHNL_A/TL-0223_Farrington_and_Laaloa.stream/playlist.m3u8","snapshot":"https://betaimageserver.goakamai.org/SnapShot/320x240/TL-0223.jpg","refreshMs":30000,"attribution":"Ora (Warner Varnado) · Hawaii DOT"}},{"type":"Feature","geometry":{"type":"Point","coordinates":[-158.023346,21.37791]},"properties":{"id":"ora-hi-50","name":"Farrington and Leoku St","state":"HI","provider":"Hawaii DOT","hls":"https://cdn3.wowza.com/5/SXBEWXZIK3ZOTG5U/W1CCHNL_A/TL-0026_Farrington_and_Leoku.stream/playlist.m3u8","snapshot":"https://betaimageserver.goakamai.org/SnapShot/320x240/TL-0026.jpg","refreshMs":30000,"attribution":"Ora (Warner Varnado) · Hawaii DOT"}},{"type":"Feature","geometry":{"type":"Point","coordinates":[-158.023346,21.37791]},"properties":{"id":"ora-hi-51","name":"Farrington and Leoku St WB","state":"HI","provider":"Hawaii DOT","hls":"https://cdn3.wowza.com/5/WTN5aDFuVUlKU1cv/W3CCHNL/TL-0347_Farrington_and_Leoku_WB.stream/playlist.m3u8","snapshot":"https://betaimageserver.goakamai.org/SnapShot/320x240/TL-0347.jpg","refreshMs":30000,"attribution":"Ora (Warner Varnado) · Hawaii DOT"}},{"type":"Feature","geometry":{"type":"Point","coordinates":[-157.998077,21.38667]},"properties":{"id":"ora-hi-52","name":"Farrington and Paiwa St","state":"HI","provider":"Hawaii DOT","hls":"https://cdn3.wowza.com/5/SXBEWXZIK3ZOTG5U/W1CCHNL_A/TL-0027_Farrington_and_Paiwa_WB.stream/playlist.m3u8","snapshot":"https://betaimageserver.goakamai.org/SnapShot/320x240/TL-0027.jpg","refreshMs":30000,"attribution":"Ora (Warner Varnado) · Hawaii DOT"}},{"type":"Feature","geometry":{"type":"Point","coordinates":[-158.01535,21.38178]},"properties":{"id":"ora-hi-53","name":"Farrington and Pupupuhi St","state":"HI","provider":"Hawaii DOT","hls":"https://cdn3.wowza.com/5/SXBEWXZIK3ZOTG5U/W1CCHNL_A/TL-0028_Farrington_and_Pupupuhi_WB.stream/playlist.m3u8","snapshot":"https://betaimageserver.goakamai.org/SnapShot/320x240/TL-0028.jpg","refreshMs":30000,"attribution":"Ora (Warner Varnado) · Hawaii DOT"}},{"type":"Feature","geometry":{"type":"Point","coordinates":[-158.006378,21.38353]},"properties":{"id":"ora-hi-54","name":"Farrington and Waipahu Depot Rd","state":"HI","provider":"Hawaii DOT","hls":"https://cdn3.wowza.com/5/SXBEWXZIK3ZOTG5U/W1CCHNL_A/TL-0029_Farrington_and_Waipahu_Depot_EB.stream/playlist.m3u8","snapshot":"https://betaimageserver.goakamai.org/SnapShot/320x240/TL-0029.jpg","refreshMs":30000,"attribution":"Ora (Warner Varnado) · Hawaii DOT"}},{"type":"Feature","geometry":{"type":"Point","coordinates":[-158.029053,21.36032]},"properties":{"id":"ora-hi-55","name":"Ft. Weaver and Aawa Dr","state":"HI","provider":"Hawaii DOT","hls":"https://cdn3.wowza.com/5/SXBEWXZIK3ZOTG5U/W1CCHNL_A/TL-0030_Fort_Weaver_and_Aawa.stream/playlist.m3u8","snapshot":"https://betaimageserver.goakamai.org/SnapShot/320x240/TL-0030.jpg","refreshMs":30000,"attribution":"Ora (Warner Varnado) · Hawaii DOT"}},{"type":"Feature","geometry":{"type":"Point","coordinates":[-158.028656,21.3540039]},"properties":{"id":"ora-hi-56","name":"Ft. Weaver and Family Service","state":"HI","provider":"Hawaii DOT","hls":"https://cdn3.wowza.com/5/SXBEWXZIK3ZOTG5U/W1CCHNL_A/TL-0031_Fort_Weaver_and_Family_Service.stream/playlist.m3u8","snapshot":"https://betaimageserver.goakamai.org/SnapShot/320x240/TL-0031.jpg","refreshMs":30000,"attribution":"Ora (Warner Varnado) · Hawaii DOT"}},{"type":"Feature","geometry":{"type":"Point","coordinates":[-158.022934,21.3337288]},"properties":{"id":"ora-hi-57","name":"Ft. Weaver and Geiger","state":"HI","provider":"Hawaii DOT","hls":"https://cdn3.wowza.com/5/SXBEWXZIK3ZOTG5U/W1CCHNL_A/TL-0032_Fort_Weaver_and_Geiger.stream/playlist.m3u8","snapshot":"https://betaimageserver.goakamai.org/SnapShot/320x240/TL-0032.jpg","refreshMs":30000,"attribution":"Ora (Warner Varnado) · Hawaii DOT"}},{"type":"Feature","geometry":{"type":"Point","coordinates":[-158.025146,21.3414173]},"properties":{"id":"ora-hi-58","name":"Ft. Weaver and Kolowaka","state":"HI","provider":"Hawaii DOT","hls":"https://cdn3.wowza.com/5/SXBEWXZIK3ZOTG5U/W1CCHNL_A/TL-0033_Fort_Weaver_and_Kolowaka.stream/playlist.m3u8","snapshot":"https://betaimageserver.goakamai.org/SnapShot/320x240/TL-0033.jpg","refreshMs":30000,"attribution":"Ora (Warner Varnado) · Hawaii DOT"}},{"type":"Feature","geometry":{"type":"Point","coordinates":[-158.025955,21.36977]},"properties":{"id":"ora-hi-59","name":"Ft. Weaver and Laulaunui","state":"HI","provider":"Hawaii DOT","hls":"https://cdn3.wowza.com/5/SXBEWXZIK3ZOTG5U/W1CCHNL_A/TL-0034_Fort_Weaver_and_Laulaunui.stream/playlist.m3u8","snapshot":"https://betaimageserver.goakamai.org/SnapShot/320x240/TL-0034.jpg","refreshMs":30000,"attribution":"Ora (Warner Varnado) · Hawaii DOT"}},{"type":"Feature","geometry":{"type":"Point","coordinates":[-157.8764,21.3350754]},"properties":{"id":"ora-hi-60","name":"Gulick and Beckley","state":"HI","provider":"Hawaii DOT","hls":"https://cdn3.wowza.com/5/WTN5aDFuVUlKU1cv/W3CCHNL/TL-0368_Gulick_and_Beckley.stream/playlist.m3u8","snapshot":"https://betaimageserver.goakamai.org/SnapShot/320x240/TL-0368.jpg","refreshMs":30000,"attribution":"Ora (Warner Varnado) · Hawaii DOT"}},{"type":"Feature","geometry":{"type":"Point","coordinates":[-158.040771,21.3786449]},"properties":{"id":"ora-hi-61","name":"H-1 - East of Honouliuli Stream 1","state":"HI","provider":"Hawaii DOT","hls":"https://cdn3.wowza.com/5/eGNPNml0UHc3RFFI/HDOT/TL-0322_H1_East_of_Honouliuli_Stream_1.stream/playlist.m3u8","snapshot":"https://betaimageserver.goakamai.org/SnapShot/320x240/TL-0322.jpg","refreshMs":30000,"attribution":"Ora (Warner Varnado) · Hawaii DOT"}},{"type":"Feature","geometry":{"type":"Point","coordinates":[-158.040771,21.3786449]},"properties":{"id":"ora-hi-62","name":"H-1 - East of Honouliuli Stream 2","state":"HI","provider":"Hawaii DOT","hls":"https://cdn3.wowza.com/5/eGNPNml0UHc3RFFI/HDOT/TL-0323_H1_East_of_Honouliuli_Stream_2.stream/playlist.m3u8","snapshot":"https://betaimageserver.goakamai.org/SnapShot/320x240/TL-0323.jpg","refreshMs":30000,"attribution":"Ora (Warner Varnado) · Hawaii DOT"}},{"type":"Feature","geometry":{"type":"Point","coordinates":[-158.009445,21.3959]},"properties":{"id":"ora-hi-63","name":"H-1 Interchange at Paiwa Street (Eastbound On-Off Ramp)","state":"HI","provider":"Hawaii DOT","hls":"https://cdn3.wowza.com/5/SXBEWXZIK3ZOTG5U/W1CCHNL_A/TL-0232_H1_and_Paiwa_EB.stream/playlist.m3u8","snapshot":"https://betaimageserver.goakamai.org/SnapShot/320x240/TL-0232.jpg","refreshMs":30000,"attribution":"Ora (Warner Varnado) · Hawaii DOT"}},{"type":"Feature","geometry":{"type":"Point","coordinates":[-158.00975,21.39647]},"properties":{"id":"ora-hi-64","name":"H-1 Interchange at Paiwa Street (Westbound On-Off Ramp)","state":"HI","provider":"Hawaii DOT","hls":"https://cdn3.wowza.com/5/SXBEWXZIK3ZOTG5U/W1CCHNL_A/TL-0233_H1_and_Paiwa_WB.stream/playlist.m3u8","snapshot":"https://betaimageserver.goakamai.org/SnapShot/320x240/TL-0233.jpg","refreshMs":30000,"attribution":"Ora (Warner Varnado) · Hawaii DOT"}},{"type":"Feature","geometry":{"type":"Point","coordinates":[-157.903488,21.3353252]},"properties":{"id":"ora-hi-65","name":"H-1 Viaduct (Eastbound)","state":"HI","provider":"Hawaii DOT","hls":"https://cdn3.wowza.com/5/SXBEWXZIK3ZOTG5U/W1CCHNL_A/TL-0057_H1_Viaduct_EB.stream/playlist.m3u8","snapshot":"https://betaimageserver.goakamai.org/SnapShot/320x240/TL-0057.jpg","refreshMs":30000,"attribution":"Ora (Warner Varnado) · Hawaii DOT"}},{"type":"Feature","geometry":{"type":"Point","coordinates":[-157.923111,21.3385811]},"properties":{"id":"ora-hi-66","name":"H-1 Viaduct (Westbound)","state":"HI","provider":"Hawaii DOT","hls":"https://cdn3.wowza.com/5/SXBEWXZIK3ZOTG5U/W1CCHNL_A/TL-0056_H1_Viaduct_WB.stream/playlist.m3u8","snapshot":"https://betaimageserver.goakamai.org/SnapShot/320x240/TL-0056.jpg","refreshMs":30000,"attribution":"Ora (Warner Varnado) · Hawaii DOT"}},{"type":"Feature","geometry":{"type":"Point","coordinates":[-157.8982,21.3344326]},"properties":{"id":"ora-hi-67","name":"H-1 Viaduct and Keehi","state":"HI","provider":"Hawaii DOT","hls":"https://cdn3.wowza.com/5/WTN5aDFuVUlKU1cv/W3CCHNL/TL-0348_H1_and_Keehi/playlist.m3u8","snapshot":"https://betaimageserver.goakamai.org/SnapShot/320x240/TL-0348.jpg","refreshMs":30000,"attribution":"Ora (Warner Varnado) · Hawaii DOT"}},{"type":"Feature","geometry":{"type":"Point","coordinates":[-157.858032,21.3186665]},"properties":{"id":"ora-hi-68","name":"H-1 and Aala St","state":"HI","provider":"Hawaii DOT","hls":"https://cdn3.wowza.com/5/eGNPNml0UHc3RFFI/HDOT/TL-0316_H1_and_Aala.stream/playlist.m3u8","snapshot":"https://betaimageserver.goakamai.org/SnapShot/320x240/TL-0316.jpg","refreshMs":30000,"attribution":"Ora (Warner Varnado) · Hawaii DOT"}},{"type":"Feature","geometry":{"type":"Point","coordinates":[-157.9291,21.37991]},"properties":{"id":"ora-hi-69","name":"H-1 and Aiea Heights Overpass","state":"HI","provider":"Hawaii DOT","hls":"https://cdn3.wowza.com/5/SXBEWXZIK3ZOTG5U/W1CCHNL_A/TL-0038_H1_and_Aiea_Heights_Overpass.stream/playlist.m3u8","snapshot":"https://betaimageserver.goakamai.org/SnapShot/320x240/TL-0038.jpg","refreshMs":30000,"attribution":"Ora (Warner Varnado) · Hawaii DOT"}},{"type":"Feature","geometry":{"type":"Point","coordinates":[-157.9851,21.39591]},"properties":{"id":"ora-hi-70","name":"H-1 and H-2 Merge (Eastbound)","state":"HI","provider":"Hawaii DOT","hls":"https://cdn3.wowza.com/5/SXBEWXZIK3ZOTG5U/W1CCHNL_A/TL-0039_H1_and_H2_Merge_EB.stream/playlist.m3u8","snapshot":"https://betaimageserver.goakamai.org/SnapShot/320x240/TL-0039.jpg","refreshMs":30000,"attribution":"Ora (Warner Varnado) · Hawaii DOT"}},{"type":"Feature","geometry":{"type":"Point","coordinates":[-157.985046,21.39589]},"properties":{"id":"ora-hi-71","name":"H-1 and H-2 Merge (Westbound)","state":"HI","provider":"Hawaii DOT","hls":"https://cdn3.wowza.com/5/SXBEWXZIK3ZOTG5U/W1CCHNL_A/TL-0040_H1_and_H2_Merge_WB.stream/playlist.m3u8","snapshot":"https://betaimageserver.goakamai.org/SnapShot/320x240/TL-0040.jpg","refreshMs":30000,"attribution":"Ora (Warner Varnado) · Hawaii DOT"}},{"type":"Feature","geometry":{"type":"Point","coordinates":[-157.869873,21.3302746]},"properties":{"id":"ora-hi-72","name":"H-1 and Houghtailing","state":"HI","provider":"Hawaii DOT","hls":"https://cdn3.wowza.com/5/eGNPNml0UHc3RFFI/HDOT/TL-0227_H1_and_Houghtailing.stream/playlist.m3u8","snapshot":"https://betaimageserver.goakamai.org/SnapShot/320x240/TL-0227.jpg","refreshMs":30000,"attribution":"Ora (Warner Varnado) · Hawaii DOT"}},{"type":"Feature","geometry":{"type":"Point","coordinates":[-157.953,21.39302]},"properties":{"id":"ora-hi-73","name":"H-1 and Kaahumanu (Eastbound)","state":"HI","provider":"Hawaii DOT","hls":"https://cdn3.wowza.com/5/SXBEWXZIK3ZOTG5U/W1CCHNL_A/TL-0041_H1_and_Kaahumanu_EB.stream/playlist.m3u8","snapshot":"https://betaimageserver.goakamai.org/SnapShot/320x240/TL-0041.jpg","refreshMs":30000,"attribution":"Ora (Warner Varnado) · Hawaii DOT"}},{"type":"Feature","geometry":{"type":"Point","coordinates":[-157.953,21.39302]},"properties":{"id":"ora-hi-74","name":"H-1 and Kaahumanu (Westbound)","state":"HI","provider":"Hawaii DOT","hls":"https://cdn3.wowza.com/5/SXBEWXZIK3ZOTG5U/W1CCHNL_A/TL-0042_H1_and_Kaahumanu_WB.stream/playlist.m3u8","snapshot":"https://betaimageserver.goakamai.org/SnapShot/320x240/TL-0042.jpg","refreshMs":30000,"attribution":"Ora (Warner Varnado) · Hawaii DOT"}},{"type":"Feature","geometry":{"type":"Point","coordinates":[-157.9325,21.38435]},"properties":{"id":"ora-hi-75","name":"H-1 and Kaamilo St","state":"HI","provider":"Hawaii DOT","hls":"https://cdn3.wowza.com/5/N1F1WWg0R212YlFL/W3CCHNL/TL-0343_H1_and_Kaamilo_St.stream/playlist.m3u8","snapshot":"https://betaimageserver.goakamai.org/SnapShot/320x240/TL-0343.jpg","refreshMs":30000,"attribution":"Ora (Warner Varnado) · Hawaii DOT"}},{"type":"Feature","geometry":{"type":"Point","coordinates":[-157.928848,21.36556]},"properties":{"id":"ora-hi-76","name":"H-1 and Kahuapaani","state":"HI","provider":"Hawaii DOT","hls":"https://cdn3.wowza.com/5/eGNPNml0UHc3RFFI/HDOT/TL-0326_H1_and_Kahuapaani.stream/playlist.m3u8","snapshot":"https://betaimageserver.goakamai.org/SnapShot/320x240/TL-0326.jpg","refreshMs":30000,"attribution":"Ora (Warner Varnado) · Hawaii DOT"}},{"type":"Feature","geometry":{"type":"Point","coordinates":[-157.927628,21.3770161]},"properties":{"id":"ora-hi-77","name":"H-1 and Kaimakani","state":"HI","provider":"Hawaii DOT","hls":"https://cdn3.wowza.com/5/eGNPNml0UHc3RFFI/HDOT/TL-0327_H1_and_Kaimakani.stream/playlist.m3u8","snapshot":"https://betaimageserver.goakamai.org/SnapShot/320x240/TL-0327.jpg","refreshMs":30000,"attribution":"Ora (Warner Varnado) · Hawaii DOT"}},{"type":"Feature","geometry":{"type":"Point","coordinates":[-158.089935,21.3318443]},"properties":{"id":"ora-hi-78","name":"H-1 and Kalaeloa Blvd (Eastbound)","state":"HI","provider":"Hawaii DOT","hls":"https://cdn3.wowza.com/5/eGNPNml0UHc3RFFI/HDOT/TL-0321_H1_and_Palailai_EB.stream/playlist.m3u8","snapshot":"https://betaimageserver.goakamai.org/SnapShot/320x240/TL-0321.jpg","refreshMs":30000,"attribution":"Ora (Warner Varnado) · Hawaii DOT"}},{"type":"Feature","geometry":{"type":"Point","coordinates":[-158.089935,21.3318443]},"properties":{"id":"ora-hi-79","name":"H-1 and Kalaeloa Blvd (Westbound)","state":"HI","provider":"Hawaii DOT","hls":"https://cdn3.wowza.com/5/eGNPNml0UHc3RFFI/HDOT/TL-0320_H1_and_Palailai_WB.stream/playlist.m3u8","snapshot":"https://betaimageserver.goakamai.org/SnapShot/320x240/TL-0320.jpg","refreshMs":30000,"attribution":"Ora (Warner Varnado) · Hawaii DOT"}},{"type":"Feature","geometry":{"type":"Point","coordinates":[-157.873291,21.33376]},"properties":{"id":"ora-hi-80","name":"H-1 and Kalihi St","state":"HI","provider":"Hawaii DOT","hls":"https://cdn3.wowza.com/5/eGNPNml0UHc3RFFI/HDOT/TL-0315_H1_and_Kalihi.stream/playlist.m3u8","snapshot":"https://betaimageserver.goakamai.org/SnapShot/320x240/TL-0315.jpg","refreshMs":30000,"attribution":"Ora (Warner Varnado) · Hawaii DOT"}},{"type":"Feature","geometry":{"type":"Point","coordinates":[-157.940979,21.38864]},"properties":{"id":"ora-hi-81","name":"H-1 and Kaonohi (Eastbound)","state":"HI","provider":"Hawaii DOT","hls":"https://cdn3.wowza.com/5/SXBEWXZIK3ZOTG5U/W1CCHNL_A/TL-0043_H1_and_Kaonohi_EB.stream/playlist.m3u8","snapshot":"https://betaimageserver.goakamai.org/SnapShot/320x240/TL-0043.jpg","refreshMs":30000,"attribution":"Ora (Warner Varnado) · Hawaii DOT"}},{"type":"Feature","geometry":{"type":"Point","coordinates":[-157.940979,21.38864]},"properties":{"id":"ora-hi-82","name":"H-1 and Kaonohi (Westbound)","state":"HI","provider":"Hawaii DOT","hls":"https://cdn3.wowza.com/5/SXBEWXZIK3ZOTG5U/W1CCHNL_A/TL-0044_H1_and_Kaonohi_WB.stream/playlist.m3u8","snapshot":"https://betaimageserver.goakamai.org/SnapShot/320x240/TL-0044.jpg","refreshMs":30000,"attribution":"Ora (Warner Varnado) · Hawaii DOT"}},{"type":"Feature","geometry":{"type":"Point","coordinates":[-157.850983,21.3066387]},"properties":{"id":"ora-hi-83","name":"H-1 and Kinau","state":"HI","provider":"Hawaii DOT","hls":"https://cdn3.wowza.com/5/eGNPNml0UHc3RFFI/HDOT/TL-0328_H1_and_Kinau.stream/playlist.m3u8","snapshot":"https://betaimageserver.goakamai.org/SnapShot/320x240/TL-0328.jpg","refreshMs":30000,"attribution":"Ora (Warner Varnado) · Hawaii DOT"}},{"type":"Feature","geometry":{"type":"Point","coordinates":[-157.799026,21.27932]},"properties":{"id":"ora-hi-84","name":"H-1 and Kokohead","state":"HI","provider":"Hawaii DOT","hls":"https://cdn3.wowza.com/5/SXBEWXZIK3ZOTG5U/W1CCHNL_A/TL-0045_H1_and_Kokohead.stream/playlist.m3u8","snapshot":"https://betaimageserver.goakamai.org/SnapShot/320x240/TL-0045.jpg","refreshMs":30000,"attribution":"Ora (Warner Varnado) · Hawaii DOT"}},{"type":"Feature","geometry":{"type":"Point","coordinates":[-158.061035,21.3662224]},"properties":{"id":"ora-hi-85","name":"H-1 and Kualakai (Eastbound)","state":"HI","provider":"Hawaii DOT","hls":"https://cdn3.wowza.com/5/eGNPNml0UHc3RFFI/HDOT/TL-0325_H1_and_Kualakai_EB.stream/playlist.m3u8","snapshot":"https://betaimageserver.goakamai.org/SnapShot/320x240/TL-0325.jpg","refreshMs":30000,"attribution":"Ora (Warner Varnado) · Hawaii DOT"}},{"type":"Feature","geometry":{"type":"Point","coordinates":[-158.061035,21.3662224]},"properties":{"id":"ora-hi-86","name":"H-1 and Kualakai (Westbound)","state":"HI","provider":"Hawaii DOT","hls":"https://cdn3.wowza.com/5/eGNPNml0UHc3RFFI/HDOT/TL-0324_H1_and_Kualakai_WB.stream/playlist.m3u8","snapshot":"https://betaimageserver.goakamai.org/SnapShot/320x240/TL-0324.jpg","refreshMs":30000,"attribution":"Ora (Warner Varnado) · Hawaii DOT"}},{"type":"Feature","geometry":{"type":"Point","coordinates":[-158.052841,21.37325]},"properties":{"id":"ora-hi-87","name":"H-1 and Kualakai Message Sign","state":"HI","provider":"Hawaii DOT","hls":"https://cdn3.wowza.com/5/eGNPNml0UHc3RFFI/HDOT/TL-0331_H1_and_Kualakai_Message_Sign.stream/playlist.m3u8","snapshot":"https://betaimageserver.goakamai.org/SnapShot/320x240/TL-0331.jpg","refreshMs":30000,"attribution":"Ora (Warner Varnado) · Hawaii DOT"}},{"type":"Feature","geometry":{"type":"Point","coordinates":[-158.032013,21.38373]},"properties":{"id":"ora-hi-88","name":"H-1 and Kunia Ramp (Eastbound)","state":"HI","provider":"Hawaii DOT","hls":"https://cdn3.wowza.com/5/SXBEWXZIK3ZOTG5U/W1CCHNL_A/TL-0036_H1_and_Kunia_EB.stream/playlist.m3u8","snapshot":"https://betaimageserver.goakamai.org/SnapShot/320x240/TL-0036.jpg","refreshMs":30000,"attribution":"Ora (Warner Varnado) · Hawaii DOT"}},{"type":"Feature","geometry":{"type":"Point","coordinates":[-158.032013,21.38373]},"properties":{"id":"ora-hi-89","name":"H-1 and Kunia Ramp (Westbound)","state":"HI","provider":"Hawaii DOT","hls":"https://cdn3.wowza.com/5/SXBEWXZIK3ZOTG5U/W1CCHNL_A/TL-0037_H1_and_Kunia_WB.stream/playlist.m3u8","snapshot":"https://betaimageserver.goakamai.org/SnapShot/320x240/TL-0037.jpg","refreshMs":30000,"attribution":"Ora (Warner Varnado) · Hawaii DOT"}},{"type":"Feature","geometry":{"type":"Point","coordinates":[-157.970551,21.39037]},"properties":{"id":"ora-hi-90","name":"H-1 and Lehua Ave (Eastbound)","state":"HI","provider":"Hawaii DOT","hls":null,"snapshot":"https://betaimageserver.goakamai.org/SnapShot/320x240/TL-0046.jpg","refreshMs":30000,"attribution":"Ora (Warner Varnado) · Hawaii DOT"}},{"type":"Feature","geometry":{"type":"Point","coordinates":[-157.86026,21.32134]},"properties":{"id":"ora-hi-91","name":"H-1 and Liliha","state":"HI","provider":"Hawaii DOT","hls":"https://cdn3.wowza.com/5/SXBEWXZIK3ZOTG5U/W1CCHNL_A/TL-0048_H1_and_Liliha.stream/playlist.m3u8","snapshot":"https://betaimageserver.goakamai.org/SnapShot/320x240/TL-0048.jpg","refreshMs":30000,"attribution":"Ora (Warner Varnado) · Hawaii DOT"}},{"type":"Feature","geometry":{"type":"Point","coordinates":[-158.077774,21.3421078]},"properties":{"id":"ora-hi-92","name":"H-1 and Makakilo Dr (Eastbound)","state":"HI","provider":"Hawaii DOT","hls":"https://cdn3.wowza.com/5/SXBEWXZIK3ZOTG5U/W1CCHNL_A/TL-0252_H1_and_Makakilo_EB.stream/playlist.m3u8","snapshot":"https://betaimageserver.goakamai.org/SnapShot/320x240/TL-0252.jpg","refreshMs":30000,"attribution":"Ora (Warner Varnado) · Hawaii DOT"}},{"type":"Feature","geometry":{"type":"Point","coordinates":[-158.0779,21.3422]},"properties":{"id":"ora-hi-93","name":"H-1 and Makakilo Dr (Westbound)","state":"HI","provider":"Hawaii DOT","hls":"https://cdn3.wowza.com/5/SXBEWXZIK3ZOTG5U/W1CCHNL_A/TL-0253_H1_and_Makakilo_WB.stream/playlist.m3u8","snapshot":"https://betaimageserver.goakamai.org/SnapShot/320x240/TL-0253.jpg","refreshMs":30000,"attribution":"Ora (Warner Varnado) · Hawaii DOT"}},{"type":"Feature","geometry":{"type":"Point","coordinates":[-158.013412,21.3932419]},"properties":{"id":"ora-hi-94","name":"H-1 and Managers Drive","state":"HI","provider":"Hawaii DOT","hls":"https://cdn3.wowza.com/5/TFF3MStWY1psa0Jk/W3CCHNL/TL-0344_H1_and_Managers_Drive.stream/playlist.m3u8","snapshot":"https://betaimageserver.goakamai.org/SnapShot/320x240/TL-0344.jpg","refreshMs":30000,"attribution":"Ora (Warner Varnado) · Hawaii DOT"}},{"type":"Feature","geometry":{"type":"Point","coordinates":[-157.8292,21.2982922]},"properties":{"id":"ora-hi-95","name":"H-1 and McCully","state":"HI","provider":"Hawaii DOT","hls":"https://cdn3.wowza.com/5/eGNPNml0UHc3RFFI/HDOT/TL-0329_H1_and_McCully.stream/playlist.m3u8","snapshot":"https://betaimageserver.goakamai.org/SnapShot/320x240/TL-0329.jpg","refreshMs":30000,"attribution":"Ora (Warner Varnado) · Hawaii DOT"}},{"type":"Feature","geometry":{"type":"Point","coordinates":[-157.8861,21.3365784]},"properties":{"id":"ora-hi-96","name":"H-1 and Middle","state":"HI","provider":"Hawaii DOT","hls":"https://cdn3.wowza.com/5/eGNPNml0UHc3RFFI/HDOT/TL-0228_H1_and_Middle_DOT.stream/playlist.m3u8","snapshot":"https://betaimageserver.goakamai.org/SnapShot/320x240/TL-0228.jpg","refreshMs":30000,"attribution":"Ora (Warner Varnado) · Hawaii DOT"}},{"type":"Feature","geometry":{"type":"Point","coordinates":[-157.883957,21.33758]},"properties":{"id":"ora-hi-97","name":"H-1 and Middle St","state":"HI","provider":"Hawaii DOT","hls":"https://cdn3.wowza.com/5/SXBEWXZIK3ZOTG5U/W1CCHNL_A/TL-0049_H1_and_Middle_CCHNL.stream/playlist.m3u8","snapshot":"https://betaimageserver.goakamai.org/SnapShot/320x240/TL-0049.jpg","refreshMs":30000,"attribution":"Ora (Warner Varnado) · Hawaii DOT"}},{"type":"Feature","geometry":{"type":"Point","coordinates":[-157.882553,21.3364944]},"properties":{"id":"ora-hi-98","name":"H-1 and Ola Lane","state":"HI","provider":"Hawaii DOT","hls":"https://cdn3.wowza.com/5/eGNPNml0UHc3RFFI/HDOT/TL-0314_H1_and_Ola.stream/playlist.m3u8","snapshot":"https://betaimageserver.goakamai.org/SnapShot/320x240/TL-0314.jpg","refreshMs":30000,"attribution":"Ora (Warner Varnado) · Hawaii DOT"}},{"type":"Feature","geometry":{"type":"Point","coordinates":[-157.931519,21.3412323]},"properties":{"id":"ora-hi-99","name":"H-1 and Pearl Harbor East","state":"HI","provider":"Hawaii DOT","hls":"https://cdn3.wowza.com/5/eGNPNml0UHc3RFFI/HDOT/TL-0311_H1_and_Pearl_Harbor_EB.stream/playlist.m3u8","snapshot":"https://betaimageserver.goakamai.org/SnapShot/320x240/TL-0311.jpg","refreshMs":30000,"attribution":"Ora (Warner Varnado) · Hawaii DOT"}},{"type":"Feature","geometry":{"type":"Point","coordinates":[-157.833862,21.30083]},"properties":{"id":"ora-hi-100","name":"H-1 and Punahou","state":"HI","provider":"Hawaii DOT","hls":"https://cdn3.wowza.com/5/SXBEWXZIK3ZOTG5U/W1CCHNL_A/TL-0051_H1_and_Punahou.stream/playlist.m3u8","snapshot":"https://betaimageserver.goakamai.org/SnapShot/320x240/TL-0051.jpg","refreshMs":30000,"attribution":"Ora (Warner Varnado) · Hawaii DOT"}},{"type":"Feature","geometry":{"type":"Point","coordinates":[-157.932587,21.35215]},"properties":{"id":"ora-hi-101","name":"H-1 and Radford (Eastbound)","state":"HI","provider":"Hawaii DOT","hls":"https://cdn3.wowza.com/5/SXBEWXZIK3ZOTG5U/W1CCHNL_A/TL-0053_H1_and_Radford_EB.stream/playlist.m3u8","snapshot":"https://betaimageserver.goakamai.org/SnapShot/320x240/TL-0053.jpg","refreshMs":30000,"attribution":"Ora (Warner Varnado) · Hawaii DOT"}},{"type":"Feature","geometry":{"type":"Point","coordinates":[-157.932587,21.35215]},"properties":{"id":"ora-hi-102","name":"H-1 and Radford (Westbound)","state":"HI","provider":"Hawaii DOT","hls":"https://cdn3.wowza.com/5/SXBEWXZIK3ZOTG5U/W1CCHNL_A/TL-0052_H1_and_Radford_WB.stream/playlist.m3u8","snapshot":"https://betaimageserver.goakamai.org/SnapShot/320x240/TL-0052.jpg","refreshMs":30000,"attribution":"Ora (Warner Varnado) · Hawaii DOT"}},{"type":"Feature","geometry":{"type":"Point","coordinates":[-157.92981,21.3629169]},"properties":{"id":"ora-hi-103","name":"H-1 and Salt Lake Blvd (Eastbound)","state":"HI","provider":"Hawaii DOT","hls":"https://cdn3.wowza.com/5/SXBEWXZIK3ZOTG5U/W1CCHNL_A/TL-0055_H1_and_Salt_Lake_EB.stream/playlist.m3u8","snapshot":"https://betaimageserver.goakamai.org/SnapShot/320x240/TL-0055.jpg","refreshMs":30000,"attribution":"Ora (Warner Varnado) · Hawaii DOT"}},{"type":"Feature","geometry":{"type":"Point","coordinates":[-157.92981,21.3629169]},"properties":{"id":"ora-hi-104","name":"H-1 and Salt Lake Blvd (Westbound)","state":"HI","provider":"Hawaii DOT","hls":"https://cdn3.wowza.com/5/SXBEWXZIK3ZOTG5U/W1CCHNL_A/TL-0054_H1_and_Salt_Lake_WB.stream/playlist.m3u8","snapshot":"https://betaimageserver.goakamai.org/SnapShot/320x240/TL-0054.jpg","refreshMs":30000,"attribution":"Ora (Warner Varnado) · Hawaii DOT"}},{"type":"Feature","geometry":{"type":"Point","coordinates":[-157.821213,21.29449]},"properties":{"id":"ora-hi-105","name":"H-1 and University","state":"HI","provider":"Hawaii DOT","hls":"https://cdn3.wowza.com/5/eGNPNml0UHc3RFFI/HDOT/TL-0330_H1_and_University.stream/playlist.m3u8","snapshot":"https://betaimageserver.goakamai.org/SnapShot/320x240/TL-0330.jpg","refreshMs":30000,"attribution":"Ora (Warner Varnado) · Hawaii DOT"}},{"type":"Feature","geometry":{"type":"Point","coordinates":[-157.914978,21.3372917]},"properties":{"id":"ora-hi-106","name":"H-1 and Viaduct Airport Interchange","state":"HI","provider":"Hawaii DOT","hls":"https://cdn3.wowza.com/5/YlJrQlhsK1dFQXhy/HDOT/TL-0341_H1_and_airport_ic_east.stream/playlist.m3u8","snapshot":"https://betaimageserver.goakamai.org/SnapShot/320x240/TL-0341.jpg","refreshMs":30000,"attribution":"Ora (Warner Varnado) · Hawaii DOT"}},{"type":"Feature","geometry":{"type":"Point","coordinates":[-157.865219,21.3241329]},"properties":{"id":"ora-hi-107","name":"H-1 and Vineyard Off Ramp","state":"HI","provider":"Hawaii DOT","hls":"https://cdn3.wowza.com/5/SXBEWXZIK3ZOTG5U/W1CCHNL_A/TL-0058_H1_and_Vineyard_Off_Ramp.stream/playlist.m3u8","snapshot":"https://betaimageserver.goakamai.org/SnapShot/320x240/TL-0058.jpg","refreshMs":30000,"attribution":"Ora (Warner Varnado) · Hawaii DOT"}},{"type":"Feature","geometry":{"type":"Point","coordinates":[-158.0095,21.39622]},"properties":{"id":"ora-hi-108","name":"H-1 and Waikele (Eastbound)","state":"HI","provider":"Hawaii DOT","hls":"https://cdn3.wowza.com/5/SXBEWXZIK3ZOTG5U/W1CCHNL_A/TL-0059_H1_and_Waikele_EB.stream/playlist.m3u8","snapshot":"https://betaimageserver.goakamai.org/SnapShot/320x240/TL-0059.jpg","refreshMs":30000,"attribution":"Ora (Warner Varnado) · Hawaii DOT"}},{"type":"Feature","geometry":{"type":"Point","coordinates":[-158.0095,21.39622]},"properties":{"id":"ora-hi-109","name":"H-1 and Waikele (Westbound)","state":"HI","provider":"Hawaii DOT","hls":"https://cdn3.wowza.com/5/SXBEWXZIK3ZOTG5U/W1CCHNL_A/TL-0060_H1_and_Waikele_WB.stream/playlist.m3u8","snapshot":"https://betaimageserver.goakamai.org/SnapShot/320x240/TL-0060.jpg","refreshMs":30000,"attribution":"Ora (Warner Varnado) · Hawaii DOT"}},{"type":"Feature","geometry":{"type":"Point","coordinates":[-157.848572,21.30581]},"properties":{"id":"ora-hi-110","name":"H-1 and Ward","state":"HI","provider":"Hawaii DOT","hls":"https://cdn3.wowza.com/5/SXBEWXZIK3ZOTG5U/W1CCHNL_A/TL-0063_H1_and_Ward.stream/playlist.m3u8","snapshot":"https://betaimageserver.goakamai.org/SnapShot/320x240/TL-0063.jpg","refreshMs":30000,"attribution":"Ora (Warner Varnado) · Hawaii DOT"}},{"type":"Feature","geometry":{"type":"Point","coordinates":[-157.9625,21.39094]},"properties":{"id":"ora-hi-111","name":"H-1 at Waimalu Exit (Eastbound)","state":"HI","provider":"Hawaii DOT","hls":"https://cdn3.wowza.com/5/SXBEWXZIK3ZOTG5U/W1CCHNL_A/TL-0062_H1_and_Waimalu_EB.stream/playlist.m3u8","snapshot":"https://betaimageserver.goakamai.org/SnapShot/320x240/TL-0062.jpg","refreshMs":30000,"attribution":"Ora (Warner Varnado) · Hawaii DOT"}},{"type":"Feature","geometry":{"type":"Point","coordinates":[-157.9625,21.39094]},"properties":{"id":"ora-hi-112","name":"H-1 at Waimalu Exit (Westbound)","state":"HI","provider":"Hawaii DOT","hls":"https://cdn3.wowza.com/5/SXBEWXZIK3ZOTG5U/W1CCHNL_A/TL-0061_H1_and_Waimalu_WB.stream/playlist.m3u8","snapshot":"https://betaimageserver.goakamai.org/SnapShot/320x240/TL-0061.jpg","refreshMs":30000,"attribution":"Ora (Warner Varnado) · Hawaii DOT"}},{"type":"Feature","geometry":{"type":"Point","coordinates":[-158.001511,21.3996143]},"properties":{"id":"ora-hi-113","name":"H-1 near Waikele (Eastbound)","state":"HI","provider":"Hawaii DOT","hls":"https://cdn3.wowza.com/5/NDladU5sRG1iTWMz/HDOT/TL-0349_H1_near_Waikele_east.stream/playlist.m3u8","snapshot":"https://betaimageserver.goakamai.org/SnapShot/320x240/TL-0349.jpg","refreshMs":30000,"attribution":"Ora (Warner Varnado) · Hawaii DOT"}},{"type":"Feature","geometry":{"type":"Point","coordinates":[-158.001511,21.3996143]},"properties":{"id":"ora-hi-114","name":"H-1 near Waikele (Westbound)","state":"HI","provider":"Hawaii DOT","hls":"https://cdn3.wowza.com/5/WlFoQWR2WmhRelFk/HDOT/TL-0350_H1_near_Waikele_west.stream/playlist.m3u8","snapshot":"https://betaimageserver.goakamai.org/SnapShot/320x240/TL-0350.jpg","refreshMs":30000,"attribution":"Ora (Warner Varnado) · Hawaii DOT"}},{"type":"Feature","geometry":{"type":"Point","coordinates":[-157.996429,21.4289169]},"properties":{"id":"ora-hi-115","name":"H-2 Interchange (Northbound) at Ka Uka Boulevard","state":"HI","provider":"Hawaii DOT","hls":"https://cdn3.wowza.com/5/SXBEWXZIK3ZOTG5U/W1CCHNL_A/TL-0243_H2_Interchange_NB_Ka_Uka_Blvd.stream/playlist.m3u8","snapshot":"https://betaimageserver.goakamai.org/SnapShot/320x240/TL-0243.jpg","refreshMs":30000,"attribution":"Ora (Warner Varnado) · Hawaii DOT"}},{"type":"Feature","geometry":{"type":"Point","coordinates":[-157.989883,21.4107628]},"properties":{"id":"ora-hi-116","name":"H-2 near H-1 WB ramp (Northbound)","state":"HI","provider":"Hawaii DOT","hls":"https://cdn3.wowza.com/5/WXMyRElGV1NyUDZm/HDOT/TL-0352_H2_near_H1_WB_ramp_NB.stream/playlist.m3u8","snapshot":"https://betaimageserver.goakamai.org/SnapShot/320x240/TL-0352.jpg","refreshMs":30000,"attribution":"Ora (Warner Varnado) · Hawaii DOT"}},{"type":"Feature","geometry":{"type":"Point","coordinates":[-157.989883,21.4107628]},"properties":{"id":"ora-hi-117","name":"H-2 near H-1 WB ramp (Southbound)","state":"HI","provider":"Hawaii DOT","hls":"https://cdn3.wowza.com/5/VXlZUCtQclhVVjM2/HDOT/TL-0351_H2_near_H1_WB_ramp_SB.stream/playlist.m3u8","snapshot":"https://betaimageserver.goakamai.org/SnapShot/320x240/TL-0351.jpg","refreshMs":30000,"attribution":"Ora (Warner Varnado) · Hawaii DOT"}},{"type":"Feature","geometry":{"type":"Point","coordinates":[-157.904144,21.36689]},"properties":{"id":"ora-hi-118","name":"H-201 and Ala Kapuna Street","state":"HI","provider":"Hawaii DOT","hls":"https://cdn3.wowza.com/5/eGNPNml0UHc3RFFI/HDOT/TL-0303_H201_and_Ala_Kapuna.stream/playlist.m3u8","snapshot":"https://betaimageserver.goakamai.org/SnapShot/320x240/TL-0303.jpg","refreshMs":30000,"attribution":"Ora (Warner Varnado) · Hawaii DOT"}},{"type":"Feature","geometry":{"type":"Point","coordinates":[-157.899185,21.3592377]},"properties":{"id":"ora-hi-119","name":"H-201 and Ala Napunani Street","state":"HI","provider":"Hawaii DOT","hls":"https://cdn3.wowza.com/5/eGNPNml0UHc3RFFI/HDOT/TL-0302_H201_and_Ala_Napunani.stream/playlist.m3u8","snapshot":"https://betaimageserver.goakamai.org/SnapShot/320x240/TL-0302.jpg","refreshMs":30000,"attribution":"Ora (Warner Varnado) · Hawaii DOT"}},{"type":"Feature","geometry":{"type":"Point","coordinates":[-157.889984,21.34329]},"properties":{"id":"ora-hi-120","name":"H-201 and Ft. Shafter","state":"HI","provider":"Hawaii DOT","hls":"https://cdn3.wowza.com/5/VXFBSlQwR3pyNmVo/W2CCHNL/TL-0122_H201_and_Fort_Shafter.stream/playlist.m3u8","snapshot":"https://betaimageserver.goakamai.org/SnapShot/320x240/TL-0122.jpg","refreshMs":30000,"attribution":"Ora (Warner Varnado) · Hawaii DOT"}},{"type":"Feature","geometry":{"type":"Point","coordinates":[-157.8887,21.3422451]},"properties":{"id":"ora-hi-121","name":"H-201 and Funston Road","state":"HI","provider":"Hawaii DOT","hls":"https://cdn3.wowza.com/5/eGNPNml0UHc3RFFI/HDOT/TL-0304_H201_and_Funston.stream/playlist.m3u8","snapshot":"https://betaimageserver.goakamai.org/SnapShot/320x240/TL-0304.jpg","refreshMs":30000,"attribution":"Ora (Warner Varnado) · Hawaii DOT"}},{"type":"Feature","geometry":{"type":"Point","coordinates":[-157.919373,21.3729744]},"properties":{"id":"ora-hi-122","name":"H-201 and Halawa","state":"HI","provider":"Hawaii DOT","hls":"https://cdn3.wowza.com/5/VXFBSlQwR3pyNmVo/W2CCHNL/TL-0188_H201_and_Halawa.stream/playlist.m3u8","snapshot":"https://betaimageserver.goakamai.org/SnapShot/320x240/TL-0188.jpg","refreshMs":30000,"attribution":"Ora (Warner Varnado) · Hawaii DOT"}},{"type":"Feature","geometry":{"type":"Point","coordinates":[-157.916748,21.3705]},"properties":{"id":"ora-hi-123","name":"H-201 and Halawa Interchange","state":"HI","provider":"Hawaii DOT","hls":null,"snapshot":"https://betaimageserver.goakamai.org/SnapShot/320x240/TL-0317.jpg","refreshMs":30000,"attribution":"Ora (Warner Varnado) · Hawaii DOT"}},{"type":"Feature","geometry":{"type":"Point","coordinates":[-157.919678,21.3721142]},"properties":{"id":"ora-hi-124","name":"H-201 and Kahuapaani St","state":"HI","provider":"Hawaii DOT","hls":"https://cdn3.wowza.com/5/eGNPNml0UHc3RFFI/HDOT/TL-0187_H201_and_Kahuapaani.stream/playlist.m3u8","snapshot":"https://betaimageserver.goakamai.org/SnapShot/320x240/TL-0187.jpg","refreshMs":30000,"attribution":"Ora (Warner Varnado) · Hawaii DOT"}},{"type":"Feature","geometry":{"type":"Point","coordinates":[-157.896225,21.3491058]},"properties":{"id":"ora-hi-125","name":"H-201 and Puuloa Road","state":"HI","provider":"Hawaii DOT","hls":"https://cdn3.wowza.com/5/eGNPNml0UHc3RFFI/HDOT/TL-0300_H201_and_Puuola.stream/playlist.m3u8","snapshot":"https://betaimageserver.goakamai.org/SnapShot/320x240/TL-0300.jpg","refreshMs":30000,"attribution":"Ora (Warner Varnado) · Hawaii DOT"}},{"type":"Feature","geometry":{"type":"Point","coordinates":[-157.9084,21.3687382]},"properties":{"id":"ora-hi-126","name":"H-201 and Red Hill","state":"HI","provider":"Hawaii DOT","hls":"https://cdn3.wowza.com/5/eGNPNml0UHc3RFFI/HDOT/TL-0305_H201_and_Red_Hill.stream/playlist.m3u8","snapshot":"https://betaimageserver.goakamai.org/SnapShot/320x240/TL-0305.jpg","refreshMs":30000,"attribution":"Ora (Warner Varnado) · Hawaii DOT"}},{"type":"Feature","geometry":{"type":"Point","coordinates":[-157.834976,21.4039]},"properties":{"id":"ora-hi-127","name":"H-3 - Haiku Portal HB","state":"HI","provider":"Hawaii DOT","hls":"https://cdn3.wowza.com/5/eGNPNml0UHc3RFFI/HDOT/TL-0168_Haiku_Portal_HB.stream/playlist.m3u8","snapshot":"https://betaimageserver.goakamai.org/SnapShot/320x240/TL-0168.jpg","refreshMs":30000,"attribution":"Ora (Warner Varnado) · Hawaii DOT"}},{"type":"Feature","geometry":{"type":"Point","coordinates":[-157.821838,21.4052086]},"properties":{"id":"ora-hi-128","name":"H-3 - Haiku Valley","state":"HI","provider":"Hawaii DOT","hls":"https://cdn3.wowza.com/5/eGNPNml0UHc3RFFI/HDOT/TL-0182_Haiku_Valley.stream/playlist.m3u8","snapshot":"https://betaimageserver.goakamai.org/SnapShot/320x240/TL-0182.jpg","refreshMs":30000,"attribution":"Ora (Warner Varnado) · Hawaii DOT"}},{"type":"Feature","geometry":{"type":"Point","coordinates":[-157.91124,21.37132]},"properties":{"id":"ora-hi-129","name":"H-3 - Halawa Interchange","state":"HI","provider":"Hawaii DOT","hls":"https://cdn3.wowza.com/5/eGNPNml0UHc3RFFI/HDOT/TL-0175_Halawa_Interchange.stream/playlist.m3u8","snapshot":"https://betaimageserver.goakamai.org/SnapShot/320x240/TL-0175.jpg","refreshMs":30000,"attribution":"Ora (Warner Varnado) · Hawaii DOT"}},{"type":"Feature","geometry":{"type":"Point","coordinates":[-157.850052,21.4050236]},"properties":{"id":"ora-hi-130","name":"H-3 - Halawa Portal HB","state":"HI","provider":"Hawaii DOT","hls":"https://cdn3.wowza.com/5/eGNPNml0UHc3RFFI/HDOT/TL-0176_Halawa_Portal_HB.stream/playlist.m3u8","snapshot":"https://betaimageserver.goakamai.org/SnapShot/320x240/TL-0176.jpg","refreshMs":30000,"attribution":"Ora (Warner Varnado) · Hawaii DOT"}},{"type":"Feature","geometry":{"type":"Point","coordinates":[-157.850784,21.4045353]},"properties":{"id":"ora-hi-131","name":"H-3 - Halawa Portal KB","state":"HI","provider":"Hawaii DOT","hls":"https://cdn3.wowza.com/5/eGNPNml0UHc3RFFI/HDOT/TL-0177_Halawa_Portal_KB.stream/playlist.m3u8","snapshot":"https://betaimageserver.goakamai.org/SnapShot/320x240/TL-0177.jpg","refreshMs":30000,"attribution":"Ora (Warner Varnado) · Hawaii DOT"}},{"type":"Feature","geometry":{"type":"Point","coordinates":[-157.853043,21.4052677]},"properties":{"id":"ora-hi-132","name":"H-3 - Halawa Tunnel Approach KB","state":"HI","provider":"Hawaii DOT","hls":"https://cdn3.wowza.com/5/eGNPNml0UHc3RFFI/HDOT/TL-0173_Halawa_Tunnel_Approach_KB.stream/playlist.m3u8","snapshot":"https://betaimageserver.goakamai.org/SnapShot/320x240/TL-0173.jpg","refreshMs":30000,"attribution":"Ora (Warner Varnado) · Hawaii DOT"}},{"type":"Feature","geometry":{"type":"Point","coordinates":[-157.87204,21.40367]},"properties":{"id":"ora-hi-133","name":"H-3 - Halawa Valley","state":"HI","provider":"Hawaii DOT","hls":"https://cdn3.wowza.com/5/eGNPNml0UHc3RFFI/HDOT/TL-0174_Halawa_Valley.stream/playlist.m3u8","snapshot":"https://betaimageserver.goakamai.org/SnapShot/320x240/TL-0174.jpg","refreshMs":30000,"attribution":"Ora (Warner Varnado) · Hawaii DOT"}},{"type":"Feature","geometry":{"type":"Point","coordinates":[-157.897583,21.3860149]},"properties":{"id":"ora-hi-134","name":"H-3 - Halawa Valley Emergency Escape Ramp","state":"HI","provider":"Hawaii DOT","hls":"https://cdn3.wowza.com/5/eGNPNml0UHc3RFFI/HDOT/TL-0172_H3_Halawa_Valley_Emergency_Escape_Ramp.stream/playlist.m3u8","snapshot":"https://betaimageserver.goakamai.org/SnapShot/320x240/TL-0172.jpg","refreshMs":30000,"attribution":"Ora (Warner Varnado) · Hawaii DOT"}},{"type":"Feature","geometry":{"type":"Point","coordinates":[-157.79097,21.38461]},"properties":{"id":"ora-hi-135","name":"H-3 - Halekou Interchange","state":"HI","provider":"Hawaii DOT","hls":"https://cdn3.wowza.com/5/eGNPNml0UHc3RFFI/HDOT/TL-0178_Halekou_Interchange.stream/playlist.m3u8","snapshot":"https://betaimageserver.goakamai.org/SnapShot/320x240/TL-0178.jpg","refreshMs":30000,"attribution":"Ora (Warner Varnado) · Hawaii DOT"}},{"type":"Feature","geometry":{"type":"Point","coordinates":[-157.814041,21.400959]},"properties":{"id":"ora-hi-136","name":"H-3 - Hospital Rock Tunnel","state":"HI","provider":"Hawaii DOT","hls":"https://cdn3.wowza.com/5/eGNPNml0UHc3RFFI/HDOT/TL-0185_Hospital_Rock_Tunnel.stream/playlist.m3u8","snapshot":"https://betaimageserver.goakamai.org/SnapShot/320x240/TL-0185.jpg","refreshMs":30000,"attribution":"Ora (Warner Varnado) · Hawaii DOT"}},{"type":"Feature","geometry":{"type":"Point","coordinates":[-157.812729,21.3958187]},"properties":{"id":"ora-hi-137","name":"H-3 - Likelike Overpass","state":"HI","provider":"Hawaii DOT","hls":"https://cdn3.wowza.com/5/eGNPNml0UHc3RFFI/HDOT/TL-0184_Likelike_Overpass.stream/playlist.m3u8","snapshot":"https://betaimageserver.goakamai.org/SnapShot/320x240/TL-0184.jpg","refreshMs":30000,"attribution":"Ora (Warner Varnado) · Hawaii DOT"}},{"type":"Feature","geometry":{"type":"Point","coordinates":[-157.817825,21.40431]},"properties":{"id":"ora-hi-138","name":"H-3 - North Haiku Valley","state":"HI","provider":"Hawaii DOT","hls":"https://cdn3.wowza.com/5/eGNPNml0UHc3RFFI/HDOT/TL-0183_North_Haiku_Valley.stream/playlist.m3u8","snapshot":"https://betaimageserver.goakamai.org/SnapShot/320x240/TL-0183.jpg","refreshMs":30000,"attribution":"Ora (Warner Varnado) · Hawaii DOT"}},{"type":"Feature","geometry":{"type":"Point","coordinates":[-157.859161,21.40639]},"properties":{"id":"ora-hi-139","name":"H-3 - North Halawa Valley","state":"HI","provider":"Hawaii DOT","hls":"https://cdn3.wowza.com/5/eGNPNml0UHc3RFFI/HDOT/TL-0170_North_Halawa_Valley.stream/playlist.m3u8","snapshot":"https://betaimageserver.goakamai.org/SnapShot/320x240/TL-0170.jpg","refreshMs":30000,"attribution":"Ora (Warner Varnado) · Hawaii DOT"}},{"type":"Feature","geometry":{"type":"Point","coordinates":[-157.90654,21.3786755]},"properties":{"id":"ora-hi-140","name":"H-3 - North of Halawa Interchange","state":"HI","provider":"Hawaii DOT","hls":"https://cdn3.wowza.com/5/eGNPNml0UHc3RFFI/HDOT/TL-0171_North_of_Halawa_Interchange.stream/playlist.m3u8","snapshot":"https://betaimageserver.goakamai.org/SnapShot/320x240/TL-0171.jpg","refreshMs":30000,"attribution":"Ora (Warner Varnado) · Hawaii DOT"}},{"type":"Feature","geometry":{"type":"Point","coordinates":[-157.826279,21.40288]},"properties":{"id":"ora-hi-141","name":"H-3 - South Haiku Valley","state":"HI","provider":"Hawaii DOT","hls":"https://cdn3.wowza.com/5/eGNPNml0UHc3RFFI/HDOT/TL-0181_South_Haiku_Valley.stream/playlist.m3u8","snapshot":"https://betaimageserver.goakamai.org/SnapShot/320x240/TL-0181.jpg","refreshMs":30000,"attribution":"Ora (Warner Varnado) · Hawaii DOT"}},{"type":"Feature","geometry":{"type":"Point","coordinates":[-157.88414,21.3964672]},"properties":{"id":"ora-hi-142","name":"H-3 - South Halawa Valley","state":"HI","provider":"Hawaii DOT","hls":"https://cdn3.wowza.com/5/eGNPNml0UHc3RFFI/HDOT/TL-0169_South_Halawa_Valley.stream/playlist.m3u8","snapshot":"https://betaimageserver.goakamai.org/SnapShot/320x240/TL-0169.jpg","refreshMs":30000,"attribution":"Ora (Warner Varnado) · Hawaii DOT"}},{"type":"Feature","geometry":{"type":"Point","coordinates":[-157.796234,21.3805141]},"properties":{"id":"ora-hi-143","name":"H-3 - South Halekou Interchange","state":"HI","provider":"Hawaii DOT","hls":"https://cdn3.wowza.com/5/eGNPNml0UHc3RFFI/HDOT/TL-0180_South_Halekou_Interchange.stream/playlist.m3u8","snapshot":"https://betaimageserver.goakamai.org/SnapShot/320x240/TL-0180.jpg","refreshMs":30000,"attribution":"Ora (Warner Varnado) · Hawaii DOT"}},{"type":"Feature","geometry":{"type":"Point","coordinates":[-157.92421,21.3720036]},"properties":{"id":"ora-hi-144","name":"H-3 Ramp to Airport Viaduct EB","state":"HI","provider":"Hawaii DOT","hls":"https://cdn3.wowza.com/5/eGNPNml0UHc3RFFI/HDOT/TL-0167_H3_Ramp_to_H1_Airport_Viaduct.stream/playlist.m3u8","snapshot":"https://betaimageserver.goakamai.org/SnapShot/320x240/TL-0167.jpg","refreshMs":30000,"attribution":"Ora (Warner Varnado) · Hawaii DOT"}},{"type":"Feature","geometry":{"type":"Point","coordinates":[-157.919952,21.37001]},"properties":{"id":"ora-hi-145","name":"H-3 and Kahuapaani St","state":"HI","provider":"Hawaii DOT","hls":"https://cdn3.wowza.com/5/eGNPNml0UHc3RFFI/HDOT/TL-0186_H3_and_Kahuapaani.stream/playlist.m3u8","snapshot":"https://betaimageserver.goakamai.org/SnapShot/320x240/TL-0186.jpg","refreshMs":30000,"attribution":"Ora (Warner Varnado) · Hawaii DOT"}},{"type":"Feature","geometry":{"type":"Point","coordinates":[-157.807816,21.4201221]},"properties":{"id":"ora-hi-146","name":"Haiku Rd and Alaloa","state":"HI","provider":"Hawaii DOT","hls":"https://cdn3.wowza.com/5/WTN5aDFuVUlKU1cv/W3CCHNL/TL-0009_Haiku_and_Alaloa.stream/playlist.m3u8","snapshot":"https://betaimageserver.goakamai.org/SnapShot/320x240/TL-0009.jpg","refreshMs":30000,"attribution":"Ora (Warner Varnado) · Hawaii DOT"}},{"type":"Feature","geometry":{"type":"Point","coordinates":[-156.330246,20.8293133]},"properties":{"id":"ora-hi-147","name":"Haleakala Hwy at Kula Hwy and Old Haleakala Rd","state":"HI","provider":"Hawaii DOT","hls":null,"snapshot":"https://betaimageserver.goakamai.org/SnapShot/320x240/TL-0801.jpg","refreshMs":30000,"attribution":"Ora (Warner Varnado) · Hawaii DOT"}},{"type":"Feature","geometry":{"type":"Point","coordinates":[-156.329727,20.836895]},"properties":{"id":"ora-hi-148","name":"Haleakala Hwy at Makawao Ave","state":"HI","provider":"Hawaii DOT","hls":null,"snapshot":"https://betaimageserver.goakamai.org/SnapShot/320x240/TL-0822.jpg","refreshMs":30000,"attribution":"Ora (Warner Varnado) · Hawaii DOT"}},{"type":"Feature","geometry":{"type":"Point","coordinates":[-156.381256,20.9160938]},"properties":{"id":"ora-hi-149","name":"Hana Hwy at Baldwin Ave","state":"HI","provider":"Hawaii DOT","hls":null,"snapshot":"https://betaimageserver.goakamai.org/SnapShot/320x240/TL-0804.jpg","refreshMs":30000,"attribution":"Ora (Warner Varnado) · Hawaii DOT"}},{"type":"Feature","geometry":{"type":"Point","coordinates":[-156.452866,20.88565]},"properties":{"id":"ora-hi-150","name":"Hana Hwy at Dairy Rd","state":"HI","provider":"Hawaii DOT","hls":null,"snapshot":"https://betaimageserver.goakamai.org/SnapShot/320x240/TL-0814.jpg","refreshMs":30000,"attribution":"Ora (Warner Varnado) · Hawaii DOT"}},{"type":"Feature","geometry":{"type":"Point","coordinates":[-156.426346,20.8859959]},"properties":{"id":"ora-hi-151","name":"Hana Hwy at Haleakala Hwy","state":"HI","provider":"Hawaii DOT","hls":null,"snapshot":"https://betaimageserver.goakamai.org/SnapShot/320x240/TL-0803.jpg","refreshMs":30000,"attribution":"Ora (Warner Varnado) · Hawaii DOT"}},{"type":"Feature","geometry":{"type":"Point","coordinates":[-156.4491,20.88329]},"properties":{"id":"ora-hi-152","name":"Hana Hwy at Mayor Cravalho Way","state":"HI","provider":"Hawaii DOT","hls":null,"snapshot":"https://betaimageserver.goakamai.org/SnapShot/320x240/TL-0802.jpg","refreshMs":30000,"attribution":"Ora (Warner Varnado) · Hawaii DOT"}},{"type":"Feature","geometry":{"type":"Point","coordinates":[-157.8379,21.29018]},"properties":{"id":"ora-hi-153","name":"Hawaii Convention Center","state":"HI","provider":"Hawaii DOT","hls":"https://cdn3.wowza.com/5/SXBEWXZIK3ZOTG5U/W1CCHNL_A/TL-0064_Hawaii_Convention_Center.stream/playlist.m3u8","snapshot":"https://betaimageserver.goakamai.org/SnapShot/320x240/TL-0064.jpg","refreshMs":30000,"attribution":"Ora (Warner Varnado) · Hawaii DOT"}},{"type":"Feature","geometry":{"type":"Point","coordinates":[-156.66597,20.8587284]},"properties":{"id":"ora-hi-154","name":"Hokiokio Pl at Honoapiilani Hwy","state":"HI","provider":"Hawaii DOT","hls":null,"snapshot":"https://betaimageserver.goakamai.org/SnapShot/320x240/TL-0820.jpg","refreshMs":30000,"attribution":"Ora (Warner Varnado) · Hawaii DOT"}},{"type":"Feature","geometry":{"type":"Point","coordinates":[-156.682266,20.8848667]},"properties":{"id":"ora-hi-155","name":"Honoapiilani Hwy at Keawe St and Cannery Mall","state":"HI","provider":"Hawaii DOT","hls":null,"snapshot":"https://betaimageserver.goakamai.org/SnapShot/320x240/TL-0806.jpg","refreshMs":30000,"attribution":"Ora (Warner Varnado) · Hawaii DOT"}},{"type":"Feature","geometry":{"type":"Point","coordinates":[-156.68457,20.9020271]},"properties":{"id":"ora-hi-156","name":"Honoapiilani Hwy at Leialii Pkwy","state":"HI","provider":"Hawaii DOT","hls":null,"snapshot":"https://betaimageserver.goakamai.org/SnapShot/320x240/TL-0828.jpg","refreshMs":30000,"attribution":"Ora (Warner Varnado) · Hawaii DOT"}},{"type":"Feature","geometry":{"type":"Point","coordinates":[-158.048416,21.36015]},"properties":{"id":"ora-hi-157","name":"Hoomohala Ave and Kauluakoko St - 1","state":"HI","provider":"Hawaii DOT","hls":"https://cdn3.wowza.com/5/WTN5aDFuVUlKU1cv/W3CCHNL/TL-0334_Hoomohala_and_Kauluakoko_1.stream/playlist.m3u8","snapshot":"https://betaimageserver.goakamai.org/SnapShot/320x240/TL-0334.jpg","refreshMs":30000,"attribution":"Ora (Warner Varnado) · Hawaii DOT"}},{"type":"Feature","geometry":{"type":"Point","coordinates":[-158.048416,21.36015]},"properties":{"id":"ora-hi-158","name":"Hoomohala Ave and Kauluakoko St - 2","state":"HI","provider":"Hawaii DOT","hls":"https://cdn3.wowza.com/5/WTN5aDFuVUlKU1cv/W3CCHNL/TL-0335_Hoomohala_and_Kauluakoko_2.stream/playlist.m3u8","snapshot":"https://betaimageserver.goakamai.org/SnapShot/320x240/TL-0335.jpg","refreshMs":30000,"attribution":"Ora (Warner Varnado) · Hawaii DOT"}},{"type":"Feature","geometry":{"type":"Point","coordinates":[-157.998871,21.4284725]},"properties":{"id":"ora-hi-159","name":"Ka Uka Boulevard at Moaniani Street","state":"HI","provider":"Hawaii DOT","hls":"https://cdn3.wowza.com/5/SXBEWXZIK3ZOTG5U/W1CCHNL_A/TL-0242_Ka_Uka_and_Moaniani.stream/playlist.m3u8","snapshot":"https://betaimageserver.goakamai.org/SnapShot/320x240/TL-0242.jpg","refreshMs":30000,"attribution":"Ora (Warner Varnado) · Hawaii DOT"}},{"type":"Feature","geometry":{"type":"Point","coordinates":[-158.002731,21.4245663]},"properties":{"id":"ora-hi-160","name":"Ka Uka Boulevard at Ukee Street (North)","state":"HI","provider":"Hawaii DOT","hls":"https://cdn3.wowza.com/5/SXBEWXZIK3ZOTG5U/W1CCHNL_A/TL-0241_Ka_Uka_and_Ukee_North.stream/playlist.m3u8","snapshot":"https://betaimageserver.goakamai.org/SnapShot/320x240/TL-0241.jpg","refreshMs":30000,"attribution":"Ora (Warner Varnado) · Hawaii DOT"}},{"type":"Feature","geometry":{"type":"Point","coordinates":[-158.00473,21.4200172]},"properties":{"id":"ora-hi-161","name":"Ka Uka Boulevard at Ukee Street (South)","state":"HI","provider":"Hawaii DOT","hls":"https://cdn3.wowza.com/5/SXBEWXZIK3ZOTG5U/W1CCHNL_A/TL-0239_Ka_Uka_and_Ukee_South.stream/playlist.m3u8","snapshot":"https://betaimageserver.goakamai.org/SnapShot/320x240/TL-0239.jpg","refreshMs":30000,"attribution":"Ora (Warner Varnado) · Hawaii DOT"}},{"type":"Feature","geometry":{"type":"Point","coordinates":[-158.003052,21.4221611]},"properties":{"id":"ora-hi-162","name":"Ka Uka Boulevard at Waipio Uka Street","state":"HI","provider":"Hawaii DOT","hls":"https://cdn3.wowza.com/5/SXBEWXZIK3ZOTG5U/W1CCHNL_A/TL-0240_Ka_Uka_and_Waipio_Uka.stream/playlist.m3u8","snapshot":"https://betaimageserver.goakamai.org/SnapShot/320x240/TL-0240.jpg","refreshMs":30000,"attribution":"Ora (Warner Varnado) · Hawaii DOT"}},{"type":"Feature","geometry":{"type":"Point","coordinates":[-156.4729,20.88933]},"properties":{"id":"ora-hi-163","name":"Kaahumanu Ave at Kahului Beach Rd","state":"HI","provider":"Hawaii DOT","hls":null,"snapshot":"https://betaimageserver.goakamai.org/SnapShot/320x240/TL-0807.jpg","refreshMs":30000,"attribution":"Ora (Warner Varnado) · Hawaii DOT"}},{"type":"Feature","geometry":{"type":"Point","coordinates":[-157.813553,21.4169235]},"properties":{"id":"ora-hi-164","name":"Kahekili and Haiku","state":"HI","provider":"Hawaii DOT","hls":"https://cdn3.wowza.com/5/SXBEWXZIK3ZOTG5U/W1CCHNL_A/TL-0065_Kahekili_and_Haiku.stream/playlist.m3u8","snapshot":"https://betaimageserver.goakamai.org/SnapShot/320x240/TL-0065.jpg","refreshMs":30000,"attribution":"Ora (Warner Varnado) · Hawaii DOT"}},{"type":"Feature","geometry":{"type":"Point","coordinates":[-157.810318,21.4131947]},"properties":{"id":"ora-hi-165","name":"Kahekili and Kahuhipa","state":"HI","provider":"Hawaii DOT","hls":"https://cdn3.wowza.com/5/SXBEWXZIK3ZOTG5U/W1CCHNL_A/TL-0066_Kahekili_and_Kahuhipa.stream/playlist.m3u8","snapshot":"https://betaimageserver.goakamai.org/SnapShot/320x240/TL-0066.jpg","refreshMs":30000,"attribution":"Ora (Warner Varnado) · Hawaii DOT"}},{"type":"Feature","geometry":{"type":"Point","coordinates":[-157.808121,21.41072]},"properties":{"id":"ora-hi-166","name":"Kahekili and Keaahala","state":"HI","provider":"Hawaii DOT","hls":"https://cdn3.wowza.com/5/SXBEWXZIK3ZOTG5U/W1CCHNL_A/TL-0067_Kahekili_and_Keaahala.stream/playlist.m3u8","snapshot":"https://betaimageserver.goakamai.org/SnapShot/320x240/TL-0067.jpg","refreshMs":30000,"attribution":"Ora (Warner Varnado) · Hawaii DOT"}},{"type":"Feature","geometry":{"type":"Point","coordinates":[-157.807114,21.40624]},"properties":{"id":"ora-hi-167","name":"Kahekili and Kulukeoe","state":"HI","provider":"Hawaii DOT","hls":"https://cdn3.wowza.com/5/SXBEWXZIK3ZOTG5U/W1CCHNL_A/TL-0068_Kahekili_and_Kulukeoe.stream/playlist.m3u8","snapshot":"https://betaimageserver.goakamai.org/SnapShot/320x240/TL-0068.jpg","refreshMs":30000,"attribution":"Ora (Warner Varnado) · Hawaii DOT"}},{"type":"Feature","geometry":{"type":"Point","coordinates":[-157.779709,21.27792]},"properties":{"id":"ora-hi-168","name":"Kal Hwy and Ainakoa","state":"HI","provider":"Hawaii DOT","hls":"https://cdn3.wowza.com/5/SXBEWXZIK3ZOTG5U/W1CCHNL_A/TL-0069_Kal_Hwy_and_Ainakoa.stream/playlist.m3u8","snapshot":"https://betaimageserver.goakamai.org/SnapShot/320x240/TL-0069.jpg","refreshMs":30000,"attribution":"Ora (Warner Varnado) · Hawaii DOT"}},{"type":"Feature","geometry":{"type":"Point","coordinates":[-157.734772,21.28206]},"properties":{"id":"ora-hi-169","name":"Kal Hwy and E. Halemaumau","state":"HI","provider":"Hawaii DOT","hls":"https://cdn3.wowza.com/5/SXBEWXZIK3ZOTG5U/W1CCHNL_A/TL-0070_Kal_Hwy_and_E_Halemaumau.stream/playlist.m3u8","snapshot":"https://betaimageserver.goakamai.org/SnapShot/320x240/TL-0070.jpg","refreshMs":30000,"attribution":"Ora (Warner Varnado) · Hawaii DOT"}},{"type":"Feature","geometry":{"type":"Point","coordinates":[-157.717484,21.28467]},"properties":{"id":"ora-hi-170","name":"Kal Hwy and Hawaii Kai Dr","state":"HI","provider":"Hawaii DOT","hls":"https://cdn3.wowza.com/5/SXBEWXZIK3ZOTG5U/W1CCHNL_A/TL-0071_Kal_Hwy_and_Hawaii_Kai.stream/playlist.m3u8","snapshot":"https://betaimageserver.goakamai.org/SnapShot/320x240/TL-0071.jpg","refreshMs":30000,"attribution":"Ora (Warner Varnado) · Hawaii DOT"}},{"type":"Feature","geometry":{"type":"Point","coordinates":[-157.71524,21.28312]},"properties":{"id":"ora-hi-171","name":"Kal Hwy and Keahole","state":"HI","provider":"Hawaii DOT","hls":"https://cdn3.wowza.com/5/SXBEWXZIK3ZOTG5U/W1CCHNL_A/TL-0072_Kal_Hwy_and_Keahole.stream/playlist.m3u8","snapshot":"https://betaimageserver.goakamai.org/SnapShot/320x240/TL-0072.jpg","refreshMs":30000,"attribution":"Ora (Warner Varnado) · Hawaii DOT"}},{"type":"Feature","geometry":{"type":"Point","coordinates":[-157.723114,21.28608]},"properties":{"id":"ora-hi-172","name":"Kal Hwy and Kuliouou","state":"HI","provider":"Hawaii DOT","hls":"https://cdn3.wowza.com/5/SXBEWXZIK3ZOTG5U/W1CCHNL_A/TL-0073_Kal_Hwy_and_Kuliouou.stream/playlist.m3u8","snapshot":"https://betaimageserver.goakamai.org/SnapShot/320x240/TL-0073.jpg","refreshMs":30000,"attribution":"Ora (Warner Varnado) · Hawaii DOT"}},{"type":"Feature","geometry":{"type":"Point","coordinates":[-157.772156,21.27701]},"properties":{"id":"ora-hi-173","name":"Kal Hwy and Laukahi","state":"HI","provider":"Hawaii DOT","hls":"https://cdn3.wowza.com/5/SXBEWXZIK3ZOTG5U/W1CCHNL_A/TL-0074_Kal_Hwy_and_Laukahi.stream/playlist.m3u8","snapshot":"https://betaimageserver.goakamai.org/SnapShot/320x240/TL-0074.jpg","refreshMs":30000,"attribution":"Ora (Warner Varnado) · Hawaii DOT"}},{"type":"Feature","geometry":{"type":"Point","coordinates":[-157.744354,21.28007]},"properties":{"id":"ora-hi-174","name":"Kal Hwy and Puuikena","state":"HI","provider":"Hawaii DOT","hls":"https://cdn3.wowza.com/5/SXBEWXZIK3ZOTG5U/W1CCHNL_A/TL-0075_Kal_Hwy_and_Puuikena.stream/playlist.m3u8","snapshot":"https://betaimageserver.goakamai.org/SnapShot/320x240/TL-0075.jpg","refreshMs":30000,"attribution":"Ora (Warner Varnado) · Hawaii DOT"}},{"type":"Feature","geometry":{"type":"Point","coordinates":[-157.7551,21.27785]},"properties":{"id":"ora-hi-175","name":"Kal Hwy and West Hind Dr","state":"HI","provider":"Hawaii DOT","hls":"https://cdn3.wowza.com/5/SXBEWXZIK3ZOTG5U/W1CCHNL_A/TL-0076_Kal_Hwy_and_West_Hind.stream/playlist.m3u8","snapshot":"https://betaimageserver.goakamai.org/SnapShot/320x240/TL-0076.jpg","refreshMs":30000,"attribution":"Ora (Warner Varnado) · Hawaii DOT"}},{"type":"Feature","geometry":{"type":"Point","coordinates":[-157.83316,21.285675]},"properties":{"id":"ora-hi-176","name":"Kalakaua and Ala Moana","state":"HI","provider":"Hawaii DOT","hls":"https://cdn3.wowza.com/5/SXBEWXZIK3ZOTG5U/W1CCHNL_A/TL-0219_Kalakaua_and_Ala_Moana.stream/playlist.m3u8","snapshot":"https://betaimageserver.goakamai.org/SnapShot/320x240/TL-0219.jpg","refreshMs":30000,"attribution":"Ora (Warner Varnado) · Hawaii DOT"}},{"type":"Feature","geometry":{"type":"Point","coordinates":[-157.83461,21.2885246]},"properties":{"id":"ora-hi-177","name":"Kalakaua and Ala Wai","state":"HI","provider":"Hawaii DOT","hls":"https://cdn3.wowza.com/5/SXBEWXZIK3ZOTG5U/W1CCHNL_A/TL-0218_Kalakaua_and_Ala_Wai.stream/playlist.m3u8","snapshot":"https://betaimageserver.goakamai.org/SnapShot/320x240/TL-0218.jpg","refreshMs":30000,"attribution":"Ora (Warner Varnado) · Hawaii DOT"}},{"type":"Feature","geometry":{"type":"Point","coordinates":[-157.830551,21.2814064]},"properties":{"id":"ora-hi-178","name":"Kalakaua and Beachwalk","state":"HI","provider":"Hawaii DOT","hls":"https://cdn3.wowza.com/5/SXBEWXZIK3ZOTG5U/W1CCHNL_A/TL-0222_Kalakaua_and_Beachwalk.stream/playlist.m3u8","snapshot":"https://betaimageserver.goakamai.org/SnapShot/320x240/TL-0222.jpg","refreshMs":30000,"attribution":"Ora (Warner Varnado) · Hawaii DOT"}},{"type":"Feature","geometry":{"type":"Point","coordinates":[-157.8261,21.2764988]},"properties":{"id":"ora-hi-179","name":"Kalakaua and Kaiulani","state":"HI","provider":"Hawaii DOT","hls":"https://cdn3.wowza.com/5/SXBEWXZIK3ZOTG5U/W1CCHNL_A/TL-0077_Kalakaua_and_Kaiulani.stream/playlist.m3u8","snapshot":"https://betaimageserver.goakamai.org/SnapShot/320x240/TL-0077.jpg","refreshMs":30000,"attribution":"Ora (Warner Varnado) · Hawaii DOT"}},{"type":"Feature","geometry":{"type":"Point","coordinates":[-157.822723,21.27154]},"properties":{"id":"ora-hi-180","name":"Kalakaua and Kapahulu","state":"HI","provider":"Hawaii DOT","hls":"https://cdn3.wowza.com/5/SXBEWXZIK3ZOTG5U/W1CCHNL_A/TL-0078_Kalakaua_and_Kapahulu.stream/playlist.m3u8","snapshot":"https://betaimageserver.goakamai.org/SnapShot/320x240/TL-0078.jpg","refreshMs":30000,"attribution":"Ora (Warner Varnado) · Hawaii DOT"}},{"type":"Feature","geometry":{"type":"Point","coordinates":[-157.831879,21.28382]},"properties":{"id":"ora-hi-181","name":"Kalakaua and Kuhio","state":"HI","provider":"Hawaii DOT","hls":"https://cdn3.wowza.com/5/SXBEWXZIK3ZOTG5U/W1CCHNL_A/TL-0079_Kalakaua_and_Kuhio.stream/playlist.m3u8","snapshot":"https://betaimageserver.goakamai.org/SnapShot/320x240/TL-0079.jpg","refreshMs":30000,"attribution":"Ora (Warner Varnado) · Hawaii DOT"}},{"type":"Feature","geometry":{"type":"Point","coordinates":[-157.829788,21.28011]},"properties":{"id":"ora-hi-182","name":"Kalakaua and Lewers","state":"HI","provider":"Hawaii DOT","hls":"https://cdn3.wowza.com/5/SXBEWXZIK3ZOTG5U/W1CCHNL_A/TL-0080_Kalakaua_and_Lewers.stream/playlist.m3u8","snapshot":"https://betaimageserver.goakamai.org/SnapShot/320x240/TL-0080.jpg","refreshMs":30000,"attribution":"Ora (Warner Varnado) · Hawaii DOT"}},{"type":"Feature","geometry":{"type":"Point","coordinates":[-157.822784,21.2716312]},"properties":{"id":"ora-hi-183","name":"Kalakaua and Monsarrat","state":"HI","provider":"Hawaii DOT","hls":null,"snapshot":"https://betaimageserver.goakamai.org/SnapShot/320x240/TL-0022.jpg","refreshMs":30000,"attribution":"Ora (Warner Varnado) · Hawaii DOT"}},{"type":"Feature","geometry":{"type":"Point","coordinates":[-157.83107,21.2821579]},"properties":{"id":"ora-hi-184","name":"Kalakaua and Saratoga","state":"HI","provider":"Hawaii DOT","hls":"https://cdn3.wowza.com/5/SXBEWXZIK3ZOTG5U/W1CCHNL_A/TL-0220_Kalakaua_and_Saratoga.stream/playlist.m3u8","snapshot":"https://betaimageserver.goakamai.org/SnapShot/320x240/TL-0220.jpg","refreshMs":30000,"attribution":"Ora (Warner Varnado) · Hawaii DOT"}},{"type":"Feature","geometry":{"type":"Point","coordinates":[-157.934814,21.3700714]},"properties":{"id":"ora-hi-185","name":"Kam Hwy and Ford Island Blvd","state":"HI","provider":"Hawaii DOT","hls":"https://cdn3.wowza.com/5/VXFBSlQwR3pyNmVo/W2CCHNL/TL-0206_Kam_Hwy_and_Ford_Island_Blvd.stream/playlist.m3u8","snapshot":"https://betaimageserver.goakamai.org/SnapShot/320x240/TL-0206.jpg","refreshMs":30000,"attribution":"Ora (Warner Varnado) · Hawaii DOT"}},{"type":"Feature","geometry":{"type":"Point","coordinates":[-157.790283,21.38426]},"properties":{"id":"ora-hi-186","name":"Kam Hwy and H-3 EB off ramp","state":"HI","provider":"Hawaii DOT","hls":"https://cdn3.wowza.com/5/VXFBSlQwR3pyNmVo/W2CCHNL/TL-0092_Kam_Hwy_and_H3_EB_off_ramp.stream/playlist.m3u8","snapshot":"https://betaimageserver.goakamai.org/SnapShot/320x240/TL-0092.jpg","refreshMs":30000,"attribution":"Ora (Warner Varnado) · Hawaii DOT"}},{"type":"Feature","geometry":{"type":"Point","coordinates":[-157.791428,21.38565]},"properties":{"id":"ora-hi-187","name":"Kam Hwy and H-3 WB off ramp","state":"HI","provider":"Hawaii DOT","hls":"https://cdn3.wowza.com/5/VXFBSlQwR3pyNmVo/W2CCHNL/TL-0093_Kam_Hwy_and_H1_SE.stream/playlist.m3u8","snapshot":"https://betaimageserver.goakamai.org/SnapShot/320x240/TL-0093.jpg","refreshMs":30000,"attribution":"Ora (Warner Varnado) · Hawaii DOT"}},{"type":"Feature","geometry":{"type":"Point","coordinates":[-157.806854,21.4264011]},"properties":{"id":"ora-hi-188","name":"Kam Hwy and Halaulani","state":"HI","provider":"Hawaii DOT","hls":"https://cdn3.wowza.com/5/VXFBSlQwR3pyNmVo/W2CCHNL/TL-0081_Kam_Hwy_and_Halaulani.stream/playlist.m3u8","snapshot":"https://betaimageserver.goakamai.org/SnapShot/320x240/TL-0081.jpg","refreshMs":30000,"attribution":"Ora (Warner Varnado) · Hawaii DOT"}},{"type":"Feature","geometry":{"type":"Point","coordinates":[-157.954422,21.38709]},"properties":{"id":"ora-hi-189","name":"Kam Hwy and Kaahumanu","state":"HI","provider":"Hawaii DOT","hls":"https://cdn3.wowza.com/5/VXFBSlQwR3pyNmVo/W2CCHNL/TL-0094_Kam_Hwy_and_Kaahumanu.stream/playlist.m3u8","snapshot":"https://betaimageserver.goakamai.org/SnapShot/320x240/TL-0094.jpg","refreshMs":30000,"attribution":"Ora (Warner Varnado) · Hawaii DOT"}},{"type":"Feature","geometry":{"type":"Point","coordinates":[-157.9545,21.38683]},"properties":{"id":"ora-hi-190","name":"Kam Hwy and Kaahumanu #2","state":"HI","provider":"Hawaii DOT","hls":"https://cdn3.wowza.com/5/VXFBSlQwR3pyNmVo/W2CCHNL/TL-0203_Kam_Hwy_and_Kaahumanu_2.stream/playlist.m3u8","snapshot":"https://betaimageserver.goakamai.org/SnapShot/320x240/TL-0203.jpg","refreshMs":30000,"attribution":"Ora (Warner Varnado) · Hawaii DOT"}},{"type":"Feature","geometry":{"type":"Point","coordinates":[-157.946136,21.3833]},"properties":{"id":"ora-hi-191","name":"Kam Hwy and Kaonohi","state":"HI","provider":"Hawaii DOT","hls":"https://cdn3.wowza.com/5/VXFBSlQwR3pyNmVo/W2CCHNL/TL-0095_Kam_Hwy_and_Kaonohi_EB.stream/playlist.m3u8","snapshot":"https://betaimageserver.goakamai.org/SnapShot/320x240/TL-0095.jpg","refreshMs":30000,"attribution":"Ora (Warner Varnado) · Hawaii DOT"}},{"type":"Feature","geometry":{"type":"Point","coordinates":[-157.940857,21.3809357]},"properties":{"id":"ora-hi-192","name":"Kam Hwy and Pali Momi","state":"HI","provider":"Hawaii DOT","hls":"https://cdn3.wowza.com/5/VXFBSlQwR3pyNmVo/W2CCHNL/TL-0205_Kam_Hwy_and_Pali_Momi_IN.stream/playlist.m3u8","snapshot":"https://betaimageserver.goakamai.org/SnapShot/320x240/TL-0205.jpg","refreshMs":30000,"attribution":"Ora (Warner Varnado) · Hawaii DOT"}},{"type":"Feature","geometry":{"type":"Point","coordinates":[-157.964569,21.3916855]},"properties":{"id":"ora-hi-193","name":"Kam Hwy and Puu Poni","state":"HI","provider":"Hawaii DOT","hls":"https://cdn3.wowza.com/5/VXFBSlQwR3pyNmVo/W2CCHNL/TL-0204_Kam_Hwy_and_Puu_Poni_WB.stream/playlist.m3u8","snapshot":"https://betaimageserver.goakamai.org/SnapShot/320x240/TL-0204.jpg","refreshMs":30000,"attribution":"Ora (Warner Varnado) · Hawaii DOT"}},{"type":"Feature","geometry":{"type":"Point","coordinates":[-157.93483,21.37189]},"properties":{"id":"ora-hi-194","name":"Kam Hwy and Salt Lake Blvd","state":"HI","provider":"Hawaii DOT","hls":"https://cdn3.wowza.com/5/VXFBSlQwR3pyNmVo/W2CCHNL/TL-0155_Kam_Hwy_and_Salt_Lake_Blvd.stream/playlist.m3u8","snapshot":"https://betaimageserver.goakamai.org/SnapShot/320x240/TL-0155.jpg","refreshMs":30000,"attribution":"Ora (Warner Varnado) · Hawaii DOT"}},{"type":"Feature","geometry":{"type":"Point","coordinates":[-157.970276,21.39376]},"properties":{"id":"ora-hi-195","name":"Kam Hwy and Waimano Home Rd","state":"HI","provider":"Hawaii DOT","hls":"https://cdn3.wowza.com/5/VXFBSlQwR3pyNmVo/W2CCHNL/TL-0096_Kam_Hwy_and_Waimano_Home_EB.stream/playlist.m3u8","snapshot":"https://betaimageserver.goakamai.org/SnapShot/320x240/TL-0096.jpg","refreshMs":30000,"attribution":"Ora (Warner Varnado) · Hawaii DOT"}},{"type":"Feature","geometry":{"type":"Point","coordinates":[-157.974442,21.39545]},"properties":{"id":"ora-hi-196","name":"Kam and Acacia Rd","state":"HI","provider":"Hawaii DOT","hls":"https://cdn3.wowza.com/5/VXFBSlQwR3pyNmVo/W2CCHNL/TL-0091_Kam_Hwy_and_Acacia_WB/playlist.m3u8","snapshot":"https://betaimageserver.goakamai.org/SnapShot/320x240/TL-0091.jpg","refreshMs":30000,"attribution":"Ora (Warner Varnado) · Hawaii DOT"}},{"type":"Feature","geometry":{"type":"Point","coordinates":[-157.799545,21.40295]},"properties":{"id":"ora-hi-197","name":"Kam and Kaneohe and Likelike","state":"HI","provider":"Hawaii DOT","hls":"https://cdn3.wowza.com/5/VXFBSlQwR3pyNmVo/W2CCHNL/TL-0082_Kam_Hwy_and_Likelike_and_Kaneohe_Bay_1.stream/playlist.m3u8","snapshot":"https://betaimageserver.goakamai.org/SnapShot/320x240/TL-0082.jpg","refreshMs":30000,"attribution":"Ora (Warner Varnado) · Hawaii DOT"}},{"type":"Feature","geometry":{"type":"Point","coordinates":[-157.799545,21.40295]},"properties":{"id":"ora-hi-198","name":"Kam and Kaneohe and Likelike 2","state":"HI","provider":"Hawaii DOT","hls":"https://cdn3.wowza.com/5/VXFBSlQwR3pyNmVo/W2CCHNL/TL-0083_Kam_Hwy_and_Likelike_and_Kaneohe_Bay_2.stream/playlist.m3u8","snapshot":"https://betaimageserver.goakamai.org/SnapShot/320x240/TL-0083.jpg","refreshMs":30000,"attribution":"Ora (Warner Varnado) · Hawaii DOT"}},{"type":"Feature","geometry":{"type":"Point","coordinates":[-157.799057,21.4106121]},"properties":{"id":"ora-hi-199","name":"Kam and Keole","state":"HI","provider":"Hawaii DOT","hls":"https://cdn3.wowza.com/5/VXFBSlQwR3pyNmVo/W2CCHNL/TL-0084_Kam_Hwy_and_Keole.stream/playlist.m3u8","snapshot":"https://betaimageserver.goakamai.org/SnapShot/320x240/TL-0084.jpg","refreshMs":30000,"attribution":"Ora (Warner Varnado) · Hawaii DOT"}},{"type":"Feature","geometry":{"type":"Point","coordinates":[-157.80426,21.4221916]},"properties":{"id":"ora-hi-200","name":"Kam and Lilipuna and Haiku","state":"HI","provider":"Hawaii DOT","hls":"https://cdn3.wowza.com/5/VXFBSlQwR3pyNmVo/W2CCHNL/TL-0086_Kam_Hwy_and_Lilipuna_and_Haiku.stream/playlist.m3u8","snapshot":"https://betaimageserver.goakamai.org/SnapShot/320x240/TL-0086.jpg","refreshMs":30000,"attribution":"Ora (Warner Varnado) · Hawaii DOT"}},{"type":"Feature","geometry":{"type":"Point","coordinates":[-157.802063,21.4181538]},"properties":{"id":"ora-hi-201","name":"Kam and Lilipuna and Kahuhipa","state":"HI","provider":"Hawaii DOT","hls":"https://cdn3.wowza.com/5/VXFBSlQwR3pyNmVo/W2CCHNL/TL-0087_Kam_Hwy_and_Lilipuna_and_Kahuipa.stream/playlist.m3u8","snapshot":"https://betaimageserver.goakamai.org/SnapShot/320x240/TL-0087.jpg","refreshMs":30000,"attribution":"Ora (Warner Varnado) · Hawaii DOT"}},{"type":"Feature","geometry":{"type":"Point","coordinates":[-157.799255,21.4001675]},"properties":{"id":"ora-hi-202","name":"Kam and Luluku","state":"HI","provider":"Hawaii DOT","hls":"https://cdn3.wowza.com/5/VXFBSlQwR3pyNmVo/W2CCHNL/TL-0088_Kam_Hwy_and_Luluku.stream/playlist.m3u8","snapshot":"https://betaimageserver.goakamai.org/SnapShot/320x240/TL-0088.jpg","refreshMs":30000,"attribution":"Ora (Warner Varnado) · Hawaii DOT"}},{"type":"Feature","geometry":{"type":"Point","coordinates":[-157.797028,21.393568]},"properties":{"id":"ora-hi-203","name":"Kam and Mokulele","state":"HI","provider":"Hawaii DOT","hls":"https://cdn3.wowza.com/5/VXFBSlQwR3pyNmVo/W2CCHNL/TL-0089_Kam_Hwy_and_Mokulele.stream/playlist.m3u8","snapshot":"https://betaimageserver.goakamai.org/SnapShot/320x240/TL-0089.jpg","refreshMs":30000,"attribution":"Ora (Warner Varnado) · Hawaii DOT"}},{"type":"Feature","geometry":{"type":"Point","coordinates":[-157.800659,21.414959]},"properties":{"id":"ora-hi-204","name":"Kam and Wm Henry and Keaahala","state":"HI","provider":"Hawaii DOT","hls":"https://cdn3.wowza.com/5/VXFBSlQwR3pyNmVo/W2CCHNL/TL-0090_Kam_Hwy_and_Wm_Henry_and_Keaahala.stream/playlist.m3u8","snapshot":"https://betaimageserver.goakamai.org/SnapShot/320x240/TL-0090.jpg","refreshMs":30000,"attribution":"Ora (Warner Varnado) · Hawaii DOT"}},{"type":"Feature","geometry":{"type":"Point","coordinates":[-158.073013,21.3337231]},"properties":{"id":"ora-hi-205","name":"Kamaaha Avenue and Fort Barrette Road","state":"HI","provider":"Hawaii DOT","hls":"https://cdn3.wowza.com/5/SXBEWXZIK3ZOTG5U/W1CCHNL_A/Fort_Barrett_and_Kamaaha.stream/playlist.m3u8","snapshot":"https://betaimageserver.goakamai.org/SnapShot/320x240/TL-0251.jpg","refreshMs":30000,"attribution":"Ora (Warner Varnado) · Hawaii DOT"}},{"type":"Feature","geometry":{"type":"Point","coordinates":[-158.064926,21.3365517]},"properties":{"id":"ora-hi-206","name":"Kamaaha Avenue and Kamaaha Loop and Kuloa Street","state":"HI","provider":"Hawaii DOT","hls":"https://cdn3.wowza.com/5/VXFBSlQwR3pyNmVo/W2CCHNL/TL-0250_Kamaaha_and_Kuloa.stream/playlist.m3u8","snapshot":"https://betaimageserver.goakamai.org/SnapShot/320x240/TL-0250.jpg","refreshMs":30000,"attribution":"Ora (Warner Varnado) · Hawaii DOT"}},{"type":"Feature","geometry":{"type":"Point","coordinates":[-157.934753,21.3490028]},"properties":{"id":"ora-hi-207","name":"Kamehameha Hwy and Center Dr WB","state":"HI","provider":"Hawaii DOT","hls":"https://cdn3.wowza.com/5/VXFBSlQwR3pyNmVo/W2CCHNL/TL-0207_Kam_Hwy_and_Center.stream/playlist.m3u8","snapshot":"https://betaimageserver.goakamai.org/SnapShot/320x240/TL-0207.jpg","refreshMs":30000,"attribution":"Ora (Warner Varnado) · Hawaii DOT"}},{"type":"Feature","geometry":{"type":"Point","coordinates":[-157.937637,21.3643646]},"properties":{"id":"ora-hi-208","name":"Kamehameha Hwy and Halawa Dr EB","state":"HI","provider":"Hawaii DOT","hls":"https://cdn3.wowza.com/5/VXFBSlQwR3pyNmVo/W2CCHNL/TL-0097_Kam_Hwy_and_Arizona.stream/playlist.m3u8","snapshot":"https://betaimageserver.goakamai.org/SnapShot/320x240/TL-0097.jpg","refreshMs":30000,"attribution":"Ora (Warner Varnado) · Hawaii DOT"}},{"type":"Feature","geometry":{"type":"Point","coordinates":[-157.93721,21.3792763]},"properties":{"id":"ora-hi-209","name":"Kamehameha Hwy and Honomanu","state":"HI","provider":"Hawaii DOT","hls":"https://cdn3.wowza.com/5/VXFBSlQwR3pyNmVo/W2CCHNL/TL-0189_Kam_Hwy_and_Honomanu_EB.stream/playlist.m3u8","snapshot":"https://betaimageserver.goakamai.org/SnapShot/320x240/TL-0189.jpg","refreshMs":30000,"attribution":"Ora (Warner Varnado) · Hawaii DOT"}},{"type":"Feature","geometry":{"type":"Point","coordinates":[-157.936844,21.3661728]},"properties":{"id":"ora-hi-210","name":"Kamehameha Hwy and Kalaloa St EB","state":"HI","provider":"Hawaii DOT","hls":"https://cdn3.wowza.com/5/Ty9aQTM4MVVnajZP/W3CCHNL/TL-0342_Kamehameha_Hwy_and_Kalaloa_St_EB.stream/playlist.m3u8","snapshot":"https://betaimageserver.goakamai.org/SnapShot/320x240/TL-0342.jpg","refreshMs":30000,"attribution":"Ora (Warner Varnado) · Hawaii DOT"}},{"type":"Feature","geometry":{"type":"Point","coordinates":[-157.996689,21.4057751]},"properties":{"id":"ora-hi-211","name":"Kamehameha Hwy and Lumiaina Street","state":"HI","provider":"Hawaii DOT","hls":"https://cdn3.wowza.com/5/VXFBSlQwR3pyNmVo/W2CCHNL/TL-0270_Kam_Hwy_and_Lumiaina.stream/playlist.m3u8","snapshot":"https://betaimageserver.goakamai.org/SnapShot/320x240/TL-0270.jpg","refreshMs":30000,"attribution":"Ora (Warner Varnado) · Hawaii DOT"}},{"type":"Feature","geometry":{"type":"Point","coordinates":[-157.994339,21.4024372]},"properties":{"id":"ora-hi-212","name":"Kamehameha Hwy and Lumiauau Street","state":"HI","provider":"Hawaii DOT","hls":"https://cdn3.wowza.com/5/VXFBSlQwR3pyNmVo/W2CCHNL/TL-0269_Kam_Hwy_and_Lumiauau.stream/playlist.m3u8","snapshot":"https://betaimageserver.goakamai.org/SnapShot/320x240/TL-0269.jpg","refreshMs":30000,"attribution":"Ora (Warner Varnado) · Hawaii DOT"}},{"type":"Feature","geometry":{"type":"Point","coordinates":[-158.062485,21.6480923]},"properties":{"id":"ora-hi-213","name":"Kamehameha Hwy and Pupukea Rd","state":"HI","provider":"Hawaii DOT","hls":"https://cdn3.wowza.com/5/WTN5aDFuVUlKU1cv/W3CCHNL/TL-0340_Kamehameha_and_Pupukea.stream/playlist.m3u8","snapshot":"https://betaimageserver.goakamai.org/SnapShot/320x240/TL-0340.jpg","refreshMs":30000,"attribution":"Ora (Warner Varnado) · Hawaii DOT"}},{"type":"Feature","geometry":{"type":"Point","coordinates":[-157.935638,21.3527355]},"properties":{"id":"ora-hi-214","name":"Kamehameha Hwy and Radford Dr EB","state":"HI","provider":"Hawaii DOT","hls":"https://cdn3.wowza.com/5/RmswbjFqS0hUTnJp/W3CCHNL/TL-0345_Kam_Hwy_and_Radford_Dr_EB.stream/playlist.m3u8","snapshot":"https://betaimageserver.goakamai.org/SnapShot/320x240/TL-0345.jpg","refreshMs":30000,"attribution":"Ora (Warner Varnado) · Hawaii DOT"}},{"type":"Feature","geometry":{"type":"Point","coordinates":[-157.935425,21.3527756]},"properties":{"id":"ora-hi-215","name":"Kamehameha Hwy and Radford Dr WB","state":"HI","provider":"Hawaii DOT","hls":"https://cdn3.wowza.com/5/WTN5aDFuVUlKU1cv/W3CCHNL/TL-0346_Kam_Hwy_and_Radford_Dr_WB.stream/playlist.m3u8","snapshot":"https://betaimageserver.goakamai.org/SnapShot/320x240/TL-0346.jpg","refreshMs":30000,"attribution":"Ora (Warner Varnado) · Hawaii DOT"}},{"type":"Feature","geometry":{"type":"Point","coordinates":[-157.992386,21.3991356]},"properties":{"id":"ora-hi-216","name":"Kamehameha Hwy and Waipahu Street","state":"HI","provider":"Hawaii DOT","hls":"https://cdn3.wowza.com/5/VXFBSlQwR3pyNmVo/W2CCHNL/TL-0268_Kam_Hwy_and_Waipahu.stream/playlist.m3u8","snapshot":"https://betaimageserver.goakamai.org/SnapShot/320x240/TL-0268.jpg","refreshMs":30000,"attribution":"Ora (Warner Varnado) · Hawaii DOT"}},{"type":"Feature","geometry":{"type":"Point","coordinates":[-157.999863,21.4104919]},"properties":{"id":"ora-hi-217","name":"Kamehameha Hwy and Waipio Uka Street","state":"HI","provider":"Hawaii DOT","hls":"https://cdn3.wowza.com/5/VXFBSlQwR3pyNmVo/W2CCHNL/TL-0271_Kam_Hwy_and_Waipio_Uka.stream/playlist.m3u8","snapshot":"https://betaimageserver.goakamai.org/SnapShot/320x240/TL-0271.jpg","refreshMs":30000,"attribution":"Ora (Warner Varnado) · Hawaii DOT"}},{"type":"Feature","geometry":{"type":"Point","coordinates":[-158.005753,21.4194431]},"properties":{"id":"ora-hi-218","name":"Kamehameha Hwy at Ka Uka Boulevard","state":"HI","provider":"Hawaii DOT","hls":"https://cdn3.wowza.com/5/VXFBSlQwR3pyNmVo/W2CCHNL/TL-0238_Kam_Hwy_and_Ka_Uka.stream/playlist.m3u8","snapshot":"https://betaimageserver.goakamai.org/SnapShot/320x240/TL-0238.jpg","refreshMs":30000,"attribution":"Ora (Warner Varnado) · Hawaii DOT"}},{"type":"Feature","geometry":{"type":"Point","coordinates":[-157.889511,21.3334217]},"properties":{"id":"ora-hi-219","name":"Kamehameha and Middle","state":"HI","provider":"Hawaii DOT","hls":"https://cdn3.wowza.com/5/WTN5aDFuVUlKU1cv/W3CCHNL/TL-0362_Kamehameha_and_Middle.stream/playlist.m3u8","snapshot":"https://betaimageserver.goakamai.org/SnapShot/320x240/TL-0362.jpg","refreshMs":30000,"attribution":"Ora (Warner Varnado) · Hawaii DOT"}},{"type":"Feature","geometry":{"type":"Point","coordinates":[-158.079254,21.33777]},"properties":{"id":"ora-hi-220","name":"Kamokila Blvd Farrington and Kapowai Place","state":"HI","provider":"Hawaii DOT","hls":"https://cdn3.wowza.com/5/VXFBSlQwR3pyNmVo/W2CCHNL/TL-0258_Kamokila_and_Kapowai.stream/playlist.m3u8","snapshot":"https://betaimageserver.goakamai.org/SnapShot/320x240/TL-0258.jpg","refreshMs":30000,"attribution":"Ora (Warner Varnado) · Hawaii DOT"}},{"type":"Feature","geometry":{"type":"Point","coordinates":[-158.0802,21.3365459]},"properties":{"id":"ora-hi-221","name":"Kamokila Blvd and Old Farrington Hwy","state":"HI","provider":"Hawaii DOT","hls":"https://cdn3.wowza.com/5/VXFBSlQwR3pyNmVo/W2CCHNL/TL-0259_Kamokila_and_Old_Farrington.stream/playlist.m3u8","snapshot":"https://betaimageserver.goakamai.org/SnapShot/320x240/TL-0259.jpg","refreshMs":30000,"attribution":"Ora (Warner Varnado) · Hawaii DOT"}},{"type":"Feature","geometry":{"type":"Point","coordinates":[-158.083908,21.3320446]},"properties":{"id":"ora-hi-222","name":"Kamokila Blvd and Uluohia St","state":"HI","provider":"Hawaii DOT","hls":"https://cdn3.wowza.com/5/VXFBSlQwR3pyNmVo/W2CCHNL/TL-0261_Kamokila_Blvd_and_Uluohia_St.stream/playlist.m3u8","snapshot":"https://betaimageserver.goakamai.org/SnapShot/320x240/TL-0261.jpg","refreshMs":30000,"attribution":"Ora (Warner Varnado) · Hawaii DOT"}},{"type":"Feature","geometry":{"type":"Point","coordinates":[-158.082336,21.3337021]},"properties":{"id":"ora-hi-223","name":"Kamokila Blvd and Wakea Street","state":"HI","provider":"Hawaii DOT","hls":"https://cdn3.wowza.com/5/VXFBSlQwR3pyNmVo/W2CCHNL/TL-0260_Kamokila_and_Wakea.stream/playlist.m3u8","snapshot":"https://betaimageserver.goakamai.org/SnapShot/320x240/TL-0260.jpg","refreshMs":30000,"attribution":"Ora (Warner Varnado) · Hawaii DOT"}},{"type":"Feature","geometry":{"type":"Point","coordinates":[-158.080688,21.3354912]},"properties":{"id":"ora-hi-224","name":"Kamokila and Manawai","state":"HI","provider":"Hawaii DOT","hls":"https://cdn3.wowza.com/5/VXFBSlQwR3pyNmVo/W2CCHNL/TL-0225_Kamokila_and_Manawai.stream/playlist.m3u8","snapshot":"https://betaimageserver.goakamai.org/SnapShot/320x240/TL-0225.jpg","refreshMs":30000,"attribution":"Ora (Warner Varnado) · Hawaii DOT"}},{"type":"Feature","geometry":{"type":"Point","coordinates":[-156.480972,20.8992977]},"properties":{"id":"ora-hi-225","name":"Kanaloa Ave at Kahului Beach Rd","state":"HI","provider":"Hawaii DOT","hls":null,"snapshot":"https://betaimageserver.goakamai.org/SnapShot/320x240/TL-0824.jpg","refreshMs":30000,"attribution":"Ora (Warner Varnado) · Hawaii DOT"}},{"type":"Feature","geometry":{"type":"Point","coordinates":[-157.813919,21.2791252]},"properties":{"id":"ora-hi-226","name":"Kapahulu and Date","state":"HI","provider":"Hawaii DOT","hls":"https://cdn3.wowza.com/5/VXFBSlQwR3pyNmVo/W2CCHNL/TL-0021_Kapahulu_and_Date.stream/playlist.m3u8","snapshot":"https://betaimageserver.goakamai.org/SnapShot/320x240/TL-0021.jpg","refreshMs":30000,"attribution":"Ora (Warner Varnado) · Hawaii DOT"}},{"type":"Feature","geometry":{"type":"Point","coordinates":[-157.8137,21.28409]},"properties":{"id":"ora-hi-227","name":"Kapahulu and Olu","state":"HI","provider":"Hawaii DOT","hls":"https://cdn3.wowza.com/5/VXFBSlQwR3pyNmVo/W2CCHNL/TL-0098_Kapahulu_and_Olu.stream/playlist.m3u8","snapshot":"https://betaimageserver.goakamai.org/SnapShot/320x240/TL-0098.jpg","refreshMs":30000,"attribution":"Ora (Warner Varnado) · Hawaii DOT"}},{"type":"Feature","geometry":{"type":"Point","coordinates":[-157.837311,21.2906742]},"properties":{"id":"ora-hi-228","name":"Kapiolani and Atkinson","state":"HI","provider":"Hawaii DOT","hls":"https://cdn3.wowza.com/5/VXFBSlQwR3pyNmVo/W2CCHNL/TL-0208_Kapiolani_and_Atkinson.stream/playlist.m3u8","snapshot":"https://betaimageserver.goakamai.org/SnapShot/320x240/TL-0208.jpg","refreshMs":30000,"attribution":"Ora (Warner Varnado) · Hawaii DOT"}},{"type":"Feature","geometry":{"type":"Point","coordinates":[-157.823715,21.28751]},"properties":{"id":"ora-hi-229","name":"Kapiolani and Date","state":"HI","provider":"Hawaii DOT","hls":"https://cdn3.wowza.com/5/VXFBSlQwR3pyNmVo/W2CCHNL/TL-0099_Kapiolani_and_Date.stream/playlist.m3u8","snapshot":"https://betaimageserver.goakamai.org/SnapShot/320x240/TL-0099.jpg","refreshMs":30000,"attribution":"Ora (Warner Varnado) · Hawaii DOT"}},{"type":"Feature","geometry":{"type":"Point","coordinates":[-157.835663,21.29056]},"properties":{"id":"ora-hi-230","name":"Kapiolani and Kalakaua","state":"HI","provider":"Hawaii DOT","hls":"https://cdn3.wowza.com/5/VXFBSlQwR3pyNmVo/W2CCHNL/TL-0100_Kapiolani_and_Kalakaua.stream/playlist.m3u8","snapshot":"https://betaimageserver.goakamai.org/SnapShot/320x240/TL-0100.jpg","refreshMs":30000,"attribution":"Ora (Warner Varnado) · Hawaii DOT"}},{"type":"Feature","geometry":{"type":"Point","coordinates":[-157.8424,21.2931]},"properties":{"id":"ora-hi-231","name":"Kapiolani and Keeaumoku","state":"HI","provider":"Hawaii DOT","hls":"https://cdn3.wowza.com/5/VXFBSlQwR3pyNmVo/W2CCHNL/TL-0101_Kapiolani_and_Keeaumoku.stream/playlist.m3u8","snapshot":"https://betaimageserver.goakamai.org/SnapShot/320x240/TL-0101.jpg","refreshMs":30000,"attribution":"Ora (Warner Varnado) · Hawaii DOT"}},{"type":"Feature","geometry":{"type":"Point","coordinates":[-157.832275,21.2894]},"properties":{"id":"ora-hi-232","name":"Kapiolani and McCully","state":"HI","provider":"Hawaii DOT","hls":"https://cdn3.wowza.com/5/VXFBSlQwR3pyNmVo/W2CCHNL/TL-0102_Kapiolani_and_McCully.stream/playlist.m3u8","snapshot":"https://betaimageserver.goakamai.org/SnapShot/320x240/TL-0102.jpg","refreshMs":30000,"attribution":"Ora (Warner Varnado) · Hawaii DOT"}},{"type":"Feature","geometry":{"type":"Point","coordinates":[-157.847839,21.2954712]},"properties":{"id":"ora-hi-233","name":"Kapiolani and Pensacola","state":"HI","provider":"Hawaii DOT","hls":"https://cdn3.wowza.com/5/VXFBSlQwR3pyNmVo/W2CCHNL/TL-0272_Kapiolani_and_Pensacola.stream/playlist.m3u8","snapshot":"https://betaimageserver.goakamai.org/SnapShot/320x240/TL-0272.jpg","refreshMs":30000,"attribution":"Ora (Warner Varnado) · Hawaii DOT"}},{"type":"Feature","geometry":{"type":"Point","coordinates":[-157.8527,21.29891]},"properties":{"id":"ora-hi-234","name":"Kapiolani and Ward","state":"HI","provider":"Hawaii DOT","hls":"https://cdn3.wowza.com/5/VXFBSlQwR3pyNmVo/W2CCHNL/TL-0103_Kapiolani_and_Ward.stream/playlist.m3u8","snapshot":"https://betaimageserver.goakamai.org/SnapShot/320x240/TL-0103.jpg","refreshMs":30000,"attribution":"Ora (Warner Varnado) · Hawaii DOT"}},{"type":"Feature","geometry":{"type":"Point","coordinates":[-158.071716,21.32962]},"properties":{"id":"ora-hi-235","name":"Kapolei Parkway and Fort Barrette Road","state":"HI","provider":"Hawaii DOT","hls":"https://cdn3.wowza.com/5/VXFBSlQwR3pyNmVo/W2CCHNL/TL-0249_Kapolei_and_Fort_Barrett.stream/playlist.m3u8","snapshot":"https://betaimageserver.goakamai.org/SnapShot/320x240/TL-0249.jpg","refreshMs":30000,"attribution":"Ora (Warner Varnado) · Hawaii DOT"}},{"type":"Feature","geometry":{"type":"Point","coordinates":[-158.059616,21.3325939]},"properties":{"id":"ora-hi-236","name":"Kapolei Parkway and Kamaaha Avenue","state":"HI","provider":"Hawaii DOT","hls":"https://cdn3.wowza.com/5/VXFBSlQwR3pyNmVo/W2CCHNL/TL-0247_Kapolei_and_Kamaaha.stream/playlist.m3u8","snapshot":"https://betaimageserver.goakamai.org/SnapShot/320x240/TL-0247.jpg","refreshMs":30000,"attribution":"Ora (Warner Varnado) · Hawaii DOT"}},{"type":"Feature","geometry":{"type":"Point","coordinates":[-158.086472,21.3282051]},"properties":{"id":"ora-hi-237","name":"Kapolei Parkway and Kamokila Boulevard #1","state":"HI","provider":"Hawaii DOT","hls":"https://cdn3.wowza.com/5/VXFBSlQwR3pyNmVo/W2CCHNL/TL-0262_Kapolei_and_Kamokila_1.stream/playlist.m3u8","snapshot":"https://betaimageserver.goakamai.org/SnapShot/320x240/TL-0262.jpg","refreshMs":30000,"attribution":"Ora (Warner Varnado) · Hawaii DOT"}},{"type":"Feature","geometry":{"type":"Point","coordinates":[-158.086456,21.3278561]},"properties":{"id":"ora-hi-238","name":"Kapolei Parkway and Kamokila Boulevard #2","state":"HI","provider":"Hawaii DOT","hls":"https://cdn3.wowza.com/5/VXFBSlQwR3pyNmVo/W2CCHNL/TL-0263_Kapolei_and_Kamokila_2.stream/playlist.m3u8","snapshot":"https://betaimageserver.goakamai.org/SnapShot/320x240/TL-0263.jpg","refreshMs":30000,"attribution":"Ora (Warner Varnado) · Hawaii DOT"}},{"type":"Feature","geometry":{"type":"Point","coordinates":[-158.051208,21.3359718]},"properties":{"id":"ora-hi-239","name":"Kapolei Parkway and Kualakai Parkway #1","state":"HI","provider":"Hawaii DOT","hls":"https://cdn3.wowza.com/5/VXFBSlQwR3pyNmVo/W2CCHNL/TL-0245_Kapolei_and_Kualakai_1.stream/playlist.m3u8","snapshot":"https://betaimageserver.goakamai.org/SnapShot/320x240/TL-0245.jpg","refreshMs":30000,"attribution":"Ora (Warner Varnado) · Hawaii DOT"}},{"type":"Feature","geometry":{"type":"Point","coordinates":[-158.051422,21.3357]},"properties":{"id":"ora-hi-240","name":"Kapolei Parkway and Kualakai Parkway #2","state":"HI","provider":"Hawaii DOT","hls":"https://cdn3.wowza.com/5/VXFBSlQwR3pyNmVo/W2CCHNL/TL-0246_Kapolei_and_Kualakai_2.stream/playlist.m3u8","snapshot":"https://betaimageserver.goakamai.org/SnapShot/320x240/TL-0246.jpg","refreshMs":30000,"attribution":"Ora (Warner Varnado) · Hawaii DOT"}},{"type":"Feature","geometry":{"type":"Point","coordinates":[-158.069336,21.3299351]},"properties":{"id":"ora-hi-241","name":"Kapolei Pkwy and Maluohai St (Kapolei HS)","state":"HI","provider":"Hawaii DOT","hls":"https://cdn3.wowza.com/5/VXFBSlQwR3pyNmVo/W2CCHNL/TL-0248_Kapolei_Pkwy_and_Maluohai_St_Kapolei_HS.stream/playlist.m3u8","snapshot":"https://betaimageserver.goakamai.org/SnapShot/320x240/TL-0248.jpg","refreshMs":30000,"attribution":"Ora (Warner Varnado) · Hawaii DOT"}},{"type":"Feature","geometry":{"type":"Point","coordinates":[-158.090057,21.3283653]},"properties":{"id":"ora-hi-242","name":"Kapolei and Kalaeloa","state":"HI","provider":"Hawaii DOT","hls":"https://cdn3.wowza.com/5/VXFBSlQwR3pyNmVo/W2CCHNL/TL-0231_Kapolei_and_Kalaeloa.stream/playlist.m3u8","snapshot":"https://betaimageserver.goakamai.org/SnapShot/320x240/TL-0231.jpg","refreshMs":30000,"attribution":"Ora (Warner Varnado) · Hawaii DOT"}},{"type":"Feature","geometry":{"type":"Point","coordinates":[-158.040909,21.3352928]},"properties":{"id":"ora-hi-243","name":"Kapolei and Renton Road","state":"HI","provider":"Hawaii DOT","hls":"https://cdn3.wowza.com/5/VXFBSlQwR3pyNmVo/W2CCHNL/TL-0244_Kapolei_and_Renton.stream/playlist.m3u8","snapshot":"https://betaimageserver.goakamai.org/SnapShot/320x240/TL-0244.jpg","refreshMs":30000,"attribution":"Ora (Warner Varnado) · Hawaii DOT"}},{"type":"Feature","geometry":{"type":"Point","coordinates":[-157.841187,21.2961674]},"properties":{"id":"ora-hi-244","name":"Keeaumoku and Rycroft 1","state":"HI","provider":"Hawaii DOT","hls":"https://cdn3.wowza.com/5/VXFBSlQwR3pyNmVo/W2CCHNL/TL-0104_Keeaumoku_and_Rycroft_IN.stream/playlist.m3u8","snapshot":"https://betaimageserver.goakamai.org/SnapShot/320x240/TL-0104.jpg","refreshMs":30000,"attribution":"Ora (Warner Varnado) · Hawaii DOT"}},{"type":"Feature","geometry":{"type":"Point","coordinates":[-157.841187,21.2961674]},"properties":{"id":"ora-hi-245","name":"Keeaumoku and Rycroft 2","state":"HI","provider":"Hawaii DOT","hls":"https://cdn3.wowza.com/5/VXFBSlQwR3pyNmVo/W2CCHNL/TL-0105_Keeaumoku_and_Rycroft_OUT.stream/playlist.m3u8","snapshot":"https://betaimageserver.goakamai.org/SnapShot/320x240/TL-0105.jpg","refreshMs":30000,"attribution":"Ora (Warner Varnado) · Hawaii DOT"}},{"type":"Feature","geometry":{"type":"Point","coordinates":[-156.503891,20.8750572]},"properties":{"id":"ora-hi-246","name":"Kehalani Pkwy at Honoapiilani Hwy","state":"HI","provider":"Hawaii DOT","hls":null,"snapshot":"https://betaimageserver.goakamai.org/SnapShot/320x240/TL-0815.jpg","refreshMs":30000,"attribution":"Ora (Warner Varnado) · Hawaii DOT"}},{"type":"Feature","geometry":{"type":"Point","coordinates":[-157.864044,21.3166161]},"properties":{"id":"ora-hi-247","name":"King and Beretania","state":"HI","provider":"Hawaii DOT","hls":"https://cdn3.wowza.com/5/VXFBSlQwR3pyNmVo/W2CCHNL/TL-0106_King_and_Beretania.stream/playlist.m3u8","snapshot":"https://betaimageserver.goakamai.org/SnapShot/320x240/TL-0106.jpg","refreshMs":30000,"attribution":"Ora (Warner Varnado) · Hawaii DOT"}},{"type":"Feature","geometry":{"type":"Point","coordinates":[-157.8615,21.30848]},"properties":{"id":"ora-hi-248","name":"King and Bishop","state":"HI","provider":"Hawaii DOT","hls":"https://cdn3.wowza.com/5/VXFBSlQwR3pyNmVo/W2CCHNL/TL-0107_King_and_Bishop.stream/playlist.m3u8","snapshot":"https://betaimageserver.goakamai.org/SnapShot/320x240/TL-0107.jpg","refreshMs":30000,"attribution":"Ora (Warner Varnado) · Hawaii DOT"}},{"type":"Feature","geometry":{"type":"Point","coordinates":[-157.864731,21.31839]},"properties":{"id":"ora-hi-249","name":"King and Dillingham and Liliha","state":"HI","provider":"Hawaii DOT","hls":"https://cdn3.wowza.com/5/VXFBSlQwR3pyNmVo/W2CCHNL/TL-0108_King_and_Dillingham_and_Liliha.stream/playlist.m3u8","snapshot":"https://betaimageserver.goakamai.org/SnapShot/320x240/TL-0108.jpg","refreshMs":30000,"attribution":"Ora (Warner Varnado) · Hawaii DOT"}},{"type":"Feature","geometry":{"type":"Point","coordinates":[-157.879166,21.3334179]},"properties":{"id":"ora-hi-250","name":"King and Gulick","state":"HI","provider":"Hawaii DOT","hls":"https://cdn3.wowza.com/5/WTN5aDFuVUlKU1cv/W3CCHNL/TL-0364_King_and_Gulick.stream/playlist.m3u8","snapshot":"https://betaimageserver.goakamai.org/SnapShot/320x240/TL-0364.jpg","refreshMs":30000,"attribution":"Ora (Warner Varnado) · Hawaii DOT"}},{"type":"Feature","geometry":{"type":"Point","coordinates":[-157.8715,21.32851]},"properties":{"id":"ora-hi-251","name":"King and Houghtailing","state":"HI","provider":"Hawaii DOT","hls":"https://cdn3.wowza.com/5/VXFBSlQwR3pyNmVo/W2CCHNL/TL-0109_King_and_Houghtailing.stream/playlist.m3u8","snapshot":"https://betaimageserver.goakamai.org/SnapShot/320x240/TL-0109.jpg","refreshMs":30000,"attribution":"Ora (Warner Varnado) · Hawaii DOT"}},{"type":"Feature","geometry":{"type":"Point","coordinates":[-157.836945,21.29731]},"properties":{"id":"ora-hi-252","name":"King and Kalakaua","state":"HI","provider":"Hawaii DOT","hls":"https://cdn3.wowza.com/5/VXFBSlQwR3pyNmVo/W2CCHNL/TL-0110_King_and_Kalakaua.stream/playlist.m3u8","snapshot":"https://betaimageserver.goakamai.org/SnapShot/320x240/TL-0110.jpg","refreshMs":30000,"attribution":"Ora (Warner Varnado) · Hawaii DOT"}},{"type":"Feature","geometry":{"type":"Point","coordinates":[-157.875443,21.33094]},"properties":{"id":"ora-hi-253","name":"King and Kalihi","state":"HI","provider":"Hawaii DOT","hls":"https://cdn3.wowza.com/5/VXFBSlQwR3pyNmVo/W2CCHNL/TL-0111_King_and_Kalihi.stream/playlist.m3u8","snapshot":"https://betaimageserver.goakamai.org/SnapShot/320x240/TL-0111.jpg","refreshMs":30000,"attribution":"Ora (Warner Varnado) · Hawaii DOT"}},{"type":"Feature","geometry":{"type":"Point","coordinates":[-157.859161,21.3057671]},"properties":{"id":"ora-hi-254","name":"King and Kam Statue","state":"HI","provider":"Hawaii DOT","hls":null,"snapshot":"https://betaimageserver.goakamai.org/SnapShot/320x240/TL-0194.jpg","refreshMs":30000,"attribution":"Ora (Warner Varnado) · Hawaii DOT"}},{"type":"Feature","geometry":{"type":"Point","coordinates":[-157.868744,21.3246765]},"properties":{"id":"ora-hi-255","name":"King and Kokea","state":"HI","provider":"Hawaii DOT","hls":"https://cdn3.wowza.com/5/WTN5aDFuVUlKU1cv/W3CCHNL/TL-0365_King_and_Kokea.stream/playlist.m3u8","snapshot":"https://betaimageserver.goakamai.org/SnapShot/320x240/TL-0365.jpg","refreshMs":30000,"attribution":"Ora (Warner Varnado) · Hawaii DOT"}},{"type":"Feature","geometry":{"type":"Point","coordinates":[-157.8636,21.31182]},"properties":{"id":"ora-hi-256","name":"King and Maunakea","state":"HI","provider":"Hawaii DOT","hls":"https://cdn3.wowza.com/5/VXFBSlQwR3pyNmVo/W2CCHNL/TL-0112_King_and_Maunakea.stream/playlist.m3u8","snapshot":"https://betaimageserver.goakamai.org/SnapShot/320x240/TL-0112.jpg","refreshMs":30000,"attribution":"Ora (Warner Varnado) · Hawaii DOT"}},{"type":"Feature","geometry":{"type":"Point","coordinates":[-157.845779,21.3004723]},"properties":{"id":"ora-hi-257","name":"King and Pensacola","state":"HI","provider":"Hawaii DOT","hls":"https://cdn3.wowza.com/5/VXFBSlQwR3pyNmVo/W2CCHNL/TL-0273_King_and_Pensacola.stream/playlist.m3u8","snapshot":"https://betaimageserver.goakamai.org/SnapShot/320x240/TL-0273.jpg","refreshMs":30000,"attribution":"Ora (Warner Varnado) · Hawaii DOT"}},{"type":"Feature","geometry":{"type":"Point","coordinates":[-157.866043,21.3202515]},"properties":{"id":"ora-hi-258","name":"King and Pua Lane","state":"HI","provider":"Hawaii DOT","hls":"https://cdn3.wowza.com/5/WTN5aDFuVUlKU1cv/W3CCHNL/TL-0366_King_and_Pua_Ln.stream/playlist.m3u8","snapshot":"https://betaimageserver.goakamai.org/SnapShot/320x240/TL-0366.jpg","refreshMs":30000,"attribution":"Ora (Warner Varnado) · Hawaii DOT"}},{"type":"Feature","geometry":{"type":"Point","coordinates":[-157.858109,21.30503]},"properties":{"id":"ora-hi-259","name":"King and Punchbowl","state":"HI","provider":"Hawaii DOT","hls":"https://cdn3.wowza.com/5/VXFBSlQwR3pyNmVo/W2CCHNL/TL-0113_King_and_Punchbowl.stream/playlist.m3u8","snapshot":"https://betaimageserver.goakamai.org/SnapShot/320x240/TL-0113.jpg","refreshMs":30000,"attribution":"Ora (Warner Varnado) · Hawaii DOT"}},{"type":"Feature","geometry":{"type":"Point","coordinates":[-157.854538,21.30354]},"properties":{"id":"ora-hi-260","name":"King and South and Kapiolani","state":"HI","provider":"Hawaii DOT","hls":"https://cdn3.wowza.com/5/VXFBSlQwR3pyNmVo/W2CCHNL/TL-0114_King_and_Kapiolani_and_South.stream/playlist.m3u8","snapshot":"https://betaimageserver.goakamai.org/SnapShot/320x240/TL-0114.jpg","refreshMs":30000,"attribution":"Ora (Warner Varnado) · Hawaii DOT"}},{"type":"Feature","geometry":{"type":"Point","coordinates":[-157.8219,21.29195]},"properties":{"id":"ora-hi-261","name":"King and University","state":"HI","provider":"Hawaii DOT","hls":"https://cdn3.wowza.com/5/VXFBSlQwR3pyNmVo/W2CCHNL/TL-0115_King_and_University.stream/playlist.m3u8","snapshot":"https://betaimageserver.goakamai.org/SnapShot/320x240/TL-0115.jpg","refreshMs":30000,"attribution":"Ora (Warner Varnado) · Hawaii DOT"}},{"type":"Feature","geometry":{"type":"Point","coordinates":[-157.8488,21.3015156]},"properties":{"id":"ora-hi-262","name":"King and Victoria","state":"HI","provider":"Hawaii DOT","hls":"https://cdn3.wowza.com/5/VXFBSlQwR3pyNmVo/W2CCHNL/TL-0275_King_and_Victoria.stream/playlist.m3u8","snapshot":"https://betaimageserver.goakamai.org/SnapShot/320x240/TL-0275.jpg","refreshMs":30000,"attribution":"Ora (Warner Varnado) · Hawaii DOT"}},{"type":"Feature","geometry":{"type":"Point","coordinates":[-157.850174,21.3020153]},"properties":{"id":"ora-hi-263","name":"King and Ward","state":"HI","provider":"Hawaii DOT","hls":"https://cdn3.wowza.com/5/VXFBSlQwR3pyNmVo/W2CCHNL/TL-0274_King_and_Ward.stream/playlist.m3u8","snapshot":"https://betaimageserver.goakamai.org/SnapShot/320x240/TL-0274.jpg","refreshMs":30000,"attribution":"Ora (Warner Varnado) · Hawaii DOT"}},{"type":"Feature","geometry":{"type":"Point","coordinates":[-157.976135,21.39754]},"properties":{"id":"ora-hi-264","name":"Kuala and Acacia","state":"HI","provider":"Hawaii DOT","hls":"https://cdn3.wowza.com/5/VXFBSlQwR3pyNmVo/W2CCHNL/TL-0195_Kuala_and_Acacia.stream/playlist.m3u8","snapshot":"https://betaimageserver.goakamai.org/SnapShot/320x240/TL-0195.jpg","refreshMs":30000,"attribution":"Ora (Warner Varnado) · Hawaii DOT"}},{"type":"Feature","geometry":{"type":"Point","coordinates":[-157.969543,21.4025726]},"properties":{"id":"ora-hi-265","name":"Kuala and Kaakepa","state":"HI","provider":"Hawaii DOT","hls":"https://cdn3.wowza.com/5/VXFBSlQwR3pyNmVo/W2CCHNL/TL-0209_Kuala_and_Kaakepa.stream/playlist.m3u8","snapshot":"https://betaimageserver.goakamai.org/SnapShot/320x240/TL-0209.jpg","refreshMs":30000,"attribution":"Ora (Warner Varnado) · Hawaii DOT"}},{"type":"Feature","geometry":{"type":"Point","coordinates":[-157.9736,21.3999157]},"properties":{"id":"ora-hi-266","name":"Kuala and Makolu","state":"HI","provider":"Hawaii DOT","hls":"https://cdn3.wowza.com/5/VXFBSlQwR3pyNmVo/W2CCHNL/TL-0197_Kuala_and_Makolu.stream/playlist.m3u8","snapshot":"https://betaimageserver.goakamai.org/SnapShot/320x240/TL-0197.jpg","refreshMs":30000,"attribution":"Ora (Warner Varnado) · Hawaii DOT"}},{"type":"Feature","geometry":{"type":"Point","coordinates":[-157.97522,21.3985386]},"properties":{"id":"ora-hi-267","name":"Kuala and Walmart","state":"HI","provider":"Hawaii DOT","hls":"https://cdn3.wowza.com/5/VXFBSlQwR3pyNmVo/W2CCHNL/TL-0196_Kuala_and_Walmart.stream/playlist.m3u8","snapshot":"https://betaimageserver.goakamai.org/SnapShot/320x240/TL-0196.jpg","refreshMs":30000,"attribution":"Ora (Warner Varnado) · Hawaii DOT"}},{"type":"Feature","geometry":{"type":"Point","coordinates":[-158.059555,21.3657]},"properties":{"id":"ora-hi-268","name":"Kualakai Parkway at H-1 Ramps","state":"HI","provider":"Hawaii DOT","hls":"https://cdn3.wowza.com/5/VXFBSlQwR3pyNmVo/W2CCHNL/TL-0265_Kualakai_and_H1_Ramp.stream/playlist.m3u8","snapshot":"https://betaimageserver.goakamai.org/SnapShot/320x240/TL-0265.jpg","refreshMs":30000,"attribution":"Ora (Warner Varnado) · Hawaii DOT"}},{"type":"Feature","geometry":{"type":"Point","coordinates":[-158.0609,21.3669224]},"properties":{"id":"ora-hi-269","name":"Kualakai Pkwy and H-1 off ramp (WB)","state":"HI","provider":"Hawaii DOT","hls":"https://cdn3.wowza.com/5/WTN5aDFuVUlKU1cv/W3CCHNL/TL-0339_Kualakai_and_H1_Off_Ramp_WB.stream/playlist.m3u8","snapshot":"https://betaimageserver.goakamai.org/SnapShot/320x240/TL-0339.jpg","refreshMs":30000,"attribution":"Ora (Warner Varnado) · Hawaii DOT"}},{"type":"Feature","geometry":{"type":"Point","coordinates":[-158.0513,21.3582325]},"properties":{"id":"ora-hi-270","name":"Kualakai Pkwy and Hoomohala Ave (NB)","state":"HI","provider":"Hawaii DOT","hls":"https://cdn3.wowza.com/5/WTN5aDFuVUlKU1cv/W3CCHNL/TL-0336_Kualakai_and_Hoomohala_NB.stream/playlist.m3u8","snapshot":"https://betaimageserver.goakamai.org/SnapShot/320x240/TL-0336.jpg","refreshMs":30000,"attribution":"Ora (Warner Varnado) · Hawaii DOT"}},{"type":"Feature","geometry":{"type":"Point","coordinates":[-158.0515,21.3581142]},"properties":{"id":"ora-hi-271","name":"Kualakai Pkwy and Hoomohala Ave (SB)","state":"HI","provider":"Hawaii DOT","hls":"https://cdn3.wowza.com/5/WTN5aDFuVUlKU1cv/W3CCHNL/TL-0337_Kualakai_and_Hoomohala_SB.stream/playlist.m3u8","snapshot":"https://betaimageserver.goakamai.org/SnapShot/320x240/TL-0337.jpg","refreshMs":30000,"attribution":"Ora (Warner Varnado) · Hawaii DOT"}},{"type":"Feature","geometry":{"type":"Point","coordinates":[-157.824463,21.27781]},"properties":{"id":"ora-hi-272","name":"Kuhio and Kaiulani","state":"HI","provider":"Hawaii DOT","hls":"https://cdn3.wowza.com/5/VXFBSlQwR3pyNmVo/W2CCHNL/TL-0116_Kuhio_and_Kaiulani.stream/playlist.m3u8","snapshot":"https://betaimageserver.goakamai.org/SnapShot/320x240/TL-0116.jpg","refreshMs":30000,"attribution":"Ora (Warner Varnado) · Hawaii DOT"}},{"type":"Feature","geometry":{"type":"Point","coordinates":[-157.819855,21.2719784]},"properties":{"id":"ora-hi-273","name":"Kuhio and Kapahulu","state":"HI","provider":"Hawaii DOT","hls":"https://cdn3.wowza.com/5/VXFBSlQwR3pyNmVo/W2CCHNL/TL-0202_Kuhio_and_Kapahulu.stream/playlist.m3u8","snapshot":"https://betaimageserver.goakamai.org/SnapShot/320x240/TL-0202.jpg","refreshMs":30000,"attribution":"Ora (Warner Varnado) · Hawaii DOT"}},{"type":"Feature","geometry":{"type":"Point","coordinates":[-157.827057,21.2802525]},"properties":{"id":"ora-hi-274","name":"Kuhio and Seaside","state":"HI","provider":"Hawaii DOT","hls":"https://cdn3.wowza.com/5/WTN5aDFuVUlKU1cv/W3CCHNL/TL-0338_Kuhio_and_Seaside.stream/playlist.m3u8","snapshot":"https://betaimageserver.goakamai.org/SnapShot/320x240/TL-0338.jpg","refreshMs":30000,"attribution":"Ora (Warner Varnado) · Hawaii DOT"}},{"type":"Feature","geometry":{"type":"Point","coordinates":[-156.460571,20.8762665]},"properties":{"id":"ora-hi-275","name":"Kuihelani Hwy and Mayor Cravalho Way at Puunene Ave","state":"HI","provider":"Hawaii DOT","hls":null,"snapshot":"https://betaimageserver.goakamai.org/SnapShot/320x240/TL-0813.jpg","refreshMs":30000,"attribution":"Ora (Warner Varnado) · Hawaii DOT"}},{"type":"Feature","geometry":{"type":"Point","coordinates":[-156.506927,20.81671]},"properties":{"id":"ora-hi-276","name":"Kuihelani Hwy at Honoapiilani Hwy","state":"HI","provider":"Hawaii DOT","hls":null,"snapshot":"https://betaimageserver.goakamai.org/SnapShot/320x240/TL-0819.jpg","refreshMs":30000,"attribution":"Ora (Warner Varnado) · Hawaii DOT"}},{"type":"Feature","geometry":{"type":"Point","coordinates":[-156.503265,20.8712749]},"properties":{"id":"ora-hi-277","name":"Kuikahi Dr at Honoapiilani Hwy","state":"HI","provider":"Hawaii DOT","hls":null,"snapshot":"https://betaimageserver.goakamai.org/SnapShot/320x240/TL-0816.jpg","refreshMs":30000,"attribution":"Ora (Warner Varnado) · Hawaii DOT"}},{"type":"Feature","geometry":{"type":"Point","coordinates":[-156.648788,20.84295]},"properties":{"id":"ora-hi-278","name":"Lahaina Bypass at Kai Hele Ku St","state":"HI","provider":"Hawaii DOT","hls":null,"snapshot":"https://betaimageserver.goakamai.org/SnapShot/320x240/TL-0811.jpg","refreshMs":30000,"attribution":"Ora (Warner Varnado) · Hawaii DOT"}},{"type":"Feature","geometry":{"type":"Point","coordinates":[-157.803238,21.4036522]},"properties":{"id":"ora-hi-279","name":"Likelike and Anoi","state":"HI","provider":"Hawaii DOT","hls":"https://cdn3.wowza.com/5/VXFBSlQwR3pyNmVo/W2CCHNL/TL-0117_Likelike_and_Anoi.stream/playlist.m3u8","snapshot":"https://betaimageserver.goakamai.org/SnapShot/320x240/TL-0117.jpg","refreshMs":30000,"attribution":"Ora (Warner Varnado) · Hawaii DOT"}},{"type":"Feature","geometry":{"type":"Point","coordinates":[-157.806992,21.4031525]},"properties":{"id":"ora-hi-280","name":"Likelike and Kahekili","state":"HI","provider":"Hawaii DOT","hls":"https://cdn3.wowza.com/5/VXFBSlQwR3pyNmVo/W2CCHNL/TL-0118_Likelike_and_Kahekili.stream/playlist.m3u8","snapshot":"https://betaimageserver.goakamai.org/SnapShot/320x240/TL-0118.jpg","refreshMs":30000,"attribution":"Ora (Warner Varnado) · Hawaii DOT"}},{"type":"Feature","geometry":{"type":"Point","coordinates":[-157.866486,21.34701]},"properties":{"id":"ora-hi-281","name":"Likelike and Kam IV Rd","state":"HI","provider":"Hawaii DOT","hls":"https://cdn3.wowza.com/5/VXFBSlQwR3pyNmVo/W2CCHNL/TL-0119_Likelike_and_Kam_IV.stream/playlist.m3u8","snapshot":"https://betaimageserver.goakamai.org/SnapShot/320x240/TL-0119.jpg","refreshMs":30000,"attribution":"Ora (Warner Varnado) · Hawaii DOT"}},{"type":"Feature","geometry":{"type":"Point","coordinates":[-157.8616,21.35035]},"properties":{"id":"ora-hi-282","name":"Likelike and Kula Kolea","state":"HI","provider":"Hawaii DOT","hls":"https://cdn3.wowza.com/5/VXFBSlQwR3pyNmVo/W2CCHNL/TL-0120_Likelike_and_Kula_Kolea.stream/playlist.m3u8","snapshot":"https://betaimageserver.goakamai.org/SnapShot/320x240/TL-0120.jpg","refreshMs":30000,"attribution":"Ora (Warner Varnado) · Hawaii DOT"}},{"type":"Feature","geometry":{"type":"Point","coordinates":[-157.869812,21.33635]},"properties":{"id":"ora-hi-283","name":"Likelike and School","state":"HI","provider":"Hawaii DOT","hls":"https://cdn3.wowza.com/5/VXFBSlQwR3pyNmVo/W2CCHNL/TL-0121_Likelike_and_School.stream/playlist.m3u8","snapshot":"https://betaimageserver.goakamai.org/SnapShot/320x240/TL-0121.jpg","refreshMs":30000,"attribution":"Ora (Warner Varnado) · Hawaii DOT"}},{"type":"Feature","geometry":{"type":"Point","coordinates":[-157.998459,21.40467]},"properties":{"id":"ora-hi-284","name":"Lumiaina Street at Lumiauau Street","state":"HI","provider":"Hawaii DOT","hls":"https://cdn3.wowza.com/5/VXFBSlQwR3pyNmVo/W2CCHNL/TL-0237_Lumiaina_and_Lumiauau.stream/playlist.m3u8","snapshot":"https://betaimageserver.goakamai.org/SnapShot/320x240/TL-0237.jpg","refreshMs":30000,"attribution":"Ora (Warner Varnado) · Hawaii DOT"}},{"type":"Feature","geometry":{"type":"Point","coordinates":[-158.009369,21.4010448]},"properties":{"id":"ora-hi-285","name":"Lumiaina Street at Paiwa Street","state":"HI","provider":"Hawaii DOT","hls":"https://cdn3.wowza.com/5/VXFBSlQwR3pyNmVo/W2CCHNL/TL-0234_Lumiaina_and_Paiwa.stream/playlist.m3u8","snapshot":"https://betaimageserver.goakamai.org/SnapShot/320x240/TL-0234.jpg","refreshMs":30000,"attribution":"Ora (Warner Varnado) · Hawaii DOT"}},{"type":"Feature","geometry":{"type":"Point","coordinates":[-158.002258,21.4011459]},"properties":{"id":"ora-hi-286","name":"Lumiaina Street at Pulelo Street","state":"HI","provider":"Hawaii DOT","hls":"https://cdn3.wowza.com/5/VXFBSlQwR3pyNmVo/W2CCHNL/TL-0236_Lumiaina_and_Pulelo.stream/playlist.m3u8","snapshot":"https://betaimageserver.goakamai.org/SnapShot/320x240/TL-0236.jpg","refreshMs":30000,"attribution":"Ora (Warner Varnado) · Hawaii DOT"}},{"type":"Feature","geometry":{"type":"Point","coordinates":[-158.007172,21.4005642]},"properties":{"id":"ora-hi-287","name":"Lumiaina Street at Waikele Shopping Center Driveway","state":"HI","provider":"Hawaii DOT","hls":"https://cdn3.wowza.com/5/VXFBSlQwR3pyNmVo/W2CCHNL/TL-0235_Lumiaina_and_Waikele_Shopping_Center.stream/playlist.m3u8","snapshot":"https://betaimageserver.goakamai.org/SnapShot/320x240/TL-0235.jpg","refreshMs":30000,"attribution":"Ora (Warner Varnado) · Hawaii DOT"}},{"type":"Feature","geometry":{"type":"Point","coordinates":[-156.502975,20.88747]},"properties":{"id":"ora-hi-288","name":"Main St at Church St","state":"HI","provider":"Hawaii DOT","hls":null,"snapshot":"https://betaimageserver.goakamai.org/SnapShot/320x240/TL-0827.jpg","refreshMs":30000,"attribution":"Ora (Warner Varnado) · Hawaii DOT"}},{"type":"Feature","geometry":{"type":"Point","coordinates":[-158.075943,21.3401489]},"properties":{"id":"ora-hi-289","name":"Makakilo and Farrington","state":"HI","provider":"Hawaii DOT","hls":"https://cdn3.wowza.com/5/SXBEWXZIK3ZOTG5U/W1CCHNL_A/Farrington_and_Makakilo_1.stream/playlist.m3u8","snapshot":"https://betaimageserver.goakamai.org/SnapShot/320x240/TL-0224.jpg","refreshMs":30000,"attribution":"Ora (Warner Varnado) · Hawaii DOT"}},{"type":"Feature","geometry":{"type":"Point","coordinates":[-156.45752,20.8785572]},"properties":{"id":"ora-hi-290","name":"Mayor Cravalho Way at Dairy Rd and Pakaula St","state":"HI","provider":"Hawaii DOT","hls":null,"snapshot":"https://betaimageserver.goakamai.org/SnapShot/320x240/TL-0812.jpg","refreshMs":30000,"attribution":"Ora (Warner Varnado) · Hawaii DOT"}},{"type":"Feature","geometry":{"type":"Point","coordinates":[-157.997,21.4759274]},"properties":{"id":"ora-hi-291","name":"Meheula Parkway and Kaapeha","state":"HI","provider":"Hawaii DOT","hls":"https://cdn3.wowza.com/5/VXFBSlQwR3pyNmVo/W2CCHNL/TL-0279_Meheula_and_Kaapeha.stream/playlist.m3u8","snapshot":"https://betaimageserver.goakamai.org/SnapShot/320x240/TL-0279.jpg","refreshMs":30000,"attribution":"Ora (Warner Varnado) · Hawaii DOT"}},{"type":"Feature","geometry":{"type":"Point","coordinates":[-157.998947,21.47443]},"properties":{"id":"ora-hi-292","name":"Meheula Parkway and Koolani","state":"HI","provider":"Hawaii DOT","hls":"https://cdn3.wowza.com/5/VXFBSlQwR3pyNmVo/W2CCHNL/TL-0278_Meheula_and_Koolani.stream/playlist.m3u8","snapshot":"https://betaimageserver.goakamai.org/SnapShot/320x240/TL-0278.jpg","refreshMs":30000,"attribution":"Ora (Warner Varnado) · Hawaii DOT"}},{"type":"Feature","geometry":{"type":"Point","coordinates":[-157.993179,21.4793167]},"properties":{"id":"ora-hi-293","name":"Meheula Parkway and Kuaoa","state":"HI","provider":"Hawaii DOT","hls":"https://cdn3.wowza.com/5/VXFBSlQwR3pyNmVo/W2CCHNL/TL-0281_Meheula_and_Kuaoa.stream/playlist.m3u8","snapshot":"https://betaimageserver.goakamai.org/SnapShot/320x240/TL-0281.jpg","refreshMs":30000,"attribution":"Ora (Warner Varnado) · Hawaii DOT"}},{"type":"Feature","geometry":{"type":"Point","coordinates":[-157.98497,21.4807281]},"properties":{"id":"ora-hi-294","name":"Meheula Parkway and Lehiwa","state":"HI","provider":"Hawaii DOT","hls":"https://cdn3.wowza.com/5/VXFBSlQwR3pyNmVo/W2CCHNL/TL-0280_Meheula_and_Lehiwa.stream/playlist.m3u8","snapshot":"https://betaimageserver.goakamai.org/SnapShot/320x240/TL-0280.jpg","refreshMs":30000,"attribution":"Ora (Warner Varnado) · Hawaii DOT"}},{"type":"Feature","geometry":{"type":"Point","coordinates":[-157.999023,21.4717274]},"properties":{"id":"ora-hi-295","name":"Meheula Parkway and Makaikai","state":"HI","provider":"Hawaii DOT","hls":"https://cdn3.wowza.com/5/VXFBSlQwR3pyNmVo/W2CCHNL/TL-0277_Meheula_and_Makaikai.stream/playlist.m3u8","snapshot":"https://betaimageserver.goakamai.org/SnapShot/320x240/TL-0277.jpg","refreshMs":30000,"attribution":"Ora (Warner Varnado) · Hawaii DOT"}},{"type":"Feature","geometry":{"type":"Point","coordinates":[-158.0005,21.4680672]},"properties":{"id":"ora-hi-296","name":"Meheula Pkwy and Ainamakua Dr","state":"HI","provider":"Hawaii DOT","hls":"https://cdn3.wowza.com/5/VXFBSlQwR3pyNmVo/W2CCHNL/TL-0285_Meheula_and_Ainamakua.stream/playlist.m3u8","snapshot":"https://betaimageserver.goakamai.org/SnapShot/320x240/TL-0285.jpg","refreshMs":30000,"attribution":"Ora (Warner Varnado) · Hawaii DOT"}},{"type":"Feature","geometry":{"type":"Point","coordinates":[-158.0026,21.4664669]},"properties":{"id":"ora-hi-297","name":"Meheula Pkwy and H-2 Interchange North","state":"HI","provider":"Hawaii DOT","hls":"https://cdn3.wowza.com/5/VXFBSlQwR3pyNmVo/W2CCHNL/TL-0284_Meheula_and_H2_North.stream/playlist.m3u8","snapshot":"https://betaimageserver.goakamai.org/SnapShot/320x240/TL-0284.jpg","refreshMs":30000,"attribution":"Ora (Warner Varnado) · Hawaii DOT"}},{"type":"Feature","geometry":{"type":"Point","coordinates":[-158.005264,21.4645176]},"properties":{"id":"ora-hi-298","name":"Meheula Pkwy and H-2 Interchange South 1","state":"HI","provider":"Hawaii DOT","hls":"https://cdn3.wowza.com/5/VXFBSlQwR3pyNmVo/W2CCHNL/TL-0282_Meheula_and_H2_South_1.stream/playlist.m3u8","snapshot":"https://betaimageserver.goakamai.org/SnapShot/320x240/TL-0282.jpg","refreshMs":30000,"attribution":"Ora (Warner Varnado) · Hawaii DOT"}},{"type":"Feature","geometry":{"type":"Point","coordinates":[-158.00499,21.4644165]},"properties":{"id":"ora-hi-299","name":"Meheula Pkwy and H-2 Interchange South 2","state":"HI","provider":"Hawaii DOT","hls":"https://cdn3.wowza.com/5/VXFBSlQwR3pyNmVo/W2CCHNL/TL-0283_Meheula_and_H2_South_2.stream/playlist.m3u8","snapshot":"https://betaimageserver.goakamai.org/SnapShot/320x240/TL-0283.jpg","refreshMs":30000,"attribution":"Ora (Warner Varnado) · Hawaii DOT"}},{"type":"Feature","geometry":{"type":"Point","coordinates":[-157.930878,21.37911]},"properties":{"id":"ora-hi-300","name":"Moanalua Rd and Aiea Hts Dr","state":"HI","provider":"Hawaii DOT","hls":"https://cdn3.wowza.com/5/VXFBSlQwR3pyNmVo/W2CCHNL/TL-0123_Moanalua_and_Aiea_Hts.stream/playlist.m3u8","snapshot":"https://betaimageserver.goakamai.org/SnapShot/320x240/TL-0123.jpg","refreshMs":30000,"attribution":"Ora (Warner Varnado) · Hawaii DOT"}},{"type":"Feature","geometry":{"type":"Point","coordinates":[-157.935928,21.38122]},"properties":{"id":"ora-hi-301","name":"Moanalua Rd and Honomanu","state":"HI","provider":"Hawaii DOT","hls":"https://cdn3.wowza.com/5/VXFBSlQwR3pyNmVo/W2CCHNL/TL-0124_Moanalua_and_Honomanu.stream/playlist.m3u8","snapshot":"https://betaimageserver.goakamai.org/SnapShot/320x240/TL-0124.jpg","refreshMs":30000,"attribution":"Ora (Warner Varnado) · Hawaii DOT"}},{"type":"Feature","geometry":{"type":"Point","coordinates":[-157.953278,21.39077]},"properties":{"id":"ora-hi-302","name":"Moanalua Rd and Kaahumanu St","state":"HI","provider":"Hawaii DOT","hls":"https://cdn3.wowza.com/5/VXFBSlQwR3pyNmVo/W2CCHNL/TL-0125_Moanalua_and_Kaahumanu.stream/playlist.m3u8","snapshot":"https://betaimageserver.goakamai.org/SnapShot/320x240/TL-0125.jpg","refreshMs":30000,"attribution":"Ora (Warner Varnado) · Hawaii DOT"}},{"type":"Feature","geometry":{"type":"Point","coordinates":[-157.941986,21.38643]},"properties":{"id":"ora-hi-303","name":"Moanalua Rd and Kaonohi St","state":"HI","provider":"Hawaii DOT","hls":"https://cdn3.wowza.com/5/VXFBSlQwR3pyNmVo/W2CCHNL/TL-0126_Moanalua_and_Kaonohi.stream/playlist.m3u8","snapshot":"https://betaimageserver.goakamai.org/SnapShot/320x240/TL-0126.jpg","refreshMs":30000,"attribution":"Ora (Warner Varnado) · Hawaii DOT"}},{"type":"Feature","geometry":{"type":"Point","coordinates":[-157.8989,21.33465]},"properties":{"id":"ora-hi-304","name":"Nimitz and Ahua St (Eastbound)","state":"HI","provider":"Hawaii DOT","hls":"https://cdn3.wowza.com/5/VXFBSlQwR3pyNmVo/W2CCHNL/TL-0127_Nimitz_and_Ahua_EB.stream/playlist.m3u8","snapshot":"https://betaimageserver.goakamai.org/SnapShot/320x240/TL-0127.jpg","refreshMs":30000,"attribution":"Ora (Warner Varnado) · Hawaii DOT"}},{"type":"Feature","geometry":{"type":"Point","coordinates":[-157.898865,21.33495]},"properties":{"id":"ora-hi-305","name":"Nimitz and Ahua St (Westbound)","state":"HI","provider":"Hawaii DOT","hls":"https://cdn3.wowza.com/5/VXFBSlQwR3pyNmVo/W2CCHNL/TL-0128_Nimitz_and_Ahua_WB.stream/playlist.m3u8","snapshot":"https://betaimageserver.goakamai.org/SnapShot/320x240/TL-0128.jpg","refreshMs":30000,"attribution":"Ora (Warner Varnado) · Hawaii DOT"}},{"type":"Feature","geometry":{"type":"Point","coordinates":[-157.875137,21.3171]},"properties":{"id":"ora-hi-306","name":"Nimitz and Alakawa EB","state":"HI","provider":"Hawaii DOT","hls":"https://cdn3.wowza.com/5/VXFBSlQwR3pyNmVo/W2CCHNL/TL-0129_Nimitz_and_Alakawa_1.stream/playlist.m3u8","snapshot":"https://betaimageserver.goakamai.org/SnapShot/320x240/TL-0129.jpg","refreshMs":30000,"attribution":"Ora (Warner Varnado) · Hawaii DOT"}},{"type":"Feature","geometry":{"type":"Point","coordinates":[-157.87532,21.31702]},"properties":{"id":"ora-hi-307","name":"Nimitz and Alakawa WB","state":"HI","provider":"Hawaii DOT","hls":"https://cdn3.wowza.com/5/VXFBSlQwR3pyNmVo/W2CCHNL/TL-0130_Nimitz_and_Alakawa_2.stream/playlist.m3u8","snapshot":"https://betaimageserver.goakamai.org/SnapShot/320x240/TL-0130.jpg","refreshMs":30000,"attribution":"Ora (Warner Varnado) · Hawaii DOT"}},{"type":"Feature","geometry":{"type":"Point","coordinates":[-157.863144,21.306181]},"properties":{"id":"ora-hi-308","name":"Nimitz and Alakea EB","state":"HI","provider":"Hawaii DOT","hls":"https://cdn3.wowza.com/5/WTN5aDFuVUlKU1cv/W3CCHNL/TL-0356_Nimitz_and_Alakea_EB.stream/playlist.m3u8","snapshot":"https://betaimageserver.goakamai.org/SnapShot/320x240/TL-0356.jpg","refreshMs":30000,"attribution":"Ora (Warner Varnado) · Hawaii DOT"}},{"type":"Feature","geometry":{"type":"Point","coordinates":[-157.922745,21.33821]},"properties":{"id":"ora-hi-309","name":"Nimitz and Aolele St (Eastbound)","state":"HI","provider":"Hawaii DOT","hls":"https://cdn3.wowza.com/5/VXFBSlQwR3pyNmVo/W2CCHNL/TL-0132_Nimitz_and_Aolele_EB.stream/playlist.m3u8","snapshot":"https://betaimageserver.goakamai.org/SnapShot/320x240/TL-0132.jpg","refreshMs":30000,"attribution":"Ora (Warner Varnado) · Hawaii DOT"}},{"type":"Feature","geometry":{"type":"Point","coordinates":[-157.922684,21.33852]},"properties":{"id":"ora-hi-310","name":"Nimitz and Aolele St (Westbound)","state":"HI","provider":"Hawaii DOT","hls":"https://cdn3.wowza.com/5/VXFBSlQwR3pyNmVo/W2CCHNL/Nimitz_and_Aolele_WB.stream/playlist.m3u8","snapshot":"https://betaimageserver.goakamai.org/SnapShot/320x240/TL-0133.jpg","refreshMs":30000,"attribution":"Ora (Warner Varnado) · Hawaii DOT"}},{"type":"Feature","geometry":{"type":"Point","coordinates":[-157.86377,21.3069611]},"properties":{"id":"ora-hi-311","name":"Nimitz and Bishop EB","state":"HI","provider":"Hawaii DOT","hls":"https://cdn3.wowza.com/5/WTN5aDFuVUlKU1cv/W3CCHNL/TL-0357_Nimitz_and_Bishop_EB.stream/playlist.m3u8","snapshot":"https://betaimageserver.goakamai.org/SnapShot/320x240/TL-0357.jpg","refreshMs":30000,"attribution":"Ora (Warner Varnado) · Hawaii DOT"}},{"type":"Feature","geometry":{"type":"Point","coordinates":[-157.863617,21.3070889]},"properties":{"id":"ora-hi-312","name":"Nimitz and Bishop WB","state":"HI","provider":"Hawaii DOT","hls":"https://cdn3.wowza.com/5/WTN5aDFuVUlKU1cv/W3CCHNL/TL-0358_Nimitz_and_Bishop_WB.stream/playlist.m3u8","snapshot":"https://betaimageserver.goakamai.org/SnapShot/320x240/TL-0358.jpg","refreshMs":30000,"attribution":"Ora (Warner Varnado) · Hawaii DOT"}},{"type":"Feature","geometry":{"type":"Point","coordinates":[-157.862656,21.3054543]},"properties":{"id":"ora-hi-313","name":"Nimitz and Halekauwila","state":"HI","provider":"Hawaii DOT","hls":"https://cdn3.wowza.com/5/WTN5aDFuVUlKU1cv/W3CCHNL/TL-0355_Nimitz_and_Halekawila.stream/playlist.m3u8","snapshot":"https://betaimageserver.goakamai.org/SnapShot/320x240/TL-0355.jpg","refreshMs":30000,"attribution":"Ora (Warner Varnado) · Hawaii DOT"}},{"type":"Feature","geometry":{"type":"Point","coordinates":[-157.882,21.32426]},"properties":{"id":"ora-hi-314","name":"Nimitz and Kalihi","state":"HI","provider":"Hawaii DOT","hls":"https://cdn3.wowza.com/5/VXFBSlQwR3pyNmVo/W2CCHNL/TL-0134_Nimitz_and_Kalihi.stream/playlist.m3u8","snapshot":"https://betaimageserver.goakamai.org/SnapShot/320x240/TL-0134.jpg","refreshMs":30000,"attribution":"Ora (Warner Varnado) · Hawaii DOT"}},{"type":"Feature","geometry":{"type":"Point","coordinates":[-157.86441,21.3099728]},"properties":{"id":"ora-hi-315","name":"Nimitz and Nuuanu EB","state":"HI","provider":"Hawaii DOT","hls":"https://cdn3.wowza.com/5/WTN5aDFuVUlKU1cv/W3CCHNL/TL-0359_Nimitz_and_Nuuanu_EB.stream/playlist.m3u8","snapshot":"https://betaimageserver.goakamai.org/SnapShot/320x240/TL-0359.jpg","refreshMs":30000,"attribution":"Ora (Warner Varnado) · Hawaii DOT"}},{"type":"Feature","geometry":{"type":"Point","coordinates":[-157.86441,21.31635]},"properties":{"id":"ora-hi-316","name":"Nimitz and Nuuanu WB","state":"HI","provider":"Hawaii DOT","hls":"https://cdn3.wowza.com/5/WTN5aDFuVUlKU1cv/W3CCHNL/TL-0369_Nimitz_and_Nuuanu_WB.stream/playlist.m3u8","snapshot":"https://betaimageserver.goakamai.org/SnapShot/320x240/TL-0369.jpg","refreshMs":30000,"attribution":"Ora (Warner Varnado) · Hawaii DOT"}},{"type":"Feature","geometry":{"type":"Point","coordinates":[-157.907486,21.33594]},"properties":{"id":"ora-hi-317","name":"Nimitz and Ohohia St (Eastbound)","state":"HI","provider":"Hawaii DOT","hls":"https://cdn3.wowza.com/5/VXFBSlQwR3pyNmVo/W2CCHNL/TL-0135_Nimitz_and_Ohohia_EB.stream/playlist.m3u8","snapshot":"https://betaimageserver.goakamai.org/SnapShot/320x240/TL-0135.jpg","refreshMs":30000,"attribution":"Ora (Warner Varnado) · Hawaii DOT"}},{"type":"Feature","geometry":{"type":"Point","coordinates":[-157.907425,21.33627]},"properties":{"id":"ora-hi-318","name":"Nimitz and Ohohia St (Westbound)","state":"HI","provider":"Hawaii DOT","hls":"https://cdn3.wowza.com/5/VXFBSlQwR3pyNmVo/W2CCHNL/TL-0136_Nimitz_and_Ohohia_WB.stream/playlist.m3u8","snapshot":"https://betaimageserver.goakamai.org/SnapShot/320x240/TL-0136.jpg","refreshMs":30000,"attribution":"Ora (Warner Varnado) · Hawaii DOT"}},{"type":"Feature","geometry":{"type":"Point","coordinates":[-157.870667,21.3130131]},"properties":{"id":"ora-hi-319","name":"Nimitz and Pacific EB","state":"HI","provider":"Hawaii DOT","hls":"https://cdn3.wowza.com/5/WTN5aDFuVUlKU1cv/W3CCHNL/TL-0370_Nimitz_and_Pacific_EB.stream/playlist.m3u8","snapshot":"https://betaimageserver.goakamai.org/SnapShot/320x240/TL-0370.jpg","refreshMs":30000,"attribution":"Ora (Warner Varnado) · Hawaii DOT"}},{"type":"Feature","geometry":{"type":"Point","coordinates":[-157.870667,21.3130131]},"properties":{"id":"ora-hi-320","name":"Nimitz and Pacific WB","state":"HI","provider":"Hawaii DOT","hls":"https://cdn3.wowza.com/5/WTN5aDFuVUlKU1cv/W3CCHNL/TL-0371_Nimitz_and_Pacific_WB.stream/playlist.m3u8","snapshot":"https://betaimageserver.goakamai.org/SnapShot/320x240/TL-0371.jpg","refreshMs":30000,"attribution":"Ora (Warner Varnado) · Hawaii DOT"}},{"type":"Feature","geometry":{"type":"Point","coordinates":[-157.91452,21.33698]},"properties":{"id":"ora-hi-321","name":"Nimitz and Paiea (Eastbound)","state":"HI","provider":"Hawaii DOT","hls":"https://cdn3.wowza.com/5/VXFBSlQwR3pyNmVo/W2CCHNL/Nimitz_and_Paiea_EB.stream/playlist.m3u8","snapshot":"https://betaimageserver.goakamai.org/SnapShot/320x240/TL-0139.jpg","refreshMs":30000,"attribution":"Ora (Warner Varnado) · Hawaii DOT"}},{"type":"Feature","geometry":{"type":"Point","coordinates":[-157.914459,21.33728]},"properties":{"id":"ora-hi-322","name":"Nimitz and Paiea (Westbound)","state":"HI","provider":"Hawaii DOT","hls":"https://cdn3.wowza.com/5/VXFBSlQwR3pyNmVo/W2CCHNL/Nimitz_and_Paiea_WB.stream/playlist.m3u8","snapshot":"https://betaimageserver.goakamai.org/SnapShot/320x240/TL-0140.jpg","refreshMs":30000,"attribution":"Ora (Warner Varnado) · Hawaii DOT"}},{"type":"Feature","geometry":{"type":"Point","coordinates":[-157.865173,21.3130722]},"properties":{"id":"ora-hi-323","name":"Nimitz and River","state":"HI","provider":"Hawaii DOT","hls":"https://cdn3.wowza.com/5/WTN5aDFuVUlKU1cv/W3CCHNL/TL-0361_Nimitz_and_River.stream/playlist.m3u8","snapshot":"https://betaimageserver.goakamai.org/SnapShot/320x240/TL-0361.jpg","refreshMs":30000,"attribution":"Ora (Warner Varnado) · Hawaii DOT"}},{"type":"Feature","geometry":{"type":"Point","coordinates":[-157.8865,21.32883]},"properties":{"id":"ora-hi-324","name":"Nimitz and Sand Island","state":"HI","provider":"Hawaii DOT","hls":"https://cdn3.wowza.com/5/VXFBSlQwR3pyNmVo/W2CCHNL/TL-0141_Nimitz_and_Sand_Island.stream/playlist.m3u8","snapshot":"https://betaimageserver.goakamai.org/SnapShot/320x240/TL-0141.jpg","refreshMs":30000,"attribution":"Ora (Warner Varnado) · Hawaii DOT"}},{"type":"Feature","geometry":{"type":"Point","coordinates":[-157.864609,21.3106785]},"properties":{"id":"ora-hi-325","name":"Nimitz and Smith","state":"HI","provider":"Hawaii DOT","hls":"https://cdn3.wowza.com/5/WTN5aDFuVUlKU1cv/W3CCHNL/TL-0360_Nimitz_and_Smith.stream/playlist.m3u8","snapshot":"https://betaimageserver.goakamai.org/SnapShot/320x240/TL-0360.jpg","refreshMs":30000,"attribution":"Ora (Warner Varnado) · Hawaii DOT"}},{"type":"Feature","geometry":{"type":"Point","coordinates":[-157.9302,21.33995]},"properties":{"id":"ora-hi-326","name":"Nimitz and Valkenburgh (Eastbound)","state":"HI","provider":"Hawaii DOT","hls":"https://cdn3.wowza.com/5/VXFBSlQwR3pyNmVo/W2CCHNL/Nimitz_and_Valkenburg_EB.stream/playlist.m3u8","snapshot":"https://betaimageserver.goakamai.org/SnapShot/320x240/TL-0142.jpg","refreshMs":30000,"attribution":"Ora (Warner Varnado) · Hawaii DOT"}},{"type":"Feature","geometry":{"type":"Point","coordinates":[-157.929733,21.34072]},"properties":{"id":"ora-hi-327","name":"Nimitz and Valkenburgh (Westbound)","state":"HI","provider":"Hawaii DOT","hls":"https://cdn3.wowza.com/5/VXFBSlQwR3pyNmVo/W2CCHNL/Nimitz_and_Valkenburg_WB.stream/playlist.m3u8","snapshot":"https://betaimageserver.goakamai.org/SnapShot/320x240/TL-0143.jpg","refreshMs":30000,"attribution":"Ora (Warner Varnado) · Hawaii DOT"}},{"type":"Feature","geometry":{"type":"Point","coordinates":[-157.879333,21.32163]},"properties":{"id":"ora-hi-328","name":"Nimitz and Waiakamilo","state":"HI","provider":"Hawaii DOT","hls":"https://cdn3.wowza.com/5/VXFBSlQwR3pyNmVo/W2CCHNL/TL-0144_Nimitz_and_Waiakamilo.stream/playlist.m3u8","snapshot":"https://betaimageserver.goakamai.org/SnapShot/320x240/TL-0144.jpg","refreshMs":30000,"attribution":"Ora (Warner Varnado) · Hawaii DOT"}},{"type":"Feature","geometry":{"type":"Point","coordinates":[-156.507462,20.811552]},"properties":{"id":"ora-hi-329","name":"North Kihei Rd at Honoapiilani Hwy","state":"HI","provider":"Hawaii DOT","hls":null,"snapshot":"https://betaimageserver.goakamai.org/SnapShot/320x240/TL-0805.jpg","refreshMs":30000,"attribution":"Ora (Warner Varnado) · Hawaii DOT"}},{"type":"Feature","geometry":{"type":"Point","coordinates":[-157.854767,21.31454]},"properties":{"id":"ora-hi-330","name":"Pali Hwy and H-1 Off Ramp","state":"HI","provider":"Hawaii DOT","hls":"https://cdn3.wowza.com/5/WTN5aDFuVUlKU1cv/W3CCHNL/TL-0145_Pali_and_H1_Off_Ramp.stream/playlist.m3u8","snapshot":"https://betaimageserver.goakamai.org/SnapShot/320x240/TL-0145.jpg","refreshMs":30000,"attribution":"Ora (Warner Varnado) · Hawaii DOT"}},{"type":"Feature","geometry":{"type":"Point","coordinates":[-157.8437,21.33086]},"properties":{"id":"ora-hi-331","name":"Pali Hwy and Jack Lane","state":"HI","provider":"Hawaii DOT","hls":"https://cdn3.wowza.com/5/WTN5aDFuVUlKU1cv/W3CCHNL/TL-0146_Pali_and_Jack_Ln.stream/playlist.m3u8","snapshot":"https://betaimageserver.goakamai.org/SnapShot/320x240/TL-0146.jpg","refreshMs":30000,"attribution":"Ora (Warner Varnado) · Hawaii DOT"}},{"type":"Feature","geometry":{"type":"Point","coordinates":[-157.841187,21.33403]},"properties":{"id":"ora-hi-332","name":"Pali Hwy and Laimi","state":"HI","provider":"Hawaii DOT","hls":"https://cdn3.wowza.com/5/WTN5aDFuVUlKU1cv/W3CCHNL/TL-0147_Pali_and_Laimi.stream/playlist.m3u8","snapshot":"https://betaimageserver.goakamai.org/SnapShot/320x240/TL-0147.jpg","refreshMs":30000,"attribution":"Ora (Warner Varnado) · Hawaii DOT"}},{"type":"Feature","geometry":{"type":"Point","coordinates":[-157.838211,21.33695]},"properties":{"id":"ora-hi-333","name":"Pali Hwy and Puiwa","state":"HI","provider":"Hawaii DOT","hls":"https://cdn3.wowza.com/5/WTN5aDFuVUlKU1cv/W3CCHNL/TL-0149_Pali_and_Puiwa.stream/playlist.m3u8","snapshot":"https://betaimageserver.goakamai.org/SnapShot/320x240/TL-0149.jpg","refreshMs":30000,"attribution":"Ora (Warner Varnado) · Hawaii DOT"}},{"type":"Feature","geometry":{"type":"Point","coordinates":[-157.832535,21.34248]},"properties":{"id":"ora-hi-334","name":"Pali Hwy and Waokanaka","state":"HI","provider":"Hawaii DOT","hls":"https://cdn3.wowza.com/5/WTN5aDFuVUlKU1cv/W3CCHNL/TL-0148_Pali_and_Waokanaka.stream/playlist.m3u8","snapshot":"https://betaimageserver.goakamai.org/SnapShot/320x240/TL-0148.jpg","refreshMs":30000,"attribution":"Ora (Warner Varnado) · Hawaii DOT"}},{"type":"Feature","geometry":{"type":"Point","coordinates":[-156.446136,20.7487278]},"properties":{"id":"ora-hi-335","name":"Piilani Hwy at Lipoa St","state":"HI","provider":"Hawaii DOT","hls":null,"snapshot":"https://betaimageserver.goakamai.org/SnapShot/320x240/TL-0810.jpg","refreshMs":30000,"attribution":"Ora (Warner Varnado) · Hawaii DOT"}},{"type":"Feature","geometry":{"type":"Point","coordinates":[-156.461914,20.7857571]},"properties":{"id":"ora-hi-336","name":"Piilani Hwy at N Kihei Rd","state":"HI","provider":"Hawaii DOT","hls":null,"snapshot":"https://betaimageserver.goakamai.org/SnapShot/320x240/TL-0808.jpg","refreshMs":30000,"attribution":"Ora (Warner Varnado) · Hawaii DOT"}},{"type":"Feature","geometry":{"type":"Point","coordinates":[-156.432,20.69549]},"properties":{"id":"ora-hi-337","name":"Piilani Hwy at Okolani/Mikioi","state":"HI","provider":"Hawaii DOT","hls":null,"snapshot":"https://betaimageserver.goakamai.org/SnapShot/320x240/TL-0826.jpg","refreshMs":30000,"attribution":"Ora (Warner Varnado) · Hawaii DOT"}},{"type":"Feature","geometry":{"type":"Point","coordinates":[-156.446671,20.7517452]},"properties":{"id":"ora-hi-338","name":"Piilani Hwy at Piikea St","state":"HI","provider":"Hawaii DOT","hls":null,"snapshot":"https://betaimageserver.goakamai.org/SnapShot/320x240/TL-0809.jpg","refreshMs":30000,"attribution":"Ora (Warner Varnado) · Hawaii DOT"}},{"type":"Feature","geometry":{"type":"Point","coordinates":[-156.503174,20.858387]},"properties":{"id":"ora-hi-339","name":"Pilikana St at Honoapiilani Hwy","state":"HI","provider":"Hawaii DOT","hls":null,"snapshot":"https://betaimageserver.goakamai.org/SnapShot/320x240/TL-0817.jpg","refreshMs":30000,"attribution":"Ora (Warner Varnado) · Hawaii DOT"}},{"type":"Feature","geometry":{"type":"Point","coordinates":[-157.8518,21.2944736]},"properties":{"id":"ora-hi-340","name":"Queen and Kamakee","state":"HI","provider":"Hawaii DOT","hls":"https://cdn3.wowza.com/5/WTN5aDFuVUlKU1cv/W3CCHNL/TL-0210_Queen_and_Kamakee.stream/playlist.m3u8","snapshot":"https://betaimageserver.goakamai.org/SnapShot/320x240/TL-0210.jpg","refreshMs":30000,"attribution":"Ora (Warner Varnado) · Hawaii DOT"}},{"type":"Feature","geometry":{"type":"Point","coordinates":[-157.859818,21.30425]},"properties":{"id":"ora-hi-341","name":"Queen and Punchbowl","state":"HI","provider":"Hawaii DOT","hls":"https://cdn3.wowza.com/5/WTN5aDFuVUlKU1cv/W3CCHNL/TL-0150_Queen_and_Punchbowl.stream/playlist.m3u8","snapshot":"https://betaimageserver.goakamai.org/SnapShot/320x240/TL-0150.jpg","refreshMs":30000,"attribution":"Ora (Warner Varnado) · Hawaii DOT"}},{"type":"Feature","geometry":{"type":"Point","coordinates":[-157.91301,21.34364]},"properties":{"id":"ora-hi-342","name":"Salt Lake and Ala Lilikoi","state":"HI","provider":"Hawaii DOT","hls":"https://cdn3.wowza.com/5/WTN5aDFuVUlKU1cv/W3CCHNL/TL-0151_Salt_Lake_and_Ala_Lilikoi.stream/playlist.m3u8","snapshot":"https://betaimageserver.goakamai.org/SnapShot/320x240/TL-0151.jpg","refreshMs":30000,"attribution":"Ora (Warner Varnado) · Hawaii DOT"}},{"type":"Feature","geometry":{"type":"Point","coordinates":[-157.901367,21.34472]},"properties":{"id":"ora-hi-343","name":"Salt Lake and Ala Napunani","state":"HI","provider":"Hawaii DOT","hls":"https://cdn3.wowza.com/5/WTN5aDFuVUlKU1cv/W3CCHNL/TL-0152_Salt_Lake_and_Ala_Napunani.stream/playlist.m3u8","snapshot":"https://betaimageserver.goakamai.org/SnapShot/320x240/TL-0152.jpg","refreshMs":30000,"attribution":"Ora (Warner Varnado) · Hawaii DOT"}},{"type":"Feature","geometry":{"type":"Point","coordinates":[-157.926819,21.35827]},"properties":{"id":"ora-hi-344","name":"Salt Lake and Bougainville","state":"HI","provider":"Hawaii DOT","hls":"https://cdn3.wowza.com/5/WTN5aDFuVUlKU1cv/W3CCHNL/TL-0153_Salt_Lake_and_Bouganville.stream/playlist.m3u8","snapshot":"https://betaimageserver.goakamai.org/SnapShot/320x240/TL-0153.jpg","refreshMs":30000,"attribution":"Ora (Warner Varnado) · Hawaii DOT"}},{"type":"Feature","geometry":{"type":"Point","coordinates":[-157.92923,21.36572]},"properties":{"id":"ora-hi-345","name":"Salt Lake and Kahuapaani","state":"HI","provider":"Hawaii DOT","hls":"https://cdn3.wowza.com/5/WTN5aDFuVUlKU1cv/W3CCHNL/TL-0154_Salt_Lake_and_Kahuapaani.stream/playlist.m3u8","snapshot":"https://betaimageserver.goakamai.org/SnapShot/320x240/TL-0154.jpg","refreshMs":30000,"attribution":"Ora (Warner Varnado) · Hawaii DOT"}},{"type":"Feature","geometry":{"type":"Point","coordinates":[-157.898956,21.34485]},"properties":{"id":"ora-hi-346","name":"Salt Lake and Puuloa","state":"HI","provider":"Hawaii DOT","hls":"https://cdn3.wowza.com/5/WTN5aDFuVUlKU1cv/W3CCHNL/TL-0156_Salt_Lake_and_Puuloa.stream/playlist.m3u8","snapshot":"https://betaimageserver.goakamai.org/SnapShot/320x240/TL-0156.jpg","refreshMs":30000,"attribution":"Ora (Warner Varnado) · Hawaii DOT"}},{"type":"Feature","geometry":{"type":"Point","coordinates":[-157.8327,21.2791481]},"properties":{"id":"ora-hi-347","name":"Saratoga and Kalia","state":"HI","provider":"Hawaii DOT","hls":"https://cdn3.wowza.com/5/WTN5aDFuVUlKU1cv/W3CCHNL/TL-0157_Saratoga_and_Kalia.stream/playlist.m3u8","snapshot":"https://betaimageserver.goakamai.org/SnapShot/320x240/TL-0157.jpg","refreshMs":30000,"attribution":"Ora (Warner Varnado) · Hawaii DOT"}},{"type":"Feature","geometry":{"type":"Point","coordinates":[-157.821136,21.29678]},"properties":{"id":"ora-hi-348","name":"University and Dole","state":"HI","provider":"Hawaii DOT","hls":"https://cdn3.wowza.com/5/WTN5aDFuVUlKU1cv/W3CCHNL/TL-0158_University_and_Dole.stream/playlist.m3u8","snapshot":"https://betaimageserver.goakamai.org/SnapShot/320x240/TL-0158.jpg","refreshMs":30000,"attribution":"Ora (Warner Varnado) · Hawaii DOT"}},{"type":"Feature","geometry":{"type":"Point","coordinates":[-157.862167,21.31993]},"properties":{"id":"ora-hi-349","name":"Vineyard and Liliha","state":"HI","provider":"Hawaii DOT","hls":"https://cdn3.wowza.com/5/WTN5aDFuVUlKU1cv/W3CCHNL/TL-0159_Vineyard_and_Liliha.stream/playlist.m3u8","snapshot":"https://betaimageserver.goakamai.org/SnapShot/320x240/TL-0159.jpg","refreshMs":30000,"attribution":"Ora (Warner Varnado) · Hawaii DOT"}},{"type":"Feature","geometry":{"type":"Point","coordinates":[-157.864746,21.32352]},"properties":{"id":"ora-hi-350","name":"Vineyard and Palama","state":"HI","provider":"Hawaii DOT","hls":"https://cdn3.wowza.com/5/WTN5aDFuVUlKU1cv/W3CCHNL/TL-0160_Vineyard_and_Palama.stream/playlist.m3u8","snapshot":"https://betaimageserver.goakamai.org/SnapShot/320x240/TL-0160.jpg","refreshMs":30000,"attribution":"Ora (Warner Varnado) · Hawaii DOT"}},{"type":"Feature","geometry":{"type":"Point","coordinates":[-157.856369,21.31285]},"properties":{"id":"ora-hi-351","name":"Vineyard and Pali","state":"HI","provider":"Hawaii DOT","hls":"https://cdn3.wowza.com/5/WTN5aDFuVUlKU1cv/W3CCHNL/TL-0161_Vineyard_and_Pali.stream/playlist.m3u8","snapshot":"https://betaimageserver.goakamai.org/SnapShot/320x240/TL-0161.jpg","refreshMs":30000,"attribution":"Ora (Warner Varnado) · Hawaii DOT"}},{"type":"Feature","geometry":{"type":"Point","coordinates":[-157.8543,21.31026]},"properties":{"id":"ora-hi-352","name":"Vineyard and Punchbowl","state":"HI","provider":"Hawaii DOT","hls":"https://cdn3.wowza.com/5/WTN5aDFuVUlKU1cv/W3CCHNL/TL-0162_Vineyard_and_Punchbowl.stream/playlist.m3u8","snapshot":"https://betaimageserver.goakamai.org/SnapShot/320x240/TL-0162.jpg","refreshMs":30000,"attribution":"Ora (Warner Varnado) · Hawaii DOT"}},{"type":"Feature","geometry":{"type":"Point","coordinates":[-157.8593,21.31635]},"properties":{"id":"ora-hi-353","name":"Vineyard and River","state":"HI","provider":"Hawaii DOT","hls":"https://cdn3.wowza.com/5/WTN5aDFuVUlKU1cv/W3CCHNL/TL-0367_Vineyard_and_River.stream/playlist.m3u8","snapshot":"https://betaimageserver.goakamai.org/SnapShot/320x240/TL-0367.jpg","refreshMs":30000,"attribution":"Ora (Warner Varnado) · Hawaii DOT"}},{"type":"Feature","geometry":{"type":"Point","coordinates":[-156.4779,20.89384]},"properties":{"id":"ora-hi-354","name":"Wahinepio Ave at Kahului Beach Rd","state":"HI","provider":"Hawaii DOT","hls":null,"snapshot":"https://betaimageserver.goakamai.org/SnapShot/320x240/TL-0823.jpg","refreshMs":30000,"attribution":"Ora (Warner Varnado) · Hawaii DOT"}},{"type":"Feature","geometry":{"type":"Point","coordinates":[-157.802277,21.28444]},"properties":{"id":"ora-hi-355","name":"Waialae and 9th Ave","state":"HI","provider":"Hawaii DOT","hls":"https://cdn3.wowza.com/5/WTN5aDFuVUlKU1cv/W3CCHNL/TL-0163_Waialae_and_9th_Ave.stream/playlist.m3u8","snapshot":"https://betaimageserver.goakamai.org/SnapShot/320x240/TL-0163.jpg","refreshMs":30000,"attribution":"Ora (Warner Varnado) · Hawaii DOT"}},{"type":"Feature","geometry":{"type":"Point","coordinates":[-157.798248,21.28232]},"properties":{"id":"ora-hi-356","name":"Waialae and Kokohead","state":"HI","provider":"Hawaii DOT","hls":"https://cdn3.wowza.com/5/WTN5aDFuVUlKU1cv/W3CCHNL/TL-0164_Waialae_and_Kokohead.stream/playlist.m3u8","snapshot":"https://betaimageserver.goakamai.org/SnapShot/320x240/TL-0164.jpg","refreshMs":30000,"attribution":"Ora (Warner Varnado) · Hawaii DOT"}},{"type":"Feature","geometry":{"type":"Point","coordinates":[-157.807236,21.28694]},"properties":{"id":"ora-hi-357","name":"Waialae and Palolo","state":"HI","provider":"Hawaii DOT","hls":"https://cdn3.wowza.com/5/WTN5aDFuVUlKU1cv/W3CCHNL/TL-0165_Waialae_and_Palolo.stream/playlist.m3u8","snapshot":"https://betaimageserver.goakamai.org/SnapShot/320x240/TL-0165.jpg","refreshMs":30000,"attribution":"Ora (Warner Varnado) · Hawaii DOT"}},{"type":"Feature","geometry":{"type":"Point","coordinates":[-156.483078,20.9021816]},"properties":{"id":"ora-hi-358","name":"Waiehu Beach Rd at Kahului Beach Rd","state":"HI","provider":"Hawaii DOT","hls":null,"snapshot":"https://betaimageserver.goakamai.org/SnapShot/320x240/TL-0825.jpg","refreshMs":30000,"attribution":"Ora (Warner Varnado) · Hawaii DOT"}},{"type":"Feature","geometry":{"type":"Point","coordinates":[-156.50354,20.85493]},"properties":{"id":"ora-hi-359","name":"Waiko Rd at Honoapiilani Hwy","state":"HI","provider":"Hawaii DOT","hls":null,"snapshot":"https://betaimageserver.goakamai.org/SnapShot/320x240/TL-0818.jpg","refreshMs":30000,"attribution":"Ora (Warner Varnado) · Hawaii DOT"}},{"type":"Feature","geometry":{"type":"Point","coordinates":[-157.84906,21.30472]},"properties":{"id":"ora-hi-360","name":"Ward and Kinau","state":"HI","provider":"Hawaii DOT","hls":"https://cdn3.wowza.com/5/WTN5aDFuVUlKU1cv/W3CCHNL/TL-0166_Ward_and_Kinau.stream/playlist.m3u8","snapshot":"https://betaimageserver.goakamai.org/SnapShot/320x240/TL-0166.jpg","refreshMs":30000,"attribution":"Ora (Warner Varnado) · Hawaii DOT"}}]}