{"type":"FeatureCollection","features":[{"type":"Feature","geometry":{"type":"Point","coordinates":[-112.198,42.0011]},"properties":{"id":"ora-id-0","name":"I-15 UT/ID State Line UT","state":"ID","provider":"Idaho DOT","hls":null,"snapshot":"https://511.idaho.gov/map/Cctv/1","refreshMs":30000,"attribution":"Ora (Warner Varnado) · Idaho DOT"}},{"type":"Feature","geometry":{"type":"Point","coordinates":[-114.345,43.5946]},"properties":{"id":"ora-id-1","name":"SH-75 Wood River","state":"ID","provider":"Idaho DOT","hls":null,"snapshot":"https://511.idaho.gov/map/Cctv/2","refreshMs":30000,"attribution":"Ora (Warner Varnado) · Idaho DOT"}},{"type":"Feature","geometry":{"type":"Point","coordinates":[-116.51544,43.599537]},"properties":{"id":"ora-id-2","name":"D3 I-84 37.9 Garrity 538","state":"ID","provider":"Idaho DOT","hls":null,"snapshot":"https://511.idaho.gov/map/Cctv/1051","refreshMs":30000,"attribution":"Ora (Warner Varnado) · Idaho DOT"}},{"type":"Feature","geometry":{"type":"Point","coordinates":[-116.43432,43.593906]},"properties":{"id":"ora-id-3","name":"I-84 TenMile","state":"ID","provider":"Idaho DOT","hls":null,"snapshot":"https://511.idaho.gov/map/Cctv/1055","refreshMs":30000,"attribution":"Ora (Warner Varnado) · Idaho DOT"}},{"type":"Feature","geometry":{"type":"Point","coordinates":[-116.289,43.5962]},"properties":{"id":"ora-id-4","name":"I-84 Wye","state":"ID","provider":"Idaho DOT","hls":null,"snapshot":"https://511.idaho.gov/map/Cctv/26","refreshMs":30000,"attribution":"Ora (Warner Varnado) · Idaho DOT"}},{"type":"Feature","geometry":{"type":"Point","coordinates":[-116.2149,43.571686]},"properties":{"id":"ora-id-5","name":"I-84 Vista","state":"ID","provider":"Idaho DOT","hls":null,"snapshot":"https://511.idaho.gov/map/Cctv/1065","refreshMs":30000,"attribution":"Ora (Warner Varnado) · Idaho DOT"}},{"type":"Feature","geometry":{"type":"Point","coordinates":[-116.28683,43.599842]},"properties":{"id":"ora-id-6","name":"D3 I-184 0.4 Exit 0 To I-84W 558","state":"ID","provider":"Idaho DOT","hls":null,"snapshot":"https://511.idaho.gov/map/Cctv/1069","refreshMs":30000,"attribution":"Ora (Warner Varnado) · Idaho DOT"}},{"type":"Feature","geometry":{"type":"Point","coordinates":[-116.23042,43.618114]},"properties":{"id":"ora-id-7","name":"I-184 US-20 Chinden","state":"ID","provider":"Idaho DOT","hls":null,"snapshot":"https://511.idaho.gov/map/Cctv/1076","refreshMs":30000,"attribution":"Ora (Warner Varnado) · Idaho DOT"}},{"type":"Feature","geometry":{"type":"Point","coordinates":[-111.806,42.0117]},"properties":{"id":"ora-id-8","name":"US-91 Franklin","state":"ID","provider":"Idaho DOT","hls":null,"snapshot":"https://511.idaho.gov/map/Cctv/114","refreshMs":30000,"attribution":"Ora (Warner Varnado) · Idaho DOT"}},{"type":"Feature","geometry":{"type":"Point","coordinates":[-116.78858,47.788025]},"properties":{"id":"ora-id-9","name":"US-95 Lancaster","state":"ID","provider":"Idaho DOT","hls":null,"snapshot":"https://511.idaho.gov/map/Cctv/1152","refreshMs":30000,"attribution":"Ora (Warner Varnado) · Idaho DOT"}},{"type":"Feature","geometry":{"type":"Point","coordinates":[-116.80817,47.700806]},"properties":{"id":"ora-id-10","name":"I-90 WB Ramp + Ramsey","state":"ID","provider":"Idaho DOT","hls":null,"snapshot":"https://511.idaho.gov/map/Cctv/1153","refreshMs":30000,"attribution":"Ora (Warner Varnado) · Idaho DOT"}},{"type":"Feature","geometry":{"type":"Point","coordinates":[-116.80817,47.704628]},"properties":{"id":"ora-id-11","name":"Ramsey Golf Course Marie","state":"ID","provider":"Idaho DOT","hls":null,"snapshot":"https://511.idaho.gov/map/Cctv/1154","refreshMs":30000,"attribution":"Ora (Warner Varnado) · Idaho DOT"}},{"type":"Feature","geometry":{"type":"Point","coordinates":[-116.80766,47.701958]},"properties":{"id":"ora-id-12","name":"Ramsey Appleway Northwest Blvd","state":"ID","provider":"Idaho DOT","hls":null,"snapshot":"https://511.idaho.gov/map/Cctv/1155","refreshMs":30000,"attribution":"Ora (Warner Varnado) · Idaho DOT"}},{"type":"Feature","geometry":{"type":"Point","coordinates":[-116.80592,47.69751]},"properties":{"id":"ora-id-13","name":"Northwest Blvd Seltice Ironwood","state":"ID","provider":"Idaho DOT","hls":null,"snapshot":"https://511.idaho.gov/map/Cctv/1156","refreshMs":30000,"attribution":"Ora (Warner Varnado) · Idaho DOT"}},{"type":"Feature","geometry":{"type":"Point","coordinates":[-116.80334,47.69357]},"properties":{"id":"ora-id-14","name":"Northwest Blvd Lakewood","state":"ID","provider":"Idaho DOT","hls":null,"snapshot":"https://511.idaho.gov/map/Cctv/1157","refreshMs":30000,"attribution":"Ora (Warner Varnado) · Idaho DOT"}},{"type":"Feature","geometry":{"type":"Point","coordinates":[-116.7917,47.75154]},"properties":{"id":"ora-id-15","name":"US-95 Honeysuckle","state":"ID","provider":"Idaho DOT","hls":null,"snapshot":"https://511.idaho.gov/map/Cctv/1158","refreshMs":30000,"attribution":"Ora (Warner Varnado) · Idaho DOT"}},{"type":"Feature","geometry":{"type":"Point","coordinates":[-117.00127,46.414993]},"properties":{"id":"ora-id-16","name":"US-12 21st & Main","state":"ID","provider":"Idaho DOT","hls":null,"snapshot":"https://511.idaho.gov/map/Cctv/1159","refreshMs":30000,"attribution":"Ora (Warner Varnado) · Idaho DOT"}},{"type":"Feature","geometry":{"type":"Point","coordinates":[-116.80752,47.698906]},"properties":{"id":"ora-id-17","name":"I-90 Northwest Blvd EB Ramp","state":"ID","provider":"Idaho DOT","hls":null,"snapshot":"https://511.idaho.gov/map/Cctv/1160","refreshMs":30000,"attribution":"Ora (Warner Varnado) · Idaho DOT"}},{"type":"Feature","geometry":{"type":"Point","coordinates":[-116.80739,47.699787]},"properties":{"id":"ora-id-18","name":"I-90 Northwest Blvd","state":"ID","provider":"Idaho DOT","hls":null,"snapshot":"https://511.idaho.gov/map/Cctv/1161","refreshMs":30000,"attribution":"Ora (Warner Varnado) · Idaho DOT"}},{"type":"Feature","geometry":{"type":"Point","coordinates":[-116.95775,48.57423]},"properties":{"id":"ora-id-19","name":"SH-57 Priest Lake FS Airport 67S","state":"ID","provider":"Idaho DOT","hls":null,"snapshot":"https://511.idaho.gov/map/Cctv/1162","refreshMs":30000,"attribution":"Ora (Warner Varnado) · Idaho DOT"}},{"type":"Feature","geometry":{"type":"Point","coordinates":[-116.39414,43.593918]},"properties":{"id":"ora-id-20","name":"D3 I-84 44.0 SH-69 Meridian 544","state":"ID","provider":"Idaho DOT","hls":null,"snapshot":"https://511.idaho.gov/map/Cctv/1163","refreshMs":30000,"attribution":"Ora (Warner Varnado) · Idaho DOT"}},{"type":"Feature","geometry":{"type":"Point","coordinates":[-116.584,43.6022]},"properties":{"id":"ora-id-21","name":"I-84 Northside Blvd","state":"ID","provider":"Idaho DOT","hls":null,"snapshot":"https://511.idaho.gov/map/Cctv/150","refreshMs":30000,"attribution":"Ora (Warner Varnado) · Idaho DOT"}},{"type":"Feature","geometry":{"type":"Point","coordinates":[-116.16028,43.541584]},"properties":{"id":"ora-id-22","name":"D3 I-84 57.0 SH-21 Gowen 659","state":"ID","provider":"Idaho DOT","hls":null,"snapshot":"https://511.idaho.gov/map/Cctv/1181","refreshMs":30000,"attribution":"Ora (Warner Varnado) · Idaho DOT"}},{"type":"Feature","geometry":{"type":"Point","coordinates":[-114.44969,42.621887]},"properties":{"id":"ora-id-23","name":"US-93 Golf Course","state":"ID","provider":"Idaho DOT","hls":null,"snapshot":"https://511.idaho.gov/map/Cctv/1189","refreshMs":30000,"attribution":"Ora (Warner Varnado) · Idaho DOT"}},{"type":"Feature","geometry":{"type":"Point","coordinates":[-117.037445,46.73232]},"properties":{"id":"ora-id-24","name":"D2 Moscow SH-8 0.1 Warbonnet Dr 2-8","state":"ID","provider":"Idaho DOT","hls":null,"snapshot":"https://511.idaho.gov/map/Cctv/1190","refreshMs":30000,"attribution":"Ora (Warner Varnado) · Idaho DOT"}},{"type":"Feature","geometry":{"type":"Point","coordinates":[-117.001236,46.724728]},"properties":{"id":"ora-id-25","name":"D2 US-95 344.7 Sweet Ave 2-7","state":"ID","provider":"Idaho DOT","hls":null,"snapshot":"https://511.idaho.gov/map/Cctv/1191","refreshMs":30000,"attribution":"Ora (Warner Varnado) · Idaho DOT"}},{"type":"Feature","geometry":{"type":"Point","coordinates":[-117.01613,46.732796]},"properties":{"id":"ora-id-26","name":"SH-8 Stadium Peterson","state":"ID","provider":"Idaho DOT","hls":null,"snapshot":"https://511.idaho.gov/map/Cctv/1192","refreshMs":30000,"attribution":"Ora (Warner Varnado) · Idaho DOT"}},{"type":"Feature","geometry":{"type":"Point","coordinates":[-111.114426,44.66406]},"properties":{"id":"ora-id-27","name":"D6 US-20 8.6 West Yellowstone 6-1","state":"ID","provider":"Idaho DOT","hls":null,"snapshot":"https://511.idaho.gov/map/Cctv/1193","refreshMs":30000,"attribution":"Ora (Warner Varnado) · Idaho DOT"}},{"type":"Feature","geometry":{"type":"Point","coordinates":[-116.123924,45.926556]},"properties":{"id":"ora-id-28","name":"D2 SH-13 Idaho - Grangeville","state":"ID","provider":"Idaho DOT","hls":null,"snapshot":"https://511.idaho.gov/map/Cctv/1194","refreshMs":30000,"attribution":"Ora (Warner Varnado) · Idaho DOT"}},{"type":"Feature","geometry":{"type":"Point","coordinates":[-117.00293,46.734653]},"properties":{"id":"ora-id-29","name":"US-95 S Jackson at A Street","state":"ID","provider":"Idaho DOT","hls":null,"snapshot":"https://511.idaho.gov/map/Cctv/1195","refreshMs":30000,"attribution":"Ora (Warner Varnado) · Idaho DOT"}},{"type":"Feature","geometry":{"type":"Point","coordinates":[-117.00292,46.732368]},"properties":{"id":"ora-id-30","name":"US-95 S SH-8 Jackson 3rd E - W","state":"ID","provider":"Idaho DOT","hls":null,"snapshot":"https://511.idaho.gov/map/Cctv/1196","refreshMs":30000,"attribution":"Ora (Warner Varnado) · Idaho DOT"}},{"type":"Feature","geometry":{"type":"Point","coordinates":[-117.00271,46.732224]},"properties":{"id":"ora-id-31","name":"US-95 S SH-8 Jackson 3rd","state":"ID","provider":"Idaho DOT","hls":null,"snapshot":"https://511.idaho.gov/map/Cctv/1197","refreshMs":30000,"attribution":"Ora (Warner Varnado) · Idaho DOT"}},{"type":"Feature","geometry":{"type":"Point","coordinates":[-117.0026,46.730015]},"properties":{"id":"ora-id-32","name":"US-95 S Jackson 6th W-E","state":"ID","provider":"Idaho DOT","hls":null,"snapshot":"https://511.idaho.gov/map/Cctv/1198","refreshMs":30000,"attribution":"Ora (Warner Varnado) · Idaho DOT"}},{"type":"Feature","geometry":{"type":"Point","coordinates":[-117.00271,46.729935]},"properties":{"id":"ora-id-33","name":"US-95 S Jackson 6th","state":"ID","provider":"Idaho DOT","hls":null,"snapshot":"https://511.idaho.gov/map/Cctv/1199","refreshMs":30000,"attribution":"Ora (Warner Varnado) · Idaho DOT"}},{"type":"Feature","geometry":{"type":"Point","coordinates":[-113.24962,43.609818]},"properties":{"id":"ora-id-34","name":"D6 US-20 251.86 Arco 6-2","state":"ID","provider":"Idaho DOT","hls":null,"snapshot":"https://511.idaho.gov/map/Cctv/1204","refreshMs":30000,"attribution":"Ora (Warner Varnado) · Idaho DOT"}},{"type":"Feature","geometry":{"type":"Point","coordinates":[-116.55694,48.272717]},"properties":{"id":"ora-id-35","name":"US-2 Boyer","state":"ID","provider":"Idaho DOT","hls":null,"snapshot":"https://511.idaho.gov/map/Cctv/1206","refreshMs":30000,"attribution":"Ora (Warner Varnado) · Idaho DOT"}},{"type":"Feature","geometry":{"type":"Point","coordinates":[-116.553734,48.273193]},"properties":{"id":"ora-id-36","name":"US-2 Pine at Fifth","state":"ID","provider":"Idaho DOT","hls":null,"snapshot":"https://511.idaho.gov/map/Cctv/1207","refreshMs":30000,"attribution":"Ora (Warner Varnado) · Idaho DOT"}},{"type":"Feature","geometry":{"type":"Point","coordinates":[-116.5537,48.275997]},"properties":{"id":"ora-id-37","name":"US-2 Cedar","state":"ID","provider":"Idaho DOT","hls":null,"snapshot":"https://511.idaho.gov/map/Cctv/1208","refreshMs":30000,"attribution":"Ora (Warner Varnado) · Idaho DOT"}},{"type":"Feature","geometry":{"type":"Point","coordinates":[-116.55366,48.280216]},"properties":{"id":"ora-id-38","name":"US-2 Larch","state":"ID","provider":"Idaho DOT","hls":null,"snapshot":"https://511.idaho.gov/map/Cctv/1209","refreshMs":30000,"attribution":"Ora (Warner Varnado) · Idaho DOT"}},{"type":"Feature","geometry":{"type":"Point","coordinates":[-114.673,42.0193]},"properties":{"id":"ora-id-39","name":"US-93 Jackpot","state":"ID","provider":"Idaho DOT","hls":null,"snapshot":"https://511.idaho.gov/map/Cctv/203","refreshMs":30000,"attribution":"Ora (Warner Varnado) · Idaho DOT"}},{"type":"Feature","geometry":{"type":"Point","coordinates":[-111.704,43.6108]},"properties":{"id":"ora-id-40","name":"US-26 Ririe","state":"ID","provider":"Idaho DOT","hls":null,"snapshot":"https://511.idaho.gov/map/Cctv/208","refreshMs":30000,"attribution":"Ora (Warner Varnado) · Idaho DOT"}},{"type":"Feature","geometry":{"type":"Point","coordinates":[-116.78874,47.818558]},"properties":{"id":"ora-id-41","name":"US-95 SH-53","state":"ID","provider":"Idaho DOT","hls":null,"snapshot":"https://511.idaho.gov/map/Cctv/1225","refreshMs":30000,"attribution":"Ora (Warner Varnado) · Idaho DOT"}},{"type":"Feature","geometry":{"type":"Point","coordinates":[-116.79245,47.73704]},"properties":{"id":"ora-id-42","name":"US-95 Wilbur","state":"ID","provider":"Idaho DOT","hls":null,"snapshot":"https://511.idaho.gov/map/Cctv/1229","refreshMs":30000,"attribution":"Ora (Warner Varnado) · Idaho DOT"}},{"type":"Feature","geometry":{"type":"Point","coordinates":[-116.79136,47.7664]},"properties":{"id":"ora-id-43","name":"US-95 Miles","state":"ID","provider":"Idaho DOT","hls":null,"snapshot":"https://511.idaho.gov/map/Cctv/1230","refreshMs":30000,"attribution":"Ora (Warner Varnado) · Idaho DOT"}},{"type":"Feature","geometry":{"type":"Point","coordinates":[-116.59743,43.609135]},"properties":{"id":"ora-id-44","name":"D3 I-84 33.6 SH-55 Midland 302","state":"ID","provider":"Idaho DOT","hls":null,"snapshot":"https://511.idaho.gov/map/Cctv/1233","refreshMs":30000,"attribution":"Ora (Warner Varnado) · Idaho DOT"}},{"type":"Feature","geometry":{"type":"Point","coordinates":[-116.61986,43.62606]},"properties":{"id":"ora-id-45","name":"I-84 + Laster Lane, Caldwell.","state":"ID","provider":"Idaho DOT","hls":null,"snapshot":"https://511.idaho.gov/map/Cctv/1235","refreshMs":30000,"attribution":"Ora (Warner Varnado) · Idaho DOT"}},{"type":"Feature","geometry":{"type":"Point","coordinates":[-116.791885,47.69935]},"properties":{"id":"ora-id-46","name":"US-95 I-90","state":"ID","provider":"Idaho DOT","hls":null,"snapshot":"https://511.idaho.gov/map/Cctv/1236","refreshMs":30000,"attribution":"Ora (Warner Varnado) · Idaho DOT"}},{"type":"Feature","geometry":{"type":"Point","coordinates":[-112.49988,42.91251]},"properties":{"id":"ora-id-47","name":"I-86 Philbin Tank Farm","state":"ID","provider":"Idaho DOT","hls":null,"snapshot":"https://511.idaho.gov/map/Cctv/1237","refreshMs":30000,"attribution":"Ora (Warner Varnado) · Idaho DOT"}},{"type":"Feature","geometry":{"type":"Point","coordinates":[-112.436615,42.9477]},"properties":{"id":"ora-id-48","name":"I-15 Northgate New Day Walton","state":"ID","provider":"Idaho DOT","hls":null,"snapshot":"https://511.idaho.gov/map/Cctv/1238","refreshMs":30000,"attribution":"Ora (Warner Varnado) · Idaho DOT"}},{"type":"Feature","geometry":{"type":"Point","coordinates":[-116.97166,46.43407]},"properties":{"id":"ora-id-49","name":"US-95 38th Clearwater River Lewiston","state":"ID","provider":"Idaho DOT","hls":null,"snapshot":"https://511.idaho.gov/map/Cctv/1239","refreshMs":30000,"attribution":"Ora (Warner Varnado) · Idaho DOT"}},{"type":"Feature","geometry":{"type":"Point","coordinates":[-116.77811,47.83204]},"properties":{"id":"ora-id-50","name":"US-95 Garwood","state":"ID","provider":"Idaho DOT","hls":null,"snapshot":"https://511.idaho.gov/map/Cctv/1240","refreshMs":30000,"attribution":"Ora (Warner Varnado) · Idaho DOT"}},{"type":"Feature","geometry":{"type":"Point","coordinates":[-112.211,42.0364]},"properties":{"id":"ora-id-51","name":"I-15 Samaria","state":"ID","provider":"Idaho DOT","hls":null,"snapshot":"https://511.idaho.gov/map/Cctv/257","refreshMs":30000,"attribution":"Ora (Warner Varnado) · Idaho DOT"}},{"type":"Feature","geometry":{"type":"Point","coordinates":[-115.963264,45.98707]},"properties":{"id":"ora-id-52","name":"D2 SH-13 13.2 Harpster 2-17","state":"ID","provider":"Idaho DOT","hls":null,"snapshot":"https://511.idaho.gov/map/Cctv/1248","refreshMs":30000,"attribution":"Ora (Warner Varnado) · Idaho DOT"}},{"type":"Feature","geometry":{"type":"Point","coordinates":[-115.611374,44.082535]},"properties":{"id":"ora-id-53","name":"D3 SH-21 Lowman Clear Creek 305","state":"ID","provider":"Idaho DOT","hls":null,"snapshot":"https://511.idaho.gov/map/Cctv/1252","refreshMs":30000,"attribution":"Ora (Warner Varnado) · Idaho DOT"}},{"type":"Feature","geometry":{"type":"Point","coordinates":[-116.79133,47.707016]},"properties":{"id":"ora-id-54","name":"US-95 Neider","state":"ID","provider":"Idaho DOT","hls":null,"snapshot":"https://511.idaho.gov/map/Cctv/1258","refreshMs":30000,"attribution":"Ora (Warner Varnado) · Idaho DOT"}},{"type":"Feature","geometry":{"type":"Point","coordinates":[-116.79189,47.72251]},"properties":{"id":"ora-id-55","name":"US-95 Dalton","state":"ID","provider":"Idaho DOT","hls":null,"snapshot":"https://511.idaho.gov/map/Cctv/1259","refreshMs":30000,"attribution":"Ora (Warner Varnado) · Idaho DOT"}},{"type":"Feature","geometry":{"type":"Point","coordinates":[-112.101,43.6539]},"properties":{"id":"ora-id-56","name":"I-15 Osgood","state":"ID","provider":"Idaho DOT","hls":null,"snapshot":"https://511.idaho.gov/map/Cctv/280","refreshMs":30000,"attribution":"Ora (Warner Varnado) · Idaho DOT"}},{"type":"Feature","geometry":{"type":"Point","coordinates":[-112.98,42.1447]},"properties":{"id":"ora-id-57","name":"I-84 Juniper","state":"ID","provider":"Idaho DOT","hls":null,"snapshot":"https://511.idaho.gov/map/Cctv/284","refreshMs":30000,"attribution":"Ora (Warner Varnado) · Idaho DOT"}},{"type":"Feature","geometry":{"type":"Point","coordinates":[-116.678,43.6706]},"properties":{"id":"ora-id-58","name":"I-84 Caldwell","state":"ID","provider":"Idaho DOT","hls":null,"snapshot":"https://511.idaho.gov/map/Cctv/296","refreshMs":30000,"attribution":"Ora (Warner Varnado) · Idaho DOT"}},{"type":"Feature","geometry":{"type":"Point","coordinates":[-112.655,42.1678]},"properties":{"id":"ora-id-59","name":"SH-38 Holbrook","state":"ID","provider":"Idaho DOT","hls":null,"snapshot":"https://511.idaho.gov/map/Cctv/298","refreshMs":30000,"attribution":"Ora (Warner Varnado) · Idaho DOT"}},{"type":"Feature","geometry":{"type":"Point","coordinates":[-111.401,42.1837]},"properties":{"id":"ora-id-60","name":"US-89 Bloomington","state":"ID","provider":"Idaho DOT","hls":null,"snapshot":"https://511.idaho.gov/map/Cctv/310","refreshMs":30000,"attribution":"Ora (Warner Varnado) · Idaho DOT"}},{"type":"Feature","geometry":{"type":"Point","coordinates":[-111.849,43.7554]},"properties":{"id":"ora-id-61","name":"US-20 Thornton","state":"ID","provider":"Idaho DOT","hls":null,"snapshot":"https://511.idaho.gov/map/Cctv/316","refreshMs":30000,"attribution":"Ora (Warner Varnado) · Idaho DOT"}},{"type":"Feature","geometry":{"type":"Point","coordinates":[-118.13,43.7702]},"properties":{"id":"ora-id-62","name":"Local Drinkwater Pass, OR","state":"ID","provider":"Idaho DOT","hls":null,"snapshot":"https://511.idaho.gov/map/Cctv/319","refreshMs":30000,"attribution":"Ora (Warner Varnado) · Idaho DOT"}},{"type":"Feature","geometry":{"type":"Point","coordinates":[-112.836,43.8068]},"properties":{"id":"ora-id-63","name":"SH-33 Junction 33/22 Summit","state":"ID","provider":"Idaho DOT","hls":null,"snapshot":"https://511.idaho.gov/map/Cctv/320","refreshMs":30000,"attribution":"Ora (Warner Varnado) · Idaho DOT"}},{"type":"Feature","geometry":{"type":"Point","coordinates":[-112.193,43.8281]},"properties":{"id":"ora-id-64","name":"I-15 Sage Junction","state":"ID","provider":"Idaho DOT","hls":null,"snapshot":"https://511.idaho.gov/map/Cctv/324","refreshMs":30000,"attribution":"Ora (Warner Varnado) · Idaho DOT"}},{"type":"Feature","geometry":{"type":"Point","coordinates":[-116.245,43.8363]},"properties":{"id":"ora-id-65","name":"SH-55 Horseshoe Bend Hill","state":"ID","provider":"Idaho DOT","hls":null,"snapshot":"https://511.idaho.gov/map/Cctv/327","refreshMs":30000,"attribution":"Ora (Warner Varnado) · Idaho DOT"}},{"type":"Feature","geometry":{"type":"Point","coordinates":[-111.28,43.8568]},"properties":{"id":"ora-id-66","name":"SH-33 River Rim","state":"ID","provider":"Idaho DOT","hls":null,"snapshot":"https://511.idaho.gov/map/Cctv/330","refreshMs":30000,"attribution":"Ora (Warner Varnado) · Idaho DOT"}},{"type":"Feature","geometry":{"type":"Point","coordinates":[-116.777,43.8652]},"properties":{"id":"ora-id-67","name":"I-84 Black Canyon","state":"ID","provider":"Idaho DOT","hls":null,"snapshot":"https://511.idaho.gov/map/Cctv/333","refreshMs":30000,"attribution":"Ora (Warner Varnado) · Idaho DOT"}},{"type":"Feature","geometry":{"type":"Point","coordinates":[-111.202,42.1964]},"properties":{"id":"ora-id-68","name":"US-30 Rocky Point","state":"ID","provider":"Idaho DOT","hls":null,"snapshot":"https://511.idaho.gov/map/Cctv/336","refreshMs":30000,"attribution":"Ora (Warner Varnado) · Idaho DOT"}},{"type":"Feature","geometry":{"type":"Point","coordinates":[-111.363,43.8782]},"properties":{"id":"ora-id-69","name":"SH-33 Botts","state":"ID","provider":"Idaho DOT","hls":null,"snapshot":"https://511.idaho.gov/map/Cctv/339","refreshMs":30000,"attribution":"Ora (Warner Varnado) · Idaho DOT"}},{"type":"Feature","geometry":{"type":"Point","coordinates":[-114.802,43.9096]},"properties":{"id":"ora-id-70","name":"SH-75 Smiley Creek Airport","state":"ID","provider":"Idaho DOT","hls":null,"snapshot":"https://511.idaho.gov/map/Cctv/342","refreshMs":30000,"attribution":"Ora (Warner Varnado) · Idaho DOT"}},{"type":"Feature","geometry":{"type":"Point","coordinates":[-116.912,43.9697]},"properties":{"id":"ora-id-71","name":"I-84 I-84/US-95","state":"ID","provider":"Idaho DOT","hls":null,"snapshot":"https://511.idaho.gov/map/Cctv/345","refreshMs":30000,"attribution":"Ora (Warner Varnado) · Idaho DOT"}},{"type":"Feature","geometry":{"type":"Point","coordinates":[-116.941,44.007]},"properties":{"id":"ora-id-72","name":"I-84 Snake River OR","state":"ID","provider":"Idaho DOT","hls":null,"snapshot":"https://511.idaho.gov/map/Cctv/349","refreshMs":30000,"attribution":"Ora (Warner Varnado) · Idaho DOT"}},{"type":"Feature","geometry":{"type":"Point","coordinates":[-112.233,44.007]},"properties":{"id":"ora-id-73","name":"I-15 Camas","state":"ID","provider":"Idaho DOT","hls":null,"snapshot":"https://511.idaho.gov/map/Cctv/350","refreshMs":30000,"attribution":"Ora (Warner Varnado) · Idaho DOT"}},{"type":"Feature","geometry":{"type":"Point","coordinates":[-111.537,44.0093]},"properties":{"id":"ora-id-74","name":"US-20 Fall River","state":"ID","provider":"Idaho DOT","hls":null,"snapshot":"https://511.idaho.gov/map/Cctv/353","refreshMs":30000,"attribution":"Ora (Warner Varnado) · Idaho DOT"}},{"type":"Feature","geometry":{"type":"Point","coordinates":[-111.446,44.1923]},"properties":{"id":"ora-id-75","name":"US-20 Sheep Falls","state":"ID","provider":"Idaho DOT","hls":null,"snapshot":"https://511.idaho.gov/map/Cctv/357","refreshMs":30000,"attribution":"Ora (Warner Varnado) · Idaho DOT"}},{"type":"Feature","geometry":{"type":"Point","coordinates":[-112.951,44.2001]},"properties":{"id":"ora-id-76","name":"SH-28 Lone Pine","state":"ID","provider":"Idaho DOT","hls":null,"snapshot":"https://511.idaho.gov/map/Cctv/360","refreshMs":30000,"attribution":"Ora (Warner Varnado) · Idaho DOT"}},{"type":"Feature","geometry":{"type":"Point","coordinates":[-116.987,44.2162]},"properties":{"id":"ora-id-77","name":"Local Weiser, OR","state":"ID","provider":"Idaho DOT","hls":null,"snapshot":"https://511.idaho.gov/map/Cctv/363","refreshMs":30000,"attribution":"Ora (Warner Varnado) · Idaho DOT"}},{"type":"Feature","geometry":{"type":"Point","coordinates":[-113.046,42.2078]},"properties":{"id":"ora-id-78","name":"I-84 Sweetzer Summit","state":"ID","provider":"Idaho DOT","hls":null,"snapshot":"https://511.idaho.gov/map/Cctv/364","refreshMs":30000,"attribution":"Ora (Warner Varnado) · Idaho DOT"}},{"type":"Feature","geometry":{"type":"Point","coordinates":[-113.975,44.2308]},"properties":{"id":"ora-id-79","name":"US-93 Willow Creek Summit","state":"ID","provider":"Idaho DOT","hls":null,"snapshot":"https://511.idaho.gov/map/Cctv/368","refreshMs":30000,"attribution":"Ora (Warner Varnado) · Idaho DOT"}},{"type":"Feature","geometry":{"type":"Point","coordinates":[-114.477,44.2553]},"properties":{"id":"ora-id-80","name":"SH-75 Clayton","state":"ID","provider":"Idaho DOT","hls":null,"snapshot":"https://511.idaho.gov/map/Cctv/371","refreshMs":30000,"attribution":"Ora (Warner Varnado) · Idaho DOT"}},{"type":"Feature","geometry":{"type":"Point","coordinates":[-117.182,44.2602]},"properties":{"id":"ora-id-81","name":"Local OR-201, OR","state":"ID","provider":"Idaho DOT","hls":null,"snapshot":"https://511.idaho.gov/map/Cctv/374","refreshMs":30000,"attribution":"Ora (Warner Varnado) · Idaho DOT"}},{"type":"Feature","geometry":{"type":"Point","coordinates":[-117.648,44.2773]},"properties":{"id":"ora-id-82","name":"Local Brogan Hill, OR","state":"ID","provider":"Idaho DOT","hls":null,"snapshot":"https://511.idaho.gov/map/Cctv/375","refreshMs":30000,"attribution":"Ora (Warner Varnado) · Idaho DOT"}},{"type":"Feature","geometry":{"type":"Point","coordinates":[-116.089,44.3006]},"properties":{"id":"ora-id-83","name":"SH-55 Smiths Ferry","state":"ID","provider":"Idaho DOT","hls":null,"snapshot":"https://511.idaho.gov/map/Cctv/376","refreshMs":30000,"attribution":"Ora (Warner Varnado) · Idaho DOT"}},{"type":"Feature","geometry":{"type":"Point","coordinates":[-111.449,44.3244]},"properties":{"id":"ora-id-84","name":"US-20 Osborne Bridge","state":"ID","provider":"Idaho DOT","hls":null,"snapshot":"https://511.idaho.gov/map/Cctv/379","refreshMs":30000,"attribution":"Ora (Warner Varnado) · Idaho DOT"}},{"type":"Feature","geometry":{"type":"Point","coordinates":[-112.175,44.3286]},"properties":{"id":"ora-id-85","name":"I-15 China Point","state":"ID","provider":"Idaho DOT","hls":null,"snapshot":"https://511.idaho.gov/map/Cctv/382","refreshMs":30000,"attribution":"Ora (Warner Varnado) · Idaho DOT"}},{"type":"Feature","geometry":{"type":"Point","coordinates":[-112.204,44.4253]},"properties":{"id":"ora-id-86","name":"I-15 Camp Creek","state":"ID","provider":"Idaho DOT","hls":null,"snapshot":"https://511.idaho.gov/map/Cctv/385","refreshMs":30000,"attribution":"Ora (Warner Varnado) · Idaho DOT"}},{"type":"Feature","geometry":{"type":"Point","coordinates":[-116.799,44.4449]},"properties":{"id":"ora-id-87","name":"US-95 Midvale Hill","state":"ID","provider":"Idaho DOT","hls":null,"snapshot":"https://511.idaho.gov/map/Cctv/388","refreshMs":30000,"attribution":"Ora (Warner Varnado) · Idaho DOT"}},{"type":"Feature","geometry":{"type":"Point","coordinates":[-111.109,42.2108]},"properties":{"id":"ora-id-88","name":"US-30 Border Summit","state":"ID","provider":"Idaho DOT","hls":null,"snapshot":"https://511.idaho.gov/map/Cctv/391","refreshMs":30000,"attribution":"Ora (Warner Varnado) · Idaho DOT"}},{"type":"Feature","geometry":{"type":"Point","coordinates":[-113.241,44.4562]},"properties":{"id":"ora-id-89","name":"SH-28 Gilmore Summit","state":"ID","provider":"Idaho DOT","hls":null,"snapshot":"https://511.idaho.gov/map/Cctv/394","refreshMs":30000,"attribution":"Ora (Warner Varnado) · Idaho DOT"}},{"type":"Feature","geometry":{"type":"Point","coordinates":[-112.27,44.5325]},"properties":{"id":"ora-id-90","name":"I-15 Monida","state":"ID","provider":"Idaho DOT","hls":null,"snapshot":"https://511.idaho.gov/map/Cctv/397","refreshMs":30000,"attribution":"Ora (Warner Varnado) · Idaho DOT"}},{"type":"Feature","geometry":{"type":"Point","coordinates":[-112.312,44.557]},"properties":{"id":"ora-id-91","name":"Local Monida Pass, MT","state":"ID","provider":"Idaho DOT","hls":null,"snapshot":"https://511.idaho.gov/map/Cctv/400","refreshMs":30000,"attribution":"Ora (Warner Varnado) · Idaho DOT"}},{"type":"Feature","geometry":{"type":"Point","coordinates":[-116.039,44.5802]},"properties":{"id":"ora-id-92","name":"SH-55 Little Donner","state":"ID","provider":"Idaho DOT","hls":null,"snapshot":"https://511.idaho.gov/map/Cctv/401","refreshMs":30000,"attribution":"Ora (Warner Varnado) · Idaho DOT"}},{"type":"Feature","geometry":{"type":"Point","coordinates":[-111.335,44.6183]},"properties":{"id":"ora-id-93","name":"US-20 Henrys Lake","state":"ID","provider":"Idaho DOT","hls":null,"snapshot":"https://511.idaho.gov/map/Cctv/404","refreshMs":30000,"attribution":"Ora (Warner Varnado) · Idaho DOT"}},{"type":"Feature","geometry":{"type":"Point","coordinates":[-111.47,44.7286]},"properties":{"id":"ora-id-94","name":"Local Raynolds Pass, MT","state":"ID","provider":"Idaho DOT","hls":null,"snapshot":"https://511.idaho.gov/map/Cctv/408","refreshMs":30000,"attribution":"Ora (Warner Varnado) · Idaho DOT"}},{"type":"Feature","geometry":{"type":"Point","coordinates":[-116.397,44.8261]},"properties":{"id":"ora-id-95","name":"US-95 Fort Hall Hill","state":"ID","provider":"Idaho DOT","hls":null,"snapshot":"https://511.idaho.gov/map/Cctv/409","refreshMs":30000,"attribution":"Ora (Warner Varnado) · Idaho DOT"}},{"type":"Feature","geometry":{"type":"Point","coordinates":[-117.122,44.8285]},"properties":{"id":"ora-id-96","name":"Local Halfway Summit, OR","state":"ID","provider":"Idaho DOT","hls":null,"snapshot":"https://511.idaho.gov/map/Cctv/412","refreshMs":30000,"attribution":"Ora (Warner Varnado) · Idaho DOT"}},{"type":"Feature","geometry":{"type":"Point","coordinates":[-115.487,44.9118]},"properties":{"id":"ora-id-97","name":"Local J.C. Airstrip","state":"ID","provider":"Idaho DOT","hls":null,"snapshot":"https://511.idaho.gov/map/Cctv/413","refreshMs":30000,"attribution":"Ora (Warner Varnado) · Idaho DOT"}},{"type":"Feature","geometry":{"type":"Point","coordinates":[-114.287765,41.145517]},"properties":{"id":"ora-id-98","name":"Local SR-223 Loray","state":"ID","provider":"Idaho DOT","hls":null,"snapshot":"https://511.idaho.gov/map/Cctv/414","refreshMs":30000,"attribution":"Ora (Warner Varnado) · Idaho DOT"}},{"type":"Feature","geometry":{"type":"Point","coordinates":[-110.907,41.8244]},"properties":{"id":"ora-id-99","name":"Sage Junction, WY","state":"ID","provider":"Idaho DOT","hls":null,"snapshot":"https://511.idaho.gov/map/Cctv/415","refreshMs":30000,"attribution":"Ora (Warner Varnado) · Idaho DOT"}},{"type":"Feature","geometry":{"type":"Point","coordinates":[-114.594,42.2148]},"properties":{"id":"ora-id-100","name":"US-93 Rogerson","state":"ID","provider":"Idaho DOT","hls":null,"snapshot":"https://511.idaho.gov/map/Cctv/416","refreshMs":30000,"attribution":"Ora (Warner Varnado) · Idaho DOT"}},{"type":"Feature","geometry":{"type":"Point","coordinates":[-116.154,44.9295]},"properties":{"id":"ora-id-101","name":"SH-55 Goose Creek Summit","state":"ID","provider":"Idaho DOT","hls":null,"snapshot":"https://511.idaho.gov/map/Cctv/419","refreshMs":30000,"attribution":"Ora (Warner Varnado) · Idaho DOT"}},{"type":"Feature","geometry":{"type":"Point","coordinates":[-116.304,45.1164]},"properties":{"id":"ora-id-102","name":"US-95 Smokey Boulder","state":"ID","provider":"Idaho DOT","hls":null,"snapshot":"https://511.idaho.gov/map/Cctv/422","refreshMs":30000,"attribution":"Ora (Warner Varnado) · Idaho DOT"}},{"type":"Feature","geometry":{"type":"Point","coordinates":[-116.358,45.2948]},"properties":{"id":"ora-id-103","name":"US-95 Idaho County Line","state":"ID","provider":"Idaho DOT","hls":null,"snapshot":"https://511.idaho.gov/map/Cctv/426","refreshMs":30000,"attribution":"Ora (Warner Varnado) · Idaho DOT"}},{"type":"Feature","geometry":{"type":"Point","coordinates":[-113.948,45.6931]},"properties":{"id":"ora-id-104","name":"US-93 Lost Trail Pass","state":"ID","provider":"Idaho DOT","hls":null,"snapshot":"https://511.idaho.gov/map/Cctv/429","refreshMs":30000,"attribution":"Ora (Warner Varnado) · Idaho DOT"}},{"type":"Feature","geometry":{"type":"Point","coordinates":[-115.441,45.8273]},"properties":{"id":"ora-id-105","name":"SH-14 Elk City","state":"ID","provider":"Idaho DOT","hls":null,"snapshot":"https://511.idaho.gov/map/Cctv/432","refreshMs":30000,"attribution":"Ora (Warner Varnado) · Idaho DOT"}},{"type":"Feature","geometry":{"type":"Point","coordinates":[-116.239,45.8483]},"properties":{"id":"ora-id-106","name":"US-95 Whitebird Hill","state":"ID","provider":"Idaho DOT","hls":null,"snapshot":"https://511.idaho.gov/map/Cctv/433","refreshMs":30000,"attribution":"Ora (Warner Varnado) · Idaho DOT"}},{"type":"Feature","geometry":{"type":"Point","coordinates":[-116.324,45.9968]},"properties":{"id":"ora-id-107","name":"US-95 Concrete","state":"ID","provider":"Idaho DOT","hls":null,"snapshot":"https://511.idaho.gov/map/Cctv/437","refreshMs":30000,"attribution":"Ora (Warner Varnado) · Idaho DOT"}},{"type":"Feature","geometry":{"type":"Point","coordinates":[-116.354,46.113]},"properties":{"id":"ora-id-108","name":"US-95 Frei Hill","state":"ID","provider":"Idaho DOT","hls":null,"snapshot":"https://511.idaho.gov/map/Cctv/440","refreshMs":30000,"attribution":"Ora (Warner Varnado) · Idaho DOT"}},{"type":"Feature","geometry":{"type":"Point","coordinates":[-111.043,42.2746]},"properties":{"id":"ora-id-109","name":"Raymond, WY","state":"ID","provider":"Idaho DOT","hls":null,"snapshot":"https://511.idaho.gov/map/Cctv/443","refreshMs":30000,"attribution":"Ora (Warner Varnado) · Idaho DOT"}},{"type":"Feature","geometry":{"type":"Point","coordinates":[-115.591,46.1622]},"properties":{"id":"ora-id-110","name":"US-12 Pete King","state":"ID","provider":"Idaho DOT","hls":null,"snapshot":"https://511.idaho.gov/map/Cctv/446","refreshMs":30000,"attribution":"Ora (Warner Varnado) · Idaho DOT"}},{"type":"Feature","geometry":{"type":"Point","coordinates":[-116.042,46.2467]},"properties":{"id":"ora-id-111","name":"US-12 Kamiah","state":"ID","provider":"Idaho DOT","hls":null,"snapshot":"https://511.idaho.gov/map/Cctv/449","refreshMs":30000,"attribution":"Ora (Warner Varnado) · Idaho DOT"}},{"type":"Feature","geometry":{"type":"Point","coordinates":[-116.605,46.2552]},"properties":{"id":"ora-id-112","name":"US-95 Winchester","state":"ID","provider":"Idaho DOT","hls":null,"snapshot":"https://511.idaho.gov/map/Cctv/452","refreshMs":30000,"attribution":"Ora (Warner Varnado) · Idaho DOT"}},{"type":"Feature","geometry":{"type":"Point","coordinates":[-116.128,46.3821]},"properties":{"id":"ora-id-113","name":"SH-11 Top of Greer Grade","state":"ID","provider":"Idaho DOT","hls":null,"snapshot":"https://511.idaho.gov/map/Cctv/455","refreshMs":30000,"attribution":"Ora (Warner Varnado) · Idaho DOT"}},{"type":"Feature","geometry":{"type":"Point","coordinates":[-117.42049,46.436106]},"properties":{"id":"ora-id-114","name":"US-12 Alpowa Summit, WA","state":"ID","provider":"Idaho DOT","hls":null,"snapshot":"https://511.idaho.gov/map/Cctv/459","refreshMs":30000,"attribution":"Ora (Warner Varnado) · Idaho DOT"}},{"type":"Feature","geometry":{"type":"Point","coordinates":[-117.015,46.4619]},"properties":{"id":"ora-id-115","name":"US-95 Lewiston Hill","state":"ID","provider":"Idaho DOT","hls":null,"snapshot":"https://511.idaho.gov/map/Cctv/460","refreshMs":30000,"attribution":"Ora (Warner Varnado) · Idaho DOT"}},{"type":"Feature","geometry":{"type":"Point","coordinates":[-116.714,46.4998]},"properties":{"id":"ora-id-116","name":"US-12 Cottonwood Creek","state":"ID","provider":"Idaho DOT","hls":null,"snapshot":"https://511.idaho.gov/map/Cctv/463","refreshMs":30000,"attribution":"Ora (Warner Varnado) · Idaho DOT"}},{"type":"Feature","geometry":{"type":"Point","coordinates":[-116.952,46.5136]},"properties":{"id":"ora-id-117","name":"US-95 Shirrod Hill","state":"ID","provider":"Idaho DOT","hls":null,"snapshot":"https://511.idaho.gov/map/Cctv/466","refreshMs":30000,"attribution":"Ora (Warner Varnado) · Idaho DOT"}},{"type":"Feature","geometry":{"type":"Point","coordinates":[-115.835,46.5573]},"properties":{"id":"ora-id-118","name":"SH-11 Grangemont","state":"ID","provider":"Idaho DOT","hls":null,"snapshot":"https://511.idaho.gov/map/Cctv/469","refreshMs":30000,"attribution":"Ora (Warner Varnado) · Idaho DOT"}},{"type":"Feature","geometry":{"type":"Point","coordinates":[-111.795,42.2992]},"properties":{"id":"ora-id-119","name":"SH-34 Treasureton Summit","state":"ID","provider":"Idaho DOT","hls":null,"snapshot":"https://511.idaho.gov/map/Cctv/471","refreshMs":30000,"attribution":"Ora (Warner Varnado) · Idaho DOT"}},{"type":"Feature","geometry":{"type":"Point","coordinates":[-114.59,46.6156]},"properties":{"id":"ora-id-120","name":"US-12 Upper Lochsa","state":"ID","provider":"Idaho DOT","hls":null,"snapshot":"https://511.idaho.gov/map/Cctv/474","refreshMs":30000,"attribution":"Ora (Warner Varnado) · Idaho DOT"}},{"type":"Feature","geometry":{"type":"Point","coordinates":[-114.58,46.635]},"properties":{"id":"ora-id-121","name":"US-12 Lolo Pass","state":"ID","provider":"Idaho DOT","hls":null,"snapshot":"https://511.idaho.gov/map/Cctv/477","refreshMs":30000,"attribution":"Ora (Warner Varnado) · Idaho DOT"}},{"type":"Feature","geometry":{"type":"Point","coordinates":[-113.499,42.331]},"properties":{"id":"ora-id-122","name":"SH-77 Conner Summit","state":"ID","provider":"Idaho DOT","hls":null,"snapshot":"https://511.idaho.gov/map/Cctv/487","refreshMs":30000,"attribution":"Ora (Warner Varnado) · Idaho DOT"}},{"type":"Feature","geometry":{"type":"Point","coordinates":[-116.557,46.7988]},"properties":{"id":"ora-id-123","name":"SH-3 Deary","state":"ID","provider":"Idaho DOT","hls":null,"snapshot":"https://511.idaho.gov/map/Cctv/494","refreshMs":30000,"attribution":"Ora (Warner Varnado) · Idaho DOT"}},{"type":"Feature","geometry":{"type":"Point","coordinates":[-116.699,46.9322]},"properties":{"id":"ora-id-124","name":"SH-6 Mt. Margaret","state":"ID","provider":"Idaho DOT","hls":null,"snapshot":"https://511.idaho.gov/map/Cctv/497","refreshMs":30000,"attribution":"Ora (Warner Varnado) · Idaho DOT"}},{"type":"Feature","geometry":{"type":"Point","coordinates":[-116.276,46.9736]},"properties":{"id":"ora-id-125","name":"SH-3 Shoshone County Line","state":"ID","provider":"Idaho DOT","hls":null,"snapshot":"https://511.idaho.gov/map/Cctv/500","refreshMs":30000,"attribution":"Ora (Warner Varnado) · Idaho DOT"}},{"type":"Feature","geometry":{"type":"Point","coordinates":[-116.862,47.0548]},"properties":{"id":"ora-id-126","name":"US-95 Marsh Hill","state":"ID","provider":"Idaho DOT","hls":null,"snapshot":"https://511.idaho.gov/map/Cctv/502","refreshMs":30000,"attribution":"Ora (Warner Varnado) · Idaho DOT"}},{"type":"Feature","geometry":{"type":"Point","coordinates":[-116.667,47.0669]},"properties":{"id":"ora-id-127","name":"SH-6 Harvard Hill","state":"ID","provider":"Idaho DOT","hls":null,"snapshot":"https://511.idaho.gov/map/Cctv/505","refreshMs":30000,"attribution":"Ora (Warner Varnado) · Idaho DOT"}},{"type":"Feature","geometry":{"type":"Point","coordinates":[-116.67,47.3375]},"properties":{"id":"ora-id-128","name":"SH-5 Parker Pass","state":"ID","provider":"Idaho DOT","hls":null,"snapshot":"https://511.idaho.gov/map/Cctv/508","refreshMs":30000,"attribution":"Ora (Warner Varnado) · Idaho DOT"}},{"type":"Feature","geometry":{"type":"Point","coordinates":[-111.139,42.3317]},"properties":{"id":"ora-id-129","name":"US-89 Geneva Summit","state":"ID","provider":"Idaho DOT","hls":null,"snapshot":"https://511.idaho.gov/map/Cctv/511","refreshMs":30000,"attribution":"Ora (Warner Varnado) · Idaho DOT"}},{"type":"Feature","geometry":{"type":"Point","coordinates":[-116.628,47.429]},"properties":{"id":"ora-id-130","name":"SH-3 Black Lake","state":"ID","provider":"Idaho DOT","hls":null,"snapshot":"https://511.idaho.gov/map/Cctv/514","refreshMs":30000,"attribution":"Ora (Warner Varnado) · Idaho DOT"}},{"type":"Feature","geometry":{"type":"Point","coordinates":[-115.695,47.4545]},"properties":{"id":"ora-id-131","name":"I-90 Lookout Pass MT","state":"ID","provider":"Idaho DOT","hls":null,"snapshot":"https://511.idaho.gov/map/Cctv/517","refreshMs":30000,"attribution":"Ora (Warner Varnado) · Idaho DOT"}},{"type":"Feature","geometry":{"type":"Point","coordinates":[-115.694,47.4611]},"properties":{"id":"ora-id-132","name":"I-90 Lookout Pass","state":"ID","provider":"Idaho DOT","hls":null,"snapshot":"https://511.idaho.gov/map/Cctv/518","refreshMs":30000,"attribution":"Ora (Warner Varnado) · Idaho DOT"}},{"type":"Feature","geometry":{"type":"Point","coordinates":[-115.906,47.4745]},"properties":{"id":"ora-id-133","name":"I-90 Wallace","state":"ID","provider":"Idaho DOT","hls":null,"snapshot":"https://511.idaho.gov/map/Cctv/521","refreshMs":30000,"attribution":"Ora (Warner Varnado) · Idaho DOT"}},{"type":"Feature","geometry":{"type":"Point","coordinates":[-116.988,47.4875]},"properties":{"id":"ora-id-134","name":"US-95 Lake Creek","state":"ID","provider":"Idaho DOT","hls":null,"snapshot":"https://511.idaho.gov/map/Cctv/524","refreshMs":30000,"attribution":"Ora (Warner Varnado) · Idaho DOT"}},{"type":"Feature","geometry":{"type":"Point","coordinates":[-116.331,47.5468]},"properties":{"id":"ora-id-135","name":"I-90 Cataldo","state":"ID","provider":"Idaho DOT","hls":null,"snapshot":"https://511.idaho.gov/map/Cctv/528","refreshMs":30000,"attribution":"Ora (Warner Varnado) · Idaho DOT"}},{"type":"Feature","geometry":{"type":"Point","coordinates":[-116.526,47.6224]},"properties":{"id":"ora-id-136","name":"I-90 4th of July Summit","state":"ID","provider":"Idaho DOT","hls":null,"snapshot":"https://511.idaho.gov/map/Cctv/531","refreshMs":30000,"attribution":"Ora (Warner Varnado) · Idaho DOT"}},{"type":"Feature","geometry":{"type":"Point","coordinates":[-116.715,47.6488]},"properties":{"id":"ora-id-137","name":"I-90 Veterans Memorial Bridge","state":"ID","provider":"Idaho DOT","hls":null,"snapshot":"https://511.idaho.gov/map/Cctv/534","refreshMs":30000,"attribution":"Ora (Warner Varnado) · Idaho DOT"}},{"type":"Feature","geometry":{"type":"Point","coordinates":[-117.042,47.6966]},"properties":{"id":"ora-id-138","name":"I-90 Liberty Lake, WA","state":"ID","provider":"Idaho DOT","hls":null,"snapshot":"https://511.idaho.gov/map/Cctv/538","refreshMs":30000,"attribution":"Ora (Warner Varnado) · Idaho DOT"}},{"type":"Feature","geometry":{"type":"Point","coordinates":[-112.031,42.336]},"properties":{"id":"ora-id-139","name":"US-91 Swan Lake","state":"ID","provider":"Idaho DOT","hls":null,"snapshot":"https://511.idaho.gov/map/Cctv/539","refreshMs":30000,"attribution":"Ora (Warner Varnado) · Idaho DOT"}},{"type":"Feature","geometry":{"type":"Point","coordinates":[-116.952,47.7126]},"properties":{"id":"ora-id-140","name":"I-90 Railroad Bridge","state":"ID","provider":"Idaho DOT","hls":null,"snapshot":"https://511.idaho.gov/map/Cctv/545","refreshMs":30000,"attribution":"Ora (Warner Varnado) · Idaho DOT"}},{"type":"Feature","geometry":{"type":"Point","coordinates":[-112.226,42.3428]},"properties":{"id":"ora-id-141","name":"I-15 Malad Summit","state":"ID","provider":"Idaho DOT","hls":null,"snapshot":"https://511.idaho.gov/map/Cctv/554","refreshMs":30000,"attribution":"Ora (Warner Varnado) · Idaho DOT"}},{"type":"Feature","geometry":{"type":"Point","coordinates":[-116.85,47.9261]},"properties":{"id":"ora-id-142","name":"SH-41 Seasons","state":"ID","provider":"Idaho DOT","hls":null,"snapshot":"https://511.idaho.gov/map/Cctv/558","refreshMs":30000,"attribution":"Ora (Warner Varnado) · Idaho DOT"}},{"type":"Feature","geometry":{"type":"Point","coordinates":[-116.682,47.9923]},"properties":{"id":"ora-id-143","name":"US-95 Granite Hill","state":"ID","provider":"Idaho DOT","hls":null,"snapshot":"https://511.idaho.gov/map/Cctv/561","refreshMs":30000,"attribution":"Ora (Warner Varnado) · Idaho DOT"}},{"type":"Feature","geometry":{"type":"Point","coordinates":[-117.022,48.1714]},"properties":{"id":"ora-id-144","name":"SH-41 Old Town","state":"ID","provider":"Idaho DOT","hls":null,"snapshot":"https://511.idaho.gov/map/Cctv/564","refreshMs":30000,"attribution":"Ora (Warner Varnado) · Idaho DOT"}},{"type":"Feature","geometry":{"type":"Point","coordinates":[-116.704,48.2281]},"properties":{"id":"ora-id-145","name":"US-2 Wrenco Loop","state":"ID","provider":"Idaho DOT","hls":null,"snapshot":"https://511.idaho.gov/map/Cctv/567","refreshMs":30000,"attribution":"Ora (Warner Varnado) · Idaho DOT"}},{"type":"Feature","geometry":{"type":"Point","coordinates":[-116.547,48.281]},"properties":{"id":"ora-id-146","name":"US-95 Sandpoint","state":"ID","provider":"Idaho DOT","hls":null,"snapshot":"https://511.idaho.gov/map/Cctv/574","refreshMs":30000,"attribution":"Ora (Warner Varnado) · Idaho DOT"}},{"type":"Feature","geometry":{"type":"Point","coordinates":[-111.497,42.3608]},"properties":{"id":"ora-id-147","name":"SH-36 Emigration Canyon","state":"ID","provider":"Idaho DOT","hls":null,"snapshot":"https://511.idaho.gov/map/Cctv/577","refreshMs":30000,"attribution":"Ora (Warner Varnado) · Idaho DOT"}},{"type":"Feature","geometry":{"type":"Point","coordinates":[-116.416,48.3262]},"properties":{"id":"ora-id-148","name":"SH-200 East Sunnyside","state":"ID","provider":"Idaho DOT","hls":null,"snapshot":"https://511.idaho.gov/map/Cctv/580","refreshMs":30000,"attribution":"Ora (Warner Varnado) · Idaho DOT"}},{"type":"Feature","geometry":{"type":"Point","coordinates":[-115.984,48.5835]},"properties":{"id":"ora-id-149","name":"Local Yaak, MT","state":"ID","provider":"Idaho DOT","hls":null,"snapshot":"https://511.idaho.gov/map/Cctv/584","refreshMs":30000,"attribution":"Ora (Warner Varnado) · Idaho DOT"}},{"type":"Feature","geometry":{"type":"Point","coordinates":[-116.331,48.9322]},"properties":{"id":"ora-id-150","name":"US-95 Five Mile Hill","state":"ID","provider":"Idaho DOT","hls":null,"snapshot":"https://511.idaho.gov/map/Cctv/585","refreshMs":30000,"attribution":"Ora (Warner Varnado) · Idaho DOT"}},{"type":"Feature","geometry":{"type":"Point","coordinates":[-117.04,49.0589]},"properties":{"id":"ora-id-151","name":"Hwy 3, Kootenay Pass, BC","state":"ID","provider":"Idaho DOT","hls":null,"snapshot":"https://511.idaho.gov/map/Cctv/587","refreshMs":30000,"attribution":"Ora (Warner Varnado) · Idaho DOT"}},{"type":"Feature","geometry":{"type":"Point","coordinates":[-116.141,49.0752]},"properties":{"id":"ora-id-152","name":"Hwy 3 & 95, Yahk, BC","state":"ID","provider":"Idaho DOT","hls":null,"snapshot":"https://511.idaho.gov/map/Cctv/588","refreshMs":30000,"attribution":"Ora (Warner Varnado) · Idaho DOT"}},{"type":"Feature","geometry":{"type":"Point","coordinates":[-114.880014,44.150712]},"properties":{"id":"ora-id-153","name":"SH-75 Stanley Hatchery","state":"ID","provider":"Idaho DOT","hls":null,"snapshot":"https://511.idaho.gov/map/Cctv/590","refreshMs":30000,"attribution":"Ora (Warner Varnado) · Idaho DOT"}},{"type":"Feature","geometry":{"type":"Point","coordinates":[-113.317,42.4133]},"properties":{"id":"ora-id-154","name":"I-84 Idahome","state":"ID","provider":"Idaho DOT","hls":null,"snapshot":"https://511.idaho.gov/map/Cctv/593","refreshMs":30000,"attribution":"Ora (Warner Varnado) · Idaho DOT"}},{"type":"Feature","geometry":{"type":"Point","coordinates":[-117.863,42.4133]},"properties":{"id":"ora-id-155","name":"Local Basque Station, OR","state":"ID","provider":"Idaho DOT","hls":null,"snapshot":"https://511.idaho.gov/map/Cctv/596","refreshMs":30000,"attribution":"Ora (Warner Varnado) · Idaho DOT"}},{"type":"Feature","geometry":{"type":"Point","coordinates":[-112.603,41.9106]},"properties":{"id":"ora-id-156","name":"Local Chaulk Hill, UT","state":"ID","provider":"Idaho DOT","hls":null,"snapshot":"https://511.idaho.gov/map/Cctv/597","refreshMs":30000,"attribution":"Ora (Warner Varnado) · Idaho DOT"}},{"type":"Feature","geometry":{"type":"Point","coordinates":[-112.837,42.4743]},"properties":{"id":"ora-id-157","name":"SH-37 Big Canyon","state":"ID","provider":"Idaho DOT","hls":null,"snapshot":"https://511.idaho.gov/map/Cctv/598","refreshMs":30000,"attribution":"Ora (Warner Varnado) · Idaho DOT"}},{"type":"Feature","geometry":{"type":"Point","coordinates":[-110.907,42.505]},"properties":{"id":"ora-id-158","name":"Salt Pass, WY","state":"ID","provider":"Idaho DOT","hls":null,"snapshot":"https://511.idaho.gov/map/Cctv/600","refreshMs":30000,"attribution":"Ora (Warner Varnado) · Idaho DOT"}},{"type":"Feature","geometry":{"type":"Point","coordinates":[-113.425,42.5171]},"properties":{"id":"ora-id-159","name":"I-84 Yale Rd","state":"ID","provider":"Idaho DOT","hls":null,"snapshot":"https://511.idaho.gov/map/Cctv/603","refreshMs":30000,"attribution":"Ora (Warner Varnado) · Idaho DOT"}},{"type":"Feature","geometry":{"type":"Point","coordinates":[-111.407,42.5303]},"properties":{"id":"ora-id-160","name":"US-30 Georgetown Summit","state":"ID","provider":"Idaho DOT","hls":null,"snapshot":"https://511.idaho.gov/map/Cctv/606","refreshMs":30000,"attribution":"Ora (Warner Varnado) · Idaho DOT"}},{"type":"Feature","geometry":{"type":"Point","coordinates":[-114.298,42.5685]},"properties":{"id":"ora-id-161","name":"SH-50 Hansen Bridge","state":"ID","provider":"Idaho DOT","hls":null,"snapshot":"https://511.idaho.gov/map/Cctv/609","refreshMs":30000,"attribution":"Ora (Warner Varnado) · Idaho DOT"}},{"type":"Feature","geometry":{"type":"Point","coordinates":[-113.73,42.5687]},"properties":{"id":"ora-id-162","name":"I-84 Heyburn","state":"ID","provider":"Idaho DOT","hls":null,"snapshot":"https://511.idaho.gov/map/Cctv/612","refreshMs":30000,"attribution":"Ora (Warner Varnado) · Idaho DOT"}},{"type":"Feature","geometry":{"type":"Point","coordinates":[-114.827076,41.269009]},"properties":{"id":"ora-id-163","name":"Local US-93 Bishop - Melandco","state":"ID","provider":"Idaho DOT","hls":null,"snapshot":"https://511.idaho.gov/map/Cctv/615","refreshMs":30000,"attribution":"Ora (Warner Varnado) · Idaho DOT"}},{"type":"Feature","geometry":{"type":"Point","coordinates":[-114.148,42.5744]},"properties":{"id":"ora-id-164","name":"I-84 Valley Interchange","state":"ID","provider":"Idaho DOT","hls":null,"snapshot":"https://511.idaho.gov/map/Cctv/616","refreshMs":30000,"attribution":"Ora (Warner Varnado) · Idaho DOT"}},{"type":"Feature","geometry":{"type":"Point","coordinates":[-113.437,42.5781]},"properties":{"id":"ora-id-165","name":"I-86 Raft River","state":"ID","provider":"Idaho DOT","hls":null,"snapshot":"https://511.idaho.gov/map/Cctv/619","refreshMs":30000,"attribution":"Ora (Warner Varnado) · Idaho DOT"}},{"type":"Feature","geometry":{"type":"Point","coordinates":[-112.186,42.5835]},"properties":{"id":"ora-id-166","name":"I-15 Marsh Valley","state":"ID","provider":"Idaho DOT","hls":null,"snapshot":"https://511.idaho.gov/map/Cctv/622","refreshMs":30000,"attribution":"Ora (Warner Varnado) · Idaho DOT"}},{"type":"Feature","geometry":{"type":"Point","coordinates":[-114.454,42.5988]},"properties":{"id":"ora-id-167","name":"US-93 Perrine Bridge","state":"ID","provider":"Idaho DOT","hls":null,"snapshot":"https://511.idaho.gov/map/Cctv/624","refreshMs":30000,"attribution":"Ora (Warner Varnado) · Idaho DOT"}},{"type":"Feature","geometry":{"type":"Point","coordinates":[-113.086,41.9367]},"properties":{"id":"ora-id-168","name":"Local Curlew Junction, UT","state":"ID","provider":"Idaho DOT","hls":null,"snapshot":"https://511.idaho.gov/map/Cctv/627","refreshMs":30000,"attribution":"Ora (Warner Varnado) · Idaho DOT"}},{"type":"Feature","geometry":{"type":"Point","coordinates":[-113.154,42.6118]},"properties":{"id":"ora-id-169","name":"I-86 Coldwater","state":"ID","provider":"Idaho DOT","hls":null,"snapshot":"https://511.idaho.gov/map/Cctv/628","refreshMs":30000,"attribution":"Ora (Warner Varnado) · Idaho DOT"}},{"type":"Feature","geometry":{"type":"Point","coordinates":[-116.18841,43.60304]},"properties":{"id":"ora-id-170","name":"Park Parkcenter Front Clearwater","state":"ID","provider":"Idaho DOT","hls":null,"snapshot":"https://511.idaho.gov/map/Cctv/631","refreshMs":30000,"attribution":"Ora (Warner Varnado) · Idaho DOT"}},{"type":"Feature","geometry":{"type":"Point","coordinates":[-116.193,43.608]},"properties":{"id":"ora-id-171","name":"Broadway (US-20) & Front St","state":"ID","provider":"Idaho DOT","hls":null,"snapshot":"https://511.idaho.gov/map/Cctv/632","refreshMs":30000,"attribution":"Ora (Warner Varnado) · Idaho DOT"}},{"type":"Feature","geometry":{"type":"Point","coordinates":[-116.3141,43.6048]},"properties":{"id":"ora-id-172","name":"Franklin & FiveMile","state":"ID","provider":"Idaho DOT","hls":null,"snapshot":"https://511.idaho.gov/map/Cctv/633","refreshMs":30000,"attribution":"Ora (Warner Varnado) · Idaho DOT"}},{"type":"Feature","geometry":{"type":"Point","coordinates":[-116.28108,43.60515]},"properties":{"id":"ora-id-173","name":"I-184 Milwaukee Franklin","state":"ID","provider":"Idaho DOT","hls":null,"snapshot":"https://511.idaho.gov/map/Cctv/634","refreshMs":30000,"attribution":"Ora (Warner Varnado) · Idaho DOT"}},{"type":"Feature","geometry":{"type":"Point","coordinates":[-116.207596,43.613018]},"properties":{"id":"ora-id-174","name":"9th & Myrtle (US-20)","state":"ID","provider":"Idaho DOT","hls":null,"snapshot":"https://511.idaho.gov/map/Cctv/635","refreshMs":30000,"attribution":"Ora (Warner Varnado) · Idaho DOT"}},{"type":"Feature","geometry":{"type":"Point","coordinates":[-116.203,43.6128]},"properties":{"id":"ora-id-175","name":"6th & Front St (US-20)","state":"ID","provider":"Idaho DOT","hls":null,"snapshot":"https://511.idaho.gov/map/Cctv/636","refreshMs":30000,"attribution":"Ora (Warner Varnado) · Idaho DOT"}},{"type":"Feature","geometry":{"type":"Point","coordinates":[-116.205,43.612]},"properties":{"id":"ora-id-176","name":"Capitol & Myrtle (US-20)","state":"ID","provider":"Idaho DOT","hls":null,"snapshot":"https://511.idaho.gov/map/Cctv/637","refreshMs":30000,"attribution":"Ora (Warner Varnado) · Idaho DOT"}},{"type":"Feature","geometry":{"type":"Point","coordinates":[-116.27445,43.61914]},"properties":{"id":"ora-id-177","name":"Fairview & Cole","state":"ID","provider":"Idaho DOT","hls":null,"snapshot":"https://511.idaho.gov/map/Cctv/638","refreshMs":30000,"attribution":"Ora (Warner Varnado) · Idaho DOT"}},{"type":"Feature","geometry":{"type":"Point","coordinates":[-116.28409,43.619656]},"properties":{"id":"ora-id-178","name":"Fairview & Milwaukee","state":"ID","provider":"Idaho DOT","hls":null,"snapshot":"https://511.idaho.gov/map/Cctv/639","refreshMs":30000,"attribution":"Ora (Warner Varnado) · Idaho DOT"}},{"type":"Feature","geometry":{"type":"Point","coordinates":[-116.284,43.611164]},"properties":{"id":"ora-id-179","name":"Emerald & Milwaukee","state":"ID","provider":"Idaho DOT","hls":null,"snapshot":"https://511.idaho.gov/map/Cctv/640","refreshMs":30000,"attribution":"Ora (Warner Varnado) · Idaho DOT"}},{"type":"Feature","geometry":{"type":"Point","coordinates":[-116.294395,43.60506]},"properties":{"id":"ora-id-180","name":"Franklin & Maple Grove","state":"ID","provider":"Idaho DOT","hls":null,"snapshot":"https://511.idaho.gov/map/Cctv/641","refreshMs":30000,"attribution":"Ora (Warner Varnado) · Idaho DOT"}},{"type":"Feature","geometry":{"type":"Point","coordinates":[-116.33411,43.604755]},"properties":{"id":"ora-id-181","name":"Franklin & Cloverdale","state":"ID","provider":"Idaho DOT","hls":null,"snapshot":"https://511.idaho.gov/map/Cctv/642","refreshMs":30000,"attribution":"Ora (Warner Varnado) · Idaho DOT"}},{"type":"Feature","geometry":{"type":"Point","coordinates":[-116.274475,43.60483]},"properties":{"id":"ora-id-182","name":"Franklin & Cole I-184 EB Ramp","state":"ID","provider":"Idaho DOT","hls":null,"snapshot":"https://511.idaho.gov/map/Cctv/643","refreshMs":30000,"attribution":"Ora (Warner Varnado) · Idaho DOT"}},{"type":"Feature","geometry":{"type":"Point","coordinates":[-116.19229,43.611088]},"properties":{"id":"ora-id-183","name":"Broadway & Warm Springs & Idaho Main Ave B","state":"ID","provider":"Idaho DOT","hls":null,"snapshot":"https://511.idaho.gov/map/Cctv/644","refreshMs":30000,"attribution":"Ora (Warner Varnado) · Idaho DOT"}},{"type":"Feature","geometry":{"type":"Point","coordinates":[-116.250946,43.630627]},"properties":{"id":"ora-id-184","name":"US-20 Chinden & Veterans Memorial Parkway","state":"ID","provider":"Idaho DOT","hls":null,"snapshot":"https://511.idaho.gov/map/Cctv/645","refreshMs":30000,"attribution":"Ora (Warner Varnado) · Idaho DOT"}},{"type":"Feature","geometry":{"type":"Point","coordinates":[-116.25381,43.618835]},"properties":{"id":"ora-id-185","name":"Fairview & Curtis","state":"ID","provider":"Idaho DOT","hls":null,"snapshot":"https://511.idaho.gov/map/Cctv/646","refreshMs":30000,"attribution":"Ora (Warner Varnado) · Idaho DOT"}},{"type":"Feature","geometry":{"type":"Point","coordinates":[-116.19377,43.59829]},"properties":{"id":"ora-id-186","name":"US-20 Broadway & Beacon","state":"ID","provider":"Idaho DOT","hls":null,"snapshot":"https://511.idaho.gov/map/Cctv/647","refreshMs":30000,"attribution":"Ora (Warner Varnado) · Idaho DOT"}},{"type":"Feature","geometry":{"type":"Point","coordinates":[-116.194,43.5903]},"properties":{"id":"ora-id-187","name":"US-20 Broadway & Boise Ave","state":"ID","provider":"Idaho DOT","hls":null,"snapshot":"https://511.idaho.gov/map/Cctv/648","refreshMs":30000,"attribution":"Ora (Warner Varnado) · Idaho DOT"}},{"type":"Feature","geometry":{"type":"Point","coordinates":[-116.19348,43.579063]},"properties":{"id":"ora-id-188","name":"US-20 Broadway & Linden","state":"ID","provider":"Idaho DOT","hls":null,"snapshot":"https://511.idaho.gov/map/Cctv/649","refreshMs":30000,"attribution":"Ora (Warner Varnado) · Idaho DOT"}},{"type":"Feature","geometry":{"type":"Point","coordinates":[-116.193,43.606]},"properties":{"id":"ora-id-189","name":"US-20 Broadway & Myrtle St","state":"ID","provider":"Idaho DOT","hls":null,"snapshot":"https://511.idaho.gov/map/Cctv/650","refreshMs":30000,"attribution":"Ora (Warner Varnado) · Idaho DOT"}},{"type":"Feature","geometry":{"type":"Point","coordinates":[-116.24931,43.649803]},"properties":{"id":"ora-id-190","name":"State St & Collister","state":"ID","provider":"Idaho DOT","hls":null,"snapshot":"https://511.idaho.gov/map/Cctv/651","refreshMs":30000,"attribution":"Ora (Warner Varnado) · Idaho DOT"}},{"type":"Feature","geometry":{"type":"Point","coordinates":[-116.263626,43.65862]},"properties":{"id":"ora-id-191","name":"State St & Ellens Ferry","state":"ID","provider":"Idaho DOT","hls":null,"snapshot":"https://511.idaho.gov/map/Cctv/652","refreshMs":30000,"attribution":"Ora (Warner Varnado) · Idaho DOT"}},{"type":"Feature","geometry":{"type":"Point","coordinates":[-116.23549,43.6404]},"properties":{"id":"ora-id-192","name":"State & Veterans Memorial Parkway & 36th","state":"ID","provider":"Idaho DOT","hls":null,"snapshot":"https://511.idaho.gov/map/Cctv/653","refreshMs":30000,"attribution":"Ora (Warner Varnado) · Idaho DOT"}},{"type":"Feature","geometry":{"type":"Point","coordinates":[-116.279,43.6683]},"properties":{"id":"ora-id-193","name":"SH-44 State & Glenwood","state":"ID","provider":"Idaho DOT","hls":null,"snapshot":"https://511.idaho.gov/map/Cctv/654","refreshMs":30000,"attribution":"Ora (Warner Varnado) · Idaho DOT"}},{"type":"Feature","geometry":{"type":"Point","coordinates":[-116.35472,43.66276]},"properties":{"id":"ora-id-194","name":"US-20 Chinden & SH-55 Eagle","state":"ID","provider":"Idaho DOT","hls":null,"snapshot":"https://511.idaho.gov/map/Cctv/655","refreshMs":30000,"attribution":"Ora (Warner Varnado) · Idaho DOT"}},{"type":"Feature","geometry":{"type":"Point","coordinates":[-116.35478,43.619167]},"properties":{"id":"ora-id-195","name":"SH-55 Eagle Rd & Fairview Ave","state":"ID","provider":"Idaho DOT","hls":null,"snapshot":"https://511.idaho.gov/map/Cctv/656","refreshMs":30000,"attribution":"Ora (Warner Varnado) · Idaho DOT"}},{"type":"Feature","geometry":{"type":"Point","coordinates":[-116.35459,43.60524]},"properties":{"id":"ora-id-196","name":"SH-55 Eagle Rd & Franklin","state":"ID","provider":"Idaho DOT","hls":null,"snapshot":"https://511.idaho.gov/map/Cctv/657","refreshMs":30000,"attribution":"Ora (Warner Varnado) · Idaho DOT"}},{"type":"Feature","geometry":{"type":"Point","coordinates":[-116.3541,43.648605]},"properties":{"id":"ora-id-197","name":"SH-55 Eagle Rd & McMillan","state":"ID","provider":"Idaho DOT","hls":null,"snapshot":"https://511.idaho.gov/map/Cctv/658","refreshMs":30000,"attribution":"Ora (Warner Varnado) · Idaho DOT"}},{"type":"Feature","geometry":{"type":"Point","coordinates":[-116.35459,43.63361]},"properties":{"id":"ora-id-198","name":"SH-55 Eagle Rd & Ustick Rd","state":"ID","provider":"Idaho DOT","hls":null,"snapshot":"https://511.idaho.gov/map/Cctv/659","refreshMs":30000,"attribution":"Ora (Warner Varnado) · Idaho DOT"}},{"type":"Feature","geometry":{"type":"Point","coordinates":[-116.33433,43.619728]},"properties":{"id":"ora-id-199","name":"Fairview & Cloverdale","state":"ID","provider":"Idaho DOT","hls":null,"snapshot":"https://511.idaho.gov/map/Cctv/660","refreshMs":30000,"attribution":"Ora (Warner Varnado) · Idaho DOT"}},{"type":"Feature","geometry":{"type":"Point","coordinates":[-116.28061,43.5904]},"properties":{"id":"ora-id-200","name":"Overland & Entertainment","state":"ID","provider":"Idaho DOT","hls":null,"snapshot":"https://511.idaho.gov/map/Cctv/661","refreshMs":30000,"attribution":"Ora (Warner Varnado) · Idaho DOT"}},{"type":"Feature","geometry":{"type":"Point","coordinates":[-116.29433,43.59042]},"properties":{"id":"ora-id-201","name":"Overland & Maple Grove","state":"ID","provider":"Idaho DOT","hls":null,"snapshot":"https://511.idaho.gov/map/Cctv/662","refreshMs":30000,"attribution":"Ora (Warner Varnado) · Idaho DOT"}},{"type":"Feature","geometry":{"type":"Point","coordinates":[-116.31408,43.59049]},"properties":{"id":"ora-id-202","name":"Overland & Five Mile","state":"ID","provider":"Idaho DOT","hls":null,"snapshot":"https://511.idaho.gov/map/Cctv/663","refreshMs":30000,"attribution":"Ora (Warner Varnado) · Idaho DOT"}},{"type":"Feature","geometry":{"type":"Point","coordinates":[-116.2796,43.648785]},"properties":{"id":"ora-id-203","name":"US-20 Chinden & SH-44 Glenwood","state":"ID","provider":"Idaho DOT","hls":null,"snapshot":"https://511.idaho.gov/map/Cctv/664","refreshMs":30000,"attribution":"Ora (Warner Varnado) · Idaho DOT"}},{"type":"Feature","geometry":{"type":"Point","coordinates":[-116.57355,43.60045]},"properties":{"id":"ora-id-204","name":"I-84 Nampa Blvd & Northside Blvd","state":"ID","provider":"Idaho DOT","hls":null,"snapshot":"https://511.idaho.gov/map/Cctv/665","refreshMs":30000,"attribution":"Ora (Warner Varnado) · Idaho DOT"}},{"type":"Feature","geometry":{"type":"Point","coordinates":[-116.55339,43.598602]},"properties":{"id":"ora-id-205","name":"I-84 Franklin Blvd","state":"ID","provider":"Idaho DOT","hls":null,"snapshot":"https://511.idaho.gov/map/Cctv/666","refreshMs":30000,"attribution":"Ora (Warner Varnado) · Idaho DOT"}},{"type":"Feature","geometry":{"type":"Point","coordinates":[-116.537,43.5981]},"properties":{"id":"ora-id-206","name":"I-84 11th Ave N","state":"ID","provider":"Idaho DOT","hls":null,"snapshot":"https://511.idaho.gov/map/Cctv/667","refreshMs":30000,"attribution":"Ora (Warner Varnado) · Idaho DOT"}},{"type":"Feature","geometry":{"type":"Point","coordinates":[-116.513,43.5992]},"properties":{"id":"ora-id-207","name":"I-84 Garrity Blvd","state":"ID","provider":"Idaho DOT","hls":null,"snapshot":"https://511.idaho.gov/map/Cctv/668","refreshMs":30000,"attribution":"Ora (Warner Varnado) · Idaho DOT"}},{"type":"Feature","geometry":{"type":"Point","coordinates":[-116.494,43.5991]},"properties":{"id":"ora-id-208","name":"I-84 Robinson Blvd","state":"ID","provider":"Idaho DOT","hls":null,"snapshot":"https://511.idaho.gov/map/Cctv/669","refreshMs":30000,"attribution":"Ora (Warner Varnado) · Idaho DOT"}},{"type":"Feature","geometry":{"type":"Point","coordinates":[-116.474,43.5969]},"properties":{"id":"ora-id-209","name":"I-84 McDermott Rd","state":"ID","provider":"Idaho DOT","hls":null,"snapshot":"https://511.idaho.gov/map/Cctv/670","refreshMs":30000,"attribution":"Ora (Warner Varnado) · Idaho DOT"}},{"type":"Feature","geometry":{"type":"Point","coordinates":[-116.45279,43.594402]},"properties":{"id":"ora-id-210","name":"I-84 Black Cat","state":"ID","provider":"Idaho DOT","hls":null,"snapshot":"https://511.idaho.gov/map/Cctv/671","refreshMs":30000,"attribution":"Ora (Warner Varnado) · Idaho DOT"}},{"type":"Feature","geometry":{"type":"Point","coordinates":[-116.434,43.5933]},"properties":{"id":"ora-id-211","name":"I-84 Ten Mile Rd","state":"ID","provider":"Idaho DOT","hls":null,"snapshot":"https://511.idaho.gov/map/Cctv/672","refreshMs":30000,"attribution":"Ora (Warner Varnado) · Idaho DOT"}},{"type":"Feature","geometry":{"type":"Point","coordinates":[-116.41269,43.593197]},"properties":{"id":"ora-id-212","name":"I-84 Linder","state":"ID","provider":"Idaho DOT","hls":null,"snapshot":"https://511.idaho.gov/map/Cctv/673","refreshMs":30000,"attribution":"Ora (Warner Varnado) · Idaho DOT"}},{"type":"Feature","geometry":{"type":"Point","coordinates":[-116.395,43.5933]},"properties":{"id":"ora-id-213","name":"I-84 Meridian Rd","state":"ID","provider":"Idaho DOT","hls":null,"snapshot":"https://511.idaho.gov/map/Cctv/674","refreshMs":30000,"attribution":"Ora (Warner Varnado) · Idaho DOT"}},{"type":"Feature","geometry":{"type":"Point","coordinates":[-116.375,43.5933]},"properties":{"id":"ora-id-214","name":"I-84 Locust Grove Rd","state":"ID","provider":"Idaho DOT","hls":null,"snapshot":"https://511.idaho.gov/map/Cctv/675","refreshMs":30000,"attribution":"Ora (Warner Varnado) · Idaho DOT"}},{"type":"Feature","geometry":{"type":"Point","coordinates":[-116.355,43.5963]},"properties":{"id":"ora-id-215","name":"I-84 Eagle Rd","state":"ID","provider":"Idaho DOT","hls":null,"snapshot":"https://511.idaho.gov/map/Cctv/676","refreshMs":30000,"attribution":"Ora (Warner Varnado) · Idaho DOT"}},{"type":"Feature","geometry":{"type":"Point","coordinates":[-116.334,43.5972]},"properties":{"id":"ora-id-216","name":"I-84 Cloverdale Rd","state":"ID","provider":"Idaho DOT","hls":null,"snapshot":"https://511.idaho.gov/map/Cctv/677","refreshMs":30000,"attribution":"Ora (Warner Varnado) · Idaho DOT"}},{"type":"Feature","geometry":{"type":"Point","coordinates":[-116.314,43.5972]},"properties":{"id":"ora-id-217","name":"I-84 Five Mile Rd","state":"ID","provider":"Idaho DOT","hls":null,"snapshot":"https://511.idaho.gov/map/Cctv/678","refreshMs":30000,"attribution":"Ora (Warner Varnado) · Idaho DOT"}},{"type":"Feature","geometry":{"type":"Point","coordinates":[-116.294,43.597]},"properties":{"id":"ora-id-218","name":"I-84 Maple Grove Rd","state":"ID","provider":"Idaho DOT","hls":null,"snapshot":"https://511.idaho.gov/map/Cctv/679","refreshMs":30000,"attribution":"Ora (Warner Varnado) · Idaho DOT"}},{"type":"Feature","geometry":{"type":"Point","coordinates":[-116.27391,43.590366]},"properties":{"id":"ora-id-219","name":"Cole Overland","state":"ID","provider":"Idaho DOT","hls":null,"snapshot":"https://511.idaho.gov/map/Cctv/680","refreshMs":30000,"attribution":"Ora (Warner Varnado) · Idaho DOT"}},{"type":"Feature","geometry":{"type":"Point","coordinates":[-116.25927,43.583263]},"properties":{"id":"ora-id-220","name":"I-84 MP51","state":"ID","provider":"Idaho DOT","hls":null,"snapshot":"https://511.idaho.gov/map/Cctv/681","refreshMs":30000,"attribution":"Ora (Warner Varnado) · Idaho DOT"}},{"type":"Feature","geometry":{"type":"Point","coordinates":[-116.244,43.5756]},"properties":{"id":"ora-id-221","name":"I-84 Orchard St","state":"ID","provider":"Idaho DOT","hls":null,"snapshot":"https://511.idaho.gov/map/Cctv/682","refreshMs":30000,"attribution":"Ora (Warner Varnado) · Idaho DOT"}},{"type":"Feature","geometry":{"type":"Point","coordinates":[-116.216,43.5711]},"properties":{"id":"ora-id-222","name":"I-84 Vista Ave","state":"ID","provider":"Idaho DOT","hls":null,"snapshot":"https://511.idaho.gov/map/Cctv/683","refreshMs":30000,"attribution":"Ora (Warner Varnado) · Idaho DOT"}},{"type":"Feature","geometry":{"type":"Point","coordinates":[-116.19668,43.567085]},"properties":{"id":"ora-id-223","name":"I-84 Broadway","state":"ID","provider":"Idaho DOT","hls":null,"snapshot":"https://511.idaho.gov/map/Cctv/684","refreshMs":30000,"attribution":"Ora (Warner Varnado) · Idaho DOT"}},{"type":"Feature","geometry":{"type":"Point","coordinates":[-116.37437,43.619656]},"properties":{"id":"ora-id-224","name":"Fairview & Locust Grove","state":"ID","provider":"Idaho DOT","hls":null,"snapshot":"https://511.idaho.gov/map/Cctv/685","refreshMs":30000,"attribution":"Ora (Warner Varnado) · Idaho DOT"}},{"type":"Feature","geometry":{"type":"Point","coordinates":[-116.175,43.5522]},"properties":{"id":"ora-id-225","name":"I-84 Apple St/MP 56","state":"ID","provider":"Idaho DOT","hls":null,"snapshot":"https://511.idaho.gov/map/Cctv/686","refreshMs":30000,"attribution":"Ora (Warner Varnado) · Idaho DOT"}},{"type":"Feature","geometry":{"type":"Point","coordinates":[-116.284,43.5948]},"properties":{"id":"ora-id-226","name":"I-84 I-184","state":"ID","provider":"Idaho DOT","hls":null,"snapshot":"https://511.idaho.gov/map/Cctv/687","refreshMs":30000,"attribution":"Ora (Warner Varnado) · Idaho DOT"}},{"type":"Feature","geometry":{"type":"Point","coordinates":[-116.284,43.6004]},"properties":{"id":"ora-id-227","name":"I-184 Franklin St","state":"ID","provider":"Idaho DOT","hls":null,"snapshot":"https://511.idaho.gov/map/Cctv/688","refreshMs":30000,"attribution":"Ora (Warner Varnado) · Idaho DOT"}},{"type":"Feature","geometry":{"type":"Point","coordinates":[-116.15509,43.540833]},"properties":{"id":"ora-id-228","name":"Gowen & FederalWay","state":"ID","provider":"Idaho DOT","hls":null,"snapshot":"https://511.idaho.gov/map/Cctv/689","refreshMs":30000,"attribution":"Ora (Warner Varnado) · Idaho DOT"}},{"type":"Feature","geometry":{"type":"Point","coordinates":[-116.254,43.6168]},"properties":{"id":"ora-id-229","name":"I-184 Curtis Rd","state":"ID","provider":"Idaho DOT","hls":null,"snapshot":"https://511.idaho.gov/map/Cctv/690","refreshMs":30000,"attribution":"Ora (Warner Varnado) · Idaho DOT"}},{"type":"Feature","geometry":{"type":"Point","coordinates":[-116.243,43.6182]},"properties":{"id":"ora-id-230","name":"I-184 Orchard St","state":"ID","provider":"Idaho DOT","hls":null,"snapshot":"https://511.idaho.gov/map/Cctv/691","refreshMs":30000,"attribution":"Ora (Warner Varnado) · Idaho DOT"}},{"type":"Feature","geometry":{"type":"Point","coordinates":[-116.216,43.619]},"properties":{"id":"ora-id-231","name":"I-184 17th St","state":"ID","provider":"Idaho DOT","hls":null,"snapshot":"https://511.idaho.gov/map/Cctv/692","refreshMs":30000,"attribution":"Ora (Warner Varnado) · Idaho DOT"}},{"type":"Feature","geometry":{"type":"Point","coordinates":[-116.194,43.6009]},"properties":{"id":"ora-id-232","name":"Broadway (US-20) & University","state":"ID","provider":"Idaho DOT","hls":null,"snapshot":"https://511.idaho.gov/map/Cctv/693","refreshMs":30000,"attribution":"Ora (Warner Varnado) · Idaho DOT"}},{"type":"Feature","geometry":{"type":"Point","coordinates":[-116.21154,43.60544]},"properties":{"id":"ora-id-233","name":"Capitol & University","state":"ID","provider":"Idaho DOT","hls":null,"snapshot":"https://511.idaho.gov/map/Cctv/694","refreshMs":30000,"attribution":"Ora (Warner Varnado) · Idaho DOT"}},{"type":"Feature","geometry":{"type":"Point","coordinates":[-116.233,43.6184]},"properties":{"id":"ora-id-234","name":"I-184 Chinden Blvd","state":"ID","provider":"Idaho DOT","hls":null,"snapshot":"https://511.idaho.gov/map/Cctv/695","refreshMs":30000,"attribution":"Ora (Warner Varnado) · Idaho DOT"}},{"type":"Feature","geometry":{"type":"Point","coordinates":[-116.274,43.6074]},"properties":{"id":"ora-id-235","name":"I-184 Cole Rd","state":"ID","provider":"Idaho DOT","hls":null,"snapshot":"https://511.idaho.gov/map/Cctv/696","refreshMs":30000,"attribution":"Ora (Warner Varnado) · Idaho DOT"}},{"type":"Feature","geometry":{"type":"Point","coordinates":[-116.27445,43.6121]},"properties":{"id":"ora-id-236","name":"Cole & Emerald","state":"ID","provider":"Idaho DOT","hls":null,"snapshot":"https://511.idaho.gov/map/Cctv/697","refreshMs":30000,"attribution":"Ora (Warner Varnado) · Idaho DOT"}},{"type":"Feature","geometry":{"type":"Point","coordinates":[-116.35487,43.590546]},"properties":{"id":"ora-id-237","name":"Eagle & Overland","state":"ID","provider":"Idaho DOT","hls":null,"snapshot":"https://511.idaho.gov/map/Cctv/698","refreshMs":30000,"attribution":"Ora (Warner Varnado) · Idaho DOT"}},{"type":"Feature","geometry":{"type":"Point","coordinates":[-116.374275,43.590134]},"properties":{"id":"ora-id-238","name":"Overland & Locust Grove","state":"ID","provider":"Idaho DOT","hls":null,"snapshot":"https://511.idaho.gov/map/Cctv/699","refreshMs":30000,"attribution":"Ora (Warner Varnado) · Idaho DOT"}},{"type":"Feature","geometry":{"type":"Point","coordinates":[-116.394,43.59]},"properties":{"id":"ora-id-239","name":"SH-69 & Overland Rd","state":"ID","provider":"Idaho DOT","hls":null,"snapshot":"https://511.idaho.gov/map/Cctv/700","refreshMs":30000,"attribution":"Ora (Warner Varnado) · Idaho DOT"}},{"type":"Feature","geometry":{"type":"Point","coordinates":[-116.39184,43.604534]},"properties":{"id":"ora-id-240","name":"Franklin & Main","state":"ID","provider":"Idaho DOT","hls":null,"snapshot":"https://511.idaho.gov/map/Cctv/701","refreshMs":30000,"attribution":"Ora (Warner Varnado) · Idaho DOT"}},{"type":"Feature","geometry":{"type":"Point","coordinates":[-116.37432,43.604744]},"properties":{"id":"ora-id-241","name":"Franklin & LocustGrove","state":"ID","provider":"Idaho DOT","hls":null,"snapshot":"https://511.idaho.gov/map/Cctv/702","refreshMs":30000,"attribution":"Ora (Warner Varnado) · Idaho DOT"}},{"type":"Feature","geometry":{"type":"Point","coordinates":[-116.354,43.691]},"properties":{"id":"ora-id-242","name":"SH-44 & Eagle Rd","state":"ID","provider":"Idaho DOT","hls":null,"snapshot":"https://511.idaho.gov/map/Cctv/703","refreshMs":30000,"attribution":"Ora (Warner Varnado) · Idaho DOT"}},{"type":"Feature","geometry":{"type":"Point","coordinates":[-116.3935,43.597397]},"properties":{"id":"ora-id-243","name":"Meridian & Main Central","state":"ID","provider":"Idaho DOT","hls":null,"snapshot":"https://511.idaho.gov/map/Cctv/704","refreshMs":30000,"attribution":"Ora (Warner Varnado) · Idaho DOT"}},{"type":"Feature","geometry":{"type":"Point","coordinates":[-116.24346,43.589947]},"properties":{"id":"ora-id-244","name":"Orchard & Overland","state":"ID","provider":"Idaho DOT","hls":null,"snapshot":"https://511.idaho.gov/map/Cctv/705","refreshMs":30000,"attribution":"Ora (Warner Varnado) · Idaho DOT"}},{"type":"Feature","geometry":{"type":"Point","coordinates":[-116.32,43.6846]},"properties":{"id":"ora-id-245","name":"SH-55 & SH-44","state":"ID","provider":"Idaho DOT","hls":null,"snapshot":"https://511.idaho.gov/map/Cctv/706","refreshMs":30000,"attribution":"Ora (Warner Varnado) · Idaho DOT"}},{"type":"Feature","geometry":{"type":"Point","coordinates":[-116.29442,43.61963]},"properties":{"id":"ora-id-246","name":"Fairview & Maple Grove","state":"ID","provider":"Idaho DOT","hls":null,"snapshot":"https://511.idaho.gov/map/Cctv/707","refreshMs":30000,"attribution":"Ora (Warner Varnado) · Idaho DOT"}},{"type":"Feature","geometry":{"type":"Point","coordinates":[-116.391396,43.6191]},"properties":{"id":"ora-id-247","name":"Fairview & MaIn","state":"ID","provider":"Idaho DOT","hls":null,"snapshot":"https://511.idaho.gov/map/Cctv/708","refreshMs":30000,"attribution":"Ora (Warner Varnado) · Idaho DOT"}},{"type":"Feature","geometry":{"type":"Point","coordinates":[-116.33417,43.59045]},"properties":{"id":"ora-id-248","name":"Overland & Cloverdale","state":"ID","provider":"Idaho DOT","hls":null,"snapshot":"https://511.idaho.gov/map/Cctv/709","refreshMs":30000,"attribution":"Ora (Warner Varnado) · Idaho DOT"}},{"type":"Feature","geometry":{"type":"Point","coordinates":[-116.27387,43.575825]},"properties":{"id":"ora-id-249","name":"Cole & Victory","state":"ID","provider":"Idaho DOT","hls":null,"snapshot":"https://511.idaho.gov/map/Cctv/710","refreshMs":30000,"attribution":"Ora (Warner Varnado) · Idaho DOT"}},{"type":"Feature","geometry":{"type":"Point","coordinates":[-116.31411,43.619637]},"properties":{"id":"ora-id-250","name":"Fairview & Five Mile","state":"ID","provider":"Idaho DOT","hls":null,"snapshot":"https://511.idaho.gov/map/Cctv/711","refreshMs":30000,"attribution":"Ora (Warner Varnado) · Idaho DOT"}},{"type":"Feature","geometry":{"type":"Point","coordinates":[-116.27446,43.634068]},"properties":{"id":"ora-id-251","name":"Cole & Ustick","state":"ID","provider":"Idaho DOT","hls":null,"snapshot":"https://511.idaho.gov/map/Cctv/712","refreshMs":30000,"attribution":"Ora (Warner Varnado) · Idaho DOT"}},{"type":"Feature","geometry":{"type":"Point","coordinates":[-116.41398,43.662666]},"properties":{"id":"ora-id-252","name":"US-20 Chinden & Linder","state":"ID","provider":"Idaho DOT","hls":null,"snapshot":"https://511.idaho.gov/map/Cctv/713","refreshMs":30000,"attribution":"Ora (Warner Varnado) · Idaho DOT"}},{"type":"Feature","geometry":{"type":"Point","coordinates":[-116.319,43.6935]},"properties":{"id":"ora-id-253","name":"SH-55 & Hill Rd","state":"ID","provider":"Idaho DOT","hls":null,"snapshot":"https://511.idaho.gov/map/Cctv/714","refreshMs":30000,"attribution":"Ora (Warner Varnado) · Idaho DOT"}},{"type":"Feature","geometry":{"type":"Point","coordinates":[-116.33424,43.634068]},"properties":{"id":"ora-id-254","name":"Cloverdale & Ustick","state":"ID","provider":"Idaho DOT","hls":null,"snapshot":"https://511.idaho.gov/map/Cctv/715","refreshMs":30000,"attribution":"Ora (Warner Varnado) · Idaho DOT"}},{"type":"Feature","geometry":{"type":"Point","coordinates":[-116.21386,43.589993]},"properties":{"id":"ora-id-255","name":"Vista & Overland","state":"ID","provider":"Idaho DOT","hls":null,"snapshot":"https://511.idaho.gov/map/Cctv/716","refreshMs":30000,"attribution":"Ora (Warner Varnado) · Idaho DOT"}},{"type":"Feature","geometry":{"type":"Point","coordinates":[-116.394,43.5755]},"properties":{"id":"ora-id-256","name":"SH-69 & Victory Rd","state":"ID","provider":"Idaho DOT","hls":null,"snapshot":"https://511.idaho.gov/map/Cctv/717","refreshMs":30000,"attribution":"Ora (Warner Varnado) · Idaho DOT"}},{"type":"Feature","geometry":{"type":"Point","coordinates":[-116.394,43.5609]},"properties":{"id":"ora-id-257","name":"SH-69 & Amity Rd","state":"ID","provider":"Idaho DOT","hls":null,"snapshot":"https://511.idaho.gov/map/Cctv/718","refreshMs":30000,"attribution":"Ora (Warner Varnado) · Idaho DOT"}},{"type":"Feature","geometry":{"type":"Point","coordinates":[-116.394,43.5319]},"properties":{"id":"ora-id-258","name":"SH-69 & Columbia Rd","state":"ID","provider":"Idaho DOT","hls":null,"snapshot":"https://511.idaho.gov/map/Cctv/719","refreshMs":30000,"attribution":"Ora (Warner Varnado) · Idaho DOT"}},{"type":"Feature","geometry":{"type":"Point","coordinates":[-116.394,43.5028]},"properties":{"id":"ora-id-259","name":"SH-69 & Deer Flat Rd","state":"ID","provider":"Idaho DOT","hls":null,"snapshot":"https://511.idaho.gov/map/Cctv/720","refreshMs":30000,"attribution":"Ora (Warner Varnado) · Idaho DOT"}},{"type":"Feature","geometry":{"type":"Point","coordinates":[-116.41356,43.50314]},"properties":{"id":"ora-id-260","name":"Deer Flat & Linder","state":"ID","provider":"Idaho DOT","hls":null,"snapshot":"https://511.idaho.gov/map/Cctv/721","refreshMs":30000,"attribution":"Ora (Warner Varnado) · Idaho DOT"}},{"type":"Feature","geometry":{"type":"Point","coordinates":[-116.275,43.6465]},"properties":{"id":"ora-id-261","name":"US-20 Chinden & Kent Ln","state":"ID","provider":"Idaho DOT","hls":null,"snapshot":"https://511.idaho.gov/map/Cctv/722","refreshMs":30000,"attribution":"Ora (Warner Varnado) · Idaho DOT"}},{"type":"Feature","geometry":{"type":"Point","coordinates":[-116.39336,43.619034]},"properties":{"id":"ora-id-262","name":"Meridian & Cherry","state":"ID","provider":"Idaho DOT","hls":null,"snapshot":"https://511.idaho.gov/map/Cctv/723","refreshMs":30000,"attribution":"Ora (Warner Varnado) · Idaho DOT"}},{"type":"Feature","geometry":{"type":"Point","coordinates":[-116.393,43.6629]},"properties":{"id":"ora-id-263","name":"US-20 Chinden & Meridian Rd","state":"ID","provider":"Idaho DOT","hls":null,"snapshot":"https://511.idaho.gov/map/Cctv/724","refreshMs":30000,"attribution":"Ora (Warner Varnado) · Idaho DOT"}},{"type":"Feature","geometry":{"type":"Point","coordinates":[-116.375,43.663]},"properties":{"id":"ora-id-264","name":"US-20 Chinden & Locust Grove Rd","state":"ID","provider":"Idaho DOT","hls":null,"snapshot":"https://511.idaho.gov/map/Cctv/725","refreshMs":30000,"attribution":"Ora (Warner Varnado) · Idaho DOT"}},{"type":"Feature","geometry":{"type":"Point","coordinates":[-116.224106,43.620293]},"properties":{"id":"ora-id-265","name":"27th & Fairview","state":"ID","provider":"Idaho DOT","hls":null,"snapshot":"https://511.idaho.gov/map/Cctv/726","refreshMs":30000,"attribution":"Ora (Warner Varnado) · Idaho DOT"}},{"type":"Feature","geometry":{"type":"Point","coordinates":[-116.24335,43.611534]},"properties":{"id":"ora-id-266","name":"Orchard & Emerald","state":"ID","provider":"Idaho DOT","hls":null,"snapshot":"https://511.idaho.gov/map/Cctv/727","refreshMs":30000,"attribution":"Ora (Warner Varnado) · Idaho DOT"}},{"type":"Feature","geometry":{"type":"Point","coordinates":[-116.28437,43.634068]},"properties":{"id":"ora-id-267","name":"Ustick & Milwaukee","state":"ID","provider":"Idaho DOT","hls":null,"snapshot":"https://511.idaho.gov/map/Cctv/728","refreshMs":30000,"attribution":"Ora (Warner Varnado) · Idaho DOT"}},{"type":"Feature","geometry":{"type":"Point","coordinates":[-116.31417,43.63408]},"properties":{"id":"ora-id-268","name":"Ustick & Five Mile","state":"ID","provider":"Idaho DOT","hls":null,"snapshot":"https://511.idaho.gov/map/Cctv/729","refreshMs":30000,"attribution":"Ora (Warner Varnado) · Idaho DOT"}},{"type":"Feature","geometry":{"type":"Point","coordinates":[-112.091,42.6185]},"properties":{"id":"ora-id-269","name":"US-30 Topaz","state":"ID","provider":"Idaho DOT","hls":null,"snapshot":"https://511.idaho.gov/map/Cctv/730","refreshMs":30000,"attribution":"Ora (Warner Varnado) · Idaho DOT"}},{"type":"Feature","geometry":{"type":"Point","coordinates":[-116.41379,43.619076]},"properties":{"id":"ora-id-270","name":"Cherry & Linder","state":"ID","provider":"Idaho DOT","hls":null,"snapshot":"https://511.idaho.gov/map/Cctv/733","refreshMs":30000,"attribution":"Ora (Warner Varnado) · Idaho DOT"}},{"type":"Feature","geometry":{"type":"Point","coordinates":[-116.43389,43.619427]},"properties":{"id":"ora-id-271","name":"Cherry & Ten Mile","state":"ID","provider":"Idaho DOT","hls":null,"snapshot":"https://511.idaho.gov/map/Cctv/734","refreshMs":30000,"attribution":"Ora (Warner Varnado) · Idaho DOT"}},{"type":"Feature","geometry":{"type":"Point","coordinates":[-116.22741,43.63482]},"properties":{"id":"ora-id-272","name":"State & Whitewater 31st","state":"ID","provider":"Idaho DOT","hls":null,"snapshot":"https://511.idaho.gov/map/Cctv/735","refreshMs":30000,"attribution":"Ora (Warner Varnado) · Idaho DOT"}},{"type":"Feature","geometry":{"type":"Point","coordinates":[-116.23027,43.62923]},"properties":{"id":"ora-id-273","name":"Whitewater & Stewart","state":"ID","provider":"Idaho DOT","hls":null,"snapshot":"https://511.idaho.gov/map/Cctv/736","refreshMs":30000,"attribution":"Ora (Warner Varnado) · Idaho DOT"}},{"type":"Feature","geometry":{"type":"Point","coordinates":[-116.20403,43.617126]},"properties":{"id":"ora-id-274","name":"9th & Idaho","state":"ID","provider":"Idaho DOT","hls":null,"snapshot":"https://511.idaho.gov/map/Cctv/737","refreshMs":30000,"attribution":"Ora (Warner Varnado) · Idaho DOT"}},{"type":"Feature","geometry":{"type":"Point","coordinates":[-116.21158,43.619854]},"properties":{"id":"ora-id-275","name":"15th & Main","state":"ID","provider":"Idaho DOT","hls":null,"snapshot":"https://511.idaho.gov/map/Cctv/738","refreshMs":30000,"attribution":"Ora (Warner Varnado) · Idaho DOT"}},{"type":"Feature","geometry":{"type":"Point","coordinates":[-116.20273,43.619904]},"properties":{"id":"ora-id-276","name":"State & 10th","state":"ID","provider":"Idaho DOT","hls":null,"snapshot":"https://511.idaho.gov/map/Cctv/739","refreshMs":30000,"attribution":"Ora (Warner Varnado) · Idaho DOT"}},{"type":"Feature","geometry":{"type":"Point","coordinates":[-116.20614,43.594067]},"properties":{"id":"ora-id-277","name":"FederalWay & Protest","state":"ID","provider":"Idaho DOT","hls":null,"snapshot":"https://511.idaho.gov/map/Cctv/740","refreshMs":30000,"attribution":"Ora (Warner Varnado) · Idaho DOT"}},{"type":"Feature","geometry":{"type":"Point","coordinates":[-116.191895,43.573147]},"properties":{"id":"ora-id-278","name":"US-20 Broadway WB Ramp Federal Way","state":"ID","provider":"Idaho DOT","hls":null,"snapshot":"https://511.idaho.gov/map/Cctv/741","refreshMs":30000,"attribution":"Ora (Warner Varnado) · Idaho DOT"}},{"type":"Feature","geometry":{"type":"Point","coordinates":[-116.18229,43.567963]},"properties":{"id":"ora-id-279","name":"FederalWay & Gekeler","state":"ID","provider":"Idaho DOT","hls":null,"snapshot":"https://511.idaho.gov/map/Cctv/742","refreshMs":30000,"attribution":"Ora (Warner Varnado) · Idaho DOT"}},{"type":"Feature","geometry":{"type":"Point","coordinates":[-116.22358,43.632294]},"properties":{"id":"ora-id-280","name":"28th & State","state":"ID","provider":"Idaho DOT","hls":null,"snapshot":"https://511.idaho.gov/map/Cctv/743","refreshMs":30000,"attribution":"Ora (Warner Varnado) · Idaho DOT"}},{"type":"Feature","geometry":{"type":"Point","coordinates":[-116.20995,43.6233]},"properties":{"id":"ora-id-281","name":"16th & State","state":"ID","provider":"Idaho DOT","hls":null,"snapshot":"https://511.idaho.gov/map/Cctv/744","refreshMs":30000,"attribution":"Ora (Warner Varnado) · Idaho DOT"}},{"type":"Feature","geometry":{"type":"Point","coordinates":[-116.383,43.6956]},"properties":{"id":"ora-id-282","name":"SH-44 State & Urban Gate","state":"ID","provider":"Idaho DOT","hls":null,"snapshot":"https://511.idaho.gov/map/Cctv/745","refreshMs":30000,"attribution":"Ora (Warner Varnado) · Idaho DOT"}},{"type":"Feature","geometry":{"type":"Point","coordinates":[-116.414,43.6941]},"properties":{"id":"ora-id-283","name":"SH-44 State & Linder Rd","state":"ID","provider":"Idaho DOT","hls":null,"snapshot":"https://511.idaho.gov/map/Cctv/746","refreshMs":30000,"attribution":"Ora (Warner Varnado) · Idaho DOT"}},{"type":"Feature","geometry":{"type":"Point","coordinates":[-116.396,43.6954]},"properties":{"id":"ora-id-284","name":"SH-44 State & Fisher Park","state":"ID","provider":"Idaho DOT","hls":null,"snapshot":"https://511.idaho.gov/map/Cctv/747","refreshMs":30000,"attribution":"Ora (Warner Varnado) · Idaho DOT"}},{"type":"Feature","geometry":{"type":"Point","coordinates":[-116.202324,43.614883]},"properties":{"id":"ora-id-285","name":"Capitol & Main","state":"ID","provider":"Idaho DOT","hls":null,"snapshot":"https://511.idaho.gov/map/Cctv/748","refreshMs":30000,"attribution":"Ora (Warner Varnado) · Idaho DOT"}},{"type":"Feature","geometry":{"type":"Point","coordinates":[-116.468,43.6696]},"properties":{"id":"ora-id-286","name":"SH-16 & Boise River","state":"ID","provider":"Idaho DOT","hls":null,"snapshot":"https://511.idaho.gov/map/Cctv/749","refreshMs":30000,"attribution":"Ora (Warner Varnado) · Idaho DOT"}},{"type":"Feature","geometry":{"type":"Point","coordinates":[-116.46,43.6918]},"properties":{"id":"ora-id-287","name":"SH-44 & SH-16","state":"ID","provider":"Idaho DOT","hls":null,"snapshot":"https://511.idaho.gov/map/Cctv/750","refreshMs":30000,"attribution":"Ora (Warner Varnado) · Idaho DOT"}},{"type":"Feature","geometry":{"type":"Point","coordinates":[-116.472,43.663]},"properties":{"id":"ora-id-288","name":"US-20 Chinden & SH-16","state":"ID","provider":"Idaho DOT","hls":null,"snapshot":"https://511.idaho.gov/map/Cctv/751","refreshMs":30000,"attribution":"Ora (Warner Varnado) · Idaho DOT"}},{"type":"Feature","geometry":{"type":"Point","coordinates":[-116.334,43.6629]},"properties":{"id":"ora-id-289","name":"US-20 Chinden & Cloverdale Rd","state":"ID","provider":"Idaho DOT","hls":null,"snapshot":"https://511.idaho.gov/map/Cctv/752","refreshMs":30000,"attribution":"Ora (Warner Varnado) · Idaho DOT"}},{"type":"Feature","geometry":{"type":"Point","coordinates":[-116.317,43.6606]},"properties":{"id":"ora-id-290","name":"US-20 Chinden & Five Mile Rd","state":"ID","provider":"Idaho DOT","hls":null,"snapshot":"https://511.idaho.gov/map/Cctv/753","refreshMs":30000,"attribution":"Ora (Warner Varnado) · Idaho DOT"}},{"type":"Feature","geometry":{"type":"Point","coordinates":[-116.299,43.6561]},"properties":{"id":"ora-id-291","name":"US-20 Chinden & Maple Grove Rd","state":"ID","provider":"Idaho DOT","hls":null,"snapshot":"https://511.idaho.gov/map/Cctv/754","refreshMs":30000,"attribution":"Ora (Warner Varnado) · Idaho DOT"}},{"type":"Feature","geometry":{"type":"Point","coordinates":[-116.354324,43.682396]},"properties":{"id":"ora-id-292","name":"SH-55 Eagle & Island Woods","state":"ID","provider":"Idaho DOT","hls":null,"snapshot":"https://511.idaho.gov/map/Cctv/755","refreshMs":30000,"attribution":"Ora (Warner Varnado) · Idaho DOT"}},{"type":"Feature","geometry":{"type":"Point","coordinates":[-116.35454,43.671963]},"properties":{"id":"ora-id-293","name":"SH-55 Eagle & Colchester","state":"ID","provider":"Idaho DOT","hls":null,"snapshot":"https://511.idaho.gov/map/Cctv/756","refreshMs":30000,"attribution":"Ora (Warner Varnado) · Idaho DOT"}},{"type":"Feature","geometry":{"type":"Point","coordinates":[-116.35379,43.6878]},"properties":{"id":"ora-id-294","name":"SH-55 Eagle & Riverside Rivershore","state":"ID","provider":"Idaho DOT","hls":null,"snapshot":"https://511.idaho.gov/map/Cctv/757","refreshMs":30000,"attribution":"Ora (Warner Varnado) · Idaho DOT"}},{"type":"Feature","geometry":{"type":"Point","coordinates":[-116.334,43.6879]},"properties":{"id":"ora-id-295","name":"SH-44 & Edgewood Ln","state":"ID","provider":"Idaho DOT","hls":null,"snapshot":"https://511.idaho.gov/map/Cctv/758","refreshMs":30000,"attribution":"Ora (Warner Varnado) · Idaho DOT"}},{"type":"Feature","geometry":{"type":"Point","coordinates":[-116.314,43.6826]},"properties":{"id":"ora-id-296","name":"SH-44 State & Horseshoe Bend Rd","state":"ID","provider":"Idaho DOT","hls":null,"snapshot":"https://511.idaho.gov/map/Cctv/759","refreshMs":30000,"attribution":"Ora (Warner Varnado) · Idaho DOT"}},{"type":"Feature","geometry":{"type":"Point","coordinates":[-116.433495,43.60458]},"properties":{"id":"ora-id-297","name":"Franklin & TenMile","state":"ID","provider":"Idaho DOT","hls":null,"snapshot":"https://511.idaho.gov/map/Cctv/760","refreshMs":30000,"attribution":"Ora (Warner Varnado) · Idaho DOT"}},{"type":"Feature","geometry":{"type":"Point","coordinates":[-116.41344,43.604553]},"properties":{"id":"ora-id-298","name":"Franklin & Linder","state":"ID","provider":"Idaho DOT","hls":null,"snapshot":"https://511.idaho.gov/map/Cctv/761","refreshMs":30000,"attribution":"Ora (Warner Varnado) · Idaho DOT"}},{"type":"Feature","geometry":{"type":"Point","coordinates":[-116.20448,43.602757]},"properties":{"id":"ora-id-299","name":"University & Joyce","state":"ID","provider":"Idaho DOT","hls":null,"snapshot":"https://511.idaho.gov/map/Cctv/762","refreshMs":30000,"attribution":"Ora (Warner Varnado) · Idaho DOT"}},{"type":"Feature","geometry":{"type":"Point","coordinates":[-116.34668,43.61934]},"properties":{"id":"ora-id-300","name":"Fairview & Records","state":"ID","provider":"Idaho DOT","hls":null,"snapshot":"https://511.idaho.gov/map/Cctv/763","refreshMs":30000,"attribution":"Ora (Warner Varnado) · Idaho DOT"}},{"type":"Feature","geometry":{"type":"Point","coordinates":[-116.2022,43.598537]},"properties":{"id":"ora-id-301","name":"Lincoln & Beacon","state":"ID","provider":"Idaho DOT","hls":null,"snapshot":"https://511.idaho.gov/map/Cctv/764","refreshMs":30000,"attribution":"Ora (Warner Varnado) · Idaho DOT"}},{"type":"Feature","geometry":{"type":"Point","coordinates":[-116.16816,43.560158]},"properties":{"id":"ora-id-302","name":"FederalWay & Amity","state":"ID","provider":"Idaho DOT","hls":null,"snapshot":"https://511.idaho.gov/map/Cctv/765","refreshMs":30000,"attribution":"Ora (Warner Varnado) · Idaho DOT"}},{"type":"Feature","geometry":{"type":"Point","coordinates":[-116.280464,43.611946]},"properties":{"id":"ora-id-303","name":"Emerald & Rifleman","state":"ID","provider":"Idaho DOT","hls":null,"snapshot":"https://511.idaho.gov/map/Cctv/766","refreshMs":30000,"attribution":"Ora (Warner Varnado) · Idaho DOT"}},{"type":"Feature","geometry":{"type":"Point","coordinates":[-116.29388,43.611515]},"properties":{"id":"ora-id-304","name":"Emerald & MapleGrove","state":"ID","provider":"Idaho DOT","hls":null,"snapshot":"https://511.idaho.gov/map/Cctv/767","refreshMs":30000,"attribution":"Ora (Warner Varnado) · Idaho DOT"}},{"type":"Feature","geometry":{"type":"Point","coordinates":[-116.294,43.6755]},"properties":{"id":"ora-id-305","name":"SH-44 State & Bogart Ln","state":"ID","provider":"Idaho DOT","hls":null,"snapshot":"https://511.idaho.gov/map/Cctv/768","refreshMs":30000,"attribution":"Ora (Warner Varnado) · Idaho DOT"}},{"type":"Feature","geometry":{"type":"Point","coordinates":[-116.279465,43.66352]},"properties":{"id":"ora-id-306","name":"SH-44 Glenwood & Marigold","state":"ID","provider":"Idaho DOT","hls":null,"snapshot":"https://511.idaho.gov/map/Cctv/769","refreshMs":30000,"attribution":"Ora (Warner Varnado) · Idaho DOT"}},{"type":"Feature","geometry":{"type":"Point","coordinates":[-116.279594,43.65938]},"properties":{"id":"ora-id-307","name":"SH-44 Glenwood & Riverside","state":"ID","provider":"Idaho DOT","hls":null,"snapshot":"https://511.idaho.gov/map/Cctv/770","refreshMs":30000,"attribution":"Ora (Warner Varnado) · Idaho DOT"}},{"type":"Feature","geometry":{"type":"Point","coordinates":[-116.354744,43.626305]},"properties":{"id":"ora-id-308","name":"SH-55 Eagle & River Valley","state":"ID","provider":"Idaho DOT","hls":null,"snapshot":"https://511.idaho.gov/map/Cctv/771","refreshMs":30000,"attribution":"Ora (Warner Varnado) · Idaho DOT"}},{"type":"Feature","geometry":{"type":"Point","coordinates":[-116.30439,43.619625]},"properties":{"id":"ora-id-309","name":"Fairview & Mitchell","state":"ID","provider":"Idaho DOT","hls":null,"snapshot":"https://511.idaho.gov/map/Cctv/772","refreshMs":30000,"attribution":"Ora (Warner Varnado) · Idaho DOT"}},{"type":"Feature","geometry":{"type":"Point","coordinates":[-116.355,43.6123]},"properties":{"id":"ora-id-310","name":"SH-55 Eagle & Pine Ave","state":"ID","provider":"Idaho DOT","hls":null,"snapshot":"https://511.idaho.gov/map/Cctv/773","refreshMs":30000,"attribution":"Ora (Warner Varnado) · Idaho DOT"}},{"type":"Feature","geometry":{"type":"Point","coordinates":[-116.37478,43.633923]},"properties":{"id":"ora-id-311","name":"Ustick - Locust Grove","state":"ID","provider":"Idaho DOT","hls":null,"snapshot":"https://511.idaho.gov/map/Cctv/774","refreshMs":30000,"attribution":"Ora (Warner Varnado) · Idaho DOT"}},{"type":"Feature","geometry":{"type":"Point","coordinates":[-116.19216,43.614544]},"properties":{"id":"ora-id-312","name":"State & 1st & Fort","state":"ID","provider":"Idaho DOT","hls":null,"snapshot":"https://511.idaho.gov/map/Cctv/775","refreshMs":30000,"attribution":"Ora (Warner Varnado) · Idaho DOT"}},{"type":"Feature","geometry":{"type":"Point","coordinates":[-116.241,43.6239]},"properties":{"id":"ora-id-313","name":"US-20 Chinden & Orchard St","state":"ID","provider":"Idaho DOT","hls":null,"snapshot":"https://511.idaho.gov/map/Cctv/776","refreshMs":30000,"attribution":"Ora (Warner Varnado) · Idaho DOT"}},{"type":"Feature","geometry":{"type":"Point","coordinates":[-116.212,43.6162]},"properties":{"id":"ora-id-314","name":"US-20 Chinden & 13th St","state":"ID","provider":"Idaho DOT","hls":null,"snapshot":"https://511.idaho.gov/map/Cctv/777","refreshMs":30000,"attribution":"Ora (Warner Varnado) · Idaho DOT"}},{"type":"Feature","geometry":{"type":"Point","coordinates":[-116.243706,43.60252]},"properties":{"id":"ora-id-315","name":"Orchard & Franklin","state":"ID","provider":"Idaho DOT","hls":null,"snapshot":"https://511.idaho.gov/map/Cctv/778","refreshMs":30000,"attribution":"Ora (Warner Varnado) · Idaho DOT"}},{"type":"Feature","geometry":{"type":"Point","coordinates":[-116.27803,43.643993]},"properties":{"id":"ora-id-316","name":"Glenwood & Goddard Mountain View Drive","state":"ID","provider":"Idaho DOT","hls":null,"snapshot":"https://511.idaho.gov/map/Cctv/779","refreshMs":30000,"attribution":"Ora (Warner Varnado) · Idaho DOT"}},{"type":"Feature","geometry":{"type":"Point","coordinates":[-116.3743,43.612255]},"properties":{"id":"ora-id-317","name":"Locust Grove & Pine","state":"ID","provider":"Idaho DOT","hls":null,"snapshot":"https://511.idaho.gov/map/Cctv/780","refreshMs":30000,"attribution":"Ora (Warner Varnado) · Idaho DOT"}},{"type":"Feature","geometry":{"type":"Point","coordinates":[-116.31397,43.575584]},"properties":{"id":"ora-id-318","name":"Victory & Five Mile","state":"ID","provider":"Idaho DOT","hls":null,"snapshot":"https://511.idaho.gov/map/Cctv/781","refreshMs":30000,"attribution":"Ora (Warner Varnado) · Idaho DOT"}},{"type":"Feature","geometry":{"type":"Point","coordinates":[-116.29399,43.63407]},"properties":{"id":"ora-id-319","name":"Ustick & Maple Grove","state":"ID","provider":"Idaho DOT","hls":null,"snapshot":"https://511.idaho.gov/map/Cctv/782","refreshMs":30000,"attribution":"Ora (Warner Varnado) · Idaho DOT"}},{"type":"Feature","geometry":{"type":"Point","coordinates":[-116.18712,43.598576]},"properties":{"id":"ora-id-320","name":"Parkcenter & Beacon","state":"ID","provider":"Idaho DOT","hls":null,"snapshot":"https://511.idaho.gov/map/Cctv/783","refreshMs":30000,"attribution":"Ora (Warner Varnado) · Idaho DOT"}},{"type":"Feature","geometry":{"type":"Point","coordinates":[-116.22408,43.621918]},"properties":{"id":"ora-id-321","name":"27th & Main","state":"ID","provider":"Idaho DOT","hls":null,"snapshot":"https://511.idaho.gov/map/Cctv/784","refreshMs":30000,"attribution":"Ora (Warner Varnado) · Idaho DOT"}},{"type":"Feature","geometry":{"type":"Point","coordinates":[-116.31418,43.61014]},"properties":{"id":"ora-id-322","name":"Five Mile & Executive","state":"ID","provider":"Idaho DOT","hls":null,"snapshot":"https://511.idaho.gov/map/Cctv/785","refreshMs":30000,"attribution":"Ora (Warner Varnado) · Idaho DOT"}},{"type":"Feature","geometry":{"type":"Point","coordinates":[-116.3935,43.599213]},"properties":{"id":"ora-id-323","name":"Meridian & Corporate","state":"ID","provider":"Idaho DOT","hls":null,"snapshot":"https://511.idaho.gov/map/Cctv/786","refreshMs":30000,"attribution":"Ora (Warner Varnado) · Idaho DOT"}},{"type":"Feature","geometry":{"type":"Point","coordinates":[-116.2827,43.607735]},"properties":{"id":"ora-id-324","name":"Milwaukee & Westpark","state":"ID","provider":"Idaho DOT","hls":null,"snapshot":"https://511.idaho.gov/map/Cctv/787","refreshMs":30000,"attribution":"Ora (Warner Varnado) · Idaho DOT"}},{"type":"Feature","geometry":{"type":"Point","coordinates":[-116.267,43.6423]},"properties":{"id":"ora-id-325","name":"US-20 Chinden & 50th St","state":"ID","provider":"Idaho DOT","hls":null,"snapshot":"https://511.idaho.gov/map/Cctv/788","refreshMs":30000,"attribution":"Ora (Warner Varnado) · Idaho DOT"}},{"type":"Feature","geometry":{"type":"Point","coordinates":[-116.20718,43.62076]},"properties":{"id":"ora-id-326","name":"13th & Jefferson","state":"ID","provider":"Idaho DOT","hls":null,"snapshot":"https://511.idaho.gov/map/Cctv/789","refreshMs":30000,"attribution":"Ora (Warner Varnado) · Idaho DOT"}},{"type":"Feature","geometry":{"type":"Point","coordinates":[-116.16275,43.54219]},"properties":{"id":"ora-id-327","name":"I-84 & Gowen","state":"ID","provider":"Idaho DOT","hls":null,"snapshot":"https://511.idaho.gov/map/Cctv/790","refreshMs":30000,"attribution":"Ora (Warner Varnado) · Idaho DOT"}},{"type":"Feature","geometry":{"type":"Point","coordinates":[-116.161,43.5421]},"properties":{"id":"ora-id-328","name":"I-84 & SH-21","state":"ID","provider":"Idaho DOT","hls":null,"snapshot":"https://511.idaho.gov/map/Cctv/791","refreshMs":30000,"attribution":"Ora (Warner Varnado) · Idaho DOT"}},{"type":"Feature","geometry":{"type":"Point","coordinates":[-116.414,43.4906]},"properties":{"id":"ora-id-329","name":"SH-69 Main & 3rd Linder Roundabout","state":"ID","provider":"Idaho DOT","hls":null,"snapshot":"https://511.idaho.gov/map/Cctv/792","refreshMs":30000,"attribution":"Ora (Warner Varnado) · Idaho DOT"}},{"type":"Feature","geometry":{"type":"Point","coordinates":[-116.23325,43.65566]},"properties":{"id":"ora-id-330","name":"26th & Hill Rd","state":"ID","provider":"Idaho DOT","hls":null,"snapshot":"https://511.idaho.gov/map/Cctv/793","refreshMs":30000,"attribution":"Ora (Warner Varnado) · Idaho DOT"}},{"type":"Feature","geometry":{"type":"Point","coordinates":[-116.42361,43.663006]},"properties":{"id":"ora-id-331","name":"US-20 Chinden Long Lake","state":"ID","provider":"Idaho DOT","hls":null,"snapshot":"https://511.idaho.gov/map/Cctv/794","refreshMs":30000,"attribution":"Ora (Warner Varnado) · Idaho DOT"}},{"type":"Feature","geometry":{"type":"Point","coordinates":[-116.35417,43.69528]},"properties":{"id":"ora-id-332","name":"Eagle & State","state":"ID","provider":"Idaho DOT","hls":null,"snapshot":"https://511.idaho.gov/map/Cctv/795","refreshMs":30000,"attribution":"Ora (Warner Varnado) · Idaho DOT"}},{"type":"Feature","geometry":{"type":"Point","coordinates":[-116.4338,43.648586]},"properties":{"id":"ora-id-333","name":"Ten Mile & McMillan","state":"ID","provider":"Idaho DOT","hls":null,"snapshot":"https://511.idaho.gov/map/Cctv/796","refreshMs":30000,"attribution":"Ora (Warner Varnado) · Idaho DOT"}},{"type":"Feature","geometry":{"type":"Point","coordinates":[-116.2538,43.58999]},"properties":{"id":"ora-id-334","name":"Overland & Curtis","state":"ID","provider":"Idaho DOT","hls":null,"snapshot":"https://511.idaho.gov/map/Cctv/797","refreshMs":30000,"attribution":"Ora (Warner Varnado) · Idaho DOT"}},{"type":"Feature","geometry":{"type":"Point","coordinates":[-116.433556,43.63416]},"properties":{"id":"ora-id-335","name":"Ten Mile & Ustick","state":"ID","provider":"Idaho DOT","hls":null,"snapshot":"https://511.idaho.gov/map/Cctv/798","refreshMs":30000,"attribution":"Ora (Warner Varnado) · Idaho DOT"}},{"type":"Feature","geometry":{"type":"Point","coordinates":[-116.434,43.6629]},"properties":{"id":"ora-id-336","name":"US-20 Chinden & Ten Mile","state":"ID","provider":"Idaho DOT","hls":null,"snapshot":"https://511.idaho.gov/map/Cctv/799","refreshMs":30000,"attribution":"Ora (Warner Varnado) · Idaho DOT"}},{"type":"Feature","geometry":{"type":"Point","coordinates":[-116.33422,43.648636]},"properties":{"id":"ora-id-337","name":"Cloverdale & McMillan","state":"ID","provider":"Idaho DOT","hls":null,"snapshot":"https://511.idaho.gov/map/Cctv/800","refreshMs":30000,"attribution":"Ora (Warner Varnado) · Idaho DOT"}},{"type":"Feature","geometry":{"type":"Point","coordinates":[-116.35422,43.575863]},"properties":{"id":"ora-id-338","name":"Eagle & Victory","state":"ID","provider":"Idaho DOT","hls":null,"snapshot":"https://511.idaho.gov/map/Cctv/801","refreshMs":30000,"attribution":"Ora (Warner Varnado) · Idaho DOT"}},{"type":"Feature","geometry":{"type":"Point","coordinates":[-116.23321,43.55454]},"properties":{"id":"ora-id-339","name":"Gowen & Pleasant Valley","state":"ID","provider":"Idaho DOT","hls":null,"snapshot":"https://511.idaho.gov/map/Cctv/802","refreshMs":30000,"attribution":"Ora (Warner Varnado) · Idaho DOT"}},{"type":"Feature","geometry":{"type":"Point","coordinates":[-116.246445,43.63385]},"properties":{"id":"ora-id-340","name":"Veterans Memorial Parkway & Adams","state":"ID","provider":"Idaho DOT","hls":null,"snapshot":"https://511.idaho.gov/map/Cctv/803","refreshMs":30000,"attribution":"Ora (Warner Varnado) · Idaho DOT"}},{"type":"Feature","geometry":{"type":"Point","coordinates":[-116.24329,43.615353]},"properties":{"id":"ora-id-341","name":"Orchard & Irving","state":"ID","provider":"Idaho DOT","hls":null,"snapshot":"https://511.idaho.gov/map/Cctv/804","refreshMs":30000,"attribution":"Ora (Warner Varnado) · Idaho DOT"}},{"type":"Feature","geometry":{"type":"Point","coordinates":[-116.21989,43.61693]},"properties":{"id":"ora-id-342","name":"Americana & Shoreline","state":"ID","provider":"Idaho DOT","hls":null,"snapshot":"https://511.idaho.gov/map/Cctv/805","refreshMs":30000,"attribution":"Ora (Warner Varnado) · Idaho DOT"}},{"type":"Feature","geometry":{"type":"Point","coordinates":[-116.25349,43.603436]},"properties":{"id":"ora-id-343","name":"Franklin & Curtis","state":"ID","provider":"Idaho DOT","hls":null,"snapshot":"https://511.idaho.gov/map/Cctv/806","refreshMs":30000,"attribution":"Ora (Warner Varnado) · Idaho DOT"}},{"type":"Feature","geometry":{"type":"Point","coordinates":[-116.374344,43.648495]},"properties":{"id":"ora-id-344","name":"Locust Grove & McMillan","state":"ID","provider":"Idaho DOT","hls":null,"snapshot":"https://511.idaho.gov/map/Cctv/807","refreshMs":30000,"attribution":"Ora (Warner Varnado) · Idaho DOT"}},{"type":"Feature","geometry":{"type":"Point","coordinates":[-116.39342,43.648434]},"properties":{"id":"ora-id-345","name":"Meridian & McMillan","state":"ID","provider":"Idaho DOT","hls":null,"snapshot":"https://511.idaho.gov/map/Cctv/808","refreshMs":30000,"attribution":"Ora (Warner Varnado) · Idaho DOT"}},{"type":"Feature","geometry":{"type":"Point","coordinates":[-116.414024,43.64851]},"properties":{"id":"ora-id-346","name":"Linder & McMillian","state":"ID","provider":"Idaho DOT","hls":null,"snapshot":"https://511.idaho.gov/map/Cctv/809","refreshMs":30000,"attribution":"Ora (Warner Varnado) · Idaho DOT"}},{"type":"Feature","geometry":{"type":"Point","coordinates":[-116.355,43.6011]},"properties":{"id":"ora-id-347","name":"SH-55 Eagle & St. Lukes","state":"ID","provider":"Idaho DOT","hls":null,"snapshot":"https://511.idaho.gov/map/Cctv/810","refreshMs":30000,"attribution":"Ora (Warner Varnado) · Idaho DOT"}},{"type":"Feature","geometry":{"type":"Point","coordinates":[-116.45341,43.60462]},"properties":{"id":"ora-id-348","name":"Franklin & Black Cat","state":"ID","provider":"Idaho DOT","hls":null,"snapshot":"https://511.idaho.gov/map/Cctv/811","refreshMs":30000,"attribution":"Ora (Warner Varnado) · Idaho DOT"}},{"type":"Feature","geometry":{"type":"Point","coordinates":[-116.39336,43.63362]},"properties":{"id":"ora-id-349","name":"Meridian & Ustick","state":"ID","provider":"Idaho DOT","hls":null,"snapshot":"https://511.idaho.gov/map/Cctv/812","refreshMs":30000,"attribution":"Ora (Warner Varnado) · Idaho DOT"}},{"type":"Feature","geometry":{"type":"Point","coordinates":[-116.22777,43.621845]},"properties":{"id":"ora-id-350","name":"Main & Whitewater","state":"ID","provider":"Idaho DOT","hls":null,"snapshot":"https://511.idaho.gov/map/Cctv/813","refreshMs":30000,"attribution":"Ora (Warner Varnado) · Idaho DOT"}},{"type":"Feature","geometry":{"type":"Point","coordinates":[-116.19064,43.612675]},"properties":{"id":"ora-id-351","name":"Avenue B & Jerfferson","state":"ID","provider":"Idaho DOT","hls":null,"snapshot":"https://511.idaho.gov/map/Cctv/814","refreshMs":30000,"attribution":"Ora (Warner Varnado) · Idaho DOT"}},{"type":"Feature","geometry":{"type":"Point","coordinates":[-116.24313,43.55715]},"properties":{"id":"ora-id-352","name":"Orchard & Harvard","state":"ID","provider":"Idaho DOT","hls":null,"snapshot":"https://511.idaho.gov/map/Cctv/815","refreshMs":30000,"attribution":"Ora (Warner Varnado) · Idaho DOT"}},{"type":"Feature","geometry":{"type":"Point","coordinates":[-116.22833,43.611507]},"properties":{"id":"ora-id-353","name":"Americana & Latah","state":"ID","provider":"Idaho DOT","hls":null,"snapshot":"https://511.idaho.gov/map/Cctv/816","refreshMs":30000,"attribution":"Ora (Warner Varnado) · Idaho DOT"}},{"type":"Feature","geometry":{"type":"Point","coordinates":[-116.394,43.5464]},"properties":{"id":"ora-id-354","name":"SH-69 & Lake Hazel Rd","state":"ID","provider":"Idaho DOT","hls":null,"snapshot":"https://511.idaho.gov/map/Cctv/817","refreshMs":30000,"attribution":"Ora (Warner Varnado) · Idaho DOT"}},{"type":"Feature","geometry":{"type":"Point","coordinates":[-116.394,43.5173]},"properties":{"id":"ora-id-355","name":"SH-69 & Hubbard Rd","state":"ID","provider":"Idaho DOT","hls":null,"snapshot":"https://511.idaho.gov/map/Cctv/818","refreshMs":30000,"attribution":"Ora (Warner Varnado) · Idaho DOT"}},{"type":"Feature","geometry":{"type":"Point","coordinates":[-116.34951,43.633987]},"properties":{"id":"ora-id-356","name":"Ustick & Records","state":"ID","provider":"Idaho DOT","hls":null,"snapshot":"https://511.idaho.gov/map/Cctv/819","refreshMs":30000,"attribution":"Ora (Warner Varnado) · Idaho DOT"}},{"type":"Feature","geometry":{"type":"Point","coordinates":[-116.41392,43.63373]},"properties":{"id":"ora-id-357","name":"Ustick & Linder","state":"ID","provider":"Idaho DOT","hls":null,"snapshot":"https://511.idaho.gov/map/Cctv/820","refreshMs":30000,"attribution":"Ora (Warner Varnado) · Idaho DOT"}},{"type":"Feature","geometry":{"type":"Point","coordinates":[-116.33423,43.611336]},"properties":{"id":"ora-id-358","name":"Pine & Cloverdale","state":"ID","provider":"Idaho DOT","hls":null,"snapshot":"https://511.idaho.gov/map/Cctv/821","refreshMs":30000,"attribution":"Ora (Warner Varnado) · Idaho DOT"}},{"type":"Feature","geometry":{"type":"Point","coordinates":[-116.314445,43.648582]},"properties":{"id":"ora-id-359","name":"Five Mile & McMillian","state":"ID","provider":"Idaho DOT","hls":null,"snapshot":"https://511.idaho.gov/map/Cctv/822","refreshMs":30000,"attribution":"Ora (Warner Varnado) · Idaho DOT"}},{"type":"Feature","geometry":{"type":"Point","coordinates":[-116.29441,43.575512]},"properties":{"id":"ora-id-360","name":"Victory & Maple Grove","state":"ID","provider":"Idaho DOT","hls":null,"snapshot":"https://511.idaho.gov/map/Cctv/823","refreshMs":30000,"attribution":"Ora (Warner Varnado) · Idaho DOT"}},{"type":"Feature","geometry":{"type":"Point","coordinates":[-116.33418,43.57559]},"properties":{"id":"ora-id-361","name":"Victory & Cloverdale","state":"ID","provider":"Idaho DOT","hls":null,"snapshot":"https://511.idaho.gov/map/Cctv/824","refreshMs":30000,"attribution":"Ora (Warner Varnado) · Idaho DOT"}},{"type":"Feature","geometry":{"type":"Point","coordinates":[-116.39343,43.612072]},"properties":{"id":"ora-id-362","name":"Meridian & Pine","state":"ID","provider":"Idaho DOT","hls":null,"snapshot":"https://511.idaho.gov/map/Cctv/825","refreshMs":30000,"attribution":"Ora (Warner Varnado) · Idaho DOT"}},{"type":"Feature","geometry":{"type":"Point","coordinates":[-116.319,43.7065]},"properties":{"id":"ora-id-363","name":"SH-55 & Floating Feather","state":"ID","provider":"Idaho DOT","hls":null,"snapshot":"https://511.idaho.gov/map/Cctv/826","refreshMs":30000,"attribution":"Ora (Warner Varnado) · Idaho DOT"}},{"type":"Feature","geometry":{"type":"Point","coordinates":[-116.27446,43.626537]},"properties":{"id":"ora-id-364","name":"Cole & Northview","state":"ID","provider":"Idaho DOT","hls":null,"snapshot":"https://511.idaho.gov/map/Cctv/827","refreshMs":30000,"attribution":"Ora (Warner Varnado) · Idaho DOT"}},{"type":"Feature","geometry":{"type":"Point","coordinates":[-116.253174,43.62627]},"properties":{"id":"ora-id-365","name":"Curtis & Northview","state":"ID","provider":"Idaho DOT","hls":null,"snapshot":"https://511.idaho.gov/map/Cctv/828","refreshMs":30000,"attribution":"Ora (Warner Varnado) · Idaho DOT"}},{"type":"Feature","geometry":{"type":"Point","coordinates":[-116.45375,43.619225]},"properties":{"id":"ora-id-366","name":"Cherry & Black Cat","state":"ID","provider":"Idaho DOT","hls":null,"snapshot":"https://511.idaho.gov/map/Cctv/829","refreshMs":30000,"attribution":"Ora (Warner Varnado) · Idaho DOT"}},{"type":"Feature","geometry":{"type":"Point","coordinates":[-116.2942,43.648483]},"properties":{"id":"ora-id-367","name":"McMillian & Maple Grove","state":"ID","provider":"Idaho DOT","hls":null,"snapshot":"https://511.idaho.gov/map/Cctv/830","refreshMs":30000,"attribution":"Ora (Warner Varnado) · Idaho DOT"}},{"type":"Feature","geometry":{"type":"Point","coordinates":[-116.27442,43.598]},"properties":{"id":"ora-id-368","name":"Cole & McMullen","state":"ID","provider":"Idaho DOT","hls":null,"snapshot":"https://511.idaho.gov/map/Cctv/831","refreshMs":30000,"attribution":"Ora (Warner Varnado) · Idaho DOT"}},{"type":"Feature","geometry":{"type":"Point","coordinates":[-116.41387,43.611855]},"properties":{"id":"ora-id-369","name":"Linder & Pine","state":"ID","provider":"Idaho DOT","hls":null,"snapshot":"https://511.idaho.gov/map/Cctv/832","refreshMs":30000,"attribution":"Ora (Warner Varnado) · Idaho DOT"}},{"type":"Feature","geometry":{"type":"Point","coordinates":[-116.43347,43.612137]},"properties":{"id":"ora-id-370","name":"Pine & Ten Mile","state":"ID","provider":"Idaho DOT","hls":null,"snapshot":"https://511.idaho.gov/map/Cctv/834","refreshMs":30000,"attribution":"Ora (Warner Varnado) · Idaho DOT"}},{"type":"Feature","geometry":{"type":"Point","coordinates":[-116.443436,43.66282]},"properties":{"id":"ora-id-371","name":"US-20 Chinden & Tree Farm","state":"ID","provider":"Idaho DOT","hls":null,"snapshot":"https://511.idaho.gov/map/Cctv/835","refreshMs":30000,"attribution":"Ora (Warner Varnado) · Idaho DOT"}},{"type":"Feature","geometry":{"type":"Point","coordinates":[-116.454,43.663]},"properties":{"id":"ora-id-372","name":"US-20 Chinden & Black Cat Rd","state":"ID","provider":"Idaho DOT","hls":null,"snapshot":"https://511.idaho.gov/map/Cctv/836","refreshMs":30000,"attribution":"Ora (Warner Varnado) · Idaho DOT"}},{"type":"Feature","geometry":{"type":"Point","coordinates":[-116.41347,43.590313]},"properties":{"id":"ora-id-373","name":"Overland & Linder","state":"ID","provider":"Idaho DOT","hls":null,"snapshot":"https://511.idaho.gov/map/Cctv/837","refreshMs":30000,"attribution":"Ora (Warner Varnado) · Idaho DOT"}},{"type":"Feature","geometry":{"type":"Point","coordinates":[-116.35426,43.561848]},"properties":{"id":"ora-id-374","name":"Eagle Rd & Amity Roundabout","state":"ID","provider":"Idaho DOT","hls":null,"snapshot":"https://511.idaho.gov/map/Cctv/838","refreshMs":30000,"attribution":"Ora (Warner Varnado) · Idaho DOT"}},{"type":"Feature","geometry":{"type":"Point","coordinates":[-116.21827,43.620728]},"properties":{"id":"ora-id-375","name":"Fairview & 23rd","state":"ID","provider":"Idaho DOT","hls":null,"snapshot":"https://511.idaho.gov/map/Cctv/839","refreshMs":30000,"attribution":"Ora (Warner Varnado) · Idaho DOT"}},{"type":"Feature","geometry":{"type":"Point","coordinates":[-116.43408,43.575916]},"properties":{"id":"ora-id-376","name":"Victory & Ten Mile","state":"ID","provider":"Idaho DOT","hls":null,"snapshot":"https://511.idaho.gov/map/Cctv/840","refreshMs":30000,"attribution":"Ora (Warner Varnado) · Idaho DOT"}},{"type":"Feature","geometry":{"type":"Point","coordinates":[-116.43361,43.585117]},"properties":{"id":"ora-id-377","name":"Overland & Ten Mile","state":"ID","provider":"Idaho DOT","hls":null,"snapshot":"https://511.idaho.gov/map/Cctv/841","refreshMs":30000,"attribution":"Ora (Warner Varnado) · Idaho DOT"}},{"type":"Feature","geometry":{"type":"Point","coordinates":[-116.228775,43.589912]},"properties":{"id":"ora-id-378","name":"Overland & Latah","state":"ID","provider":"Idaho DOT","hls":null,"snapshot":"https://511.idaho.gov/map/Cctv/842","refreshMs":30000,"attribution":"Ora (Warner Varnado) · Idaho DOT"}},{"type":"Feature","geometry":{"type":"Point","coordinates":[-116.20551,43.618805]},"properties":{"id":"ora-id-379","name":"11th & Bannock","state":"ID","provider":"Idaho DOT","hls":null,"snapshot":"https://511.idaho.gov/map/Cctv/843","refreshMs":30000,"attribution":"Ora (Warner Varnado) · Idaho DOT"}},{"type":"Feature","geometry":{"type":"Point","coordinates":[-116.19784,43.616253]},"properties":{"id":"ora-id-380","name":"5th & Jefferson","state":"ID","provider":"Idaho DOT","hls":null,"snapshot":"https://511.idaho.gov/map/Cctv/844","refreshMs":30000,"attribution":"Ora (Warner Varnado) · Idaho DOT"}},{"type":"Feature","geometry":{"type":"Point","coordinates":[-116.209076,43.61122]},"properties":{"id":"ora-id-381","name":"9th & River","state":"ID","provider":"Idaho DOT","hls":null,"snapshot":"https://511.idaho.gov/map/Cctv/845","refreshMs":30000,"attribution":"Ora (Warner Varnado) · Idaho DOT"}},{"type":"Feature","geometry":{"type":"Point","coordinates":[-116.21624,43.61688]},"properties":{"id":"ora-id-382","name":"15th & River","state":"ID","provider":"Idaho DOT","hls":null,"snapshot":"https://511.idaho.gov/map/Cctv/846","refreshMs":30000,"attribution":"Ora (Warner Varnado) · Idaho DOT"}},{"type":"Feature","geometry":{"type":"Point","coordinates":[-116.19959,43.610725]},"properties":{"id":"ora-id-383","name":"US-20 Front & 3rd","state":"ID","provider":"Idaho DOT","hls":null,"snapshot":"https://511.idaho.gov/map/Cctv/847","refreshMs":30000,"attribution":"Ora (Warner Varnado) · Idaho DOT"}},{"type":"Feature","geometry":{"type":"Point","coordinates":[-116.1976,43.61251]},"properties":{"id":"ora-id-384","name":"Main & 3rd","state":"ID","provider":"Idaho DOT","hls":null,"snapshot":"https://511.idaho.gov/map/Cctv/848","refreshMs":30000,"attribution":"Ora (Warner Varnado) · Idaho DOT"}},{"type":"Feature","geometry":{"type":"Point","coordinates":[-116.19842,43.617462]},"properties":{"id":"ora-id-385","name":"State & 6th","state":"ID","provider":"Idaho DOT","hls":null,"snapshot":"https://511.idaho.gov/map/Cctv/849","refreshMs":30000,"attribution":"Ora (Warner Varnado) · Idaho DOT"}},{"type":"Feature","geometry":{"type":"Point","coordinates":[-111.918,42.6296]},"properties":{"id":"ora-id-386","name":"US-30 Fish Creek Summit","state":"ID","provider":"Idaho DOT","hls":null,"snapshot":"https://511.idaho.gov/map/Cctv/850","refreshMs":30000,"attribution":"Ora (Warner Varnado) · Idaho DOT"}},{"type":"Feature","geometry":{"type":"Point","coordinates":[-111.833,42.6494]},"properties":{"id":"ora-id-387","name":"US-30 Gem Valley","state":"ID","provider":"Idaho DOT","hls":null,"snapshot":"https://511.idaho.gov/map/Cctv/853","refreshMs":30000,"attribution":"Ora (Warner Varnado) · Idaho DOT"}},{"type":"Feature","geometry":{"type":"Point","coordinates":[-112.21,42.6573]},"properties":{"id":"ora-id-388","name":"I-15 McMcammon","state":"ID","provider":"Idaho DOT","hls":null,"snapshot":"https://511.idaho.gov/map/Cctv/856","refreshMs":30000,"attribution":"Ora (Warner Varnado) · Idaho DOT"}},{"type":"Feature","geometry":{"type":"Point","coordinates":[-114.441,42.7313]},"properties":{"id":"ora-id-389","name":"US-93 Jerome Butte","state":"ID","provider":"Idaho DOT","hls":null,"snapshot":"https://511.idaho.gov/map/Cctv/859","refreshMs":30000,"attribution":"Ora (Warner Varnado) · Idaho DOT"}},{"type":"Feature","geometry":{"type":"Point","coordinates":[-111.554,42.8264]},"properties":{"id":"ora-id-390","name":"SH-34 Blackfoot River Bridge","state":"ID","provider":"Idaho DOT","hls":null,"snapshot":"https://511.idaho.gov/map/Cctv/862","refreshMs":30000,"attribution":"Ora (Warner Varnado) · Idaho DOT"}},{"type":"Feature","geometry":{"type":"Point","coordinates":[-114.817,42.837]},"properties":{"id":"ora-id-391","name":"I-84 Tuttle","state":"ID","provider":"Idaho DOT","hls":null,"snapshot":"https://511.idaho.gov/map/Cctv/865","refreshMs":30000,"attribution":"Ora (Warner Varnado) · Idaho DOT"}},{"type":"Feature","geometry":{"type":"Point","coordinates":[-112.664,42.8794]},"properties":{"id":"ora-id-392","name":"I-86 Arbon Valley","state":"ID","provider":"Idaho DOT","hls":null,"snapshot":"https://511.idaho.gov/map/Cctv/868","refreshMs":30000,"attribution":"Ora (Warner Varnado) · Idaho DOT"}},{"type":"Feature","geometry":{"type":"Point","coordinates":[-114.674,41.9743]},"properties":{"id":"ora-id-393","name":"Local Jackpot, NV","state":"ID","provider":"Idaho DOT","hls":null,"snapshot":"https://511.idaho.gov/map/Cctv/871","refreshMs":30000,"attribution":"Ora (Warner Varnado) · Idaho DOT"}},{"type":"Feature","geometry":{"type":"Point","coordinates":[-112.432,42.8898]},"properties":{"id":"ora-id-394","name":"I-15 Monte Vista","state":"ID","provider":"Idaho DOT","hls":null,"snapshot":"https://511.idaho.gov/map/Cctv/872","refreshMs":30000,"attribution":"Ora (Warner Varnado) · Idaho DOT"}},{"type":"Feature","geometry":{"type":"Point","coordinates":[-110.997,42.9066]},"properties":{"id":"ora-id-395","name":"Thayne, WY","state":"ID","provider":"Idaho DOT","hls":null,"snapshot":"https://511.idaho.gov/map/Cctv/875","refreshMs":30000,"attribution":"Ora (Warner Varnado) · Idaho DOT"}},{"type":"Feature","geometry":{"type":"Point","coordinates":[-115.267,42.9612]},"properties":{"id":"ora-id-396","name":"I-84 Glenns Ferry","state":"ID","provider":"Idaho DOT","hls":null,"snapshot":"https://511.idaho.gov/map/Cctv/880","refreshMs":30000,"attribution":"Ora (Warner Varnado) · Idaho DOT"}},{"type":"Feature","geometry":{"type":"Point","coordinates":[-117.0534,42.9797]},"properties":{"id":"ora-id-397","name":"US-95 Jordan Valley, OR","state":"ID","provider":"Idaho DOT","hls":null,"snapshot":"https://511.idaho.gov/map/Cctv/883","refreshMs":30000,"attribution":"Ora (Warner Varnado) · Idaho DOT"}},{"type":"Feature","geometry":{"type":"Point","coordinates":[-112.408,43.0256]},"properties":{"id":"ora-id-398","name":"I-15 Fort Hall","state":"ID","provider":"Idaho DOT","hls":null,"snapshot":"https://511.idaho.gov/map/Cctv/884","refreshMs":30000,"attribution":"Ora (Warner Varnado) · Idaho DOT"}},{"type":"Feature","geometry":{"type":"Point","coordinates":[-115.58,43.0481]},"properties":{"id":"ora-id-399","name":"I-84 Hammett Hill","state":"ID","provider":"Idaho DOT","hls":null,"snapshot":"https://511.idaho.gov/map/Cctv/886","refreshMs":30000,"attribution":"Ora (Warner Varnado) · Idaho DOT"}},{"type":"Feature","geometry":{"type":"Point","coordinates":[-112.778,43.0813]},"properties":{"id":"ora-id-400","name":"SH-39 Sterling","state":"ID","provider":"Idaho DOT","hls":null,"snapshot":"https://511.idaho.gov/map/Cctv/889","refreshMs":30000,"attribution":"Ora (Warner Varnado) · Idaho DOT"}},{"type":"Feature","geometry":{"type":"Point","coordinates":[-114.371,43.0962]},"properties":{"id":"ora-id-401","name":"SH-75 Kinsey Butte","state":"ID","provider":"Idaho DOT","hls":null,"snapshot":"https://511.idaho.gov/map/Cctv/892","refreshMs":30000,"attribution":"Ora (Warner Varnado) · Idaho DOT"}},{"type":"Feature","geometry":{"type":"Point","coordinates":[-116.126,41.9879]},"properties":{"id":"ora-id-402","name":"Local Owyhee, NV","state":"ID","provider":"Idaho DOT","hls":null,"snapshot":"https://511.idaho.gov/map/Cctv/895","refreshMs":30000,"attribution":"Ora (Warner Varnado) · Idaho DOT"}},{"type":"Feature","geometry":{"type":"Point","coordinates":[-114.66,43.124]},"properties":{"id":"ora-id-403","name":"SH-46 Gwynn Ranch Hill","state":"ID","provider":"Idaho DOT","hls":null,"snapshot":"https://511.idaho.gov/map/Cctv/896","refreshMs":30000,"attribution":"Ora (Warner Varnado) · Idaho DOT"}},{"type":"Feature","geometry":{"type":"Point","coordinates":[-111.019,43.1722]},"properties":{"id":"ora-id-404","name":"Alpine Junction, WY","state":"ID","provider":"Idaho DOT","hls":null,"snapshot":"https://511.idaho.gov/map/Cctv/899","refreshMs":30000,"attribution":"Ora (Warner Varnado) · Idaho DOT"}},{"type":"Feature","geometry":{"type":"Point","coordinates":[-116.986,43.2945]},"properties":{"id":"ora-id-405","name":"US-95 Ion Summit","state":"ID","provider":"Idaho DOT","hls":null,"snapshot":"https://511.idaho.gov/map/Cctv/902","refreshMs":30000,"attribution":"Ora (Warner Varnado) · Idaho DOT"}},{"type":"Feature","geometry":{"type":"Point","coordinates":[-112.273,43.3]},"properties":{"id":"ora-id-406","name":"I-15 Blackfoot Rest Area","state":"ID","provider":"Idaho DOT","hls":null,"snapshot":"https://511.idaho.gov/map/Cctv/905","refreshMs":30000,"attribution":"Ora (Warner Varnado) · Idaho DOT"}},{"type":"Feature","geometry":{"type":"Point","coordinates":[-115.265,43.3137]},"properties":{"id":"ora-id-407","name":"US-20 Pine Turnoff","state":"ID","provider":"Idaho DOT","hls":null,"snapshot":"https://511.idaho.gov/map/Cctv/908","refreshMs":30000,"attribution":"Ora (Warner Varnado) · Idaho DOT"}},{"type":"Feature","geometry":{"type":"Point","coordinates":[-114.28,43.3253]},"properties":{"id":"ora-id-408","name":"SH-75 Timmerman Hill","state":"ID","provider":"Idaho DOT","hls":null,"snapshot":"https://511.idaho.gov/map/Cctv/911","refreshMs":30000,"attribution":"Ora (Warner Varnado) · Idaho DOT"}},{"type":"Feature","geometry":{"type":"Point","coordinates":[-116.79192,47.694332]},"properties":{"id":"ora-id-409","name":"US-95 Ironwood","state":"ID","provider":"Idaho DOT","hls":null,"snapshot":"https://511.idaho.gov/map/Cctv/1260","refreshMs":30000,"attribution":"Ora (Warner Varnado) · Idaho DOT"}},{"type":"Feature","geometry":{"type":"Point","coordinates":[-116.79196,47.70099]},"properties":{"id":"ora-id-410","name":"US-95 Appleway","state":"ID","provider":"Idaho DOT","hls":null,"snapshot":"https://511.idaho.gov/map/Cctv/1261","refreshMs":30000,"attribution":"Ora (Warner Varnado) · Idaho DOT"}},{"type":"Feature","geometry":{"type":"Point","coordinates":[-116.79195,47.71518]},"properties":{"id":"ora-id-411","name":"US-95 Kathleen","state":"ID","provider":"Idaho DOT","hls":null,"snapshot":"https://511.idaho.gov/map/Cctv/1262","refreshMs":30000,"attribution":"Ora (Warner Varnado) · Idaho DOT"}},{"type":"Feature","geometry":{"type":"Point","coordinates":[-116.79263,47.729725]},"properties":{"id":"ora-id-412","name":"US-95 Hanley","state":"ID","provider":"Idaho DOT","hls":null,"snapshot":"https://511.idaho.gov/map/Cctv/1263","refreshMs":30000,"attribution":"Ora (Warner Varnado) · Idaho DOT"}},{"type":"Feature","geometry":{"type":"Point","coordinates":[-116.792206,47.74425]},"properties":{"id":"ora-id-413","name":"US-95 Prairie","state":"ID","provider":"Idaho DOT","hls":null,"snapshot":"https://511.idaho.gov/map/Cctv/1264","refreshMs":30000,"attribution":"Ora (Warner Varnado) · Idaho DOT"}},{"type":"Feature","geometry":{"type":"Point","coordinates":[-111.198,43.3326]},"properties":{"id":"ora-id-414","name":"US-26 Palisades","state":"ID","provider":"Idaho DOT","hls":null,"snapshot":"https://511.idaho.gov/map/Cctv/919","refreshMs":30000,"attribution":"Ora (Warner Varnado) · Idaho DOT"}},{"type":"Feature","geometry":{"type":"Point","coordinates":[-116.7911,47.759274]},"properties":{"id":"ora-id-415","name":"US-95 Hayden","state":"ID","provider":"Idaho DOT","hls":null,"snapshot":"https://511.idaho.gov/map/Cctv/1265","refreshMs":30000,"attribution":"Ora (Warner Varnado) · Idaho DOT"}},{"type":"Feature","geometry":{"type":"Point","coordinates":[-116.790184,47.776276]},"properties":{"id":"ora-id-416","name":"US-95 Wyoming","state":"ID","provider":"Idaho DOT","hls":null,"snapshot":"https://511.idaho.gov/map/Cctv/1266","refreshMs":30000,"attribution":"Ora (Warner Varnado) · Idaho DOT"}},{"type":"Feature","geometry":{"type":"Point","coordinates":[-117.024414,46.732475]},"properties":{"id":"ora-id-417","name":"SH-8-Farm Perimeter","state":"ID","provider":"Idaho DOT","hls":null,"snapshot":"https://511.idaho.gov/map/Cctv/1267","refreshMs":30000,"attribution":"Ora (Warner Varnado) · Idaho DOT"}},{"type":"Feature","geometry":{"type":"Point","coordinates":[-117.0119,46.733273]},"properties":{"id":"ora-id-418","name":"SH-8 Line","state":"ID","provider":"Idaho DOT","hls":null,"snapshot":"https://511.idaho.gov/map/Cctv/1268","refreshMs":30000,"attribution":"Ora (Warner Varnado) · Idaho DOT"}},{"type":"Feature","geometry":{"type":"Point","coordinates":[-116.99998,46.725876]},"properties":{"id":"ora-id-419","name":"D2 US-95 344.8 SH-8 Troy Rd 2-3","state":"ID","provider":"Idaho DOT","hls":null,"snapshot":"https://511.idaho.gov/map/Cctv/1269","refreshMs":30000,"attribution":"Ora (Warner Varnado) · Idaho DOT"}},{"type":"Feature","geometry":{"type":"Point","coordinates":[-117.00312,46.715805]},"properties":{"id":"ora-id-420","name":"US-95 Palouse River","state":"ID","provider":"Idaho DOT","hls":null,"snapshot":"https://511.idaho.gov/map/Cctv/1270","refreshMs":30000,"attribution":"Ora (Warner Varnado) · Idaho DOT"}},{"type":"Feature","geometry":{"type":"Point","coordinates":[-116.99986,46.732327]},"properties":{"id":"ora-id-421","name":"US-95 N SH-8 Washington 3rd","state":"ID","provider":"Idaho DOT","hls":null,"snapshot":"https://511.idaho.gov/map/Cctv/1271","refreshMs":30000,"attribution":"Ora (Warner Varnado) · Idaho DOT"}},{"type":"Feature","geometry":{"type":"Point","coordinates":[-115.953,43.3445]},"properties":{"id":"ora-id-422","name":"I-84 Simco Rd","state":"ID","provider":"Idaho DOT","hls":null,"snapshot":"https://511.idaho.gov/map/Cctv/929","refreshMs":30000,"attribution":"Ora (Warner Varnado) · Idaho DOT"}},{"type":"Feature","geometry":{"type":"Point","coordinates":[-117.001656,46.73755]},"properties":{"id":"ora-id-423","name":"US-95 D Street","state":"ID","provider":"Idaho DOT","hls":null,"snapshot":"https://511.idaho.gov/map/Cctv/1272","refreshMs":30000,"attribution":"Ora (Warner Varnado) · Idaho DOT"}},{"type":"Feature","geometry":{"type":"Point","coordinates":[-112.642,43.3607]},"properties":{"id":"ora-id-424","name":"US-26 Tilden Flats","state":"ID","provider":"Idaho DOT","hls":null,"snapshot":"https://511.idaho.gov/map/Cctv/933","refreshMs":30000,"attribution":"Ora (Warner Varnado) · Idaho DOT"}},{"type":"Feature","geometry":{"type":"Point","coordinates":[-113.626,43.4056]},"properties":{"id":"ora-id-425","name":"US-93 Tom Cat Summit","state":"ID","provider":"Idaho DOT","hls":null,"snapshot":"https://511.idaho.gov/map/Cctv/936","refreshMs":30000,"attribution":"Ora (Warner Varnado) · Idaho DOT"}},{"type":"Feature","geometry":{"type":"Point","coordinates":[-113.191,41.9964]},"properties":{"id":"ora-id-426","name":"Local SR-42: Idaho State Line, UT","state":"ID","provider":"Idaho DOT","hls":null,"snapshot":"https://511.idaho.gov/map/Cctv/939","refreshMs":30000,"attribution":"Ora (Warner Varnado) · Idaho DOT"}},{"type":"Feature","geometry":{"type":"Point","coordinates":[-110.955,43.4973]},"properties":{"id":"ora-id-427","name":"Teton Pass, WY","state":"ID","provider":"Idaho DOT","hls":null,"snapshot":"https://511.idaho.gov/map/Cctv/941","refreshMs":30000,"attribution":"Ora (Warner Varnado) · Idaho DOT"}},{"type":"Feature","geometry":{"type":"Point","coordinates":[-112.056,43.5044]},"properties":{"id":"ora-id-428","name":"I-15 Idaho Falls","state":"ID","provider":"Idaho DOT","hls":null,"snapshot":"https://511.idaho.gov/map/Cctv/944","refreshMs":30000,"attribution":"Ora (Warner Varnado) · Idaho DOT"}},{"type":"Feature","geometry":{"type":"Point","coordinates":[-112.89,43.5064]},"properties":{"id":"ora-id-429","name":"US-20 INL Puzzle","state":"ID","provider":"Idaho DOT","hls":null,"snapshot":"https://511.idaho.gov/map/Cctv/948","refreshMs":30000,"attribution":"Ora (Warner Varnado) · Idaho DOT"}},{"type":"Feature","geometry":{"type":"Point","coordinates":[-116.142477,43.507819]},"properties":{"id":"ora-id-430","name":"I-84 Eisenman Interchange","state":"ID","provider":"Idaho DOT","hls":null,"snapshot":"https://511.idaho.gov/map/Cctv/951","refreshMs":30000,"attribution":"Ora (Warner Varnado) · Idaho DOT"}},{"type":"Feature","geometry":{"type":"Point","coordinates":[-111.5,43.5274]},"properties":{"id":"ora-id-431","name":"US-26 Antelope Flats","state":"ID","provider":"Idaho DOT","hls":null,"snapshot":"https://511.idaho.gov/map/Cctv/955","refreshMs":30000,"attribution":"Ora (Warner Varnado) · Idaho DOT"}},{"type":"Feature","geometry":{"type":"Point","coordinates":[-114.36592,43.681705]},"properties":{"id":"ora-id-432","name":"D4 SH-75 128.4 5th Street 4-1","state":"ID","provider":"Idaho DOT","hls":null,"snapshot":"https://511.idaho.gov/map/Cctv/1273","refreshMs":30000,"attribution":"Ora (Warner Varnado) · Idaho DOT"}},{"type":"Feature","geometry":{"type":"Point","coordinates":[-111.813,41.9989]},"properties":{"id":"ora-id-433","name":"US-91 ID/UT State Line, UT","state":"ID","provider":"Idaho DOT","hls":null,"snapshot":"https://511.idaho.gov/map/Cctv/962","refreshMs":30000,"attribution":"Ora (Warner Varnado) · Idaho DOT"}},{"type":"Feature","geometry":{"type":"Point","coordinates":[-111.045,43.5433]},"properties":{"id":"ora-id-434","name":"SH-33 WY/ID State Line","state":"ID","provider":"Idaho DOT","hls":null,"snapshot":"https://511.idaho.gov/map/Cctv/963","refreshMs":30000,"attribution":"Ora (Warner Varnado) · Idaho DOT"}},{"type":"Feature","geometry":{"type":"Point","coordinates":[-112.584,43.554]},"properties":{"id":"ora-id-435","name":"US-20 Telegraph Hill","state":"ID","provider":"Idaho DOT","hls":null,"snapshot":"https://511.idaho.gov/map/Cctv/969","refreshMs":30000,"attribution":"Ora (Warner Varnado) · Idaho DOT"}},{"type":"Feature","geometry":{"type":"Point","coordinates":[-112.418,43.5542]},"properties":{"id":"ora-id-436","name":"US-20 Kettle Butte","state":"ID","provider":"Idaho DOT","hls":null,"snapshot":"https://511.idaho.gov/map/Cctv/972","refreshMs":30000,"attribution":"Ora (Warner Varnado) · Idaho DOT"}},{"type":"Feature","geometry":{"type":"Point","coordinates":[-116.197,43.5662]},"properties":{"id":"ora-id-437","name":"I-84 Broadway","state":"ID","provider":"Idaho DOT","hls":null,"snapshot":"https://511.idaho.gov/map/Cctv/976","refreshMs":30000,"attribution":"Ora (Warner Varnado) · Idaho DOT"}},{"type":"Feature","geometry":{"type":"Point","coordinates":[-112.072,43.5698]},"properties":{"id":"ora-id-438","name":"I-15 Osgood/Payne","state":"ID","provider":"Idaho DOT","hls":null,"snapshot":"https://511.idaho.gov/map/Cctv/979","refreshMs":30000,"attribution":"Ora (Warner Varnado) · Idaho DOT"}},{"type":"Feature","geometry":{"type":"Point","coordinates":[-116.031,43.5701]},"properties":{"id":"ora-id-439","name":"SH-21 Highland Valley Summit","state":"ID","provider":"Idaho DOT","hls":null,"snapshot":"https://511.idaho.gov/map/Cctv/981","refreshMs":30000,"attribution":"Ora (Warner Varnado) · Idaho DOT"}},{"type":"Feature","geometry":{"type":"Point","coordinates":[-111.409,42.0008]},"properties":{"id":"ora-id-440","name":"US-89 Bear Lake, UT","state":"ID","provider":"Idaho DOT","hls":null,"snapshot":"https://511.idaho.gov/map/Cctv/986","refreshMs":30000,"attribution":"Ora (Warner Varnado) · Idaho DOT"}},{"type":"Feature","geometry":{"type":"Point","coordinates":[-111.215,43.5714]},"properties":{"id":"ora-id-441","name":"SH-31 Pine Creek","state":"ID","provider":"Idaho DOT","hls":null,"snapshot":"https://511.idaho.gov/map/Cctv/987","refreshMs":30000,"attribution":"Ora (Warner Varnado) · Idaho DOT"}},{"type":"Feature","geometry":{"type":"Point","coordinates":[-111.974,43.5829]},"properties":{"id":"ora-id-442","name":"US-20 Ucon","state":"ID","provider":"Idaho DOT","hls":null,"snapshot":"https://511.idaho.gov/map/Cctv/991","refreshMs":30000,"attribution":"Ora (Warner Varnado) · Idaho DOT"}},{"type":"Feature","geometry":{"type":"Point","coordinates":[-116.35498,43.59679]},"properties":{"id":"ora-id-443","name":"D3 I-84 46.0 SH-55 Eagle Road 546","state":"ID","provider":"Idaho DOT","hls":null,"snapshot":"https://511.idaho.gov/map/Cctv/1277","refreshMs":30000,"attribution":"Ora (Warner Varnado) · Idaho DOT"}},{"type":"Feature","geometry":{"type":"Point","coordinates":[-116.39,43.5933]},"properties":{"id":"ora-id-444","name":"I-84 Kuna/Meridian","state":"ID","provider":"Idaho DOT","hls":null,"snapshot":"https://511.idaho.gov/map/Cctv/998","refreshMs":30000,"attribution":"Ora (Warner Varnado) · Idaho DOT"}},{"type":"Feature","geometry":{"type":"Point","coordinates":[-117.74422,40.971237]},"properties":{"id":"ora-id-445","name":"Local I-80 Winnemucca","state":"ID","provider":"Idaho DOT","hls":null,"snapshot":"https://511.idaho.gov/map/Cctv/1029","refreshMs":30000,"attribution":"Ora (Warner Varnado) · Idaho DOT"}},{"type":"Feature","geometry":{"type":"Point","coordinates":[-114.04372,40.738085]},"properties":{"id":"ora-id-446","name":"Local I-80 & West Wendover","state":"ID","provider":"Idaho DOT","hls":null,"snapshot":"https://511.idaho.gov/map/Cctv/1030","refreshMs":30000,"attribution":"Ora (Warner Varnado) · Idaho DOT"}},{"type":"Feature","geometry":{"type":"Point","coordinates":[-114.806391,41.618956]},"properties":{"id":"ora-id-447","name":"Local US-93 O'Neil Basin - Henry","state":"ID","provider":"Idaho DOT","hls":null,"snapshot":"https://511.idaho.gov/map/Cctv/1033","refreshMs":30000,"attribution":"Ora (Warner Varnado) · Idaho DOT"}},{"type":"Feature","geometry":{"type":"Point","coordinates":[-115.87575,40.950328]},"properties":{"id":"ora-id-448","name":"Local SR-225, 4 Miles North of Adobe Summit","state":"ID","provider":"Idaho DOT","hls":null,"snapshot":"https://511.idaho.gov/map/Cctv/1034","refreshMs":30000,"attribution":"Ora (Warner Varnado) · Idaho DOT"}},{"type":"Feature","geometry":{"type":"Point","coordinates":[-114.908116,41.101656]},"properties":{"id":"ora-id-449","name":"Local I-80 Wells - Moor","state":"ID","provider":"Idaho DOT","hls":null,"snapshot":"https://511.idaho.gov/map/Cctv/1036","refreshMs":30000,"attribution":"Ora (Warner Varnado) · Idaho DOT"}},{"type":"Feature","geometry":{"type":"Point","coordinates":[-115.788216,40.83559]},"properties":{"id":"ora-id-450","name":"Local I-80 & SR225","state":"ID","provider":"Idaho DOT","hls":null,"snapshot":"https://511.idaho.gov/map/Cctv/1037","refreshMs":30000,"attribution":"Ora (Warner Varnado) · Idaho DOT"}},{"type":"Feature","geometry":{"type":"Point","coordinates":[-117.780589,41.393645]},"properties":{"id":"ora-id-451","name":"Local US-95 at SR-140 Paradise ","state":"ID","provider":"Idaho DOT","hls":null,"snapshot":"https://511.idaho.gov/map/Cctv/1038","refreshMs":30000,"attribution":"Ora (Warner Varnado) · Idaho DOT"}},{"type":"Feature","geometry":{"type":"Point","coordinates":[-116.114772,44.08459]},"properties":{"id":"ora-id-452","name":"SH-55 Banks at CH-17 Banks-Lowman Road","state":"ID","provider":"Idaho DOT","hls":null,"snapshot":"https://511.idaho.gov/map/Cctv/1307","refreshMs":30000,"attribution":"Ora (Warner Varnado) · Idaho DOT"}},{"type":"Feature","geometry":{"type":"Point","coordinates":[-116.27973,44.97111]},"properties":{"id":"ora-id-453","name":"SH-55 US-95 New Meadows","state":"ID","provider":"Idaho DOT","hls":null,"snapshot":"https://511.idaho.gov/map/Cctv/1310","refreshMs":30000,"attribution":"Ora (Warner Varnado) · Idaho DOT"}},{"type":"Feature","geometry":{"type":"Point","coordinates":[-116.028324,44.343536]},"properties":{"id":"ora-id-454","name":"SH-55 at Round Valley, Cascade","state":"ID","provider":"Idaho DOT","hls":null,"snapshot":"https://511.idaho.gov/map/Cctv/1311","refreshMs":30000,"attribution":"Ora (Warner Varnado) · Idaho DOT"}},{"type":"Feature","geometry":{"type":"Point","coordinates":[-116.52389,49.11869]},"properties":{"id":"ora-id-455","name":"Hwy 3, Creston, BC","state":"ID","provider":"Idaho DOT","hls":null,"snapshot":"https://511.idaho.gov/map/Cctv/1312","refreshMs":30000,"attribution":"Ora (Warner Varnado) · Idaho DOT"}},{"type":"Feature","geometry":{"type":"Point","coordinates":[-111.45642,44.067314]},"properties":{"id":"ora-id-456","name":"US-20 Ashton","state":"ID","provider":"Idaho DOT","hls":null,"snapshot":"https://511.idaho.gov/map/Cctv/1315","refreshMs":30000,"attribution":"Ora (Warner Varnado) · Idaho DOT"}}]}