{"type":"FeatureCollection","features":[{"type":"Feature","geometry":{"type":"Point","coordinates":[-93.630833,32.538889]},"properties":{"id":"ora-la-0","name":"I-20 at I-220 Off Ramp","state":"LA","provider":"Louisiana DOT (511la)","hls":"https://ITSStreamingBR2.dotd.la.gov/public/shr-cam-030.streams/playlist.m3u8","snapshot":"https://511la.org/map/Cctv/1","refreshMs":30000,"attribution":"Ora (Warner Varnado) · Louisiana DOT (511la)"}},{"type":"Feature","geometry":{"type":"Point","coordinates":[-93.83,32.4609]},"properties":{"id":"ora-la-1","name":"I-20 at Monkhouse Drive","state":"LA","provider":"Louisiana DOT (511la)","hls":"https://ITSStreamingBR2.dotd.la.gov/public/shr-cam-002.streams/playlist.m3u8","snapshot":"https://511la.org/map/Cctv/2","refreshMs":30000,"attribution":"Ora (Warner Varnado) · Louisiana DOT (511la)"}},{"type":"Feature","geometry":{"type":"Point","coordinates":[-93.774,32.4844]},"properties":{"id":"ora-la-2","name":"I-20 at Greenwood Road (US 79)","state":"LA","provider":"Louisiana DOT (511la)","hls":"https://ITSStreamingBR2.dotd.la.gov/public/shr-cam-005.streams/playlist.m3u8","snapshot":"https://511la.org/map/Cctv/3","refreshMs":30000,"attribution":"Ora (Warner Varnado) · Louisiana DOT (511la)"}},{"type":"Feature","geometry":{"type":"Point","coordinates":[-93.772,32.4904]},"properties":{"id":"ora-la-3","name":"I-20 at Lakeshore Drive","state":"LA","provider":"Louisiana DOT (511la)","hls":"https://ITSStreamingBR2.dotd.la.gov/public/shr-cam-006.streams/playlist.m3u8","snapshot":"https://511la.org/map/Cctv/4","refreshMs":30000,"attribution":"Ora (Warner Varnado) · Louisiana DOT (511la)"}},{"type":"Feature","geometry":{"type":"Point","coordinates":[-93.763,32.4955]},"properties":{"id":"ora-la-4","name":"I-20 at Linwood Avenue","state":"LA","provider":"Louisiana DOT (511la)","hls":"https://ITSStreamingBR2.dotd.la.gov/public/shr-cam-007.streams/playlist.m3u8","snapshot":"https://511la.org/map/Cctv/5","refreshMs":30000,"attribution":"Ora (Warner Varnado) · Louisiana DOT (511la)"}},{"type":"Feature","geometry":{"type":"Point","coordinates":[-93.7586513133894,32.497017684654]},"properties":{"id":"ora-la-5","name":"I-20 at I-49","state":"LA","provider":"Louisiana DOT (511la)","hls":"https://ITSStreamingBR2.dotd.la.gov/public/shr-cam-008.streams/playlist.m3u8","snapshot":"https://511la.org/map/Cctv/6","refreshMs":30000,"attribution":"Ora (Warner Varnado) · Louisiana DOT (511la)"}},{"type":"Feature","geometry":{"type":"Point","coordinates":[-93.749,32.5017]},"properties":{"id":"ora-la-6","name":"I-20 at Sam Fertitta Drive","state":"LA","provider":"Louisiana DOT (511la)","hls":"https://ITSStreamingBR2.dotd.la.gov/public/shr-cam-009.streams/playlist.m3u8","snapshot":"https://511la.org/map/Cctv/7","refreshMs":30000,"attribution":"Ora (Warner Varnado) · Louisiana DOT (511la)"}},{"type":"Feature","geometry":{"type":"Point","coordinates":[-93.746,32.5053]},"properties":{"id":"ora-la-7","name":"I-20 at Common Street","state":"LA","provider":"Louisiana DOT (511la)","hls":"https://ITSStreamingBR2.dotd.la.gov/public/shr-cam-010.streams/playlist.m3u8","snapshot":"https://511la.org/map/Cctv/8","refreshMs":30000,"attribution":"Ora (Warner Varnado) · Louisiana DOT (511la)"}},{"type":"Feature","geometry":{"type":"Point","coordinates":[-93.743,32.5102]},"properties":{"id":"ora-la-8","name":"I-20 at Spring Street","state":"LA","provider":"Louisiana DOT (511la)","hls":"https://ITSStreamingBR2.dotd.la.gov/public/shr-cam-011.streams/playlist.m3u8","snapshot":"https://511la.org/map/Cctv/9","refreshMs":30000,"attribution":"Ora (Warner Varnado) · Louisiana DOT (511la)"}},{"type":"Feature","geometry":{"type":"Point","coordinates":[-93.736,32.513553068]},"properties":{"id":"ora-la-9","name":"I-20 at Traffic","state":"LA","provider":"Louisiana DOT (511la)","hls":"https://ITSStreamingBR2.dotd.la.gov/public/shr-cam-012.streams/playlist.m3u8","snapshot":"https://511la.org/map/Cctv/10","refreshMs":30000,"attribution":"Ora (Warner Varnado) · Louisiana DOT (511la)"}},{"type":"Feature","geometry":{"type":"Point","coordinates":[-93.715,32.5137]},"properties":{"id":"ora-la-10","name":"I-20 at Barksdale Avenue","state":"LA","provider":"Louisiana DOT (511la)","hls":"https://ITSStreamingBR2.dotd.la.gov/public/shr-cam-014.streams/playlist.m3u8","snapshot":"https://511la.org/map/Cctv/11","refreshMs":30000,"attribution":"Ora (Warner Varnado) · Louisiana DOT (511la)"}},{"type":"Feature","geometry":{"type":"Point","coordinates":[-93.709,32.51821345231]},"properties":{"id":"ora-la-11","name":"I-20 at Old Minden Road","state":"LA","provider":"Louisiana DOT (511la)","hls":"https://ITSStreamingBR2.dotd.la.gov/public/shr-cam-015.streams/playlist.m3u8","snapshot":"https://511la.org/map/Cctv/12","refreshMs":30000,"attribution":"Ora (Warner Varnado) · Louisiana DOT (511la)"}},{"type":"Feature","geometry":{"type":"Point","coordinates":[-93.7,32.5253710829875]},"properties":{"id":"ora-la-12","name":"I-20 at Airline Drive","state":"LA","provider":"Louisiana DOT (511la)","hls":"https://ITSStreamingBR2.dotd.la.gov/public/shr-cam-016.streams/playlist.m3u8","snapshot":"https://511la.org/map/Cctv/13","refreshMs":30000,"attribution":"Ora (Warner Varnado) · Louisiana DOT (511la)"}},{"type":"Feature","geometry":{"type":"Point","coordinates":[-92.1915813120839,32.5108037786353]},"properties":{"id":"ora-la-13","name":"I-20 at Well Rd","state":"LA","provider":"Louisiana DOT (511la)","hls":"https://ITSStreamingBR2.dotd.la.gov/public/mnr-cam-005.streams/playlist.m3u8","snapshot":"https://511la.org/map/Cctv/14","refreshMs":30000,"attribution":"Ora (Warner Varnado) · Louisiana DOT (511la)"}},{"type":"Feature","geometry":{"type":"Point","coordinates":[-92.1580737937722,32.5062188383432]},"properties":{"id":"ora-la-14","name":"I-20 at Thomas Rd","state":"LA","provider":"Louisiana DOT (511la)","hls":"https://ITSStreamingBR2.dotd.la.gov/public/mnr-cam-004.streams/playlist.m3u8","snapshot":"https://511la.org/map/Cctv/15","refreshMs":30000,"attribution":"Ora (Warner Varnado) · Louisiana DOT (511la)"}},{"type":"Feature","geometry":{"type":"Point","coordinates":[-92.1386191878242,32.4980097035082]},"properties":{"id":"ora-la-15","name":"I-20 at Stella St","state":"LA","provider":"Louisiana DOT (511la)","hls":"https://ITSStreamingBR2.dotd.la.gov/public/mnr-cam-003.streams/playlist.m3u8","snapshot":"https://511la.org/map/Cctv/16","refreshMs":30000,"attribution":"Ora (Warner Varnado) · Louisiana DOT (511la)"}},{"type":"Feature","geometry":{"type":"Point","coordinates":[-92.1227372537574,32.4950763748415]},"properties":{"id":"ora-la-16","name":"I-20 at 5th St","state":"LA","provider":"Louisiana DOT (511la)","hls":"https://ITSStreamingBR2.dotd.la.gov/public/mnr-cam-001.streams/playlist.m3u8","snapshot":"https://511la.org/map/Cctv/17","refreshMs":30000,"attribution":"Ora (Warner Varnado) · Louisiana DOT (511la)"}},{"type":"Feature","geometry":{"type":"Point","coordinates":[-92.1139252298313,32.4969854617395]},"properties":{"id":"ora-la-17","name":"I-20 at Jackson St","state":"LA","provider":"Louisiana DOT (511la)","hls":"https://ITSStreamingBR2.dotd.la.gov/public/mnr-cam-002.streams/playlist.m3u8","snapshot":"https://511la.org/map/Cctv/18","refreshMs":30000,"attribution":"Ora (Warner Varnado) · Louisiana DOT (511la)"}},{"type":"Feature","geometry":{"type":"Point","coordinates":[-90.74324,29.60677]},"properties":{"id":"ora-la-18","name":"LA 24 at N. Hollywood Rd.","state":"LA","provider":"Louisiana DOT (511la)","hls":"https://ITSStreamingNO.dotd.la.gov/public/hou-cam-002.streams/playlist.m3u8","snapshot":"https://511la.org/map/Cctv/19","refreshMs":30000,"attribution":"Ora (Warner Varnado) · Louisiana DOT (511la)"}},{"type":"Feature","geometry":{"type":"Point","coordinates":[-92.06889343,30.53148651]},"properties":{"id":"ora-la-19","name":"I-49 at US 190","state":"LA","provider":"Louisiana DOT (511la)","hls":"https://ITSStreamingBR2.dotd.la.gov/public/laf-cam-036.streams/playlist.m3u8","snapshot":"https://511la.org/map/Cctv/20","refreshMs":30000,"attribution":"Ora (Warner Varnado) · Louisiana DOT (511la)"}},{"type":"Feature","geometry":{"type":"Point","coordinates":[-90.44853,30.15134574]},"properties":{"id":"ora-la-20","name":"I-55 at MM 4.5","state":"LA","provider":"Louisiana DOT (511la)","hls":"https://ITSStreamingNO.dotd.la.gov/public/ns-cam-036.streams/playlist.m3u8","snapshot":"https://511la.org/map/Cctv/22","refreshMs":30000,"attribution":"Ora (Warner Varnado) · Louisiana DOT (511la)"}},{"type":"Feature","geometry":{"type":"Point","coordinates":[-90.40279,30.25419097]},"properties":{"id":"ora-la-21","name":"I-55 at MM 12.2","state":"LA","provider":"Louisiana DOT (511la)","hls":"https://ITSStreamingNO.dotd.la.gov/public/ns-cam-030.streams/playlist.m3u8","snapshot":"https://511la.org/map/Cctv/24","refreshMs":30000,"attribution":"Ora (Warner Varnado) · Louisiana DOT (511la)"}},{"type":"Feature","geometry":{"type":"Point","coordinates":[-90.41557,30.34837687]},"properties":{"id":"ora-la-22","name":"I-55 at MM 19.1","state":"LA","provider":"Louisiana DOT (511la)","hls":"https://ITSStreamingNO.dotd.la.gov/public/ns-cam-033.streams/playlist.m3u8","snapshot":"https://511la.org/map/Cctv/26","refreshMs":30000,"attribution":"Ora (Warner Varnado) · Louisiana DOT (511la)"}},{"type":"Feature","geometry":{"type":"Point","coordinates":[-90.46016667,30.4385]},"properties":{"id":"ora-la-23","name":"I-55 at LA 22","state":"LA","provider":"Louisiana DOT (511la)","hls":"https://ITSStreamingNO.dotd.la.gov/public/ns-cam-022.streams/playlist.m3u8","snapshot":"https://511la.org/map/Cctv/28","refreshMs":30000,"attribution":"Ora (Warner Varnado) · Louisiana DOT (511la)"}},{"type":"Feature","geometry":{"type":"Point","coordinates":[-90.49783333,30.49133333]},"properties":{"id":"ora-la-24","name":"I-55 N of I-12","state":"LA","provider":"Louisiana DOT (511la)","hls":"https://ITSStreamingNO.dotd.la.gov/public/ns-cam-023.streams/playlist.m3u8","snapshot":"https://511la.org/map/Cctv/29","refreshMs":30000,"attribution":"Ora (Warner Varnado) · Louisiana DOT (511la)"}},{"type":"Feature","geometry":{"type":"Point","coordinates":[-90.50366667,30.504]},"properties":{"id":"ora-la-25","name":"I-55 at US 190","state":"LA","provider":"Louisiana DOT (511la)","hls":"https://ITSStreamingNO.dotd.la.gov/public/ns-cam-021.streams/playlist.m3u8","snapshot":"https://511la.org/map/Cctv/30","refreshMs":30000,"attribution":"Ora (Warner Varnado) · Louisiana DOT (511la)"}},{"type":"Feature","geometry":{"type":"Point","coordinates":[-89.7375,30.322]},"properties":{"id":"ora-la-26","name":"I-59 N of I-10/I-12/I-59 Split","state":"LA","provider":"Louisiana DOT (511la)","hls":"https://ITSStreamingNO.dotd.la.gov/public/ns-cam-026.streams/playlist.m3u8","snapshot":"https://511la.org/map/Cctv/31","refreshMs":30000,"attribution":"Ora (Warner Varnado) · Louisiana DOT (511la)"}},{"type":"Feature","geometry":{"type":"Point","coordinates":[-89.73833333,30.34266667]},"properties":{"id":"ora-la-27","name":"I-59 at Concord","state":"LA","provider":"Louisiana DOT (511la)","hls":"https://ITSStreamingNO.dotd.la.gov/public/ns-cam-016.streams/playlist.m3u8","snapshot":"https://511la.org/map/Cctv/32","refreshMs":30000,"attribution":"Ora (Warner Varnado) · Louisiana DOT (511la)"}},{"type":"Feature","geometry":{"type":"Point","coordinates":[-91.09590149,30.4530442717707]},"properties":{"id":"ora-la-28","name":"US 61 at Florida Blvd.","state":"LA","provider":"Louisiana DOT (511la)","hls":"https://ITSStreamingBR.dotd.la.gov/public/br-cam-168.streams/playlist.m3u8","snapshot":"https://511la.org/map/Cctv/33","refreshMs":30000,"attribution":"Ora (Warner Varnado) · Louisiana DOT (511la)"}},{"type":"Feature","geometry":{"type":"Point","coordinates":[-91.171515,30.5085549311101]},"properties":{"id":"ora-la-29","name":"US 61 at Scenic","state":"LA","provider":"Louisiana DOT (511la)","hls":"https://ITSStreamingBR.dotd.la.gov/public/br-cam-188.streams/playlist.m3u8","snapshot":"https://511la.org/map/Cctv/35","refreshMs":30000,"attribution":"Ora (Warner Varnado) · Louisiana DOT (511la)"}},{"type":"Feature","geometry":{"type":"Point","coordinates":[-91.149351,30.5093188180344]},"properties":{"id":"ora-la-30","name":"US 61 at Plank Rd","state":"LA","provider":"Louisiana DOT (511la)","hls":"https://ITSStreamingBR.dotd.la.gov/public/br-cam-184.streams/playlist.m3u8","snapshot":"https://511la.org/map/Cctv/36","refreshMs":30000,"attribution":"Ora (Warner Varnado) · Louisiana DOT (511la)"}},{"type":"Feature","geometry":{"type":"Point","coordinates":[-91.0089143646209,30.3593106905663]},"properties":{"id":"ora-la-31","name":"US 61 at Highland Rd.","state":"LA","provider":"Louisiana DOT (511la)","hls":"https://ITSStreamingBR.dotd.la.gov/public/br-cam-172.streams/playlist.m3u8","snapshot":"https://511la.org/map/Cctv/37","refreshMs":30000,"attribution":"Ora (Warner Varnado) · Louisiana DOT (511la)"}},{"type":"Feature","geometry":{"type":"Point","coordinates":[-91.1210899090909,30.4883038902307]},"properties":{"id":"ora-la-32","name":"US 61 at Prescott","state":"LA","provider":"Louisiana DOT (511la)","hls":"https://ITSStreamingBR.dotd.la.gov/public/br-cam-185.streams/playlist.m3u8","snapshot":"https://511la.org/map/Cctv/38","refreshMs":30000,"attribution":"Ora (Warner Varnado) · Louisiana DOT (511la)"}},{"type":"Feature","geometry":{"type":"Point","coordinates":[-91.1088807149758,30.4712770865729]},"properties":{"id":"ora-la-33","name":"US 61 at S. Choctaw","state":"LA","provider":"Louisiana DOT (511la)","hls":"https://ITSStreamingBR.dotd.la.gov/public/br-cam-186.streams/playlist.m3u8","snapshot":"https://511la.org/map/Cctv/39","refreshMs":30000,"attribution":"Ora (Warner Varnado) · Louisiana DOT (511la)"}},{"type":"Feature","geometry":{"type":"Point","coordinates":[-91.13113,30.5023290860851]},"properties":{"id":"ora-la-34","name":"US 61 at Greenwell St.","state":"LA","provider":"Louisiana DOT (511la)","hls":"https://ITSStreamingBR.dotd.la.gov/public/br-cam-171.streams/playlist.m3u8","snapshot":"https://511la.org/map/Cctv/40","refreshMs":30000,"attribution":"Ora (Warner Varnado) · Louisiana DOT (511la)"}},{"type":"Feature","geometry":{"type":"Point","coordinates":[-91.08879,30.4432018578934]},"properties":{"id":"ora-la-35","name":"US 61 at Goodwood Blvd","state":"LA","provider":"Louisiana DOT (511la)","hls":"https://ITSStreamingBR.dotd.la.gov/public/br-cam-025.streams/playlist.m3u8","snapshot":"https://511la.org/map/Cctv/41","refreshMs":30000,"attribution":"Ora (Warner Varnado) · Louisiana DOT (511la)"}},{"type":"Feature","geometry":{"type":"Point","coordinates":[-91.0590200013652,30.4043683798029]},"properties":{"id":"ora-la-36","name":"US 61 at Sherwood Commons","state":"LA","provider":"Louisiana DOT (511la)","hls":"https://ITSStreamingBR.dotd.la.gov/public/br-cam-189.streams/playlist.m3u8","snapshot":"https://511la.org/map/Cctv/42","refreshMs":30000,"attribution":"Ora (Warner Varnado) · Louisiana DOT (511la)"}},{"type":"Feature","geometry":{"type":"Point","coordinates":[-91.0541948519492,30.399070058138]},"properties":{"id":"ora-la-37","name":"US 61 at Siegen Lane","state":"LA","provider":"Louisiana DOT (511la)","hls":"https://ITSStreamingBR.dotd.la.gov/public/br-cam-190.streams/playlist.m3u8","snapshot":"https://511la.org/map/Cctv/43","refreshMs":30000,"attribution":"Ora (Warner Varnado) · Louisiana DOT (511la)"}},{"type":"Feature","geometry":{"type":"Point","coordinates":[-91.0513136700833,30.3958943435194]},"properties":{"id":"ora-la-38","name":"US 61 at Old Jefferson","state":"LA","provider":"Louisiana DOT (511la)","hls":"https://ITSStreamingBR.dotd.la.gov/public/br-cam-182.streams/playlist.m3u8","snapshot":"https://511la.org/map/Cctv/45","refreshMs":30000,"attribution":"Ora (Warner Varnado) · Louisiana DOT (511la)"}},{"type":"Feature","geometry":{"type":"Point","coordinates":[-91.04190152,30.3854966424065]},"properties":{"id":"ora-la-39","name":"US 61 at Pecue","state":"LA","provider":"Louisiana DOT (511la)","hls":"https://ITSStreamingBR.dotd.la.gov/public/br-cam-183.streams/playlist.m3u8","snapshot":"https://511la.org/map/Cctv/46","refreshMs":30000,"attribution":"Ora (Warner Varnado) · Louisiana DOT (511la)"}},{"type":"Feature","geometry":{"type":"Point","coordinates":[-91.0223835872576,30.364479795081]},"properties":{"id":"ora-la-40","name":"US 61 at Barringer Foreman","state":"LA","provider":"Louisiana DOT (511la)","hls":"https://ITSStreamingBR.dotd.la.gov/public/br-cam-167.streams/playlist.m3u8","snapshot":"https://511la.org/map/Cctv/47","refreshMs":30000,"attribution":"Ora (Warner Varnado) · Louisiana DOT (511la)"}},{"type":"Feature","geometry":{"type":"Point","coordinates":[-90.85406380625,30.1904979144651]},"properties":{"id":"ora-la-41","name":"US 61 at LA 22","state":"LA","provider":"Louisiana DOT (511la)","hls":"https://ITSStreamingBR.dotd.la.gov/public/br-cam-173.streams/playlist.m3u8","snapshot":"https://511la.org/map/Cctv/48","refreshMs":30000,"attribution":"Ora (Warner Varnado) · Louisiana DOT (511la)"}},{"type":"Feature","geometry":{"type":"Point","coordinates":[-90.9983281191554,30.3496854041636]},"properties":{"id":"ora-la-42","name":"US 61 at State Fair Grounds","state":"LA","provider":"Louisiana DOT (511la)","hls":"https://ITSStreamingBR.dotd.la.gov/public/br-cam-073.streams/playlist.m3u8","snapshot":"https://511la.org/map/Cctv/49","refreshMs":30000,"attribution":"Ora (Warner Varnado) · Louisiana DOT (511la)"}},{"type":"Feature","geometry":{"type":"Point","coordinates":[-90.9853846238102,30.333174840859]},"properties":{"id":"ora-la-43","name":"US 61 at LA 427","state":"LA","provider":"Louisiana DOT (511la)","hls":"https://ITSStreamingBR.dotd.la.gov/public/br-cam-176.streams/playlist.m3u8","snapshot":"https://511la.org/map/Cctv/50","refreshMs":30000,"attribution":"Ora (Warner Varnado) · Louisiana DOT (511la)"}},{"type":"Feature","geometry":{"type":"Point","coordinates":[-90.9732118494624,30.3042635251613]},"properties":{"id":"ora-la-44","name":"US 61 at LA 73","state":"LA","provider":"Louisiana DOT (511la)","hls":"https://ITSStreamingBR.dotd.la.gov/public/br-cam-180.streams/playlist.m3u8","snapshot":"https://511la.org/map/Cctv/51","refreshMs":30000,"attribution":"Ora (Warner Varnado) · Louisiana DOT (511la)"}},{"type":"Feature","geometry":{"type":"Point","coordinates":[-90.9416253154477,30.26937]},"properties":{"id":"ora-la-45","name":"US 61 at LA 621","state":"LA","provider":"Louisiana DOT (511la)","hls":"https://ITSStreamingBR.dotd.la.gov/public/br-cam-179.streams/playlist.m3u8","snapshot":"https://511la.org/map/Cctv/52","refreshMs":30000,"attribution":"Ora (Warner Varnado) · Louisiana DOT (511la)"}},{"type":"Feature","geometry":{"type":"Point","coordinates":[-90.93049622,30.2570585516598]},"properties":{"id":"ora-la-46","name":"US 61 at LA 74","state":"LA","provider":"Louisiana DOT (511la)","hls":"https://ITSStreamingBR.dotd.la.gov/public/br-cam-181.streams/playlist.m3u8","snapshot":"https://511la.org/map/Cctv/53","refreshMs":30000,"attribution":"Ora (Warner Varnado) · Louisiana DOT (511la)"}},{"type":"Feature","geometry":{"type":"Point","coordinates":[-90.9207158343674,30.2462633964743]},"properties":{"id":"ora-la-47","name":"US 61 at LA 44","state":"LA","provider":"Louisiana DOT (511la)","hls":"https://ITSStreamingBR.dotd.la.gov/public/br-cam-178.streams/playlist.m3u8","snapshot":"https://511la.org/map/Cctv/54","refreshMs":30000,"attribution":"Ora (Warner Varnado) · Louisiana DOT (511la)"}},{"type":"Feature","geometry":{"type":"Point","coordinates":[-90.9115801922308,30.2361714396088]},"properties":{"id":"ora-la-48","name":"US 61 at LA 429","state":"LA","provider":"Louisiana DOT (511la)","hls":"https://ITSStreamingBR.dotd.la.gov/public/br-cam-177.streams/playlist.m3u8","snapshot":"https://511la.org/map/Cctv/55","refreshMs":30000,"attribution":"Ora (Warner Varnado) · Louisiana DOT (511la)"}},{"type":"Feature","geometry":{"type":"Point","coordinates":[-90.9780413338956,30.31994009]},"properties":{"id":"ora-la-49","name":"US 61 at LA 42","state":"LA","provider":"Louisiana DOT (511la)","hls":"https://ITSStreamingBR.dotd.la.gov/public/br-cam-175.streams/playlist.m3u8","snapshot":"https://511la.org/map/Cctv/56","refreshMs":30000,"attribution":"Ora (Warner Varnado) · Louisiana DOT (511la)"}},{"type":"Feature","geometry":{"type":"Point","coordinates":[-90.8416942591189,30.181126]},"properties":{"id":"ora-la-50","name":"US 61 at S of LA 22","state":"LA","provider":"Louisiana DOT (511la)","hls":"https://ITSStreamingBR.dotd.la.gov/public/br-cam-187.streams/playlist.m3u8","snapshot":"https://511la.org/map/Cctv/57","refreshMs":30000,"attribution":"Ora (Warner Varnado) · Louisiana DOT (511la)"}},{"type":"Feature","geometry":{"type":"Point","coordinates":[-90.48143371668,30.0672499193392]},"properties":{"id":"ora-la-51","name":"US 61 at US 51","state":"LA","provider":"Louisiana DOT (511la)","hls":"https://ITSStreamingNO.dotd.la.gov/public/nor-cam-042.streams/playlist.m3u8","snapshot":"https://511la.org/map/Cctv/58","refreshMs":30000,"attribution":"Ora (Warner Varnado) · Louisiana DOT (511la)"}},{"type":"Feature","geometry":{"type":"Point","coordinates":[-91.08742716,30.45411438]},"properties":{"id":"ora-la-52","name":"US 190 at Oak Villa","state":"LA","provider":"Louisiana DOT (511la)","hls":"https://ITSStreamingBR.dotd.la.gov/public/br-cam-028.streams/playlist.m3u8","snapshot":"https://511la.org/map/Cctv/60","refreshMs":30000,"attribution":"Ora (Warner Varnado) · Louisiana DOT (511la)"}},{"type":"Feature","geometry":{"type":"Point","coordinates":[-91.07753885,30.45569314]},"properties":{"id":"ora-la-53","name":"US 190 at Marilyn","state":"LA","provider":"Louisiana DOT (511la)","hls":"https://ITSStreamingBR.dotd.la.gov/public/br-cam-030.streams/playlist.m3u8","snapshot":"https://511la.org/map/Cctv/61","refreshMs":30000,"attribution":"Ora (Warner Varnado) · Louisiana DOT (511la)"}},{"type":"Feature","geometry":{"type":"Point","coordinates":[-91.05775403,30.45880406]},"properties":{"id":"ora-la-54","name":"US 190 at Sherwood Forest","state":"LA","provider":"Louisiana DOT (511la)","hls":"https://ITSStreamingBR.dotd.la.gov/public/br-cam-029.streams/playlist.m3u8","snapshot":"https://511la.org/map/Cctv/62","refreshMs":30000,"attribution":"Ora (Warner Varnado) · Louisiana DOT (511la)"}},{"type":"Feature","geometry":{"type":"Point","coordinates":[-91.00886118,30.466582]},"properties":{"id":"ora-la-55","name":"US 190 at Choctaw/O Neal","state":"LA","provider":"Louisiana DOT (511la)","hls":"https://ITSStreamingBR.dotd.la.gov/public/br-cam-032.streams/playlist.m3u8","snapshot":"https://511la.org/map/Cctv/63","refreshMs":30000,"attribution":"Ora (Warner Varnado) · Louisiana DOT (511la)"}},{"type":"Feature","geometry":{"type":"Point","coordinates":[-91.00335383,30.46741981]},"properties":{"id":"ora-la-56","name":"US 190 at Stevendale","state":"LA","provider":"Louisiana DOT (511la)","hls":"https://ITSStreamingBR.dotd.la.gov/public/br-cam-033.streams/playlist.m3u8","snapshot":"https://511la.org/map/Cctv/64","refreshMs":30000,"attribution":"Ora (Warner Varnado) · Louisiana DOT (511la)"}},{"type":"Feature","geometry":{"type":"Point","coordinates":[-90.0828034270737,30.442263717927]},"properties":{"id":"ora-la-57","name":"US 190 N of I-12","state":"LA","provider":"Louisiana DOT (511la)","hls":"https://ITSStreamingNO.dotd.la.gov/public/ns-cam-024.streams/playlist.m3u8","snapshot":"https://511la.org/map/Cctv/65","refreshMs":30000,"attribution":"Ora (Warner Varnado) · Louisiana DOT (511la)"}},{"type":"Feature","geometry":{"type":"Point","coordinates":[-90.0887205064498,30.3938822247228]},"properties":{"id":"ora-la-58","name":"US 190 at LA 22","state":"LA","provider":"Louisiana DOT (511la)","hls":"https://ITSStreamingNO.dotd.la.gov/public/ns-cam-009.streams/playlist.m3u8","snapshot":"https://511la.org/map/Cctv/66","refreshMs":30000,"attribution":"Ora (Warner Varnado) · Louisiana DOT (511la)"}},{"type":"Feature","geometry":{"type":"Point","coordinates":[-93.809142,32.520086]},"properties":{"id":"ora-la-59","name":"I-220 at Blanchard Rd","state":"LA","provider":"Louisiana DOT (511la)","hls":"https://ITSStreamingBR2.dotd.la.gov/public/shr-cam-026.streams/playlist.m3u8","snapshot":"https://511la.org/map/Cctv/67","refreshMs":30000,"attribution":"Ora (Warner Varnado) · Louisiana DOT (511la)"}},{"type":"Feature","geometry":{"type":"Point","coordinates":[-93.837778,32.473056]},"properties":{"id":"ora-la-60","name":"I-220 at Jefferson Paige Rd","state":"LA","provider":"Louisiana DOT (511la)","hls":"https://ITSStreamingBR2.dotd.la.gov/public/shr-cam-023.streams/playlist.m3u8","snapshot":"https://511la.org/map/Cctv/68","refreshMs":30000,"attribution":"Ora (Warner Varnado) · Louisiana DOT (511la)"}},{"type":"Feature","geometry":{"type":"Point","coordinates":[-93.8275,32.485278]},"properties":{"id":"ora-la-61","name":"I-220 at Lakeshore Dr","state":"LA","provider":"Louisiana DOT (511la)","hls":"https://ITSStreamingBR2.dotd.la.gov/public/shr-cam-024.streams/playlist.m3u8","snapshot":"https://511la.org/map/Cctv/69","refreshMs":30000,"attribution":"Ora (Warner Varnado) · Louisiana DOT (511la)"}},{"type":"Feature","geometry":{"type":"Point","coordinates":[-93.821353,32.495708]},"properties":{"id":"ora-la-62","name":"I-220 at S Lakeshore Dr","state":"LA","provider":"Louisiana DOT (511la)","hls":"https://ITSStreamingBR2.dotd.la.gov/public/shr-cam-025.streams/playlist.m3u8","snapshot":"https://511la.org/map/Cctv/70","refreshMs":30000,"attribution":"Ora (Warner Varnado) · Louisiana DOT (511la)"}},{"type":"Feature","geometry":{"type":"Point","coordinates":[-93.632439,32.547522]},"properties":{"id":"ora-la-63","name":"I-220 at US 79/80","state":"LA","provider":"Louisiana DOT (511la)","hls":"https://ITSStreamingBR2.dotd.la.gov/public/shr-cam-029.streams/playlist.m3u8","snapshot":"https://511la.org/map/Cctv/71","refreshMs":30000,"attribution":"Ora (Warner Varnado) · Louisiana DOT (511la)"}},{"type":"Feature","geometry":{"type":"Point","coordinates":[-93.1657986153846,30.235438]},"properties":{"id":"ora-la-64","name":"I-210 at US 90","state":"LA","provider":"Louisiana DOT (511la)","hls":"https://ITSStreamingBR2.dotd.la.gov/public/lkc-cam-012.streams/playlist.m3u8","snapshot":"https://511la.org/map/Cctv/72","refreshMs":30000,"attribution":"Ora (Warner Varnado) · Louisiana DOT (511la)"}},{"type":"Feature","geometry":{"type":"Point","coordinates":[-90.31909943,29.9754048904634]},"properties":{"id":"ora-la-65","name":"I-310 at US 61","state":"LA","provider":"Louisiana DOT (511la)","hls":"https://ITSStreamingNO.dotd.la.gov/public/nor-cam-044.streams/playlist.m3u8","snapshot":"https://511la.org/map/Cctv/73","refreshMs":30000,"attribution":"Ora (Warner Varnado) · Louisiana DOT (511la)"}},{"type":"Feature","geometry":{"type":"Point","coordinates":[-90.75906,29.59929]},"properties":{"id":"ora-la-66","name":"LA 311 at S. Hollywood Rd.","state":"LA","provider":"Louisiana DOT (511la)","hls":"https://ITSStreamingNO.dotd.la.gov/public/hou-cam-009.streams/playlist.m3u8","snapshot":"https://511la.org/map/Cctv/77","refreshMs":30000,"attribution":"Ora (Warner Varnado) · Louisiana DOT (511la)"}},{"type":"Feature","geometry":{"type":"Point","coordinates":[-90.10884426,29.99507819]},"properties":{"id":"ora-la-67","name":"I-610 at Canal Blvd.","state":"LA","provider":"Louisiana DOT (511la)","hls":"https://ITSStreamingNO.dotd.la.gov/public/nor-cam-019.streams/playlist.m3u8","snapshot":"https://511la.org/map/Cctv/78","refreshMs":30000,"attribution":"Ora (Warner Varnado) · Louisiana DOT (511la)"}},{"type":"Feature","geometry":{"type":"Point","coordinates":[-90.077042,29.9928041193548]},"properties":{"id":"ora-la-68","name":"I-610 at St Bernard","state":"LA","provider":"Louisiana DOT (511la)","hls":"https://ITSStreamingNO.dotd.la.gov/public/nor-cam-105.streams/playlist.m3u8","snapshot":"https://511la.org/map/Cctv/79","refreshMs":30000,"attribution":"Ora (Warner Varnado) · Louisiana DOT (511la)"}},{"type":"Feature","geometry":{"type":"Point","coordinates":[-90.06376648,29.9909230949273]},"properties":{"id":"ora-la-69","name":"I-610 at Elysian Fields","state":"LA","provider":"Louisiana DOT (511la)","hls":"https://ITSStreamingNO.dotd.la.gov/public/nor-cam-106.streams/playlist.m3u8","snapshot":"https://511la.org/map/Cctv/80","refreshMs":30000,"attribution":"Ora (Warner Varnado) · Louisiana DOT (511la)"}},{"type":"Feature","geometry":{"type":"Point","coordinates":[-90.0946279851272,29.9937185133638]},"properties":{"id":"ora-la-70","name":"I-610 near City Park","state":"LA","provider":"Louisiana DOT (511la)","hls":"https://ITSStreamingNO.dotd.la.gov/public/nor-cam-104.streams/playlist.m3u8","snapshot":"https://511la.org/map/Cctv/82","refreshMs":30000,"attribution":"Ora (Warner Varnado) · Louisiana DOT (511la)"}},{"type":"Feature","geometry":{"type":"Point","coordinates":[-90.75897,29.63554]},"properties":{"id":"ora-la-71","name":"LA 3040 at LA 24","state":"LA","provider":"Louisiana DOT (511la)","hls":"https://ITSStreamingNO.dotd.la.gov/public/hou-cam-004.streams/playlist.m3u8","snapshot":"https://511la.org/map/Cctv/83","refreshMs":30000,"attribution":"Ora (Warner Varnado) · Louisiana DOT (511la)"}},{"type":"Feature","geometry":{"type":"Point","coordinates":[-90.7417347637092,29.5950263364601]},"properties":{"id":"ora-la-72","name":"LA 3040 at St. Charles Ave.","state":"LA","provider":"Louisiana DOT (511la)","hls":"https://ITSStreamingNO.dotd.la.gov/public/hou-cam-008.streams/playlist.m3u8","snapshot":"https://511la.org/map/Cctv/84","refreshMs":30000,"attribution":"Ora (Warner Varnado) · Louisiana DOT (511la)"}},{"type":"Feature","geometry":{"type":"Point","coordinates":[-90.7461774885565,29.6055122754751]},"properties":{"id":"ora-la-73","name":"LA 3040 at S. Hollywood Rd.","state":"LA","provider":"Louisiana DOT (511la)","hls":"https://ITSStreamingNO.dotd.la.gov/public/hou-cam-010.streams/playlist.m3u8","snapshot":"https://511la.org/map/Cctv/85","refreshMs":30000,"attribution":"Ora (Warner Varnado) · Louisiana DOT (511la)"}},{"type":"Feature","geometry":{"type":"Point","coordinates":[-93.84269714,32.441879272]},"properties":{"id":"ora-la-74","name":"LA 3132 at 70th St","state":"LA","provider":"Louisiana DOT (511la)","hls":"https://ITSStreamingBR2.dotd.la.gov/public/shr-cam-020.streams/playlist.m3u8","snapshot":"https://511la.org/map/Cctv/86","refreshMs":30000,"attribution":"Ora (Warner Varnado) · Louisiana DOT (511la)"}},{"type":"Feature","geometry":{"type":"Point","coordinates":[-92.9827331394232,30.2483483697281]},"properties":{"id":"ora-la-75","name":"I-10 at US 165","state":"LA","provider":"Louisiana DOT (511la)","hls":"https://ITSStreamingBR2.dotd.la.gov/public/lkc-cam-006.streams/playlist.m3u8","snapshot":"https://511la.org/map/Cctv/150","refreshMs":30000,"attribution":"Ora (Warner Varnado) · Louisiana DOT (511la)"}},{"type":"Feature","geometry":{"type":"Point","coordinates":[-91.72380066,30.3419489250621]},"properties":{"id":"ora-la-76","name":"I-10 at Butte La Rose","state":"LA","provider":"Louisiana DOT (511la)","hls":"https://ITSStreamingBR2.dotd.la.gov/public/laf-cam-059.streams/playlist.m3u8","snapshot":"https://511la.org/map/Cctv/152","refreshMs":30000,"attribution":"Ora (Warner Varnado) · Louisiana DOT (511la)"}},{"type":"Feature","geometry":{"type":"Point","coordinates":[-91.1191825604167,30.4185009]},"properties":{"id":"ora-la-77","name":"I-10 at 10/12 Split","state":"LA","provider":"Louisiana DOT (511la)","hls":"https://ITSStreamingBR.dotd.la.gov/public/br-cam-004.streams/playlist.m3u8","snapshot":"https://511la.org/map/Cctv/154","refreshMs":30000,"attribution":"Ora (Warner Varnado) · Louisiana DOT (511la)"}},{"type":"Feature","geometry":{"type":"Point","coordinates":[-90.93390656,30.4604920744393]},"properties":{"id":"ora-la-78","name":"I-12 at Grays Creek","state":"LA","provider":"Louisiana DOT (511la)","hls":"https://ITSStreamingBR.dotd.la.gov/public/br-cam-064.streams/playlist.m3u8","snapshot":"https://511la.org/map/Cctv/156","refreshMs":30000,"attribution":"Ora (Warner Varnado) · Louisiana DOT (511la)"}},{"type":"Feature","geometry":{"type":"Point","coordinates":[-91.0293863190462,30.34597015]},"properties":{"id":"ora-la-79","name":"I-10 at Highland Rd.","state":"LA","provider":"Louisiana DOT (511la)","hls":"https://ITSStreamingBR.dotd.la.gov/public/br-cam-110.streams/playlist.m3u8","snapshot":"https://511la.org/map/Cctv/159","refreshMs":30000,"attribution":"Ora (Warner Varnado) · Louisiana DOT (511la)"}},{"type":"Feature","geometry":{"type":"Point","coordinates":[-90.9857065594619,30.26980019]},"properties":{"id":"ora-la-80","name":"I-10 at LA 73","state":"LA","provider":"Louisiana DOT (511la)","hls":"https://ITSStreamingBR.dotd.la.gov/public/br-cam-120.streams/playlist.m3u8","snapshot":"https://511la.org/map/Cctv/161","refreshMs":30000,"attribution":"Ora (Warner Varnado) · Louisiana DOT (511la)"}},{"type":"Feature","geometry":{"type":"Point","coordinates":[-91.794765,30.3226849867257]},"properties":{"id":"ora-la-81","name":"I-10 at Old Henderson","state":"LA","provider":"Louisiana DOT (511la)","hls":"https://ITSStreamingBR2.dotd.la.gov/public/laf-cam-062.streams/playlist.m3u8","snapshot":"https://511la.org/map/Cctv/163","refreshMs":30000,"attribution":"Ora (Warner Varnado) · Louisiana DOT (511la)"}},{"type":"Feature","geometry":{"type":"Point","coordinates":[-90.94716644,30.2105202270196]},"properties":{"id":"ora-la-82","name":"I-10 at LA 30","state":"LA","provider":"Louisiana DOT (511la)","hls":"https://ITSStreamingBR.dotd.la.gov/public/br-cam-088.streams/playlist.m3u8","snapshot":"https://511la.org/map/Cctv/165","refreshMs":30000,"attribution":"Ora (Warner Varnado) · Louisiana DOT (511la)"}},{"type":"Feature","geometry":{"type":"Point","coordinates":[-93.842118938466,32.4568168355321]},"properties":{"id":"ora-la-83","name":"I-20 East of I-220","state":"LA","provider":"Louisiana DOT (511la)","hls":"https://ITSStreamingBR2.dotd.la.gov/public/shr-cam-001.streams/playlist.m3u8","snapshot":"https://511la.org/map/Cctv/167","refreshMs":30000,"attribution":"Ora (Warner Varnado) · Louisiana DOT (511la)"}},{"type":"Feature","geometry":{"type":"Point","coordinates":[-93.7976364358974,32.472084]},"properties":{"id":"ora-la-84","name":"I-20 at Jewella Avenue","state":"LA","provider":"Louisiana DOT (511la)","hls":"https://ITSStreamingBR2.dotd.la.gov/public/shr-cam-003.streams/playlist.m3u8","snapshot":"https://511la.org/map/Cctv/168","refreshMs":30000,"attribution":"Ora (Warner Varnado) · Louisiana DOT (511la)"}},{"type":"Feature","geometry":{"type":"Point","coordinates":[-93.7800296829268,32.47877]},"properties":{"id":"ora-la-85","name":"I-20 at Hearne Avenue","state":"LA","provider":"Louisiana DOT (511la)","hls":"https://ITSStreamingBR2.dotd.la.gov/public/shr-cam-004.streams/playlist.m3u8","snapshot":"https://511la.org/map/Cctv/169","refreshMs":30000,"attribution":"Ora (Warner Varnado) · Louisiana DOT (511la)"}},{"type":"Feature","geometry":{"type":"Point","coordinates":[-93.674864373913,32.528267]},"properties":{"id":"ora-la-86","name":"I-20 at Industrial Drive","state":"LA","provider":"Louisiana DOT (511la)","hls":"https://ITSStreamingBR2.dotd.la.gov/public/shr-cam-017.streams/playlist.m3u8","snapshot":"https://511la.org/map/Cctv/170","refreshMs":30000,"attribution":"Ora (Warner Varnado) · Louisiana DOT (511la)"}},{"type":"Feature","geometry":{"type":"Point","coordinates":[-93.678758,32.5575095939227]},"properties":{"id":"ora-la-87","name":"I-220 at Swan Lake","state":"LA","provider":"Louisiana DOT (511la)","hls":"https://ITSStreamingBR2.dotd.la.gov/public/shr-cam-028.streams/playlist.m3u8","snapshot":"https://511la.org/map/Cctv/176","refreshMs":30000,"attribution":"Ora (Warner Varnado) · Louisiana DOT (511la)"}},{"type":"Feature","geometry":{"type":"Point","coordinates":[-93.781528,32.55397172]},"properties":{"id":"ora-la-88","name":"I-220 at US 71/Market St.","state":"LA","provider":"Louisiana DOT (511la)","hls":"https://ITSStreamingBR2.dotd.la.gov/public/shr-cam-027.streams/playlist.m3u8","snapshot":"https://511la.org/map/Cctv/177","refreshMs":30000,"attribution":"Ora (Warner Varnado) · Louisiana DOT (511la)"}},{"type":"Feature","geometry":{"type":"Point","coordinates":[-90.7266479737318,29.5747221700949]},"properties":{"id":"ora-la-89","name":"LA 182 at LA 315","state":"LA","provider":"Louisiana DOT (511la)","hls":"https://ITSStreamingNO.dotd.la.gov/public/hou-cam-006.streams/playlist.m3u8","snapshot":"https://511la.org/map/Cctv/178","refreshMs":30000,"attribution":"Ora (Warner Varnado) · Louisiana DOT (511la)"}},{"type":"Feature","geometry":{"type":"Point","coordinates":[-90.7201352606066,29.5911822083196]},"properties":{"id":"ora-la-90","name":"LA 182 at LA 3040","state":"LA","provider":"Louisiana DOT (511la)","hls":"https://ITSStreamingNO.dotd.la.gov/public/hou-cam-007.streams/playlist.m3u8","snapshot":"https://511la.org/map/Cctv/179","refreshMs":30000,"attribution":"Ora (Warner Varnado) · Louisiana DOT (511la)"}},{"type":"Feature","geometry":{"type":"Point","coordinates":[-90.7162137292158,29.5985675822363]},"properties":{"id":"ora-la-91","name":"LA 24 at LA 182","state":"LA","provider":"Louisiana DOT (511la)","hls":"https://ITSStreamingNO.dotd.la.gov/public/hou-cam-003.streams/playlist.m3u8","snapshot":"https://511la.org/map/Cctv/180","refreshMs":30000,"attribution":"Ora (Warner Varnado) · Louisiana DOT (511la)"}},{"type":"Feature","geometry":{"type":"Point","coordinates":[-90.70726,29.5989565335298]},"properties":{"id":"ora-la-92","name":"LA 24 at Intercoastal Waterway","state":"LA","provider":"Louisiana DOT (511la)","hls":"https://ITSStreamingNO.dotd.la.gov/public/hou-cam-011.streams/playlist.m3u8","snapshot":"https://511la.org/map/Cctv/181","refreshMs":30000,"attribution":"Ora (Warner Varnado) · Louisiana DOT (511la)"}},{"type":"Feature","geometry":{"type":"Point","coordinates":[-90.67958,29.5916041180556]},"properties":{"id":"ora-la-93","name":"LA 24 at LA 3087","state":"LA","provider":"Louisiana DOT (511la)","hls":"https://ITSStreamingNO.dotd.la.gov/public/hou-cam-013.streams/playlist.m3u8","snapshot":"https://511la.org/map/Cctv/182","refreshMs":30000,"attribution":"Ora (Warner Varnado) · Louisiana DOT (511la)"}},{"type":"Feature","geometry":{"type":"Point","coordinates":[-90.7016409925512,29.58722]},"properties":{"id":"ora-la-94","name":"LA 57 at LA 661","state":"LA","provider":"Louisiana DOT (511la)","hls":"https://ITSStreamingNO.dotd.la.gov/public/hou-cam-012.streams/playlist.m3u8","snapshot":"https://511la.org/map/Cctv/183","refreshMs":30000,"attribution":"Ora (Warner Varnado) · Louisiana DOT (511la)"}},{"type":"Feature","geometry":{"type":"Point","coordinates":[-90.6773925,29.5925351867816]},"properties":{"id":"ora-la-95","name":"LA 659 at LA 3087","state":"LA","provider":"Louisiana DOT (511la)","hls":"https://ITSStreamingNO.dotd.la.gov/public/hou-cam-014.streams/playlist.m3u8","snapshot":"https://511la.org/map/Cctv/184","refreshMs":30000,"attribution":"Ora (Warner Varnado) · Louisiana DOT (511la)"}},{"type":"Feature","geometry":{"type":"Point","coordinates":[-90.7827096459674,29.6796221990984]},"properties":{"id":"ora-la-96","name":"US 90 at LA 24","state":"LA","provider":"Louisiana DOT (511la)","hls":"https://ITSStreamingNO.dotd.la.gov/public/hou-cam-001.streams/playlist.m3u8","snapshot":"https://511la.org/map/Cctv/185","refreshMs":30000,"attribution":"Ora (Warner Varnado) · Louisiana DOT (511la)"}},{"type":"Feature","geometry":{"type":"Point","coordinates":[-91.0699152949389,30.416701]},"properties":{"id":"ora-la-97","name":"US 61 at Coursey/Bluebonnet","state":"LA","provider":"Louisiana DOT (511la)","hls":"https://ITSStreamingBR.dotd.la.gov/public/br-cam-027.streams/playlist.m3u8","snapshot":"https://511la.org/map/Cctv/187","refreshMs":30000,"attribution":"Ora (Warner Varnado) · Louisiana DOT (511la)"}},{"type":"Feature","geometry":{"type":"Point","coordinates":[-91.0804310915751,30.4314675290452]},"properties":{"id":"ora-la-98","name":"US 61 at Old Hammond Hwy.","state":"LA","provider":"Louisiana DOT (511la)","hls":"https://ITSStreamingBR.dotd.la.gov/public/br-cam-026.streams/playlist.m3u8","snapshot":"https://511la.org/map/Cctv/188","refreshMs":30000,"attribution":"Ora (Warner Varnado) · Louisiana DOT (511la)"}},{"type":"Feature","geometry":{"type":"Point","coordinates":[-91.180209849635,30.449869]},"properties":{"id":"ora-la-99","name":"I-110 at Florida St.","state":"LA","provider":"Louisiana DOT (511la)","hls":"https://ITSStreamingBR.dotd.la.gov/public/br-cam-013.streams/playlist.m3u8","snapshot":"https://511la.org/map/Cctv/190","refreshMs":30000,"attribution":"Ora (Warner Varnado) · Louisiana DOT (511la)"}},{"type":"Feature","geometry":{"type":"Point","coordinates":[-91.112939589589,30.4768945159783]},"properties":{"id":"ora-la-100","name":"US 61 at Greenwell Springs Rd.","state":"LA","provider":"Louisiana DOT (511la)","hls":"https://ITSStreamingBR.dotd.la.gov/public/br-cam-170.streams/playlist.m3u8","snapshot":"https://511la.org/map/Cctv/191","refreshMs":30000,"attribution":"Ora (Warner Varnado) · Louisiana DOT (511la)"}},{"type":"Feature","geometry":{"type":"Point","coordinates":[-90.8810785511128,30.2114275831492]},"properties":{"id":"ora-la-101","name":"US 61 at LA 30","state":"LA","provider":"Louisiana DOT (511la)","hls":"https://ITSStreamingBR.dotd.la.gov/public/br-cam-174.streams/playlist.m3u8","snapshot":"https://511la.org/map/Cctv/192","refreshMs":30000,"attribution":"Ora (Warner Varnado) · Louisiana DOT (511la)"}},{"type":"Feature","geometry":{"type":"Point","coordinates":[-91.0570886082113,30.4022548297202]},"properties":{"id":"ora-la-102","name":"US 61 at Old Troop A","state":"LA","provider":"Louisiana DOT (511la)","hls":"https://ITSStreamingBR.dotd.la.gov/public/br-cam-102.streams/playlist.m3u8","snapshot":"https://511la.org/map/Cctv/193","refreshMs":30000,"attribution":"Ora (Warner Varnado) · Louisiana DOT (511la)"}},{"type":"Feature","geometry":{"type":"Point","coordinates":[-90.405,30.3003656020762]},"properties":{"id":"ora-la-103","name":"I-55 at Manchac Tower","state":"LA","provider":"Louisiana DOT (511la)","hls":"https://ITSStreamingNO.dotd.la.gov/public/ns-cam-028.streams/playlist.m3u8","snapshot":"https://511la.org/map/Cctv/194","refreshMs":30000,"attribution":"Ora (Warner Varnado) · Louisiana DOT (511la)"}},{"type":"Feature","geometry":{"type":"Point","coordinates":[-90.083734024947,29.94825976656]},"properties":{"id":"ora-la-104","name":"US 90B Eastbank HOV Ramp - Magnolia","state":"LA","provider":"Louisiana DOT (511la)","hls":"https://ITSStreamingNO.dotd.la.gov/public/nor-cam-072.streams/playlist.m3u8","snapshot":"https://511la.org/map/Cctv/196","refreshMs":30000,"attribution":"Ora (Warner Varnado) · Louisiana DOT (511la)"}},{"type":"Feature","geometry":{"type":"Point","coordinates":[-92.108154,32.50052875]},"properties":{"id":"ora-la-105","name":"I-20 at LA 15","state":"LA","provider":"Louisiana DOT (511la)","hls":"https://ITSStreamingBR2.dotd.la.gov/public/mnr-cam-007.streams/playlist.m3u8","snapshot":"https://511la.org/map/Cctv/197","refreshMs":30000,"attribution":"Ora (Warner Varnado) · Louisiana DOT (511la)"}},{"type":"Feature","geometry":{"type":"Point","coordinates":[-92.099367,32.5004990067114]},"properties":{"id":"ora-la-106","name":"I-20 at Texas Ave.","state":"LA","provider":"Louisiana DOT (511la)","hls":"https://ITSStreamingBR2.dotd.la.gov/public/mnr-cam-008.streams/playlist.m3u8","snapshot":"https://511la.org/map/Cctv/198","refreshMs":30000,"attribution":"Ora (Warner Varnado) · Louisiana DOT (511la)"}},{"type":"Feature","geometry":{"type":"Point","coordinates":[-92.07990265,32.50040054]},"properties":{"id":"ora-la-107","name":"I-20 at US 165","state":"LA","provider":"Louisiana DOT (511la)","hls":"https://ITSStreamingBR2.dotd.la.gov/public/mnr-cam-009.streams/playlist.m3u8","snapshot":"https://511la.org/map/Cctv/199","refreshMs":30000,"attribution":"Ora (Warner Varnado) · Louisiana DOT (511la)"}},{"type":"Feature","geometry":{"type":"Point","coordinates":[-92.054808,32.4943559174147]},"properties":{"id":"ora-la-108","name":"I-20 at Pecanland Mall","state":"LA","provider":"Louisiana DOT (511la)","hls":"https://ITSStreamingBR2.dotd.la.gov/public/mnr-cam-011.streams/playlist.m3u8","snapshot":"https://511la.org/map/Cctv/201","refreshMs":30000,"attribution":"Ora (Warner Varnado) · Louisiana DOT (511la)"}},{"type":"Feature","geometry":{"type":"Point","coordinates":[-92.0806785507246,32.522864]},"properties":{"id":"ora-la-109","name":"US-165 at US 80","state":"LA","provider":"Louisiana DOT (511la)","hls":"https://ITSStreamingBR2.dotd.la.gov/public/mnr-cam-012.streams/playlist.m3u8","snapshot":"https://511la.org/map/Cctv/202","refreshMs":30000,"attribution":"Ora (Warner Varnado) · Louisiana DOT (511la)"}},{"type":"Feature","geometry":{"type":"Point","coordinates":[-92.128175,32.50381996]},"properties":{"id":"ora-la-110","name":"US 80 at Cypress","state":"LA","provider":"Louisiana DOT (511la)","hls":"https://ITSStreamingBR2.dotd.la.gov/public/mnr-cam-006.streams/playlist.m3u8","snapshot":"https://511la.org/map/Cctv/203","refreshMs":30000,"attribution":"Ora (Warner Varnado) · Louisiana DOT (511la)"}},{"type":"Feature","geometry":{"type":"Point","coordinates":[-90.8741337789215,30.148986]},"properties":{"id":"ora-la-111","name":"LA 70 S of LA 22","state":"LA","provider":"Louisiana DOT (511la)","hls":"https://ITSStreamingBR.dotd.la.gov/public/br-cam-213.streams/playlist.m3u8","snapshot":"https://511la.org/map/Cctv/204","refreshMs":30000,"attribution":"Ora (Warner Varnado) · Louisiana DOT (511la)"}},{"type":"Feature","geometry":{"type":"Point","coordinates":[-90.8692235263158,30.1201110000001]},"properties":{"id":"ora-la-112","name":"LA 70 N of LA 3125","state":"LA","provider":"Louisiana DOT (511la)","hls":"https://ITSStreamingBR.dotd.la.gov/public/br-cam-214.streams/playlist.m3u8","snapshot":"https://511la.org/map/Cctv/205","refreshMs":30000,"attribution":"Ora (Warner Varnado) · Louisiana DOT (511la)"}},{"type":"Feature","geometry":{"type":"Point","coordinates":[-90.873696,30.1078593056027]},"properties":{"id":"ora-la-113","name":"LA 70 at LA 3125","state":"LA","provider":"Louisiana DOT (511la)","hls":"https://ITSStreamingBR.dotd.la.gov/public/br-cam-215.streams/playlist.m3u8","snapshot":"https://511la.org/map/Cctv/206","refreshMs":30000,"attribution":"Ora (Warner Varnado) · Louisiana DOT (511la)"}},{"type":"Feature","geometry":{"type":"Point","coordinates":[-90.9018245886334,30.0997224272476]},"properties":{"id":"ora-la-114","name":"LA 70 at LA 44","state":"LA","provider":"Louisiana DOT (511la)","hls":"https://ITSStreamingBR.dotd.la.gov/public/br-cam-216.streams/playlist.m3u8","snapshot":"https://511la.org/map/Cctv/207","refreshMs":30000,"attribution":"Ora (Warner Varnado) · Louisiana DOT (511la)"}},{"type":"Feature","geometry":{"type":"Point","coordinates":[-90.9204921153753,30.096475663973]},"properties":{"id":"ora-la-115","name":"LA 70 at LA 18","state":"LA","provider":"Louisiana DOT (511la)","hls":"https://ITSStreamingBR.dotd.la.gov/public/br-cam-218.streams/playlist.m3u8","snapshot":"https://511la.org/map/Cctv/209","refreshMs":30000,"attribution":"Ora (Warner Varnado) · Louisiana DOT (511la)"}},{"type":"Feature","geometry":{"type":"Point","coordinates":[-92.42940521,31.24387573]},"properties":{"id":"ora-la-116","name":"I-49 at US 71","state":"LA","provider":"Louisiana DOT (511la)","hls":"https://ITSStreamingBR2.dotd.la.gov/public/alx-cam-001.streams/playlist.m3u8","snapshot":"https://511la.org/map/Cctv/211","refreshMs":30000,"attribution":"Ora (Warner Varnado) · Louisiana DOT (511la)"}},{"type":"Feature","geometry":{"type":"Point","coordinates":[-92.44637299,31.30288124]},"properties":{"id":"ora-la-117","name":"I-49 at Pineville XWY","state":"LA","provider":"Louisiana DOT (511la)","hls":"https://ITSStreamingBR2.dotd.la.gov/public/alx-cam-004.streams/playlist.m3u8","snapshot":"https://511la.org/map/Cctv/214","refreshMs":30000,"attribution":"Ora (Warner Varnado) · Louisiana DOT (511la)"}},{"type":"Feature","geometry":{"type":"Point","coordinates":[-92.46170807,31.3240934874286]},"properties":{"id":"ora-la-118","name":"I-49 at US 165/71","state":"LA","provider":"Louisiana DOT (511la)","hls":"https://ITSStreamingBR2.dotd.la.gov/public/alx-cam-007.streams/playlist.m3u8","snapshot":"https://511la.org/map/Cctv/217","refreshMs":30000,"attribution":"Ora (Warner Varnado) · Louisiana DOT (511la)"}},{"type":"Feature","geometry":{"type":"Point","coordinates":[-91.20935,30.4345980192308]},"properties":{"id":"ora-la-119","name":"LA 1 at Intracoastal Canal","state":"LA","provider":"Louisiana DOT (511la)","hls":"https://ITSStreamingBR.dotd.la.gov/public/br-cam-098.streams/playlist.m3u8","snapshot":"https://511la.org/map/Cctv/220","refreshMs":30000,"attribution":"Ora (Warner Varnado) · Louisiana DOT (511la)"}},{"type":"Feature","geometry":{"type":"Point","coordinates":[-91.2082958771701,30.5062413547249]},"properties":{"id":"ora-la-120","name":"US 190 at Miss River Brdg. West","state":"LA","provider":"Louisiana DOT (511la)","hls":"https://ITSStreamingBR.dotd.la.gov/public/br-cam-252.streams/playlist.m3u8","snapshot":"https://511la.org/map/Cctv/222","refreshMs":30000,"attribution":"Ora (Warner Varnado) · Louisiana DOT (511la)"}},{"type":"Feature","geometry":{"type":"Point","coordinates":[-91.18811,30.5075162680851]},"properties":{"id":"ora-la-121","name":"US 190 at Miss River Brdg East","state":"LA","provider":"Louisiana DOT (511la)","hls":"https://ITSStreamingBR.dotd.la.gov/public/br-cam-250.streams/playlist.m3u8","snapshot":"https://511la.org/map/Cctv/224","refreshMs":30000,"attribution":"Ora (Warner Varnado) · Louisiana DOT (511la)"}},{"type":"Feature","geometry":{"type":"Point","coordinates":[-90.98919,30.4467771596244]},"properties":{"id":"ora-la-122","name":"I-12 at Amite River Brdg","state":"LA","provider":"Louisiana DOT (511la)","hls":"https://ITSStreamingBR.dotd.la.gov/public/br-cam-096.streams/playlist.m3u8","snapshot":"https://511la.org/map/Cctv/228","refreshMs":30000,"attribution":"Ora (Warner Varnado) · Louisiana DOT (511la)"}},{"type":"Feature","geometry":{"type":"Point","coordinates":[-91.2706590184661,30.4533816356295]},"properties":{"id":"ora-la-123","name":"I-10 between Grosse Tete and LA 415","state":"LA","provider":"Louisiana DOT (511la)","hls":"https://ITSStreamingBR.dotd.la.gov/public/br-cam-256.streams/playlist.m3u8","snapshot":"https://511la.org/map/Cctv/230","refreshMs":30000,"attribution":"Ora (Warner Varnado) · Louisiana DOT (511la)"}},{"type":"Feature","geometry":{"type":"Point","coordinates":[-90.4265160910033,30.0840466540992]},"properties":{"id":"ora-la-124","name":"I-10 at BC Spillway MM 210","state":"LA","provider":"Louisiana DOT (511la)","hls":"https://ITSStreamingNO.dotd.la.gov/public/nor-cam-040.streams/playlist.m3u8","snapshot":"https://511la.org/map/Cctv/231","refreshMs":30000,"attribution":"Ora (Warner Varnado) · Louisiana DOT (511la)"}},{"type":"Feature","geometry":{"type":"Point","coordinates":[-91.4317295289443,30.4191102589378]},"properties":{"id":"ora-la-125","name":"I-10 at LA 77","state":"LA","provider":"Louisiana DOT (511la)","hls":"https://ITSStreamingBR2.dotd.la.gov/public/laf-cam-027.streams/playlist.m3u8","snapshot":"https://511la.org/map/Cctv/233","refreshMs":30000,"attribution":"Ora (Warner Varnado) · Louisiana DOT (511la)"}},{"type":"Feature","geometry":{"type":"Point","coordinates":[-92.1940449031168,30.2475981824756]},"properties":{"id":"ora-la-126","name":"I-10 at LA 95","state":"LA","provider":"Louisiana DOT (511la)","hls":"https://ITSStreamingBR2.dotd.la.gov/public/laf-cam-023.streams/playlist.m3u8","snapshot":"https://511la.org/map/Cctv/234","refreshMs":30000,"attribution":"Ora (Warner Varnado) · Louisiana DOT (511la)"}},{"type":"Feature","geometry":{"type":"Point","coordinates":[-91.1708426993296,30.4281236277412]},"properties":{"id":"ora-la-127","name":"I-10 at Dalrymple","state":"LA","provider":"Louisiana DOT (511la)","hls":"https://ITSStreamingBR.dotd.la.gov/public/br-cam-037.streams/playlist.m3u8","snapshot":"https://511la.org/map/Cctv/236","refreshMs":30000,"attribution":"Ora (Warner Varnado) · Louisiana DOT (511la)"}},{"type":"Feature","geometry":{"type":"Point","coordinates":[-91.008354611672,30.4602324821043]},"properties":{"id":"ora-la-128","name":"O Neal at Old Hammond","state":"LA","provider":"Louisiana DOT (511la)","hls":"https://ITSStreamingBR.dotd.la.gov/public/br-cam-053.streams/playlist.m3u8","snapshot":"https://511la.org/map/Cctv/237","refreshMs":30000,"attribution":"Ora (Warner Varnado) · Louisiana DOT (511la)"}},{"type":"Feature","geometry":{"type":"Point","coordinates":[-91.23,30.4449192217857]},"properties":{"id":"ora-la-129","name":"I-10 between LA 415 and LA 1","state":"LA","provider":"Louisiana DOT (511la)","hls":"https://ITSStreamingBR.dotd.la.gov/public/br-cam-210.streams/playlist.m3u8","snapshot":"https://511la.org/map/Cctv/238","refreshMs":30000,"attribution":"Ora (Warner Varnado) · Louisiana DOT (511la)"}},{"type":"Feature","geometry":{"type":"Point","coordinates":[-90.89477,30.4662018257971]},"properties":{"id":"ora-la-130","name":"I-12 at West Colyell Creek Brdg","state":"LA","provider":"Louisiana DOT (511la)","hls":"https://ITSStreamingBR.dotd.la.gov/public/br-cam-092.streams/playlist.m3u8","snapshot":"https://511la.org/map/Cctv/239","refreshMs":30000,"attribution":"Ora (Warner Varnado) · Louisiana DOT (511la)"}},{"type":"Feature","geometry":{"type":"Point","coordinates":[-89.711192843031,30.2981095987974]},"properties":{"id":"ora-la-131","name":"I-10 at Slidell Welcome Center","state":"LA","provider":"Louisiana DOT (511la)","hls":"https://ITSStreamingNO.dotd.la.gov/public/ns-cam-044.streams/playlist.m3u8","snapshot":"https://511la.org/map/Cctv/240","refreshMs":30000,"attribution":"Ora (Warner Varnado) · Louisiana DOT (511la)"}},{"type":"Feature","geometry":{"type":"Point","coordinates":[-89.737601919589,30.3232494201656]},"properties":{"id":"ora-la-132","name":"I-59 at Welcome Center","state":"LA","provider":"Louisiana DOT (511la)","hls":"https://ITSStreamingNO.dotd.la.gov/public/ns-cam-045.streams/playlist.m3u8","snapshot":"https://511la.org/map/Cctv/241","refreshMs":30000,"attribution":"Ora (Warner Varnado) · Louisiana DOT (511la)"}},{"type":"Feature","geometry":{"type":"Point","coordinates":[-90.405239525906,30.0778074325478]},"properties":{"id":"ora-la-133","name":"I-10 at BC Spillway MM 212","state":"LA","provider":"Louisiana DOT (511la)","hls":"https://ITSStreamingNO.dotd.la.gov/public/nor-cam-038.streams/playlist.m3u8","snapshot":"https://511la.org/map/Cctv/242","refreshMs":30000,"attribution":"Ora (Warner Varnado) · Louisiana DOT (511la)"}},{"type":"Feature","geometry":{"type":"Point","coordinates":[-90.0849527875762,29.9508191962124]},"properties":{"id":"ora-la-134","name":"US 90 at Claiborne Ramp","state":"LA","provider":"Louisiana DOT (511la)","hls":"https://ITSStreamingNO.dotd.la.gov/public/nor-cam-140.streams/playlist.m3u8","snapshot":"https://511la.org/map/Cctv/244","refreshMs":30000,"attribution":"Ora (Warner Varnado) · Louisiana DOT (511la)"}},{"type":"Feature","geometry":{"type":"Point","coordinates":[-91.8634951388108,30.3093]},"properties":{"id":"ora-la-135","name":"I-10 at Henderson DMS","state":"LA","provider":"Louisiana DOT (511la)","hls":"https://ITSStreamingBR2.dotd.la.gov/public/laf-cam-063.streams/playlist.m3u8","snapshot":"https://511la.org/map/Cctv/247","refreshMs":30000,"attribution":"Ora (Warner Varnado) · Louisiana DOT (511la)"}},{"type":"Feature","geometry":{"type":"Point","coordinates":[-91.95602,30.2791071460734]},"properties":{"id":"ora-la-136","name":"I-10 at Louisiana Ave. DMS","state":"LA","provider":"Louisiana DOT (511la)","hls":"https://ITSStreamingBR2.dotd.la.gov/public/laf-cam-064.streams/playlist.m3u8","snapshot":"https://511la.org/map/Cctv/248","refreshMs":30000,"attribution":"Ora (Warner Varnado) · Louisiana DOT (511la)"}},{"type":"Feature","geometry":{"type":"Point","coordinates":[-93.1296435864419,30.2443368968803]},"properties":{"id":"ora-la-137","name":"I-10 at LA 397","state":"LA","provider":"Louisiana DOT (511la)","hls":"https://ITSStreamingBR2.dotd.la.gov/public/lkc-cam-361.streams/playlist.m3u8","snapshot":"https://511la.org/map/Cctv/249","refreshMs":30000,"attribution":"Ora (Warner Varnado) · Louisiana DOT (511la)"}},{"type":"Feature","geometry":{"type":"Point","coordinates":[-93.1620476444336,30.245708198278]},"properties":{"id":"ora-la-138","name":"I-10 at I-210 East","state":"LA","provider":"Louisiana DOT (511la)","hls":"https://ITSStreamingBR2.dotd.la.gov/public/lkc-cam-341.streams/playlist.m3u8","snapshot":"https://511la.org/map/Cctv/251","refreshMs":30000,"attribution":"Ora (Warner Varnado) · Louisiana DOT (511la)"}},{"type":"Feature","geometry":{"type":"Point","coordinates":[-93.1916384852829,30.2363708806297]},"properties":{"id":"ora-la-139","name":"I-10 at Fruge Street","state":"LA","provider":"Louisiana DOT (511la)","hls":"https://ITSStreamingBR2.dotd.la.gov/public/lkc-cam-321.streams/playlist.m3u8","snapshot":"https://511la.org/map/Cctv/254","refreshMs":30000,"attribution":"Ora (Warner Varnado) · Louisiana DOT (511la)"}},{"type":"Feature","geometry":{"type":"Point","coordinates":[-93.2042688232643,30.2358226210778]},"properties":{"id":"ora-la-140","name":"I-10 at Enterprise Blvd","state":"LA","provider":"Louisiana DOT (511la)","hls":"https://ITSStreamingBR2.dotd.la.gov/public/lkc-cam-311.streams/playlist.m3u8","snapshot":"https://511la.org/map/Cctv/256","refreshMs":30000,"attribution":"Ora (Warner Varnado) · Louisiana DOT (511la)"}},{"type":"Feature","geometry":{"type":"Point","coordinates":[-93.2168652649439,30.2357964326901]},"properties":{"id":"ora-la-141","name":"I-10 at Ryan Street","state":"LA","provider":"Louisiana DOT (511la)","hls":"https://ITSStreamingBR2.dotd.la.gov/public/lkc-cam-301.streams/playlist.m3u8","snapshot":"https://511la.org/map/Cctv/258","refreshMs":30000,"attribution":"Ora (Warner Varnado) · Louisiana DOT (511la)"}},{"type":"Feature","geometry":{"type":"Point","coordinates":[-93.2369686614743,30.2370839728433]},"properties":{"id":"ora-la-142","name":"I-10 at Calcasieu River Bridge","state":"LA","provider":"Louisiana DOT (511la)","hls":"https://ITSStreamingBR2.dotd.la.gov/public/lkc-cam-291.streams/playlist.m3u8","snapshot":"https://511la.org/map/Cctv/260","refreshMs":30000,"attribution":"Ora (Warner Varnado) · Louisiana DOT (511la)"}},{"type":"Feature","geometry":{"type":"Point","coordinates":[-93.2595535827498,30.2369569105655]},"properties":{"id":"ora-la-143","name":"I-10 at LA 378","state":"LA","provider":"Louisiana DOT (511la)","hls":"https://ITSStreamingBR2.dotd.la.gov/public/lkc-cam-271.streams/playlist.m3u8","snapshot":"https://511la.org/map/Cctv/262","refreshMs":30000,"attribution":"Ora (Warner Varnado) · Louisiana DOT (511la)"}},{"type":"Feature","geometry":{"type":"Point","coordinates":[-93.2799322436941,30.2367947204975]},"properties":{"id":"ora-la-144","name":"I-10 at US 90","state":"LA","provider":"Louisiana DOT (511la)","hls":"https://ITSStreamingBR2.dotd.la.gov/public/lkc-cam-261.streams/playlist.m3u8","snapshot":"https://511la.org/map/Cctv/264","refreshMs":30000,"attribution":"Ora (Warner Varnado) · Louisiana DOT (511la)"}},{"type":"Feature","geometry":{"type":"Point","coordinates":[-93.3014072103946,30.2280125152755]},"properties":{"id":"ora-la-145","name":"I-10 at I-210 Sulphur","state":"LA","provider":"Louisiana DOT (511la)","hls":"https://ITSStreamingBR2.dotd.la.gov/public/lkc-cam-251.streams/playlist.m3u8","snapshot":"https://511la.org/map/Cctv/266","refreshMs":30000,"attribution":"Ora (Warner Varnado) · Louisiana DOT (511la)"}},{"type":"Feature","geometry":{"type":"Point","coordinates":[-93.3174383303067,30.2208449894648]},"properties":{"id":"ora-la-146","name":"I-10 near Praiter Road","state":"LA","provider":"Louisiana DOT (511la)","hls":"https://ITSStreamingBR2.dotd.la.gov/public/lkc-cam-241.streams/playlist.m3u8","snapshot":"https://511la.org/map/Cctv/269","refreshMs":30000,"attribution":"Ora (Warner Varnado) · Louisiana DOT (511la)"}},{"type":"Feature","geometry":{"type":"Point","coordinates":[-93.3249868353016,30.2160271755088]},"properties":{"id":"ora-la-147","name":"I-10 at LA 108","state":"LA","provider":"Louisiana DOT (511la)","hls":"https://ITSStreamingBR2.dotd.la.gov/public/lkc-cam-231.streams/playlist.m3u8","snapshot":"https://511la.org/map/Cctv/271","refreshMs":30000,"attribution":"Ora (Warner Varnado) · Louisiana DOT (511la)"}},{"type":"Feature","geometry":{"type":"Point","coordinates":[-93.3591818762604,30.2156686935241]},"properties":{"id":"ora-la-148","name":"I-10 at LA 27","state":"LA","provider":"Louisiana DOT (511la)","hls":"https://ITSStreamingBR2.dotd.la.gov/public/lkc-cam-211.streams/playlist.m3u8","snapshot":"https://511la.org/map/Cctv/273","refreshMs":30000,"attribution":"Ora (Warner Varnado) · Louisiana DOT (511la)"}},{"type":"Feature","geometry":{"type":"Point","coordinates":[-93.3763925714157,30.2156207276061]},"properties":{"id":"ora-la-149","name":"I-10 at Ruth Street","state":"LA","provider":"Louisiana DOT (511la)","hls":"https://ITSStreamingBR2.dotd.la.gov/public/lkc-cam-201.streams/playlist.m3u8","snapshot":"https://511la.org/map/Cctv/275","refreshMs":30000,"attribution":"Ora (Warner Varnado) · Louisiana DOT (511la)"}},{"type":"Feature","geometry":{"type":"Point","coordinates":[-90.0396764238088,29.9261224966813]},"properties":{"id":"ora-la-150","name":"US 90B at Terry Parkway","state":"LA","provider":"Louisiana DOT (511la)","hls":"https://ITSStreamingNO.dotd.la.gov/public/nor-cam-082.streams/playlist.m3u8","snapshot":"https://511la.org/map/Cctv/277","refreshMs":30000,"attribution":"Ora (Warner Varnado) · Louisiana DOT (511la)"}},{"type":"Feature","geometry":{"type":"Point","coordinates":[-90.038063679996,29.9292030509628]},"properties":{"id":"ora-la-151","name":"HOV Ramp at General Degualle Exit","state":"LA","provider":"Louisiana DOT (511la)","hls":"https://ITSStreamingNO.dotd.la.gov/public/nor-cam-081.streams/playlist.m3u8","snapshot":"https://511la.org/map/Cctv/278","refreshMs":30000,"attribution":"Ora (Warner Varnado) · Louisiana DOT (511la)"}},{"type":"Feature","geometry":{"type":"Point","coordinates":[-90.0574711218345,29.9089596979173]},"properties":{"id":"ora-la-152","name":"US 90B Westbank Expwy at Newton","state":"LA","provider":"Louisiana DOT (511la)","hls":"https://ITSStreamingNO.dotd.la.gov/public/nor-cam-084.streams/playlist.m3u8","snapshot":"https://511la.org/map/Cctv/279","refreshMs":30000,"attribution":"Ora (Warner Varnado) · Louisiana DOT (511la)"}},{"type":"Feature","geometry":{"type":"Point","coordinates":[-90.0831179113484,29.8971005622346]},"properties":{"id":"ora-la-153","name":"US 90B at 2nd Ave","state":"LA","provider":"Louisiana DOT (511la)","hls":"https://ITSStreamingNO.dotd.la.gov/public/nor-cam-086.streams/playlist.m3u8","snapshot":"https://511la.org/map/Cctv/280","refreshMs":30000,"attribution":"Ora (Warner Varnado) · Louisiana DOT (511la)"}},{"type":"Feature","geometry":{"type":"Point","coordinates":[-90.0571154214299,29.938923760141]},"properties":{"id":"ora-la-154","name":"US 90B at Eastbank CCC Bridge","state":"LA","provider":"Louisiana DOT (511la)","hls":"https://ITSStreamingNO.dotd.la.gov/public/nor-cam-078.streams/playlist.m3u8","snapshot":"https://511la.org/map/Cctv/281","refreshMs":30000,"attribution":"Ora (Warner Varnado) · Louisiana DOT (511la)"}},{"type":"Feature","geometry":{"type":"Point","coordinates":[-90.10594,29.893929347902]},"properties":{"id":"ora-la-155","name":"US 90B at Avenue K","state":"LA","provider":"Louisiana DOT (511la)","hls":"https://ITSStreamingNO.dotd.la.gov/public/nor-cam-087.streams/playlist.m3u8","snapshot":"https://511la.org/map/Cctv/282","refreshMs":30000,"attribution":"Ora (Warner Varnado) · Louisiana DOT (511la)"}},{"type":"Feature","geometry":{"type":"Point","coordinates":[-90.0562062254918,29.9097399215013]},"properties":{"id":"ora-la-156","name":"US 90B at Lafayette Street DMS","state":"LA","provider":"Louisiana DOT (511la)","hls":"https://ITSStreamingNO.dotd.la.gov/public/nor-cam-089.streams/playlist.m3u8","snapshot":"https://511la.org/map/Cctv/283","refreshMs":30000,"attribution":"Ora (Warner Varnado) · Louisiana DOT (511la)"}},{"type":"Feature","geometry":{"type":"Point","coordinates":[-90.0372188252316,29.9325270070306]},"properties":{"id":"ora-la-157","name":"US 90B at LA 428","state":"LA","provider":"Louisiana DOT (511la)","hls":"https://ITSStreamingNO.dotd.la.gov/public/nor-cam-128.streams/playlist.m3u8","snapshot":"https://511la.org/map/Cctv/284","refreshMs":30000,"attribution":"Ora (Warner Varnado) · Louisiana DOT (511la)"}},{"type":"Feature","geometry":{"type":"Point","coordinates":[-89.854953,30.153753]},"properties":{"id":"ora-la-158","name":"I-10 Twin Spans at Southshore","state":"LA","provider":"Louisiana DOT (511la)","hls":"https://itsstreamingno.dotd.la.gov/public/ns-cam-254.streams/playlist.m3u8","snapshot":"https://511la.org/map/Cctv/286","refreshMs":30000,"attribution":"Ora (Warner Varnado) · Louisiana DOT (511la)"}},{"type":"Feature","geometry":{"type":"Point","coordinates":[-89.837021,30.169801]},"properties":{"id":"ora-la-159","name":"I-10 Twin Spans at MM 256.5","state":"LA","provider":"Louisiana DOT (511la)","hls":"https://itsstreamingno.dotd.la.gov/public/ns-cam-256.streams/playlist.m3u8","snapshot":"https://511la.org/map/Cctv/288","refreshMs":30000,"attribution":"Ora (Warner Varnado) · Louisiana DOT (511la)"}},{"type":"Feature","geometry":{"type":"Point","coordinates":[-89.820483,30.185375]},"properties":{"id":"ora-la-160","name":"I-10 Twin Spans at MM 258","state":"LA","provider":"Louisiana DOT (511la)","hls":"https://itsstreamingno.dotd.la.gov/public/ns-cam-258.streams/playlist.m3u8","snapshot":"https://511la.org/map/Cctv/290","refreshMs":30000,"attribution":"Ora (Warner Varnado) · Louisiana DOT (511la)"}},{"type":"Feature","geometry":{"type":"Point","coordinates":[-89.793302,30.21209]},"properties":{"id":"ora-la-161","name":"I-10 Twin Spans at Northshore","state":"LA","provider":"Louisiana DOT (511la)","hls":"https://itsstreamingno.dotd.la.gov/public/ns-cam-260.streams/playlist.m3u8","snapshot":"https://511la.org/map/Cctv/292","refreshMs":30000,"attribution":"Ora (Warner Varnado) · Louisiana DOT (511la)"}},{"type":"Feature","geometry":{"type":"Point","coordinates":[-90.2211,29.2696]},"properties":{"id":"ora-la-162","name":"LA 1 North Leeville","state":"LA","provider":"Louisiana DOT (511la)","hls":"https://itsstreamingno.dotd.la.gov/public/lee-cam-001.streams/playlist.m3u8","snapshot":"https://511la.org/map/Cctv/294","refreshMs":30000,"attribution":"Ora (Warner Varnado) · Louisiana DOT (511la)"}},{"type":"Feature","geometry":{"type":"Point","coordinates":[-90.2158,29.258909]},"properties":{"id":"ora-la-163","name":"LA 1 @ Leeville Toll Plaza","state":"LA","provider":"Louisiana DOT (511la)","hls":"https://itsstreamingno.dotd.la.gov/public/lee-cam-002.streams/playlist.m3u8","snapshot":"https://511la.org/map/Cctv/295","refreshMs":30000,"attribution":"Ora (Warner Varnado) · Louisiana DOT (511la)"}},{"type":"Feature","geometry":{"type":"Point","coordinates":[-91.22457,30.41434]},"properties":{"id":"ora-la-164","name":"LA1 at American Way","state":"LA","provider":"Louisiana DOT (511la)","hls":"https://itsstreamingbr.dotd.la.gov/public/br-cam-101.streams/playlist.m3u8","snapshot":"https://511la.org/map/Cctv/301","refreshMs":30000,"attribution":"Ora (Warner Varnado) · Louisiana DOT (511la)"}},{"type":"Feature","geometry":{"type":"Point","coordinates":[-92.074337,32.568231]},"properties":{"id":"ora-la-165","name":"US 165 at Finks Hideaway","state":"LA","provider":"Louisiana DOT (511la)","hls":"https://itsstreamingbr2.dotd.la.gov/public/mnr-cam-013.streams/playlist.m3u8","snapshot":"https://511la.org/map/Cctv/302","refreshMs":30000,"attribution":"Ora (Warner Varnado) · Louisiana DOT (511la)"}},{"type":"Feature","geometry":{"type":"Point","coordinates":[-92.077104,32.551441]},"properties":{"id":"ora-la-166","name":"US 165 before Forsythe Bypass","state":"LA","provider":"Louisiana DOT (511la)","hls":"https://itsstreamingbr2.dotd.la.gov/public/mnr-cam-015.streams/playlist.m3u8","snapshot":"https://511la.org/map/Cctv/304","refreshMs":30000,"attribution":"Ora (Warner Varnado) · Louisiana DOT (511la)"}},{"type":"Feature","geometry":{"type":"Point","coordinates":[-92.080536,32.529653]},"properties":{"id":"ora-la-167","name":"US 165 at Ferrand Street","state":"LA","provider":"Louisiana DOT (511la)","hls":"https://itsstreamingbr2.dotd.la.gov/public/mnr-cam-017.streams/playlist.m3u8","snapshot":"https://511la.org/map/Cctv/306","refreshMs":30000,"attribution":"Ora (Warner Varnado) · Louisiana DOT (511la)"}},{"type":"Feature","geometry":{"type":"Point","coordinates":[-92.080234,32.51398]},"properties":{"id":"ora-la-168","name":"US 165 at Renwick","state":"LA","provider":"Louisiana DOT (511la)","hls":"https://itsstreamingbr2.dotd.la.gov/public/mnr-cam-019.streams/playlist.m3u8","snapshot":"https://511la.org/map/Cctv/308","refreshMs":30000,"attribution":"Ora (Warner Varnado) · Louisiana DOT (511la)"}},{"type":"Feature","geometry":{"type":"Point","coordinates":[-92.082748,32.482146]},"properties":{"id":"ora-la-169","name":"US 165 at Winsboro","state":"LA","provider":"Louisiana DOT (511la)","hls":"https://itsstreamingbr2.dotd.la.gov/public/mnr-cam-021.streams/playlist.m3u8","snapshot":"https://511la.org/map/Cctv/310","refreshMs":30000,"attribution":"Ora (Warner Varnado) · Louisiana DOT (511la)"}},{"type":"Feature","geometry":{"type":"Point","coordinates":[-92.084437,32.448785]},"properties":{"id":"ora-la-170","name":"US 165 at Richwood","state":"LA","provider":"Louisiana DOT (511la)","hls":"https://itsstreamingbr2.dotd.la.gov/public/mnr-cam-023.streams/playlist.m3u8","snapshot":"https://511la.org/map/Cctv/312","refreshMs":30000,"attribution":"Ora (Warner Varnado) · Louisiana DOT (511la)"}},{"type":"Feature","geometry":{"type":"Point","coordinates":[-90.12913956,29.99622089]},"properties":{"id":"ora-la-171","name":"I-10 at Aris Ave","state":"LA","provider":"Louisiana DOT (511la)","hls":"https://ITSStreamingNO.dotd.la.gov/public/nor-cam-010.streams/playlist.m3u8","snapshot":"https://511la.org/map/Cctv/314","refreshMs":30000,"attribution":"Ora (Warner Varnado) · Louisiana DOT (511la)"}},{"type":"Feature","geometry":{"type":"Point","coordinates":[-90.1163181071429,29.987933]},"properties":{"id":"ora-la-172","name":"I-10 at Mound Ave.","state":"LA","provider":"Louisiana DOT (511la)","hls":"https://ITSStreamingNO.dotd.la.gov/public/nor-cam-013.streams/playlist.m3u8","snapshot":"https://511la.org/map/Cctv/315","refreshMs":30000,"attribution":"Ora (Warner Varnado) · Louisiana DOT (511la)"}},{"type":"Feature","geometry":{"type":"Point","coordinates":[-90.10864258,29.9687761369347]},"properties":{"id":"ora-la-173","name":"I-10 at Carrolton","state":"LA","provider":"Louisiana DOT (511la)","hls":"https://ITSStreamingNO.dotd.la.gov/public/nor-cam-124.streams/playlist.m3u8","snapshot":"https://511la.org/map/Cctv/316","refreshMs":30000,"attribution":"Ora (Warner Varnado) · Louisiana DOT (511la)"}},{"type":"Feature","geometry":{"type":"Point","coordinates":[-90.1098203570609,29.9708550236876]},"properties":{"id":"ora-la-174","name":"I-10 at Airline Hwy","state":"LA","provider":"Louisiana DOT (511la)","hls":"https://ITSStreamingNO.dotd.la.gov/public/nor-cam-116.streams/playlist.m3u8","snapshot":"https://511la.org/map/Cctv/318","refreshMs":30000,"attribution":"Ora (Warner Varnado) · Louisiana DOT (511la)"}},{"type":"Feature","geometry":{"type":"Point","coordinates":[-90.1009,29.96214]},"properties":{"id":"ora-la-175","name":"I-10 at Jefferson Davis Pkwy.","state":"LA","provider":"Louisiana DOT (511la)","hls":"https://ITSStreamingNO.dotd.la.gov/public/nor-cam-016.streams/playlist.m3u8","snapshot":"https://511la.org/map/Cctv/320","refreshMs":30000,"attribution":"Ora (Warner Varnado) · Louisiana DOT (511la)"}},{"type":"Feature","geometry":{"type":"Point","coordinates":[-90.0966568,29.95965195]},"properties":{"id":"ora-la-176","name":"I-10 at Jefferson Davis DMS","state":"LA","provider":"Louisiana DOT (511la)","hls":"https://ITSStreamingNO.dotd.la.gov/public/nor-cam-127.streams/playlist.m3u8","snapshot":"https://511la.org/map/Cctv/321","refreshMs":30000,"attribution":"Ora (Warner Varnado) · Louisiana DOT (511la)"}},{"type":"Feature","geometry":{"type":"Point","coordinates":[-90.08535,29.9539701806554]},"properties":{"id":"ora-la-177","name":"I-10 at US 90 Claiborne Overpass","state":"LA","provider":"Louisiana DOT (511la)","hls":"https://ITSStreamingNO.dotd.la.gov/public/nor-cam-114.streams/playlist.m3u8","snapshot":"https://511la.org/map/Cctv/323","refreshMs":30000,"attribution":"Ora (Warner Varnado) · Louisiana DOT (511la)"}},{"type":"Feature","geometry":{"type":"Point","coordinates":[-90.0737700810955,29.9634311897707]},"properties":{"id":"ora-la-178","name":"I-10 at Orleans Ave","state":"LA","provider":"Louisiana DOT (511la)","hls":"https://ITSStreamingNO.dotd.la.gov/public/nor-cam-113.streams/playlist.m3u8","snapshot":"https://511la.org/map/Cctv/325","refreshMs":30000,"attribution":"Ora (Warner Varnado) · Louisiana DOT (511la)"}},{"type":"Feature","geometry":{"type":"Point","coordinates":[-90.06374359,29.9746442865292]},"properties":{"id":"ora-la-179","name":"I-10 at Claiborne","state":"LA","provider":"Louisiana DOT (511la)","hls":"https://ITSStreamingNO.dotd.la.gov/public/nor-cam-111.streams/playlist.m3u8","snapshot":"https://511la.org/map/Cctv/336","refreshMs":30000,"attribution":"Ora (Warner Varnado) · Louisiana DOT (511la)"}},{"type":"Feature","geometry":{"type":"Point","coordinates":[-90.0569260616223,29.9810922157123]},"properties":{"id":"ora-la-180","name":"I-10 at Elysian Fields","state":"LA","provider":"Louisiana DOT (511la)","hls":"https://ITSStreamingNO.dotd.la.gov/public/nor-cam-110.streams/playlist.m3u8","snapshot":"https://511la.org/map/Cctv/341","refreshMs":30000,"attribution":"Ora (Warner Varnado) · Louisiana DOT (511la)"}},{"type":"Feature","geometry":{"type":"Point","coordinates":[-90.1218525423556,29.9954798411796]},"properties":{"id":"ora-la-181","name":"I-10/I-610 at 17th Street Canal","state":"LA","provider":"Louisiana DOT (511la)","hls":"https://ITSStreamingNO.dotd.la.gov/public/nor-cam-125.streams/playlist.m3u8","snapshot":"https://511la.org/map/Cctv/342","refreshMs":30000,"attribution":"Ora (Warner Varnado) · Louisiana DOT (511la)"}},{"type":"Feature","geometry":{"type":"Point","coordinates":[-90.035362,30.0028292657005]},"properties":{"id":"ora-la-182","name":"I-10 at Louisa","state":"LA","provider":"Louisiana DOT (511la)","hls":"https://ITSStreamingNO.dotd.la.gov/public/nor-cam-063.streams/playlist.m3u8","snapshot":"https://511la.org/map/Cctv/343","refreshMs":30000,"attribution":"Ora (Warner Varnado) · Louisiana DOT (511la)"}},{"type":"Feature","geometry":{"type":"Point","coordinates":[-90.012804,30.011324]},"properties":{"id":"ora-la-183","name":"I-10 at Chef Menteur","state":"LA","provider":"Louisiana DOT (511la)","hls":"https://ITSStreamingNO.dotd.la.gov/public/nor-cam-069.streams/playlist.m3u8","snapshot":"https://511la.org/map/Cctv/345","refreshMs":30000,"attribution":"Ora (Warner Varnado) · Louisiana DOT (511la)"}},{"type":"Feature","geometry":{"type":"Point","coordinates":[-89.7835,30.222]},"properties":{"id":"ora-la-184","name":"I-10 at Oak Harbor Blvd","state":"LA","provider":"Louisiana DOT (511la)","hls":"https://ITSStreamingNO.dotd.la.gov/public/ns-cam-018.streams/playlist.m3u8","snapshot":"https://511la.org/map/Cctv/346","refreshMs":30000,"attribution":"Ora (Warner Varnado) · Louisiana DOT (511la)"}},{"type":"Feature","geometry":{"type":"Point","coordinates":[-89.76523,30.24706]},"properties":{"id":"ora-la-185","name":"I-10 at Old Spanish Trail","state":"LA","provider":"Louisiana DOT (511la)","hls":"https://ITSStreamingNO.dotd.la.gov/public/ns-cam-017.streams/playlist.m3u8","snapshot":"https://511la.org/map/Cctv/347","refreshMs":30000,"attribution":"Ora (Warner Varnado) · Louisiana DOT (511la)"}},{"type":"Feature","geometry":{"type":"Point","coordinates":[-89.7495,30.28516667]},"properties":{"id":"ora-la-186","name":"I-10 at US 190","state":"LA","provider":"Louisiana DOT (511la)","hls":"https://ITSStreamingNO.dotd.la.gov/public/ns-cam-015.streams/playlist.m3u8","snapshot":"https://511la.org/map/Cctv/348","refreshMs":30000,"attribution":"Ora (Warner Varnado) · Louisiana DOT (511la)"}},{"type":"Feature","geometry":{"type":"Point","coordinates":[-89.739222375882,30.3038791115017]},"properties":{"id":"ora-la-187","name":"I-10/I-12/I-59 Interchange #1","state":"LA","provider":"Louisiana DOT (511la)","hls":"https://ITSStreamingNO.dotd.la.gov/public/ns-cam-040.streams/playlist.m3u8","snapshot":"https://511la.org/map/Cctv/349","refreshMs":30000,"attribution":"Ora (Warner Varnado) · Louisiana DOT (511la)"}},{"type":"Feature","geometry":{"type":"Point","coordinates":[-92.47013,31.317081]},"properties":{"id":"ora-la-188","name":"LA 1 (Bolton Ave.) at US 71","state":"LA","provider":"Louisiana DOT (511la)","hls":"https://itsstreamingbr2.dotd.la.gov/public/alx-cam-010.streams/playlist.m3u8","snapshot":"https://511la.org/map/Cctv/351","refreshMs":30000,"attribution":"Ora (Warner Varnado) · Louisiana DOT (511la)"}},{"type":"Feature","geometry":{"type":"Point","coordinates":[-92.480835,31.299614]},"properties":{"id":"ora-la-189","name":"US 71 at LA 28 (Monroe St.)","state":"LA","provider":"Louisiana DOT (511la)","hls":"https://itsstreamingbr2.dotd.la.gov/public/alx-cam-011.streams/playlist.m3u8","snapshot":"https://511la.org/map/Cctv/352","refreshMs":30000,"attribution":"Ora (Warner Varnado) · Louisiana DOT (511la)"}},{"type":"Feature","geometry":{"type":"Point","coordinates":[-92.50414,31.295149]},"properties":{"id":"ora-la-190","name":"LA 28 at John Eskew","state":"LA","provider":"Louisiana DOT (511la)","hls":"https://itsstreamingbr2.dotd.la.gov/public/alx-cam-012.streams/playlist.m3u8","snapshot":"https://511la.org/map/Cctv/353","refreshMs":30000,"attribution":"Ora (Warner Varnado) · Louisiana DOT (511la)"}},{"type":"Feature","geometry":{"type":"Point","coordinates":[-92.47488,31.286772]},"properties":{"id":"ora-la-191","name":"US 71 at LA 1208 ( Jackson St.)","state":"LA","provider":"Louisiana DOT (511la)","hls":"https://itsstreamingbr2.dotd.la.gov/public/alx-cam-013.streams/playlist.m3u8","snapshot":"https://511la.org/map/Cctv/354","refreshMs":30000,"attribution":"Ora (Warner Varnado) · Louisiana DOT (511la)"}},{"type":"Feature","geometry":{"type":"Point","coordinates":[-92.469154,31.275518]},"properties":{"id":"ora-la-192","name":"US 71 at Masonic Circle (NW)","state":"LA","provider":"Louisiana DOT (511la)","hls":"https://itsstreamingbr2.dotd.la.gov/public/alx-cam-014.streams/playlist.m3u8","snapshot":"https://511la.org/map/Cctv/355","refreshMs":30000,"attribution":"Ora (Warner Varnado) · Louisiana DOT (511la)"}},{"type":"Feature","geometry":{"type":"Point","coordinates":[-92.4686,31.272272]},"properties":{"id":"ora-la-193","name":"US 71 at Masonic Circle (SW)","state":"LA","provider":"Louisiana DOT (511la)","hls":"https://itsstreamingbr2.dotd.la.gov/public/alx-cam-016.streams/playlist.m3u8","snapshot":"https://511la.org/map/Cctv/357","refreshMs":30000,"attribution":"Ora (Warner Varnado) · Louisiana DOT (511la)"}},{"type":"Feature","geometry":{"type":"Point","coordinates":[-92.46509,31.272743]},"properties":{"id":"ora-la-194","name":"US 71 at Masonic Circle (SE)","state":"LA","provider":"Louisiana DOT (511la)","hls":"https://itsstreamingbr2.dotd.la.gov/public/alx-cam-017.streams/playlist.m3u8","snapshot":"https://511la.org/map/Cctv/358","refreshMs":30000,"attribution":"Ora (Warner Varnado) · Louisiana DOT (511la)"}},{"type":"Feature","geometry":{"type":"Point","coordinates":[-92.44901,31.262054]},"properties":{"id":"ora-la-195","name":"US 71 at LEE St./Horseshoe Dr.","state":"LA","provider":"Louisiana DOT (511la)","hls":"https://itsstreamingbr2.dotd.la.gov/public/alx-cam-019.streams/playlist.m3u8","snapshot":"https://511la.org/map/Cctv/360","refreshMs":30000,"attribution":"Ora (Warner Varnado) · Louisiana DOT (511la)"}},{"type":"Feature","geometry":{"type":"Point","coordinates":[-92.438324,31.252947]},"properties":{"id":"ora-la-196","name":"US 71 at LA 3250 (Sugarhouse Rd.)","state":"LA","provider":"Louisiana DOT (511la)","hls":"https://itsstreamingbr2.dotd.la.gov/public/alx-cam-020.streams/playlist.m3u8","snapshot":"https://511la.org/map/Cctv/361","refreshMs":30000,"attribution":"Ora (Warner Varnado) · Louisiana DOT (511la)"}},{"type":"Feature","geometry":{"type":"Point","coordinates":[-89.7131295433455,30.2984104477655]},"properties":{"id":"ora-la-197","name":"I-10 East of I-10/I-12/I-59 Split","state":"LA","provider":"Louisiana DOT (511la)","hls":"https://ITSStreamingNO.dotd.la.gov/public/ns-cam-012.streams/playlist.m3u8","snapshot":"https://511la.org/map/Cctv/362","refreshMs":30000,"attribution":"Ora (Warner Varnado) · Louisiana DOT (511la)"}},{"type":"Feature","geometry":{"type":"Point","coordinates":[-91.178718567,30.443799973]},"properties":{"id":"ora-la-198","name":"I-110 at Government St.","state":"LA","provider":"Louisiana DOT (511la)","hls":"https://ITSStreamingBR.dotd.la.gov/public/br-cam-012.streams/playlist.m3u8","snapshot":"https://511la.org/map/Cctv/363","refreshMs":30000,"attribution":"Ora (Warner Varnado) · Louisiana DOT (511la)"}},{"type":"Feature","geometry":{"type":"Point","coordinates":[-91.179374,30.4570245]},"properties":{"id":"ora-la-199","name":"I-110 at Governors Mansion","state":"LA","provider":"Louisiana DOT (511la)","hls":"https://ITSStreamingBR.dotd.la.gov/public/br-cam-017.streams/playlist.m3u8","snapshot":"https://511la.org/map/Cctv/364","refreshMs":30000,"attribution":"Ora (Warner Varnado) · Louisiana DOT (511la)"}},{"type":"Feature","geometry":{"type":"Point","coordinates":[-91.1662832943755,30.458950043]},"properties":{"id":"ora-la-200","name":"I-110 at North 22nd St.","state":"LA","provider":"Louisiana DOT (511la)","hls":"https://ITSStreamingBR.dotd.la.gov/public/br-cam-018.streams/playlist.m3u8","snapshot":"https://511la.org/map/Cctv/365","refreshMs":30000,"attribution":"Ora (Warner Varnado) · Louisiana DOT (511la)"}},{"type":"Feature","geometry":{"type":"Point","coordinates":[-91.16709,30.47113]},"properties":{"id":"ora-la-201","name":"I-110 at Chippewa","state":"LA","provider":"Louisiana DOT (511la)","hls":"https://ITSStreamingBR.dotd.la.gov/public/br-cam-036.streams/playlist.m3u8","snapshot":"https://511la.org/map/Cctv/366","refreshMs":30000,"attribution":"Ora (Warner Varnado) · Louisiana DOT (511la)"}},{"type":"Feature","geometry":{"type":"Point","coordinates":[-91.158442,30.509044]},"properties":{"id":"ora-la-202","name":"I-110 at US 61","state":"LA","provider":"Louisiana DOT (511la)","hls":"https://ITSStreamingBR.dotd.la.gov/public/br-cam-131.streams/playlist.m3u8","snapshot":"https://511la.org/map/Cctv/367","refreshMs":30000,"attribution":"Ora (Warner Varnado) · Louisiana DOT (511la)"}},{"type":"Feature","geometry":{"type":"Point","coordinates":[-91.159115,30.51702127]},"properties":{"id":"ora-la-203","name":"I-110 at 72nd St","state":"LA","provider":"Louisiana DOT (511la)","hls":"https://ITSStreamingBR.dotd.la.gov/public/br-cam-130.streams/playlist.m3u8","snapshot":"https://511la.org/map/Cctv/371","refreshMs":30000,"attribution":"Ora (Warner Varnado) · Louisiana DOT (511la)"}},{"type":"Feature","geometry":{"type":"Point","coordinates":[-91.1056382017972,30.4178512892951]},"properties":{"id":"ora-la-204","name":"I-12 E of I-12 Split","state":"LA","provider":"Louisiana DOT (511la)","hls":"https://ITSStreamingBR.dotd.la.gov/public/br-cam-003.streams/playlist.m3u8","snapshot":"https://511la.org/map/Cctv/372","refreshMs":30000,"attribution":"Ora (Warner Varnado) · Louisiana DOT (511la)"}},{"type":"Feature","geometry":{"type":"Point","coordinates":[-91.09792,30.41735]},"properties":{"id":"ora-la-205","name":"I-12 at Essen Lane","state":"LA","provider":"Louisiana DOT (511la)","hls":"https://ITSStreamingBR.dotd.la.gov/public/br-cam-002.streams/playlist.m3u8","snapshot":"https://511la.org/map/Cctv/373","refreshMs":30000,"attribution":"Ora (Warner Varnado) · Louisiana DOT (511la)"}},{"type":"Feature","geometry":{"type":"Point","coordinates":[-91.089664,30.417716]},"properties":{"id":"ora-la-206","name":"I-12 at Drusilla Lane","state":"LA","provider":"Louisiana DOT (511la)","hls":"https://ITSStreamingBR.dotd.la.gov/public/br-cam-001.streams/playlist.m3u8","snapshot":"https://511la.org/map/Cctv/374","refreshMs":30000,"attribution":"Ora (Warner Varnado) · Louisiana DOT (511la)"}},{"type":"Feature","geometry":{"type":"Point","coordinates":[-91.05702972,30.43048668]},"properties":{"id":"ora-la-207","name":"I-12 at Sherwood","state":"LA","provider":"Louisiana DOT (511la)","hls":"https://ITSStreamingBR.dotd.la.gov/public/br-cam-038.streams/playlist.m3u8","snapshot":"https://511la.org/map/Cctv/375","refreshMs":30000,"attribution":"Ora (Warner Varnado) · Louisiana DOT (511la)"}},{"type":"Feature","geometry":{"type":"Point","coordinates":[-91.041885,30.43413]},"properties":{"id":"ora-la-208","name":"I-12 at Jones Creek","state":"LA","provider":"Louisiana DOT (511la)","hls":"https://ITSStreamingBR.dotd.la.gov/public/br-cam-043.streams/playlist.m3u8","snapshot":"https://511la.org/map/Cctv/377","refreshMs":30000,"attribution":"Ora (Warner Varnado) · Louisiana DOT (511la)"}},{"type":"Feature","geometry":{"type":"Point","coordinates":[-91.07485199,30.4238284536743]},"properties":{"id":"ora-la-209","name":"I-12 at Airline Hwy.","state":"LA","provider":"Louisiana DOT (511la)","hls":"https://ITSStreamingBR.dotd.la.gov/public/br-cam-023.streams/playlist.m3u8","snapshot":"https://511la.org/map/Cctv/378","refreshMs":30000,"attribution":"Ora (Warner Varnado) · Louisiana DOT (511la)"}},{"type":"Feature","geometry":{"type":"Point","coordinates":[-91.02481842,30.4379880678812]},"properties":{"id":"ora-la-210","name":"I-12 at Millerville","state":"LA","provider":"Louisiana DOT (511la)","hls":"https://ITSStreamingBR.dotd.la.gov/public/br-cam-046.streams/playlist.m3u8","snapshot":"https://511la.org/map/Cctv/380","refreshMs":30000,"attribution":"Ora (Warner Varnado) · Louisiana DOT (511la)"}},{"type":"Feature","geometry":{"type":"Point","coordinates":[-91.00709534,30.44300652]},"properties":{"id":"ora-la-211","name":"I-12 at O Neal Lane","state":"LA","provider":"Louisiana DOT (511la)","hls":"https://ITSStreamingBR.dotd.la.gov/public/br-cam-051.streams/playlist.m3u8","snapshot":"https://511la.org/map/Cctv/382","refreshMs":30000,"attribution":"Ora (Warner Varnado) · Louisiana DOT (511la)"}},{"type":"Feature","geometry":{"type":"Point","coordinates":[-90.97001648,30.4514395438341]},"properties":{"id":"ora-la-212","name":"I-12 at 4H Club Road","state":"LA","provider":"Louisiana DOT (511la)","hls":"https://ITSStreamingBR.dotd.la.gov/public/br-cam-135.streams/playlist.m3u8","snapshot":"https://511la.org/map/Cctv/384","refreshMs":30000,"attribution":"Ora (Warner Varnado) · Louisiana DOT (511la)"}},{"type":"Feature","geometry":{"type":"Point","coordinates":[-90.9547335823453,30.45526314]},"properties":{"id":"ora-la-213","name":"I-12 at Range Ave","state":"LA","provider":"Louisiana DOT (511la)","hls":"https://ITSStreamingBR.dotd.la.gov/public/br-cam-059.streams/playlist.m3u8","snapshot":"https://511la.org/map/Cctv/386","refreshMs":30000,"attribution":"Ora (Warner Varnado) · Louisiana DOT (511la)"}},{"type":"Feature","geometry":{"type":"Point","coordinates":[-90.9174639598624,30.4644361675972]},"properties":{"id":"ora-la-214","name":"I-12 at Juban Rd","state":"LA","provider":"Louisiana DOT (511la)","hls":"https://ITSStreamingBR.dotd.la.gov/public/br-cam-067.streams/playlist.m3u8","snapshot":"https://511la.org/map/Cctv/388","refreshMs":30000,"attribution":"Ora (Warner Varnado) · Louisiana DOT (511la)"}},{"type":"Feature","geometry":{"type":"Point","coordinates":[-90.86262335,30.4700052]},"properties":{"id":"ora-la-215","name":"I-12 at Walker","state":"LA","provider":"Louisiana DOT (511la)","hls":"https://ITSStreamingBR.dotd.la.gov/public/br-cam-072.streams/playlist.m3u8","snapshot":"https://511la.org/map/Cctv/390","refreshMs":30000,"attribution":"Ora (Warner Varnado) · Louisiana DOT (511la)"}},{"type":"Feature","geometry":{"type":"Point","coordinates":[-90.5065,30.47966667]},"properties":{"id":"ora-la-216","name":"I-12 W of I-55","state":"LA","provider":"Louisiana DOT (511la)","hls":"https://ITSStreamingNO.dotd.la.gov/public/ns-cam-003.streams/playlist.m3u8","snapshot":"https://511la.org/map/Cctv/392","refreshMs":30000,"attribution":"Ora (Warner Varnado) · Louisiana DOT (511la)"}},{"type":"Feature","geometry":{"type":"Point","coordinates":[-90.48942909,30.47885731]},"properties":{"id":"ora-la-217","name":"I-12 at I-12/I-55 Junction","state":"LA","provider":"Louisiana DOT (511la)","hls":"https://ITSStreamingNO.dotd.la.gov/public/ns-cam-001.streams/playlist.m3u8","snapshot":"https://511la.org/map/Cctv/393","refreshMs":30000,"attribution":"Ora (Warner Varnado) · Louisiana DOT (511la)"}},{"type":"Feature","geometry":{"type":"Point","coordinates":[-90.46966667,30.47866667]},"properties":{"id":"ora-la-218","name":"I-12 E of I-55","state":"LA","provider":"Louisiana DOT (511la)","hls":"https://ITSStreamingNO.dotd.la.gov/public/ns-cam-004.streams/playlist.m3u8","snapshot":"https://511la.org/map/Cctv/395","refreshMs":30000,"attribution":"Ora (Warner Varnado) · Louisiana DOT (511la)"}},{"type":"Feature","geometry":{"type":"Point","coordinates":[-90.11516667,30.43816667]},"properties":{"id":"ora-la-219","name":"I-12 W of US 190","state":"LA","provider":"Louisiana DOT (511la)","hls":"https://ITSStreamingNO.dotd.la.gov/public/ns-cam-011.streams/playlist.m3u8","snapshot":"https://511la.org/map/Cctv/396","refreshMs":30000,"attribution":"Ora (Warner Varnado) · Louisiana DOT (511la)"}},{"type":"Feature","geometry":{"type":"Point","coordinates":[-90.0690424155671,30.425290166701]},"properties":{"id":"ora-la-220","name":"I-12 E of US 190","state":"LA","provider":"Louisiana DOT (511la)","hls":"https://ITSStreamingNO.dotd.la.gov/public/ns-cam-010.streams/playlist.m3u8","snapshot":"https://511la.org/map/Cctv/397","refreshMs":30000,"attribution":"Ora (Warner Varnado) · Louisiana DOT (511la)"}},{"type":"Feature","geometry":{"type":"Point","coordinates":[-90.084297,30.428913]},"properties":{"id":"ora-la-221","name":"I-12 at US 190","state":"LA","provider":"Louisiana DOT (511la)","hls":"https://ITSStreamingNO.dotd.la.gov/public/ns-cam-005.streams/playlist.m3u8","snapshot":"https://511la.org/map/Cctv/398","refreshMs":30000,"attribution":"Ora (Warner Varnado) · Louisiana DOT (511la)"}},{"type":"Feature","geometry":{"type":"Point","coordinates":[-89.80116667,30.30983333]},"properties":{"id":"ora-la-222","name":"I-12 W of US 11","state":"LA","provider":"Louisiana DOT (511la)","hls":"https://ITSStreamingNO.dotd.la.gov/public/ns-cam-025.streams/playlist.m3u8","snapshot":"https://511la.org/map/Cctv/402","refreshMs":30000,"attribution":"Ora (Warner Varnado) · Louisiana DOT (511la)"}},{"type":"Feature","geometry":{"type":"Point","coordinates":[-89.74169922,30.30682945]},"properties":{"id":"ora-la-223","name":"I-12 W of I-10/I-12/I-59","state":"LA","provider":"Louisiana DOT (511la)","hls":"https://ITSStreamingNO.dotd.la.gov/public/ns-cam-042.streams/playlist.m3u8","snapshot":"https://511la.org/map/Cctv/403","refreshMs":30000,"attribution":"Ora (Warner Varnado) · Louisiana DOT (511la)"}},{"type":"Feature","geometry":{"type":"Point","coordinates":[-93.865556,32.451111]},"properties":{"id":"ora-la-224","name":"I-20 at Pines Rd","state":"LA","provider":"Louisiana DOT (511la)","hls":"https://ITSStreamingBR2.dotd.la.gov/public/shr-cam-019.streams/playlist.m3u8","snapshot":"https://511la.org/map/Cctv/405","refreshMs":30000,"attribution":"Ora (Warner Varnado) · Louisiana DOT (511la)"}},{"type":"Feature","geometry":{"type":"Point","coordinates":[-93.898611,32.447778]},"properties":{"id":"ora-la-225","name":"I-20 at Bert Kouns","state":"LA","provider":"Louisiana DOT (511la)","hls":"https://ITSStreamingBR2.dotd.la.gov/public/shr-cam-018.streams/playlist.m3u8","snapshot":"https://511la.org/map/Cctv/406","refreshMs":30000,"attribution":"Ora (Warner Varnado) · Louisiana DOT (511la)"}},{"type":"Feature","geometry":{"type":"Point","coordinates":[-90.116333,29.9954220789946]},"properties":{"id":"ora-la-226","name":"I-610 at West End","state":"LA","provider":"Louisiana DOT (511la)","hls":"https://ITSStreamingNO.dotd.la.gov/public/nor-cam-122.streams/playlist.m3u8","snapshot":"https://511la.org/map/Cctv/407","refreshMs":30000,"attribution":"Ora (Warner Varnado) · Louisiana DOT (511la)"}},{"type":"Feature","geometry":{"type":"Point","coordinates":[-90.920129,30.19261]},"properties":{"id":"ora-la-227","name":"I-10 at LA 44","state":"LA","provider":"Louisiana DOT (511la)","hls":"https://ITSStreamingBR.dotd.la.gov/public/br-cam-115.streams/playlist.m3u8","snapshot":"https://511la.org/map/Cctv/409","refreshMs":30000,"attribution":"Ora (Warner Varnado) · Louisiana DOT (511la)"}},{"type":"Feature","geometry":{"type":"Point","coordinates":[-90.88094,30.16645]},"properties":{"id":"ora-la-228","name":"LA 22 at LA 70","state":"LA","provider":"Louisiana DOT (511la)","hls":"https://ITSStreamingBR.dotd.la.gov/public/br-cam-212.streams/playlist.m3u8","snapshot":"https://511la.org/map/Cctv/411","refreshMs":30000,"attribution":"Ora (Warner Varnado) · Louisiana DOT (511la)"}},{"type":"Feature","geometry":{"type":"Point","coordinates":[-93.180506,30.2464337865854]},"properties":{"id":"ora-la-229","name":"I-10 at US 171","state":"LA","provider":"Louisiana DOT (511la)","hls":"https://ITSStreamingBR2.dotd.la.gov/public/lkc-cam-331.streams/playlist.m3u8","snapshot":"https://511la.org/map/Cctv/412","refreshMs":30000,"attribution":"Ora (Warner Varnado) · Louisiana DOT (511la)"}},{"type":"Feature","geometry":{"type":"Point","coordinates":[-92.06597815,30.24681877]},"properties":{"id":"ora-la-230","name":"I-10 at Ambassador Caffery","state":"LA","provider":"Louisiana DOT (511la)","hls":"https://ITSStreamingBR2.dotd.la.gov/public/laf-cam-031.streams/playlist.m3u8","snapshot":"https://511la.org/map/Cctv/413","refreshMs":30000,"attribution":"Ora (Warner Varnado) · Louisiana DOT (511la)"}},{"type":"Feature","geometry":{"type":"Point","coordinates":[-92.01621057,30.25916297]},"properties":{"id":"ora-la-231","name":"I-10 at I-49","state":"LA","provider":"Louisiana DOT (511la)","hls":"https://ITSStreamingBR2.dotd.la.gov/public/laf-cam-038.streams/playlist.m3u8","snapshot":"https://511la.org/map/Cctv/414","refreshMs":30000,"attribution":"Ora (Warner Varnado) · Louisiana DOT (511la)"}},{"type":"Feature","geometry":{"type":"Point","coordinates":[-91.99458313,30.26761055]},"properties":{"id":"ora-la-232","name":"I-10 at Louisiana Ave","state":"LA","provider":"Louisiana DOT (511la)","hls":"https://ITSStreamingBR2.dotd.la.gov/public/laf-cam-001.streams/playlist.m3u8","snapshot":"https://511la.org/map/Cctv/416","refreshMs":30000,"attribution":"Ora (Warner Varnado) · Louisiana DOT (511la)"}},{"type":"Feature","geometry":{"type":"Point","coordinates":[-91.91632843,30.2949332751638]},"properties":{"id":"ora-la-233","name":"I-10 at Breaux Bridge","state":"LA","provider":"Louisiana DOT (511la)","hls":"https://ITSStreamingBR2.dotd.la.gov/public/laf-cam-003.streams/playlist.m3u8","snapshot":"https://511la.org/map/Cctv/418","refreshMs":30000,"attribution":"Ora (Warner Varnado) · Louisiana DOT (511la)"}},{"type":"Feature","geometry":{"type":"Point","coordinates":[-91.83283997,30.3150284941001]},"properties":{"id":"ora-la-234","name":"I-10 at LA 347","state":"LA","provider":"Louisiana DOT (511la)","hls":"https://ITSStreamingBR2.dotd.la.gov/public/laf-cam-005.streams/playlist.m3u8","snapshot":"https://511la.org/map/Cctv/420","refreshMs":30000,"attribution":"Ora (Warner Varnado) · Louisiana DOT (511la)"}},{"type":"Feature","geometry":{"type":"Point","coordinates":[-91.75952911,30.3320754829659]},"properties":{"id":"ora-la-235","name":"I-10 at MM 119.5","state":"LA","provider":"Louisiana DOT (511la)","hls":"https://ITSStreamingBR2.dotd.la.gov/public/laf-cam-007.streams/playlist.m3u8","snapshot":"https://511la.org/map/Cctv/422","refreshMs":30000,"attribution":"Ora (Warner Varnado) · Louisiana DOT (511la)"}},{"type":"Feature","geometry":{"type":"Point","coordinates":[-91.67874908,30.3540743217621]},"properties":{"id":"ora-la-236","name":"I-10 at MM 124.5","state":"LA","provider":"Louisiana DOT (511la)","hls":"https://ITSStreamingBR2.dotd.la.gov/public/laf-cam-009.streams/playlist.m3u8","snapshot":"https://511la.org/map/Cctv/424","refreshMs":30000,"attribution":"Ora (Warner Varnado) · Louisiana DOT (511la)"}},{"type":"Feature","geometry":{"type":"Point","coordinates":[-91.62739515,30.36804925]},"properties":{"id":"ora-la-237","name":"I-10 at Whiskey Bay","state":"LA","provider":"Louisiana DOT (511la)","hls":"https://ITSStreamingBR2.dotd.la.gov/public/laf-cam-048.streams/playlist.m3u8","snapshot":"https://511la.org/map/Cctv/426","refreshMs":30000,"attribution":"Ora (Warner Varnado) · Louisiana DOT (511la)"}},{"type":"Feature","geometry":{"type":"Point","coordinates":[-91.56889343,30.38439941]},"properties":{"id":"ora-la-238","name":"I-10 at MM 131.5","state":"LA","provider":"Louisiana DOT (511la)","hls":"https://ITSStreamingBR2.dotd.la.gov/public/laf-cam-011.streams/playlist.m3u8","snapshot":"https://511la.org/map/Cctv/428","refreshMs":30000,"attribution":"Ora (Warner Varnado) · Louisiana DOT (511la)"}},{"type":"Feature","geometry":{"type":"Point","coordinates":[-91.50747942,30.4004653]},"properties":{"id":"ora-la-239","name":"I-10 at Ramah","state":"LA","provider":"Louisiana DOT (511la)","hls":"https://ITSStreamingBR2.dotd.la.gov/public/laf-cam-051.streams/playlist.m3u8","snapshot":"https://511la.org/map/Cctv/430","refreshMs":30000,"attribution":"Ora (Warner Varnado) · Louisiana DOT (511la)"}},{"type":"Feature","geometry":{"type":"Point","coordinates":[-91.462502,30.412639]},"properties":{"id":"ora-la-240","name":"I-10 at Grosse Tete Tower","state":"LA","provider":"Louisiana DOT (511la)","hls":"https://ITSStreamingBR2.dotd.la.gov/public/laf-cam-025.streams/playlist.m3u8","snapshot":"https://511la.org/map/Cctv/432","refreshMs":30000,"attribution":"Ora (Warner Varnado) · Louisiana DOT (511la)"}},{"type":"Feature","geometry":{"type":"Point","coordinates":[-91.244,30.446]},"properties":{"id":"ora-la-241","name":"I-10 at LA 415","state":"LA","provider":"Louisiana DOT (511la)","hls":"https://ITSStreamingBR.dotd.la.gov/public/br-cam-016.streams/playlist.m3u8","snapshot":"https://511la.org/map/Cctv/433","refreshMs":30000,"attribution":"Ora (Warner Varnado) · Louisiana DOT (511la)"}},{"type":"Feature","geometry":{"type":"Point","coordinates":[-91.21071,30.44021347]},"properties":{"id":"ora-la-242","name":"I-10 at LA 1","state":"LA","provider":"Louisiana DOT (511la)","hls":"https://ITSStreamingBR.dotd.la.gov/public/br-cam-015.streams/playlist.m3u8","snapshot":"https://511la.org/map/Cctv/434","refreshMs":30000,"attribution":"Ora (Warner Varnado) · Louisiana DOT (511la)"}},{"type":"Feature","geometry":{"type":"Point","coordinates":[-91.1867054350063,30.4389182592004]},"properties":{"id":"ora-la-243","name":"I-10 at Nicholson","state":"LA","provider":"Louisiana DOT (511la)","hls":"https://ITSStreamingBR.dotd.la.gov/public/br-cam-014.streams/playlist.m3u8","snapshot":"https://511la.org/map/Cctv/435","refreshMs":30000,"attribution":"Ora (Warner Varnado) · Louisiana DOT (511la)"}},{"type":"Feature","geometry":{"type":"Point","coordinates":[-91.17852,30.43832]},"properties":{"id":"ora-la-244","name":"I-10 at I-110 Split","state":"LA","provider":"Louisiana DOT (511la)","hls":"https://ITSStreamingBR.dotd.la.gov/public/br-cam-011.streams/playlist.m3u8","snapshot":"https://511la.org/map/Cctv/436","refreshMs":30000,"attribution":"Ora (Warner Varnado) · Louisiana DOT (511la)"}},{"type":"Feature","geometry":{"type":"Point","coordinates":[-91.1743035708676,30.4309177274243]},"properties":{"id":"ora-la-245","name":"I-10 at Washington Street","state":"LA","provider":"Louisiana DOT (511la)","hls":"https://ITSStreamingBR.dotd.la.gov/public/br-cam-010.streams/playlist.m3u8","snapshot":"https://511la.org/map/Cctv/437","refreshMs":30000,"attribution":"Ora (Warner Varnado) · Louisiana DOT (511la)"}},{"type":"Feature","geometry":{"type":"Point","coordinates":[-91.15739,30.42511]},"properties":{"id":"ora-la-246","name":"I-10 at Perkins Road","state":"LA","provider":"Louisiana DOT (511la)","hls":"https://ITSStreamingBR.dotd.la.gov/public/br-cam-009.streams/playlist.m3u8","snapshot":"https://511la.org/map/Cctv/438","refreshMs":30000,"attribution":"Ora (Warner Varnado) · Louisiana DOT (511la)"}},{"type":"Feature","geometry":{"type":"Point","coordinates":[-91.150466919,30.423879623]},"properties":{"id":"ora-la-247","name":"I-10 at Acadian Thruway","state":"LA","provider":"Louisiana DOT (511la)","hls":"https://ITSStreamingBR.dotd.la.gov/public/br-cam-008.streams/playlist.m3u8","snapshot":"https://511la.org/map/Cctv/439","refreshMs":30000,"attribution":"Ora (Warner Varnado) · Louisiana DOT (511la)"}},{"type":"Feature","geometry":{"type":"Point","coordinates":[-91.1391002826232,30.4228608785919]},"properties":{"id":"ora-la-248","name":"I-10 at College Dr.","state":"LA","provider":"Louisiana DOT (511la)","hls":"https://ITSStreamingBR.dotd.la.gov/public/br-cam-007.streams/playlist.m3u8","snapshot":"https://511la.org/map/Cctv/441","refreshMs":30000,"attribution":"Ora (Warner Varnado) · Louisiana DOT (511la)"}},{"type":"Feature","geometry":{"type":"Point","coordinates":[-91.1295713240901,30.4218196877623]},"properties":{"id":"ora-la-249","name":"I-10 at Citiplace","state":"LA","provider":"Louisiana DOT (511la)","hls":"https://ITSStreamingBR.dotd.la.gov/public/br-cam-006.streams/playlist.m3u8","snapshot":"https://511la.org/map/Cctv/442","refreshMs":30000,"attribution":"Ora (Warner Varnado) · Louisiana DOT (511la)"}},{"type":"Feature","geometry":{"type":"Point","coordinates":[-91.10179138,30.4076134863822]},"properties":{"id":"ora-la-250","name":"I-10 at Essen Lane","state":"LA","provider":"Louisiana DOT (511la)","hls":"https://ITSStreamingBR.dotd.la.gov/public/br-cam-019.streams/playlist.m3u8","snapshot":"https://511la.org/map/Cctv/443","refreshMs":30000,"attribution":"Ora (Warner Varnado) · Louisiana DOT (511la)"}},{"type":"Feature","geometry":{"type":"Point","coordinates":[-91.40775,30.53374]},"properties":{"id":"ora-la-251","name":"US-190 at LA-413(Erwinville)","state":"LA","provider":"Louisiana DOT (511la)","hls":"https://itsstreamingbr.dotd.la.gov/public/br-cam-261.streams/playlist.m3u8","snapshot":"https://511la.org/map/Cctv/445","refreshMs":30000,"attribution":"Ora (Warner Varnado) · Louisiana DOT (511la)"}},{"type":"Feature","geometry":{"type":"Point","coordinates":[-91.55668,30.554552]},"properties":{"id":"ora-la-252","name":"US-190 at LA-411(Livonia)","state":"LA","provider":"Louisiana DOT (511la)","hls":"https://itsstreamingbr.dotd.la.gov/public/br-cam-264.streams/playlist.m3u8","snapshot":"https://511la.org/map/Cctv/447","refreshMs":30000,"attribution":"Ora (Warner Varnado) · Louisiana DOT (511la)"}},{"type":"Feature","geometry":{"type":"Point","coordinates":[-91.086287114359,30.39530182]},"properties":{"id":"ora-la-253","name":"I-10 at Bluebonnet Blvd.","state":"LA","provider":"Louisiana DOT (511la)","hls":"https://ITSStreamingBR.dotd.la.gov/public/br-cam-020.streams/playlist.m3u8","snapshot":"https://511la.org/map/Cctv/449","refreshMs":30000,"attribution":"Ora (Warner Varnado) · Louisiana DOT (511la)"}},{"type":"Feature","geometry":{"type":"Point","coordinates":[-91.078108079865,30.389948511684]},"properties":{"id":"ora-la-254","name":"I-10 at Picardy Extension","state":"LA","provider":"Louisiana DOT (511la)","hls":"https://ITSStreamingBR.dotd.la.gov/public/br-cam-021.streams/playlist.m3u8","snapshot":"https://511la.org/map/Cctv/451","refreshMs":30000,"attribution":"Ora (Warner Varnado) · Louisiana DOT (511la)"}},{"type":"Feature","geometry":{"type":"Point","coordinates":[-91.06578827,30.38162994]},"properties":{"id":"ora-la-255","name":"I-10 at Siegen Lane","state":"LA","provider":"Louisiana DOT (511la)","hls":"https://ITSStreamingBR.dotd.la.gov/public/br-cam-022.streams/playlist.m3u8","snapshot":"https://511la.org/map/Cctv/452","refreshMs":30000,"attribution":"Ora (Warner Varnado) · Louisiana DOT (511la)"}},{"type":"Feature","geometry":{"type":"Point","coordinates":[-91.254695,30.493825]},"properties":{"id":"ora-la-256","name":"US 190 at LA 415","state":"LA","provider":"Louisiana DOT (511la)","hls":"https://ITSStreamingBR.dotd.la.gov/public/br-cam-254.streams/playlist.m3u8","snapshot":"https://511la.org/map/Cctv/454","refreshMs":30000,"attribution":"Ora (Warner Varnado) · Louisiana DOT (511la)"}},{"type":"Feature","geometry":{"type":"Point","coordinates":[-91.00264238,30.31880048]},"properties":{"id":"ora-la-257","name":"I-10 at Bluff Rd.","state":"LA","provider":"Louisiana DOT (511la)","hls":"https://ITSStreamingBR.dotd.la.gov/public/br-cam-106.streams/playlist.m3u8","snapshot":"https://511la.org/map/Cctv/458","refreshMs":30000,"attribution":"Ora (Warner Varnado) · Louisiana DOT (511la)"}},{"type":"Feature","geometry":{"type":"Point","coordinates":[-90.8766779613954,30.171504046368]},"properties":{"id":"ora-la-258","name":"I-10 at LA 22","state":"LA","provider":"Louisiana DOT (511la)","hls":"https://ITSStreamingBR.dotd.la.gov/public/br-cam-111.streams/playlist.m3u8","snapshot":"https://511la.org/map/Cctv/459","refreshMs":30000,"attribution":"Ora (Warner Varnado) · Louisiana DOT (511la)"}},{"type":"Feature","geometry":{"type":"Point","coordinates":[-90.80609894,30.1537600464341]},"properties":{"id":"ora-la-259","name":"I-10 at US 61","state":"LA","provider":"Louisiana DOT (511la)","hls":"https://ITSStreamingBR.dotd.la.gov/public/br-cam-126.streams/playlist.m3u8","snapshot":"https://511la.org/map/Cctv/461","refreshMs":30000,"attribution":"Ora (Warner Varnado) · Louisiana DOT (511la)"}},{"type":"Feature","geometry":{"type":"Point","coordinates":[-90.481526,30.10022463]},"properties":{"id":"ora-la-260","name":"I-10 at LaPlace Tower","state":"LA","provider":"Louisiana DOT (511la)","hls":"https://ITSStreamingNO.dotd.la.gov/public/nor-cam-049.streams/playlist.m3u8","snapshot":"https://511la.org/map/Cctv/465","refreshMs":30000,"attribution":"Ora (Warner Varnado) · Louisiana DOT (511la)"}},{"type":"Feature","geometry":{"type":"Point","coordinates":[-90.44127,30.0884]},"properties":{"id":"ora-la-261","name":"I-10 at US 51","state":"LA","provider":"Louisiana DOT (511la)","hls":"https://ITSStreamingNO.dotd.la.gov/public/nor-cam-048.streams/playlist.m3u8","snapshot":"https://511la.org/map/Cctv/467","refreshMs":30000,"attribution":"Ora (Warner Varnado) · Louisiana DOT (511la)"}},{"type":"Feature","geometry":{"type":"Point","coordinates":[-90.3897,30.06802]},"properties":{"id":"ora-la-262","name":"I-10 at BC Spillway MM 213","state":"LA","provider":"Louisiana DOT (511la)","hls":"https://ITSStreamingNO.dotd.la.gov/public/nor-cam-036.streams/playlist.m3u8","snapshot":"https://511la.org/map/Cctv/469","refreshMs":30000,"attribution":"Ora (Warner Varnado) · Louisiana DOT (511la)"}},{"type":"Feature","geometry":{"type":"Point","coordinates":[-90.37249756,30.05645943]},"properties":{"id":"ora-la-263","name":"I-10 at BC Spillway at MM 214.3","state":"LA","provider":"Louisiana DOT (511la)","hls":"https://ITSStreamingNO.dotd.la.gov/public/nor-cam-034.streams/playlist.m3u8","snapshot":"https://511la.org/map/Cctv/471","refreshMs":30000,"attribution":"Ora (Warner Varnado) · Louisiana DOT (511la)"}},{"type":"Feature","geometry":{"type":"Point","coordinates":[-90.3559108337066,30.04453087]},"properties":{"id":"ora-la-264","name":"I-10 at BC Spillway MM 215.6","state":"LA","provider":"Louisiana DOT (511la)","hls":"https://ITSStreamingNO.dotd.la.gov/public/nor-cam-032.streams/playlist.m3u8","snapshot":"https://511la.org/map/Cctv/473","refreshMs":30000,"attribution":"Ora (Warner Varnado) · Louisiana DOT (511la)"}},{"type":"Feature","geometry":{"type":"Point","coordinates":[-90.3375259160601,30.0320957237701]},"properties":{"id":"ora-la-265","name":"I-10 at BC Spillway MM 217","state":"LA","provider":"Louisiana DOT (511la)","hls":"https://ITSStreamingNO.dotd.la.gov/public/nor-cam-030.streams/playlist.m3u8","snapshot":"https://511la.org/map/Cctv/475","refreshMs":30000,"attribution":"Ora (Warner Varnado) · Louisiana DOT (511la)"}},{"type":"Feature","geometry":{"type":"Point","coordinates":[-90.316444060294,30.01773071]},"properties":{"id":"ora-la-266","name":"I-10 at BC Spillway at MM 218.6","state":"LA","provider":"Louisiana DOT (511la)","hls":"https://ITSStreamingNO.dotd.la.gov/public/nor-cam-028.streams/playlist.m3u8","snapshot":"https://511la.org/map/Cctv/477","refreshMs":30000,"attribution":"Ora (Warner Varnado) · Louisiana DOT (511la)"}},{"type":"Feature","geometry":{"type":"Point","coordinates":[-90.29219818,30.0064210937083]},"properties":{"id":"ora-la-267","name":"I-10 at BC Spillway at I-310","state":"LA","provider":"Louisiana DOT (511la)","hls":"https://ITSStreamingNO.dotd.la.gov/public/nor-cam-026.streams/playlist.m3u8","snapshot":"https://511la.org/map/Cctv/479","refreshMs":30000,"attribution":"Ora (Warner Varnado) · Louisiana DOT (511la)"}},{"type":"Feature","geometry":{"type":"Point","coordinates":[-90.2659846311778,30.00754224352]},"properties":{"id":"ora-la-268","name":"I-10 at Loyola","state":"LA","provider":"Louisiana DOT (511la)","hls":"https://ITSStreamingNO.dotd.la.gov/public/nor-cam-024.streams/playlist.m3u8","snapshot":"https://511la.org/map/Cctv/481","refreshMs":30000,"attribution":"Ora (Warner Varnado) · Louisiana DOT (511la)"}},{"type":"Feature","geometry":{"type":"Point","coordinates":[-90.2405014,30.0092113089713]},"properties":{"id":"ora-la-269","name":"I-10 at Williams","state":"LA","provider":"Louisiana DOT (511la)","hls":"https://ITSStreamingNO.dotd.la.gov/public/nor-cam-022.streams/playlist.m3u8","snapshot":"https://511la.org/map/Cctv/483","refreshMs":30000,"attribution":"Ora (Warner Varnado) · Louisiana DOT (511la)"}},{"type":"Feature","geometry":{"type":"Point","coordinates":[-90.2219107776034,30.0080280250151]},"properties":{"id":"ora-la-270","name":"I-10 at Power Blvd","state":"LA","provider":"Louisiana DOT (511la)","hls":"https://ITSStreamingNO.dotd.la.gov/public/nor-cam-007.streams/playlist.m3u8","snapshot":"https://511la.org/map/Cctv/485","refreshMs":30000,"attribution":"Ora (Warner Varnado) · Louisiana DOT (511la)"}},{"type":"Feature","geometry":{"type":"Point","coordinates":[-90.2085,30.005107605985]},"properties":{"id":"ora-la-271","name":"I-10 at Veterans","state":"LA","provider":"Louisiana DOT (511la)","hls":"https://ITSStreamingNO.dotd.la.gov/public/nor-cam-118.streams/playlist.m3u8","snapshot":"https://511la.org/map/Cctv/486","refreshMs":30000,"attribution":"Ora (Warner Varnado) · Louisiana DOT (511la)"}},{"type":"Feature","geometry":{"type":"Point","coordinates":[-90.184305,29.9988945257732]},"properties":{"id":"ora-la-272","name":"I-10 at Clearview","state":"LA","provider":"Louisiana DOT (511la)","hls":"https://ITSStreamingNO.dotd.la.gov/public/nor-cam-119.streams/playlist.m3u8","snapshot":"https://511la.org/map/Cctv/487","refreshMs":30000,"attribution":"Ora (Warner Varnado) · Louisiana DOT (511la)"}},{"type":"Feature","geometry":{"type":"Point","coordinates":[-90.15544891,29.9973276669981]},"properties":{"id":"ora-la-273","name":"I-10 at Causeway","state":"LA","provider":"Louisiana DOT (511la)","hls":"https://ITSStreamingNO.dotd.la.gov/public/nor-cam-121.streams/playlist.m3u8","snapshot":"https://511la.org/map/Cctv/488","refreshMs":30000,"attribution":"Ora (Warner Varnado) · Louisiana DOT (511la)"}},{"type":"Feature","geometry":{"type":"Point","coordinates":[-90.15478115,29.99730013]},"properties":{"id":"ora-la-274","name":"I-10 at Causeway Blvd.","state":"LA","provider":"Louisiana DOT (511la)","hls":"https://ITSStreamingNO.dotd.la.gov/public/nor-cam-004.streams/playlist.m3u8","snapshot":"https://511la.org/map/Cctv/490","refreshMs":30000,"attribution":"Ora (Warner Varnado) · Louisiana DOT (511la)"}},{"type":"Feature","geometry":{"type":"Point","coordinates":[-90.14278891,29.99686822]},"properties":{"id":"ora-la-275","name":"I-10 at Bonnabel","state":"LA","provider":"Louisiana DOT (511la)","hls":"https://ITSStreamingNO.dotd.la.gov/public/nor-cam-054.streams/playlist.m3u8","snapshot":"https://511la.org/map/Cctv/491","refreshMs":30000,"attribution":"Ora (Warner Varnado) · Louisiana DOT (511la)"}},{"type":"Feature","geometry":{"type":"Point","coordinates":[-90.0483982196295,29.99301529]},"properties":{"id":"ora-la-276","name":"I-10/I-610 at Franklin Ave","state":"LA","provider":"Louisiana DOT (511la)","hls":"https://ITSStreamingNO.dotd.la.gov/public/nor-cam-109.streams/playlist.m3u8","snapshot":"https://511la.org/map/Cctv/492","refreshMs":30000,"attribution":"Ora (Warner Varnado) · Louisiana DOT (511la)"}},{"type":"Feature","geometry":{"type":"Point","coordinates":[-93.2665,30.1956]},"properties":{"id":"ora-la-277","name":"I-210 at Cove Lane","state":"LA","provider":"Louisiana DOT (511la)","hls":"https://itsstreamingbr2.dotd.la.gov/public/lkc-cam-831.streams/playlist.m3u8","snapshot":"https://511la.org/map/Cctv/494","refreshMs":30000,"attribution":"Ora (Warner Varnado) · Louisiana DOT (511la)"}},{"type":"Feature","geometry":{"type":"Point","coordinates":[-93.03494,30.247608]},"properties":{"id":"ora-la-278","name":"I-10 @ N. Thompson Ave. DMS","state":"LA","provider":"Louisiana DOT (511la)","hls":"https://itsstreamingbr2.dotd.la.gov/public/lkc-cam-421.streams/playlist.m3u8","snapshot":"https://511la.org/map/Cctv/496","refreshMs":30000,"attribution":"Ora (Warner Varnado) · Louisiana DOT (511la)"}},{"type":"Feature","geometry":{"type":"Point","coordinates":[-93.2904,30.2132]},"properties":{"id":"ora-la-279","name":"I-210 at Prien Lake Bridge","state":"LA","provider":"Louisiana DOT (511la)","hls":"https://itsstreamingbr2.dotd.la.gov/public/lkc-cam-811.streams/playlist.m3u8","snapshot":"https://511la.org/map/Cctv/497","refreshMs":30000,"attribution":"Ora (Warner Varnado) · Louisiana DOT (511la)"}},{"type":"Feature","geometry":{"type":"Point","coordinates":[-93.2491,30.197]},"properties":{"id":"ora-la-280","name":"I-210 at Nelson Road","state":"LA","provider":"Louisiana DOT (511la)","hls":"https://itsstreamingbr2.dotd.la.gov/public/lkc-cam-841.streams/playlist.m3u8","snapshot":"https://511la.org/map/Cctv/499","refreshMs":30000,"attribution":"Ora (Warner Varnado) · Louisiana DOT (511la)"}},{"type":"Feature","geometry":{"type":"Point","coordinates":[-93.2328,30.1972]},"properties":{"id":"ora-la-281","name":"I-210 at Lake Street","state":"LA","provider":"Louisiana DOT (511la)","hls":"https://itsstreamingbr2.dotd.la.gov/public/lkc-cam-851.streams/playlist.m3u8","snapshot":"https://511la.org/map/Cctv/501","refreshMs":30000,"attribution":"Ora (Warner Varnado) · Louisiana DOT (511la)"}},{"type":"Feature","geometry":{"type":"Point","coordinates":[-93.2183,30.1968]},"properties":{"id":"ora-la-282","name":"I-210 at Ryan Street","state":"LA","provider":"Louisiana DOT (511la)","hls":"https://itsstreamingbr2.dotd.la.gov/public/lkc-cam-861.streams/playlist.m3u8","snapshot":"https://511la.org/map/Cctv/503","refreshMs":30000,"attribution":"Ora (Warner Varnado) · Louisiana DOT (511la)"}},{"type":"Feature","geometry":{"type":"Point","coordinates":[-93.2049,30.1971]},"properties":{"id":"ora-la-283","name":"I-210 at Enterprise","state":"LA","provider":"Louisiana DOT (511la)","hls":"https://itsstreamingbr2.dotd.la.gov/public/lkc-cam-871.streams/playlist.m3u8","snapshot":"https://511la.org/map/Cctv/505","refreshMs":30000,"attribution":"Ora (Warner Varnado) · Louisiana DOT (511la)"}},{"type":"Feature","geometry":{"type":"Point","coordinates":[-93.1805,30.1976]},"properties":{"id":"ora-la-284","name":"I-210 at Hwy 14","state":"LA","provider":"Louisiana DOT (511la)","hls":"https://itsstreamingbr2.dotd.la.gov/public/lkc-cam-881.streams/playlist.m3u8","snapshot":"https://511la.org/map/Cctv/507","refreshMs":30000,"attribution":"Ora (Warner Varnado) · Louisiana DOT (511la)"}},{"type":"Feature","geometry":{"type":"Point","coordinates":[-93.1703,30.2057]},"properties":{"id":"ora-la-285","name":"I-210 at Kayouche Coulee Bridge","state":"LA","provider":"Louisiana DOT (511la)","hls":"https://itsstreamingbr2.dotd.la.gov/public/lkc-cam-891.streams/playlist.m3u8","snapshot":"https://511la.org/map/Cctv/509","refreshMs":30000,"attribution":"Ora (Warner Varnado) · Louisiana DOT (511la)"}},{"type":"Feature","geometry":{"type":"Point","coordinates":[-93.1681,30.2281]},"properties":{"id":"ora-la-286","name":"I-210 at Broad Street","state":"LA","provider":"Louisiana DOT (511la)","hls":"https://itsstreamingbr2.dotd.la.gov/public/lkc-cam-896.streams/playlist.m3u8","snapshot":"https://511la.org/map/Cctv/511","refreshMs":30000,"attribution":"Ora (Warner Varnado) · Louisiana DOT (511la)"}},{"type":"Feature","geometry":{"type":"Point","coordinates":[-90.955986,30.481329]},"properties":{"id":"ora-la-287","name":"US-190 at Range Ave","state":"LA","provider":"Louisiana DOT (511la)","hls":"https://itsstreamingbr.dotd.la.gov/public/br-cam-157.streams/playlist.m3u8","snapshot":"https://511la.org/map/Cctv/513","refreshMs":30000,"attribution":"Ora (Warner Varnado) · Louisiana DOT (511la)"}},{"type":"Feature","geometry":{"type":"Point","coordinates":[-90.142036,30.447161]},"properties":{"id":"ora-la-288","name":"I-12 at LA 21","state":"LA","provider":"Louisiana DOT (511la)","hls":"http://ITSStreamingNO.dotd.la.gov:1935/snapshots?application=public&snap=ns-cam-059.streams&ext=.jpg","snapshot":"https://511la.org/map/Cctv/514","refreshMs":30000,"attribution":"Ora (Warner Varnado) · Louisiana DOT (511la)"}},{"type":"Feature","geometry":{"type":"Point","coordinates":[-90.95599,30.487306]},"properties":{"id":"ora-la-289","name":"Range Ave at Centerville St","state":"LA","provider":"Louisiana DOT (511la)","hls":"https://itsstreamingbr.dotd.la.gov/public/br-cam-158.streams/playlist.m3u8","snapshot":"https://511la.org/map/Cctv/515","refreshMs":30000,"attribution":"Ora (Warner Varnado) · Louisiana DOT (511la)"}},{"type":"Feature","geometry":{"type":"Point","coordinates":[-90.142036,30.447161]},"properties":{"id":"ora-la-290","name":"I-12 at LA 21","state":"LA","provider":"Louisiana DOT (511la)","hls":"https://ITSStreamingNO.dotd.la.gov/public/ns-cam-059.streams/playlist.m3u8","snapshot":"https://511la.org/map/Cctv/516","refreshMs":30000,"attribution":"Ora (Warner Varnado) · Louisiana DOT (511la)"}},{"type":"Feature","geometry":{"type":"Point","coordinates":[-91.22457,30.41434]},"properties":{"id":"ora-la-291","name":"LA1 at American Way","state":"LA","provider":"Louisiana DOT (511la)","hls":"https://itsstreamingbr.dotd.la.gov/public/br-cam-100.streams/playlist.m3u8","snapshot":"https://511la.org/map/Cctv/519","refreshMs":30000,"attribution":"Ora (Warner Varnado) · Louisiana DOT (511la)"}},{"type":"Feature","geometry":{"type":"Point","coordinates":[-92.601707,30.236103]},"properties":{"id":"ora-la-292","name":"I-10 at Riverside","state":"LA","provider":"Louisiana DOT (511la)","hls":"https://itsstreamingbr2.dotd.la.gov/public/laf-cam-067.streams/playlist.m3u8","snapshot":"https://511la.org/map/Cctv/521","refreshMs":30000,"attribution":"Ora (Warner Varnado) · Louisiana DOT (511la)"}},{"type":"Feature","geometry":{"type":"Point","coordinates":[-92.530342,30.231508]},"properties":{"id":"ora-la-293","name":"I-10 at Egan","state":"LA","provider":"Louisiana DOT (511la)","hls":"https://itsstreamingbr2.dotd.la.gov/public/laf-cam-073.streams/playlist.m3u8","snapshot":"https://511la.org/map/Cctv/523","refreshMs":30000,"attribution":"Ora (Warner Varnado) · Louisiana DOT (511la)"}},{"type":"Feature","geometry":{"type":"Point","coordinates":[-92.463776,30.23348]},"properties":{"id":"ora-la-294","name":"I-10 at LA 91 (Estherwood)","state":"LA","provider":"Louisiana DOT (511la)","hls":"https://itsstreamingbr2.dotd.la.gov/public/laf-cam-076.streams/playlist.m3u8","snapshot":"https://511la.org/map/Cctv/525","refreshMs":30000,"attribution":"Ora (Warner Varnado) · Louisiana DOT (511la)"}},{"type":"Feature","geometry":{"type":"Point","coordinates":[-92.065804,30.246655]},"properties":{"id":"ora-la-295","name":"I-10 at LA 3184 (Ambassador Caffery)","state":"LA","provider":"Louisiana DOT (511la)","hls":"https://itsstreamingbr2.dotd.la.gov/public/laf-cam-099.streams/playlist.m3u8","snapshot":"https://511la.org/map/Cctv/527","refreshMs":30000,"attribution":"Ora (Warner Varnado) · Louisiana DOT (511la)"}},{"type":"Feature","geometry":{"type":"Point","coordinates":[-92.035797,30.250883]},"properties":{"id":"ora-la-296","name":"I-10 at LA 182 (N University)","state":"LA","provider":"Louisiana DOT (511la)","hls":"https://itsstreamingbr2.dotd.la.gov/public/laf-cam-101.streams/playlist.m3u8","snapshot":"https://511la.org/map/Cctv/529","refreshMs":30000,"attribution":"Ora (Warner Varnado) · Louisiana DOT (511la)"}},{"type":"Feature","geometry":{"type":"Point","coordinates":[-92.38549,30.235277]},"properties":{"id":"ora-la-297","name":"I-10 at LA 13 (Crowley)","state":"LA","provider":"Louisiana DOT (511la)","hls":"https://itsstreamingbr2.dotd.la.gov/public/laf-cam-080.streams/playlist.m3u8","snapshot":"https://511la.org/map/Cctv/531","refreshMs":30000,"attribution":"Ora (Warner Varnado) · Louisiana DOT (511la)"}},{"type":"Feature","geometry":{"type":"Point","coordinates":[-92.269997,30.2519]},"properties":{"id":"ora-la-298","name":"I-10 at LA 98 (Rayne)","state":"LA","provider":"Louisiana DOT (511la)","hls":"https://itsstreamingbr2.dotd.la.gov/public/laf-cam-087.streams/playlist.m3u8","snapshot":"https://511la.org/map/Cctv/533","refreshMs":30000,"attribution":"Ora (Warner Varnado) · Louisiana DOT (511la)"}},{"type":"Feature","geometry":{"type":"Point","coordinates":[-92.107094,30.24688]},"properties":{"id":"ora-la-299","name":"I-10 at LA 93 (Scott)","state":"LA","provider":"Louisiana DOT (511la)","hls":"https://itsstreamingbr2.dotd.la.gov/public/laf-cam-097.streams/playlist.m3u8","snapshot":"https://511la.org/map/Cctv/535","refreshMs":30000,"attribution":"Ora (Warner Varnado) · Louisiana DOT (511la)"}},{"type":"Feature","geometry":{"type":"Point","coordinates":[-92.929688,30.246246]},"properties":{"id":"ora-la-300","name":"I-10 at LA 101 (Lacassine)","state":"LA","provider":"Louisiana DOT (511la)","hls":"https://itsstreamingbr2.dotd.la.gov/public/lkc-cam-481.streams/playlist.m3u8","snapshot":"https://511la.org/map/Cctv/537","refreshMs":30000,"attribution":"Ora (Warner Varnado) · Louisiana DOT (511la)"}},{"type":"Feature","geometry":{"type":"Point","coordinates":[-92.822067,30.247118]},"properties":{"id":"ora-la-301","name":"I-10 at LA 99 (Welsh)","state":"LA","provider":"Louisiana DOT (511la)","hls":"https://itsstreamingbr2.dotd.la.gov/public/lkc-cam-541.streams/playlist.m3u8","snapshot":"https://511la.org/map/Cctv/539","refreshMs":30000,"attribution":"Ora (Warner Varnado) · Louisiana DOT (511la)"}},{"type":"Feature","geometry":{"type":"Point","coordinates":[-92.740891,30.247999]},"properties":{"id":"ora-la-302","name":"I-10 at LA 395 (Roanoke)","state":"LA","provider":"Louisiana DOT (511la)","hls":"https://itsstreamingbr2.dotd.la.gov/public/lkc-cam-591.streams/playlist.m3u8","snapshot":"https://511la.org/map/Cctv/541","refreshMs":30000,"attribution":"Ora (Warner Varnado) · Louisiana DOT (511la)"}},{"type":"Feature","geometry":{"type":"Point","coordinates":[-92.66317,30.246231]},"properties":{"id":"ora-la-303","name":"I-10 at LA 26 (Jennings)","state":"LA","provider":"Louisiana DOT (511la)","hls":"https://itsstreamingbr2.dotd.la.gov/public/lkc-cam-641.streams/playlist.m3u8","snapshot":"https://511la.org/map/Cctv/543","refreshMs":30000,"attribution":"Ora (Warner Varnado) · Louisiana DOT (511la)"}},{"type":"Feature","geometry":{"type":"Point","coordinates":[-92.631722,30.243298]},"properties":{"id":"ora-la-304","name":"I-10 at LA 97 (Evangeline)","state":"LA","provider":"Louisiana DOT (511la)","hls":"https://itsstreamingbr2.dotd.la.gov/public/lkc-cam-651.streams/playlist.m3u8","snapshot":"https://511la.org/map/Cctv/545","refreshMs":30000,"attribution":"Ora (Warner Varnado) · Louisiana DOT (511la)"}},{"type":"Feature","geometry":{"type":"Point","coordinates":[-91.165924,30.481474]},"properties":{"id":"ora-la-305","name":"I-110 at Wyandotte","state":"LA","provider":"Louisiana DOT (511la)","hls":"https://itsstreamingbr.dotd.la.gov/public/br-cam-831.streams/playlist.m3u8","snapshot":"https://511la.org/map/Cctv/547","refreshMs":30000,"attribution":"Ora (Warner Varnado) · Louisiana DOT (511la)"}},{"type":"Feature","geometry":{"type":"Point","coordinates":[-91.163231,30.492464]},"properties":{"id":"ora-la-306","name":"I-110 at Evangeline","state":"LA","provider":"Louisiana DOT (511la)","hls":"https://itsstreamingbr.dotd.la.gov/public/br-cam-841.streams/playlist.m3u8","snapshot":"https://511la.org/map/Cctv/549","refreshMs":30000,"attribution":"Ora (Warner Varnado) · Louisiana DOT (511la)"}},{"type":"Feature","geometry":{"type":"Point","coordinates":[-91.165535,30.52754]},"properties":{"id":"ora-la-307","name":"I-110 at Wilbur","state":"LA","provider":"Louisiana DOT (511la)","hls":"https://itsstreamingbr.dotd.la.gov/public/br-cam-871.streams/playlist.m3u8","snapshot":"https://511la.org/map/Cctv/551","refreshMs":30000,"attribution":"Ora (Warner Varnado) · Louisiana DOT (511la)"}},{"type":"Feature","geometry":{"type":"Point","coordinates":[-91.176003,30.457621]},"properties":{"id":"ora-la-308","name":"I-110 at Governors Mansion","state":"LA","provider":"Louisiana DOT (511la)","hls":"https://itsstreamingbr.dotd.la.gov/public/br-cam-817.streams/playlist.m3u8","snapshot":"https://511la.org/map/Cctv/553","refreshMs":30000,"attribution":"Ora (Warner Varnado) · Louisiana DOT (511la)"}},{"type":"Feature","geometry":{"type":"Point","coordinates":[-91.166122,30.45895]},"properties":{"id":"ora-la-309","name":"I-110 at North 22nd St","state":"LA","provider":"Louisiana DOT (511la)","hls":"https://itsstreamingbr.dotd.la.gov/public/br-cam-828.streams/playlist.m3u8","snapshot":"https://511la.org/map/Cctv/554","refreshMs":30000,"attribution":"Ora (Warner Varnado) · Louisiana DOT (511la)"}},{"type":"Feature","geometry":{"type":"Point","coordinates":[-91.180473,30.449881]},"properties":{"id":"ora-la-310","name":"I-110 at Florida St","state":"LA","provider":"Louisiana DOT (511la)","hls":"https://itsstreamingbr.dotd.la.gov/public/br-cam-813.streams/playlist.m3u8","snapshot":"https://511la.org/map/Cctv/555","refreshMs":30000,"attribution":"Ora (Warner Varnado) · Louisiana DOT (511la)"}},{"type":"Feature","geometry":{"type":"Point","coordinates":[-91.178719,30.4438]},"properties":{"id":"ora-la-311","name":"I-110 at Government","state":"LA","provider":"Louisiana DOT (511la)","hls":"https://itsstreamingbr.dotd.la.gov/public/br-cam-812.streams/playlist.m3u8","snapshot":"https://511la.org/map/Cctv/556","refreshMs":30000,"attribution":"Ora (Warner Varnado) · Louisiana DOT (511la)"}},{"type":"Feature","geometry":{"type":"Point","coordinates":[-91.177818,30.536354]},"properties":{"id":"ora-la-312","name":"I-110 at LA 19 Scotland Ave","state":"LA","provider":"Louisiana DOT (511la)","hls":"https://itsstreamingbr.dotd.la.gov/public/br-cam-881.streams/playlist.m3u8","snapshot":"https://511la.org/map/Cctv/557","refreshMs":30000,"attribution":"Ora (Warner Varnado) · Louisiana DOT (511la)"}},{"type":"Feature","geometry":{"type":"Point","coordinates":[-91.187958,30.536087]},"properties":{"id":"ora-la-313","name":"I-110 at US 61 Scenic Hwy 8B","state":"LA","provider":"Louisiana DOT (511la)","hls":"https://itsstreamingbr.dotd.la.gov/public/br-cam-891.streams/playlist.m3u8","snapshot":"https://511la.org/map/Cctv/559","refreshMs":30000,"attribution":"Ora (Warner Varnado) · Louisiana DOT (511la)"}},{"type":"Feature","geometry":{"type":"Point","coordinates":[-93.714996,32.513699]},"properties":{"id":"ora-la-314","name":"I-20 at Benton Rd","state":"LA","provider":"Louisiana DOT (511la)","hls":"https://ITSstreamingbr2.dotd.la.gov/public/shr-cam-013.streams/playlist.m3u8","snapshot":"https://511la.org/map/Cctv/561","refreshMs":30000,"attribution":"Ora (Warner Varnado) · Louisiana DOT (511la)"}},{"type":"Feature","geometry":{"type":"Point","coordinates":[-93.816,32.4656]},"properties":{"id":"ora-la-315","name":"I-20 DMS East of Monkhouse(MM 13.6)","state":"LA","provider":"Louisiana DOT (511la)","hls":"https://ITSstreamingbr2.dotd.la.gov/public/shr-cam-031.streams/playlist.m3u8","snapshot":"https://511la.org/map/Cctv/562","refreshMs":30000,"attribution":"Ora (Warner Varnado) · Louisiana DOT (511la)"}},{"type":"Feature","geometry":{"type":"Point","coordinates":[-93.76499,32.49489]},"properties":{"id":"ora-la-316","name":"I-20","state":"LA","provider":"Louisiana DOT (511la)","hls":"https://ITSstreamingbr2.dotd.la.gov/public/shr-cam-032.streams/playlist.m3u8","snapshot":"https://511la.org/map/Cctv/563","refreshMs":30000,"attribution":"Ora (Warner Varnado) · Louisiana DOT (511la)"}},{"type":"Feature","geometry":{"type":"Point","coordinates":[-93.898611,32.447778]},"properties":{"id":"ora-la-317","name":"I-20","state":"LA","provider":"Louisiana DOT (511la)","hls":"https://ITSstreamingbr2.dotd.la.gov/public/shr-cam-118.streams/playlist.m3u8","snapshot":"https://511la.org/map/Cctv/564","refreshMs":30000,"attribution":"Ora (Warner Varnado) · Louisiana DOT (511la)"}},{"type":"Feature","geometry":{"type":"Point","coordinates":[-93.630833,32.538889]},"properties":{"id":"ora-la-318","name":"I-20 at I-220 Off Ramp","state":"LA","provider":"Louisiana DOT (511la)","hls":"https://ITSstreamingbr2.dotd.la.gov/public/shr-cam-130.streams/playlist.m3u8","snapshot":"https://511la.org/map/Cctv/565","refreshMs":30000,"attribution":"Ora (Warner Varnado) · Louisiana DOT (511la)"}},{"type":"Feature","geometry":{"type":"Point","coordinates":[-91.178406,30.437586]},"properties":{"id":"ora-la-319","name":"I-10","state":"LA","provider":"Louisiana DOT (511la)","hls":"https://itsstreamingbr.dotd.la.gov/public/br-cam-192.streams/playlist.m3u8","snapshot":"https://511la.org/map/Cctv/566","refreshMs":30000,"attribution":"Ora (Warner Varnado) · Louisiana DOT (511la)"}},{"type":"Feature","geometry":{"type":"Point","coordinates":[-91.178406,30.437586]},"properties":{"id":"ora-la-320","name":"I-10","state":"LA","provider":"Louisiana DOT (511la)","hls":"https://itsstreamingbr.dotd.la.gov/public/br-cam-193.streams/playlist.m3u8","snapshot":"https://511la.org/map/Cctv/567","refreshMs":30000,"attribution":"Ora (Warner Varnado) · Louisiana DOT (511la)"}},{"type":"Feature","geometry":{"type":"Point","coordinates":[-91.2322,30.44561]},"properties":{"id":"ora-la-321","name":"I-10 WB before LA 415 DMS ","state":"LA","provider":"Louisiana DOT (511la)","hls":"https://itsstreamingbr.dotd.la.gov/public/br-cam-259.streams/playlist.m3u8","snapshot":"https://511la.org/map/Cctv/568","refreshMs":30000,"attribution":"Ora (Warner Varnado) · Louisiana DOT (511la)"}},{"type":"Feature","geometry":{"type":"Point","coordinates":[-91.127,30.4214]},"properties":{"id":"ora-la-322","name":"I-10 at Citiplace DMS","state":"LA","provider":"Louisiana DOT (511la)","hls":"https://itsstreamingbr.dotd.la.gov/public/br-cam-103.streams/playlist.m3u8","snapshot":"https://511la.org/map/Cctv/569","refreshMs":30000,"attribution":"Ora (Warner Varnado) · Louisiana DOT (511la)"}},{"type":"Feature","geometry":{"type":"Point","coordinates":[-91.274544,30.453011]},"properties":{"id":"ora-la-323","name":"I-10 EB before LA 415 DMS ","state":"LA","provider":"Louisiana DOT (511la)","hls":"https://itsstreamingbr.dotd.la.gov/public/br-cam-260.streams/playlist.m3u8","snapshot":"https://511la.org/map/Cctv/570","refreshMs":30000,"attribution":"Ora (Warner Varnado) · Louisiana DOT (511la)"}},{"type":"Feature","geometry":{"type":"Point","coordinates":[-91.466003,30.411501]},"properties":{"id":"ora-la-324","name":"I-10 at Ramah DMS","state":"LA","provider":"Louisiana DOT (511la)","hls":"https://itsstreamingbr2.dotd.la.gov/public/laf-cam-026.streams/playlist.m3u8","snapshot":"https://511la.org/map/Cctv/571","refreshMs":30000,"attribution":"Ora (Warner Varnado) · Louisiana DOT (511la)"}},{"type":"Feature","geometry":{"type":"Point","coordinates":[-91.96369,30.54623]},"properties":{"id":"ora-la-325","name":"US-190 at Saizan Ave (Port Barre)","state":"LA","provider":"Louisiana DOT (511la)","hls":"https://itsstreamingbr2.dotd.la.gov/public/laf-cam-017.streams/playlist.m3u8","snapshot":"https://511la.org/map/Cctv/572","refreshMs":30000,"attribution":"Ora (Warner Varnado) · Louisiana DOT (511la)"}},{"type":"Feature","geometry":{"type":"Point","coordinates":[-91.219284,30.42136]},"properties":{"id":"ora-la-326","name":"LA1 at Richardsons","state":"LA","provider":"Louisiana DOT (511la)","hls":"https://itsstreamingbr.dotd.la.gov/public/br-cam-297.streams/playlist.m3u8","snapshot":"https://511la.org/map/Cctv/574","refreshMs":30000,"attribution":"Ora (Warner Varnado) · Louisiana DOT (511la)"}},{"type":"Feature","geometry":{"type":"Point","coordinates":[-90.76096,30.144375]},"properties":{"id":"ora-la-327","name":"I-10 MM 190 (Old New River)","state":"LA","provider":"Louisiana DOT (511la)","hls":"https://itsstreamingbr.dotd.la.gov/public/br-cam-230.streams/playlist.m3u8","snapshot":"https://511la.org/map/Cctv/575","refreshMs":30000,"attribution":"Ora (Warner Varnado) · Louisiana DOT (511la)"}},{"type":"Feature","geometry":{"type":"Point","coordinates":[-90.712166,30.129635]},"properties":{"id":"ora-la-328","name":"I-10 at Blind River","state":"LA","provider":"Louisiana DOT (511la)","hls":"https://itsstreamingbr.dotd.la.gov/public/br-cam-233.streams/playlist.m3u8","snapshot":"https://511la.org/map/Cctv/576","refreshMs":30000,"attribution":"Ora (Warner Varnado) · Louisiana DOT (511la)"}},{"type":"Feature","geometry":{"type":"Point","coordinates":[-90.68197,30.12362]},"properties":{"id":"ora-la-329","name":"I-10 at LA 641(Gramercy)","state":"LA","provider":"Louisiana DOT (511la)","hls":"https://itsstreamingbr.dotd.la.gov/public/br-cam-234.streams/playlist.m3u8","snapshot":"https://511la.org/map/Cctv/577","refreshMs":30000,"attribution":"Ora (Warner Varnado) · Louisiana DOT (511la)"}},{"type":"Feature","geometry":{"type":"Point","coordinates":[-90.64112,30.119984]},"properties":{"id":"ora-la-330","name":"I-10 at MM 197 (Hope Canal)","state":"LA","provider":"Louisiana DOT (511la)","hls":"https://itsstreamingno.dotd.la.gov/public/nor-cam-197.streams/playlist.m3u8","snapshot":"https://511la.org/map/Cctv/579","refreshMs":30000,"attribution":"Ora (Warner Varnado) · Louisiana DOT (511la)"}},{"type":"Feature","geometry":{"type":"Point","coordinates":[-90.56411,30.112862]},"properties":{"id":"ora-la-331","name":"I-10 at 4 Mile Bridge (Reserve Canal) West","state":"LA","provider":"Louisiana DOT (511la)","hls":"https://itsstreamingno.dotd.la.gov/public/nor-cam-202.streams/playlist.m3u8","snapshot":"https://511la.org/map/Cctv/580","refreshMs":30000,"attribution":"Ora (Warner Varnado) · Louisiana DOT (511la)"}},{"type":"Feature","geometry":{"type":"Point","coordinates":[-90.50545,30.107485]},"properties":{"id":"ora-la-332","name":"I-10 at 4 Mile Bridge (Reserve Canal) East","state":"LA","provider":"Louisiana DOT (511la)","hls":"https://itsstreamingno.dotd.la.gov/public/nor-cam-204.streams/playlist.m3u8","snapshot":"https://511la.org/map/Cctv/581","refreshMs":30000,"attribution":"Ora (Warner Varnado) · Louisiana DOT (511la)"}},{"type":"Feature","geometry":{"type":"Point","coordinates":[-90.4987,30.106136]},"properties":{"id":"ora-la-333","name":"I-10 at LA 3188 (Belle Terre)","state":"LA","provider":"Louisiana DOT (511la)","hls":"https://itsstreamingno.dotd.la.gov/public/nor-cam-206.streams/playlist.m3u8","snapshot":"https://511la.org/map/Cctv/583","refreshMs":30000,"attribution":"Ora (Warner Varnado) · Louisiana DOT (511la)"}},{"type":"Feature","geometry":{"type":"Point","coordinates":[-89.95535,30.049688]},"properties":{"id":"ora-la-334","name":"I-10 at Bullard DMS","state":"LA","provider":"Louisiana DOT (511la)","hls":"https://itsstreamingno.dotd.la.gov/public/nor-cam-245.streams/playlist.m3u8","snapshot":"https://511la.org/map/Cctv/585","refreshMs":30000,"attribution":"Ora (Warner Varnado) · Louisiana DOT (511la)"}},{"type":"Feature","geometry":{"type":"Point","coordinates":[-90.003151,30.027666]},"properties":{"id":"ora-la-335","name":"I-10 at Morrison DMS","state":"LA","provider":"Louisiana DOT (511la)","hls":"https://itsstreamingno.dotd.la.gov/public/nor-cam-242.streams/playlist.m3u8","snapshot":"https://511la.org/map/Cctv/586","refreshMs":30000,"attribution":"Ora (Warner Varnado) · Louisiana DOT (511la)"}}]}