{"type":"FeatureCollection","features":[{"type":"Feature","geometry":{"type":"Point","coordinates":[-77.3236,39.2773]},"properties":{"id":"ora-md-0","name":"I-270 & Old Hundred Rd (MD 109)(CAM 165)","state":"MD","provider":"Maryland DOT","hls":"https://strmr5.sha.maryland.gov/rtplive/7a00a1dc01250075004d823633235daa/playlist.m3u8","snapshot":null,"refreshMs":30000,"attribution":"Ora (Warner Varnado) · Maryland DOT"}},{"type":"Feature","geometry":{"type":"Point","coordinates":[-77.42188,39.39761]},"properties":{"id":"ora-md-1","name":"I-70 East of I-270","state":"MD","provider":"Maryland DOT","hls":"https://strmr5.sha.maryland.gov/rtplive/9201ff5801f700d700437a45351f0214/playlist.m3u8","snapshot":null,"refreshMs":30000,"attribution":"Ora (Warner Varnado) · Maryland DOT"}},{"type":"Feature","geometry":{"type":"Point","coordinates":[-76.65623,38.96042]},"properties":{"id":"ora-md-2","name":"US 50 AT MD 424","state":"MD","provider":"Maryland DOT","hls":"https://strmr5.sha.maryland.gov/rtplive/000109f6004b00a6004af03676235daa/playlist.m3u8","snapshot":null,"refreshMs":30000,"attribution":"Ora (Warner Varnado) · Maryland DOT"}},{"type":"Feature","geometry":{"type":"Point","coordinates":[-76.64165,39.128563]},"properties":{"id":"ora-md-3","name":"I-97 AT NEW CUT ROAD","state":"MD","provider":"Maryland DOT","hls":"https://strmr5.sha.maryland.gov/rtplive/00012848007300bc004c823633235daa/playlist.m3u8","snapshot":null,"refreshMs":30000,"attribution":"Ora (Warner Varnado) · Maryland DOT"}},{"type":"Feature","geometry":{"type":"Point","coordinates":[-76.50345,39.358448]},"properties":{"id":"ora-md-4","name":"I-695 Median at MM32.3 (C027)","state":"MD","provider":"Maryland DOT","hls":"https://strmr3.sha.maryland.gov/rtplive/3801d561005e00d00057fa36c4235c0a/playlist.m3u8","snapshot":null,"refreshMs":30000,"attribution":"Ora (Warner Varnado) · Maryland DOT"}},{"type":"Feature","geometry":{"type":"Point","coordinates":[-76.83091,39.29633]},"properties":{"id":"ora-md-5","name":"I-70 E at EX 87 US 29","state":"MD","provider":"Maryland DOT","hls":"https://strmr3.sha.maryland.gov/rtplive/d6015dff0075004f0060d336c4235c0a/playlist.m3u8","snapshot":null,"refreshMs":30000,"attribution":"Ora (Warner Varnado) · Maryland DOT"}},{"type":"Feature","geometry":{"type":"Point","coordinates":[-76.984184,38.363857]},"properties":{"id":"ora-md-6","name":"US 301 HWN BRIDGE G8","state":"MD","provider":"Maryland DOT","hls":"https://strmr3.sha.maryland.gov/rtplive/15026b78004600330063d336c4235c0a/playlist.m3u8","snapshot":null,"refreshMs":30000,"attribution":"Ora (Warner Varnado) · Maryland DOT"}},{"type":"Feature","geometry":{"type":"Point","coordinates":[-77.13176,39.137234]},"properties":{"id":"ora-md-7","name":"ICC MD 200 WB, DECKOVER APPROACH, MM 4.7 (C208)","state":"MD","provider":"Maryland DOT","hls":"https://strmr5.sha.maryland.gov/rtplive/7f014af00502004e004d06363d235daa/playlist.m3u8","snapshot":null,"refreshMs":30000,"attribution":"Ora (Warner Varnado) · Maryland DOT"}},{"type":"Feature","geometry":{"type":"Point","coordinates":[-77.02986,38.357517]},"properties":{"id":"ora-md-8","name":"US 301 HWN BRIDGE M.M. 141.5","state":"MD","provider":"Maryland DOT","hls":"https://strmr3.sha.maryland.gov/rtplive/1201953f005200330063d336c4235c0a/playlist.m3u8","snapshot":null,"refreshMs":30000,"attribution":"Ora (Warner Varnado) · Maryland DOT"}},{"type":"Feature","geometry":{"type":"Point","coordinates":[-75.170685,38.380375]},"properties":{"id":"ora-md-9","name":"MD 90 AT MD 589","state":"MD","provider":"Maryland DOT","hls":"https://strmr5.sha.maryland.gov/rtplive/c1000a2d004700e700498436cf235d0a/playlist.m3u8","snapshot":null,"refreshMs":30000,"attribution":"Ora (Warner Varnado) · Maryland DOT"}},{"type":"Feature","geometry":{"type":"Point","coordinates":[-76.95575,39.073334]},"properties":{"id":"ora-md-10","name":"Columbia Pk (US 29) at Fairland Rd","state":"MD","provider":"Maryland DOT","hls":"https://strmr3.sha.maryland.gov/rtplive/0701fd2100120075004d823633235daa/playlist.m3u8","snapshot":null,"refreshMs":30000,"attribution":"Ora (Warner Varnado) · Maryland DOT"}},{"type":"Feature","geometry":{"type":"Point","coordinates":[-76.86648,38.84008]},"properties":{"id":"ora-md-11","name":"I-95/495 AT MD 4","state":"MD","provider":"Maryland DOT","hls":"https://strmr5.sha.maryland.gov/rtplive/6a01d75801f700d700437a45351f0214/playlist.m3u8","snapshot":null,"refreshMs":30000,"attribution":"Ora (Warner Varnado) · Maryland DOT"}},{"type":"Feature","geometry":{"type":"Point","coordinates":[-77.13517,39.13806]},"properties":{"id":"ora-md-12","name":"ICC MD 200 EB, DECKOVER INTERIOR, MM 4.5 (C206)","state":"MD","provider":"Maryland DOT","hls":"https://strmr5.sha.maryland.gov/rtplive/a70150c00554004e004d06363d235daa/playlist.m3u8","snapshot":null,"refreshMs":30000,"attribution":"Ora (Warner Varnado) · Maryland DOT"}},{"type":"Feature","geometry":{"type":"Point","coordinates":[-75.96052,39.629566]},"properties":{"id":"ora-md-13","name":"I-95 S of Md 272 (C004) MP 99.4","state":"MD","provider":"Maryland DOT","hls":"https://strmr5.sha.maryland.gov/rtplive/d501656c00e20039004606363d235daa/playlist.m3u8","snapshot":null,"refreshMs":30000,"attribution":"Ora (Warner Varnado) · Maryland DOT"}},{"type":"Feature","geometry":{"type":"Point","coordinates":[-77.12762,39.03092]},"properties":{"id":"ora-md-14","name":"I-270 & Old Georgetown Rd (MD 187)(CAM 4)","state":"MD","provider":"Maryland DOT","hls":"https://strmr5.sha.maryland.gov/rtplive/a900598700f30074004d823633235daa/playlist.m3u8","snapshot":null,"refreshMs":30000,"attribution":"Ora (Warner Varnado) · Maryland DOT"}},{"type":"Feature","geometry":{"type":"Point","coordinates":[-77.88799,39.6518]},"properties":{"id":"ora-md-15","name":"I-70 West at St. Paul Rd","state":"MD","provider":"Maryland DOT","hls":"https://strmr3.sha.maryland.gov/rtplive/1b00d699004a008e0057fa36c4235c0a/playlist.m3u8","snapshot":null,"refreshMs":30000,"attribution":"Ora (Warner Varnado) · Maryland DOT"}},{"type":"Feature","geometry":{"type":"Point","coordinates":[-76.01932,39.03072]},"properties":{"id":"ora-md-16","name":"US 301 AT MD 304 QUEEN ANNE SAFETY DR TWR","state":"MD","provider":"Maryland DOT","hls":"https://strmr5.sha.maryland.gov/rtplive/e30009710093007b00488436cf235d0a/playlist.m3u8","snapshot":null,"refreshMs":30000,"attribution":"Ora (Warner Varnado) · Maryland DOT"}},{"type":"Feature","geometry":{"type":"Point","coordinates":[-77.213234,39.14018]},"properties":{"id":"ora-md-17","name":"I-270 & W Diamond Ave (MD 117)(CAM 86)","state":"MD","provider":"Maryland DOT","hls":"https://strmr5.sha.maryland.gov/rtplive/9201113c036b0075004d823633235daa/playlist.m3u8","snapshot":null,"refreshMs":30000,"attribution":"Ora (Warner Varnado) · Maryland DOT"}},{"type":"Feature","geometry":{"type":"Point","coordinates":[-76.519226,39.332695]},"properties":{"id":"ora-md-18","name":"I-95 NB, N of Chesaco Ave MM 62.0 (C027B)","state":"MD","provider":"Maryland DOT","hls":"https://strmr5.sha.maryland.gov/rtplive/5e0044bd00b400a5004e3336c4235c0a/playlist.m3u8","snapshot":null,"refreshMs":30000,"attribution":"Ora (Warner Varnado) · Maryland DOT"}},{"type":"Feature","geometry":{"type":"Point","coordinates":[-77.0978,39.006138]},"properties":{"id":"ora-md-19","name":"Rockville Pk (MD 355) & Cedar La (CAM 36)","state":"MD","provider":"Maryland DOT","hls":"https://strmr5.sha.maryland.gov/rtplive/ca014d5302510075004d823633235daa/playlist.m3u8","snapshot":null,"refreshMs":30000,"attribution":"Ora (Warner Varnado) · Maryland DOT"}},{"type":"Feature","geometry":{"type":"Point","coordinates":[-76.04802,38.55438]},"properties":{"id":"ora-md-20","name":"US 50 AT MD 16","state":"MD","provider":"Maryland DOT","hls":"https://strmr3.sha.maryland.gov/rtplive/38011b2d014900d10058fa36c4235c0a/playlist.m3u8","snapshot":null,"refreshMs":30000,"attribution":"Ora (Warner Varnado) · Maryland DOT"}},{"type":"Feature","geometry":{"type":"Point","coordinates":[-75.168526,38.34673]},"properties":{"id":"ora-md-21","name":"US 50 AT MD 589 RACETRACK RD","state":"MD","provider":"Maryland DOT","hls":"https://strmr3.sha.maryland.gov/rtplive/db00fc6700950030005dd336c4235c0a/playlist.m3u8","snapshot":null,"refreshMs":30000,"attribution":"Ora (Warner Varnado) · Maryland DOT"}},{"type":"Feature","geometry":{"type":"Point","coordinates":[-76.00824,39.046833]},"properties":{"id":"ora-md-22","name":"US 301 AT HOPE RD","state":"MD","provider":"Maryland DOT","hls":"https://strmr3.sha.maryland.gov/rtplive/8800ee33009000070053fa36c4235c0a/playlist.m3u8","snapshot":null,"refreshMs":30000,"attribution":"Ora (Warner Varnado) · Maryland DOT"}},{"type":"Feature","geometry":{"type":"Point","coordinates":[-76.91397,39.074863]},"properties":{"id":"ora-md-23","name":"ICC MD 200 WB W OF I-95 MM 18.1 (C224)","state":"MD","provider":"Maryland DOT","hls":"https://strmr5.sha.maryland.gov/rtplive/c8008761001f00bd004e3336c4235c0a/playlist.m3u8","snapshot":null,"refreshMs":30000,"attribution":"Ora (Warner Varnado) · Maryland DOT"}},{"type":"Feature","geometry":{"type":"Point","coordinates":[-76.78823,39.30705]},"properties":{"id":"ora-md-24","name":"I-70 E OF PATAPSCO RIVER BR","state":"MD","provider":"Maryland DOT","hls":"https://strmr3.sha.maryland.gov/rtplive/e7015d5b0020005a005fd336c4235c0a/playlist.m3u8","snapshot":null,"refreshMs":30000,"attribution":"Ora (Warner Varnado) · Maryland DOT"}},{"type":"Feature","geometry":{"type":"Point","coordinates":[-76.24922,38.971066]},"properties":{"id":"ora-md-25","name":"RWIS US 50 AT KENT NARROWS BRG","state":"MD","provider":"Maryland DOT","hls":"https://strmr3.sha.maryland.gov/rtplive/bb008726001e0030006ad336c4235c0a/playlist.m3u8","snapshot":null,"refreshMs":30000,"attribution":"Ora (Warner Varnado) · Maryland DOT"}},{"type":"Feature","geometry":{"type":"Point","coordinates":[-76.52007,38.30365]},"properties":{"id":"ora-md-26","name":"MD 235 AT ST ANDREWS CHURCH RD","state":"MD","provider":"Maryland DOT","hls":"https://strmr3.sha.maryland.gov/rtplive/fdffe2b9008b00070053fa36c4235c0a/playlist.m3u8","snapshot":null,"refreshMs":30000,"attribution":"Ora (Warner Varnado) · Maryland DOT"}},{"type":"Feature","geometry":{"type":"Point","coordinates":[-76.63118,39.056686]},"properties":{"id":"ora-md-27","name":"I-97 S OF EXIT 7 MD 32","state":"MD","provider":"Maryland DOT","hls":"https://strmr3.sha.maryland.gov/rtplive/3b009d0700e600e30051fa36c4235c0a/playlist.m3u8","snapshot":null,"refreshMs":30000,"attribution":"Ora (Warner Varnado) · Maryland DOT"}},{"type":"Feature","geometry":{"type":"Point","coordinates":[-75.068146,38.388435]},"properties":{"id":"ora-md-28","name":"MD 528 AT 65TH ST TWR","state":"MD","provider":"Maryland DOT","hls":"https://strmr5.sha.maryland.gov/rtplive/e0002c470097007b00488436cf235d0a/playlist.m3u8","snapshot":null,"refreshMs":30000,"attribution":"Ora (Warner Varnado) · Maryland DOT"}},{"type":"Feature","geometry":{"type":"Point","coordinates":[-76.65037,39.456966]},"properties":{"id":"ora-md-29","name":"I-83 North past Padonia Rd","state":"MD","provider":"Maryland DOT","hls":"https://strmr5.sha.maryland.gov/rtplive/0a004caa01af00b1005dd336c4235c0a/playlist.m3u8","snapshot":null,"refreshMs":30000,"attribution":"Ora (Warner Varnado) · Maryland DOT"}},{"type":"Feature","geometry":{"type":"Point","coordinates":[-77.36801,39.665695]},"properties":{"id":"ora-md-30","name":"US 15 AT ST ANTHONY RD","state":"MD","provider":"Maryland DOT","hls":"https://strmr3.sha.maryland.gov/rtplive/61000ccc01a9000b0057fa36c4235c0a/playlist.m3u8","snapshot":null,"refreshMs":30000,"attribution":"Ora (Warner Varnado) · Maryland DOT"}},{"type":"Feature","geometry":{"type":"Point","coordinates":[-76.66165,39.382984]},"properties":{"id":"ora-md-31","name":"I-83 S OF OLD PIMLICO RD","state":"MD","provider":"Maryland DOT","hls":"https://strmr3.sha.maryland.gov/rtplive/63001ed500b100ba004e3436c4235c0a/playlist.m3u8","snapshot":null,"refreshMs":30000,"attribution":"Ora (Warner Varnado) · Maryland DOT"}},{"type":"Feature","geometry":{"type":"Point","coordinates":[-76.32175,38.97889]},"properties":{"id":"ora-md-32","name":"US 50 WEST AT MD 8","state":"MD","provider":"Maryland DOT","hls":"https://strmr3.sha.maryland.gov/rtplive/afff87a5004900820062d336c4235c0a/playlist.m3u8","snapshot":null,"refreshMs":30000,"attribution":"Ora (Warner Varnado) · Maryland DOT"}},{"type":"Feature","geometry":{"type":"Point","coordinates":[-76.635345,39.444977]},"properties":{"id":"ora-md-33","name":"I-83 N OF EX 16 TIMONIUM RD","state":"MD","provider":"Maryland DOT","hls":"https://strmr5.sha.maryland.gov/rtplive/9400051b01db00e6005cd336c4235c0a/playlist.m3u8","snapshot":null,"refreshMs":30000,"attribution":"Ora (Warner Varnado) · Maryland DOT"}},{"type":"Feature","geometry":{"type":"Point","coordinates":[-76.66796,39.497402]},"properties":{"id":"ora-md-34","name":"I-83 at Shawan Rd","state":"MD","provider":"Maryland DOT","hls":"https://strmr5.sha.maryland.gov/rtplive/74000dda01980041005dd336c4235c0a/playlist.m3u8","snapshot":null,"refreshMs":30000,"attribution":"Ora (Warner Varnado) · Maryland DOT"}},{"type":"Feature","geometry":{"type":"Point","coordinates":[-75.80155,39.640556]},"properties":{"id":"ora-md-35","name":"I-95 N of Md 279 Ex 109 (C001) MP 108.4","state":"MD","provider":"Maryland DOT","hls":"https://strmr5.sha.maryland.gov/rtplive/0f019fd7443a0032004606363d235daa/playlist.m3u8","snapshot":null,"refreshMs":30000,"attribution":"Ora (Warner Varnado) · Maryland DOT"}},{"type":"Feature","geometry":{"type":"Point","coordinates":[-76.84349,38.874897]},"properties":{"id":"ora-md-36","name":"I-95/495 OL PAST RITCHIE MARLBORO RD","state":"MD","provider":"Maryland DOT","hls":"https://strmr5.sha.maryland.gov/rtplive/6501d25801f700d700437a45351f0214/playlist.m3u8","snapshot":null,"refreshMs":30000,"attribution":"Ora (Warner Varnado) · Maryland DOT"}},{"type":"Feature","geometry":{"type":"Point","coordinates":[-76.438065,39.388836]},"properties":{"id":"ora-md-37","name":"I-95 N Past Cowenton Ave, MM 67.9 (C021B)","state":"MD","provider":"Maryland DOT","hls":"https://strmr5.sha.maryland.gov/rtplive/3401cf1d00fc007b0054fa36c4235c0a/playlist.m3u8","snapshot":null,"refreshMs":30000,"attribution":"Ora (Warner Varnado) · Maryland DOT"}},{"type":"Feature","geometry":{"type":"Point","coordinates":[-76.362816,38.988728]},"properties":{"id":"ora-md-38","name":"WPL C510 at Gantry S-15 MP 35.0","state":"MD","provider":"Maryland DOT","hls":"https://strmr3.sha.maryland.gov/rtplive/a800e0862df8001700503336c4235c0a/playlist.m3u8","snapshot":null,"refreshMs":30000,"attribution":"Ora (Warner Varnado) · Maryland DOT"}},{"type":"Feature","geometry":{"type":"Point","coordinates":[-77.172615,38.98167]},"properties":{"id":"ora-md-39","name":"I-495 S. of Ex 39 MD 190 River Rd","state":"MD","provider":"Maryland DOT","hls":"https://strmr5.sha.maryland.gov/rtplive/d401425800f700d700437a45351f0214/playlist.m3u8","snapshot":null,"refreshMs":30000,"attribution":"Ora (Warner Varnado) · Maryland DOT"}},{"type":"Feature","geometry":{"type":"Point","coordinates":[-76.7639,39.184017]},"properties":{"id":"ora-md-40","name":"US 1 AT MD 103","state":"MD","provider":"Maryland DOT","hls":"https://strmr5.sha.maryland.gov/rtplive/e300825d004600030065d336c4235c0a/playlist.m3u8","snapshot":null,"refreshMs":30000,"attribution":"Ora (Warner Varnado) · Maryland DOT"}},{"type":"Feature","geometry":{"type":"Point","coordinates":[-76.73654,39.17358]},"properties":{"id":"ora-md-41","name":"MD 100 West of MD 295","state":"MD","provider":"Maryland DOT","hls":"https://strmr3.sha.maryland.gov/rtplive/df0171e70067006b005fd336c4235c0a/playlist.m3u8","snapshot":null,"refreshMs":30000,"attribution":"Ora (Warner Varnado) · Maryland DOT"}},{"type":"Feature","geometry":{"type":"Point","coordinates":[-76.7109,39.235092]},"properties":{"id":"ora-md-42","name":"I-95 S OF I-195 (403028)","state":"MD","provider":"Maryland DOT","hls":"https://strmr5.sha.maryland.gov/rtplive/9d010b5800f700d700437a45351f0214/playlist.m3u8","snapshot":null,"refreshMs":30000,"attribution":"Ora (Warner Varnado) · Maryland DOT"}},{"type":"Feature","geometry":{"type":"Point","coordinates":[-76.37181,38.990803]},"properties":{"id":"ora-md-43","name":"WPL C-510A at Gantry S-13","state":"MD","provider":"Maryland DOT","hls":"https://strmr3.sha.maryland.gov/rtplive/8f006ddf00ff00870067d336c4235c0a/playlist.m3u8","snapshot":null,"refreshMs":30000,"attribution":"Ora (Warner Varnado) · Maryland DOT"}},{"type":"Feature","geometry":{"type":"Point","coordinates":[-76.493706,39.342945]},"properties":{"id":"ora-md-44","name":"I-695 O/L, Prior to I-95, Exit 33 (C025A), MP32.8","state":"MD","provider":"Maryland DOT","hls":"https://strmr5.sha.maryland.gov/rtplive/23011ea3006a0009004c06363d235daa/playlist.m3u8","snapshot":null,"refreshMs":30000,"attribution":"Ora (Warner Varnado) · Maryland DOT"}},{"type":"Feature","geometry":{"type":"Point","coordinates":[-76.93024,39.05101]},"properties":{"id":"ora-md-45","name":"I-95 AT MD 212","state":"MD","provider":"Maryland DOT","hls":"https://strmr5.sha.maryland.gov/rtplive/f701655800f700d700437a45351f0214/playlist.m3u8","snapshot":null,"refreshMs":30000,"attribution":"Ora (Warner Varnado) · Maryland DOT"}},{"type":"Feature","geometry":{"type":"Point","coordinates":[-77.47652,39.41592]},"properties":{"id":"ora-md-46","name":"I-70 West of Mt Phillip Rd","state":"MD","provider":"Maryland DOT","hls":"https://strmr3.sha.maryland.gov/rtplive/30001ac501a600d60057fa36c4235c0a/playlist.m3u8","snapshot":null,"refreshMs":30000,"attribution":"Ora (Warner Varnado) · Maryland DOT"}},{"type":"Feature","geometry":{"type":"Point","coordinates":[-76.40449,39.009583]},"properties":{"id":"ora-md-47","name":"WPL C-501 at Gantry N-1","state":"MD","provider":"Maryland DOT","hls":"https://strmr3.sha.maryland.gov/rtplive/31017318000800e50063d336c4235c0a/playlist.m3u8","snapshot":null,"refreshMs":30000,"attribution":"Ora (Warner Varnado) · Maryland DOT"}},{"type":"Feature","geometry":{"type":"Point","coordinates":[-76.25565,39.48325]},"properties":{"id":"ora-md-48","name":"I-95 S of Md 543 Ex 80 (C017) MP 80.0","state":"MD","provider":"Maryland DOT","hls":"https://strmr5.sha.maryland.gov/rtplive/ef013c29023c0160004806363d235daa/playlist.m3u8","snapshot":null,"refreshMs":30000,"attribution":"Ora (Warner Varnado) · Maryland DOT"}},{"type":"Feature","geometry":{"type":"Point","coordinates":[-76.26972,39.5075]},"properties":{"id":"ora-md-49","name":"MD 543 AT MD 136","state":"MD","provider":"Maryland DOT","hls":"https://strmr5.sha.maryland.gov/rtplive/40001fe400c000580045e2369e235daa/playlist.m3u8","snapshot":null,"refreshMs":30000,"attribution":"Ora (Warner Varnado) · Maryland DOT"}},{"type":"Feature","geometry":{"type":"Point","coordinates":[-77.23311,38.520126]},"properties":{"id":"ora-md-50","name":"RWIS MD 344 at MD 224","state":"MD","provider":"Maryland DOT","hls":"https://strmr3.sha.maryland.gov/rtplive/2900b9a9008d00680055fa36c4235c0a/playlist.m3u8","snapshot":null,"refreshMs":30000,"attribution":"Ora (Warner Varnado) · Maryland DOT"}},{"type":"Feature","geometry":{"type":"Point","coordinates":[-76.64365,39.063766]},"properties":{"id":"ora-md-51","name":"RWIS I-97 AT MD 32","state":"MD","provider":"Maryland DOT","hls":"https://strmr3.sha.maryland.gov/rtplive/dd00bf3a00ea002a0053fa36c4235c0a/playlist.m3u8","snapshot":null,"refreshMs":30000,"attribution":"Ora (Warner Varnado) · Maryland DOT"}},{"type":"Feature","geometry":{"type":"Point","coordinates":[-76.34337,39.44223]},"properties":{"id":"ora-md-52","name":"I-95 N of MD 152 (C020) MP 74.2","state":"MD","provider":"Maryland DOT","hls":"https://strmr5.sha.maryland.gov/rtplive/0901cb3400e80039004606363d235daa/playlist.m3u8","snapshot":null,"refreshMs":30000,"attribution":"Ora (Warner Varnado) · Maryland DOT"}},{"type":"Feature","geometry":{"type":"Point","coordinates":[-76.33297,38.7189]},"properties":{"id":"ora-md-53","name":"MD 33 AT KNAPPS NARROWS BRIDGE","state":"MD","provider":"Maryland DOT","hls":"https://strmr3.sha.maryland.gov/rtplive/cf00ee7505b600e20052fa36c4235c0a/playlist.m3u8","snapshot":null,"refreshMs":30000,"attribution":"Ora (Warner Varnado) · Maryland DOT"}},{"type":"Feature","geometry":{"type":"Point","coordinates":[-76.06675,39.593437]},"properties":{"id":"ora-md-54","name":"I-95 S of Md 222 (C008) MP 93.2","state":"MD","provider":"Maryland DOT","hls":"https://strmr5.sha.maryland.gov/rtplive/df00815800e40039004606363d235daa/playlist.m3u8","snapshot":null,"refreshMs":30000,"attribution":"Ora (Warner Varnado) · Maryland DOT"}},{"type":"Feature","geometry":{"type":"Point","coordinates":[-76.49814,39.350266]},"properties":{"id":"ora-md-55","name":"I-95N ML @ I-695, MP 63.7(C024C)","state":"MD","provider":"Maryland DOT","hls":"https://strmr5.sha.maryland.gov/rtplive/de00376802d0009e0052fa36c4235c0a/playlist.m3u8","snapshot":null,"refreshMs":30000,"attribution":"Ora (Warner Varnado) · Maryland DOT"}},{"type":"Feature","geometry":{"type":"Point","coordinates":[-76.73388,39.384308]},"properties":{"id":"ora-md-56","name":"I-695 I/L AT EX 20 MD 140","state":"MD","provider":"Maryland DOT","hls":"https://strmr3.sha.maryland.gov/rtplive/8c0032ca00e100aa004e3436c4235c0a/playlist.m3u8","snapshot":null,"refreshMs":30000,"attribution":"Ora (Warner Varnado) · Maryland DOT"}},{"type":"Feature","geometry":{"type":"Point","coordinates":[-77.03535,38.792786]},"properties":{"id":"ora-md-57","name":"I-95/495 on W.W. Brg MD","state":"MD","provider":"Maryland DOT","hls":"https://strmr5.sha.maryland.gov/rtplive/e700100700340088004502366d235daa/playlist.m3u8","snapshot":null,"refreshMs":30000,"attribution":"Ora (Warner Varnado) · Maryland DOT"}},{"type":"Feature","geometry":{"type":"Point","coordinates":[-76.472374,39.27813]},"properties":{"id":"ora-md-58","name":"I-695 AT COVE RD","state":"MD","provider":"Maryland DOT","hls":"https://strmr3.sha.maryland.gov/rtplive/2301638a0027005a005fd336c4235c0a/playlist.m3u8","snapshot":null,"refreshMs":30000,"attribution":"Ora (Warner Varnado) · Maryland DOT"}},{"type":"Feature","geometry":{"type":"Point","coordinates":[-76.67026,39.59347]},"properties":{"id":"ora-md-59","name":"I-83 N OF EX 27 MD 137, HEREFORD TWR","state":"MD","provider":"Maryland DOT","hls":"https://strmr5.sha.maryland.gov/rtplive/b0001b4e006c00800045833633235daa/playlist.m3u8","snapshot":null,"refreshMs":30000,"attribution":"Ora (Warner Varnado) · Maryland DOT"}},{"type":"Feature","geometry":{"type":"Point","coordinates":[-76.45072,39.376728]},"properties":{"id":"ora-md-60","name":"I-95 N Prior to Exit 67 MD 43, MM 66.8 (C022C)","state":"MD","provider":"Maryland DOT","hls":"https://strmr5.sha.maryland.gov/rtplive/6401c95400fb007b0054fa36c4235c0a/playlist.m3u8","snapshot":null,"refreshMs":30000,"attribution":"Ora (Warner Varnado) · Maryland DOT"}},{"type":"Feature","geometry":{"type":"Point","coordinates":[-75.56906,38.33332]},"properties":{"id":"ora-md-61","name":"US 13 AT MD 12","state":"MD","provider":"Maryland DOT","hls":"https://strmr3.sha.maryland.gov/rtplive/7000ead800c20039005dd336c4235c0a/playlist.m3u8","snapshot":null,"refreshMs":30000,"attribution":"Ora (Warner Varnado) · Maryland DOT"}},{"type":"Feature","geometry":{"type":"Point","coordinates":[-75.39174,38.176746]},"properties":{"id":"ora-md-62","name":"US 113 BUS AT MD 12","state":"MD","provider":"Maryland DOT","hls":"https://strmr3.sha.maryland.gov/rtplive/850075ae000600a50061d336c4235c0a/playlist.m3u8","snapshot":null,"refreshMs":30000,"attribution":"Ora (Warner Varnado) · Maryland DOT"}},{"type":"Feature","geometry":{"type":"Point","coordinates":[-75.09835,38.334236]},"properties":{"id":"ora-md-63","name":"RWIS US 50 AT OC DRAWBRIDGE","state":"MD","provider":"Maryland DOT","hls":"https://strmr3.sha.maryland.gov/rtplive/da00a4ca005e004e006ad336c4235c0a/playlist.m3u8","snapshot":null,"refreshMs":30000,"attribution":"Ora (Warner Varnado) · Maryland DOT"}},{"type":"Feature","geometry":{"type":"Point","coordinates":[-76.30727,39.436573]},"properties":{"id":"ora-md-64","name":"US 40 AT MD 755","state":"MD","provider":"Maryland DOT","hls":"https://strmr5.sha.maryland.gov/rtplive/c300873b00c10058004506363d235daa/playlist.m3u8","snapshot":null,"refreshMs":30000,"attribution":"Ora (Warner Varnado) · Maryland DOT"}},{"type":"Feature","geometry":{"type":"Point","coordinates":[-76.579124,39.242455]},"properties":{"id":"ora-md-65","name":"I-895 N BHT at Gantry 4","state":"MD","provider":"Maryland DOT","hls":"https://strmr5.sha.maryland.gov/rtplive/42015d0a006f00b60060d336c4235c0a/playlist.m3u8","snapshot":null,"refreshMs":30000,"attribution":"Ora (Warner Varnado) · Maryland DOT"}},{"type":"Feature","geometry":{"type":"Point","coordinates":[-76.86534,38.897903]},"properties":{"id":"ora-md-66","name":"Garrett A. Morgan Blvd at Ridgefield Blvd","state":"MD","provider":"Maryland DOT","hls":"https://strmr10.sha.maryland.gov/rtplive/ef00c25800a7005c0055fa36c4235c0a/playlist.m3u8","snapshot":null,"refreshMs":30000,"attribution":"Ora (Warner Varnado) · Maryland DOT"}},{"type":"Feature","geometry":{"type":"Point","coordinates":[-76.084175,39.563393]},"properties":{"id":"ora-md-67","name":"US 40 S Pier #35 Hatem Br (C064)","state":"MD","provider":"Maryland DOT","hls":"https://strmr5.sha.maryland.gov/rtplive/a50136f124680007004806363d235daa/playlist.m3u8","snapshot":null,"refreshMs":30000,"attribution":"Ora (Warner Varnado) · Maryland DOT"}},{"type":"Feature","geometry":{"type":"Point","coordinates":[-76.17158,39.664913]},"properties":{"id":"ora-md-68","name":"RWIS US 1 AT CONOWINGO","state":"MD","provider":"Maryland DOT","hls":"https://strmr3.sha.maryland.gov/rtplive/d4ffb40500a300ab0050fa36c4235c0a/playlist.m3u8","snapshot":null,"refreshMs":30000,"attribution":"Ora (Warner Varnado) · Maryland DOT"}},{"type":"Feature","geometry":{"type":"Point","coordinates":[-76.71955,39.22272]},"properties":{"id":"ora-md-69","name":"I-895 AT I-95 INTERCHANGE MP 0.3","state":"MD","provider":"Maryland DOT","hls":"https://strmr5.sha.maryland.gov/rtplive/c200dc0dc37401b8004606363d235daa/playlist.m3u8","snapshot":null,"refreshMs":30000,"attribution":"Ora (Warner Varnado) · Maryland DOT"}},{"type":"Feature","geometry":{"type":"Point","coordinates":[-76.81051,39.14189]},"properties":{"id":"ora-md-70","name":"US 1 North of MD 32","state":"MD","provider":"Maryland DOT","hls":"https://strmr3.sha.maryland.gov/rtplive/2001747300a200dc0065d336c4235c0a/playlist.m3u8","snapshot":null,"refreshMs":30000,"attribution":"Ora (Warner Varnado) · Maryland DOT"}},{"type":"Feature","geometry":{"type":"Point","coordinates":[-76.485886,39.35603]},"properties":{"id":"ora-md-71","name":"I-95 N of Rossville Blvd  (C024) MP 64.4","state":"MD","provider":"Maryland DOT","hls":"https://strmr5.sha.maryland.gov/rtplive/36008da300e40039004606363d235daa/playlist.m3u8","snapshot":null,"refreshMs":30000,"attribution":"Ora (Warner Varnado) · Maryland DOT"}},{"type":"Feature","geometry":{"type":"Point","coordinates":[-77.10358,39.12645]},"properties":{"id":"ora-md-72","name":"ICC MD 200 WB E OF MUNCASTER, MM 6.5 (C211)","state":"MD","provider":"Maryland DOT","hls":"https://strmr5.sha.maryland.gov/rtplive/800026950585004b004d06363d235daa/playlist.m3u8","snapshot":null,"refreshMs":30000,"attribution":"Ora (Warner Varnado) · Maryland DOT"}},{"type":"Feature","geometry":{"type":"Point","coordinates":[-77.077736,38.987637]},"properties":{"id":"ora-md-73","name":"Connecticut Ave (MD 185) at East West Hwy (MD 410)","state":"MD","provider":"Maryland DOT","hls":"https://strmr5.sha.maryland.gov/rtplive/0b01b57900060075004d823633235daa/playlist.m3u8","snapshot":null,"refreshMs":30000,"attribution":"Ora (Warner Varnado) · Maryland DOT"}},{"type":"Feature","geometry":{"type":"Point","coordinates":[-79.439224,39.652786]},"properties":{"id":"ora-md-74","name":"I-68 at Blooming Rose Rd","state":"MD","provider":"Maryland DOT","hls":"https://strmr3.sha.maryland.gov/rtplive/89006627008a00be005ed336c4235c0a/playlist.m3u8","snapshot":null,"refreshMs":30000,"attribution":"Ora (Warner Varnado) · Maryland DOT"}},{"type":"Feature","geometry":{"type":"Point","coordinates":[-76.821526,39.25518]},"properties":{"id":"ora-md-75","name":"US 29 AT MD 100","state":"MD","provider":"Maryland DOT","hls":"https://strmr3.sha.maryland.gov/rtplive/49015d61002200b4005fd336c4235c0a/playlist.m3u8","snapshot":null,"refreshMs":30000,"attribution":"Ora (Warner Varnado) · Maryland DOT"}},{"type":"Feature","geometry":{"type":"Point","coordinates":[-77.12631,39.063976]},"properties":{"id":"ora-md-76","name":"Rockville Pk (MD 355) & Congressional La (CAM 3)","state":"MD","provider":"Maryland DOT","hls":"https://strmr5.sha.maryland.gov/rtplive/5601494900ee0074004d823633235daa/playlist.m3u8","snapshot":null,"refreshMs":30000,"attribution":"Ora (Warner Varnado) · Maryland DOT"}},{"type":"Feature","geometry":{"type":"Point","coordinates":[-77.13676,39.138603]},"properties":{"id":"ora-md-77","name":"ICC MD 200 EB, DECKOVER APPROACH, MM 4.4 (C205)","state":"MD","provider":"Maryland DOT","hls":"https://strmr5.sha.maryland.gov/rtplive/550255680555004e004d06363d235daa/playlist.m3u8","snapshot":null,"refreshMs":30000,"attribution":"Ora (Warner Varnado) · Maryland DOT"}},{"type":"Feature","geometry":{"type":"Point","coordinates":[-76.98068,38.363865]},"properties":{"id":"ora-md-78","name":"US 301 HWN BRIDGE G7","state":"MD","provider":"Maryland DOT","hls":"https://strmr3.sha.maryland.gov/rtplive/d7017729004b00330063d336c4235c0a/playlist.m3u8","snapshot":null,"refreshMs":30000,"attribution":"Ora (Warner Varnado) · Maryland DOT"}},{"type":"Feature","geometry":{"type":"Point","coordinates":[-76.28639,39.554974]},"properties":{"id":"ora-md-79","name":"MD 22 AT SHUCKS RD","state":"MD","provider":"Maryland DOT","hls":"https://strmr5.sha.maryland.gov/rtplive/e8ff1a9100c000580045e2369e235daa/playlist.m3u8","snapshot":null,"refreshMs":30000,"attribution":"Ora (Warner Varnado) · Maryland DOT"}},{"type":"Feature","geometry":{"type":"Point","coordinates":[-76.494606,39.350952]},"properties":{"id":"ora-md-80","name":"I-95N GP AT I-695, MP 63.9 (C024B)","state":"MD","provider":"Maryland DOT","hls":"https://strmr5.sha.maryland.gov/rtplive/0000309302ce009e0052fa36c4235c0a/playlist.m3u8","snapshot":null,"refreshMs":30000,"attribution":"Ora (Warner Varnado) · Maryland DOT"}},{"type":"Feature","geometry":{"type":"Point","coordinates":[-76.540276,39.312534]},"properties":{"id":"ora-md-81","name":"I-895 at Moravia Rd (C029) MP14.1","state":"MD","provider":"Maryland DOT","hls":"https://strmr5.sha.maryland.gov/rtplive/7f01597a018d00e300441a366e230214/playlist.m3u8","snapshot":null,"refreshMs":30000,"attribution":"Ora (Warner Varnado) · Maryland DOT"}},{"type":"Feature","geometry":{"type":"Point","coordinates":[-76.54041,38.696384]},"properties":{"id":"ora-md-82","name":"RWIS MD 260 at Cox Rd","state":"MD","provider":"Maryland DOT","hls":"https://strmr3.sha.maryland.gov/rtplive/dcffb99000fa00c80054fa36c4235c0a/playlist.m3u8","snapshot":null,"refreshMs":30000,"attribution":"Ora (Warner Varnado) · Maryland DOT"}},{"type":"Feature","geometry":{"type":"Point","coordinates":[-78.96225,39.674232]},"properties":{"id":"ora-md-83","name":"I-68 at Savage Mountain Tower","state":"MD","provider":"Maryland DOT","hls":"https://strmr5.sha.maryland.gov/rtplive/8b00feac006f00c0005cd336c4235c0a/playlist.m3u8","snapshot":null,"refreshMs":30000,"attribution":"Ora (Warner Varnado) · Maryland DOT"}},{"type":"Feature","geometry":{"type":"Point","coordinates":[-77.01261,38.359997]},"properties":{"id":"ora-md-84","name":"US 301 HWN BRIDGE G16","state":"MD","provider":"Maryland DOT","hls":"https://strmr3.sha.maryland.gov/rtplive/7501a7710078002c0063d336c4235c0a/playlist.m3u8","snapshot":null,"refreshMs":30000,"attribution":"Ora (Warner Varnado) · Maryland DOT"}},{"type":"Feature","geometry":{"type":"Point","coordinates":[-77.14553,39.134834]},"properties":{"id":"ora-md-85","name":"ICC MD 200 EB, REDLAND RD, MM 3.9 (C203)","state":"MD","provider":"Maryland DOT","hls":"https://strmr5.sha.maryland.gov/rtplive/7b011318000d0053004d06363d235daa/playlist.m3u8","snapshot":null,"refreshMs":30000,"attribution":"Ora (Warner Varnado) · Maryland DOT"}},{"type":"Feature","geometry":{"type":"Point","coordinates":[-79.106895,39.487007]},"properties":{"id":"ora-md-86","name":"RWIS MD 135 AT MEADOW OAKS DR","state":"MD","provider":"Maryland DOT","hls":"https://strmr3.sha.maryland.gov/rtplive/cc00bf4800bb00370056fa36c4235c0a/playlist.m3u8","snapshot":null,"refreshMs":30000,"attribution":"Ora (Warner Varnado) · Maryland DOT"}},{"type":"Feature","geometry":{"type":"Point","coordinates":[-76.43159,39.39696]},"properties":{"id":"ora-md-87","name":"I-95 S NORTH OF JOPPA RD MM 68.6 (C021A)","state":"MD","provider":"Maryland DOT","hls":"https://strmr5.sha.maryland.gov/rtplive/5601403c00860064004d06363d235daa/playlist.m3u8","snapshot":null,"refreshMs":30000,"attribution":"Ora (Warner Varnado) · Maryland DOT"}},{"type":"Feature","geometry":{"type":"Point","coordinates":[-75.2704,38.36851]},"properties":{"id":"ora-md-88","name":"US 50 E AT MD 90","state":"MD","provider":"Maryland DOT","hls":"https://strmr3.sha.maryland.gov/rtplive/58004a9f0099007b00488436cf235d0a/playlist.m3u8","snapshot":null,"refreshMs":30000,"attribution":"Ora (Warner Varnado) · Maryland DOT"}},{"type":"Feature","geometry":{"type":"Point","coordinates":[-76.82421,39.157803]},"properties":{"id":"ora-md-89","name":"I-95 NB AT MD 32","state":"MD","provider":"Maryland DOT","hls":"https://strmr5.sha.maryland.gov/rtplive/f201605800f700d700437a45351f0214/playlist.m3u8","snapshot":null,"refreshMs":30000,"attribution":"Ora (Warner Varnado) · Maryland DOT"}},{"type":"Feature","geometry":{"type":"Point","coordinates":[-76.4222,39.022224]},"properties":{"id":"ora-md-90","name":"C-500.2A US 50 WB, Near Exit 31 Whitehall Rd, Between G-3/G-4,MM 31","state":"MD","provider":"Maryland DOT","hls":"https://strmr5.sha.maryland.gov/rtplive/a20066ba00a300250064d336c4235c0a/playlist.m3u8","snapshot":null,"refreshMs":30000,"attribution":"Ora (Warner Varnado) · Maryland DOT"}},{"type":"Feature","geometry":{"type":"Point","coordinates":[-77.92324,39.651592]},"properties":{"id":"ora-md-91","name":"I-70 at EX 18 MD 68 Clear Spring Rd","state":"MD","provider":"Maryland DOT","hls":"https://strmr3.sha.maryland.gov/rtplive/6e00fd5800ad00b9005dd336c4235c0a/playlist.m3u8","snapshot":null,"refreshMs":30000,"attribution":"Ora (Warner Varnado) · Maryland DOT"}},{"type":"Feature","geometry":{"type":"Point","coordinates":[-77.05379,39.107445]},"properties":{"id":"ora-md-92","name":"ICC MD 200 WB LONGMEAD CROSSING DR MM 9.6 (C214)","state":"MD","provider":"Maryland DOT","hls":"https://strmr5.sha.maryland.gov/rtplive/75003cc500a600ca004e3336c4235c0a/playlist.m3u8","snapshot":null,"refreshMs":30000,"attribution":"Ora (Warner Varnado) · Maryland DOT"}},{"type":"Feature","geometry":{"type":"Point","coordinates":[-79.251785,39.692944]},"properties":{"id":"ora-md-93","name":"I-68 at US 219 Keysers Ridge Tower","state":"MD","provider":"Maryland DOT","hls":"https://strmr5.sha.maryland.gov/rtplive/0e0109d100f1003d00471536ea235d0a/playlist.m3u8","snapshot":null,"refreshMs":30000,"attribution":"Ora (Warner Varnado) · Maryland DOT"}},{"type":"Feature","geometry":{"type":"Point","coordinates":[-77.00511,39.01509]},"properties":{"id":"ora-md-94","name":"I-495 & University Blvd (MD 193)","state":"MD","provider":"Maryland DOT","hls":"https://strmr5.sha.maryland.gov/rtplive/e4ff858700010075004d823633235daa/playlist.m3u8","snapshot":null,"refreshMs":30000,"attribution":"Ora (Warner Varnado) · Maryland DOT"}},{"type":"Feature","geometry":{"type":"Point","coordinates":[-77.01547,38.35925]},"properties":{"id":"ora-md-95","name":"US 301 HWN BRIDGE G17","state":"MD","provider":"Maryland DOT","hls":"https://strmr3.sha.maryland.gov/rtplive/d001781c006000230063d336c4235c0a/playlist.m3u8","snapshot":null,"refreshMs":30000,"attribution":"Ora (Warner Varnado) · Maryland DOT"}},{"type":"Feature","geometry":{"type":"Point","coordinates":[-77.052315,39.04136]},"properties":{"id":"ora-md-96","name":"Georgia Ave (MD 97) at University Blvd (MD 193)(CAM 55)","state":"MD","provider":"Maryland DOT","hls":"https://strmr5.sha.maryland.gov/rtplive/e000990f025f0075004d823633235daa/playlist.m3u8","snapshot":null,"refreshMs":30000,"attribution":"Ora (Warner Varnado) · Maryland DOT"}},{"type":"Feature","geometry":{"type":"Point","coordinates":[-76.649956,39.231964]},"properties":{"id":"ora-md-97","name":"I-895 AT MD 295 (C046) MM 4.5","state":"MD","provider":"Maryland DOT","hls":"https://strmr5.sha.maryland.gov/rtplive/7d000a98c47501b8004606363d235daa/playlist.m3u8","snapshot":null,"refreshMs":30000,"attribution":"Ora (Warner Varnado) · Maryland DOT"}},{"type":"Feature","geometry":{"type":"Point","coordinates":[-79.09214,39.68832]},"properties":{"id":"ora-md-98","name":"I-68 at Exit 22 US 219 (Grantsville Tower)","state":"MD","provider":"Maryland DOT","hls":"https://strmr5.sha.maryland.gov/rtplive/be0017de00e800dd00451536ea235d0a/playlist.m3u8","snapshot":null,"refreshMs":30000,"attribution":"Ora (Warner Varnado) · Maryland DOT"}},{"type":"Feature","geometry":{"type":"Point","coordinates":[-77.60347,39.526527]},"properties":{"id":"ora-md-99","name":"I-70 East at South Mountain","state":"MD","provider":"Maryland DOT","hls":"https://strmr3.sha.maryland.gov/rtplive/0200f4dc00c300a00052fa36c4235c0a/playlist.m3u8","snapshot":null,"refreshMs":30000,"attribution":"Ora (Warner Varnado) · Maryland DOT"}},{"type":"Feature","geometry":{"type":"Point","coordinates":[-77.01063,38.782288]},"properties":{"id":"ora-md-100","name":"National Harbor at American Way","state":"MD","provider":"Maryland DOT","hls":"https://strmr10.sha.maryland.gov/rtplive/a70010ea00ea00af004502366d235daa/playlist.m3u8","snapshot":null,"refreshMs":30000,"attribution":"Ora (Warner Varnado) · Maryland DOT"}},{"type":"Feature","geometry":{"type":"Point","coordinates":[-75.999535,38.927876]},"properties":{"id":"ora-md-101","name":"MD 404 WEST OF CONNELLY ROAD","state":"MD","provider":"Maryland DOT","hls":"https://strmr3.sha.maryland.gov/rtplive/8800f815000a00bf005cd336c4235c0a/playlist.m3u8","snapshot":null,"refreshMs":30000,"attribution":"Ora (Warner Varnado) · Maryland DOT"}},{"type":"Feature","geometry":{"type":"Point","coordinates":[-76.58967,39.264416]},"properties":{"id":"ora-md-102","name":"I-95 at FMT, Top of South Portal (C040) MM 54.5","state":"MD","provider":"Maryland DOT","hls":"https://strmr5.sha.maryland.gov/rtplive/a9008078019200e300441a366e230214/playlist.m3u8","snapshot":null,"refreshMs":30000,"attribution":"Ora (Warner Varnado) · Maryland DOT"}},{"type":"Feature","geometry":{"type":"Point","coordinates":[-76.40954,39.01777]},"properties":{"id":"ora-md-103","name":"US 50 EAST AT SANDY POINT","state":"MD","provider":"Maryland DOT","hls":"https://strmr3.sha.maryland.gov/rtplive/490171da00d7006f0062d336c4235c0a/playlist.m3u8","snapshot":null,"refreshMs":30000,"attribution":"Ora (Warner Varnado) · Maryland DOT"}},{"type":"Feature","geometry":{"type":"Point","coordinates":[-76.9433,39.033737]},"properties":{"id":"ora-md-104","name":"I-95 AT CHERRY HILL RD","state":"MD","provider":"Maryland DOT","hls":"https://strmr5.sha.maryland.gov/rtplive/3101095601e90035005dd336c4235c0a/playlist.m3u8","snapshot":null,"refreshMs":30000,"attribution":"Ora (Warner Varnado) · Maryland DOT"}},{"type":"Feature","geometry":{"type":"Point","coordinates":[-76.01492,39.608932]},"properties":{"id":"ora-md-105","name":"I-95 S of Chesapeake H. (C006) MP 96.1","state":"MD","provider":"Maryland DOT","hls":"https://strmr5.sha.maryland.gov/rtplive/c201714c00e30039004606363d235daa/playlist.m3u8","snapshot":null,"refreshMs":30000,"attribution":"Ora (Warner Varnado) · Maryland DOT"}},{"type":"Feature","geometry":{"type":"Point","coordinates":[-76.411255,39.63708]},"properties":{"id":"ora-md-106","name":"RWIS MD 24 AT ROCKS ST. PARK","state":"MD","provider":"Maryland DOT","hls":"https://strmr3.sha.maryland.gov/rtplive/2e00ac6800a200ab0050fa36c4235c0a/playlist.m3u8","snapshot":null,"refreshMs":30000,"attribution":"Ora (Warner Varnado) · Maryland DOT"}},{"type":"Feature","geometry":{"type":"Point","coordinates":[-76.85159,38.91714]},"properties":{"id":"ora-md-107","name":"I-95/495 AT MD 202","state":"MD","provider":"Maryland DOT","hls":"https://strmr5.sha.maryland.gov/rtplive/5101be5801f700d700437a45351f0214/playlist.m3u8","snapshot":null,"refreshMs":30000,"attribution":"Ora (Warner Varnado) · Maryland DOT"}},{"type":"Feature","geometry":{"type":"Point","coordinates":[-78.18272,39.70911]},"properties":{"id":"ora-md-108","name":"I-70 at I-68","state":"MD","provider":"Maryland DOT","hls":"https://strmr3.sha.maryland.gov/rtplive/950008fc01cf000f005cd336c4235c0a/playlist.m3u8","snapshot":null,"refreshMs":30000,"attribution":"Ora (Warner Varnado) · Maryland DOT"}},{"type":"Feature","geometry":{"type":"Point","coordinates":[-76.53347,39.286137]},"properties":{"id":"ora-md-109","name":"I-95 S of Eastern Ave (C042) MP 58.5","state":"MD","provider":"Maryland DOT","hls":"https://strmr5.sha.maryland.gov/rtplive/e1000d84021a004b004606363d235daa/playlist.m3u8","snapshot":null,"refreshMs":30000,"attribution":"Ora (Warner Varnado) · Maryland DOT"}},{"type":"Feature","geometry":{"type":"Point","coordinates":[-76.76658,39.19715]},"properties":{"id":"ora-md-110","name":"I-95 SOUTH AT MD 100","state":"MD","provider":"Maryland DOT","hls":"https://strmr3.sha.maryland.gov/rtplive/5c010a65017a00c0005cd336c4235c0a/playlist.m3u8","snapshot":null,"refreshMs":30000,"attribution":"Ora (Warner Varnado) · Maryland DOT"}},{"type":"Feature","geometry":{"type":"Point","coordinates":[-75.42151,38.385033]},"properties":{"id":"ora-md-111","name":"US 50 AT SIXTY FOOT RD","state":"MD","provider":"Maryland DOT","hls":"https://strmr3.sha.maryland.gov/rtplive/94ffeaa500b6009c005dd336c4235c0a/playlist.m3u8","snapshot":null,"refreshMs":30000,"attribution":"Ora (Warner Varnado) · Maryland DOT"}},{"type":"Feature","geometry":{"type":"Point","coordinates":[-76.66426,38.51074]},"properties":{"id":"ora-md-112","name":"RWIS MD 231 at PATUXENT RIVER","state":"MD","provider":"Maryland DOT","hls":"https://strmr3.sha.maryland.gov/rtplive/2c01b630005100240054fa36c4235c0a/playlist.m3u8","snapshot":null,"refreshMs":30000,"attribution":"Ora (Warner Varnado) · Maryland DOT"}},{"type":"Feature","geometry":{"type":"Point","coordinates":[-77.7853,39.61655]},"properties":{"id":"ora-md-113","name":"I-70 at Ex 26 I-81","state":"MD","provider":"Maryland DOT","hls":"https://strmr3.sha.maryland.gov/rtplive/1b01e0330015001c005afa36c4235c0a/playlist.m3u8","snapshot":null,"refreshMs":30000,"attribution":"Ora (Warner Varnado) · Maryland DOT"}},{"type":"Feature","geometry":{"type":"Point","coordinates":[-77.09733,38.999233]},"properties":{"id":"ora-md-114","name":"Rockville Pk (MD 355) & South Dr (CAM 35)","state":"MD","provider":"Maryland DOT","hls":"https://strmr5.sha.maryland.gov/rtplive/f400498202500075004d823633235daa/playlist.m3u8","snapshot":null,"refreshMs":30000,"attribution":"Ora (Warner Varnado) · Maryland DOT"}},{"type":"Feature","geometry":{"type":"Point","coordinates":[-76.32229,38.97948]},"properties":{"id":"ora-md-115","name":"WPL C-517 at Gantry N-29","state":"MD","provider":"Maryland DOT","hls":"https://strmr3.sha.maryland.gov/rtplive/9e006694005800930063d336c4235c0a/playlist.m3u8","snapshot":null,"refreshMs":30000,"attribution":"Ora (Warner Varnado) · Maryland DOT"}},{"type":"Feature","geometry":{"type":"Point","coordinates":[-76.35065,38.985863]},"properties":{"id":"ora-md-116","name":"WPL C512 at Gantry S-19 MP 35.7","state":"MD","provider":"Maryland DOT","hls":"https://strmr3.sha.maryland.gov/rtplive/6400d5b92e86001c00503336c4235c0a/playlist.m3u8","snapshot":null,"refreshMs":30000,"attribution":"Ora (Warner Varnado) · Maryland DOT"}},{"type":"Feature","geometry":{"type":"Point","coordinates":[-75.99986,39.616207]},"properties":{"id":"ora-md-117","name":"I-95 N of Chesapeake H. (C005) MP 97.1","state":"MD","provider":"Maryland DOT","hls":"https://strmr5.sha.maryland.gov/rtplive/480169db00e20039004606363d235daa/playlist.m3u8","snapshot":null,"refreshMs":30000,"attribution":"Ora (Warner Varnado) · Maryland DOT"}},{"type":"Feature","geometry":{"type":"Point","coordinates":[-76.55353,39.280655]},"properties":{"id":"ora-md-118","name":"I-895 S of O'Donnell St (C035) MP 11.8","state":"MD","provider":"Maryland DOT","hls":"https://strmr5.sha.maryland.gov/rtplive/b8007791019100e300441a366e230214/playlist.m3u8","snapshot":null,"refreshMs":30000,"attribution":"Ora (Warner Varnado) · Maryland DOT"}},{"type":"Feature","geometry":{"type":"Point","coordinates":[-77.031815,39.096058]},"properties":{"id":"ora-md-119","name":"ICC MD 200 WB E OF 182 LAYHILL RD MM 11.1 (C216)","state":"MD","provider":"Maryland DOT","hls":"https://strmr5.sha.maryland.gov/rtplive/f2009c74002100bd004e3336c4235c0a/playlist.m3u8","snapshot":null,"refreshMs":30000,"attribution":"Ora (Warner Varnado) · Maryland DOT"}},{"type":"Feature","geometry":{"type":"Point","coordinates":[-76.870605,38.6974]},"properties":{"id":"ora-md-120","name":"RWIS US-301 AT MD-5","state":"MD","provider":"Maryland DOT","hls":"https://strmr3.sha.maryland.gov/rtplive/ce00c32600eb002a0053fa36c4235c0a/playlist.m3u8","snapshot":null,"refreshMs":30000,"attribution":"Ora (Warner Varnado) · Maryland DOT"}},{"type":"Feature","geometry":{"type":"Point","coordinates":[-76.88932,38.9955]},"properties":{"id":"ora-md-121","name":"I-95/495 AT MD 193 Greenbelt Rd","state":"MD","provider":"Maryland DOT","hls":"https://strmr3.sha.maryland.gov/rtplive/63016dde026300e50051fa36c4235c0a/playlist.m3u8","snapshot":null,"refreshMs":30000,"attribution":"Ora (Warner Varnado) · Maryland DOT"}},{"type":"Feature","geometry":{"type":"Point","coordinates":[-76.8736,38.978535]},"properties":{"id":"ora-md-122","name":"I-95/495 AT GOOD LUCK ROAD","state":"MD","provider":"Maryland DOT","hls":"https://strmr5.sha.maryland.gov/rtplive/260016bb004200f0004ae33696235daa/playlist.m3u8","snapshot":null,"refreshMs":30000,"attribution":"Ora (Warner Varnado) · Maryland DOT"}},{"type":"Feature","geometry":{"type":"Point","coordinates":[-76.58356,39.24094]},"properties":{"id":"ora-md-123","name":"I-895 N of Childs St (C037) MM 8.4","state":"MD","provider":"Maryland DOT","hls":"https://strmr5.sha.maryland.gov/rtplive/eb0165ea044c0160004806363d235daa/playlist.m3u8","snapshot":null,"refreshMs":30000,"attribution":"Ora (Warner Varnado) · Maryland DOT"}},{"type":"Feature","geometry":{"type":"Point","coordinates":[-76.87921,38.99526]},"properties":{"id":"ora-md-124","name":"MD 295 AT MD 193 Greenbelt Rd","state":"MD","provider":"Maryland DOT","hls":"https://strmr3.sha.maryland.gov/rtplive/aa01d4760070001b0058fa36c4235c0a/playlist.m3u8","snapshot":null,"refreshMs":30000,"attribution":"Ora (Warner Varnado) · Maryland DOT"}},{"type":"Feature","geometry":{"type":"Point","coordinates":[-76.44355,39.38493]},"properties":{"id":"ora-md-125","name":"I-95 N of Md 43 Whitemarsh Blvd (C022) MP 67.5","state":"MD","provider":"Maryland DOT","hls":"https://strmr5.sha.maryland.gov/rtplive/f101757700e30039004606363d235daa/playlist.m3u8","snapshot":null,"refreshMs":30000,"attribution":"Ora (Warner Varnado) · Maryland DOT"}},{"type":"Feature","geometry":{"type":"Point","coordinates":[-76.99657,38.805]},"properties":{"id":"ora-md-126","name":"I-95/495 N of MD 210","state":"MD","provider":"Maryland DOT","hls":"https://strmr5.sha.maryland.gov/rtplive/c0000328018c0055005dd336c4235c0a/playlist.m3u8","snapshot":null,"refreshMs":30000,"attribution":"Ora (Warner Varnado) · Maryland DOT"}},{"type":"Feature","geometry":{"type":"Point","coordinates":[-76.67316,39.261997]},"properties":{"id":"ora-md-127","name":"I-95 N. OF I-695 SW","state":"MD","provider":"Maryland DOT","hls":"https://strmr5.sha.maryland.gov/rtplive/1a01fd6300950072005dd336c4235c0a/playlist.m3u8","snapshot":null,"refreshMs":30000,"attribution":"Ora (Warner Varnado) · Maryland DOT"}},{"type":"Feature","geometry":{"type":"Point","coordinates":[-76.74526,39.34867]},"properties":{"id":"ora-md-128","name":"I-695 AT LIBERTY RD","state":"MD","provider":"Maryland DOT","hls":"https://strmr5.sha.maryland.gov/rtplive/3d01ab5800f700d700437a45351f0214/playlist.m3u8","snapshot":null,"refreshMs":30000,"attribution":"Ora (Warner Varnado) · Maryland DOT"}},{"type":"Feature","geometry":{"type":"Point","coordinates":[-76.16857,38.981365]},"properties":{"id":"ora-md-129","name":"US 50 AT US 301 SPLIT","state":"MD","provider":"Maryland DOT","hls":"https://strmr3.sha.maryland.gov/rtplive/cb000f1800330014004a8436cf235d0a/playlist.m3u8","snapshot":null,"refreshMs":30000,"attribution":"Ora (Warner Varnado) · Maryland DOT"}},{"type":"Feature","geometry":{"type":"Point","coordinates":[-79.24838,39.692093]},"properties":{"id":"ora-md-130","name":"RWIS I-68 at US 219","state":"MD","provider":"Maryland DOT","hls":"https://strmr3.sha.maryland.gov/rtplive/1800a05f00a100ab0050fa36c4235c0a/playlist.m3u8","snapshot":null,"refreshMs":30000,"attribution":"Ora (Warner Varnado) · Maryland DOT"}},{"type":"Feature","geometry":{"type":"Point","coordinates":[-76.36658,38.989586]},"properties":{"id":"ora-md-131","name":"WPL at Gantry 14","state":"MD","provider":"Maryland DOT","hls":"https://strmr5.sha.maryland.gov/rtplive/600087a4006500120068d336c4235c0a/playlist.m3u8","snapshot":null,"refreshMs":30000,"attribution":"Ora (Warner Varnado) · Maryland DOT"}},{"type":"Feature","geometry":{"type":"Point","coordinates":[-76.847595,38.892426]},"properties":{"id":"ora-md-132","name":"I-95/495 AT MD 214","state":"MD","provider":"Maryland DOT","hls":"https://strmr5.sha.maryland.gov/rtplive/4701b45801f700d700437a45351f0214/playlist.m3u8","snapshot":null,"refreshMs":30000,"attribution":"Ora (Warner Varnado) · Maryland DOT"}},{"type":"Feature","geometry":{"type":"Point","coordinates":[-76.673584,39.59246]},"properties":{"id":"ora-md-133","name":"RWIS I-83 AT MD-137","state":"MD","provider":"Maryland DOT","hls":"https://strmr3.sha.maryland.gov/rtplive/f500c12a006900d40050fa36c4235c0a/playlist.m3u8","snapshot":null,"refreshMs":30000,"attribution":"Ora (Warner Varnado) · Maryland DOT"}},{"type":"Feature","geometry":{"type":"Point","coordinates":[-76.140366,39.567726]},"properties":{"id":"ora-md-134","name":"I-95 S of Md 155  (C013) MP 88.6","state":"MD","provider":"Maryland DOT","hls":"https://strmr5.sha.maryland.gov/rtplive/6a0091d300e40039004606363d235daa/playlist.m3u8","snapshot":null,"refreshMs":30000,"attribution":"Ora (Warner Varnado) · Maryland DOT"}},{"type":"Feature","geometry":{"type":"Point","coordinates":[-76.97725,38.364395]},"properties":{"id":"ora-md-135","name":"US 301 HWN BRIDGE G6","state":"MD","provider":"Maryland DOT","hls":"https://strmr3.sha.maryland.gov/rtplive/99016c19003c001f0063d336c4235c0a/playlist.m3u8","snapshot":null,"refreshMs":30000,"attribution":"Ora (Warner Varnado) · Maryland DOT"}},{"type":"Feature","geometry":{"type":"Point","coordinates":[-76.862526,39.129265]},"properties":{"id":"ora-md-136","name":"I-95 AT MD 216","state":"MD","provider":"Maryland DOT","hls":"https://strmr5.sha.maryland.gov/rtplive/1a0142cf013f0016005dd336c4235c0a/playlist.m3u8","snapshot":null,"refreshMs":30000,"attribution":"Ora (Warner Varnado) · Maryland DOT"}},{"type":"Feature","geometry":{"type":"Point","coordinates":[-76.07505,39.56756]},"properties":{"id":"ora-md-137","name":"US 40 AT HATEM BRIDGE (C-065A)","state":"MD","provider":"Maryland DOT","hls":"https://strmr5.sha.maryland.gov/rtplive/80007d9800c000f30062d336c4235c0a/playlist.m3u8","snapshot":null,"refreshMs":30000,"attribution":"Ora (Warner Varnado) · Maryland DOT"}},{"type":"Feature","geometry":{"type":"Point","coordinates":[-76.40881,39.01575]},"properties":{"id":"ora-md-138","name":"C-500.3B US 50 EB, East of Exit 32 , Oceanic Drive, Near Gate ER1, MM 32","state":"MD","provider":"Maryland DOT","hls":"https://strmr5.sha.maryland.gov/rtplive/f50078f800a600250064d336c4235c0a/playlist.m3u8","snapshot":null,"refreshMs":30000,"attribution":"Ora (Warner Varnado) · Maryland DOT"}},{"type":"Feature","geometry":{"type":"Point","coordinates":[-77.06574,39.116802]},"properties":{"id":"ora-md-139","name":"ICC MD 200 EB E OF MD 97 MM 8.7 (C213)","state":"MD","provider":"Maryland DOT","hls":"https://strmr5.sha.maryland.gov/rtplive/d2005d9a001a00bd004e3336c4235c0a/playlist.m3u8","snapshot":null,"refreshMs":30000,"attribution":"Ora (Warner Varnado) · Maryland DOT"}},{"type":"Feature","geometry":{"type":"Point","coordinates":[-76.88963,39.10004]},"properties":{"id":"ora-md-140","name":"I-95 AT MD 198","state":"MD","provider":"Maryland DOT","hls":"https://strmr5.sha.maryland.gov/rtplive/63ff12a0008d00030048e33696235daa/playlist.m3u8","snapshot":null,"refreshMs":30000,"attribution":"Ora (Warner Varnado) · Maryland DOT"}},{"type":"Feature","geometry":{"type":"Point","coordinates":[-76.632706,39.18148]},"properties":{"id":"ora-md-141","name":"I-97 N OF EXIT 16 MD 648","state":"MD","provider":"Maryland DOT","hls":"https://strmr5.sha.maryland.gov/rtplive/0900adbd00ee00e30051fa36c4235c0a/playlist.m3u8","snapshot":null,"refreshMs":30000,"attribution":"Ora (Warner Varnado) · Maryland DOT"}},{"type":"Feature","geometry":{"type":"Point","coordinates":[-76.39515,38.998123]},"properties":{"id":"ora-md-142","name":"WPL C-505 at Gantry N-9 MP 2.0","state":"MD","provider":"Maryland DOT","hls":"https://strmr3.sha.maryland.gov/rtplive/5a01ab71004500400063d336c4235c0a/playlist.m3u8","snapshot":null,"refreshMs":30000,"attribution":"Ora (Warner Varnado) · Maryland DOT"}},{"type":"Feature","geometry":{"type":"Point","coordinates":[-76.698425,39.258034]},"properties":{"id":"ora-md-143","name":"I-695 AT WILKENS AVE","state":"MD","provider":"Maryland DOT","hls":"https://strmr5.sha.maryland.gov/rtplive/c501325801f700d700437a45351f0214/playlist.m3u8","snapshot":null,"refreshMs":30000,"attribution":"Ora (Warner Varnado) · Maryland DOT"}},{"type":"Feature","geometry":{"type":"Point","coordinates":[-77.080345,39.109024]},"properties":{"id":"ora-md-144","name":"Muncaster Mill Rd (MD 115) & Norbeck Rd (MD 28)(CAM 141)","state":"MD","provider":"Maryland DOT","hls":"https://strmr5.sha.maryland.gov/rtplive/8401296e01150075004d823633235daa/playlist.m3u8","snapshot":null,"refreshMs":30000,"attribution":"Ora (Warner Varnado) · Maryland DOT"}},{"type":"Feature","geometry":{"type":"Point","coordinates":[-76.884445,39.16754]},"properties":{"id":"ora-md-145","name":"US 29 AT MIDDLE PATUXENT RIVER","state":"MD","provider":"Maryland DOT","hls":"https://strmr3.sha.maryland.gov/rtplive/ca006bbb003d00aa0067d336c4235c0a/playlist.m3u8","snapshot":null,"refreshMs":30000,"attribution":"Ora (Warner Varnado) · Maryland DOT"}},{"type":"Feature","geometry":{"type":"Point","coordinates":[-77.427704,39.399185]},"properties":{"id":"ora-md-146","name":"I-70 at Ex 53 I-270","state":"MD","provider":"Maryland DOT","hls":"https://strmr5.sha.maryland.gov/rtplive/0800f82400b50086005bd336c4235c0a/playlist.m3u8","snapshot":null,"refreshMs":30000,"attribution":"Ora (Warner Varnado) · Maryland DOT"}},{"type":"Feature","geometry":{"type":"Point","coordinates":[-76.1813,39.655174]},"properties":{"id":"ora-md-147","name":"US 1 AT CONOWINGO TWR","state":"MD","provider":"Maryland DOT","hls":"https://strmr5.sha.maryland.gov/rtplive/2201f01800f8006f005dd336c4235c0a/playlist.m3u8","snapshot":null,"refreshMs":30000,"attribution":"Ora (Warner Varnado) · Maryland DOT"}},{"type":"Feature","geometry":{"type":"Point","coordinates":[-78.49391,39.682415]},"properties":{"id":"ora-md-148","name":"I-68 West of 15 Mile Creek Rd","state":"MD","provider":"Maryland DOT","hls":"https://strmr3.sha.maryland.gov/rtplive/960017d3013c00bc005dd336c4235c0a/playlist.m3u8","snapshot":null,"refreshMs":30000,"attribution":"Ora (Warner Varnado) · Maryland DOT"}},{"type":"Feature","geometry":{"type":"Point","coordinates":[-77.0059,39.088337]},"properties":{"id":"ora-md-149","name":"ICC MD 200 WB  W OF MD 650 NEW HAMPSHIRE AVE MM 12.9 (C218)","state":"MD","provider":"Maryland DOT","hls":"https://strmr5.sha.maryland.gov/rtplive/2e00aaa1002200bd004e3336c4235c0a/playlist.m3u8","snapshot":null,"refreshMs":30000,"attribution":"Ora (Warner Varnado) · Maryland DOT"}},{"type":"Feature","geometry":{"type":"Point","coordinates":[-76.06257,39.59521]},"properties":{"id":"ora-md-150","name":"I-95 N of Md 222 (C007) MP 93.4","state":"MD","provider":"Maryland DOT","hls":"https://strmr5.sha.maryland.gov/rtplive/400179c200e30039004606363d235daa/playlist.m3u8","snapshot":null,"refreshMs":30000,"attribution":"Ora (Warner Varnado) · Maryland DOT"}},{"type":"Feature","geometry":{"type":"Point","coordinates":[-78.71543,39.67372]},"properties":{"id":"ora-md-151","name":"I-68 at Exit 47 US 220","state":"MD","provider":"Maryland DOT","hls":"https://strmr3.sha.maryland.gov/rtplive/44013f49015800b0005dd336c4235c0a/playlist.m3u8","snapshot":null,"refreshMs":30000,"attribution":"Ora (Warner Varnado) · Maryland DOT"}},{"type":"Feature","geometry":{"type":"Point","coordinates":[-76.515625,38.993816]},"properties":{"id":"ora-md-152","name":"US 50 AT Ex 24 MD 70 Rowe Blvd","state":"MD","provider":"Maryland DOT","hls":"https://strmr5.sha.maryland.gov/rtplive/fa0017fb008d004b004af03676235daa/playlist.m3u8","snapshot":null,"refreshMs":30000,"attribution":"Ora (Warner Varnado) · Maryland DOT"}},{"type":"Feature","geometry":{"type":"Point","coordinates":[-76.77855,39.174744]},"properties":{"id":"ora-md-153","name":"US 1 AT PORT CAPITOL DR","state":"MD","provider":"Maryland DOT","hls":"https://strmr5.sha.maryland.gov/rtplive/4b017ada003900030065d336c4235c0a/playlist.m3u8","snapshot":null,"refreshMs":30000,"attribution":"Ora (Warner Varnado) · Maryland DOT"}},{"type":"Feature","geometry":{"type":"Point","coordinates":[-75.11164,38.338017]},"properties":{"id":"ora-md-154","name":"US 50 AT MD 611","state":"MD","provider":"Maryland DOT","hls":"https://strmr5.sha.maryland.gov/rtplive/a6004fe80099007b00488436cf235d0a/playlist.m3u8","snapshot":null,"refreshMs":30000,"attribution":"Ora (Warner Varnado) · Maryland DOT"}},{"type":"Feature","geometry":{"type":"Point","coordinates":[-76.3503,39.442177]},"properties":{"id":"ora-md-155","name":"I-95 S PAST EXIT 74 MD 152 (C021) MM 74.1","state":"MD","provider":"Maryland DOT","hls":"https://strmr5.sha.maryland.gov/rtplive/4c01cf7300e80039004606363d235daa/playlist.m3u8","snapshot":null,"refreshMs":30000,"attribution":"Ora (Warner Varnado) · Maryland DOT"}},{"type":"Feature","geometry":{"type":"Point","coordinates":[-76.85286,39.032658]},"properties":{"id":"ora-md-156","name":"MD 295 AT POWDER MILL RD","state":"MD","provider":"Maryland DOT","hls":"https://strmr3.sha.maryland.gov/rtplive/d6001e05013b00c4005dd336c4235c0a/playlist.m3u8","snapshot":null,"refreshMs":30000,"attribution":"Ora (Warner Varnado) · Maryland DOT"}},{"type":"Feature","geometry":{"type":"Point","coordinates":[-76.96134,38.369648]},"properties":{"id":"ora-md-157","name":"US 301 HWN BRIDGE M.M. 3.03","state":"MD","provider":"Maryland DOT","hls":"https://strmr3.sha.maryland.gov/rtplive/c8008309005000330063d336c4235c0a/playlist.m3u8","snapshot":null,"refreshMs":30000,"attribution":"Ora (Warner Varnado) · Maryland DOT"}},{"type":"Feature","geometry":{"type":"Point","coordinates":[-76.969536,39.083138]},"properties":{"id":"ora-md-158","name":"ICC MD 200 EB W OF US 29 MM 14.9 (C220)","state":"MD","provider":"Maryland DOT","hls":"https://strmr5.sha.maryland.gov/rtplive/7d01722d001d00bd004e3336c4235c0a/playlist.m3u8","snapshot":null,"refreshMs":30000,"attribution":"Ora (Warner Varnado) · Maryland DOT"}},{"type":"Feature","geometry":{"type":"Point","coordinates":[-76.44128,39.377453]},"properties":{"id":"ora-md-159","name":"MD 43 E, East of I-95 (C022B) MM 67.0","state":"MD","provider":"Maryland DOT","hls":"https://strmr5.sha.maryland.gov/rtplive/6e01c36600f9007b0054fa36c4235c0a/playlist.m3u8","snapshot":null,"refreshMs":30000,"attribution":"Ora (Warner Varnado) · Maryland DOT"}},{"type":"Feature","geometry":{"type":"Point","coordinates":[-77.017,39.01564]},"properties":{"id":"ora-md-160","name":"I-495 at Ex 30 US 29 Colesville Rd","state":"MD","provider":"Maryland DOT","hls":"https://strmr3.sha.maryland.gov/rtplive/470011e600ef003a004ee33696235daa/playlist.m3u8","snapshot":null,"refreshMs":30000,"attribution":"Ora (Warner Varnado) · Maryland DOT"}},{"type":"Feature","geometry":{"type":"Point","coordinates":[-78.303246,39.71222]},"properties":{"id":"ora-md-161","name":"I-68 at Exit 74 Mountain Rd","state":"MD","provider":"Maryland DOT","hls":"https://strmr3.sha.maryland.gov/rtplive/b1ff05ba019e00a0005dd336c4235c0a/playlist.m3u8","snapshot":null,"refreshMs":30000,"attribution":"Ora (Warner Varnado) · Maryland DOT"}},{"type":"Feature","geometry":{"type":"Point","coordinates":[-76.98648,39.046844]},"properties":{"id":"ora-md-162","name":"Columbia Pk (US 29) at Stewart La","state":"MD","provider":"Maryland DOT","hls":"https://strmr3.sha.maryland.gov/rtplive/1102717002570075004d823633235daa/playlist.m3u8","snapshot":null,"refreshMs":30000,"attribution":"Ora (Warner Varnado) · Maryland DOT"}},{"type":"Feature","geometry":{"type":"Point","coordinates":[-78.016396,39.62804]},"properties":{"id":"ora-md-163","name":"I-70 AT EX 12 MD 56","state":"MD","provider":"Maryland DOT","hls":"https://strmr3.sha.maryland.gov/rtplive/e900ea2a006a00b8005dd336c4235c0a/playlist.m3u8","snapshot":null,"refreshMs":30000,"attribution":"Ora (Warner Varnado) · Maryland DOT"}},{"type":"Feature","geometry":{"type":"Point","coordinates":[-77.14185,39.033573]},"properties":{"id":"ora-md-164","name":"I-270 S OF SPLIT","state":"MD","provider":"Maryland DOT","hls":"https://strmr5.sha.maryland.gov/rtplive/1501835800f700d700437a45351f0214/playlist.m3u8","snapshot":null,"refreshMs":30000,"attribution":"Ora (Warner Varnado) · Maryland DOT"}},{"type":"Feature","geometry":{"type":"Point","coordinates":[-76.08817,39.585545]},"properties":{"id":"ora-md-165","name":"I-95 N OF TYDINGS BRIDGE (C094) 91.8N","state":"MD","provider":"Maryland DOT","hls":"https://strmr3.sha.maryland.gov/rtplive/0b016b9800e6006a0062d336c4235c0a/playlist.m3u8","snapshot":null,"refreshMs":30000,"attribution":"Ora (Warner Varnado) · Maryland DOT"}},{"type":"Feature","geometry":{"type":"Point","coordinates":[-76.73768,39.285336]},"properties":{"id":"ora-md-166","name":"I-695 AT BALT NATL PK","state":"MD","provider":"Maryland DOT","hls":"https://strmr5.sha.maryland.gov/rtplive/1701ea3700f9004a005dd336c4235c0a/playlist.m3u8","snapshot":null,"refreshMs":30000,"attribution":"Ora (Warner Varnado) · Maryland DOT"}},{"type":"Feature","geometry":{"type":"Point","coordinates":[-76.53036,39.305187]},"properties":{"id":"ora-md-167","name":"I-95 N AT MORAVIA RD C-042C","state":"MD","provider":"Maryland DOT","hls":"https://strmr3.sha.maryland.gov/rtplive/320177fe009d006b005fd336c4235c0a/playlist.m3u8","snapshot":null,"refreshMs":30000,"attribution":"Ora (Warner Varnado) · Maryland DOT"}},{"type":"Feature","geometry":{"type":"Point","coordinates":[-77.105965,39.031452]},"properties":{"id":"ora-md-168","name":"Rockville Pk (MD 355) & Tuckerman La (North) (CAM 37)","state":"MD","provider":"Maryland DOT","hls":"https://strmr5.sha.maryland.gov/rtplive/1701519c02510075004d823633235daa/playlist.m3u8","snapshot":null,"refreshMs":30000,"attribution":"Ora (Warner Varnado) · Maryland DOT"}},{"type":"Feature","geometry":{"type":"Point","coordinates":[-76.899445,39.067554]},"properties":{"id":"ora-md-169","name":"ICC MD 200 EB E OF I-95 MM 19.1 (C226)","state":"MD","provider":"Maryland DOT","hls":"https://strmr3.sha.maryland.gov/rtplive/86008e17002000bd004e3336c4235c0a/playlist.m3u8","snapshot":null,"refreshMs":30000,"attribution":"Ora (Warner Varnado) · Maryland DOT"}},{"type":"Feature","geometry":{"type":"Point","coordinates":[-77.17777,38.978092]},"properties":{"id":"ora-md-170","name":"I-495 N. of American Legion Brg","state":"MD","provider":"Maryland DOT","hls":"https://strmr5.sha.maryland.gov/rtplive/680130ec01500048005dd336c4235c0a/playlist.m3u8","snapshot":null,"refreshMs":30000,"attribution":"Ora (Warner Varnado) · Maryland DOT"}},{"type":"Feature","geometry":{"type":"Point","coordinates":[-76.86517,38.954945]},"properties":{"id":"ora-md-171","name":"I-95 SOUTH OF MD 450 (Cobb Road Tower)","state":"MD","provider":"Maryland DOT","hls":"https://strmr3.sha.maryland.gov/rtplive/7501657e00cd00070068d336c4235c0a/playlist.m3u8","snapshot":null,"refreshMs":30000,"attribution":"Ora (Warner Varnado) · Maryland DOT"}},{"type":"Feature","geometry":{"type":"Point","coordinates":[-76.49429,39.353382]},"properties":{"id":"ora-md-172","name":"I-95S GP @ I-695, MP 64.0 (C024A)","state":"MD","provider":"Maryland DOT","hls":"https://strmr5.sha.maryland.gov/rtplive/65002ee001eb009c0052fa36c4235c0a/playlist.m3u8","snapshot":null,"refreshMs":30000,"attribution":"Ora (Warner Varnado) · Maryland DOT"}},{"type":"Feature","geometry":{"type":"Point","coordinates":[-77.030464,39.094364]},"properties":{"id":"ora-md-173","name":"ICC MD 200 EB AT BONIFANT MM 11.8 (C217)","state":"MD","provider":"Maryland DOT","hls":"https://strmr5.sha.maryland.gov/rtplive/9f00a319002200bd004e3336c4235c0a/playlist.m3u8","snapshot":null,"refreshMs":30000,"attribution":"Ora (Warner Varnado) · Maryland DOT"}},{"type":"Feature","geometry":{"type":"Point","coordinates":[-77.6393,39.58584]},"properties":{"id":"ora-md-174","name":"I-70 at Ex 35 MD 66 Mapleville Rd","state":"MD","provider":"Maryland DOT","hls":"https://strmr3.sha.maryland.gov/rtplive/4600070f01c300b9005dd336c4235c0a/playlist.m3u8","snapshot":null,"refreshMs":30000,"attribution":"Ora (Warner Varnado) · Maryland DOT"}},{"type":"Feature","geometry":{"type":"Point","coordinates":[-76.8095,39.144527]},"properties":{"id":"ora-md-175","name":"US 1 AT GUILFORD RD","state":"MD","provider":"Maryland DOT","hls":"https://strmr3.sha.maryland.gov/rtplive/1b017c6500a300dc0065d336c4235c0a/playlist.m3u8","snapshot":null,"refreshMs":30000,"attribution":"Ora (Warner Varnado) · Maryland DOT"}},{"type":"Feature","geometry":{"type":"Point","coordinates":[-76.24728,39.48529]},"properties":{"id":"ora-md-176","name":"I-95 N of MD 543  (C016) MP 80.4","state":"MD","provider":"Maryland DOT","hls":"https://strmr5.sha.maryland.gov/rtplive/cf00b70f00e70039004606363d235daa/playlist.m3u8","snapshot":null,"refreshMs":30000,"attribution":"Ora (Warner Varnado) · Maryland DOT"}},{"type":"Feature","geometry":{"type":"Point","coordinates":[-76.87425,38.926334]},"properties":{"id":"ora-md-177","name":"MD 202 AT MD 704","state":"MD","provider":"Maryland DOT","hls":"https://strmr5.sha.maryland.gov/rtplive/5b01c85801f700d700437a45351f0214/playlist.m3u8","snapshot":null,"refreshMs":30000,"attribution":"Ora (Warner Varnado) · Maryland DOT"}},{"type":"Feature","geometry":{"type":"Point","coordinates":[-76.91994,39.30532]},"properties":{"id":"ora-md-178","name":"I-70 W of Ex 82 US 40 Baltimore National Pike","state":"MD","provider":"Maryland DOT","hls":"https://strmr3.sha.maryland.gov/rtplive/52005fc1009800e20062d336c4235c0a/playlist.m3u8","snapshot":null,"refreshMs":30000,"attribution":"Ora (Warner Varnado) · Maryland DOT"}},{"type":"Feature","geometry":{"type":"Point","coordinates":[-79.3448,39.528404]},"properties":{"id":"ora-md-179","name":"US 219 AT DEEP CREEK LAKE","state":"MD","provider":"Maryland DOT","hls":"https://strmr3.sha.maryland.gov/rtplive/9d0065ab002000af0068d336c4235c0a/playlist.m3u8","snapshot":null,"refreshMs":30000,"attribution":"Ora (Warner Varnado) · Maryland DOT"}},{"type":"Feature","geometry":{"type":"Point","coordinates":[-77.01636,39.326645]},"properties":{"id":"ora-md-180","name":"I-70 at Ex 76 MD 97","state":"MD","provider":"Maryland DOT","hls":"https://strmr3.sha.maryland.gov/rtplive/67005e99008200370061d336c4235c0a/playlist.m3u8","snapshot":null,"refreshMs":30000,"attribution":"Ora (Warner Varnado) · Maryland DOT"}},{"type":"Feature","geometry":{"type":"Point","coordinates":[-75.53788,38.36996]},"properties":{"id":"ora-md-181","name":"US 50 AT US 13 SALISBURY BYPASS","state":"MD","provider":"Maryland DOT","hls":"https://strmr3.sha.maryland.gov/rtplive/d7000a1f00200031004a8436cf235d0a/playlist.m3u8","snapshot":null,"refreshMs":30000,"attribution":"Ora (Warner Varnado) · Maryland DOT"}},{"type":"Feature","geometry":{"type":"Point","coordinates":[-76.66201,39.4721]},"properties":{"id":"ora-md-182","name":"I-83 at Exit 18 Warren Rd","state":"MD","provider":"Maryland DOT","hls":"https://strmr5.sha.maryland.gov/rtplive/57010d62007a0043004be2369e235daa/playlist.m3u8","snapshot":null,"refreshMs":30000,"attribution":"Ora (Warner Varnado) · Maryland DOT"}},{"type":"Feature","geometry":{"type":"Point","coordinates":[-77.24327,39.19205]},"properties":{"id":"ora-md-183","name":"Frederick Rd (MD 355) at Germantown Rd (MD 118)(CAM 118)","state":"MD","provider":"Maryland DOT","hls":"https://strmr5.sha.maryland.gov/rtplive/0601b17800060075004d823633235daa/playlist.m3u8","snapshot":null,"refreshMs":30000,"attribution":"Ora (Warner Varnado) · Maryland DOT"}},{"type":"Feature","geometry":{"type":"Point","coordinates":[-76.65883,38.30523]},"properties":{"id":"ora-md-184","name":"MD 5 AT NEWTOWNE NECK RD","state":"MD","provider":"Maryland DOT","hls":"https://strmr3.sha.maryland.gov/rtplive/4400e8f9008c00070053fa36c4235c0a/playlist.m3u8","snapshot":null,"refreshMs":30000,"attribution":"Ora (Warner Varnado) · Maryland DOT"}},{"type":"Feature","geometry":{"type":"Point","coordinates":[-77.582054,39.356236]},"properties":{"id":"ora-md-185","name":"RWIS US 340 at MD 180","state":"MD","provider":"Maryland DOT","hls":"https://strmr3.sha.maryland.gov/rtplive/3200a76b008000d30050fa36c4235c0a/playlist.m3u8","snapshot":null,"refreshMs":30000,"attribution":"Ora (Warner Varnado) · Maryland DOT"}},{"type":"Feature","geometry":{"type":"Point","coordinates":[-76.50262,39.312195]},"properties":{"id":"ora-md-186","name":"I-695 PRIOR TO CHESACO AVE","state":"MD","provider":"Maryland DOT","hls":"https://strmr5.sha.maryland.gov/rtplive/b700e75ce1df03c4004a06363d235daa/playlist.m3u8","snapshot":null,"refreshMs":30000,"attribution":"Ora (Warner Varnado) · Maryland DOT"}},{"type":"Feature","geometry":{"type":"Point","coordinates":[-77.141365,39.026596]},"properties":{"id":"ora-md-187","name":"I-270 N OF DEMOCRACY","state":"MD","provider":"Maryland DOT","hls":"https://strmr5.sha.maryland.gov/rtplive/10027e5800f700d700437a45351f0214/playlist.m3u8","snapshot":null,"refreshMs":30000,"attribution":"Ora (Warner Varnado) · Maryland DOT"}},{"type":"Feature","geometry":{"type":"Point","coordinates":[-76.40898,39.672184]},"properties":{"id":"ora-md-188","name":"MD 24 AT MD 165","state":"MD","provider":"Maryland DOT","hls":"https://strmr5.sha.maryland.gov/rtplive/08010a4401e30024005cd336c4235c0a/playlist.m3u8","snapshot":null,"refreshMs":30000,"attribution":"Ora (Warner Varnado) · Maryland DOT"}},{"type":"Feature","geometry":{"type":"Point","coordinates":[-76.73447,39.38477]},"properties":{"id":"ora-md-189","name":"I-695 O/L AT EX 20 MD 140","state":"MD","provider":"Maryland DOT","hls":"https://strmr3.sha.maryland.gov/rtplive/0f012c5400e000aa004e3436c4235c0a/playlist.m3u8","snapshot":null,"refreshMs":30000,"attribution":"Ora (Warner Varnado) · Maryland DOT"}},{"type":"Feature","geometry":{"type":"Point","coordinates":[-77.002975,39.032867]},"properties":{"id":"ora-md-190","name":"Columbia Pk (US 29) at Lockwood Dr","state":"MD","provider":"Maryland DOT","hls":"https://strmr5.sha.maryland.gov/rtplive/1d01d54801280075004d823633235daa/playlist.m3u8","snapshot":null,"refreshMs":30000,"attribution":"Ora (Warner Varnado) · Maryland DOT"}},{"type":"Feature","geometry":{"type":"Point","coordinates":[-76.11875,39.576416]},"properties":{"id":"ora-md-191","name":"I-95 S of Tydings Br. (C011) MP 90.0","state":"MD","provider":"Maryland DOT","hls":"https://strmr5.sha.maryland.gov/rtplive/9d016d2b00e30039004606363d235daa/playlist.m3u8","snapshot":null,"refreshMs":30000,"attribution":"Ora (Warner Varnado) · Maryland DOT"}},{"type":"Feature","geometry":{"type":"Point","coordinates":[-76.4332,39.02504]},"properties":{"id":"ora-md-192","name":"US 50 E OF ST MARGARETS","state":"MD","provider":"Maryland DOT","hls":"https://strmr5.sha.maryland.gov/rtplive/7e01ec5800f700d700437a45351f0214/playlist.m3u8","snapshot":null,"refreshMs":30000,"attribution":"Ora (Warner Varnado) · Maryland DOT"}},{"type":"Feature","geometry":{"type":"Point","coordinates":[-76.83728,39.239655]},"properties":{"id":"ora-md-193","name":"US 29 S AT MD 108","state":"MD","provider":"Maryland DOT","hls":"https://strmr5.sha.maryland.gov/rtplive/6b002d0800d40002004b823633235daa/playlist.m3u8","snapshot":null,"refreshMs":30000,"attribution":"Ora (Warner Varnado) · Maryland DOT"}},{"type":"Feature","geometry":{"type":"Point","coordinates":[-76.96134,38.369648]},"properties":{"id":"ora-md-194","name":"US 301 HWN BRIDGE MM. 3.03","state":"MD","provider":"Maryland DOT","hls":"https://strmr3.sha.maryland.gov/rtplive/7c017dc5004e00330063d336c4235c0a/playlist.m3u8","snapshot":null,"refreshMs":30000,"attribution":"Ora (Warner Varnado) · Maryland DOT"}},{"type":"Feature","geometry":{"type":"Point","coordinates":[-76.824905,39.07686]},"properties":{"id":"ora-md-195","name":"MD 295 2 MI SOUTH OF MD 198","state":"MD","provider":"Maryland DOT","hls":"https://strmr3.sha.maryland.gov/rtplive/dfffda900085001b0058fa36c4235c0a/playlist.m3u8","snapshot":null,"refreshMs":30000,"attribution":"Ora (Warner Varnado) · Maryland DOT"}},{"type":"Feature","geometry":{"type":"Point","coordinates":[-76.09813,39.58471]},"properties":{"id":"ora-md-196","name":"RWIS I-95 AT TYDINGS BRIDGE","state":"MD","provider":"Maryland DOT","hls":"https://strmr3.sha.maryland.gov/rtplive/8800c7b6006a00d40050fa36c4235c0a/playlist.m3u8","snapshot":null,"refreshMs":30000,"attribution":"Ora (Warner Varnado) · Maryland DOT"}},{"type":"Feature","geometry":{"type":"Point","coordinates":[-77.05382,39.013775]},"properties":{"id":"ora-md-197","name":"I-495 W of Ex 31 MD 97 Georgia Ave","state":"MD","provider":"Maryland DOT","hls":"https://strmr5.sha.maryland.gov/rtplive/0b02795800f700d700437a45351f0214/playlist.m3u8","snapshot":null,"refreshMs":30000,"attribution":"Ora (Warner Varnado) · Maryland DOT"}},{"type":"Feature","geometry":{"type":"Point","coordinates":[-76.8719,38.69497]},"properties":{"id":"ora-md-198","name":"US 301 at MD 5","state":"MD","provider":"Maryland DOT","hls":"https://strmr3.sha.maryland.gov/rtplive/ed001490006500cb004a02366d235daa/playlist.m3u8","snapshot":null,"refreshMs":30000,"attribution":"Ora (Warner Varnado) · Maryland DOT"}},{"type":"Feature","geometry":{"type":"Point","coordinates":[-75.84787,38.49882]},"properties":{"id":"ora-md-199","name":"US 50 AT MD 731 VIENNA TWR","state":"MD","provider":"Maryland DOT","hls":"https://strmr5.sha.maryland.gov/rtplive/0901227b0096007b00488436cf235d0a/playlist.m3u8","snapshot":null,"refreshMs":30000,"attribution":"Ora (Warner Varnado) · Maryland DOT"}},{"type":"Feature","geometry":{"type":"Point","coordinates":[-76.2801,38.975407]},"properties":{"id":"ora-md-200","name":"US 50 PAST EX 39B MD 552","state":"MD","provider":"Maryland DOT","hls":"https://strmr3.sha.maryland.gov/rtplive/4f016345003e00b20061d336c4235c0a/playlist.m3u8","snapshot":null,"refreshMs":30000,"attribution":"Ora (Warner Varnado) · Maryland DOT"}},{"type":"Feature","geometry":{"type":"Point","coordinates":[-76.33597,38.983578]},"properties":{"id":"ora-md-201","name":"WPL C-511A at Gantry N-25","state":"MD","provider":"Maryland DOT","hls":"https://strmr3.sha.maryland.gov/rtplive/1000babb0095004d0063d336c4235c0a/playlist.m3u8","snapshot":null,"refreshMs":30000,"attribution":"Ora (Warner Varnado) · Maryland DOT"}},{"type":"Feature","geometry":{"type":"Point","coordinates":[-78.275734,39.70993]},"properties":{"id":"ora-md-202","name":"RWIS I-68/SIDELING HILL","state":"MD","provider":"Maryland DOT","hls":"https://strmr3.sha.maryland.gov/rtplive/c1ff9c0c00a100ab0050fa36c4235c0a/playlist.m3u8","snapshot":null,"refreshMs":30000,"attribution":"Ora (Warner Varnado) · Maryland DOT"}},{"type":"Feature","geometry":{"type":"Point","coordinates":[-76.55472,39.20409]},"properties":{"id":"ora-md-203","name":"I-695 E of Quarantine Rd (C051) MP 49.8","state":"MD","provider":"Maryland DOT","hls":"https://strmr5.sha.maryland.gov/rtplive/e40037d1c47601b8004606363d235daa/playlist.m3u8","snapshot":null,"refreshMs":30000,"attribution":"Ora (Warner Varnado) · Maryland DOT"}},{"type":"Feature","geometry":{"type":"Point","coordinates":[-76.59067,39.205883]},"properties":{"id":"ora-md-204","name":"I-695 W of East Ordnance Rd (C049) MP 0.6","state":"MD","provider":"Maryland DOT","hls":"https://strmr5.sha.maryland.gov/rtplive/7101276ec47601b8004606363d235daa/playlist.m3u8","snapshot":null,"refreshMs":30000,"attribution":"Ora (Warner Varnado) · Maryland DOT"}},{"type":"Feature","geometry":{"type":"Point","coordinates":[-76.24174,38.96975]},"properties":{"id":"ora-md-205","name":"US 50 AT KENT NARROWS BRIDGE","state":"MD","provider":"Maryland DOT","hls":"https://strmr3.sha.maryland.gov/rtplive/37003b8e0098007b00488436cf235d0a/playlist.m3u8","snapshot":null,"refreshMs":30000,"attribution":"Ora (Warner Varnado) · Maryland DOT"}},{"type":"Feature","geometry":{"type":"Point","coordinates":[-76.624245,39.229332]},"properties":{"id":"ora-md-206","name":"I-895 at Ritchie Spur (C047) MM 5.9","state":"MD","provider":"Maryland DOT","hls":"https://strmr5.sha.maryland.gov/rtplive/db01192600680049004806363d235daa/playlist.m3u8","snapshot":null,"refreshMs":30000,"attribution":"Ora (Warner Varnado) · Maryland DOT"}},{"type":"Feature","geometry":{"type":"Point","coordinates":[-77.25554,39.184135]},"properties":{"id":"ora-md-207","name":"I-270 & Germantown Rd (MD 118)(CAM 7)","state":"MD","provider":"Maryland DOT","hls":"https://strmr5.sha.maryland.gov/rtplive/8601655500f60074004d823633235daa/playlist.m3u8","snapshot":null,"refreshMs":30000,"attribution":"Ora (Warner Varnado) · Maryland DOT"}},{"type":"Feature","geometry":{"type":"Point","coordinates":[-76.75554,39.140244]},"properties":{"id":"ora-md-208","name":"MD 295 SB AT MD 175","state":"MD","provider":"Maryland DOT","hls":"https://strmr5.sha.maryland.gov/rtplive/ed002d0f006200f20047833633235daa/playlist.m3u8","snapshot":null,"refreshMs":30000,"attribution":"Ora (Warner Varnado) · Maryland DOT"}},{"type":"Feature","geometry":{"type":"Point","coordinates":[-76.96755,38.365963]},"properties":{"id":"ora-md-209","name":"US 301 HWN BRIDGE M.M. 2.6","state":"MD","provider":"Maryland DOT","hls":"https://strmr3.sha.maryland.gov/rtplive/dd008917005100330063d336c4235c0a/playlist.m3u8","snapshot":null,"refreshMs":30000,"attribution":"Ora (Warner Varnado) · Maryland DOT"}},{"type":"Feature","geometry":{"type":"Point","coordinates":[-77.16743,39.359795]},"properties":{"id":"ora-md-210","name":"RWIS I-70 at MD 27","state":"MD","provider":"Maryland DOT","hls":"https://strmr3.sha.maryland.gov/rtplive/e0ffa81e00a200ab0050fa36c4235c0a/playlist.m3u8","snapshot":null,"refreshMs":30000,"attribution":"Ora (Warner Varnado) · Maryland DOT"}},{"type":"Feature","geometry":{"type":"Point","coordinates":[-77.00542,38.3611]},"properties":{"id":"ora-md-211","name":"US 301 HWN BRIDGE G14","state":"MD","provider":"Maryland DOT","hls":"https://strmr3.sha.maryland.gov/rtplive/7a00b9d800fe00320063d336c4235c0a/playlist.m3u8","snapshot":null,"refreshMs":30000,"attribution":"Ora (Warner Varnado) · Maryland DOT"}},{"type":"Feature","geometry":{"type":"Point","coordinates":[-76.35445,39.52655]},"properties":{"id":"ora-md-212","name":"US 1B AT MD 24","state":"MD","provider":"Maryland DOT","hls":"https://strmr5.sha.maryland.gov/rtplive/030006cc00b400580045e2369e235daa/playlist.m3u8","snapshot":null,"refreshMs":30000,"attribution":"Ora (Warner Varnado) · Maryland DOT"}},{"type":"Feature","geometry":{"type":"Point","coordinates":[-77.60681,39.5373]},"properties":{"id":"ora-md-213","name":"RWIS US 40 AT FRED/WASH CO. LINE","state":"MD","provider":"Maryland DOT","hls":"https://strmr3.sha.maryland.gov/rtplive/7f01ae3d006200620053fa36c4235c0a/playlist.m3u8","snapshot":null,"refreshMs":30000,"attribution":"Ora (Warner Varnado) · Maryland DOT"}},{"type":"Feature","geometry":{"type":"Point","coordinates":[-76.90467,39.07317]},"properties":{"id":"ora-md-214","name":"ICC MD 200 WB E OF I-95 MM 18.6 (C225)","state":"MD","provider":"Maryland DOT","hls":"https://strmr5.sha.maryland.gov/rtplive/7f00d20700f400ae004e3336c4235c0a/playlist.m3u8","snapshot":null,"refreshMs":30000,"attribution":"Ora (Warner Varnado) · Maryland DOT"}},{"type":"Feature","geometry":{"type":"Point","coordinates":[-76.13036,39.5759]},"properties":{"id":"ora-md-215","name":"I-95 S. North of Lapidum Rd MM 89.4 (C012)","state":"MD","provider":"Maryland DOT","hls":"https://strmr5.sha.maryland.gov/rtplive/60016c4b0054009e0061d336c4235c0a/playlist.m3u8","snapshot":null,"refreshMs":30000,"attribution":"Ora (Warner Varnado) · Maryland DOT"}},{"type":"Feature","geometry":{"type":"Point","coordinates":[-77.323326,39.277]},"properties":{"id":"ora-md-216","name":"RWIS I-270 AT MD 109","state":"MD","provider":"Maryland DOT","hls":"https://strmr3.sha.maryland.gov/rtplive/c90065fa00e800c50067d336c4235c0a/playlist.m3u8","snapshot":null,"refreshMs":30000,"attribution":"Ora (Warner Varnado) · Maryland DOT"}},{"type":"Feature","geometry":{"type":"Point","coordinates":[-76.91666,39.71775]},"properties":{"id":"ora-md-217","name":"RWIS MD 30 AT PA LINE","state":"MD","provider":"Maryland DOT","hls":"https://strmr3.sha.maryland.gov/rtplive/a5ffabd8008200d30050fa36c4235c0a/playlist.m3u8","snapshot":null,"refreshMs":30000,"attribution":"Ora (Warner Varnado) · Maryland DOT"}},{"type":"Feature","geometry":{"type":"Point","coordinates":[-76.474365,39.322598]},"properties":{"id":"ora-md-218","name":"MD 702 EAST OF I-695","state":"MD","provider":"Maryland DOT","hls":"https://strmr3.sha.maryland.gov/rtplive/8000825e004200a9005fd336c4235c0a/playlist.m3u8","snapshot":null,"refreshMs":30000,"attribution":"Ora (Warner Varnado) · Maryland DOT"}},{"type":"Feature","geometry":{"type":"Point","coordinates":[-77.04067,39.013603]},"properties":{"id":"ora-md-219","name":"I-495 AT MD 97","state":"MD","provider":"Maryland DOT","hls":"https://strmr3.sha.maryland.gov/rtplive/4e00dc82005e00bd0058fa36c4235c0a/playlist.m3u8","snapshot":null,"refreshMs":30000,"attribution":"Ora (Warner Varnado) · Maryland DOT"}},{"type":"Feature","geometry":{"type":"Point","coordinates":[-75.88154,39.3635]},"properties":{"id":"ora-md-220","name":"RWIS MD 213 AT SASSAFRAS RIVER","state":"MD","provider":"Maryland DOT","hls":"https://strmr3.sha.maryland.gov/rtplive/0601b947006500d40050fa36c4235c0a/playlist.m3u8","snapshot":null,"refreshMs":30000,"attribution":"Ora (Warner Varnado) · Maryland DOT"}},{"type":"Feature","geometry":{"type":"Point","coordinates":[-76.418495,39.337215]},"properties":{"id":"ora-md-221","name":"RWIS MD 43 AT MD 150","state":"MD","provider":"Maryland DOT","hls":"https://strmr3.sha.maryland.gov/rtplive/85ffb0bb00a200ab0050fa36c4235c0a/playlist.m3u8","snapshot":null,"refreshMs":30000,"attribution":"Ora (Warner Varnado) · Maryland DOT"}},{"type":"Feature","geometry":{"type":"Point","coordinates":[-77.02323,39.005165]},"properties":{"id":"ora-md-222","name":"Colesville Rd (US 29) at Dale Dr (MD 391)","state":"MD","provider":"Maryland DOT","hls":"https://strmr3.sha.maryland.gov/rtplive/7b01c17e02630075004d823633235daa/playlist.m3u8","snapshot":null,"refreshMs":30000,"attribution":"Ora (Warner Varnado) · Maryland DOT"}},{"type":"Feature","geometry":{"type":"Point","coordinates":[-76.409546,39.017776]},"properties":{"id":"ora-md-223","name":"US 50 WEST AT SANDY POINT","state":"MD","provider":"Maryland DOT","hls":"https://strmr5.sha.maryland.gov/rtplive/3200f6fe0080000b005dd336c4235c0a/playlist.m3u8","snapshot":null,"refreshMs":30000,"attribution":"Ora (Warner Varnado) · Maryland DOT"}},{"type":"Feature","geometry":{"type":"Point","coordinates":[-76.09986,39.555595]},"properties":{"id":"ora-md-224","name":"US 40 S HATEM BRIDGE","state":"MD","provider":"Maryland DOT","hls":"https://strmr3.sha.maryland.gov/rtplive/e601657a00e5006a0062d336c4235c0a/playlist.m3u8","snapshot":null,"refreshMs":30000,"attribution":"Ora (Warner Varnado) · Maryland DOT"}},{"type":"Feature","geometry":{"type":"Point","coordinates":[-76.629074,39.102287]},"properties":{"id":"ora-md-225","name":"I-97 N. of  EX 10 BENFIELD BLVD","state":"MD","provider":"Maryland DOT","hls":"https://strmr5.sha.maryland.gov/rtplive/1e010edb006a00bb004af03676235daa/playlist.m3u8","snapshot":null,"refreshMs":30000,"attribution":"Ora (Warner Varnado) · Maryland DOT"}},{"type":"Feature","geometry":{"type":"Point","coordinates":[-77.28498,39.231495]},"properties":{"id":"ora-md-226","name":"Clarksburg Rd (MD 121) at I-270","state":"MD","provider":"Maryland DOT","hls":"https://strmr5.sha.maryland.gov/rtplive/2d00cd8100080075004d823633235daa/playlist.m3u8","snapshot":null,"refreshMs":30000,"attribution":"Ora (Warner Varnado) · Maryland DOT"}},{"type":"Feature","geometry":{"type":"Point","coordinates":[-76.85035,38.90696]},"properties":{"id":"ora-md-227","name":"Medical Center Dr at I-95/495","state":"MD","provider":"Maryland DOT","hls":"https://strmr5.sha.maryland.gov/rtplive/8b00620b00e100820065d336c4235c0a/playlist.m3u8","snapshot":null,"refreshMs":30000,"attribution":"Ora (Warner Varnado) · Maryland DOT"}},{"type":"Feature","geometry":{"type":"Point","coordinates":[-76.923035,39.01912]},"properties":{"id":"ora-md-228","name":"I-95/495 AT US 1","state":"MD","provider":"Maryland DOT","hls":"https://strmr5.sha.maryland.gov/rtplive/440020db006e00800045833633235daa/playlist.m3u8","snapshot":null,"refreshMs":30000,"attribution":"Ora (Warner Varnado) · Maryland DOT"}},{"type":"Feature","geometry":{"type":"Point","coordinates":[-76.08087,39.58592]},"properties":{"id":"ora-md-229","name":"I-95 S of Frenchtown Rd (C009) MP 92.2","state":"MD","provider":"Maryland DOT","hls":"https://strmr5.sha.maryland.gov/rtplive/2300899400e40039004606363d235daa/playlist.m3u8","snapshot":null,"refreshMs":30000,"attribution":"Ora (Warner Varnado) · Maryland DOT"}},{"type":"Feature","geometry":{"type":"Point","coordinates":[-76.672005,39.63244]},"properties":{"id":"ora-md-230","name":"I-83 AT MIDDLETOWN RD","state":"MD","provider":"Maryland DOT","hls":"https://strmr3.sha.maryland.gov/rtplive/4c017c33003f00a9005fd336c4235c0a/playlist.m3u8","snapshot":null,"refreshMs":30000,"attribution":"Ora (Warner Varnado) · Maryland DOT"}},{"type":"Feature","geometry":{"type":"Point","coordinates":[-76.81378,39.137123]},"properties":{"id":"ora-md-231","name":"US 1 South of MD 32","state":"MD","provider":"Maryland DOT","hls":"https://strmr3.sha.maryland.gov/rtplive/62006cbf00a000dc0065d336c4235c0a/playlist.m3u8","snapshot":null,"refreshMs":30000,"attribution":"Ora (Warner Varnado) · Maryland DOT"}},{"type":"Feature","geometry":{"type":"Point","coordinates":[-76.56518,39.205063]},"properties":{"id":"ora-md-232","name":"I-695 W of Quarantine Rd (C050) MP 50.4","state":"MD","provider":"Maryland DOT","hls":"https://strmr5.sha.maryland.gov/rtplive/aa002ea0c47601b8004606363d235daa/playlist.m3u8","snapshot":null,"refreshMs":30000,"attribution":"Ora (Warner Varnado) · Maryland DOT"}},{"type":"Feature","geometry":{"type":"Point","coordinates":[-77.04359,39.099857]},"properties":{"id":"ora-md-233","name":"ICC MD 200 EB W OF 182 LAYHILL RD MM 10.4 (C215)","state":"MD","provider":"Maryland DOT","hls":"https://strmr5.sha.maryland.gov/rtplive/d7006b8f001c00bd004e3336c4235c0a/playlist.m3u8","snapshot":null,"refreshMs":30000,"attribution":"Ora (Warner Varnado) · Maryland DOT"}},{"type":"Feature","geometry":{"type":"Point","coordinates":[-76.53131,39.308456]},"properties":{"id":"ora-md-234","name":"I-95 N PAST EXIT 61 MM 60.0 (C042A on TRS 8082)","state":"MD","provider":"Maryland DOT","hls":"https://strmr3.sha.maryland.gov/rtplive/1601e0b4007c00340055fa36c4235c0a/playlist.m3u8","snapshot":null,"refreshMs":30000,"attribution":"Ora (Warner Varnado) · Maryland DOT"}},{"type":"Feature","geometry":{"type":"Point","coordinates":[-77.13306,39.13764]},"properties":{"id":"ora-md-235","name":"ICC MD 200 WB, Deckover Interior, MM 4.7 (C207)","state":"MD","provider":"Maryland DOT","hls":"https://strmr5.sha.maryland.gov/rtplive/b000389a059e004b004d06363d235daa/playlist.m3u8","snapshot":null,"refreshMs":30000,"attribution":"Ora (Warner Varnado) · Maryland DOT"}},{"type":"Feature","geometry":{"type":"Point","coordinates":[-76.49947,39.011177]},"properties":{"id":"ora-md-236","name":"US 50 E. OF SEVERN RIV","state":"MD","provider":"Maryland DOT","hls":"https://strmr5.sha.maryland.gov/rtplive/a3000f3401a1000b005dd336c4235c0a/playlist.m3u8","snapshot":null,"refreshMs":30000,"attribution":"Ora (Warner Varnado) · Maryland DOT"}},{"type":"Feature","geometry":{"type":"Point","coordinates":[-76.49526,39.346127]},"properties":{"id":"ora-md-237","name":"I-695 I/L East of I-95 (C025), MM 32.6","state":"MD","provider":"Maryland DOT","hls":"https://strmr5.sha.maryland.gov/rtplive/4300479301dd00d9005cd336c4235c0a/playlist.m3u8","snapshot":null,"refreshMs":30000,"attribution":"Ora (Warner Varnado) · Maryland DOT"}},{"type":"Feature","geometry":{"type":"Point","coordinates":[-77.03523,38.79309]},"properties":{"id":"ora-md-238","name":"WW Bridge MD Pedestrian","state":"MD","provider":"Maryland DOT","hls":"https://strmr3.sha.maryland.gov/rtplive/7e0106cf00240070004602366d235daa/playlist.m3u8","snapshot":null,"refreshMs":30000,"attribution":"Ora (Warner Varnado) · Maryland DOT"}},{"type":"Feature","geometry":{"type":"Point","coordinates":[-76.593994,39.24085]},"properties":{"id":"ora-md-239","name":"I-895 at Shell Rd (C038)  MM 7.9","state":"MD","provider":"Maryland DOT","hls":"https://strmr5.sha.maryland.gov/rtplive/a9014bc3044b0160004806363d235daa/playlist.m3u8","snapshot":null,"refreshMs":30000,"attribution":"Ora (Warner Varnado) · Maryland DOT"}},{"type":"Feature","geometry":{"type":"Point","coordinates":[-75.89134,38.91392]},"properties":{"id":"ora-md-240","name":"MD 404 EAST OF MD 312","state":"MD","provider":"Maryland DOT","hls":"https://strmr3.sha.maryland.gov/rtplive/f3ff10ed018300c0005cd336c4235c0a/playlist.m3u8","snapshot":null,"refreshMs":30000,"attribution":"Ora (Warner Varnado) · Maryland DOT"}},{"type":"Feature","geometry":{"type":"Point","coordinates":[-76.092224,39.55971]},"properties":{"id":"ora-md-241","name":"US 40 S Pier #18 Hatem Br (C063)","state":"MD","provider":"Maryland DOT","hls":"https://strmr5.sha.maryland.gov/rtplive/5e012cb424680007004806363d235daa/playlist.m3u8","snapshot":null,"refreshMs":30000,"attribution":"Ora (Warner Varnado) · Maryland DOT"}},{"type":"Feature","geometry":{"type":"Point","coordinates":[-76.87221,39.4894]},"properties":{"id":"ora-md-242","name":"MD 140 at Balt Co Line","state":"MD","provider":"Maryland DOT","hls":"https://strmr3.sha.maryland.gov/rtplive/6700b9e700f300040053fa36c4235c0a/playlist.m3u8","snapshot":null,"refreshMs":30000,"attribution":"Ora (Warner Varnado) · Maryland DOT"}},{"type":"Feature","geometry":{"type":"Point","coordinates":[-76.9213,38.820328]},"properties":{"id":"ora-md-243","name":"I-95/495 AT MD 5","state":"MD","provider":"Maryland DOT","hls":"https://strmr5.sha.maryland.gov/rtplive/76001126000a000e004ee33696235daa/playlist.m3u8","snapshot":null,"refreshMs":30000,"attribution":"Ora (Warner Varnado) · Maryland DOT"}},{"type":"Feature","geometry":{"type":"Point","coordinates":[-76.53211,38.985447]},"properties":{"id":"ora-md-244","name":"US 50 AT MD 2 - Ex 23 (Parole Twr)","state":"MD","provider":"Maryland DOT","hls":"https://strmr5.sha.maryland.gov/rtplive/8801f65800f700d700437a45351f0214/playlist.m3u8","snapshot":null,"refreshMs":30000,"attribution":"Ora (Warner Varnado) · Maryland DOT"}},{"type":"Feature","geometry":{"type":"Point","coordinates":[-75.54783,38.064312]},"properties":{"id":"ora-md-245","name":"RWIS US 13 AT US 113 (South)","state":"MD","provider":"Maryland DOT","hls":"https://strmr3.sha.maryland.gov/rtplive/f1003d4002aa00fa0051fa36c4235c0a/playlist.m3u8","snapshot":null,"refreshMs":30000,"attribution":"Ora (Warner Varnado) · Maryland DOT"}},{"type":"Feature","geometry":{"type":"Point","coordinates":[-76.785355,39.17217]},"properties":{"id":"ora-md-246","name":"US 1 AT MD 175","state":"MD","provider":"Maryland DOT","hls":"https://strmr5.sha.maryland.gov/rtplive/6c016ae3006a00fb0064d336c4235c0a/playlist.m3u8","snapshot":null,"refreshMs":30000,"attribution":"Ora (Warner Varnado) · Maryland DOT"}},{"type":"Feature","geometry":{"type":"Point","coordinates":[-77.121,39.12775]},"properties":{"id":"ora-md-247","name":"ICC MD 200 EB W OF MUNCASTER, MM 5.6 (C210)","state":"MD","provider":"Maryland DOT","hls":"https://strmr5.sha.maryland.gov/rtplive/da0039a900af0059004d06363d235daa/playlist.m3u8","snapshot":null,"refreshMs":30000,"attribution":"Ora (Warner Varnado) · Maryland DOT"}},{"type":"Feature","geometry":{"type":"Point","coordinates":[-77.245834,39.20456]},"properties":{"id":"ora-md-248","name":"Frederick Rd (MD 355) at Ridge Rd (MD 27)(CAM 120)","state":"MD","provider":"Maryland DOT","hls":"https://strmr5.sha.maryland.gov/rtplive/d400c13500070075004d823633235daa/playlist.m3u8","snapshot":null,"refreshMs":30000,"attribution":"Ora (Warner Varnado) · Maryland DOT"}},{"type":"Feature","geometry":{"type":"Point","coordinates":[-77.17176,39.130302]},"properties":{"id":"ora-md-249","name":"ICC MD 200 WB AT CRABBS BRANCH WAY, MM 2.2 (C201)","state":"MD","provider":"Maryland DOT","hls":"https://strmr5.sha.maryland.gov/rtplive/c50024ab00ad0059004d06363d235daa/playlist.m3u8","snapshot":null,"refreshMs":30000,"attribution":"Ora (Warner Varnado) · Maryland DOT"}},{"type":"Feature","geometry":{"type":"Point","coordinates":[-76.83769,39.46434]},"properties":{"id":"ora-md-250","name":"I-795 AT COCKEYS MILL RD","state":"MD","provider":"Maryland DOT","hls":"https://strmr5.sha.maryland.gov/rtplive/60000d3b003300ba004be2369e235daa/playlist.m3u8","snapshot":null,"refreshMs":30000,"attribution":"Ora (Warner Varnado) · Maryland DOT"}},{"type":"Feature","geometry":{"type":"Point","coordinates":[-77.16274,39.13717]},"properties":{"id":"ora-md-251","name":"ICC MD 200 WB N/METRO ACCESS RD, MM 2.9 (C202)","state":"MD","provider":"Maryland DOT","hls":"https://strmr5.sha.maryland.gov/rtplive/2a012b0800ae0059004d06363d235daa/playlist.m3u8","snapshot":null,"refreshMs":30000,"attribution":"Ora (Warner Varnado) · Maryland DOT"}},{"type":"Feature","geometry":{"type":"Point","coordinates":[-76.48729,39.33218]},"properties":{"id":"ora-md-252","name":"I-695 AT PULASKI HWY","state":"MD","provider":"Maryland DOT","hls":"https://strmr5.sha.maryland.gov/rtplive/cf013c5801f700d700437a45351f0214/playlist.m3u8","snapshot":null,"refreshMs":30000,"attribution":"Ora (Warner Varnado) · Maryland DOT"}},{"type":"Feature","geometry":{"type":"Point","coordinates":[-77.404366,39.44171]},"properties":{"id":"ora-md-253","name":"US 15 AT MD 26","state":"MD","provider":"Maryland DOT","hls":"https://strmr3.sha.maryland.gov/rtplive/ccffd39d00a000e90056fa36c4235c0a/playlist.m3u8","snapshot":null,"refreshMs":30000,"attribution":"Ora (Warner Varnado) · Maryland DOT"}},{"type":"Feature","geometry":{"type":"Point","coordinates":[-76.30968,38.976395]},"properties":{"id":"ora-md-254","name":"WPL C-519 at Gantry N-31","state":"MD","provider":"Maryland DOT","hls":"https://strmr3.sha.maryland.gov/rtplive/89016c1a007100d90063d336c4235c0a/playlist.m3u8","snapshot":null,"refreshMs":30000,"attribution":"Ora (Warner Varnado) · Maryland DOT"}},{"type":"Feature","geometry":{"type":"Point","coordinates":[-76.51424,39.37008]},"properties":{"id":"ora-md-255","name":"I-695 AT EXIT 32 US 1 BELAIR RD","state":"MD","provider":"Maryland DOT","hls":"https://strmr5.sha.maryland.gov/rtplive/e1ffe9c300a600dd005cd336c4235c0a/playlist.m3u8","snapshot":null,"refreshMs":30000,"attribution":"Ora (Warner Varnado) · Maryland DOT"}},{"type":"Feature","geometry":{"type":"Point","coordinates":[-76.30644,39.458298]},"properties":{"id":"ora-md-256","name":"I-95 N of Md 24 Ex 77 (C018) MM 76.7","state":"MD","provider":"Maryland DOT","hls":"https://strmr5.sha.maryland.gov/rtplive/d801490d01350160004806363d235daa/playlist.m3u8","snapshot":null,"refreshMs":30000,"attribution":"Ora (Warner Varnado) · Maryland DOT"}},{"type":"Feature","geometry":{"type":"Point","coordinates":[-77.00117,38.3615]},"properties":{"id":"ora-md-257","name":"US 301 HWN BRIDGE G13","state":"MD","provider":"Maryland DOT","hls":"https://strmr3.sha.maryland.gov/rtplive/fc017155004a00330063d336c4235c0a/playlist.m3u8","snapshot":null,"refreshMs":30000,"attribution":"Ora (Warner Varnado) · Maryland DOT"}},{"type":"Feature","geometry":{"type":"Point","coordinates":[-76.92926,39.11162]},"properties":{"id":"ora-md-258","name":"US 29 SOUTH AT MD 198","state":"MD","provider":"Maryland DOT","hls":"https://strmr3.sha.maryland.gov/rtplive/7b00633500950099005fd336c4235c0a/playlist.m3u8","snapshot":null,"refreshMs":30000,"attribution":"Ora (Warner Varnado) · Maryland DOT"}},{"type":"Feature","geometry":{"type":"Point","coordinates":[-76.533966,39.31936]},"properties":{"id":"ora-md-259","name":"I-95 N of I-895 Split (C028) MP 14.7","state":"MD","provider":"Maryland DOT","hls":"https://strmr5.sha.maryland.gov/rtplive/5f00c39300e70039004606363d235daa/playlist.m3u8","snapshot":null,"refreshMs":30000,"attribution":"Ora (Warner Varnado) · Maryland DOT"}},{"type":"Feature","geometry":{"type":"Point","coordinates":[-76.79312,39.41277]},"properties":{"id":"ora-md-260","name":"I-795 AT OWINGS MILLS BLVD","state":"MD","provider":"Maryland DOT","hls":"https://strmr5.sha.maryland.gov/rtplive/c400ed1700f60018005cd336c4235c0a/playlist.m3u8","snapshot":null,"refreshMs":30000,"attribution":"Ora (Warner Varnado) · Maryland DOT"}},{"type":"Feature","geometry":{"type":"Point","coordinates":[-76.86239,38.889507]},"properties":{"id":"ora-md-261","name":"MD 214 AT RITCHIE RD","state":"MD","provider":"Maryland DOT","hls":"https://strmr5.sha.maryland.gov/rtplive/4201af5801f700d700437a45351f0214/playlist.m3u8","snapshot":null,"refreshMs":30000,"attribution":"Ora (Warner Varnado) · Maryland DOT"}},{"type":"Feature","geometry":{"type":"Point","coordinates":[-77.17862,38.9727]},"properties":{"id":"ora-md-262","name":"I-495 at American Legion Brg","state":"MD","provider":"Maryland DOT","hls":"https://strmr3.sha.maryland.gov/rtplive/6b016d77000b00bf0067d336c4235c0a/playlist.m3u8","snapshot":null,"refreshMs":30000,"attribution":"Ora (Warner Varnado) · Maryland DOT"}},{"type":"Feature","geometry":{"type":"Point","coordinates":[-76.63291,39.19401]},"properties":{"id":"ora-md-263","name":"I-97 S OF I-695","state":"MD","provider":"Maryland DOT","hls":"https://strmr5.sha.maryland.gov/rtplive/b1011f5800f700d700437a45351f0214/playlist.m3u8","snapshot":null,"refreshMs":30000,"attribution":"Ora (Warner Varnado) · Maryland DOT"}},{"type":"Feature","geometry":{"type":"Point","coordinates":[-77.17872,39.122543]},"properties":{"id":"ora-md-264","name":"Frederick Rd (MD 355) at Shady Grove Rd (CAM 57)","state":"MD","provider":"Maryland DOT","hls":"https://strmr5.sha.maryland.gov/rtplive/9c00a1c202600075004d823633235daa/playlist.m3u8","snapshot":null,"refreshMs":30000,"attribution":"Ora (Warner Varnado) · Maryland DOT"}},{"type":"Feature","geometry":{"type":"Point","coordinates":[-76.83728,39.239655]},"properties":{"id":"ora-md-265","name":"US 29 N AT MD 108","state":"MD","provider":"Maryland DOT","hls":"https://strmr3.sha.maryland.gov/rtplive/f5005d0a00410098005fd336c4235c0a/playlist.m3u8","snapshot":null,"refreshMs":30000,"attribution":"Ora (Warner Varnado) · Maryland DOT"}},{"type":"Feature","geometry":{"type":"Point","coordinates":[-76.38481,39.58444]},"properties":{"id":"ora-md-266","name":"MD 24 at Jarrettsville Road","state":"MD","provider":"Maryland DOT","hls":"https://strmr3.sha.maryland.gov/rtplive/e1ffe19600f100a2005afa36c4235c0a/playlist.m3u8","snapshot":null,"refreshMs":30000,"attribution":"Ora (Warner Varnado) · Maryland DOT"}},{"type":"Feature","geometry":{"type":"Point","coordinates":[-75.95665,39.632072]},"properties":{"id":"ora-md-267","name":"I-95 N of Md 272 (C003) MP 99.9","state":"MD","provider":"Maryland DOT","hls":"https://strmr5.sha.maryland.gov/rtplive/5c0161f800e10039004606363d235daa/playlist.m3u8","snapshot":null,"refreshMs":30000,"attribution":"Ora (Warner Varnado) · Maryland DOT"}},{"type":"Feature","geometry":{"type":"Point","coordinates":[-76.92907,39.112087]},"properties":{"id":"ora-md-268","name":"US 29 NORTH AT MD 198","state":"MD","provider":"Maryland DOT","hls":"https://strmr5.sha.maryland.gov/rtplive/33000ab5004b0005004be33696235daa/playlist.m3u8","snapshot":null,"refreshMs":30000,"attribution":"Ora (Warner Varnado) · Maryland DOT"}},{"type":"Feature","geometry":{"type":"Point","coordinates":[-77.151794,39.009304]},"properties":{"id":"ora-md-269","name":"I-495 at Bradley Blvd","state":"MD","provider":"Maryland DOT","hls":"https://strmr5.sha.maryland.gov/rtplive/1f018d5800f700d700437a45351f0214/playlist.m3u8","snapshot":null,"refreshMs":30000,"attribution":"Ora (Warner Varnado) · Maryland DOT"}},{"type":"Feature","geometry":{"type":"Point","coordinates":[-78.89244,39.639397]},"properties":{"id":"ora-md-270","name":"RWIS I-68 EB AT MD 55","state":"MD","provider":"Maryland DOT","hls":"https://strmr3.sha.maryland.gov/rtplive/0001ba0e00fa006d0054fa36c4235c0a/playlist.m3u8","snapshot":null,"refreshMs":30000,"attribution":"Ora (Warner Varnado) · Maryland DOT"}},{"type":"Feature","geometry":{"type":"Point","coordinates":[-77.174126,39.085808]},"properties":{"id":"ora-md-271","name":"I-270 & W Montgomery Ave (MD 28)(CAM 90)","state":"MD","provider":"Maryland DOT","hls":"https://strmr5.sha.maryland.gov/rtplive/df012178036c0075004d823633235daa/playlist.m3u8","snapshot":null,"refreshMs":30000,"attribution":"Ora (Warner Varnado) · Maryland DOT"}},{"type":"Feature","geometry":{"type":"Point","coordinates":[-76.87814,38.827396]},"properties":{"id":"ora-md-272","name":"I-95/495 AT FORESTVILLE RD","state":"MD","provider":"Maryland DOT","hls":"https://strmr3.sha.maryland.gov/rtplive/e5016766026300e50051fa36c4235c0a/playlist.m3u8","snapshot":null,"refreshMs":30000,"attribution":"Ora (Warner Varnado) · Maryland DOT"}},{"type":"Feature","geometry":{"type":"Point","coordinates":[-76.18863,39.52745]},"properties":{"id":"ora-md-273","name":"I-95 N of Md 22 (C014) MP 84.8","state":"MD","provider":"Maryland DOT","hls":"https://strmr5.sha.maryland.gov/rtplive/4d00a5a100e50039004606363d235daa/playlist.m3u8","snapshot":null,"refreshMs":30000,"attribution":"Ora (Warner Varnado) · Maryland DOT"}},{"type":"Feature","geometry":{"type":"Point","coordinates":[-77.13947,39.139145]},"properties":{"id":"ora-md-274","name":"ICC MD 200 WB AT Olde Mill Run, MM 4.3 (C204)","state":"MD","provider":"Maryland DOT","hls":"https://strmr5.sha.maryland.gov/rtplive/d60032ad00ae0059004d06363d235daa/playlist.m3u8","snapshot":null,"refreshMs":30000,"attribution":"Ora (Warner Varnado) · Maryland DOT"}},{"type":"Feature","geometry":{"type":"Point","coordinates":[-76.07665,39.014744]},"properties":{"id":"ora-md-275","name":"US 301 AT MD 213","state":"MD","provider":"Maryland DOT","hls":"https://strmr3.sha.maryland.gov/rtplive/b9003a12012f008a005dd336c4235c0a/playlist.m3u8","snapshot":null,"refreshMs":30000,"attribution":"Ora (Warner Varnado) · Maryland DOT"}},{"type":"Feature","geometry":{"type":"Point","coordinates":[-75.63184,38.40178]},"properties":{"id":"ora-md-276","name":"US 50 W OF SALISBURY","state":"MD","provider":"Maryland DOT","hls":"https://strmr3.sha.maryland.gov/rtplive/2700e18300fd00f30056fa36c4235c0a/playlist.m3u8","snapshot":null,"refreshMs":30000,"attribution":"Ora (Warner Varnado) · Maryland DOT"}},{"type":"Feature","geometry":{"type":"Point","coordinates":[-77.19585,39.11885]},"properties":{"id":"ora-md-277","name":"I-270 & I-370(CAM 84)","state":"MD","provider":"Maryland DOT","hls":"https://strmr5.sha.maryland.gov/rtplive/f50009a903690075004d823633235daa/playlist.m3u8","snapshot":null,"refreshMs":30000,"attribution":"Ora (Warner Varnado) · Maryland DOT"}},{"type":"Feature","geometry":{"type":"Point","coordinates":[-77.16054,39.01187]},"properties":{"id":"ora-md-278","name":"Bradley Blvd (MD 191) at Seven Locks Rd","state":"MD","provider":"Maryland DOT","hls":"https://strmr3.sha.maryland.gov/rtplive/3f01f568000b0075004d823633235daa/playlist.m3u8","snapshot":null,"refreshMs":30000,"attribution":"Ora (Warner Varnado) · Maryland DOT"}},{"type":"Feature","geometry":{"type":"Point","coordinates":[-76.928925,38.98286]},"properties":{"id":"ora-md-279","name":"Paint Branch Pkwy at MFRI","state":"MD","provider":"Maryland DOT","hls":"https://strmr10.sha.maryland.gov/rtplive/c5ff65d2008900a1004f823633235daa/playlist.m3u8","snapshot":null,"refreshMs":30000,"attribution":"Ora (Warner Varnado) · Maryland DOT"}},{"type":"Feature","geometry":{"type":"Point","coordinates":[-76.62457,39.268005]},"properties":{"id":"ora-md-280","name":"I-95 AT I-395","state":"MD","provider":"Maryland DOT","hls":"https://strmr5.sha.maryland.gov/rtplive/bb01285801f700d700437a45351f0214/playlist.m3u8","snapshot":null,"refreshMs":30000,"attribution":"Ora (Warner Varnado) · Maryland DOT"}},{"type":"Feature","geometry":{"type":"Point","coordinates":[-76.47608,39.361526]},"properties":{"id":"ora-md-281","name":"I-95 N, North of King Ave (C023A), MP 65.1","state":"MD","provider":"Maryland DOT","hls":"https://strmr5.sha.maryland.gov/rtplive/f80049ce008d0064004d06363d235daa/playlist.m3u8","snapshot":null,"refreshMs":30000,"attribution":"Ora (Warner Varnado) · Maryland DOT"}},{"type":"Feature","geometry":{"type":"Point","coordinates":[-76.88058,38.943695]},"properties":{"id":"ora-md-282","name":"US 50 AT EX 5 MD 410","state":"MD","provider":"Maryland DOT","hls":"https://strmr5.sha.maryland.gov/rtplive/5eff09b3009600e9004ae33696235daa/playlist.m3u8","snapshot":null,"refreshMs":30000,"attribution":"Ora (Warner Varnado) · Maryland DOT"}},{"type":"Feature","geometry":{"type":"Point","coordinates":[-77.027275,38.99754]},"properties":{"id":"ora-md-283","name":"Colesville Rd (US 29) at Fenton St","state":"MD","provider":"Maryland DOT","hls":"https://strmr5.sha.maryland.gov/rtplive/13015dbd01210075004d823633235daa/playlist.m3u8","snapshot":null,"refreshMs":30000,"attribution":"Ora (Warner Varnado) · Maryland DOT"}},{"type":"Feature","geometry":{"type":"Point","coordinates":[-76.54653,39.28448]},"properties":{"id":"ora-md-284","name":"I-95 N of O'Donnell St, S Turn (C041)  MP 57.7","state":"MD","provider":"Maryland DOT","hls":"https://strmr5.sha.maryland.gov/rtplive/8301fd37011a004b004606363d235daa/playlist.m3u8","snapshot":null,"refreshMs":30000,"attribution":"Ora (Warner Varnado) · Maryland DOT"}},{"type":"Feature","geometry":{"type":"Point","coordinates":[-76.66767,39.232983]},"properties":{"id":"ora-md-285","name":"I-895 at I-695 Interchange MP 3.50 (C045)","state":"MD","provider":"Maryland DOT","hls":"https://strmr5.sha.maryland.gov/rtplive/9000f4c3c37401b8004606363d235daa/playlist.m3u8","snapshot":null,"refreshMs":30000,"attribution":"Ora (Warner Varnado) · Maryland DOT"}},{"type":"Feature","geometry":{"type":"Point","coordinates":[-78.74731,39.64817]},"properties":{"id":"ora-md-286","name":"I-68 at MD 639 (Allegany 911 TWR)","state":"MD","provider":"Maryland DOT","hls":"https://strmr5.sha.maryland.gov/rtplive/7300129800e800dd00451536ea235d0a/playlist.m3u8","snapshot":null,"refreshMs":30000,"attribution":"Ora (Warner Varnado) · Maryland DOT"}},{"type":"Feature","geometry":{"type":"Point","coordinates":[-76.37495,38.99289]},"properties":{"id":"ora-md-287","name":"WPL C507 at Gantry N-12 MP 2.7","state":"MD","provider":"Maryland DOT","hls":"https://strmr3.sha.maryland.gov/rtplive/e30088da2e32001b00503336c4235c0a/playlist.m3u8","snapshot":null,"refreshMs":30000,"attribution":"Ora (Warner Varnado) · Maryland DOT"}},{"type":"Feature","geometry":{"type":"Point","coordinates":[-76.87118,38.943768]},"properties":{"id":"ora-md-288","name":"Ardwick Ardmore Rd at Pennsy Dr","state":"MD","provider":"Maryland DOT","hls":"https://strmr10.sha.maryland.gov/rtplive/bd000b0500ea00af004502366d235daa/playlist.m3u8","snapshot":null,"refreshMs":30000,"attribution":"Ora (Warner Varnado) · Maryland DOT"}},{"type":"Feature","geometry":{"type":"Point","coordinates":[-75.21379,38.343163]},"properties":{"id":"ora-md-289","name":"US 50 AT US 113","state":"MD","provider":"Maryland DOT","hls":"https://strmr3.sha.maryland.gov/rtplive/a00040f20098007b00488436cf235d0a/playlist.m3u8","snapshot":null,"refreshMs":30000,"attribution":"Ora (Warner Varnado) · Maryland DOT"}},{"type":"Feature","geometry":{"type":"Point","coordinates":[-76.81442,39.136024]},"properties":{"id":"ora-md-290","name":"US 1 AT CORRIDOR RD","state":"MD","provider":"Maryland DOT","hls":"https://strmr5.sha.maryland.gov/rtplive/800064e7009e00dc0065d336c4235c0a/playlist.m3u8","snapshot":null,"refreshMs":30000,"attribution":"Ora (Warner Varnado) · Maryland DOT"}},{"type":"Feature","geometry":{"type":"Point","coordinates":[-76.71747,38.953808]},"properties":{"id":"ora-md-291","name":"US 50 AT US 301/MD 3","state":"MD","provider":"Maryland DOT","hls":"https://strmr5.sha.maryland.gov/rtplive/60003223018200d5005dd336c4235c0a/playlist.m3u8","snapshot":null,"refreshMs":30000,"attribution":"Ora (Warner Varnado) · Maryland DOT"}},{"type":"Feature","geometry":{"type":"Point","coordinates":[-76.54541,39.303722]},"properties":{"id":"ora-md-292","name":"I-895 N of US 40 Ex 13 Pulaski Hwy (C033) MP 13.4","state":"MD","provider":"Maryland DOT","hls":"https://strmr5.sha.maryland.gov/rtplive/2e01710d019100e300441a366e230214/playlist.m3u8","snapshot":null,"refreshMs":30000,"attribution":"Ora (Warner Varnado) · Maryland DOT"}},{"type":"Feature","geometry":{"type":"Point","coordinates":[-76.66698,39.549477]},"properties":{"id":"ora-md-293","name":"I-83 AT EX 24 BELFAST RD","state":"MD","provider":"Maryland DOT","hls":"https://strmr3.sha.maryland.gov/rtplive/35025f6a00710046005fd336c4235c0a/playlist.m3u8","snapshot":null,"refreshMs":30000,"attribution":"Ora (Warner Varnado) · Maryland DOT"}},{"type":"Feature","geometry":{"type":"Point","coordinates":[-76.85414,38.945778]},"properties":{"id":"ora-md-294","name":"US 50 E. OF I-95/495","state":"MD","provider":"Maryland DOT","hls":"https://strmr5.sha.maryland.gov/rtplive/3801a55801f700d700437a45351f0214/playlist.m3u8","snapshot":null,"refreshMs":30000,"attribution":"Ora (Warner Varnado) · Maryland DOT"}},{"type":"Feature","geometry":{"type":"Point","coordinates":[-76.57621,38.98482]},"properties":{"id":"ora-md-295","name":"US 50 AT I-97","state":"MD","provider":"Maryland DOT","hls":"https://strmr5.sha.maryland.gov/rtplive/8301f15800f700d700437a45351f0214/playlist.m3u8","snapshot":null,"refreshMs":30000,"attribution":"Ora (Warner Varnado) · Maryland DOT"}},{"type":"Feature","geometry":{"type":"Point","coordinates":[-76.40481,39.00945]},"properties":{"id":"ora-md-296","name":"WPL C-502 at Gantry S-1","state":"MD","provider":"Maryland DOT","hls":"https://strmr3.sha.maryland.gov/rtplive/5001792f000a00e50063d336c4235c0a/playlist.m3u8","snapshot":null,"refreshMs":30000,"attribution":"Ora (Warner Varnado) · Maryland DOT"}},{"type":"Feature","geometry":{"type":"Point","coordinates":[-76.87471,39.181293]},"properties":{"id":"ora-md-297","name":"US 29 N AT MD 32","state":"MD","provider":"Maryland DOT","hls":"https://strmr5.sha.maryland.gov/rtplive/a100285e00ba0001004b823633235daa/playlist.m3u8","snapshot":null,"refreshMs":30000,"attribution":"Ora (Warner Varnado) · Maryland DOT"}},{"type":"Feature","geometry":{"type":"Point","coordinates":[-77.73668,39.604496]},"properties":{"id":"ora-md-298","name":"I-70 West of Exit 29 MD 65 (Hagerstown Tower)","state":"MD","provider":"Maryland DOT","hls":"https://strmr5.sha.maryland.gov/rtplive/10010d3a00e800dd00451536ea235d0a/playlist.m3u8","snapshot":null,"refreshMs":30000,"attribution":"Ora (Warner Varnado) · Maryland DOT"}},{"type":"Feature","geometry":{"type":"Point","coordinates":[-76.35367,38.987865]},"properties":{"id":"ora-md-299","name":"WPL C511 at Gantry N-19 MP 3.9","state":"MD","provider":"Maryland DOT","hls":"https://strmr3.sha.maryland.gov/rtplive/1a0172df2d83001300503336c4235c0a/playlist.m3u8","snapshot":null,"refreshMs":30000,"attribution":"Ora (Warner Varnado) · Maryland DOT"}},{"type":"Feature","geometry":{"type":"Point","coordinates":[-76.56703,39.263535]},"properties":{"id":"ora-md-300","name":"I-95 FMT East Vent Bldg Roof Top (C039) MP 55.9","state":"MD","provider":"Maryland DOT","hls":"https://strmr5.sha.maryland.gov/rtplive/47017d19019200e300441a366e230214/playlist.m3u8","snapshot":null,"refreshMs":30000,"attribution":"Ora (Warner Varnado) · Maryland DOT"}},{"type":"Feature","geometry":{"type":"Point","coordinates":[-78.59309,39.541943]},"properties":{"id":"ora-md-301","name":"RWIS MD 51 AT OLDTOWN SALT DOME","state":"MD","provider":"Maryland DOT","hls":"https://strmr3.sha.maryland.gov/rtplive/b200c8ac005700170053fa36c4235c0a/playlist.m3u8","snapshot":null,"refreshMs":30000,"attribution":"Ora (Warner Varnado) · Maryland DOT"}},{"type":"Feature","geometry":{"type":"Point","coordinates":[-76.63947,39.704147]},"properties":{"id":"ora-md-302","name":"I-83 AT MD 439","state":"MD","provider":"Maryland DOT","hls":"https://strmr3.sha.maryland.gov/rtplive/4b016555004f00850067d336c4235c0a/playlist.m3u8","snapshot":null,"refreshMs":30000,"attribution":"Ora (Warner Varnado) · Maryland DOT"}},{"type":"Feature","geometry":{"type":"Point","coordinates":[-77.09902,38.977753]},"properties":{"id":"ora-md-303","name":"Arlington Rd at Bradley Blvd (MD 191)","state":"MD","provider":"Maryland DOT","hls":"https://strmr5.sha.maryland.gov/rtplive/ae014520036f0075004d823633235daa/playlist.m3u8","snapshot":null,"refreshMs":30000,"attribution":"Ora (Warner Varnado) · Maryland DOT"}},{"type":"Feature","geometry":{"type":"Point","coordinates":[-76.59765,39.266327]},"properties":{"id":"ora-md-304","name":"I-95 South at Ex 55 Key Hwy, MM 54.1 (C040A On Top DMS 8839)","state":"MD","provider":"Maryland DOT","hls":"https://strmr5.sha.maryland.gov/rtplive/e700b9fe004e00100055fa36c4235c0a/playlist.m3u8","snapshot":null,"refreshMs":30000,"attribution":"Ora (Warner Varnado) · Maryland DOT"}},{"type":"Feature","geometry":{"type":"Point","coordinates":[-76.56119,39.266064]},"properties":{"id":"ora-md-305","name":"I-895 N. OF HARBOR TUNNEL (C036) MM 10.6","state":"MD","provider":"Maryland DOT","hls":"https://strmr3.sha.maryland.gov/rtplive/8800eb8800010060005ed336c4235c0a/playlist.m3u8","snapshot":null,"refreshMs":30000,"attribution":"Ora (Warner Varnado) · Maryland DOT"}},{"type":"Feature","geometry":{"type":"Point","coordinates":[-76.32175,38.97889]},"properties":{"id":"ora-md-306","name":"US 50 EAST AT MD 8","state":"MD","provider":"Maryland DOT","hls":"https://strmr3.sha.maryland.gov/rtplive/db005dee00e400f60060d336c4235c0a/playlist.m3u8","snapshot":null,"refreshMs":30000,"attribution":"Ora (Warner Varnado) · Maryland DOT"}},{"type":"Feature","geometry":{"type":"Point","coordinates":[-76.70281,39.22009]},"properties":{"id":"ora-md-307","name":"US 1 AT I-195 E RAMP","state":"MD","provider":"Maryland DOT","hls":"https://strmr5.sha.maryland.gov/rtplive/2a01600600bf004b0064d336c4235c0a/playlist.m3u8","snapshot":null,"refreshMs":30000,"attribution":"Ora (Warner Varnado) · Maryland DOT"}},{"type":"Feature","geometry":{"type":"Point","coordinates":[-76.53229,39.294613]},"properties":{"id":"ora-md-308","name":"I-95 SB N of Eastern Ave. (C042B)","state":"MD","provider":"Maryland DOT","hls":"https://strmr3.sha.maryland.gov/rtplive/2401ee34007900d8005bd336c4235c0a/playlist.m3u8","snapshot":null,"refreshMs":30000,"attribution":"Ora (Warner Varnado) · Maryland DOT"}},{"type":"Feature","geometry":{"type":"Point","coordinates":[-76.3465,39.43928]},"properties":{"id":"ora-md-309","name":"MD 152 E. of I-95 JOPPA TWR","state":"MD","provider":"Maryland DOT","hls":"https://strmr5.sha.maryland.gov/rtplive/1b0011cc006300800045833633235daa/playlist.m3u8","snapshot":null,"refreshMs":30000,"attribution":"Ora (Warner Varnado) · Maryland DOT"}},{"type":"Feature","geometry":{"type":"Point","coordinates":[-76.90394,39.29703]},"properties":{"id":"ora-md-310","name":"US 40 WEST OF MARRIOTTSVILLE RD","state":"MD","provider":"Maryland DOT","hls":"https://strmr3.sha.maryland.gov/rtplive/02016830009d00160061d336c4235c0a/playlist.m3u8","snapshot":null,"refreshMs":30000,"attribution":"Ora (Warner Varnado) · Maryland DOT"}},{"type":"Feature","geometry":{"type":"Point","coordinates":[-77.11975,39.01569]},"properties":{"id":"ora-md-311","name":"I-495 & Old Georgetown Rd (MD 187)(CAM 38)","state":"MD","provider":"Maryland DOT","hls":"https://strmr5.sha.maryland.gov/rtplive/7a0155fb02510075004d823633235daa/playlist.m3u8","snapshot":null,"refreshMs":30000,"attribution":"Ora (Warner Varnado) · Maryland DOT"}},{"type":"Feature","geometry":{"type":"Point","coordinates":[-77.05507,39.04001]},"properties":{"id":"ora-md-312","name":"University Blvd (MD 193) & Veirs Mill Rd (MD 586)(CAM 150)","state":"MD","provider":"Maryland DOT","hls":"https://strmr5.sha.maryland.gov/rtplive/0c0159ba01210075004d823633235daa/playlist.m3u8","snapshot":null,"refreshMs":30000,"attribution":"Ora (Warner Varnado) · Maryland DOT"}},{"type":"Feature","geometry":{"type":"Point","coordinates":[-76.789085,39.176136]},"properties":{"id":"ora-md-313","name":"MD 175 AT I-95 NB OFF RAMP","state":"MD","provider":"Maryland DOT","hls":"https://strmr5.sha.maryland.gov/rtplive/5c01720d001f00030065d336c4235c0a/playlist.m3u8","snapshot":null,"refreshMs":30000,"attribution":"Ora (Warner Varnado) · Maryland DOT"}},{"type":"Feature","geometry":{"type":"Point","coordinates":[-77.09482,38.98458]},"properties":{"id":"ora-md-314","name":"East West Hwy (MD 410) at Wisconsin Ave (MD 355)(CAM 12)","state":"MD","provider":"Maryland DOT","hls":"https://strmr5.sha.maryland.gov/rtplive/efff918500020075004d823633235daa/playlist.m3u8","snapshot":null,"refreshMs":30000,"attribution":"Ora (Warner Varnado) · Maryland DOT"}},{"type":"Feature","geometry":{"type":"Point","coordinates":[-78.844315,39.63481]},"properties":{"id":"ora-md-315","name":"I-68 West of Ex 40 MD 658","state":"MD","provider":"Maryland DOT","hls":"https://strmr3.sha.maryland.gov/rtplive/1d0031cf01c000a9005dd336c4235c0a/playlist.m3u8","snapshot":null,"refreshMs":30000,"attribution":"Ora (Warner Varnado) · Maryland DOT"}},{"type":"Feature","geometry":{"type":"Point","coordinates":[-76.71429,39.390312]},"properties":{"id":"ora-md-316","name":"I-695 AT PARK HGTS","state":"MD","provider":"Maryland DOT","hls":"https://strmr5.sha.maryland.gov/rtplive/f7ff419f01d7008c005dd336c4235c0a/playlist.m3u8","snapshot":null,"refreshMs":30000,"attribution":"Ora (Warner Varnado) · Maryland DOT"}},{"type":"Feature","geometry":{"type":"Point","coordinates":[-77.02688,38.98729]},"properties":{"id":"ora-md-317","name":"East West Hwy (MD 410) at Georgia Ave (US 29)(CAM 26)","state":"MD","provider":"Maryland DOT","hls":"https://strmr5.sha.maryland.gov/rtplive/ae01694b01220075004d823633235daa/playlist.m3u8","snapshot":null,"refreshMs":30000,"attribution":"Ora (Warner Varnado) · Maryland DOT"}},{"type":"Feature","geometry":{"type":"Point","coordinates":[-76.58187,39.12813]},"properties":{"id":"ora-md-318","name":"MD 100 EAST AT MD 10 SOUTH","state":"MD","provider":"Maryland DOT","hls":"https://strmr3.sha.maryland.gov/rtplive/7b017a1600fc00380061d336c4235c0a/playlist.m3u8","snapshot":null,"refreshMs":30000,"attribution":"Ora (Warner Varnado) · Maryland DOT"}},{"type":"Feature","geometry":{"type":"Point","coordinates":[-77.73936,39.70051]},"properties":{"id":"ora-md-319","name":"I-81 at Exit 10 Showalter Rd","state":"MD","provider":"Maryland DOT","hls":"https://strmr3.sha.maryland.gov/rtplive/9a00c9410091002b0057fa36c4235c0a/playlist.m3u8","snapshot":null,"refreshMs":30000,"attribution":"Ora (Warner Varnado) · Maryland DOT"}},{"type":"Feature","geometry":{"type":"Point","coordinates":[-76.09802,39.557]},"properties":{"id":"ora-md-320","name":"US 40 S of Hatem Br (C062) MP 1.8","state":"MD","provider":"Maryland DOT","hls":"https://strmr5.sha.maryland.gov/rtplive/760110e924670007004806363d235daa/playlist.m3u8","snapshot":null,"refreshMs":30000,"attribution":"Ora (Warner Varnado) · Maryland DOT"}},{"type":"Feature","geometry":{"type":"Point","coordinates":[-77.43484,39.41662]},"properties":{"id":"ora-md-321","name":"US 15 at US 40","state":"MD","provider":"Maryland DOT","hls":"https://strmr3.sha.maryland.gov/rtplive/8cffcf8b00c500980058fa36c4235c0a/playlist.m3u8","snapshot":null,"refreshMs":30000,"attribution":"Ora (Warner Varnado) · Maryland DOT"}},{"type":"Feature","geometry":{"type":"Point","coordinates":[-76.87267,38.912617]},"properties":{"id":"ora-md-322","name":"Sheriff Rd at William Paca Elem. School","state":"MD","provider":"Maryland DOT","hls":"https://strmr10.sha.maryland.gov/rtplive/fb00078a0045000c004a02366d235daa/playlist.m3u8","snapshot":null,"refreshMs":30000,"attribution":"Ora (Warner Varnado) · Maryland DOT"}},{"type":"Feature","geometry":{"type":"Point","coordinates":[-76.66396,39.411926]},"properties":{"id":"ora-md-323","name":"I-695 AT I-83 JFX","state":"MD","provider":"Maryland DOT","hls":"https://strmr5.sha.maryland.gov/rtplive/5101bf5800f700d700437a45351f0214/playlist.m3u8","snapshot":null,"refreshMs":30000,"attribution":"Ora (Warner Varnado) · Maryland DOT"}},{"type":"Feature","geometry":{"type":"Point","coordinates":[-76.513885,39.342056]},"properties":{"id":"ora-md-324","name":"I-95 S Prior to I-895 (C027A), MP 62.7","state":"MD","provider":"Maryland DOT","hls":"https://strmr5.sha.maryland.gov/rtplive/e9003d5100b200a5004e3336c4235c0a/playlist.m3u8","snapshot":null,"refreshMs":30000,"attribution":"Ora (Warner Varnado) · Maryland DOT"}},{"type":"Feature","geometry":{"type":"Point","coordinates":[-76.43308,39.374214]},"properties":{"id":"ora-md-325","name":"MD 43 AT US 40","state":"MD","provider":"Maryland DOT","hls":"https://strmr5.sha.maryland.gov/rtplive/9400173a00a8006e004de2369e235daa/playlist.m3u8","snapshot":null,"refreshMs":30000,"attribution":"Ora (Warner Varnado) · Maryland DOT"}},{"type":"Feature","geometry":{"type":"Point","coordinates":[-76.7987,39.184513]},"properties":{"id":"ora-md-326","name":"MD 175 AT MD 108","state":"MD","provider":"Maryland DOT","hls":"https://strmr5.sha.maryland.gov/rtplive/080162f0000200fa0064d336c4235c0a/playlist.m3u8","snapshot":null,"refreshMs":30000,"attribution":"Ora (Warner Varnado) · Maryland DOT"}},{"type":"Feature","geometry":{"type":"Point","coordinates":[-76.76658,39.19715]},"properties":{"id":"ora-md-327","name":"I-95 NORTH AT MD 100","state":"MD","provider":"Maryland DOT","hls":"https://strmr3.sha.maryland.gov/rtplive/c70004d8017800c0005cd336c4235c0a/playlist.m3u8","snapshot":null,"refreshMs":30000,"attribution":"Ora (Warner Varnado) · Maryland DOT"}},{"type":"Feature","geometry":{"type":"Point","coordinates":[-76.89772,38.930313]},"properties":{"id":"ora-md-328","name":"US 50 AT MD 202","state":"MD","provider":"Maryland DOT","hls":"https://strmr5.sha.maryland.gov/rtplive/6001cd5801f700d700437a45351f0214/playlist.m3u8","snapshot":null,"refreshMs":30000,"attribution":"Ora (Warner Varnado) · Maryland DOT"}},{"type":"Feature","geometry":{"type":"Point","coordinates":[-76.40214,39.00616]},"properties":{"id":"ora-md-329","name":"WPL C503 at Gantry N-3 MP 0.9","state":"MD","provider":"Maryland DOT","hls":"https://strmr5.sha.maryland.gov/rtplive/b1019e712e53001b00503336c4235c0a/playlist.m3u8","snapshot":null,"refreshMs":30000,"attribution":"Ora (Warner Varnado) · Maryland DOT"}},{"type":"Feature","geometry":{"type":"Point","coordinates":[-76.18985,39.198303]},"properties":{"id":"ora-md-330","name":"RWIS MD-20 AT MD-21","state":"MD","provider":"Maryland DOT","hls":"https://strmr3.sha.maryland.gov/rtplive/85000982013700f20053fa36c4235c0a/playlist.m3u8","snapshot":null,"refreshMs":30000,"attribution":"Ora (Warner Varnado) · Maryland DOT"}},{"type":"Feature","geometry":{"type":"Point","coordinates":[-77.37482,39.4067]},"properties":{"id":"ora-md-331","name":"I-70 at Ex 56 MD 144","state":"MD","provider":"Maryland DOT","hls":"https://strmr5.sha.maryland.gov/rtplive/8701c10d073d000800447a45351f0214/playlist.m3u8","snapshot":null,"refreshMs":30000,"attribution":"Ora (Warner Varnado) · Maryland DOT"}},{"type":"Feature","geometry":{"type":"Point","coordinates":[-76.84137,39.05107]},"properties":{"id":"ora-md-332","name":"MD 295 NORTH AT MD 197","state":"MD","provider":"Maryland DOT","hls":"https://strmr3.sha.maryland.gov/rtplive/d200eb57008f002c0058fa36c4235c0a/playlist.m3u8","snapshot":null,"refreshMs":30000,"attribution":"Ora (Warner Varnado) · Maryland DOT"}},{"type":"Feature","geometry":{"type":"Point","coordinates":[-76.97134,38.808247]},"properties":{"id":"ora-md-333","name":"I-95/495 AT MD 414","state":"MD","provider":"Maryland DOT","hls":"https://strmr5.sha.maryland.gov/rtplive/9d00119e00770051004de33696235daa/playlist.m3u8","snapshot":null,"refreshMs":30000,"attribution":"Ora (Warner Varnado) · Maryland DOT"}},{"type":"Feature","geometry":{"type":"Point","coordinates":[-75.54783,38.064312]},"properties":{"id":"ora-md-334","name":"RWIS US 13 AT US 113 (North)","state":"MD","provider":"Maryland DOT","hls":"https://strmr3.sha.maryland.gov/rtplive/1e01f2f2004d001e0052fa36c4235c0a/playlist.m3u8","snapshot":null,"refreshMs":30000,"attribution":"Ora (Warner Varnado) · Maryland DOT"}},{"type":"Feature","geometry":{"type":"Point","coordinates":[-75.83442,38.8966]},"properties":{"id":"ora-md-335","name":"MD 404 AT CHOPTANK RIVER","state":"MD","provider":"Maryland DOT","hls":"https://strmr3.sha.maryland.gov/rtplive/9900ea4405b500e20052fa36c4235c0a/playlist.m3u8","snapshot":null,"refreshMs":30000,"attribution":"Ora (Warner Varnado) · Maryland DOT"}},{"type":"Feature","geometry":{"type":"Point","coordinates":[-76.48547,38.318428]},"properties":{"id":"ora-md-336","name":"MD 4 AT THOMAS JOHNSON BRIDGE","state":"MD","provider":"Maryland DOT","hls":"https://strmr3.sha.maryland.gov/rtplive/ff001e1901b6005e005dd336c4235c0a/playlist.m3u8","snapshot":null,"refreshMs":30000,"attribution":"Ora (Warner Varnado) · Maryland DOT"}},{"type":"Feature","geometry":{"type":"Point","coordinates":[-79.07151,39.683426]},"properties":{"id":"ora-md-337","name":"I-68 at Exit 24 Lower New Germany Rd","state":"MD","provider":"Maryland DOT","hls":"https://strmr3.sha.maryland.gov/rtplive/61fffc8f008300a0005dd336c4235c0a/playlist.m3u8","snapshot":null,"refreshMs":30000,"attribution":"Ora (Warner Varnado) · Maryland DOT"}},{"type":"Feature","geometry":{"type":"Point","coordinates":[-76.96755,38.365963]},"properties":{"id":"ora-md-338","name":"US 301 HWN BRIDGE M.M. 2.6 C-303","state":"MD","provider":"Maryland DOT","hls":"https://strmr3.sha.maryland.gov/rtplive/47018f7b005100330063d336c4235c0a/playlist.m3u8","snapshot":null,"refreshMs":30000,"attribution":"Ora (Warner Varnado) · Maryland DOT"}},{"type":"Feature","geometry":{"type":"Point","coordinates":[-77.18082,39.001873]},"properties":{"id":"ora-md-339","name":"Bradley Blvd (MD 191) at River Road (MD 190)","state":"MD","provider":"Maryland DOT","hls":"https://strmr5.sha.maryland.gov/rtplive/3101502603df0077004d823633235daa/playlist.m3u8","snapshot":null,"refreshMs":30000,"attribution":"Ora (Warner Varnado) · Maryland DOT"}},{"type":"Feature","geometry":{"type":"Point","coordinates":[-77.228615,39.37497]},"properties":{"id":"ora-md-340","name":"I-70 West of Bartholows Rd","state":"MD","provider":"Maryland DOT","hls":"https://strmr3.sha.maryland.gov/rtplive/1101dd5c00fa0006005bfa36c4235c0a/playlist.m3u8","snapshot":null,"refreshMs":30000,"attribution":"Ora (Warner Varnado) · Maryland DOT"}},{"type":"Feature","geometry":{"type":"Point","coordinates":[-76.85962,39.20199]},"properties":{"id":"ora-md-341","name":"US 29 NORTH AT BROKEN LAND PKWY","state":"MD","provider":"Maryland DOT","hls":"https://strmr5.sha.maryland.gov/rtplive/95ff27b100a900b4004b823633235daa/playlist.m3u8","snapshot":null,"refreshMs":30000,"attribution":"Ora (Warner Varnado) · Maryland DOT"}},{"type":"Feature","geometry":{"type":"Point","coordinates":[-76.55346,39.399834]},"properties":{"id":"ora-md-342","name":"I-695 W OF MD 41","state":"MD","provider":"Maryland DOT","hls":"https://strmr5.sha.maryland.gov/rtplive/0f000df40056008d004be2369e235daa/playlist.m3u8","snapshot":null,"refreshMs":30000,"attribution":"Ora (Warner Varnado) · Maryland DOT"}},{"type":"Feature","geometry":{"type":"Point","coordinates":[-76.4222,39.022224]},"properties":{"id":"ora-md-343","name":"C-500.2B US 50 WB, Near Exit 31 Whitehall Rd, Between G-3/G-4,MM 31","state":"MD","provider":"Maryland DOT","hls":"https://strmr5.sha.maryland.gov/rtplive/0e016c1f00a400250064d336c4235c0a/playlist.m3u8","snapshot":null,"refreshMs":30000,"attribution":"Ora (Warner Varnado) · Maryland DOT"}},{"type":"Feature","geometry":{"type":"Point","coordinates":[-76.744415,39.323887]},"properties":{"id":"ora-md-344","name":"I-695 N OF Ex 17 at Dogwood Rd","state":"MD","provider":"Maryland DOT","hls":"https://strmr5.sha.maryland.gov/rtplive/3b00149c00e000a6004e3436c4235c0a/playlist.m3u8","snapshot":null,"refreshMs":30000,"attribution":"Ora (Warner Varnado) · Maryland DOT"}},{"type":"Feature","geometry":{"type":"Point","coordinates":[-76.99887,39.591087]},"properties":{"id":"ora-md-345","name":"RWIS MD 140 AT MD 97","state":"MD","provider":"Maryland DOT","hls":"https://strmr3.sha.maryland.gov/rtplive/45009b93007700d30050fa36c4235c0a/playlist.m3u8","snapshot":null,"refreshMs":30000,"attribution":"Ora (Warner Varnado) · Maryland DOT"}},{"type":"Feature","geometry":{"type":"Point","coordinates":[-78.95072,39.641003]},"properties":{"id":"ora-md-346","name":"I-68 at Exit 33 MD 736 Midlothian Rd","state":"MD","provider":"Maryland DOT","hls":"https://strmr3.sha.maryland.gov/rtplive/7200276f018000a8005dd336c4235c0a/playlist.m3u8","snapshot":null,"refreshMs":30000,"attribution":"Ora (Warner Varnado) · Maryland DOT"}},{"type":"Feature","geometry":{"type":"Point","coordinates":[-77.00128,38.801464]},"properties":{"id":"ora-md-347","name":"I-95/495 AT MD 210","state":"MD","provider":"Maryland DOT","hls":"https://strmr5.sha.maryland.gov/rtplive/6900ed9d0021000a005ed336c4235c0a/playlist.m3u8","snapshot":null,"refreshMs":30000,"attribution":"Ora (Warner Varnado) · Maryland DOT"}},{"type":"Feature","geometry":{"type":"Point","coordinates":[-77.15865,38.990845]},"properties":{"id":"ora-md-348","name":"I-495 & River Rd (MD 190)(CAM 16)","state":"MD","provider":"Maryland DOT","hls":"https://strmr5.sha.maryland.gov/rtplive/c600bd2b00070075004d823633235daa/playlist.m3u8","snapshot":null,"refreshMs":30000,"attribution":"Ora (Warner Varnado) · Maryland DOT"}},{"type":"Feature","geometry":{"type":"Point","coordinates":[-76.63023,39.074738]},"properties":{"id":"ora-md-349","name":"I-97 N OF MD 32","state":"MD","provider":"Maryland DOT","hls":"https://strmr3.sha.maryland.gov/rtplive/1b0001f0019700c40051fa36c4235c0a/playlist.m3u8","snapshot":null,"refreshMs":30000,"attribution":"Ora (Warner Varnado) · Maryland DOT"}},{"type":"Feature","geometry":{"type":"Point","coordinates":[-77.24724,39.17515]},"properties":{"id":"ora-md-350","name":"I-270 & Middlebrook Rd(CAM 88)","state":"MD","provider":"Maryland DOT","hls":"https://strmr5.sha.maryland.gov/rtplive/520119f4036b0075004d823633235daa/playlist.m3u8","snapshot":null,"refreshMs":30000,"attribution":"Ora (Warner Varnado) · Maryland DOT"}},{"type":"Feature","geometry":{"type":"Point","coordinates":[-77.1264,39.13391]},"properties":{"id":"ora-md-351","name":"ICC MD 200 WB N OF NEEDWOOD RD, MM 5.1 (C209)","state":"MD","provider":"Maryland DOT","hls":"https://strmr5.sha.maryland.gov/rtplive/bc001dc100950059004d06363d235daa/playlist.m3u8","snapshot":null,"refreshMs":30000,"attribution":"Ora (Warner Varnado) · Maryland DOT"}},{"type":"Feature","geometry":{"type":"Point","coordinates":[-76.63864,39.422703]},"properties":{"id":"ora-md-352","name":"I-83 N OF I-695 EX 24","state":"MD","provider":"Maryland DOT","hls":"https://strmr5.sha.maryland.gov/rtplive/4701b55800f700d700437a45351f0214/playlist.m3u8","snapshot":null,"refreshMs":30000,"attribution":"Ora (Warner Varnado) · Maryland DOT"}},{"type":"Feature","geometry":{"type":"Point","coordinates":[-76.91906,38.933407]},"properties":{"id":"ora-md-353","name":"MD 295 AT MD 202","state":"MD","provider":"Maryland DOT","hls":"https://strmr3.sha.maryland.gov/rtplive/a800e67c000b0089005cd336c4235c0a/playlist.m3u8","snapshot":null,"refreshMs":30000,"attribution":"Ora (Warner Varnado) · Maryland DOT"}},{"type":"Feature","geometry":{"type":"Point","coordinates":[-76.5539,39.287464]},"properties":{"id":"ora-md-354","name":"I-895 N of Eastern Ave (C034) MM 12.2","state":"MD","provider":"Maryland DOT","hls":"https://strmr5.sha.maryland.gov/rtplive/67017443019100e300441a366e230214/playlist.m3u8","snapshot":null,"refreshMs":30000,"attribution":"Ora (Warner Varnado) · Maryland DOT"}},{"type":"Feature","geometry":{"type":"Point","coordinates":[-76.54941,38.979233]},"properties":{"id":"ora-md-355","name":"MD 665 AT RIVA ROAD","state":"MD","provider":"Maryland DOT","hls":"https://strmr5.sha.maryland.gov/rtplive/9600f63a001d0096005dd336c4235c0a/playlist.m3u8","snapshot":null,"refreshMs":30000,"attribution":"Ora (Warner Varnado) · Maryland DOT"}},{"type":"Feature","geometry":{"type":"Point","coordinates":[-76.63856,39.419853]},"properties":{"id":"ora-md-356","name":"I-695 EX 24 AT I-83","state":"MD","provider":"Maryland DOT","hls":"https://strmr5.sha.maryland.gov/rtplive/4c01ba5800f700d700437a45351f0214/playlist.m3u8","snapshot":null,"refreshMs":30000,"attribution":"Ora (Warner Varnado) · Maryland DOT"}},{"type":"Feature","geometry":{"type":"Point","coordinates":[-77.01584,38.79567]},"properties":{"id":"ora-md-357","name":"I-95/495 AT I-295","state":"MD","provider":"Maryland DOT","hls":"https://strmr5.sha.maryland.gov/rtplive/3301a05801f700d700437a45351f0214/playlist.m3u8","snapshot":null,"refreshMs":30000,"attribution":"Ora (Warner Varnado) · Maryland DOT"}},{"type":"Feature","geometry":{"type":"Point","coordinates":[-76.490585,39.014675]},"properties":{"id":"ora-md-358","name":"US 50 AT Ex. 27 MD 2","state":"MD","provider":"Maryland DOT","hls":"https://strmr5.sha.maryland.gov/rtplive/6f01dd5800f700d700437a45351f0214/playlist.m3u8","snapshot":null,"refreshMs":30000,"attribution":"Ora (Warner Varnado) · Maryland DOT"}},{"type":"Feature","geometry":{"type":"Point","coordinates":[-77.572975,39.707848]},"properties":{"id":"ora-md-359","name":"MD 64 AT MD 418","state":"MD","provider":"Maryland DOT","hls":"https://strmr3.sha.maryland.gov/rtplive/c000e031002400b90055fa36c4235c0a/playlist.m3u8","snapshot":null,"refreshMs":30000,"attribution":"Ora (Warner Varnado) · Maryland DOT"}},{"type":"Feature","geometry":{"type":"Point","coordinates":[-77.09127,38.97679]},"properties":{"id":"ora-md-360","name":"Bradley Blvd (MD 191) at Wisconsin Ave (MD 355)","state":"MD","provider":"Maryland DOT","hls":"https://strmr5.sha.maryland.gov/rtplive/f70054e703e00077004d823633235daa/playlist.m3u8","snapshot":null,"refreshMs":30000,"attribution":"Ora (Warner Varnado) · Maryland DOT"}},{"type":"Feature","geometry":{"type":"Point","coordinates":[-76.859886,38.91775]},"properties":{"id":"ora-md-361","name":"MD 202 AT BRIGHTSEAT RD","state":"MD","provider":"Maryland DOT","hls":"https://strmr5.sha.maryland.gov/rtplive/5601c35801f700d700437a45351f0214/playlist.m3u8","snapshot":null,"refreshMs":30000,"attribution":"Ora (Warner Varnado) · Maryland DOT"}},{"type":"Feature","geometry":{"type":"Point","coordinates":[-76.313965,39.464096]},"properties":{"id":"ora-md-362","name":"MD 24 AT MD 924","state":"MD","provider":"Maryland DOT","hls":"https://strmr5.sha.maryland.gov/rtplive/480010fc00bf00580045e2369e235daa/playlist.m3u8","snapshot":null,"refreshMs":30000,"attribution":"Ora (Warner Varnado) · Maryland DOT"}},{"type":"Feature","geometry":{"type":"Point","coordinates":[-76.94834,39.075653]},"properties":{"id":"ora-md-363","name":"ICC MD 200 EB E OF US 29 MM 16.2 (C222)","state":"MD","provider":"Maryland DOT","hls":"https://strmr5.sha.maryland.gov/rtplive/f6ff8097001e00bd004e3336c4235c0a/playlist.m3u8","snapshot":null,"refreshMs":30000,"attribution":"Ora (Warner Varnado) · Maryland DOT"}},{"type":"Feature","geometry":{"type":"Point","coordinates":[-76.881584,39.06661]},"properties":{"id":"ora-md-364","name":"ICC MD 200 WB W OF US 1, MM 20.1 (C228)","state":"MD","provider":"Maryland DOT","hls":"https://strmr5.sha.maryland.gov/rtplive/ce0018ce01bd00590054fa36c4235c0a/playlist.m3u8","snapshot":null,"refreshMs":30000,"attribution":"Ora (Warner Varnado) · Maryland DOT"}},{"type":"Feature","geometry":{"type":"Point","coordinates":[-76.50647,39.34586]},"properties":{"id":"ora-md-365","name":"I-95 S of I-695 (C026) I-95 N of Kenwood Ave (MP 63.1)","state":"MD","provider":"Maryland DOT","hls":"https://strmr5.sha.maryland.gov/rtplive/2f009e8a00e50039004606363d235daa/playlist.m3u8","snapshot":null,"refreshMs":30000,"attribution":"Ora (Warner Varnado) · Maryland DOT"}},{"type":"Feature","geometry":{"type":"Point","coordinates":[-76.71882,39.15913]},"properties":{"id":"ora-md-366","name":"MD 100 AT ARUNDEL MILLS BLVD","state":"MD","provider":"Maryland DOT","hls":"https://strmr3.sha.maryland.gov/rtplive/90015ff8003a00470062d336c4235c0a/playlist.m3u8","snapshot":null,"refreshMs":30000,"attribution":"Ora (Warner Varnado) · Maryland DOT"}},{"type":"Feature","geometry":{"type":"Point","coordinates":[-76.66255,39.40034]},"properties":{"id":"ora-md-367","name":"I-83 at Ruxton Rd","state":"MD","provider":"Maryland DOT","hls":"https://strmr3.sha.maryland.gov/rtplive/f70020c2006800a8004e3436c4235c0a/playlist.m3u8","snapshot":null,"refreshMs":30000,"attribution":"Ora (Warner Varnado) · Maryland DOT"}},{"type":"Feature","geometry":{"type":"Point","coordinates":[-76.40084,39.003075]},"properties":{"id":"ora-md-368","name":"WPL C504 at Gantry S-4 MP 32.7","state":"MD","provider":"Maryland DOT","hls":"https://strmr3.sha.maryland.gov/rtplive/ed01636a2ed2001a00503336c4235c0a/playlist.m3u8","snapshot":null,"refreshMs":30000,"attribution":"Ora (Warner Varnado) · Maryland DOT"}},{"type":"Feature","geometry":{"type":"Point","coordinates":[-75.69208,38.16028]},"properties":{"id":"ora-md-369","name":"US 13 AT PERRY RD","state":"MD","provider":"Maryland DOT","hls":"https://strmr3.sha.maryland.gov/rtplive/6e00180101fc00a5005dd336c4235c0a/playlist.m3u8","snapshot":null,"refreshMs":30000,"attribution":"Ora (Warner Varnado) · Maryland DOT"}},{"type":"Feature","geometry":{"type":"Point","coordinates":[-77.02237,38.358448]},"properties":{"id":"ora-md-370","name":"US 301 HWN BRIDGE G19","state":"MD","provider":"Maryland DOT","hls":"https://strmr3.sha.maryland.gov/rtplive/6f01ad640079002c0063d336c4235c0a/playlist.m3u8","snapshot":null,"refreshMs":30000,"attribution":"Ora (Warner Varnado) · Maryland DOT"}},{"type":"Feature","geometry":{"type":"Point","coordinates":[-76.68713,39.395866]},"properties":{"id":"ora-md-371","name":"I-695 AT GREENSPRING","state":"MD","provider":"Maryland DOT","hls":"https://strmr5.sha.maryland.gov/rtplive/32011cc401660038005dd336c4235c0a/playlist.m3u8","snapshot":null,"refreshMs":30000,"attribution":"Ora (Warner Varnado) · Maryland DOT"}},{"type":"Feature","geometry":{"type":"Point","coordinates":[-77.07722,39.00511]},"properties":{"id":"ora-md-372","name":"Connecticut Ave (MD 185) at I-495","state":"MD","provider":"Maryland DOT","hls":"https://strmr5.sha.maryland.gov/rtplive/ac00a13000040075004d823633235daa/playlist.m3u8","snapshot":null,"refreshMs":30000,"attribution":"Ora (Warner Varnado) · Maryland DOT"}},{"type":"Feature","geometry":{"type":"Point","coordinates":[-76.85293,38.856487]},"properties":{"id":"ora-md-373","name":"I-95/495 AT D'ARCY ROAD","state":"MD","provider":"Maryland DOT","hls":"https://strmr5.sha.maryland.gov/rtplive/d8000e99005e00ba004a02366d235daa/playlist.m3u8","snapshot":null,"refreshMs":30000,"attribution":"Ora (Warner Varnado) · Maryland DOT"}},{"type":"Feature","geometry":{"type":"Point","coordinates":[-76.47396,39.237286]},"properties":{"id":"ora-md-374","name":"I-695 S of Peninsula Expwy (C055) MP 44.7","state":"MD","provider":"Maryland DOT","hls":"https://strmr5.sha.maryland.gov/rtplive/bc00548bc47701b8004606363d235daa/playlist.m3u8","snapshot":null,"refreshMs":30000,"attribution":"Ora (Warner Varnado) · Maryland DOT"}},{"type":"Feature","geometry":{"type":"Point","coordinates":[-76.66176,39.40814]},"properties":{"id":"ora-md-375","name":"I-83 SOUTH OF I-695","state":"MD","provider":"Maryland DOT","hls":"https://strmr5.sha.maryland.gov/rtplive/5200c288003d00fc0052fa36c4235c0a/playlist.m3u8","snapshot":null,"refreshMs":30000,"attribution":"Ora (Warner Varnado) · Maryland DOT"}},{"type":"Feature","geometry":{"type":"Point","coordinates":[-77.166115,39.35953]},"properties":{"id":"ora-md-376","name":"I-70 at Exit 68 MD 27 Ridge Rd","state":"MD","provider":"Maryland DOT","hls":"https://strmr3.sha.maryland.gov/rtplive/d101293e01510065005dd336c4235c0a/playlist.m3u8","snapshot":null,"refreshMs":30000,"attribution":"Ora (Warner Varnado) · Maryland DOT"}},{"type":"Feature","geometry":{"type":"Point","coordinates":[-76.57959,39.409225]},"properties":{"id":"ora-md-377","name":"I-695 AT PROVIDENCE RD","state":"MD","provider":"Maryland DOT","hls":"https://strmr5.sha.maryland.gov/rtplive/52ff0db500bd00a8004be2369e235daa/playlist.m3u8","snapshot":null,"refreshMs":30000,"attribution":"Ora (Warner Varnado) · Maryland DOT"}},{"type":"Feature","geometry":{"type":"Point","coordinates":[-76.76318,39.390945]},"properties":{"id":"ora-md-378","name":"I-795 AT MCDONOGH RD","state":"MD","provider":"Maryland DOT","hls":"https://strmr5.sha.maryland.gov/rtplive/c701321a0027004e004f3436c4235c0a/playlist.m3u8","snapshot":null,"refreshMs":30000,"attribution":"Ora (Warner Varnado) · Maryland DOT"}},{"type":"Feature","geometry":{"type":"Point","coordinates":[-77.14625,39.037537]},"properties":{"id":"ora-md-379","name":"I-270 & Tuckerman La (CAM 33)","state":"MD","provider":"Maryland DOT","hls":"https://strmr5.sha.maryland.gov/rtplive/bf014156024f0075004d823633235daa/playlist.m3u8","snapshot":null,"refreshMs":30000,"attribution":"Ora (Warner Varnado) · Maryland DOT"}},{"type":"Feature","geometry":{"type":"Point","coordinates":[-77.275604,39.158783]},"properties":{"id":"ora-md-380","name":"Clopper Rd (MD 117) at Great Seneca Hwy (MD 119)","state":"MD","provider":"Maryland DOT","hls":"https://strmr5.sha.maryland.gov/rtplive/9d00e9d3000a0075004d823633235daa/playlist.m3u8","snapshot":null,"refreshMs":30000,"attribution":"Ora (Warner Varnado) · Maryland DOT"}},{"type":"Feature","geometry":{"type":"Point","coordinates":[-77.88808,39.651165]},"properties":{"id":"ora-md-381","name":"I-70 East at St Paul Rd","state":"MD","provider":"Maryland DOT","hls":"https://strmr3.sha.maryland.gov/rtplive/4300ceca0049008e0057fa36c4235c0a/playlist.m3u8","snapshot":null,"refreshMs":30000,"attribution":"Ora (Warner Varnado) · Maryland DOT"}},{"type":"Feature","geometry":{"type":"Point","coordinates":[-77.01598,38.79399]},"properties":{"id":"ora-md-382","name":"I-95/495 AT NATL HARBOR","state":"MD","provider":"Maryland DOT","hls":"https://strmr5.sha.maryland.gov/rtplive/3e0012c100f6004f004de33696235daa/playlist.m3u8","snapshot":null,"refreshMs":30000,"attribution":"Ora (Warner Varnado) · Maryland DOT"}},{"type":"Feature","geometry":{"type":"Point","coordinates":[-77.02583,38.35812]},"properties":{"id":"ora-md-383","name":"US 301 HWN BRIDGE G20","state":"MD","provider":"Maryland DOT","hls":"https://strmr3.sha.maryland.gov/rtplive/b00084f0006000230063d336c4235c0a/playlist.m3u8","snapshot":null,"refreshMs":30000,"attribution":"Ora (Warner Varnado) · Maryland DOT"}},{"type":"Feature","geometry":{"type":"Point","coordinates":[-76.788864,39.178417]},"properties":{"id":"ora-md-384","name":"I-95 AT MD 175","state":"MD","provider":"Maryland DOT","hls":"https://strmr5.sha.maryland.gov/rtplive/bcff34a000aa00dd004c823633235daa/playlist.m3u8","snapshot":null,"refreshMs":30000,"attribution":"Ora (Warner Varnado) · Maryland DOT"}},{"type":"Feature","geometry":{"type":"Point","coordinates":[-79.34073,39.69452]},"properties":{"id":"ora-md-385","name":"I-68 at Old Morgantown Rd","state":"MD","provider":"Maryland DOT","hls":"https://strmr3.sha.maryland.gov/rtplive/28011e3f016f00a8005dd336c4235c0a/playlist.m3u8","snapshot":null,"refreshMs":30000,"attribution":"Ora (Warner Varnado) · Maryland DOT"}},{"type":"Feature","geometry":{"type":"Point","coordinates":[-76.05864,38.63879]},"properties":{"id":"ora-md-386","name":"US 50 E OF MD 565 TRAPPE TWR","state":"MD","provider":"Maryland DOT","hls":"https://strmr3.sha.maryland.gov/rtplive/97001d0e0096007b00488436cf235d0a/playlist.m3u8","snapshot":null,"refreshMs":30000,"attribution":"Ora (Warner Varnado) · Maryland DOT"}},{"type":"Feature","geometry":{"type":"Point","coordinates":[-76.99759,38.362137]},"properties":{"id":"ora-md-387","name":"US 301 HWN BRIDGE G12","state":"MD","provider":"Maryland DOT","hls":"https://strmr3.sha.maryland.gov/rtplive/29015f9f003f00330063d336c4235c0a/playlist.m3u8","snapshot":null,"refreshMs":30000,"attribution":"Ora (Warner Varnado) · Maryland DOT"}},{"type":"Feature","geometry":{"type":"Point","coordinates":[-76.04734,38.591557]},"properties":{"id":"ora-md-388","name":"RWIS US 50 at CHOPTANK RIVER","state":"MD","provider":"Maryland DOT","hls":"https://strmr3.sha.maryland.gov/rtplive/77016f7a0094003a006ad336c4235c0a/playlist.m3u8","snapshot":null,"refreshMs":30000,"attribution":"Ora (Warner Varnado) · Maryland DOT"}},{"type":"Feature","geometry":{"type":"Point","coordinates":[-76.461716,39.36997]},"properties":{"id":"ora-md-389","name":"I-95 S of Md 43 (C023) MP 66.1","state":"MD","provider":"Maryland DOT","hls":"https://strmr5.sha.maryland.gov/rtplive/94017d1100e40039004606363d235daa/playlist.m3u8","snapshot":null,"refreshMs":30000,"attribution":"Ora (Warner Varnado) · Maryland DOT"}},{"type":"Feature","geometry":{"type":"Point","coordinates":[-76.170456,38.97951]},"properties":{"id":"ora-md-390","name":"US 50 W OF US 301 SPLIT","state":"MD","provider":"Maryland DOT","hls":"https://strmr3.sha.maryland.gov/rtplive/40000a9300320014004a8436cf235d0a/playlist.m3u8","snapshot":null,"refreshMs":30000,"attribution":"Ora (Warner Varnado) · Maryland DOT"}},{"type":"Feature","geometry":{"type":"Point","coordinates":[-76.9016,39.010033]},"properties":{"id":"ora-md-391","name":"I-95/495 N OF MD 201","state":"MD","provider":"Maryland DOT","hls":"https://strmr5.sha.maryland.gov/rtplive/2401925800f700d700437a45351f0214/playlist.m3u8","snapshot":null,"refreshMs":30000,"attribution":"Ora (Warner Varnado) · Maryland DOT"}},{"type":"Feature","geometry":{"type":"Point","coordinates":[-77.05034,39.03595]},"properties":{"id":"ora-md-392","name":"Georgia Ave (MD 97) at Veirs Mill Rd (MD 586)(CAM 59)","state":"MD","provider":"Maryland DOT","hls":"https://strmr5.sha.maryland.gov/rtplive/910095c5025e0075004d823633235daa/playlist.m3u8","snapshot":null,"refreshMs":30000,"attribution":"Ora (Warner Varnado) · Maryland DOT"}},{"type":"Feature","geometry":{"type":"Point","coordinates":[-76.62973,38.96711]},"properties":{"id":"ora-md-393","name":"US 50 EAST OF RUTLAND RD","state":"MD","provider":"Maryland DOT","hls":"https://strmr3.sha.maryland.gov/rtplive/2a0155be026200e50051fa36c4235c0a/playlist.m3u8","snapshot":null,"refreshMs":30000,"attribution":"Ora (Warner Varnado) · Maryland DOT"}},{"type":"Feature","geometry":{"type":"Point","coordinates":[-77.21702,39.148937]},"properties":{"id":"ora-md-394","name":"I-270 & Montgomery Village Ave (MD 124)(CAM 85)","state":"MD","provider":"Maryland DOT","hls":"https://strmr5.sha.maryland.gov/rtplive/3d010dec036a0075004d823633235daa/playlist.m3u8","snapshot":null,"refreshMs":30000,"attribution":"Ora (Warner Varnado) · Maryland DOT"}},{"type":"Feature","geometry":{"type":"Point","coordinates":[-76.85953,39.202213]},"properties":{"id":"ora-md-395","name":"US 29 SOUTH AT BROKEN LAND PKWY","state":"MD","provider":"Maryland DOT","hls":"https://strmr3.sha.maryland.gov/rtplive/1001765e00e500a2005fd336c4235c0a/playlist.m3u8","snapshot":null,"refreshMs":30000,"attribution":"Ora (Warner Varnado) · Maryland DOT"}},{"type":"Feature","geometry":{"type":"Point","coordinates":[-76.49637,38.23692]},"properties":{"id":"ora-md-396","name":"MD 5 AT GREAT MILLS RD","state":"MD","provider":"Maryland DOT","hls":"https://strmr3.sha.maryland.gov/rtplive/2c00d6f6008900070053fa36c4235c0a/playlist.m3u8","snapshot":null,"refreshMs":30000,"attribution":"Ora (Warner Varnado) · Maryland DOT"}},{"type":"Feature","geometry":{"type":"Point","coordinates":[-76.55344,39.2762]},"properties":{"id":"ora-md-397","name":"I-895 S, Past Boston St (C036C) MM 11.3","state":"MD","provider":"Maryland DOT","hls":"https://strmr3.sha.maryland.gov/rtplive/7a00f61e0084002f005dd336c4235c0a/playlist.m3u8","snapshot":null,"refreshMs":30000,"attribution":"Ora (Warner Varnado) · Maryland DOT"}},{"type":"Feature","geometry":{"type":"Point","coordinates":[-77.160995,38.98351]},"properties":{"id":"ora-md-398","name":"I-495 & Seven Locks Rd","state":"MD","provider":"Maryland DOT","hls":"https://strmr5.sha.maryland.gov/rtplive/a1011d3e036c0075004d823633235daa/playlist.m3u8","snapshot":null,"refreshMs":30000,"attribution":"Ora (Warner Varnado) · Maryland DOT"}},{"type":"Feature","geometry":{"type":"Point","coordinates":[-76.973694,39.22948]},"properties":{"id":"ora-md-399","name":"MD 32 AT LINDEN CHURCH RD","state":"MD","provider":"Maryland DOT","hls":"https://strmr3.sha.maryland.gov/rtplive/3101ea46001a0033005ed336c4235c0a/playlist.m3u8","snapshot":null,"refreshMs":30000,"attribution":"Ora (Warner Varnado) · Maryland DOT"}},{"type":"Feature","geometry":{"type":"Point","coordinates":[-76.52608,39.32586]},"properties":{"id":"ora-md-400","name":"I-95 NB, S of Chesaco Ave MM 61.4 (C027C)","state":"MD","provider":"Maryland DOT","hls":"https://strmr5.sha.maryland.gov/rtplive/7d004bd400b500a5004e3336c4235c0a/playlist.m3u8","snapshot":null,"refreshMs":30000,"attribution":"Ora (Warner Varnado) · Maryland DOT"}},{"type":"Feature","geometry":{"type":"Point","coordinates":[-77.18838,39.110207]},"properties":{"id":"ora-md-401","name":"I-270 & Shady Grove Rd (CAM 43)","state":"MD","provider":"Maryland DOT","hls":"https://strmr5.sha.maryland.gov/rtplive/490169b102560075004d823633235daa/playlist.m3u8","snapshot":null,"refreshMs":30000,"attribution":"Ora (Warner Varnado) · Maryland DOT"}},{"type":"Feature","geometry":{"type":"Point","coordinates":[-76.60891,39.010143]},"properties":{"id":"ora-md-402","name":"I-97 at MD 178 Tower","state":"MD","provider":"Maryland DOT","hls":"https://strmr5.sha.maryland.gov/rtplive/2a0016ad00c900410047833633235daa/playlist.m3u8","snapshot":null,"refreshMs":30000,"attribution":"Ora (Warner Varnado) · Maryland DOT"}},{"type":"Feature","geometry":{"type":"Point","coordinates":[-76.964195,39.018936]},"properties":{"id":"ora-md-403","name":"I-495 E. OF MD 650","state":"MD","provider":"Maryland DOT","hls":"https://strmr5.sha.maryland.gov/rtplive/9700f0af000a003b005dd336c4235c0a/playlist.m3u8","snapshot":null,"refreshMs":30000,"attribution":"Ora (Warner Varnado) · Maryland DOT"}},{"type":"Feature","geometry":{"type":"Point","coordinates":[-76.38889,38.9948]},"properties":{"id":"ora-md-404","name":"WPL C506 at Gantry S-9 MP 33.6","state":"MD","provider":"Maryland DOT","hls":"https://strmr3.sha.maryland.gov/rtplive/dd0157c42d7c001300503336c4235c0a/playlist.m3u8","snapshot":null,"refreshMs":30000,"attribution":"Ora (Warner Varnado) · Maryland DOT"}},{"type":"Feature","geometry":{"type":"Point","coordinates":[-76.97631,39.01941]},"properties":{"id":"ora-md-405","name":"I-495 & New Hampshire Ave (MD 650)(CAM 67)","state":"MD","provider":"Maryland DOT","hls":"https://strmr5.sha.maryland.gov/rtplive/4b01c94502640075004d823633235daa/playlist.m3u8","snapshot":null,"refreshMs":30000,"attribution":"Ora (Warner Varnado) · Maryland DOT"}},{"type":"Feature","geometry":{"type":"Point","coordinates":[-76.94472,39.023365]},"properties":{"id":"ora-md-406","name":"I-95 AT I-495","state":"MD","provider":"Maryland DOT","hls":"https://strmr3.sha.maryland.gov/rtplive/8b010ae2017f00490059fa36c4235c0a/playlist.m3u8","snapshot":null,"refreshMs":30000,"attribution":"Ora (Warner Varnado) · Maryland DOT"}},{"type":"Feature","geometry":{"type":"Point","coordinates":[-76.122795,38.972073]},"properties":{"id":"ora-md-407","name":"US 50 AT BLOOMINGDALE RD","state":"MD","provider":"Maryland DOT","hls":"https://strmr3.sha.maryland.gov/rtplive/e900fc1700fe00040057fa36c4235c0a/playlist.m3u8","snapshot":null,"refreshMs":30000,"attribution":"Ora (Warner Varnado) · Maryland DOT"}},{"type":"Feature","geometry":{"type":"Point","coordinates":[-75.82497,38.88894]},"properties":{"id":"ora-md-408","name":"MD 404 AT MD 313 DENTON TWR","state":"MD","provider":"Maryland DOT","hls":"https://strmr5.sha.maryland.gov/rtplive/87000e0f0094007b00488436cf235d0a/playlist.m3u8","snapshot":null,"refreshMs":30000,"attribution":"Ora (Warner Varnado) · Maryland DOT"}},{"type":"Feature","geometry":{"type":"Point","coordinates":[-76.94918,38.81732]},"properties":{"id":"ora-md-409","name":"I-95/495 AT TEMPLE HILLS RD","state":"MD","provider":"Maryland DOT","hls":"https://strmr5.sha.maryland.gov/rtplive/bd00080800ec00a8004a02366d235daa/playlist.m3u8","snapshot":null,"refreshMs":30000,"attribution":"Ora (Warner Varnado) · Maryland DOT"}},{"type":"Feature","geometry":{"type":"Point","coordinates":[-76.97082,38.36524]},"properties":{"id":"ora-md-410","name":"US 301 HWN BRIDGE G3","state":"MD","provider":"Maryland DOT","hls":"https://strmr3.sha.maryland.gov/rtplive/9c01602b0039001f0063d336c4235c0a/playlist.m3u8","snapshot":null,"refreshMs":30000,"attribution":"Ora (Warner Varnado) · Maryland DOT"}},{"type":"Feature","geometry":{"type":"Point","coordinates":[-76.84881,39.137703]},"properties":{"id":"ora-md-411","name":"I-95 NORTH AT I-95 NORTH WELCOME CENTER","state":"MD","provider":"Maryland DOT","hls":"https://strmr3.sha.maryland.gov/rtplive/64017116003400f10062d336c4235c0a/playlist.m3u8","snapshot":null,"refreshMs":30000,"attribution":"Ora (Warner Varnado) · Maryland DOT"}},{"type":"Feature","geometry":{"type":"Point","coordinates":[-77.12138,39.058544]},"properties":{"id":"ora-md-412","name":"Rockville Pk (MD 355) & Twinbrook Pkwy (CAM 194)","state":"MD","provider":"Maryland DOT","hls":"https://strmr5.sha.maryland.gov/rtplive/47012916022f0075004d823633235daa/playlist.m3u8","snapshot":null,"refreshMs":30000,"attribution":"Ora (Warner Varnado) · Maryland DOT"}},{"type":"Feature","geometry":{"type":"Point","coordinates":[-76.6716,39.262863]},"properties":{"id":"ora-md-413","name":"I-95 S of Caton Ave Ex 50 (C032) - MP 49.9","state":"MD","provider":"Maryland DOT","hls":"https://strmr5.sha.maryland.gov/rtplive/cc006eaf019000e300441a366e230214/playlist.m3u8","snapshot":null,"refreshMs":30000,"attribution":"Ora (Warner Varnado) · Maryland DOT"}},{"type":"Feature","geometry":{"type":"Point","coordinates":[-77.221405,39.142384]},"properties":{"id":"ora-md-414","name":"Clopper Rd (MD 117) at Quince Orchard Rd (MD 124)","state":"MD","provider":"Maryland DOT","hls":"https://strmr5.sha.maryland.gov/rtplive/ea00f117000b0075004d823633235daa/playlist.m3u8","snapshot":null,"refreshMs":30000,"attribution":"Ora (Warner Varnado) · Maryland DOT"}},{"type":"Feature","geometry":{"type":"Point","coordinates":[-76.581215,39.128433]},"properties":{"id":"ora-md-415","name":"MD 100 WEST AT MD 10 NORTH","state":"MD","provider":"Maryland DOT","hls":"https://strmr3.sha.maryland.gov/rtplive/5a0080ef00fc00380061d336c4235c0a/playlist.m3u8","snapshot":null,"refreshMs":30000,"attribution":"Ora (Warner Varnado) · Maryland DOT"}},{"type":"Feature","geometry":{"type":"Point","coordinates":[-76.34337,39.44223]},"properties":{"id":"ora-md-416","name":"I-95 N of MD 152 (C020) MP 74.2","state":"MD","provider":"Maryland DOT","hls":"https://strmr3.sha.maryland.gov/rtplive/d1ff8b9a006c00820068d336c4235c0a/playlist.m3u8","snapshot":null,"refreshMs":30000,"attribution":"Ora (Warner Varnado) · Maryland DOT"}},{"type":"Feature","geometry":{"type":"Point","coordinates":[-76.81736,39.24782]},"properties":{"id":"ora-md-417","name":"MD 100 AT LONG GATE PKWY","state":"MD","provider":"Maryland DOT","hls":"https://strmr3.sha.maryland.gov/rtplive/3f01634f002400b4005fd336c4235c0a/playlist.m3u8","snapshot":null,"refreshMs":30000,"attribution":"Ora (Warner Varnado) · Maryland DOT"}},{"type":"Feature","geometry":{"type":"Point","coordinates":[-76.75653,39.189137]},"properties":{"id":"ora-md-418","name":"MD 100 AT US 1","state":"MD","provider":"Maryland DOT","hls":"https://strmr3.sha.maryland.gov/rtplive/640169bc0030005a005fd336c4235c0a/playlist.m3u8","snapshot":null,"refreshMs":30000,"attribution":"Ora (Warner Varnado) · Maryland DOT"}},{"type":"Feature","geometry":{"type":"Point","coordinates":[-77.01352,39.01948]},"properties":{"id":"ora-md-419","name":"Colesville Rd (US 29) at University Blvd (MD 193)","state":"MD","provider":"Maryland DOT","hls":"https://strmr5.sha.maryland.gov/rtplive/a000d98902650075004d823633235daa/playlist.m3u8","snapshot":null,"refreshMs":30000,"attribution":"Ora (Warner Varnado) · Maryland DOT"}},{"type":"Feature","geometry":{"type":"Point","coordinates":[-76.71453,38.95528]},"properties":{"id":"ora-md-420","name":"US 50 E OF US 301/MD 3","state":"MD","provider":"Maryland DOT","hls":"https://strmr3.sha.maryland.gov/rtplive/7401e15801f700d700437a45351f0214/playlist.m3u8","snapshot":null,"refreshMs":30000,"attribution":"Ora (Warner Varnado) · Maryland DOT"}},{"type":"Feature","geometry":{"type":"Point","coordinates":[-76.70853,39.237045]},"properties":{"id":"ora-md-421","name":"I-95 N OF I-195","state":"MD","provider":"Maryland DOT","hls":"https://strmr5.sha.maryland.gov/rtplive/9801065800f700d700437a45351f0214/playlist.m3u8","snapshot":null,"refreshMs":30000,"attribution":"Ora (Warner Varnado) · Maryland DOT"}},{"type":"Feature","geometry":{"type":"Point","coordinates":[-76.98778,38.363274]},"properties":{"id":"ora-md-422","name":"US 301 HWN BRIDGE G9","state":"MD","provider":"Maryland DOT","hls":"https://strmr3.sha.maryland.gov/rtplive/19016588004000330063d336c4235c0a/playlist.m3u8","snapshot":null,"refreshMs":30000,"attribution":"Ora (Warner Varnado) · Maryland DOT"}},{"type":"Feature","geometry":{"type":"Point","coordinates":[-77.08681,39.007416]},"properties":{"id":"ora-md-423","name":"I-495 W. of Ex 33 MD 185 Connecticut Ave","state":"MD","provider":"Maryland DOT","hls":"https://strmr5.sha.maryland.gov/rtplive/e301515800f700d700437a45351f0214/playlist.m3u8","snapshot":null,"refreshMs":30000,"attribution":"Ora (Warner Varnado) · Maryland DOT"}},{"type":"Feature","geometry":{"type":"Point","coordinates":[-77.002365,39.095657]},"properties":{"id":"ora-md-424","name":"Bonifant Rd/Good Hope Rd at New Hampshire Ave (MD 650)","state":"MD","provider":"Maryland DOT","hls":"https://strmr5.sha.maryland.gov/rtplive/c7008d04025d0075004d823633235daa/playlist.m3u8","snapshot":null,"refreshMs":30000,"attribution":"Ora (Warner Varnado) · Maryland DOT"}},{"type":"Feature","geometry":{"type":"Point","coordinates":[-76.76841,39.307068]},"properties":{"id":"ora-md-425","name":"I-70 1 MI W of I-695","state":"MD","provider":"Maryland DOT","hls":"https://strmr5.sha.maryland.gov/rtplive/6501ea2e00730027005dd336c4235c0a/playlist.m3u8","snapshot":null,"refreshMs":30000,"attribution":"Ora (Warner Varnado) · Maryland DOT"}},{"type":"Feature","geometry":{"type":"Point","coordinates":[-76.81558,39.434265]},"properties":{"id":"ora-md-426","name":"I-795 S OF FRANKLIN BLVD","state":"MD","provider":"Maryland DOT","hls":"https://strmr5.sha.maryland.gov/rtplive/58001a9400fe00a7004e3436c4235c0a/playlist.m3u8","snapshot":null,"refreshMs":30000,"attribution":"Ora (Warner Varnado) · Maryland DOT"}},{"type":"Feature","geometry":{"type":"Point","coordinates":[-77.077034,38.97668]},"properties":{"id":"ora-md-427","name":"Bradley Blvd (MD 191) at Connecticut Ave (MD 185)","state":"MD","provider":"Maryland DOT","hls":"https://strmr5.sha.maryland.gov/rtplive/a1008d3b00020075004d823633235daa/playlist.m3u8","snapshot":null,"refreshMs":30000,"attribution":"Ora (Warner Varnado) · Maryland DOT"}},{"type":"Feature","geometry":{"type":"Point","coordinates":[-77.02986,38.357517]},"properties":{"id":"ora-md-428","name":"US 301 HWN BRIDGE M.M. 141.5","state":"MD","provider":"Maryland DOT","hls":"https://strmr3.sha.maryland.gov/rtplive/56019b7d005200330063d336c4235c0a/playlist.m3u8","snapshot":null,"refreshMs":30000,"attribution":"Ora (Warner Varnado) · Maryland DOT"}},{"type":"Feature","geometry":{"type":"Point","coordinates":[-78.7838,39.64543]},"properties":{"id":"ora-md-429","name":"I-68 at Exit 42 US 220","state":"MD","provider":"Maryland DOT","hls":"https://strmr3.sha.maryland.gov/rtplive/c600395c01d400a9005dd336c4235c0a/playlist.m3u8","snapshot":null,"refreshMs":30000,"attribution":"Ora (Warner Varnado) · Maryland DOT"}},{"type":"Feature","geometry":{"type":"Point","coordinates":[-76.45199,39.379272]},"properties":{"id":"ora-md-430","name":"MD 43 E, West of I-95 (C022A) MM 67.0","state":"MD","provider":"Maryland DOT","hls":"https://strmr3.sha.maryland.gov/rtplive/d200cf40000100f20053fa36c4235c0a/playlist.m3u8","snapshot":null,"refreshMs":30000,"attribution":"Ora (Warner Varnado) · Maryland DOT"}},{"type":"Feature","geometry":{"type":"Point","coordinates":[-76.715546,39.18728]},"properties":{"id":"ora-md-431","name":"MD 295 AT HANOVER RD","state":"MD","provider":"Maryland DOT","hls":"https://strmr3.sha.maryland.gov/rtplive/3800e39d0055008c005afa36c4235c0a/playlist.m3u8","snapshot":null,"refreshMs":30000,"attribution":"Ora (Warner Varnado) · Maryland DOT"}},{"type":"Feature","geometry":{"type":"Point","coordinates":[-77.07806,39.08349]},"properties":{"id":"ora-md-432","name":"Connecticut Ave (MD 185) at Georgia Ave (MD 97)","state":"MD","provider":"Maryland DOT","hls":"https://strmr5.sha.maryland.gov/rtplive/9500b9a102620075004d823633235daa/playlist.m3u8","snapshot":null,"refreshMs":30000,"attribution":"Ora (Warner Varnado) · Maryland DOT"}},{"type":"Feature","geometry":{"type":"Point","coordinates":[-76.56251,39.266342]},"properties":{"id":"ora-md-433","name":"I-95 FMT TOLL PLAZA (C039A)","state":"MD","provider":"Maryland DOT","hls":"https://strmr5.sha.maryland.gov/rtplive/0e015e1d002b00b4005ed336c4235c0a/playlist.m3u8","snapshot":null,"refreshMs":30000,"attribution":"Ora (Warner Varnado) · Maryland DOT"}},{"type":"Feature","geometry":{"type":"Point","coordinates":[-76.560936,39.265923]},"properties":{"id":"ora-md-434","name":"I-895 NORTH OF HARBOR TUNNEL, C036A MM 10.6","state":"MD","provider":"Maryland DOT","hls":"https://strmr5.sha.maryland.gov/rtplive/a200f19b00020060005ed336c4235c0a/playlist.m3u8","snapshot":null,"refreshMs":30000,"attribution":"Ora (Warner Varnado) · Maryland DOT"}},{"type":"Feature","geometry":{"type":"Point","coordinates":[-76.901115,39.145008]},"properties":{"id":"ora-md-435","name":"US 29 N AT MD 216","state":"MD","provider":"Maryland DOT","hls":"https://strmr3.sha.maryland.gov/rtplive/8f00cd7800ff0096005fd336c4235c0a/playlist.m3u8","snapshot":null,"refreshMs":30000,"attribution":"Ora (Warner Varnado) · Maryland DOT"}},{"type":"Feature","geometry":{"type":"Point","coordinates":[-75.09034,38.33219]},"properties":{"id":"ora-md-436","name":"US 50 AT OC DRAWBRIDGE","state":"MD","provider":"Maryland DOT","hls":"https://strmr5.sha.maryland.gov/rtplive/ca0022f7010500f9005cd336c4235c0a/playlist.m3u8","snapshot":null,"refreshMs":30000,"attribution":"Ora (Warner Varnado) · Maryland DOT"}},{"type":"Feature","geometry":{"type":"Point","coordinates":[-76.87471,39.181293]},"properties":{"id":"ora-md-437","name":"US 29 S AT MD 32","state":"MD","provider":"Maryland DOT","hls":"https://strmr3.sha.maryland.gov/rtplive/5d015d6900ab00360060d336c4235c0a/playlist.m3u8","snapshot":null,"refreshMs":30000,"attribution":"Ora (Warner Varnado) · Maryland DOT"}},{"type":"Feature","geometry":{"type":"Point","coordinates":[-76.79013,39.179935]},"properties":{"id":"ora-md-438","name":"MD 175 W of I-95 at ramp from I-95 S","state":"MD","provider":"Maryland DOT","hls":"https://strmr3.sha.maryland.gov/rtplive/eaff842a00a500dc0065d336c4235c0a/playlist.m3u8","snapshot":null,"refreshMs":30000,"attribution":"Ora (Warner Varnado) · Maryland DOT"}},{"type":"Feature","geometry":{"type":"Point","coordinates":[-76.298645,38.974747]},"properties":{"id":"ora-md-439","name":"US 50 EB M.M. 38.9","state":"MD","provider":"Maryland DOT","hls":"https://strmr3.sha.maryland.gov/rtplive/35014a6e018400390069d336c4235c0a/playlist.m3u8","snapshot":null,"refreshMs":30000,"attribution":"Ora (Warner Varnado) · Maryland DOT"}},{"type":"Feature","geometry":{"type":"Point","coordinates":[-76.82585,38.94722]},"properties":{"id":"ora-md-440","name":"US 50 AT LOTTSFORD VISTA RD","state":"MD","provider":"Maryland DOT","hls":"https://strmr5.sha.maryland.gov/rtplive/d2ff0e21009700e9004ae33696235daa/playlist.m3u8","snapshot":null,"refreshMs":30000,"attribution":"Ora (Warner Varnado) · Maryland DOT"}},{"type":"Feature","geometry":{"type":"Point","coordinates":[-76.06037,38.839767]},"properties":{"id":"ora-md-441","name":"US 50 AT HINERS LN","state":"MD","provider":"Maryland DOT","hls":"https://strmr3.sha.maryland.gov/rtplive/6d016664005400990060d336c4235c0a/playlist.m3u8","snapshot":null,"refreshMs":30000,"attribution":"Ora (Warner Varnado) · Maryland DOT"}},{"type":"Feature","geometry":{"type":"Point","coordinates":[-77.14453,39.013126]},"properties":{"id":"ora-md-442","name":"I-495 N of I-270 spur","state":"MD","provider":"Maryland DOT","hls":"https://strmr5.sha.maryland.gov/rtplive/4800e8aa00ab0059005cd336c4235c0a/playlist.m3u8","snapshot":null,"refreshMs":30000,"attribution":"Ora (Warner Varnado) · Maryland DOT"}},{"type":"Feature","geometry":{"type":"Point","coordinates":[-76.659615,39.26886]},"properties":{"id":"ora-md-443","name":"I-95 N of Desoto Rd (C031) MP 50.7","state":"MD","provider":"Maryland DOT","hls":"https://strmr5.sha.maryland.gov/rtplive/94016b7a019000e300441a366e230214/playlist.m3u8","snapshot":null,"refreshMs":30000,"attribution":"Ora (Warner Varnado) · Maryland DOT"}},{"type":"Feature","geometry":{"type":"Point","coordinates":[-79.3648,39.296913]},"properties":{"id":"ora-md-444","name":"RWIS US 50 AT TABLE ROCK","state":"MD","provider":"Maryland DOT","hls":"https://strmr3.sha.maryland.gov/rtplive/be00a3fe007d00d30050fa36c4235c0a/playlist.m3u8","snapshot":null,"refreshMs":30000,"attribution":"Ora (Warner Varnado) · Maryland DOT"}},{"type":"Feature","geometry":{"type":"Point","coordinates":[-75.56383,38.42015]},"properties":{"id":"ora-md-445","name":"US 13 AT SALISBURY MSP TWR","state":"MD","provider":"Maryland DOT","hls":"https://strmr5.sha.maryland.gov/rtplive/1001f0c505380031004a06363d235daa/playlist.m3u8","snapshot":null,"refreshMs":30000,"attribution":"Ora (Warner Varnado) · Maryland DOT"}},{"type":"Feature","geometry":{"type":"Point","coordinates":[-76.7779,39.11384]},"properties":{"id":"ora-md-446","name":"MD 295 AT MD 32","state":"MD","provider":"Maryland DOT","hls":"https://strmr5.sha.maryland.gov/rtplive/440012ae001b00480048e33696235daa/playlist.m3u8","snapshot":null,"refreshMs":30000,"attribution":"Ora (Warner Varnado) · Maryland DOT"}},{"type":"Feature","geometry":{"type":"Point","coordinates":[-76.33288,38.982048]},"properties":{"id":"ora-md-447","name":"WPL C-513 at Gantry N-26","state":"MD","provider":"Maryland DOT","hls":"https://strmr3.sha.maryland.gov/rtplive/050160c100cc005f0063d336c4235c0a/playlist.m3u8","snapshot":null,"refreshMs":30000,"attribution":"Ora (Warner Varnado) · Maryland DOT"}},{"type":"Feature","geometry":{"type":"Point","coordinates":[-77.01859,39.008595]},"properties":{"id":"ora-md-448","name":"Colesville Rd (US 29) at Franklin Ave","state":"MD","provider":"Maryland DOT","hls":"https://strmr5.sha.maryland.gov/rtplive/fb00dde002650075004d823633235daa/playlist.m3u8","snapshot":null,"refreshMs":30000,"attribution":"Ora (Warner Varnado) · Maryland DOT"}},{"type":"Feature","geometry":{"type":"Point","coordinates":[-77.283,39.163]},"properties":{"id":"ora-md-449","name":"Clopper Rd (MD 117) at Germantown Rd (MD 118)","state":"MD","provider":"Maryland DOT","hls":"https://strmr5.sha.maryland.gov/rtplive/d0017d5801230075004d823633235daa/playlist.m3u8","snapshot":null,"refreshMs":30000,"attribution":"Ora (Warner Varnado) · Maryland DOT"}},{"type":"Feature","geometry":{"type":"Point","coordinates":[-76.3754,38.991684]},"properties":{"id":"ora-md-450","name":"WPL C508 at Gantry S-12 MP 34.3","state":"MD","provider":"Maryland DOT","hls":"https://strmr3.sha.maryland.gov/rtplive/6202603d2d7f001300503336c4235c0a/playlist.m3u8","snapshot":null,"refreshMs":30000,"attribution":"Ora (Warner Varnado) · Maryland DOT"}},{"type":"Feature","geometry":{"type":"Point","coordinates":[-76.93228,39.073776]},"properties":{"id":"ora-md-451","name":"ICC MD 200 WB E OF BRIGGS CHANEY RD MM 17.1 (C223)","state":"MD","provider":"Maryland DOT","hls":"https://strmr5.sha.maryland.gov/rtplive/aa00cb3a00f300ae004e3336c4235c0a/playlist.m3u8","snapshot":null,"refreshMs":30000,"attribution":"Ora (Warner Varnado) · Maryland DOT"}},{"type":"Feature","geometry":{"type":"Point","coordinates":[-76.825874,39.29645]},"properties":{"id":"ora-md-452","name":"I-70 W AT EX 87 US 29","state":"MD","provider":"Maryland DOT","hls":"https://strmr5.sha.maryland.gov/rtplive/4b002ac3002700d7004b823633235daa/playlist.m3u8","snapshot":null,"refreshMs":30000,"attribution":"Ora (Warner Varnado) · Maryland DOT"}},{"type":"Feature","geometry":{"type":"Point","coordinates":[-76.98191,39.001503]},"properties":{"id":"ora-md-453","name":"New Hampshire Ave (MD 650) & Piney Branch Rd (MD 320)(CAM 116)","state":"MD","provider":"Maryland DOT","hls":"https://strmr5.sha.maryland.gov/rtplive/4e00a5cd00050075004d823633235daa/playlist.m3u8","snapshot":null,"refreshMs":30000,"attribution":"Ora (Warner Varnado) · Maryland DOT"}},{"type":"Feature","geometry":{"type":"Point","coordinates":[-76.06605,38.742626]},"properties":{"id":"ora-md-454","name":"US 50 AT MD 322 EASTON TWR","state":"MD","provider":"Maryland DOT","hls":"https://strmr5.sha.maryland.gov/rtplive/a80028d901e30010005dd336c4235c0a/playlist.m3u8","snapshot":null,"refreshMs":30000,"attribution":"Ora (Warner Varnado) · Maryland DOT"}},{"type":"Feature","geometry":{"type":"Point","coordinates":[-77.31379,39.70184]},"properties":{"id":"ora-md-455","name":"RWIS US 15 AT MD 140","state":"MD","provider":"Maryland DOT","hls":"https://strmr3.sha.maryland.gov/rtplive/e7008978002900f00050fa36c4235c0a/playlist.m3u8","snapshot":null,"refreshMs":30000,"attribution":"Ora (Warner Varnado) · Maryland DOT"}},{"type":"Feature","geometry":{"type":"Point","coordinates":[-77.59342,39.51191]},"properties":{"id":"ora-md-456","name":"I-70 West at South Mountain","state":"MD","provider":"Maryland DOT","hls":"https://strmr3.sha.maryland.gov/rtplive/e2ffcef400b100a00052fa36c4235c0a/playlist.m3u8","snapshot":null,"refreshMs":30000,"attribution":"Ora (Warner Varnado) · Maryland DOT"}},{"type":"Feature","geometry":{"type":"Point","coordinates":[-77.04075,38.792416]},"properties":{"id":"ora-md-457","name":"I-95/495 W.W. Brg VA","state":"MD","provider":"Maryland DOT","hls":"https://strmr5.sha.maryland.gov/rtplive/3501154f00350088004502366d235daa/playlist.m3u8","snapshot":null,"refreshMs":30000,"attribution":"Ora (Warner Varnado) · Maryland DOT"}},{"type":"Feature","geometry":{"type":"Point","coordinates":[-76.43334,39.02494]},"properties":{"id":"ora-md-458","name":"US 50 WB, Near Exit30 - Whitehall Rd, West of G-2, MM 30","state":"MD","provider":"Maryland DOT","hls":"https://strmr5.sha.maryland.gov/rtplive/5b01687b00a2001c0064d336c4235c0a/playlist.m3u8","snapshot":null,"refreshMs":30000,"attribution":"Ora (Warner Varnado) · Maryland DOT"}},{"type":"Feature","geometry":{"type":"Point","coordinates":[-76.85559,38.939472]},"properties":{"id":"ora-md-459","name":"I-95/495 S. OF US 50","state":"MD","provider":"Maryland DOT","hls":"https://strmr5.sha.maryland.gov/rtplive/3d01aa5801f700d700437a45351f0214/playlist.m3u8","snapshot":null,"refreshMs":30000,"attribution":"Ora (Warner Varnado) · Maryland DOT"}},{"type":"Feature","geometry":{"type":"Point","coordinates":[-77.155106,39.056267]},"properties":{"id":"ora-md-460","name":"I-270 & Montrose Rd (CAM 70)","state":"MD","provider":"Maryland DOT","hls":"https://strmr5.sha.maryland.gov/rtplive/4e01d53b02650075004d823633235daa/playlist.m3u8","snapshot":null,"refreshMs":30000,"attribution":"Ora (Warner Varnado) · Maryland DOT"}},{"type":"Feature","geometry":{"type":"Point","coordinates":[-76.889595,39.067078]},"properties":{"id":"ora-md-461","name":"ICC MD 200 EB AT KONTERRA DRIVE, MM 19.6 (C227)","state":"MD","provider":"Maryland DOT","hls":"https://strmr5.sha.maryland.gov/rtplive/2f01de5c00e300410054fa36c4235c0a/playlist.m3u8","snapshot":null,"refreshMs":30000,"attribution":"Ora (Warner Varnado) · Maryland DOT"}},{"type":"Feature","geometry":{"type":"Point","coordinates":[-76.75567,39.140335]},"properties":{"id":"ora-md-462","name":"MD 295 AT MD 175","state":"MD","provider":"Maryland DOT","hls":"https://strmr5.sha.maryland.gov/rtplive/3c013258006300f20047833633235daa/playlist.m3u8","snapshot":null,"refreshMs":30000,"attribution":"Ora (Warner Varnado) · Maryland DOT"}},{"type":"Feature","geometry":{"type":"Point","coordinates":[-79.208206,39.45382]},"properties":{"id":"ora-md-463","name":"RWIS MD 135 at Salt Dome","state":"MD","provider":"Maryland DOT","hls":"https://strmr3.sha.maryland.gov/rtplive/9c00ad6c00a300100053fa36c4235c0a/playlist.m3u8","snapshot":null,"refreshMs":30000,"attribution":"Ora (Warner Varnado) · Maryland DOT"}},{"type":"Feature","geometry":{"type":"Point","coordinates":[-76.68806,39.148796]},"properties":{"id":"ora-md-464","name":"MD 100 AT MD 170 (502020)","state":"MD","provider":"Maryland DOT","hls":"https://strmr5.sha.maryland.gov/rtplive/1701273b0015003f004c823633235daa/playlist.m3u8","snapshot":null,"refreshMs":30000,"attribution":"Ora (Warner Varnado) · Maryland DOT"}},{"type":"Feature","geometry":{"type":"Point","coordinates":[-76.36235,38.989902]},"properties":{"id":"ora-md-465","name":"WPL C509 at Gantry N-16 MP 3.4","state":"MD","provider":"Maryland DOT","hls":"https://strmr3.sha.maryland.gov/rtplive/1b01636400aa00f30061d336c4235c0a/playlist.m3u8","snapshot":null,"refreshMs":30000,"attribution":"Ora (Warner Varnado) · Maryland DOT"}},{"type":"Feature","geometry":{"type":"Point","coordinates":[-76.45539,39.246933]},"properties":{"id":"ora-md-466","name":"I-695 N of MD 151 North Point Blvd (C056) MP 43.4","state":"MD","provider":"Maryland DOT","hls":"https://strmr5.sha.maryland.gov/rtplive/f0005bb8c47701b8004606363d235daa/playlist.m3u8","snapshot":null,"refreshMs":30000,"attribution":"Ora (Warner Varnado) · Maryland DOT"}},{"type":"Feature","geometry":{"type":"Point","coordinates":[-77.07529,39.031647]},"properties":{"id":"ora-md-467","name":"Connecticut Ave (MD 185) at University Blvd (MD 193)","state":"MD","provider":"Maryland DOT","hls":"https://strmr5.sha.maryland.gov/rtplive/be00f98402680075004d823633235daa/playlist.m3u8","snapshot":null,"refreshMs":30000,"attribution":"Ora (Warner Varnado) · Maryland DOT"}},{"type":"Feature","geometry":{"type":"Point","coordinates":[-76.600746,39.41278]},"properties":{"id":"ora-md-468","name":"I-695 AT DULANEY VALLEY RD","state":"MD","provider":"Maryland DOT","hls":"https://strmr5.sha.maryland.gov/rtplive/3b0121f4017600da0058fa36c4235c0a/playlist.m3u8","snapshot":null,"refreshMs":30000,"attribution":"Ora (Warner Varnado) · Maryland DOT"}},{"type":"Feature","geometry":{"type":"Point","coordinates":[-78.63267,39.701084]},"properties":{"id":"ora-md-469","name":"I-68 AT MARTIN'S MOUNTAIN","state":"MD","provider":"Maryland DOT","hls":"https://strmr3.sha.maryland.gov/rtplive/bc006c52008c00be005ed336c4235c0a/playlist.m3u8","snapshot":null,"refreshMs":30000,"attribution":"Ora (Warner Varnado) · Maryland DOT"}},{"type":"Feature","geometry":{"type":"Point","coordinates":[-76.97442,38.36476]},"properties":{"id":"ora-md-470","name":"US 301 HWN BRIDGE G5","state":"MD","provider":"Maryland DOT","hls":"https://strmr3.sha.maryland.gov/rtplive/1d0166a4003b001f0063d336c4235c0a/playlist.m3u8","snapshot":null,"refreshMs":30000,"attribution":"Ora (Warner Varnado) · Maryland DOT"}},{"type":"Feature","geometry":{"type":"Point","coordinates":[-76.07505,39.56756]},"properties":{"id":"ora-md-471","name":"US 40 AT HATEM BRIDGE (C-065)","state":"MD","provider":"Maryland DOT","hls":"https://strmr5.sha.maryland.gov/rtplive/3101774f00c000f30062d336c4235c0a/playlist.m3u8","snapshot":null,"refreshMs":30000,"attribution":"Ora (Warner Varnado) · Maryland DOT"}},{"type":"Feature","geometry":{"type":"Point","coordinates":[-76.38887,39.428265]},"properties":{"id":"ora-md-472","name":"I-95 SB M.M. 71.2 ( C021-F North Bradshaw Rd.)","state":"MD","provider":"Maryland DOT","hls":"https://strmr3.sha.maryland.gov/rtplive/6501794a00d9000b0068d336c4235c0a/playlist.m3u8","snapshot":null,"refreshMs":30000,"attribution":"Ora (Warner Varnado) · Maryland DOT"}},{"type":"Feature","geometry":{"type":"Point","coordinates":[-76.298645,38.974747]},"properties":{"id":"ora-md-473","name":"US 50 EB M.M. 38.9","state":"MD","provider":"Maryland DOT","hls":"https://strmr3.sha.maryland.gov/rtplive/bc0044fc018300390069d336c4235c0a/playlist.m3u8","snapshot":null,"refreshMs":30000,"attribution":"Ora (Warner Varnado) · Maryland DOT"}},{"type":"Feature","geometry":{"type":"Point","coordinates":[-79.46252,39.660336]},"properties":{"id":"ora-md-474","name":"I-68 at WV Line","state":"MD","provider":"Maryland DOT","hls":"https://strmr3.sha.maryland.gov/rtplive/27012035019f007f005dd336c4235c0a/playlist.m3u8","snapshot":null,"refreshMs":30000,"attribution":"Ora (Warner Varnado) · Maryland DOT"}},{"type":"Feature","geometry":{"type":"Point","coordinates":[-76.52,38.303745]},"properties":{"id":"ora-md-475","name":"MD 4 AT THREE NOTCH RD","state":"MD","provider":"Maryland DOT","hls":"https://strmr3.sha.maryland.gov/rtplive/2300b7fb0096000b0053fa36c4235c0a/playlist.m3u8","snapshot":null,"refreshMs":30000,"attribution":"Ora (Warner Varnado) · Maryland DOT"}},{"type":"Feature","geometry":{"type":"Point","coordinates":[-77.04273,39.01569]},"properties":{"id":"ora-md-476","name":"Forest Glen Rd (MD 192) at Georgia Ave (MD 97)(CAM 27)","state":"MD","provider":"Maryland DOT","hls":"https://strmr5.sha.maryland.gov/rtplive/410175d201220075004d823633235daa/playlist.m3u8","snapshot":null,"refreshMs":30000,"attribution":"Ora (Warner Varnado) · Maryland DOT"}},{"type":"Feature","geometry":{"type":"Point","coordinates":[-76.873055,39.115414]},"properties":{"id":"ora-md-477","name":"RWIS I-95 AT PATUXENT RIVER","state":"MD","provider":"Maryland DOT","hls":"https://strmr3.sha.maryland.gov/rtplive/0301bd3e006700d40050fa36c4235c0a/playlist.m3u8","snapshot":null,"refreshMs":30000,"attribution":"Ora (Warner Varnado) · Maryland DOT"}},{"type":"Feature","geometry":{"type":"Point","coordinates":[-77.0268,38.9902]},"properties":{"id":"ora-md-478","name":"Georgia Ave (US 29) at Sligo Ave (CAM 181)","state":"MD","provider":"Maryland DOT","hls":"https://strmr5.sha.maryland.gov/rtplive/0601f50e012b0075004d823633235daa/playlist.m3u8","snapshot":null,"refreshMs":30000,"attribution":"Ora (Warner Varnado) · Maryland DOT"}},{"type":"Feature","geometry":{"type":"Point","coordinates":[-79.4144,39.66237]},"properties":{"id":"ora-md-479","name":"I-68 at Exit 4 MD 42 Friendsville Rd","state":"MD","provider":"Maryland DOT","hls":"https://strmr3.sha.maryland.gov/rtplive/1d01f5fa004e002e005cd336c4235c0a/playlist.m3u8","snapshot":null,"refreshMs":30000,"attribution":"Ora (Warner Varnado) · Maryland DOT"}},{"type":"Feature","geometry":{"type":"Point","coordinates":[-76.39404,39.49218]},"properties":{"id":"ora-md-480","name":"US 1 AT MD 152","state":"MD","provider":"Maryland DOT","hls":"https://strmr5.sha.maryland.gov/rtplive/dbff0b9400bf00580045e2369e235daa/playlist.m3u8","snapshot":null,"refreshMs":30000,"attribution":"Ora (Warner Varnado) · Maryland DOT"}},{"type":"Feature","geometry":{"type":"Point","coordinates":[-76.95254,39.30864]},"properties":{"id":"ora-md-481","name":"I-70 at Ex 80 MD 32","state":"MD","provider":"Maryland DOT","hls":"https://strmr3.sha.maryland.gov/rtplive/3f00aa8100ff0060005fd336c4235c0a/playlist.m3u8","snapshot":null,"refreshMs":30000,"attribution":"Ora (Warner Varnado) · Maryland DOT"}},{"type":"Feature","geometry":{"type":"Point","coordinates":[-77.64032,39.33974]},"properties":{"id":"ora-md-482","name":"US 340 AT MD 17","state":"MD","provider":"Maryland DOT","hls":"https://strmr3.sha.maryland.gov/rtplive/1b00c8e9008000160057fa36c4235c0a/playlist.m3u8","snapshot":null,"refreshMs":30000,"attribution":"Ora (Warner Varnado) · Maryland DOT"}},{"type":"Feature","geometry":{"type":"Point","coordinates":[-76.99837,38.79646]},"properties":{"id":"ora-md-483","name":"MD 210 S of I-95/495","state":"MD","provider":"Maryland DOT","hls":"https://strmr5.sha.maryland.gov/rtplive/58002a1301e70080005dd336c4235c0a/playlist.m3u8","snapshot":null,"refreshMs":30000,"attribution":"Ora (Warner Varnado) · Maryland DOT"}},{"type":"Feature","geometry":{"type":"Point","coordinates":[-78.611595,39.71418]},"properties":{"id":"ora-md-484","name":"I-68 AT STREET RD","state":"MD","provider":"Maryland DOT","hls":"https://strmr3.sha.maryland.gov/rtplive/f300e11b007e00c8005bd336c4235c0a/playlist.m3u8","snapshot":null,"refreshMs":30000,"attribution":"Ora (Warner Varnado) · Maryland DOT"}},{"type":"Feature","geometry":{"type":"Point","coordinates":[-76.730125,39.170704]},"properties":{"id":"ora-md-485","name":"MD 295 AT MD 100","state":"MD","provider":"Maryland DOT","hls":"https://strmr3.sha.maryland.gov/rtplive/6f00b3d600fb00320063d336c4235c0a/playlist.m3u8","snapshot":null,"refreshMs":30000,"attribution":"Ora (Warner Varnado) · Maryland DOT"}},{"type":"Feature","geometry":{"type":"Point","coordinates":[-76.73845,39.211872]},"properties":{"id":"ora-md-486","name":"I-95 AT MONTGOMERY RD","state":"MD","provider":"Maryland DOT","hls":"https://strmr3.sha.maryland.gov/rtplive/6300b79e00f10068005fd336c4235c0a/playlist.m3u8","snapshot":null,"refreshMs":30000,"attribution":"Ora (Warner Varnado) · Maryland DOT"}},{"type":"Feature","geometry":{"type":"Point","coordinates":[-76.49157,39.314762]},"properties":{"id":"ora-md-487","name":"I-695 N OF CHESACO AVE","state":"MD","provider":"Maryland DOT","hls":"https://strmr5.sha.maryland.gov/rtplive/92005bf8019100de0052fa36c4235c0a/playlist.m3u8","snapshot":null,"refreshMs":30000,"attribution":"Ora (Warner Varnado) · Maryland DOT"}},{"type":"Feature","geometry":{"type":"Point","coordinates":[-76.50336,39.296135]},"properties":{"id":"ora-md-488","name":"I-695 AT EASTERN AVE","state":"MD","provider":"Maryland DOT","hls":"https://strmr3.sha.maryland.gov/rtplive/7b0177e600f7006f0062d336c4235c0a/playlist.m3u8","snapshot":null,"refreshMs":30000,"attribution":"Ora (Warner Varnado) · Maryland DOT"}},{"type":"Feature","geometry":{"type":"Point","coordinates":[-76.52976,39.69096]},"properties":{"id":"ora-md-489","name":"MD 23 AT MEADOW TREE DR","state":"MD","provider":"Maryland DOT","hls":"https://strmr3.sha.maryland.gov/rtplive/deffdbfb008f00a2005afa36c4235c0a/playlist.m3u8","snapshot":null,"refreshMs":30000,"attribution":"Ora (Warner Varnado) · Maryland DOT"}},{"type":"Feature","geometry":{"type":"Point","coordinates":[-76.901115,39.145008]},"properties":{"id":"ora-md-490","name":"US 29 S AT MD 216","state":"MD","provider":"Maryland DOT","hls":"https://strmr5.sha.maryland.gov/rtplive/53000a2a002d00cf004ae33696235daa/playlist.m3u8","snapshot":null,"refreshMs":30000,"attribution":"Ora (Warner Varnado) · Maryland DOT"}},{"type":"Feature","geometry":{"type":"Point","coordinates":[-76.85035,38.90696]},"properties":{"id":"ora-md-491","name":"I-95/495 at Ex 16 Medical Ctr Dr","state":"MD","provider":"Maryland DOT","hls":"https://strmr5.sha.maryland.gov/rtplive/4c01b95801f700d700437a45351f0214/playlist.m3u8","snapshot":null,"refreshMs":30000,"attribution":"Ora (Warner Varnado) · Maryland DOT"}},{"type":"Feature","geometry":{"type":"Point","coordinates":[-76.645966,39.152622]},"properties":{"id":"ora-md-492","name":"I-97 AT MD 100","state":"MD","provider":"Maryland DOT","hls":"https://strmr5.sha.maryland.gov/rtplive/bb01295800f700d700437a45351f0214/playlist.m3u8","snapshot":null,"refreshMs":30000,"attribution":"Ora (Warner Varnado) · Maryland DOT"}},{"type":"Feature","geometry":{"type":"Point","coordinates":[-76.51972,39.379154]},"properties":{"id":"ora-md-493","name":"I-695 AT PUTTY HILL AVE","state":"MD","provider":"Maryland DOT","hls":"https://strmr5.sha.maryland.gov/rtplive/dbff12ba0057008d004be2369e235daa/playlist.m3u8","snapshot":null,"refreshMs":30000,"attribution":"Ora (Warner Varnado) · Maryland DOT"}},{"type":"Feature","geometry":{"type":"Point","coordinates":[-76.7392,39.285515]},"properties":{"id":"ora-md-494","name":"I-695 AT US 40 WEST TWR","state":"MD","provider":"Maryland DOT","hls":"https://strmr5.sha.maryland.gov/rtplive/7f0060c300cc00d70063d336c4235c0a/playlist.m3u8","snapshot":null,"refreshMs":30000,"attribution":"Ora (Warner Varnado) · Maryland DOT"}},{"type":"Feature","geometry":{"type":"Point","coordinates":[-76.50495,39.233345]},"properties":{"id":"ora-md-495","name":"I-695 I/L S of Broening Hgwy (C054) MP 46.4","state":"MD","provider":"Maryland DOT","hls":"https://strmr5.sha.maryland.gov/rtplive/83014c5ac47701b8004606363d235daa/playlist.m3u8","snapshot":null,"refreshMs":30000,"attribution":"Ora (Warner Varnado) · Maryland DOT"}},{"type":"Feature","geometry":{"type":"Point","coordinates":[-76.74864,39.36958]},"properties":{"id":"ora-md-496","name":"I-695 AT OLD COURT RD","state":"MD","provider":"Maryland DOT","hls":"https://strmr5.sha.maryland.gov/rtplive/1bff1ca000a6008e004be2369e235daa/playlist.m3u8","snapshot":null,"refreshMs":30000,"attribution":"Ora (Warner Varnado) · Maryland DOT"}},{"type":"Feature","geometry":{"type":"Point","coordinates":[-76.9481,39.0828]},"properties":{"id":"ora-md-497","name":"Briggs Chaney Rd at Columbia Pk (US 29)","state":"MD","provider":"Maryland DOT","hls":"https://strmr3.sha.maryland.gov/rtplive/53011538022d0075004d823633235daa/playlist.m3u8","snapshot":null,"refreshMs":30000,"attribution":"Ora (Warner Varnado) · Maryland DOT"}},{"type":"Feature","geometry":{"type":"Point","coordinates":[-77.00848,38.360527]},"properties":{"id":"ora-md-498","name":"US 301 HWN BRIDGE G15","state":"MD","provider":"Maryland DOT","hls":"https://strmr3.sha.maryland.gov/rtplive/ae00a1b20076002c0063d336c4235c0a/playlist.m3u8","snapshot":null,"refreshMs":30000,"attribution":"Ora (Warner Varnado) · Maryland DOT"}},{"type":"Feature","geometry":{"type":"Point","coordinates":[-75.8473,39.64619]},"properties":{"id":"ora-md-499","name":"I-95 S of Md 213 Singerly Rd (C002) MP 105.9","state":"MD","provider":"Maryland DOT","hls":"https://strmr5.sha.maryland.gov/rtplive/7d015d1d00e10039004606363d235daa/playlist.m3u8","snapshot":null,"refreshMs":30000,"attribution":"Ora (Warner Varnado) · Maryland DOT"}},{"type":"Feature","geometry":{"type":"Point","coordinates":[-76.06053,38.772156]},"properties":{"id":"ora-md-500","name":"US 50 AT MD 331","state":"MD","provider":"Maryland DOT","hls":"https://strmr5.sha.maryland.gov/rtplive/6d0027da0096007b00488436cf235d0a/playlist.m3u8","snapshot":null,"refreshMs":30000,"attribution":"Ora (Warner Varnado) · Maryland DOT"}},{"type":"Feature","geometry":{"type":"Point","coordinates":[-76.93973,39.021988]},"properties":{"id":"ora-md-501","name":"I-95/495 W. OF US 1","state":"MD","provider":"Maryland DOT","hls":"https://strmr5.sha.maryland.gov/rtplive/01026f5800f700d700437a45351f0214/playlist.m3u8","snapshot":null,"refreshMs":30000,"attribution":"Ora (Warner Varnado) · Maryland DOT"}},{"type":"Feature","geometry":{"type":"Point","coordinates":[-75.26963,38.3687]},"properties":{"id":"ora-md-502","name":"US 50 W AT MD 90","state":"MD","provider":"Maryland DOT","hls":"https://strmr3.sha.maryland.gov/rtplive/f100453d0099007b00488436cf235d0a/playlist.m3u8","snapshot":null,"refreshMs":30000,"attribution":"Ora (Warner Varnado) · Maryland DOT"}},{"type":"Feature","geometry":{"type":"Point","coordinates":[-76.63245,39.202267]},"properties":{"id":"ora-md-503","name":"I-695 AT I-97","state":"MD","provider":"Maryland DOT","hls":"https://strmr5.sha.maryland.gov/rtplive/a4000d3801b500f7005cd336c4235c0a/playlist.m3u8","snapshot":null,"refreshMs":30000,"attribution":"Ora (Warner Varnado) · Maryland DOT"}},{"type":"Feature","geometry":{"type":"Point","coordinates":[-76.6787,39.250237]},"properties":{"id":"ora-md-504","name":"I-95 AT I-695 SW","state":"MD","provider":"Maryland DOT","hls":"https://strmr5.sha.maryland.gov/rtplive/ca01375801f700d700437a45351f0214/playlist.m3u8","snapshot":null,"refreshMs":30000,"attribution":"Ora (Warner Varnado) · Maryland DOT"}},{"type":"Feature","geometry":{"type":"Point","coordinates":[-76.74389,39.305725]},"properties":{"id":"ora-md-505","name":"I-695 AT I-70","state":"MD","provider":"Maryland DOT","hls":"https://strmr5.sha.maryland.gov/rtplive/3801a65800f700d700437a45351f0214/playlist.m3u8","snapshot":null,"refreshMs":30000,"attribution":"Ora (Warner Varnado) · Maryland DOT"}},{"type":"Feature","geometry":{"type":"Point","coordinates":[-76.063286,38.935642]},"properties":{"id":"ora-md-506","name":"US 50 AT MD 404 WYE MILLS TWR","state":"MD","provider":"Maryland DOT","hls":"https://strmr5.sha.maryland.gov/rtplive/2f0013b20094007b00488436cf235d0a/playlist.m3u8","snapshot":null,"refreshMs":30000,"attribution":"Ora (Warner Varnado) · Maryland DOT"}},{"type":"Feature","geometry":{"type":"Point","coordinates":[-76.16369,39.509468]},"properties":{"id":"ora-md-507","name":"US 40 AT MD 132","state":"MD","provider":"Maryland DOT","hls":"https://strmr5.sha.maryland.gov/rtplive/20008c9300c10058004506363d235daa/playlist.m3u8","snapshot":null,"refreshMs":30000,"attribution":"Ora (Warner Varnado) · Maryland DOT"}},{"type":"Feature","geometry":{"type":"Point","coordinates":[-76.84559,39.14353]},"properties":{"id":"ora-md-508","name":"I-95 SOUTH AT I-95 SOUTH WELCOME CENTER","state":"MD","provider":"Maryland DOT","hls":"https://strmr3.sha.maryland.gov/rtplive/7a015f47005800c40062d336c4235c0a/playlist.m3u8","snapshot":null,"refreshMs":30000,"attribution":"Ora (Warner Varnado) · Maryland DOT"}},{"type":"Feature","geometry":{"type":"Point","coordinates":[-76.62029,39.413025]},"properties":{"id":"ora-md-509","name":"I-695 W. OF YORK RD","state":"MD","provider":"Maryland DOT","hls":"https://strmr5.sha.maryland.gov/rtplive/9cff12c400ef00ac004be2369e235daa/playlist.m3u8","snapshot":null,"refreshMs":30000,"attribution":"Ora (Warner Varnado) · Maryland DOT"}},{"type":"Feature","geometry":{"type":"Point","coordinates":[-76.19398,39.52459]},"properties":{"id":"ora-md-510","name":"I-95 S of Md 22 (C015) MP 84.4","state":"MD","provider":"Maryland DOT","hls":"https://strmr5.sha.maryland.gov/rtplive/d100b31600e60039004606363d235daa/playlist.m3u8","snapshot":null,"refreshMs":30000,"attribution":"Ora (Warner Varnado) · Maryland DOT"}},{"type":"Feature","geometry":{"type":"Point","coordinates":[-77.07901,39.1194]},"properties":{"id":"ora-md-511","name":"ICC MD 200 WB W OF MD 97, MM 8.0 (C212)","state":"MD","provider":"Maryland DOT","hls":"https://strmr5.sha.maryland.gov/rtplive/8201404900b00059004d06363d235daa/playlist.m3u8","snapshot":null,"refreshMs":30000,"attribution":"Ora (Warner Varnado) · Maryland DOT"}},{"type":"Feature","geometry":{"type":"Point","coordinates":[-76.701096,39.21821]},"properties":{"id":"ora-md-512","name":"I-895 E of Wash Blvd (C044) MP 1.4","state":"MD","provider":"Maryland DOT","hls":"https://strmr5.sha.maryland.gov/rtplive/5800ec93c37401b8004606363d235daa/playlist.m3u8","snapshot":null,"refreshMs":30000,"attribution":"Ora (Warner Varnado) · Maryland DOT"}},{"type":"Feature","geometry":{"type":"Point","coordinates":[-76.96277,39.06251]},"properties":{"id":"ora-md-513","name":"Columbia Pk (US 29) at Randolph Rd","state":"MD","provider":"Maryland DOT","hls":"https://strmr5.sha.maryland.gov/rtplive/790175d402570075004d823633235daa/playlist.m3u8","snapshot":null,"refreshMs":30000,"attribution":"Ora (Warner Varnado) · Maryland DOT"}},{"type":"Feature","geometry":{"type":"Point","coordinates":[-76.49405,38.291416]},"properties":{"id":"ora-md-514","name":"MD 235 AT CHANCELLORS RUN RD","state":"MD","provider":"Maryland DOT","hls":"https://strmr3.sha.maryland.gov/rtplive/4c00dc0e008b00070053fa36c4235c0a/playlist.m3u8","snapshot":null,"refreshMs":30000,"attribution":"Ora (Warner Varnado) · Maryland DOT"}},{"type":"Feature","geometry":{"type":"Point","coordinates":[-77.02202,38.802456]},"properties":{"id":"ora-md-515","name":"I-295 N. OF I-495","state":"MD","provider":"Maryland DOT","hls":"https://strmr5.sha.maryland.gov/rtplive/8c00118a004b00a0004e3536c4235c0a/playlist.m3u8","snapshot":null,"refreshMs":30000,"attribution":"Ora (Warner Varnado) · Maryland DOT"}},{"type":"Feature","geometry":{"type":"Point","coordinates":[-76.955826,39.079296]},"properties":{"id":"ora-md-516","name":"ICC MD 200 EB W OF US 29 MM 15.8 (C221)","state":"MD","provider":"Maryland DOT","hls":"https://strmr5.sha.maryland.gov/rtplive/6c017914001e00bd004e3336c4235c0a/playlist.m3u8","snapshot":null,"refreshMs":30000,"attribution":"Ora (Warner Varnado) · Maryland DOT"}},{"type":"Feature","geometry":{"type":"Point","coordinates":[-75.82841,38.494957]},"properties":{"id":"ora-md-517","name":"RWIS US 50 AT MD 331","state":"MD","provider":"Maryland DOT","hls":"https://strmr3.sha.maryland.gov/rtplive/08017dc400cc003b006ad336c4235c0a/playlist.m3u8","snapshot":null,"refreshMs":30000,"attribution":"Ora (Warner Varnado) · Maryland DOT"}},{"type":"Feature","geometry":{"type":"Point","coordinates":[-77.01428,38.786407]},"properties":{"id":"ora-md-518","name":"National Harbor at Waterfront","state":"MD","provider":"Maryland DOT","hls":"https://strmr10.sha.maryland.gov/rtplive/a70006f700e700af004502366d235daa/playlist.m3u8","snapshot":null,"refreshMs":30000,"attribution":"Ora (Warner Varnado) · Maryland DOT"}},{"type":"Feature","geometry":{"type":"Point","coordinates":[-76.40881,39.01575]},"properties":{"id":"ora-md-519","name":"C-500.3A US 50 EB, East of Exit 32 , Oceanic Drive, Near Gate ER1, MM 32","state":"MD","provider":"Maryland DOT","hls":"https://strmr5.sha.maryland.gov/rtplive/a30072ac00a600250064d336c4235c0a/playlist.m3u8","snapshot":null,"refreshMs":30000,"attribution":"Ora (Warner Varnado) · Maryland DOT"}},{"type":"Feature","geometry":{"type":"Point","coordinates":[-76.84265,38.91809]},"properties":{"id":"ora-md-520","name":"RUBY LOCKHART AT ST. JOSEPH'S DR","state":"MD","provider":"Maryland DOT","hls":"https://strmr10.sha.maryland.gov/rtplive/b300be2300a4005c0055fa36c4235c0a/playlist.m3u8","snapshot":null,"refreshMs":30000,"attribution":"Ora (Warner Varnado) · Maryland DOT"}},{"type":"Feature","geometry":{"type":"Point","coordinates":[-76.85636,38.872536]},"properties":{"id":"ora-md-521","name":"Ritchie at Walker Mill Rd","state":"MD","provider":"Maryland DOT","hls":"https://strmr10.sha.maryland.gov/rtplive/7e01eb5801f700d700437a45351f0214/playlist.m3u8","snapshot":null,"refreshMs":30000,"attribution":"Ora (Warner Varnado) · Maryland DOT"}},{"type":"Feature","geometry":{"type":"Point","coordinates":[-76.82976,39.15887]},"properties":{"id":"ora-md-522","name":"I-95 SB AT MD 32","state":"MD","provider":"Maryland DOT","hls":"https://strmr5.sha.maryland.gov/rtplive/ed015b5800f700d700437a45351f0214/playlist.m3u8","snapshot":null,"refreshMs":30000,"attribution":"Ora (Warner Varnado) · Maryland DOT"}},{"type":"Feature","geometry":{"type":"Point","coordinates":[-76.43334,39.02494]},"properties":{"id":"ora-md-523","name":"C-500.1A US 50 WB, Near Exit 30 Whitehall Rd, West of G-2, MM 30","state":"MD","provider":"Maryland DOT","hls":"https://strmr5.sha.maryland.gov/rtplive/970062be00a1001c0064d336c4235c0a/playlist.m3u8","snapshot":null,"refreshMs":30000,"attribution":"Ora (Warner Varnado) · Maryland DOT"}},{"type":"Feature","geometry":{"type":"Point","coordinates":[-76.658485,39.218857]},"properties":{"id":"ora-md-524","name":"I-695 AT BALTIMORE WASHINGTON PKWY","state":"MD","provider":"Maryland DOT","hls":"https://strmr5.sha.maryland.gov/rtplive/ac00e19000770012005cd336c4235c0a/playlist.m3u8","snapshot":null,"refreshMs":30000,"attribution":"Ora (Warner Varnado) · Maryland DOT"}},{"type":"Feature","geometry":{"type":"Point","coordinates":[-76.70024,39.22279]},"properties":{"id":"ora-md-525","name":"US 1 AT I-195 W RAMP","state":"MD","provider":"Maryland DOT","hls":"https://strmr5.sha.maryland.gov/rtplive/b00067a600a300460064d336c4235c0a/playlist.m3u8","snapshot":null,"refreshMs":30000,"attribution":"Ora (Warner Varnado) · Maryland DOT"}},{"type":"Feature","geometry":{"type":"Point","coordinates":[-77.09561,39.01543]},"properties":{"id":"ora-md-526","name":"I-495 E. of I-270","state":"MD","provider":"Maryland DOT","hls":"https://strmr5.sha.maryland.gov/rtplive/b3011c5701440048005dd336c4235c0a/playlist.m3u8","snapshot":null,"refreshMs":30000,"attribution":"Ora (Warner Varnado) · Maryland DOT"}},{"type":"Feature","geometry":{"type":"Point","coordinates":[-76.941795,39.20795]},"properties":{"id":"ora-md-527","name":"MD 32 AT CLARKSVILLE PIKE","state":"MD","provider":"Maryland DOT","hls":"https://strmr3.sha.maryland.gov/rtplive/5401f061001c0033005ed336c4235c0a/playlist.m3u8","snapshot":null,"refreshMs":30000,"attribution":"Ora (Warner Varnado) · Maryland DOT"}},{"type":"Feature","geometry":{"type":"Point","coordinates":[-76.98768,39.08987]},"properties":{"id":"ora-md-528","name":"ICC MD 200 WB E OF 650 NEW HAMPSHIRE AVE MM 13.9 (C219)","state":"MD","provider":"Maryland DOT","hls":"https://strmr5.sha.maryland.gov/rtplive/a800b113002300bd004e3336c4235c0a/playlist.m3u8","snapshot":null,"refreshMs":30000,"attribution":"Ora (Warner Varnado) · Maryland DOT"}},{"type":"Feature","geometry":{"type":"Point","coordinates":[-78.567955,39.70553]},"properties":{"id":"ora-md-529","name":"I-68 at Exit 56 Black Valley Rd","state":"MD","provider":"Maryland DOT","hls":"https://strmr3.sha.maryland.gov/rtplive/2b015c7201f700b2005dd336c4235c0a/playlist.m3u8","snapshot":null,"refreshMs":30000,"attribution":"Ora (Warner Varnado) · Maryland DOT"}},{"type":"Feature","geometry":{"type":"Point","coordinates":[-76.07839,38.954533]},"properties":{"id":"ora-md-530","name":"US 50 AT MD 213","state":"MD","provider":"Maryland DOT","hls":"https://strmr3.sha.maryland.gov/rtplive/37015d48002900b20061d336c4235c0a/playlist.m3u8","snapshot":null,"refreshMs":30000,"attribution":"Ora (Warner Varnado) · Maryland DOT"}},{"type":"Feature","geometry":{"type":"Point","coordinates":[-76.65225,39.657272]},"properties":{"id":"ora-md-531","name":"I-83 at EX 33 MD 45 York Rd","state":"MD","provider":"Maryland DOT","hls":"https://strmr5.sha.maryland.gov/rtplive/d30012d701bb007b005dd336c4235c0a/playlist.m3u8","snapshot":null,"refreshMs":30000,"attribution":"Ora (Warner Varnado) · Maryland DOT"}},{"type":"Feature","geometry":{"type":"Point","coordinates":[-76.77053,38.945263]},"properties":{"id":"ora-md-532","name":"US 50 AT CHURCH RD","state":"MD","provider":"Maryland DOT","hls":"https://strmr3.sha.maryland.gov/rtplive/ac016133026300e50051fa36c4235c0a/playlist.m3u8","snapshot":null,"refreshMs":30000,"attribution":"Ora (Warner Varnado) · Maryland DOT"}},{"type":"Feature","geometry":{"type":"Point","coordinates":[-76.09715,39.58487]},"properties":{"id":"ora-md-533","name":"I-95 N of Tydings Br (C010) MP 91.3","state":"MD","provider":"Maryland DOT","hls":"https://strmr5.sha.maryland.gov/rtplive/7d0095e200e40039004606363d235daa/playlist.m3u8","snapshot":null,"refreshMs":30000,"attribution":"Ora (Warner Varnado) · Maryland DOT"}},{"type":"Feature","geometry":{"type":"Point","coordinates":[-76.6312,39.268795]},"properties":{"id":"ora-md-534","name":"I-95 N AT EXIT 53 (C030) MM 52.3","state":"MD","provider":"Maryland DOT","hls":"https://strmr5.sha.maryland.gov/rtplive/3e016827019000e300441a366e230214/playlist.m3u8","snapshot":null,"refreshMs":30000,"attribution":"Ora (Warner Varnado) · Maryland DOT"}},{"type":"Feature","geometry":{"type":"Point","coordinates":[-76.723656,39.2718]},"properties":{"id":"ora-md-535","name":"I-695 AT MD 144 FREDERICK RD","state":"MD","provider":"Maryland DOT","hls":"https://strmr5.sha.maryland.gov/rtplive/300027c9002700ba004a823633235daa/playlist.m3u8","snapshot":null,"refreshMs":30000,"attribution":"Ora (Warner Varnado) · Maryland DOT"}},{"type":"Feature","geometry":{"type":"Point","coordinates":[-76.53011,39.38831]},"properties":{"id":"ora-md-536","name":"I-695 AT HARFORD RD","state":"MD","provider":"Maryland DOT","hls":"https://strmr5.sha.maryland.gov/rtplive/6001ce5800f700d700437a45351f0214/playlist.m3u8","snapshot":null,"refreshMs":30000,"attribution":"Ora (Warner Varnado) · Maryland DOT"}},{"type":"Feature","geometry":{"type":"Point","coordinates":[-77.78569,39.616608]},"properties":{"id":"ora-md-537","name":"RWIS I-70 at I-81","state":"MD","provider":"Maryland DOT","hls":"https://strmr3.sha.maryland.gov/rtplive/90ffa4d300a100ab0050fa36c4235c0a/playlist.m3u8","snapshot":null,"refreshMs":30000,"attribution":"Ora (Warner Varnado) · Maryland DOT"}},{"type":"Feature","geometry":{"type":"Point","coordinates":[-77.017,39.01564]},"properties":{"id":"ora-md-538","name":"I-495 AT US 29","state":"MD","provider":"Maryland DOT","hls":"https://strmr3.sha.maryland.gov/rtplive/e2006fd8004600a0005fd336c4235c0a/playlist.m3u8","snapshot":null,"refreshMs":30000,"attribution":"Ora (Warner Varnado) · Maryland DOT"}},{"type":"Feature","geometry":{"type":"Point","coordinates":[-76.335106,38.982216]},"properties":{"id":"ora-md-539","name":"WPL C514 at Gantry S-24 MP 36.6","state":"MD","provider":"Maryland DOT","hls":"https://strmr3.sha.maryland.gov/rtplive/a500ddf12e87001c00503336c4235c0a/playlist.m3u8","snapshot":null,"refreshMs":30000,"attribution":"Ora (Warner Varnado) · Maryland DOT"}},{"type":"Feature","geometry":{"type":"Point","coordinates":[-76.32882,38.98093]},"properties":{"id":"ora-md-540","name":"WPL C-515 at Gantry N-27","state":"MD","provider":"Maryland DOT","hls":"https://strmr3.sha.maryland.gov/rtplive/1a0166eb003700d90063d336c4235c0a/playlist.m3u8","snapshot":null,"refreshMs":30000,"attribution":"Ora (Warner Varnado) · Maryland DOT"}},{"type":"Feature","geometry":{"type":"Point","coordinates":[-78.954475,39.656704]},"properties":{"id":"ora-md-541","name":"RWIS I-68 AT SAVAGE MT","state":"MD","provider":"Maryland DOT","hls":"https://strmr3.sha.maryland.gov/rtplive/faff984a00a000ab0050fa36c4235c0a/playlist.m3u8","snapshot":null,"refreshMs":30000,"attribution":"Ora (Warner Varnado) · Maryland DOT"}},{"type":"Feature","geometry":{"type":"Point","coordinates":[-77.01893,38.35889]},"properties":{"id":"ora-md-542","name":"US 301 HWN BRIDGE G18","state":"MD","provider":"Maryland DOT","hls":"https://strmr3.sha.maryland.gov/rtplive/49017e8f006000230063d336c4235c0a/playlist.m3u8","snapshot":null,"refreshMs":30000,"attribution":"Ora (Warner Varnado) · Maryland DOT"}},{"type":"Feature","geometry":{"type":"Point","coordinates":[-77.01252,39.14924]},"properties":{"id":"ora-md-543","name":"Ashton Rd (MD 108) at New Hampshire Ave (MD 650)","state":"MD","provider":"Maryland DOT","hls":"https://strmr5.sha.maryland.gov/rtplive/27014de201200075004d823633235daa/playlist.m3u8","snapshot":null,"refreshMs":30000,"attribution":"Ora (Warner Varnado) · Maryland DOT"}},{"type":"Feature","geometry":{"type":"Point","coordinates":[-77.1626,39.130154]},"properties":{"id":"ora-md-544","name":"I-370 / Shady Grove Metro & Shady Grove Rd (CAM 61)","state":"MD","provider":"Maryland DOT","hls":"https://strmr5.sha.maryland.gov/rtplive/e900b1fe02610075004d823633235daa/playlist.m3u8","snapshot":null,"refreshMs":30000,"attribution":"Ora (Warner Varnado) · Maryland DOT"}},{"type":"Feature","geometry":{"type":"Point","coordinates":[-78.11915,39.68799]},"properties":{"id":"ora-md-545","name":"I-70 at Mile Marker 5","state":"MD","provider":"Maryland DOT","hls":"https://strmr3.sha.maryland.gov/rtplive/1501f440007600b8005dd336c4235c0a/playlist.m3u8","snapshot":null,"refreshMs":30000,"attribution":"Ora (Warner Varnado) · Maryland DOT"}},{"type":"Feature","geometry":{"type":"Point","coordinates":[-77.26338,39.197594]},"properties":{"id":"ora-md-546","name":"I-270 AT Father Hurley Blvd (CAM 134)","state":"MD","provider":"Maryland DOT","hls":"https://strmr5.sha.maryland.gov/rtplive/47010d4f01130075004d823633235daa/playlist.m3u8","snapshot":null,"refreshMs":30000,"attribution":"Ora (Warner Varnado) · Maryland DOT"}},{"type":"Feature","geometry":{"type":"Point","coordinates":[-77.002205,39.07556]},"properties":{"id":"ora-md-547","name":"New Hampshire Ave (MD 650) & Randolph Rd (CAM 51)","state":"MD","provider":"Maryland DOT","hls":"https://strmr5.sha.maryland.gov/rtplive/5e0089a0025c0075004d823633235daa/playlist.m3u8","snapshot":null,"refreshMs":30000,"attribution":"Ora (Warner Varnado) · Maryland DOT"}},{"type":"Feature","geometry":{"type":"Point","coordinates":[-76.3138,39.45473]},"properties":{"id":"ora-md-548","name":"I-95 S of Exit 77A MD 24 (C019) MM 76.3","state":"MD","provider":"Maryland DOT","hls":"https://strmr5.sha.maryland.gov/rtplive/aa00c7da00e70039004606363d235daa/playlist.m3u8","snapshot":null,"refreshMs":30000,"attribution":"Ora (Warner Varnado) · Maryland DOT"}},{"type":"Feature","geometry":{"type":"Point","coordinates":[-76.6148,39.23916]},"properties":{"id":"ora-md-549","name":"I-895 at Potee Street (C048) MM 6.7","state":"MD","provider":"Maryland DOT","hls":"https://strmr5.sha.maryland.gov/rtplive/fa011d4100680049004806363d235daa/playlist.m3u8","snapshot":null,"refreshMs":30000,"attribution":"Ora (Warner Varnado) · Maryland DOT"}},{"type":"Feature","geometry":{"type":"Point","coordinates":[-77.7853,39.61655]},"properties":{"id":"ora-md-550","name":"I-70 at Ex 26 I-81","state":"MD","provider":"Maryland DOT","hls":"https://strmr3.sha.maryland.gov/rtplive/f100e6020016001c005afa36c4235c0a/playlist.m3u8","snapshot":null,"refreshMs":30000,"attribution":"Ora (Warner Varnado) · Maryland DOT"}},{"type":"Feature","geometry":{"type":"Point","coordinates":[-76.408195,39.47516]},"properties":{"id":"ora-md-551","name":"RWIS US 1 AT BALTIMORE/HARFORD COUNTY LINE","state":"MD","provider":"Maryland DOT","hls":"https://strmr3.sha.maryland.gov/rtplive/6300e3d800cf000b0051fa36c4235c0a/playlist.m3u8","snapshot":null,"refreshMs":30000,"attribution":"Ora (Warner Varnado) · Maryland DOT"}},{"type":"Feature","geometry":{"type":"Point","coordinates":[-76.83975,39.05668]},"properties":{"id":"ora-md-552","name":"MD 295 SOUTH AT MD 197","state":"MD","provider":"Maryland DOT","hls":"https://strmr3.sha.maryland.gov/rtplive/f1ff17ec018300940059fa36c4235c0a/playlist.m3u8","snapshot":null,"refreshMs":30000,"attribution":"Ora (Warner Varnado) · Maryland DOT"}}]}