{"type":"FeatureCollection","features":[{"type":"Feature","geometry":{"type":"Point","coordinates":[-83.04479,42.491304]},"properties":{"id":"ora-mi-0","name":"11 Mile @ Mound NB","state":"MI","provider":"Michigan DOT","hls":null,"snapshot":"https://micamerasimages.net/thumbs/semtoc_cam_253.flv.jpg","refreshMs":30000,"attribution":"Ora (Warner Varnado) · Michigan DOT"}},{"type":"Feature","geometry":{"type":"Point","coordinates":[-83.04671,42.491267]},"properties":{"id":"ora-mi-1","name":"11 Mile @ Mound SB","state":"MI","provider":"Michigan DOT","hls":null,"snapshot":"https://micamerasimages.net/thumbs/semtoc_cam_252.flv.jpg","refreshMs":30000,"attribution":"Ora (Warner Varnado) · Michigan DOT"}},{"type":"Feature","geometry":{"type":"Point","coordinates":[-85.6646,42.8841]},"properties":{"id":"ora-mi-2","name":"44th Street @ Division Ave","state":"MI","provider":"Michigan DOT","hls":null,"snapshot":"https://micamerasimages.net/thumbs/grand_cam_036.flv.jpg","refreshMs":30000,"attribution":"Ora (Warner Varnado) · Michigan DOT"}},{"type":"Feature","geometry":{"type":"Point","coordinates":[-84.353594,46.48075]},"properties":{"id":"ora-mi-3","name":"Ashmun St. @ 12th Ave","state":"MI","provider":"Michigan DOT","hls":null,"snapshot":"https://mdotjboss.state.mi.us/docs/drive/camfiles/rwis/756.jpg","refreshMs":30000,"attribution":"Ora (Warner Varnado) · Michigan DOT"}},{"type":"Feature","geometry":{"type":"Point","coordinates":[-83.087115,42.534982]},"properties":{"id":"ora-mi-4","name":"Dequindre Rd @  14 MILE","state":"MI","provider":"Michigan DOT","hls":null,"snapshot":"https://micamerasimages.net/thumbs/semtoc_cam_335.flv.jpg","refreshMs":30000,"attribution":"Ora (Warner Varnado) · Michigan DOT"}},{"type":"Feature","geometry":{"type":"Point","coordinates":[-83.045246,42.334996]},"properties":{"id":"ora-mi-5","name":"Gratiot @  Randolph","state":"MI","provider":"Michigan DOT","hls":null,"snapshot":"https://micamerasimages.net/thumbs/semtoc_cam_324.flv.jpg","refreshMs":30000,"attribution":"Ora (Warner Varnado) · Michigan DOT"}},{"type":"Feature","geometry":{"type":"Point","coordinates":[-86.37902,42.17893]},"properties":{"id":"ora-mi-6","name":"I-196 @ Coloma","state":"MI","provider":"Michigan DOT","hls":null,"snapshot":"https://micamerasimages.net/thumbs/internet_cam_191.flv.jpg","refreshMs":30000,"attribution":"Ora (Warner Varnado) · Michigan DOT"}},{"type":"Feature","geometry":{"type":"Point","coordinates":[-86.25105,42.40456]},"properties":{"id":"ora-mi-7","name":"I-196 @ Phoenix Road","state":"MI","provider":"Michigan DOT","hls":null,"snapshot":"https://mdotjboss.state.mi.us/docs/drive/camfiles/rwis/2332.jpg","refreshMs":30000,"attribution":"Ora (Warner Varnado) · Michigan DOT"}},{"type":"Feature","geometry":{"type":"Point","coordinates":[-86.21818,42.50376]},"properties":{"id":"ora-mi-8","name":"I-196 @ Glenn Rest Area","state":"MI","provider":"Michigan DOT","hls":null,"snapshot":"https://micamerasimages.net/thumbs/internet_cam_204.flv.jpg","refreshMs":30000,"attribution":"Ora (Warner Varnado) · Michigan DOT"}},{"type":"Feature","geometry":{"type":"Point","coordinates":[-86.21522,42.5932]},"properties":{"id":"ora-mi-9","name":"I-196 @ M89","state":"MI","provider":"Michigan DOT","hls":null,"snapshot":"https://micamerasimages.net/thumbs/internet_cam_205.flv.jpg","refreshMs":30000,"attribution":"Ora (Warner Varnado) · Michigan DOT"}},{"type":"Feature","geometry":{"type":"Point","coordinates":[-86.18849,42.645184]},"properties":{"id":"ora-mi-10","name":"I-196 @ Kalamazoo River","state":"MI","provider":"Michigan DOT","hls":null,"snapshot":"https://micamerasimages.net/thumbs/internet_cam_119.flv.jpg","refreshMs":30000,"attribution":"Ora (Warner Varnado) · Michigan DOT"}},{"type":"Feature","geometry":{"type":"Point","coordinates":[-86.166291,42.705909]},"properties":{"id":"ora-mi-11","name":"I-196 @ Saugatuck Rest Area","state":"MI","provider":"Michigan DOT","hls":null,"snapshot":"https://micamerasimages.net/thumbs/internet_cam_108.flv.jpg","refreshMs":30000,"attribution":"Ora (Warner Varnado) · Michigan DOT"}},{"type":"Feature","geometry":{"type":"Point","coordinates":[-86.13673,42.7344]},"properties":{"id":"ora-mi-12","name":"I-196 @ 60th St","state":"MI","provider":"Michigan DOT","hls":null,"snapshot":"https://micamerasimages.net/thumbs/internet_cam_207.flv.jpg","refreshMs":30000,"attribution":"Ora (Warner Varnado) · Michigan DOT"}},{"type":"Feature","geometry":{"type":"Point","coordinates":[-86.07117,42.74398]},"properties":{"id":"ora-mi-13","name":"I-196 @ M40","state":"MI","provider":"Michigan DOT","hls":null,"snapshot":"https://micamerasimages.net/thumbs/internet_cam_208.flv.jpg","refreshMs":30000,"attribution":"Ora (Warner Varnado) · Michigan DOT"}},{"type":"Feature","geometry":{"type":"Point","coordinates":[-85.981184,42.812728]},"properties":{"id":"ora-mi-14","name":"I-196 @ Byron Rd","state":"MI","provider":"Michigan DOT","hls":null,"snapshot":"https://micamerasimages.net/thumbs/internet_cam_154.flv.jpg","refreshMs":30000,"attribution":"Ora (Warner Varnado) · Michigan DOT"}},{"type":"Feature","geometry":{"type":"Point","coordinates":[-85.92903,42.82397]},"properties":{"id":"ora-mi-15","name":"I-196 @ Zeeland Rest Area","state":"MI","provider":"Michigan DOT","hls":null,"snapshot":"https://micamerasimages.net/thumbs/internet_cam_209.flv.jpg","refreshMs":30000,"attribution":"Ora (Warner Varnado) · Michigan DOT"}},{"type":"Feature","geometry":{"type":"Point","coordinates":[-85.859676,42.848323]},"properties":{"id":"ora-mi-16","name":"I-196 @ 32nd Ave","state":"MI","provider":"Michigan DOT","hls":null,"snapshot":"https://micamerasimages.net/thumbs/grand_cam_037.flv.jpg","refreshMs":30000,"attribution":"Ora (Warner Varnado) · Michigan DOT"}},{"type":"Feature","geometry":{"type":"Point","coordinates":[-85.817254,42.8629]},"properties":{"id":"ora-mi-17","name":"I-196 @ M6 Entr Ramp","state":"MI","provider":"Michigan DOT","hls":null,"snapshot":"https://micamerasimages.net/thumbs/grand_cam_093.flv.jpg","refreshMs":30000,"attribution":"Ora (Warner Varnado) · Michigan DOT"}},{"type":"Feature","geometry":{"type":"Point","coordinates":[-85.81729,42.8627]},"properties":{"id":"ora-mi-18","name":"I-196 @ M6 Entr Ramp 2","state":"MI","provider":"Michigan DOT","hls":null,"snapshot":"https://micamerasimages.net/thumbs/grand_cam_094.flv.jpg","refreshMs":30000,"attribution":"Ora (Warner Varnado) · Michigan DOT"}},{"type":"Feature","geometry":{"type":"Point","coordinates":[-85.794311,42.868981]},"properties":{"id":"ora-mi-19","name":"I-196 @ 8th Ave","state":"MI","provider":"Michigan DOT","hls":null,"snapshot":"https://micamerasimages.net/thumbs/grand_cam_092.flv.jpg","refreshMs":30000,"attribution":"Ora (Warner Varnado) · Michigan DOT"}},{"type":"Feature","geometry":{"type":"Point","coordinates":[-85.77623,42.88481]},"properties":{"id":"ora-mi-20","name":"I-196 @ 44th St","state":"MI","provider":"Michigan DOT","hls":null,"snapshot":"https://micamerasimages.net/thumbs/grand_cam_001.flv.jpg","refreshMs":30000,"attribution":"Ora (Warner Varnado) · Michigan DOT"}},{"type":"Feature","geometry":{"type":"Point","coordinates":[-85.781,42.9038]},"properties":{"id":"ora-mi-21","name":"I-196 @ Chicago Dr","state":"MI","provider":"Michigan DOT","hls":null,"snapshot":"https://micamerasimages.net/thumbs/grand_cam_008.flv.jpg","refreshMs":30000,"attribution":"Ora (Warner Varnado) · Michigan DOT"}},{"type":"Feature","geometry":{"type":"Point","coordinates":[-85.7658,42.9138]},"properties":{"id":"ora-mi-22","name":"I-196 @ M-11","state":"MI","provider":"Michigan DOT","hls":null,"snapshot":"https://micamerasimages.net/thumbs/grand_cam_041.flv.jpg","refreshMs":30000,"attribution":"Ora (Warner Varnado) · Michigan DOT"}},{"type":"Feature","geometry":{"type":"Point","coordinates":[-85.7445,42.9275]},"properties":{"id":"ora-mi-23","name":"I-196 @ Kent Trails","state":"MI","provider":"Michigan DOT","hls":null,"snapshot":"https://micamerasimages.net/thumbs/grand_cam_022.flv.jpg","refreshMs":30000,"attribution":"Ora (Warner Varnado) · Michigan DOT"}},{"type":"Feature","geometry":{"type":"Point","coordinates":[-85.724,42.934]},"properties":{"id":"ora-mi-24","name":"I-196 @ BS I-196 (Chicago Dr)","state":"MI","provider":"Michigan DOT","hls":null,"snapshot":"https://micamerasimages.net/thumbs/grand_cam_058.flv.jpg","refreshMs":30000,"attribution":"Ora (Warner Varnado) · Michigan DOT"}},{"type":"Feature","geometry":{"type":"Point","coordinates":[-85.70544,42.953987]},"properties":{"id":"ora-mi-25","name":"I-196 @ Butterworth St South","state":"MI","provider":"Michigan DOT","hls":null,"snapshot":"https://micamerasimages.net/thumbs/grand_cam_098.flv.jpg","refreshMs":30000,"attribution":"Ora (Warner Varnado) · Michigan DOT"}},{"type":"Feature","geometry":{"type":"Point","coordinates":[-85.70608,42.957363]},"properties":{"id":"ora-mi-26","name":"I-196 @ Butterworth St North","state":"MI","provider":"Michigan DOT","hls":null,"snapshot":"https://micamerasimages.net/thumbs/grand_cam_097.flv.jpg","refreshMs":30000,"attribution":"Ora (Warner Varnado) · Michigan DOT"}},{"type":"Feature","geometry":{"type":"Point","coordinates":[-85.7086,42.9653]},"properties":{"id":"ora-mi-27","name":"I-196 @ M-45","state":"MI","provider":"Michigan DOT","hls":null,"snapshot":"https://micamerasimages.net/thumbs/grand_cam_054.flv.jpg","refreshMs":30000,"attribution":"Ora (Warner Varnado) · Michigan DOT"}},{"type":"Feature","geometry":{"type":"Point","coordinates":[-85.7002,42.9686]},"properties":{"id":"ora-mi-28","name":"I-196 @ Jackson St","state":"MI","provider":"Michigan DOT","hls":null,"snapshot":"https://micamerasimages.net/thumbs/grand_cam_004.flv.jpg","refreshMs":30000,"attribution":"Ora (Warner Varnado) · Michigan DOT"}},{"type":"Feature","geometry":{"type":"Point","coordinates":[-85.69259,42.972613]},"properties":{"id":"ora-mi-29","name":"I-196 @ Lane Ave","state":"MI","provider":"Michigan DOT","hls":null,"snapshot":"https://micamerasimages.net/thumbs/grand_cam_059.flv.jpg","refreshMs":30000,"attribution":"Ora (Warner Varnado) · Michigan DOT"}},{"type":"Feature","geometry":{"type":"Point","coordinates":[-85.657088,42.971868]},"properties":{"id":"ora-mi-30","name":"I-196 @ College Ave","state":"MI","provider":"Michigan DOT","hls":null,"snapshot":"https://micamerasimages.net/thumbs/grand_cam_055.flv.jpg","refreshMs":30000,"attribution":"Ora (Warner Varnado) · Michigan DOT"}},{"type":"Feature","geometry":{"type":"Point","coordinates":[-85.639769,42.973455]},"properties":{"id":"ora-mi-31","name":"I-196 @ Fuller Ave","state":"MI","provider":"Michigan DOT","hls":null,"snapshot":"https://micamerasimages.net/thumbs/grand_cam_060.flv.jpg","refreshMs":30000,"attribution":"Ora (Warner Varnado) · Michigan DOT"}},{"type":"Feature","geometry":{"type":"Point","coordinates":[-85.623297,42.976969]},"properties":{"id":"ora-mi-32","name":"I-196 @ Plymouth","state":"MI","provider":"Michigan DOT","hls":null,"snapshot":"https://micamerasimages.net/thumbs/grand_cam_090.flv.jpg","refreshMs":30000,"attribution":"Ora (Warner Varnado) · Michigan DOT"}},{"type":"Feature","geometry":{"type":"Point","coordinates":[-85.60422,42.977278]},"properties":{"id":"ora-mi-33","name":"I-196 @ I96","state":"MI","provider":"Michigan DOT","hls":null,"snapshot":"https://micamerasimages.net/thumbs/grand_cam_062.flv.jpg","refreshMs":30000,"attribution":"Ora (Warner Varnado) · Michigan DOT"}},{"type":"Feature","geometry":{"type":"Point","coordinates":[-85.604292,42.977278]},"properties":{"id":"ora-mi-34","name":"I-196 @ I96 2","state":"MI","provider":"Michigan DOT","hls":null,"snapshot":"https://micamerasimages.net/thumbs/grand_cam_091.flv.jpg","refreshMs":30000,"attribution":"Ora (Warner Varnado) · Michigan DOT"}},{"type":"Feature","geometry":{"type":"Point","coordinates":[-83.34692,42.019283]},"properties":{"id":"ora-mi-35","name":"I-275 @ Telegraph","state":"MI","provider":"Michigan DOT","hls":null,"snapshot":"https://micamerasimages.net/thumbs/semtoc_cam_354.flv.jpg","refreshMs":30000,"attribution":"Ora (Warner Varnado) · Michigan DOT"}},{"type":"Feature","geometry":{"type":"Point","coordinates":[-83.35428,42.04239]},"properties":{"id":"ora-mi-36","name":"I-275 @ Carleton RA","state":"MI","provider":"Michigan DOT","hls":null,"snapshot":"https://micamerasimages.net/thumbs/semtoc_cam_355.flv.jpg","refreshMs":30000,"attribution":"Ora (Warner Varnado) · Michigan DOT"}},{"type":"Feature","geometry":{"type":"Point","coordinates":[-83.37257,42.07965]},"properties":{"id":"ora-mi-37","name":"I-275 @ Newburg","state":"MI","provider":"Michigan DOT","hls":null,"snapshot":"https://micamerasimages.net/thumbs/semtoc_cam_358.flv.jpg","refreshMs":30000,"attribution":"Ora (Warner Varnado) · Michigan DOT"}},{"type":"Feature","geometry":{"type":"Point","coordinates":[-83.37787,42.09335]},"properties":{"id":"ora-mi-38","name":"I-275 @ Will Carleton","state":"MI","provider":"Michigan DOT","hls":null,"snapshot":"https://micamerasimages.net/thumbs/semtoc_cam_359.flv.jpg","refreshMs":30000,"attribution":"Ora (Warner Varnado) · Michigan DOT"}},{"type":"Feature","geometry":{"type":"Point","coordinates":[-83.38384,42.152115]},"properties":{"id":"ora-mi-39","name":"I-275 @ S. of Sibley","state":"MI","provider":"Michigan DOT","hls":null,"snapshot":"https://micamerasimages.net/thumbs/semtoc_cam_061.flv.jpg","refreshMs":30000,"attribution":"Ora (Warner Varnado) · Michigan DOT"}},{"type":"Feature","geometry":{"type":"Point","coordinates":[-83.388214,42.166217]},"properties":{"id":"ora-mi-40","name":"I-275 @ Sibley","state":"MI","provider":"Michigan DOT","hls":null,"snapshot":"https://micamerasimages.net/thumbs/semtoc_cam_029.flv.jpg","refreshMs":30000,"attribution":"Ora (Warner Varnado) · Michigan DOT"}},{"type":"Feature","geometry":{"type":"Point","coordinates":[-83.388214,42.166218]},"properties":{"id":"ora-mi-41","name":"I-275 @ Sibley","state":"MI","provider":"Michigan DOT","hls":null,"snapshot":"https://micamerasimages.net/thumbs/semtoc_cam_351.flv.jpg","refreshMs":30000,"attribution":"Ora (Warner Varnado) · Michigan DOT"}},{"type":"Feature","geometry":{"type":"Point","coordinates":[-83.38767,42.18008]},"properties":{"id":"ora-mi-42","name":"I-275 @ Pennsylvania","state":"MI","provider":"Michigan DOT","hls":null,"snapshot":"https://micamerasimages.net/thumbs/semtoc_cam_087.flv.jpg","refreshMs":30000,"attribution":"Ora (Warner Varnado) · Michigan DOT"}},{"type":"Feature","geometry":{"type":"Point","coordinates":[-83.3882,42.19447]},"properties":{"id":"ora-mi-43","name":"I-275 @ Eureka","state":"MI","provider":"Michigan DOT","hls":null,"snapshot":"https://micamerasimages.net/thumbs/semtoc_cam_093.flv.jpg","refreshMs":30000,"attribution":"Ora (Warner Varnado) · Michigan DOT"}},{"type":"Feature","geometry":{"type":"Point","coordinates":[-83.39435,42.20983]},"properties":{"id":"ora-mi-44","name":"I-275 @ Northline","state":"MI","provider":"Michigan DOT","hls":null,"snapshot":"https://micamerasimages.net/thumbs/semtoc_cam_028.flv.jpg","refreshMs":30000,"attribution":"Ora (Warner Varnado) · Michigan DOT"}},{"type":"Feature","geometry":{"type":"Point","coordinates":[-83.406615,42.212503]},"properties":{"id":"ora-mi-45","name":"I-275 @ S. Huron River","state":"MI","provider":"Michigan DOT","hls":null,"snapshot":"https://micamerasimages.net/thumbs/semtoc_cam_025.flv.jpg","refreshMs":30000,"attribution":"Ora (Warner Varnado) · Michigan DOT"}},{"type":"Feature","geometry":{"type":"Point","coordinates":[-83.4246,42.229305]},"properties":{"id":"ora-mi-46","name":"I-275 @ Hannan","state":"MI","provider":"Michigan DOT","hls":null,"snapshot":"https://micamerasimages.net/thumbs/semtoc_cam_024.flv.jpg","refreshMs":30000,"attribution":"Ora (Warner Varnado) · Michigan DOT"}},{"type":"Feature","geometry":{"type":"Point","coordinates":[-83.438576,42.23551]},"properties":{"id":"ora-mi-47","name":"I-275 @ Tyler","state":"MI","provider":"Michigan DOT","hls":null,"snapshot":"https://micamerasimages.net/thumbs/semtoc_cam_030.flv.jpg","refreshMs":30000,"attribution":"Ora (Warner Varnado) · Michigan DOT"}},{"type":"Feature","geometry":{"type":"Point","coordinates":[-83.440833,42.249391]},"properties":{"id":"ora-mi-48","name":"I-275 @ Ecorse Rd","state":"MI","provider":"Michigan DOT","hls":null,"snapshot":"https://micamerasimages.net/thumbs/semtoc_cam_086.flv.jpg","refreshMs":30000,"attribution":"Ora (Warner Varnado) · Michigan DOT"}},{"type":"Feature","geometry":{"type":"Point","coordinates":[-83.4409,42.26525]},"properties":{"id":"ora-mi-49","name":"I-275 @ Van Born Rd","state":"MI","provider":"Michigan DOT","hls":null,"snapshot":"https://micamerasimages.net/thumbs/semtoc_cam_089.flv.jpg","refreshMs":30000,"attribution":"Ora (Warner Varnado) · Michigan DOT"}},{"type":"Feature","geometry":{"type":"Point","coordinates":[-83.44298,42.293823]},"properties":{"id":"ora-mi-50","name":"I-275 @ Palmer","state":"MI","provider":"Michigan DOT","hls":null,"snapshot":"https://micamerasimages.net/thumbs/semtoc_cam_005.flv.jpg","refreshMs":30000,"attribution":"Ora (Warner Varnado) · Michigan DOT"}},{"type":"Feature","geometry":{"type":"Point","coordinates":[-83.44198,42.308517]},"properties":{"id":"ora-mi-51","name":"I-275 @ Cherry Hill","state":"MI","provider":"Michigan DOT","hls":null,"snapshot":"https://micamerasimages.net/thumbs/semtoc_cam_023.flv.jpg","refreshMs":30000,"attribution":"Ora (Warner Varnado) · Michigan DOT"}},{"type":"Feature","geometry":{"type":"Point","coordinates":[-83.444024,42.322908]},"properties":{"id":"ora-mi-52","name":"I-275 @ Ford Rd(M-153)","state":"MI","provider":"Michigan DOT","hls":null,"snapshot":"https://micamerasimages.net/thumbs/semtoc_cam_090.flv.jpg","refreshMs":30000,"attribution":"Ora (Warner Varnado) · Michigan DOT"}},{"type":"Feature","geometry":{"type":"Point","coordinates":[-83.44386,42.333103]},"properties":{"id":"ora-mi-53","name":"I-275 @ Warren","state":"MI","provider":"Michigan DOT","hls":null,"snapshot":"https://micamerasimages.net/thumbs/semtoc_cam_331.flv.jpg","refreshMs":30000,"attribution":"Ora (Warner Varnado) · Michigan DOT"}},{"type":"Feature","geometry":{"type":"Point","coordinates":[-83.441444,42.3416]},"properties":{"id":"ora-mi-54","name":"I-275 @ Koppernick","state":"MI","provider":"Michigan DOT","hls":null,"snapshot":"https://micamerasimages.net/thumbs/semtoc_cam_026.flv.jpg","refreshMs":30000,"attribution":"Ora (Warner Varnado) · Michigan DOT"}},{"type":"Feature","geometry":{"type":"Point","coordinates":[-83.435425,42.359413]},"properties":{"id":"ora-mi-55","name":"I-275 @ Ann Arbor Rd","state":"MI","provider":"Michigan DOT","hls":null,"snapshot":"https://micamerasimages.net/thumbs/semtoc_cam_022.flv.jpg","refreshMs":30000,"attribution":"Ora (Warner Varnado) · Michigan DOT"}},{"type":"Feature","geometry":{"type":"Point","coordinates":[-83.435457,42.359437]},"properties":{"id":"ora-mi-56","name":"I-275 @ Ann Arbor Rd 2","state":"MI","provider":"Michigan DOT","hls":null,"snapshot":"https://micamerasimages.net/thumbs/semtoc_cam_022.flv.jpg","refreshMs":30000,"attribution":"Ora (Warner Varnado) · Michigan DOT"}},{"type":"Feature","geometry":{"type":"Point","coordinates":[-83.4379,42.385517]},"properties":{"id":"ora-mi-57","name":"I-275 @ M-14","state":"MI","provider":"Michigan DOT","hls":null,"snapshot":"https://micamerasimages.net/thumbs/semtoc_cam_268.flv.jpg","refreshMs":30000,"attribution":"Ora (Warner Varnado) · Michigan DOT"}},{"type":"Feature","geometry":{"type":"Point","coordinates":[-83.4262,42.48045]},"properties":{"id":"ora-mi-58","name":"I-275 @ M-5","state":"MI","provider":"Michigan DOT","hls":null,"snapshot":"https://micamerasimages.net/thumbs/semtoc_cam_031.flv.jpg","refreshMs":30000,"attribution":"Ora (Warner Varnado) · Michigan DOT"}},{"type":"Feature","geometry":{"type":"Point","coordinates":[-83.432222,42.471058]},"properties":{"id":"ora-mi-59","name":"I-275 @ Grand River Ave (M-5)","state":"MI","provider":"Michigan DOT","hls":null,"snapshot":"https://micamerasimages.net/thumbs/semtoc_cam_120.flv.jpg","refreshMs":30000,"attribution":"Ora (Warner Varnado) · Michigan DOT"}},{"type":"Feature","geometry":{"type":"Point","coordinates":[-83.430954,42.45389]},"properties":{"id":"ora-mi-60","name":"I-275 @ 9 Mile","state":"MI","provider":"Michigan DOT","hls":null,"snapshot":"https://micamerasimages.net/thumbs/semtoc_cam_085.flv.jpg","refreshMs":30000,"attribution":"Ora (Warner Varnado) · Michigan DOT"}},{"type":"Feature","geometry":{"type":"Point","coordinates":[-83.43212,42.439453]},"properties":{"id":"ora-mi-61","name":"I-275 @ 8 Mile","state":"MI","provider":"Michigan DOT","hls":null,"snapshot":"https://micamerasimages.net/thumbs/semtoc_cam_046.flv.jpg","refreshMs":30000,"attribution":"Ora (Warner Varnado) · Michigan DOT"}},{"type":"Feature","geometry":{"type":"Point","coordinates":[-83.423774,42.424988]},"properties":{"id":"ora-mi-62","name":"I-275 @ 7 Mile Rd","state":"MI","provider":"Michigan DOT","hls":null,"snapshot":"https://micamerasimages.net/thumbs/semtoc_cam_045.flv.jpg","refreshMs":30000,"attribution":"Ora (Warner Varnado) · Michigan DOT"}},{"type":"Feature","geometry":{"type":"Point","coordinates":[-83.423163,42.41051]},"properties":{"id":"ora-mi-63","name":"I-275 @ 6 Mile","state":"MI","provider":"Michigan DOT","hls":null,"snapshot":"https://micamerasimages.net/thumbs/semtoc_cam_020.flv.jpg","refreshMs":30000,"attribution":"Ora (Warner Varnado) · Michigan DOT"}},{"type":"Feature","geometry":{"type":"Point","coordinates":[-83.42363,42.42484]},"properties":{"id":"ora-mi-64","name":"I-275 @ 7 Mile","state":"MI","provider":"Michigan DOT","hls":null,"snapshot":"https://micamerasimages.net/thumbs/semtoc_cam_021.flv.jpg","refreshMs":30000,"attribution":"Ora (Warner Varnado) · Michigan DOT"}},{"type":"Feature","geometry":{"type":"Point","coordinates":[-83.43143,42.39576]},"properties":{"id":"ora-mi-65","name":"I-275 @ 5 Mile","state":"MI","provider":"Michigan DOT","hls":null,"snapshot":"https://micamerasimages.net/thumbs/semtoc_cam_019.flv.jpg","refreshMs":30000,"attribution":"Ora (Warner Varnado) · Michigan DOT"}},{"type":"Feature","geometry":{"type":"Point","coordinates":[-83.03738,42.33458]},"properties":{"id":"ora-mi-66","name":"I-375 @ Larned","state":"MI","provider":"Michigan DOT","hls":null,"snapshot":"https://micamerasimages.net/thumbs/semtoc_cam_333.flv.jpg","refreshMs":30000,"attribution":"Ora (Warner Varnado) · Michigan DOT"}},{"type":"Feature","geometry":{"type":"Point","coordinates":[-83.03738,42.334583]},"properties":{"id":"ora-mi-67","name":"I-375 @ Larned","state":"MI","provider":"Michigan DOT","hls":null,"snapshot":"https://micamerasimages.net/thumbs/semtoc_cam_334.flv.jpg","refreshMs":30000,"attribution":"Ora (Warner Varnado) · Michigan DOT"}},{"type":"Feature","geometry":{"type":"Point","coordinates":[-83.04428,42.342472]},"properties":{"id":"ora-mi-68","name":"I-375 @ I-75","state":"MI","provider":"Michigan DOT","hls":null,"snapshot":"https://micamerasimages.net/thumbs/semtoc_cam_058.flv.jpg","refreshMs":30000,"attribution":"Ora (Warner Varnado) · Michigan DOT"}},{"type":"Feature","geometry":{"type":"Point","coordinates":[-83.67976,43.00915]},"properties":{"id":"ora-mi-69","name":"I-475 @ I-69","state":"MI","provider":"Michigan DOT","hls":null,"snapshot":"https://micamerasimages.net/thumbs/stoc_cam_009.flv.jpg","refreshMs":30000,"attribution":"Ora (Warner Varnado) · Michigan DOT"}},{"type":"Feature","geometry":{"type":"Point","coordinates":[-84.639251,42.719288]},"properties":{"id":"ora-mi-70","name":"I-496 @ Creyts Rd","state":"MI","provider":"Michigan DOT","hls":null,"snapshot":"https://micamerasimages.net/thumbs/internet_cam_122.flv.jpg","refreshMs":30000,"attribution":"Ora (Warner Varnado) · Michigan DOT"}},{"type":"Feature","geometry":{"type":"Point","coordinates":[-84.60533,42.721048]},"properties":{"id":"ora-mi-71","name":"I-496 @ Waverly Rd","state":"MI","provider":"Michigan DOT","hls":null,"snapshot":"https://micamerasimages.net/thumbs/internet_cam_123.flv.jpg","refreshMs":30000,"attribution":"Ora (Warner Varnado) · Michigan DOT"}},{"type":"Feature","geometry":{"type":"Point","coordinates":[-84.585283,42.725992]},"properties":{"id":"ora-mi-72","name":"I-496 @ Lansing Road","state":"MI","provider":"Michigan DOT","hls":null,"snapshot":"https://micamerasimages.net/thumbs/stoc_cam_067.flv.jpg","refreshMs":30000,"attribution":"Ora (Warner Varnado) · Michigan DOT"}},{"type":"Feature","geometry":{"type":"Point","coordinates":[-84.58539,42.725983]},"properties":{"id":"ora-mi-73","name":"I-496 @ Lansing Rd","state":"MI","provider":"Michigan DOT","hls":null,"snapshot":"https://micamerasimages.net/thumbs/internet_cam_146.flv.jpg","refreshMs":30000,"attribution":"Ora (Warner Varnado) · Michigan DOT"}},{"type":"Feature","geometry":{"type":"Point","coordinates":[-84.502525,42.689678]},"properties":{"id":"ora-mi-74","name":"I-496 @ Dunckel Rd","state":"MI","provider":"Michigan DOT","hls":null,"snapshot":"https://micamerasimages.net/thumbs/stoc_cam_018.flv.jpg","refreshMs":30000,"attribution":"Ora (Warner Varnado) · Michigan DOT"}},{"type":"Feature","geometry":{"type":"Point","coordinates":[-84.99039,41.87769]},"properties":{"id":"ora-mi-75","name":"I-69 @ Coldwater Weigh Station","state":"MI","provider":"Michigan DOT","hls":null,"snapshot":"https://micamerasimages2.us-east-1.skyvdn.com/image-000705102-00-04.jpg","refreshMs":30000,"attribution":"Ora (Warner Varnado) · Michigan DOT"}},{"type":"Feature","geometry":{"type":"Point","coordinates":[-84.98299,42.19584]},"properties":{"id":"ora-mi-76","name":"I-69 @ M-227","state":"MI","provider":"Michigan DOT","hls":null,"snapshot":"https://micamerasimages.net/thumbs/internet_cam_184.flv.jpg","refreshMs":30000,"attribution":"Ora (Warner Varnado) · Michigan DOT"}},{"type":"Feature","geometry":{"type":"Point","coordinates":[-84.97656,42.37212]},"properties":{"id":"ora-mi-77","name":"I-69 @ N Drive","state":"MI","provider":"Michigan DOT","hls":null,"snapshot":"https://micamerasimages.net/thumbs/internet_cam_185.flv.jpg","refreshMs":30000,"attribution":"Ora (Warner Varnado) · Michigan DOT"}},{"type":"Feature","geometry":{"type":"Point","coordinates":[-84.660881,42.787833]},"properties":{"id":"ora-mi-78","name":"I-69 @ I-96","state":"MI","provider":"Michigan DOT","hls":null,"snapshot":"https://micamerasimages.net/thumbs/internet_cam_121.flv.jpg","refreshMs":30000,"attribution":"Ora (Warner Varnado) · Michigan DOT"}},{"type":"Feature","geometry":{"type":"Point","coordinates":[-84.40867,42.781532]},"properties":{"id":"ora-mi-79","name":"I-69 @ Saginaw Hwy","state":"MI","provider":"Michigan DOT","hls":null,"snapshot":"https://micamerasimages.net/thumbs/internet_cam_178.flv.jpg","refreshMs":30000,"attribution":"Ora (Warner Varnado) · Michigan DOT"}},{"type":"Feature","geometry":{"type":"Point","coordinates":[-83.7301,42.984592]},"properties":{"id":"ora-mi-80","name":"I-69 @ I-75","state":"MI","provider":"Michigan DOT","hls":null,"snapshot":"https://micamerasimages.net/thumbs/stoc_cam_013.flv.jpg","refreshMs":30000,"attribution":"Ora (Warner Varnado) · Michigan DOT"}},{"type":"Feature","geometry":{"type":"Point","coordinates":[-82.984094,42.996277]},"properties":{"id":"ora-mi-81","name":"I-69 @ W. of Capac RA","state":"MI","provider":"Michigan DOT","hls":null,"snapshot":"https://micamerasimages.net/thumbs/semtoc_cam_348.flv.jpg","refreshMs":30000,"attribution":"Ora (Warner Varnado) · Michigan DOT"}},{"type":"Feature","geometry":{"type":"Point","coordinates":[-82.929782,42.98647]},"properties":{"id":"ora-mi-82","name":"I-69 @ Capac Rd","state":"MI","provider":"Michigan DOT","hls":null,"snapshot":"https://micamerasimages.net/thumbs/semtoc_cam_341.flv.jpg","refreshMs":30000,"attribution":"Ora (Warner Varnado) · Michigan DOT"}},{"type":"Feature","geometry":{"type":"Point","coordinates":[-82.862213,42.987638]},"properties":{"id":"ora-mi-83","name":"I-69 @ Miller","state":"MI","provider":"Michigan DOT","hls":null,"snapshot":"https://micamerasimages.net/thumbs/semtoc_cam_337.flv.jpg","refreshMs":30000,"attribution":"Ora (Warner Varnado) · Michigan DOT"}},{"type":"Feature","geometry":{"type":"Point","coordinates":[-82.830276,42.976267]},"properties":{"id":"ora-mi-84","name":"I-69 @ E. of Riley Center","state":"MI","provider":"Michigan DOT","hls":null,"snapshot":"https://micamerasimages.net/thumbs/semtoc_cam_339.flv.jpg","refreshMs":30000,"attribution":"Ora (Warner Varnado) · Michigan DOT"}},{"type":"Feature","geometry":{"type":"Point","coordinates":[-82.802556,42.97871]},"properties":{"id":"ora-mi-85","name":"I-69 @ W. of M-19","state":"MI","provider":"Michigan DOT","hls":null,"snapshot":"https://micamerasimages.net/thumbs/semtoc_cam_342.flv.jpg","refreshMs":30000,"attribution":"Ora (Warner Varnado) · Michigan DOT"}},{"type":"Feature","geometry":{"type":"Point","coordinates":[-82.76502,42.980345]},"properties":{"id":"ora-mi-86","name":"I-69 @ M-19","state":"MI","provider":"Michigan DOT","hls":null,"snapshot":"https://micamerasimages.net/thumbs/semtoc_cam_095.flv.jpg","refreshMs":30000,"attribution":"Ora (Warner Varnado) · Michigan DOT"}},{"type":"Feature","geometry":{"type":"Point","coordinates":[-82.744274,42.975564]},"properties":{"id":"ora-mi-87","name":"I-69 @ E. of M-19","state":"MI","provider":"Michigan DOT","hls":null,"snapshot":"https://micamerasimages.net/thumbs/semtoc_cam_340.flv.jpg","refreshMs":30000,"attribution":"Ora (Warner Varnado) · Michigan DOT"}},{"type":"Feature","geometry":{"type":"Point","coordinates":[-82.675731,42.970622]},"properties":{"id":"ora-mi-88","name":"I-69 @ Wales Center","state":"MI","provider":"Michigan DOT","hls":null,"snapshot":"https://micamerasimages.net/thumbs/semtoc_cam_321.flv.jpg","refreshMs":30000,"attribution":"Ora (Warner Varnado) · Michigan DOT"}},{"type":"Feature","geometry":{"type":"Point","coordinates":[-82.65961,42.97506]},"properties":{"id":"ora-mi-89","name":"I-69 @ Goodells Rd","state":"MI","provider":"Michigan DOT","hls":null,"snapshot":"https://micamerasimages.net/thumbs/semtoc_cam_349.flv.jpg","refreshMs":30000,"attribution":"Ora (Warner Varnado) · Michigan DOT"}},{"type":"Feature","geometry":{"type":"Point","coordinates":[-82.631104,42.975292]},"properties":{"id":"ora-mi-90","name":"I-69 @ W. of Pine River","state":"MI","provider":"Michigan DOT","hls":null,"snapshot":"https://micamerasimages.net/thumbs/semtoc_cam_323.flv.jpg","refreshMs":30000,"attribution":"Ora (Warner Varnado) · Michigan DOT"}},{"type":"Feature","geometry":{"type":"Point","coordinates":[-82.607486,42.976201]},"properties":{"id":"ora-mi-91","name":"I-69 @ E. of Pine River","state":"MI","provider":"Michigan DOT","hls":null,"snapshot":"https://micamerasimages.net/thumbs/semtoc_cam_322.flv.jpg","refreshMs":30000,"attribution":"Ora (Warner Varnado) · Michigan DOT"}},{"type":"Feature","geometry":{"type":"Point","coordinates":[-82.591605,42.986736]},"properties":{"id":"ora-mi-92","name":"I-69 @ W. of Taylor","state":"MI","provider":"Michigan DOT","hls":null,"snapshot":"https://micamerasimages.net/thumbs/semtoc_cam_327.flv.jpg","refreshMs":30000,"attribution":"Ora (Warner Varnado) · Michigan DOT"}},{"type":"Feature","geometry":{"type":"Point","coordinates":[-82.585018,42.988272]},"properties":{"id":"ora-mi-93","name":"I-69 @ Taylor","state":"MI","provider":"Michigan DOT","hls":null,"snapshot":"https://micamerasimages.net/thumbs/semtoc_cam_326.flv.jpg","refreshMs":30000,"attribution":"Ora (Warner Varnado) · Michigan DOT"}},{"type":"Feature","geometry":{"type":"Point","coordinates":[-82.575374,42.989029]},"properties":{"id":"ora-mi-94","name":"I-69 @ E. of Taylor","state":"MI","provider":"Michigan DOT","hls":null,"snapshot":"https://micamerasimages.net/thumbs/semtoc_cam_332.flv.jpg","refreshMs":30000,"attribution":"Ora (Warner Varnado) · Michigan DOT"}},{"type":"Feature","geometry":{"type":"Point","coordinates":[-82.54127,42.978962]},"properties":{"id":"ora-mi-95","name":"I-69 @ Wadhams","state":"MI","provider":"Michigan DOT","hls":null,"snapshot":"https://micamerasimages.net/thumbs/semtoc_cam_278.flv.jpg","refreshMs":30000,"attribution":"Ora (Warner Varnado) · Michigan DOT"}},{"type":"Feature","geometry":{"type":"Point","coordinates":[-82.515514,42.971928]},"properties":{"id":"ora-mi-96","name":"I-69 @ W of I94","state":"MI","provider":"Michigan DOT","hls":null,"snapshot":"https://micamerasimages.net/thumbs/semtoc_cam_279.flv.jpg","refreshMs":30000,"attribution":"Ora (Warner Varnado) · Michigan DOT"}},{"type":"Feature","geometry":{"type":"Point","coordinates":[-83.432147,42.484677]},"properties":{"id":"ora-mi-97","name":"I-696 @ E of Haggerty","state":"MI","provider":"Michigan DOT","hls":null,"snapshot":"https://micamerasimages.net/thumbs/semtoc_cam_406.flv.jpg","refreshMs":30000,"attribution":"Ora (Warner Varnado) · Michigan DOT"}},{"type":"Feature","geometry":{"type":"Point","coordinates":[-83.42908,42.48716]},"properties":{"id":"ora-mi-98","name":"I-696 @ E of I-96","state":"MI","provider":"Michigan DOT","hls":null,"snapshot":"https://micamerasimages.net/thumbs/semtoc_cam_047.flv.jpg","refreshMs":30000,"attribution":"Ora (Warner Varnado) · Michigan DOT"}},{"type":"Feature","geometry":{"type":"Point","coordinates":[-83.377898,42.495534]},"properties":{"id":"ora-mi-99","name":"I-696 @ Farmington","state":"MI","provider":"Michigan DOT","hls":null,"snapshot":"https://micamerasimages.net/thumbs/semtoc_cam_091.flv.jpg","refreshMs":30000,"attribution":"Ora (Warner Varnado) · Michigan DOT"}},{"type":"Feature","geometry":{"type":"Point","coordinates":[-83.35087,42.49658]},"properties":{"id":"ora-mi-100","name":"I-696 @ Orchard Lake","state":"MI","provider":"Michigan DOT","hls":null,"snapshot":"https://micamerasimages.net/thumbs/semtoc_cam_044.flv.jpg","refreshMs":30000,"attribution":"Ora (Warner Varnado) · Michigan DOT"}},{"type":"Feature","geometry":{"type":"Point","coordinates":[-83.338255,42.492322]},"properties":{"id":"ora-mi-101","name":"I-696 @ Middlebelt","state":"MI","provider":"Michigan DOT","hls":null,"snapshot":"https://micamerasimages.net/thumbs/semtoc_cam_121.flv.jpg","refreshMs":30000,"attribution":"Ora (Warner Varnado) · Michigan DOT"}},{"type":"Feature","geometry":{"type":"Point","coordinates":[-83.296039,42.494777]},"properties":{"id":"ora-mi-102","name":"I-696 @ SB M10","state":"MI","provider":"Michigan DOT","hls":null,"snapshot":"https://micamerasimages.net/thumbs/semtoc_cam_108.flv.jpg","refreshMs":30000,"attribution":"Ora (Warner Varnado) · Michigan DOT"}},{"type":"Feature","geometry":{"type":"Point","coordinates":[-83.28349,42.489834]},"properties":{"id":"ora-mi-103","name":"I-696 @ Telegraph","state":"MI","provider":"Michigan DOT","hls":null,"snapshot":"https://micamerasimages.net/thumbs/semtoc_cam_063.flv.jpg","refreshMs":30000,"attribution":"Ora (Warner Varnado) · Michigan DOT"}},{"type":"Feature","geometry":{"type":"Point","coordinates":[-83.242714,42.487044]},"properties":{"id":"ora-mi-104","name":"I-696 @ Evergreen Rd","state":"MI","provider":"Michigan DOT","hls":null,"snapshot":"https://micamerasimages.net/thumbs/semtoc_cam_034.flv.jpg","refreshMs":30000,"attribution":"Ora (Warner Varnado) · Michigan DOT"}},{"type":"Feature","geometry":{"type":"Point","coordinates":[-83.222947,42.487483]},"properties":{"id":"ora-mi-105","name":"I-696 @ Southfield Rd","state":"MI","provider":"Michigan DOT","hls":null,"snapshot":"https://micamerasimages.net/thumbs/semtoc_cam_094.flv.jpg","refreshMs":30000,"attribution":"Ora (Warner Varnado) · Michigan DOT"}},{"type":"Feature","geometry":{"type":"Point","coordinates":[-83.208707,42.485966]},"properties":{"id":"ora-mi-106","name":"I-696 @ E of Southfield Rd","state":"MI","provider":"Michigan DOT","hls":null,"snapshot":"https://micamerasimages.net/thumbs/semtoc_cam_039.flv.jpg","refreshMs":30000,"attribution":"Ora (Warner Varnado) · Michigan DOT"}},{"type":"Feature","geometry":{"type":"Point","coordinates":[-83.19475,42.477435]},"properties":{"id":"ora-mi-107","name":"I-696 @ E of Greenfield","state":"MI","provider":"Michigan DOT","hls":null,"snapshot":"https://micamerasimages.net/thumbs/semtoc_cam_048.flv.jpg","refreshMs":30000,"attribution":"Ora (Warner Varnado) · Michigan DOT"}},{"type":"Feature","geometry":{"type":"Point","coordinates":[-83.19063,42.47594]},"properties":{"id":"ora-mi-108","name":"I-696 @ Tunnel at Coolidge","state":"MI","provider":"Michigan DOT","hls":null,"snapshot":"https://micamerasimages.net/thumbs/semtoc_cam_370.flv.jpg","refreshMs":30000,"attribution":"Ora (Warner Varnado) · Michigan DOT"}},{"type":"Feature","geometry":{"type":"Point","coordinates":[-83.19095,42.475557]},"properties":{"id":"ora-mi-109","name":"I-696 @ Tunnel at Coolidge","state":"MI","provider":"Michigan DOT","hls":null,"snapshot":"https://micamerasimages.net/thumbs/semtoc_cam_369.flv.jpg","refreshMs":30000,"attribution":"Ora (Warner Varnado) · Michigan DOT"}},{"type":"Feature","geometry":{"type":"Point","coordinates":[-83.182948,42.4747]},"properties":{"id":"ora-mi-110","name":"I-696 @ W of Coolidge","state":"MI","provider":"Michigan DOT","hls":null,"snapshot":"https://micamerasimages.net/thumbs/semtoc_cam_049.flv.jpg","refreshMs":30000,"attribution":"Ora (Warner Varnado) · Michigan DOT"}},{"type":"Feature","geometry":{"type":"Point","coordinates":[-83.173072,42.474556]},"properties":{"id":"ora-mi-111","name":"I-696 @ Scotia","state":"MI","provider":"Michigan DOT","hls":null,"snapshot":"https://micamerasimages.net/thumbs/semtoc_cam_040.flv.jpg","refreshMs":30000,"attribution":"Ora (Warner Varnado) · Michigan DOT"}},{"type":"Feature","geometry":{"type":"Point","coordinates":[-83.162754,42.474741]},"properties":{"id":"ora-mi-112","name":"I-696 @ W of Woodward","state":"MI","provider":"Michigan DOT","hls":null,"snapshot":"https://micamerasimages.net/thumbs/semtoc_cam_092.flv.jpg","refreshMs":30000,"attribution":"Ora (Warner Varnado) · Michigan DOT"}},{"type":"Feature","geometry":{"type":"Point","coordinates":[-83.146095,42.475402]},"properties":{"id":"ora-mi-113","name":"I-696 @ Woodward","state":"MI","provider":"Michigan DOT","hls":null,"snapshot":"https://micamerasimages.net/thumbs/semtoc_cam_123.flv.jpg","refreshMs":30000,"attribution":"Ora (Warner Varnado) · Michigan DOT"}},{"type":"Feature","geometry":{"type":"Point","coordinates":[-83.123405,42.475819]},"properties":{"id":"ora-mi-114","name":"I-696 @ Campbell Hilton","state":"MI","provider":"Michigan DOT","hls":null,"snapshot":"https://micamerasimages.net/thumbs/semtoc_cam_036.flv.jpg","refreshMs":30000,"attribution":"Ora (Warner Varnado) · Michigan DOT"}},{"type":"Feature","geometry":{"type":"Point","coordinates":[-83.113274,42.477216]},"properties":{"id":"ora-mi-115","name":"I-696 @ I-75","state":"MI","provider":"Michigan DOT","hls":null,"snapshot":"https://micamerasimages.net/thumbs/semtoc_cam_060.flv.jpg","refreshMs":30000,"attribution":"Ora (Warner Varnado) · Michigan DOT"}},{"type":"Feature","geometry":{"type":"Point","coordinates":[-83.089661,42.477833]},"properties":{"id":"ora-mi-116","name":"I-696 @ W of Dequindre","state":"MI","provider":"Michigan DOT","hls":null,"snapshot":"https://micamerasimages.net/thumbs/semtoc_cam_032.flv.jpg","refreshMs":30000,"attribution":"Ora (Warner Varnado) · Michigan DOT"}},{"type":"Feature","geometry":{"type":"Point","coordinates":[-83.05555,42.491327]},"properties":{"id":"ora-mi-117","name":"I-696 @ West of Mound Rd","state":"MI","provider":"Michigan DOT","hls":null,"snapshot":"https://micamerasimages.net/thumbs/semtoc_cam_422.flv.jpg","refreshMs":30000,"attribution":"Ora (Warner Varnado) · Michigan DOT"}},{"type":"Feature","geometry":{"type":"Point","coordinates":[-83.041789,42.48827]},"properties":{"id":"ora-mi-118","name":"I-696 @ E. of Mound","state":"MI","provider":"Michigan DOT","hls":null,"snapshot":"https://micamerasimages.net/thumbs/semtoc_cam_041.flv.jpg","refreshMs":30000,"attribution":"Ora (Warner Varnado) · Michigan DOT"}},{"type":"Feature","geometry":{"type":"Point","coordinates":[-83.02726,42.491387]},"properties":{"id":"ora-mi-119","name":"I-696 @ Van Dyke","state":"MI","provider":"Michigan DOT","hls":null,"snapshot":"https://micamerasimages.net/thumbs/semtoc_cam_255.flv.jpg","refreshMs":30000,"attribution":"Ora (Warner Varnado) · Michigan DOT"}},{"type":"Feature","geometry":{"type":"Point","coordinates":[-83.028746,42.492176]},"properties":{"id":"ora-mi-120","name":"I-696 @ Van Dyke","state":"MI","provider":"Michigan DOT","hls":null,"snapshot":"https://micamerasimages.net/thumbs/semtoc_cam_254.flv.jpg","refreshMs":30000,"attribution":"Ora (Warner Varnado) · Michigan DOT"}},{"type":"Feature","geometry":{"type":"Point","coordinates":[-83.00652,42.492428]},"properties":{"id":"ora-mi-121","name":"I-696 @ Hoover","state":"MI","provider":"Michigan DOT","hls":null,"snapshot":"https://micamerasimages.net/thumbs/semtoc_cam_371.flv.jpg","refreshMs":30000,"attribution":"Ora (Warner Varnado) · Michigan DOT"}},{"type":"Feature","geometry":{"type":"Point","coordinates":[-83.006394,42.491767]},"properties":{"id":"ora-mi-122","name":"I-696 @ Hoover Rd","state":"MI","provider":"Michigan DOT","hls":null,"snapshot":"https://micamerasimages.net/thumbs/semtoc_cam_256.flv.jpg","refreshMs":30000,"attribution":"Ora (Warner Varnado) · Michigan DOT"}},{"type":"Feature","geometry":{"type":"Point","coordinates":[-83.006417,42.492472]},"properties":{"id":"ora-mi-123","name":"I-696 @ Hoover Rd","state":"MI","provider":"Michigan DOT","hls":null,"snapshot":"https://micamerasimages.net/thumbs/semtoc_cam_257.flv.jpg","refreshMs":30000,"attribution":"Ora (Warner Varnado) · Michigan DOT"}},{"type":"Feature","geometry":{"type":"Point","coordinates":[-83.027433,42.491372]},"properties":{"id":"ora-mi-124","name":"I-696 @ Van Dyke","state":"MI","provider":"Michigan DOT","hls":null,"snapshot":"https://micamerasimages.net/thumbs/semtoc_cam_042.flv.jpg","refreshMs":30000,"attribution":"Ora (Warner Varnado) · Michigan DOT"}},{"type":"Feature","geometry":{"type":"Point","coordinates":[-82.993566,42.491999]},"properties":{"id":"ora-mi-125","name":"I-696 @ Fairfield Dr","state":"MI","provider":"Michigan DOT","hls":null,"snapshot":"https://micamerasimages.net/thumbs/semtoc_cam_043.flv.jpg","refreshMs":30000,"attribution":"Ora (Warner Varnado) · Michigan DOT"}},{"type":"Feature","geometry":{"type":"Point","coordinates":[-82.977204,42.493663]},"properties":{"id":"ora-mi-126","name":"I-696 @ W of Groesbeck","state":"MI","provider":"Michigan DOT","hls":null,"snapshot":"https://micamerasimages.net/thumbs/semtoc_cam_006.flv.jpg","refreshMs":30000,"attribution":"Ora (Warner Varnado) · Michigan DOT"}},{"type":"Feature","geometry":{"type":"Point","coordinates":[-82.970556,42.493078]},"properties":{"id":"ora-mi-127","name":"I-696 @ Groesbeck","state":"MI","provider":"Michigan DOT","hls":null,"snapshot":"https://micamerasimages.net/thumbs/semtoc_cam_374.flv.jpg","refreshMs":30000,"attribution":"Ora (Warner Varnado) · Michigan DOT"}},{"type":"Feature","geometry":{"type":"Point","coordinates":[-82.970397,42.49298]},"properties":{"id":"ora-mi-128","name":"I-696 @ Groesbeck 2","state":"MI","provider":"Michigan DOT","hls":null,"snapshot":"https://micamerasimages.net/thumbs/semtoc_cam_375.flv.jpg","refreshMs":30000,"attribution":"Ora (Warner Varnado) · Michigan DOT"}},{"type":"Feature","geometry":{"type":"Point","coordinates":[-82.952778,42.494567]},"properties":{"id":"ora-mi-129","name":"I-696 @ W of Gratiot","state":"MI","provider":"Michigan DOT","hls":null,"snapshot":"https://micamerasimages.net/thumbs/semtoc_cam_372.flv.jpg","refreshMs":30000,"attribution":"Ora (Warner Varnado) · Michigan DOT"}},{"type":"Feature","geometry":{"type":"Point","coordinates":[-82.938409,42.494611]},"properties":{"id":"ora-mi-130","name":"I-696 @ Gratiot Ave (M-3)","state":"MI","provider":"Michigan DOT","hls":null,"snapshot":"https://micamerasimages.net/thumbs/semtoc_cam_037.flv.jpg","refreshMs":30000,"attribution":"Ora (Warner Varnado) · Michigan DOT"}},{"type":"Feature","geometry":{"type":"Point","coordinates":[-82.91916,42.495217]},"properties":{"id":"ora-mi-131","name":"I-696 @ I-94","state":"MI","provider":"Michigan DOT","hls":null,"snapshot":"https://micamerasimages.net/thumbs/semtoc_cam_231.flv.jpg","refreshMs":30000,"attribution":"Ora (Warner Varnado) · Michigan DOT"}},{"type":"Feature","geometry":{"type":"Point","coordinates":[-84.74475,45.89735]},"properties":{"id":"ora-mi-132","name":"I-75 @ South of Castle Rock Rd","state":"MI","provider":"Michigan DOT","hls":null,"snapshot":"https://mdotjboss.state.mi.us/docs/drive/camfiles/rwis/711.jpg","refreshMs":30000,"attribution":"Ora (Warner Varnado) · Michigan DOT"}},{"type":"Feature","geometry":{"type":"Point","coordinates":[-84.56087,46.18625]},"properties":{"id":"ora-mi-133","name":"I-75 @ South of M-48 overpass","state":"MI","provider":"Michigan DOT","hls":null,"snapshot":"https://mdotjboss.state.mi.us/docs/drive/camfiles/rwis/709.jpg","refreshMs":30000,"attribution":"Ora (Warner Varnado) · Michigan DOT"}},{"type":"Feature","geometry":{"type":"Point","coordinates":[-83.234868,42.611221]},"properties":{"id":"ora-mi-134","name":"I-75 @ Business Loop","state":"MI","provider":"Michigan DOT","hls":null,"snapshot":"https://micamerasimages.net/thumbs/semtoc_cam_378.flv.jpg","refreshMs":30000,"attribution":"Ora (Warner Varnado) · Michigan DOT"}},{"type":"Feature","geometry":{"type":"Point","coordinates":[-83.237912,42.61196]},"properties":{"id":"ora-mi-135","name":"I-75 @ Business Loop North to I-75","state":"MI","provider":"Michigan DOT","hls":null,"snapshot":"https://micamerasimages.net/thumbs/semtoc_cam_379.flv.jpg","refreshMs":30000,"attribution":"Ora (Warner Varnado) · Michigan DOT"}},{"type":"Feature","geometry":{"type":"Point","coordinates":[-83.48506,42.746536]},"properties":{"id":"ora-mi-136","name":"I-75 @ Sterns","state":"MI","provider":"Michigan DOT","hls":null,"snapshot":"https://micamerasimages.net/thumbs/internet_cam_182.flv.jpg","refreshMs":30000,"attribution":"Ora (Warner Varnado) · Michigan DOT"}},{"type":"Feature","geometry":{"type":"Point","coordinates":[-83.48126,41.768574]},"properties":{"id":"ora-mi-137","name":"I-75 @ Summit","state":"MI","provider":"Michigan DOT","hls":null,"snapshot":"https://micamerasimages.net/thumbs/internet_cam_069.flv.jpg","refreshMs":30000,"attribution":"Ora (Warner Varnado) · Michigan DOT"}},{"type":"Feature","geometry":{"type":"Point","coordinates":[-83.45137,41.80875]},"properties":{"id":"ora-mi-138","name":"I-75 @ Luna Pier","state":"MI","provider":"Michigan DOT","hls":null,"snapshot":"https://micamerasimages.net/thumbs/internet_cam_217.flv.jpg","refreshMs":30000,"attribution":"Ora (Warner Varnado) · Michigan DOT"}},{"type":"Feature","geometry":{"type":"Point","coordinates":[-83.43525,41.82358]},"properties":{"id":"ora-mi-139","name":"I-75 @ Gaynier","state":"MI","provider":"Michigan DOT","hls":null,"snapshot":"https://micamerasimages.net/thumbs/internet_cam_216.flv.jpg","refreshMs":30000,"attribution":"Ora (Warner Varnado) · Michigan DOT"}},{"type":"Feature","geometry":{"type":"Point","coordinates":[-83.4208,41.843]},"properties":{"id":"ora-mi-140","name":"I-75 @ Otter Creek","state":"MI","provider":"Michigan DOT","hls":null,"snapshot":"https://micamerasimages.net/thumbs/internet_cam_215.flv.jpg","refreshMs":30000,"attribution":"Ora (Warner Varnado) · Michigan DOT"}},{"type":"Feature","geometry":{"type":"Point","coordinates":[-83.405512,41.864296]},"properties":{"id":"ora-mi-141","name":"I-75 @ Monroe WC","state":"MI","provider":"Michigan DOT","hls":null,"snapshot":"https://micamerasimages.net/thumbs/internet_cam_074.flv.jpg","refreshMs":30000,"attribution":"Ora (Warner Varnado) · Michigan DOT"}},{"type":"Feature","geometry":{"type":"Point","coordinates":[-83.394714,41.87829]},"properties":{"id":"ora-mi-142","name":"I-75 @ Laplaisance","state":"MI","provider":"Michigan DOT","hls":null,"snapshot":"https://micamerasimages.net/thumbs/internet_cam_072.flv.jpg","refreshMs":30000,"attribution":"Ora (Warner Varnado) · Michigan DOT"}},{"type":"Feature","geometry":{"type":"Point","coordinates":[-83.3725,41.900524]},"properties":{"id":"ora-mi-143","name":"I-75 @ Front","state":"MI","provider":"Michigan DOT","hls":null,"snapshot":"https://micamerasimages.net/thumbs/internet_cam_070.flv.jpg","refreshMs":30000,"attribution":"Ora (Warner Varnado) · Michigan DOT"}},{"type":"Feature","geometry":{"type":"Point","coordinates":[-83.35961,41.926064]},"properties":{"id":"ora-mi-144","name":"I-75 @ Dixie Hwy","state":"MI","provider":"Michigan DOT","hls":null,"snapshot":"https://micamerasimages.net/thumbs/semtoc_cam_273.flv.jpg","refreshMs":30000,"attribution":"Ora (Warner Varnado) · Michigan DOT"}},{"type":"Feature","geometry":{"type":"Point","coordinates":[-83.362,41.941]},"properties":{"id":"ora-mi-145","name":"I-75 @ Sandy Creek","state":"MI","provider":"Michigan DOT","hls":null,"snapshot":"https://micamerasimages.net/thumbs/semtoc_cam_274.flv.jpg","refreshMs":30000,"attribution":"Ora (Warner Varnado) · Michigan DOT"}},{"type":"Feature","geometry":{"type":"Point","coordinates":[-83.36148,41.951385]},"properties":{"id":"ora-mi-146","name":"I-75 @ Nadeau","state":"MI","provider":"Michigan DOT","hls":null,"snapshot":"https://micamerasimages.net/thumbs/semtoc_cam_317.flv.jpg","refreshMs":30000,"attribution":"Ora (Warner Varnado) · Michigan DOT"}},{"type":"Feature","geometry":{"type":"Point","coordinates":[-83.3272,41.99245]},"properties":{"id":"ora-mi-147","name":"I-75 @ I-275","state":"MI","provider":"Michigan DOT","hls":null,"snapshot":"https://micamerasimages.net/thumbs/semtoc_cam_247.flv.jpg","refreshMs":30000,"attribution":"Ora (Warner Varnado) · Michigan DOT"}},{"type":"Feature","geometry":{"type":"Point","coordinates":[-83.28829,42.036522]},"properties":{"id":"ora-mi-148","name":"I-75 @ Sigler","state":"MI","provider":"Michigan DOT","hls":null,"snapshot":"https://micamerasimages.net/thumbs/semtoc_cam_275.flv.jpg","refreshMs":30000,"attribution":"Ora (Warner Varnado) · Michigan DOT"}},{"type":"Feature","geometry":{"type":"Point","coordinates":[-83.251944,42.070345]},"properties":{"id":"ora-mi-149","name":"I-75 @ N Huron River","state":"MI","provider":"Michigan DOT","hls":null,"snapshot":"https://micamerasimages.net/thumbs/semtoc_cam_276.flv.jpg","refreshMs":30000,"attribution":"Ora (Warner Varnado) · Michigan DOT"}},{"type":"Feature","geometry":{"type":"Point","coordinates":[-83.24133,42.09576]},"properties":{"id":"ora-mi-150","name":"I-75 @ Gibraltar","state":"MI","provider":"Michigan DOT","hls":null,"snapshot":"https://micamerasimages.net/thumbs/semtoc_cam_277.flv.jpg","refreshMs":30000,"attribution":"Ora (Warner Varnado) · Michigan DOT"}},{"type":"Feature","geometry":{"type":"Point","coordinates":[-83.24085,42.140658]},"properties":{"id":"ora-mi-151","name":"I-75 @ West Rd","state":"MI","provider":"Michigan DOT","hls":null,"snapshot":"https://micamerasimages.net/thumbs/semtoc_cam_073.flv.jpg","refreshMs":30000,"attribution":"Ora (Warner Varnado) · Michigan DOT"}},{"type":"Feature","geometry":{"type":"Point","coordinates":[-83.24,42.198]},"properties":{"id":"ora-mi-152","name":"I-75 @ Eureka Rd","state":"MI","provider":"Michigan DOT","hls":null,"snapshot":"https://micamerasimages.net/thumbs/semtoc_cam_272.flv.jpg","refreshMs":30000,"attribution":"Ora (Warner Varnado) · Michigan DOT"}},{"type":"Feature","geometry":{"type":"Point","coordinates":[-83.221219,42.213681]},"properties":{"id":"ora-mi-153","name":"I-75 @ North Line","state":"MI","provider":"Michigan DOT","hls":null,"snapshot":"https://micamerasimages.net/thumbs/semtoc_cam_261.flv.jpg","refreshMs":30000,"attribution":"Ora (Warner Varnado) · Michigan DOT"}},{"type":"Feature","geometry":{"type":"Point","coordinates":[-83.194,42.243]},"properties":{"id":"ora-mi-154","name":"I-75 @ Dix Hwy","state":"MI","provider":"Michigan DOT","hls":null,"snapshot":"https://micamerasimages.net/thumbs/semtoc_cam_262.flv.jpg","refreshMs":30000,"attribution":"Ora (Warner Varnado) · Michigan DOT"}},{"type":"Feature","geometry":{"type":"Point","coordinates":[-83.176378,42.263142]},"properties":{"id":"ora-mi-155","name":"I-75 @ Outer Dr","state":"MI","provider":"Michigan DOT","hls":null,"snapshot":"https://micamerasimages.net/thumbs/semtoc_cam_076.flv.jpg","refreshMs":30000,"attribution":"Ora (Warner Varnado) · Michigan DOT"}},{"type":"Feature","geometry":{"type":"Point","coordinates":[-83.16026,42.275956]},"properties":{"id":"ora-mi-156","name":"I-75 @ S of Schaefer","state":"MI","provider":"Michigan DOT","hls":null,"snapshot":"https://micamerasimages.net/thumbs/semtoc_cam_263.flv.jpg","refreshMs":30000,"attribution":"Ora (Warner Varnado) · Michigan DOT"}},{"type":"Feature","geometry":{"type":"Point","coordinates":[-83.152191,42.278464]},"properties":{"id":"ora-mi-157","name":"I-75 @ N of Schaefer","state":"MI","provider":"Michigan DOT","hls":null,"snapshot":"https://micamerasimages.net/thumbs/semtoc_cam_264.flv.jpg","refreshMs":30000,"attribution":"Ora (Warner Varnado) · Michigan DOT"}},{"type":"Feature","geometry":{"type":"Point","coordinates":[-83.128047,42.291821]},"properties":{"id":"ora-mi-158","name":"I-75 @ Dearborn St","state":"MI","provider":"Michigan DOT","hls":null,"snapshot":"https://micamerasimages.net/thumbs/semtoc_cam_265.flv.jpg","refreshMs":30000,"attribution":"Ora (Warner Varnado) · Michigan DOT"}},{"type":"Feature","geometry":{"type":"Point","coordinates":[-83.096398,42.311135]},"properties":{"id":"ora-mi-159","name":"I-75 @  S of Clark","state":"MI","provider":"Michigan DOT","hls":null,"snapshot":"https://micamerasimages.net/thumbs/semtoc_cam_097.flv.jpg","refreshMs":30000,"attribution":"Ora (Warner Varnado) · Michigan DOT"}},{"type":"Feature","geometry":{"type":"Point","coordinates":[-83.081448,42.31982]},"properties":{"id":"ora-mi-160","name":"I-75 @ S of Vernor","state":"MI","provider":"Michigan DOT","hls":null,"snapshot":"https://micamerasimages.net/thumbs/semtoc_cam_081.flv.jpg","refreshMs":30000,"attribution":"Ora (Warner Varnado) · Michigan DOT"}},{"type":"Feature","geometry":{"type":"Point","coordinates":[-83.081241,42.322782]},"properties":{"id":"ora-mi-161","name":"I-75 @ Vernor","state":"MI","provider":"Michigan DOT","hls":null,"snapshot":"https://micamerasimages.net/thumbs/semtoc_cam_084.flv.jpg","refreshMs":30000,"attribution":"Ora (Warner Varnado) · Michigan DOT"}},{"type":"Feature","geometry":{"type":"Point","coordinates":[-83.085006,42.331323]},"properties":{"id":"ora-mi-162","name":"I-75 @ I-96","state":"MI","provider":"Michigan DOT","hls":null,"snapshot":"https://micamerasimages.net/thumbs/semtoc_cam_124.flv.jpg","refreshMs":30000,"attribution":"Ora (Warner Varnado) · Michigan DOT"}},{"type":"Feature","geometry":{"type":"Point","coordinates":[-83.05088,42.340486]},"properties":{"id":"ora-mi-163","name":"I-75 @ E of Woodward","state":"MI","provider":"Michigan DOT","hls":null,"snapshot":"https://micamerasimages.net/thumbs/semtoc_cam_075.flv.jpg","refreshMs":30000,"attribution":"Ora (Warner Varnado) · Michigan DOT"}},{"type":"Feature","geometry":{"type":"Point","coordinates":[-83.04333,42.343645]},"properties":{"id":"ora-mi-164","name":"I-75 @ M-3","state":"MI","provider":"Michigan DOT","hls":null,"snapshot":"https://micamerasimages.net/thumbs/semtoc_cam_008.flv.jpg","refreshMs":30000,"attribution":"Ora (Warner Varnado) · Michigan DOT"}},{"type":"Feature","geometry":{"type":"Point","coordinates":[-83.045325,42.347959]},"properties":{"id":"ora-mi-165","name":"I-75 @  S of Mack","state":"MI","provider":"Michigan DOT","hls":null,"snapshot":"https://micamerasimages.net/thumbs/semtoc_cam_077.flv.jpg","refreshMs":30000,"attribution":"Ora (Warner Varnado) · Michigan DOT"}},{"type":"Feature","geometry":{"type":"Point","coordinates":[-83.05685,42.364848]},"properties":{"id":"ora-mi-166","name":"I-75 @ S of I-94","state":"MI","provider":"Michigan DOT","hls":null,"snapshot":"https://micamerasimages.net/thumbs/semtoc_cam_096.flv.jpg","refreshMs":30000,"attribution":"Ora (Warner Varnado) · Michigan DOT"}},{"type":"Feature","geometry":{"type":"Point","coordinates":[-83.059081,42.369564]},"properties":{"id":"ora-mi-167","name":"I-75 @ N of I-94","state":"MI","provider":"Michigan DOT","hls":null,"snapshot":"https://micamerasimages.net/thumbs/semtoc_cam_078.flv.jpg","refreshMs":30000,"attribution":"Ora (Warner Varnado) · Michigan DOT"}},{"type":"Feature","geometry":{"type":"Point","coordinates":[-83.063358,42.380069]},"properties":{"id":"ora-mi-168","name":"I-75 @ Clay","state":"MI","provider":"Michigan DOT","hls":null,"snapshot":"https://micamerasimages.net/thumbs/semtoc_cam_055.flv.jpg","refreshMs":30000,"attribution":"Ora (Warner Varnado) · Michigan DOT"}},{"type":"Feature","geometry":{"type":"Point","coordinates":[-83.050364,42.327471]},"properties":{"id":"ora-mi-169","name":"I-75 @ Larned W of Washington","state":"MI","provider":"Michigan DOT","hls":null,"snapshot":"https://micamerasimages.net/thumbs/semtoc_cam_100.flv.jpg","refreshMs":30000,"attribution":"Ora (Warner Varnado) · Michigan DOT"}},{"type":"Feature","geometry":{"type":"Point","coordinates":[-83.068077,42.397066]},"properties":{"id":"ora-mi-170","name":"I-75 @ Caniff St","state":"MI","provider":"Michigan DOT","hls":null,"snapshot":"https://micamerasimages.net/thumbs/semtoc_cam_054.flv.jpg","refreshMs":30000,"attribution":"Ora (Warner Varnado) · Michigan DOT"}},{"type":"Feature","geometry":{"type":"Point","coordinates":[-83.070107,42.389663]},"properties":{"id":"ora-mi-171","name":"I-75 @ Westminster St","state":"MI","provider":"Michigan DOT","hls":null,"snapshot":"https://micamerasimages.net/thumbs/semtoc_cam_373.flv.jpg","refreshMs":30000,"attribution":"Ora (Warner Varnado) · Michigan DOT"}},{"type":"Feature","geometry":{"type":"Point","coordinates":[-83.076024,42.407021]},"properties":{"id":"ora-mi-172","name":"I-75 @ S of M-8","state":"MI","provider":"Michigan DOT","hls":null,"snapshot":"https://micamerasimages.net/thumbs/semtoc_cam_102.flv.jpg","refreshMs":30000,"attribution":"Ora (Warner Varnado) · Michigan DOT"}},{"type":"Feature","geometry":{"type":"Point","coordinates":[-83.078583,42.408419]},"properties":{"id":"ora-mi-173","name":"I-75 @ M-8","state":"MI","provider":"Michigan DOT","hls":null,"snapshot":"https://micamerasimages.net/thumbs/semtoc_cam_009.flv.jpg","refreshMs":30000,"attribution":"Ora (Warner Varnado) · Michigan DOT"}},{"type":"Feature","geometry":{"type":"Point","coordinates":[-83.081424,42.410141]},"properties":{"id":"ora-mi-174","name":"I-75 @ N of M-8","state":"MI","provider":"Michigan DOT","hls":null,"snapshot":"https://micamerasimages.net/thumbs/semtoc_cam_072.flv.jpg","refreshMs":30000,"attribution":"Ora (Warner Varnado) · Michigan DOT"}},{"type":"Feature","geometry":{"type":"Point","coordinates":[-83.084152,42.414377]},"properties":{"id":"ora-mi-175","name":"I-75 @ S of McNichols","state":"MI","provider":"Michigan DOT","hls":null,"snapshot":"https://micamerasimages.net/thumbs/semtoc_cam_099.flv.jpg","refreshMs":30000,"attribution":"Ora (Warner Varnado) · Michigan DOT"}},{"type":"Feature","geometry":{"type":"Point","coordinates":[-83.091924,42.422561]},"properties":{"id":"ora-mi-176","name":"I-75 @ N of McNichols","state":"MI","provider":"Michigan DOT","hls":null,"snapshot":"https://micamerasimages.net/thumbs/semtoc_cam_343.flv.jpg","refreshMs":30000,"attribution":"Ora (Warner Varnado) · Michigan DOT"}},{"type":"Feature","geometry":{"type":"Point","coordinates":[-83.094509,42.426173]},"properties":{"id":"ora-mi-177","name":"I-75 @ Nevada","state":"MI","provider":"Michigan DOT","hls":null,"snapshot":"https://micamerasimages.net/thumbs/semtoc_cam_069.flv.jpg","refreshMs":30000,"attribution":"Ora (Warner Varnado) · Michigan DOT"}},{"type":"Feature","geometry":{"type":"Point","coordinates":[-83.094378,42.432255]},"properties":{"id":"ora-mi-178","name":"I-75 @ 7 Mile","state":"MI","provider":"Michigan DOT","hls":null,"snapshot":"https://micamerasimages.net/thumbs/semtoc_cam_345.flv.jpg","refreshMs":30000,"attribution":"Ora (Warner Varnado) · Michigan DOT"}},{"type":"Feature","geometry":{"type":"Point","coordinates":[-83.09515,42.447231]},"properties":{"id":"ora-mi-179","name":"I-75 @ N of 8 Mile Rd","state":"MI","provider":"Michigan DOT","hls":null,"snapshot":"https://micamerasimages.net/thumbs/semtoc_cam_079.flv.jpg","refreshMs":30000,"attribution":"Ora (Warner Varnado) · Michigan DOT"}},{"type":"Feature","geometry":{"type":"Point","coordinates":[-83.095433,42.443117]},"properties":{"id":"ora-mi-180","name":"I-75 @ S of 8 Mile","state":"MI","provider":"Michigan DOT","hls":null,"snapshot":"https://micamerasimages.net/thumbs/semtoc_cam_083.flv.jpg","refreshMs":30000,"attribution":"Ora (Warner Varnado) · Michigan DOT"}},{"type":"Feature","geometry":{"type":"Point","coordinates":[-83.09532,42.455254]},"properties":{"id":"ora-mi-181","name":"I-75 @ S of John Rd","state":"MI","provider":"Michigan DOT","hls":null,"snapshot":"https://micamerasimages.net/thumbs/semtoc_cam_082.flv.jpg","refreshMs":30000,"attribution":"Ora (Warner Varnado) · Michigan DOT"}},{"type":"Feature","geometry":{"type":"Point","coordinates":[-83.105604,42.459898]},"properties":{"id":"ora-mi-182","name":"I-75 @ S of 9 Mile","state":"MI","provider":"Michigan DOT","hls":null,"snapshot":"https://micamerasimages.net/thumbs/semtoc_cam_052.flv.jpg","refreshMs":30000,"attribution":"Ora (Warner Varnado) · Michigan DOT"}},{"type":"Feature","geometry":{"type":"Point","coordinates":[-83.10813,42.465583]},"properties":{"id":"ora-mi-183","name":"I-75 @ N of 9 Mile","state":"MI","provider":"Michigan DOT","hls":null,"snapshot":"https://micamerasimages.net/thumbs/semtoc_cam_080.flv.jpg","refreshMs":30000,"attribution":"Ora (Warner Varnado) · Michigan DOT"}},{"type":"Feature","geometry":{"type":"Point","coordinates":[-83.111265,42.473244]},"properties":{"id":"ora-mi-184","name":"I-75 @ S of I-696","state":"MI","provider":"Michigan DOT","hls":null,"snapshot":"https://micamerasimages.net/thumbs/semtoc_cam_103.flv.jpg","refreshMs":30000,"attribution":"Ora (Warner Varnado) · Michigan DOT"}},{"type":"Feature","geometry":{"type":"Point","coordinates":[-83.115758,42.534386]},"properties":{"id":"ora-mi-185","name":"I-75 @ 14 Mile","state":"MI","provider":"Michigan DOT","hls":null,"snapshot":"https://micamerasimages.net/thumbs/semtoc_cam_051.flv.jpg","refreshMs":30000,"attribution":"Ora (Warner Varnado) · Michigan DOT"}},{"type":"Feature","geometry":{"type":"Point","coordinates":[-83.119865,42.558092]},"properties":{"id":"ora-mi-186","name":"I-75 @ Rochester","state":"MI","provider":"Michigan DOT","hls":null,"snapshot":"https://micamerasimages.net/thumbs/semtoc_cam_105.flv.jpg","refreshMs":30000,"attribution":"Ora (Warner Varnado) · Michigan DOT"}},{"type":"Feature","geometry":{"type":"Point","coordinates":[-83.151572,42.558083]},"properties":{"id":"ora-mi-187","name":"I-75 @ S of Big Beaver","state":"MI","provider":"Michigan DOT","hls":null,"snapshot":"https://micamerasimages.net/thumbs/semtoc_cam_065.flv.jpg","refreshMs":30000,"attribution":"Ora (Warner Varnado) · Michigan DOT"}},{"type":"Feature","geometry":{"type":"Point","coordinates":[-83.158007,42.561915]},"properties":{"id":"ora-mi-188","name":"I-75 @ Big Beaver","state":"MI","provider":"Michigan DOT","hls":null,"snapshot":"https://micamerasimages.net/thumbs/semtoc_cam_053.flv.jpg","refreshMs":30000,"attribution":"Ora (Warner Varnado) · Michigan DOT"}},{"type":"Feature","geometry":{"type":"Point","coordinates":[-83.169871,42.60522]},"properties":{"id":"ora-mi-189","name":"I-75 @ Crooks","state":"MI","provider":"Michigan DOT","hls":null,"snapshot":"https://micamerasimages.net/thumbs/semtoc_cam_056.flv.jpg","refreshMs":30000,"attribution":"Ora (Warner Varnado) · Michigan DOT"}},{"type":"Feature","geometry":{"type":"Point","coordinates":[-83.208025,42.606268]},"properties":{"id":"ora-mi-190","name":"I-75 @ Adams","state":"MI","provider":"Michigan DOT","hls":null,"snapshot":"https://micamerasimages.net/thumbs/semtoc_cam_376.flv.jpg","refreshMs":30000,"attribution":"Ora (Warner Varnado) · Michigan DOT"}},{"type":"Feature","geometry":{"type":"Point","coordinates":[-83.23614,42.620426]},"properties":{"id":"ora-mi-191","name":"I-75 @ N of Square Lake","state":"MI","provider":"Michigan DOT","hls":null,"snapshot":"https://micamerasimages.net/thumbs/semtoc_cam_070.flv.jpg","refreshMs":30000,"attribution":"Ora (Warner Varnado) · Michigan DOT"}},{"type":"Feature","geometry":{"type":"Point","coordinates":[-83.2328,42.6139]},"properties":{"id":"ora-mi-192","name":"I-75 @ Square Lake","state":"MI","provider":"Michigan DOT","hls":null,"snapshot":"https://micamerasimages.net/thumbs/semtoc_cam_064.flv.jpg","refreshMs":30000,"attribution":"Ora (Warner Varnado) · Michigan DOT"}},{"type":"Feature","geometry":{"type":"Point","coordinates":[-83.232635,42.613755]},"properties":{"id":"ora-mi-193","name":"I-75 @ Square Lake 2","state":"MI","provider":"Michigan DOT","hls":null,"snapshot":"https://micamerasimages.net/thumbs/semtoc_cam_377.flv.jpg","refreshMs":30000,"attribution":"Ora (Warner Varnado) · Michigan DOT"}},{"type":"Feature","geometry":{"type":"Point","coordinates":[-83.238517,42.629011]},"properties":{"id":"ora-mi-194","name":"I-75 @ S of M-59","state":"MI","provider":"Michigan DOT","hls":null,"snapshot":"https://micamerasimages.net/thumbs/semtoc_cam_104.flv.jpg","refreshMs":30000,"attribution":"Ora (Warner Varnado) · Michigan DOT"}},{"type":"Feature","geometry":{"type":"Point","coordinates":[-83.238742,42.641282]},"properties":{"id":"ora-mi-195","name":"I-75 @ M-59","state":"MI","provider":"Michigan DOT","hls":null,"snapshot":"https://micamerasimages.net/thumbs/semtoc_cam_067.flv.jpg","refreshMs":30000,"attribution":"Ora (Warner Varnado) · Michigan DOT"}},{"type":"Feature","geometry":{"type":"Point","coordinates":[-83.241543,42.663305]},"properties":{"id":"ora-mi-196","name":"I-75 @ University","state":"MI","provider":"Michigan DOT","hls":null,"snapshot":"https://micamerasimages.net/thumbs/semtoc_cam_280.flv.jpg","refreshMs":30000,"attribution":"Ora (Warner Varnado) · Michigan DOT"}},{"type":"Feature","geometry":{"type":"Point","coordinates":[-83.241322,42.680784]},"properties":{"id":"ora-mi-197","name":"I-75 @ S of Lapeer Rd","state":"MI","provider":"Michigan DOT","hls":null,"snapshot":"https://micamerasimages.net/thumbs/semtoc_cam_282.flv.jpg","refreshMs":30000,"attribution":"Ora (Warner Varnado) · Michigan DOT"}},{"type":"Feature","geometry":{"type":"Point","coordinates":[-83.250598,42.692035]},"properties":{"id":"ora-mi-198","name":"I-75 @ Lapeer Rd","state":"MI","provider":"Michigan DOT","hls":null,"snapshot":"https://micamerasimages.net/thumbs/semtoc_cam_283.flv.jpg","refreshMs":30000,"attribution":"Ora (Warner Varnado) · Michigan DOT"}},{"type":"Feature","geometry":{"type":"Point","coordinates":[-83.272047,42.695706]},"properties":{"id":"ora-mi-199","name":"I-75 @ S of Joslyn","state":"MI","provider":"Michigan DOT","hls":null,"snapshot":"https://micamerasimages.net/thumbs/semtoc_cam_284.flv.jpg","refreshMs":30000,"attribution":"Ora (Warner Varnado) · Michigan DOT"}},{"type":"Feature","geometry":{"type":"Point","coordinates":[-83.283737,42.701649]},"properties":{"id":"ora-mi-200","name":"I-75 @ Joslyn","state":"MI","provider":"Michigan DOT","hls":null,"snapshot":"https://micamerasimages.net/thumbs/semtoc_cam_285.flv.jpg","refreshMs":30000,"attribution":"Ora (Warner Varnado) · Michigan DOT"}},{"type":"Feature","geometry":{"type":"Point","coordinates":[-83.306374,42.705566]},"properties":{"id":"ora-mi-201","name":"I-75 @ Baldwin","state":"MI","provider":"Michigan DOT","hls":null,"snapshot":"https://micamerasimages.net/thumbs/semtoc_cam_286.flv.jpg","refreshMs":30000,"attribution":"Ora (Warner Varnado) · Michigan DOT"}},{"type":"Feature","geometry":{"type":"Point","coordinates":[-83.329974,42.707232]},"properties":{"id":"ora-mi-202","name":"I-75 @ N of Baldwin WS","state":"MI","provider":"Michigan DOT","hls":null,"snapshot":"https://micamerasimages.net/thumbs/semtoc_cam_288.flv.jpg","refreshMs":30000,"attribution":"Ora (Warner Varnado) · Michigan DOT"}},{"type":"Feature","geometry":{"type":"Point","coordinates":[-83.34792,42.720382]},"properties":{"id":"ora-mi-203","name":"I-75 @ Clintonville","state":"MI","provider":"Michigan DOT","hls":null,"snapshot":"https://micamerasimages.net/thumbs/semtoc_cam_290.flv.jpg","refreshMs":30000,"attribution":"Ora (Warner Varnado) · Michigan DOT"}},{"type":"Feature","geometry":{"type":"Point","coordinates":[-83.373785,42.732089]},"properties":{"id":"ora-mi-204","name":"I-75 @ S of Sashabaw","state":"MI","provider":"Michigan DOT","hls":null,"snapshot":"https://micamerasimages.net/thumbs/semtoc_cam_291.flv.jpg","refreshMs":30000,"attribution":"Ora (Warner Varnado) · Michigan DOT"}},{"type":"Feature","geometry":{"type":"Point","coordinates":[-83.37959,42.736523]},"properties":{"id":"ora-mi-205","name":"I-75 @ Sashabaw","state":"MI","provider":"Michigan DOT","hls":null,"snapshot":"https://micamerasimages.net/thumbs/semtoc_cam_292.flv.jpg","refreshMs":30000,"attribution":"Ora (Warner Varnado) · Michigan DOT"}},{"type":"Feature","geometry":{"type":"Point","coordinates":[-83.393551,42.744904]},"properties":{"id":"ora-mi-206","name":"I-75 @ S of M15","state":"MI","provider":"Michigan DOT","hls":null,"snapshot":"https://micamerasimages.net/thumbs/semtoc_cam_293.flv.jpg","refreshMs":30000,"attribution":"Ora (Warner Varnado) · Michigan DOT"}},{"type":"Feature","geometry":{"type":"Point","coordinates":[-83.419722,42.746101]},"properties":{"id":"ora-mi-207","name":"I-75 @ M15","state":"MI","provider":"Michigan DOT","hls":null,"snapshot":"https://micamerasimages.net/thumbs/semtoc_cam_294.flv.jpg","refreshMs":30000,"attribution":"Ora (Warner Varnado) · Michigan DOT"}},{"type":"Feature","geometry":{"type":"Point","coordinates":[-83.433268,42.747286]},"properties":{"id":"ora-mi-208","name":"I-75 @ N of M15","state":"MI","provider":"Michigan DOT","hls":null,"snapshot":"https://micamerasimages.net/thumbs/semtoc_cam_295.flv.jpg","refreshMs":30000,"attribution":"Ora (Warner Varnado) · Michigan DOT"}},{"type":"Feature","geometry":{"type":"Point","coordinates":[-83.453007,42.74036]},"properties":{"id":"ora-mi-209","name":"I-75 @ Dixie Hwy NB","state":"MI","provider":"Michigan DOT","hls":null,"snapshot":"https://micamerasimages.net/thumbs/semtoc_cam_296.flv.jpg","refreshMs":30000,"attribution":"Ora (Warner Varnado) · Michigan DOT"}},{"type":"Feature","geometry":{"type":"Point","coordinates":[-83.45511,42.73758]},"properties":{"id":"ora-mi-210","name":"I-75 @ Dixie Hwy SB","state":"MI","provider":"Michigan DOT","hls":null,"snapshot":"https://micamerasimages.net/thumbs/semtoc_cam_289.flv.jpg","refreshMs":30000,"attribution":"Ora (Warner Varnado) · Michigan DOT"}},{"type":"Feature","geometry":{"type":"Point","coordinates":[-83.485902,42.743793]},"properties":{"id":"ora-mi-211","name":"I-75 @ Clarkston RA","state":"MI","provider":"Michigan DOT","hls":null,"snapshot":"https://micamerasimages.net/thumbs/semtoc_cam_297.flv.jpg","refreshMs":30000,"attribution":"Ora (Warner Varnado) · Michigan DOT"}},{"type":"Feature","geometry":{"type":"Point","coordinates":[-83.496182,42.749102]},"properties":{"id":"ora-mi-212","name":"I-75 @ S of Davisburg NB","state":"MI","provider":"Michigan DOT","hls":null,"snapshot":"https://micamerasimages.net/thumbs/semtoc_cam_298.flv.jpg","refreshMs":30000,"attribution":"Ora (Warner Varnado) · Michigan DOT"}},{"type":"Feature","geometry":{"type":"Point","coordinates":[-83.499218,42.749512]},"properties":{"id":"ora-mi-213","name":"I-75 @ S of Davisburg SB","state":"MI","provider":"Michigan DOT","hls":null,"snapshot":"https://micamerasimages.net/thumbs/semtoc_cam_299.flv.jpg","refreshMs":30000,"attribution":"Ora (Warner Varnado) · Michigan DOT"}},{"type":"Feature","geometry":{"type":"Point","coordinates":[-83.509358,42.761279]},"properties":{"id":"ora-mi-214","name":"I-75 @ Davisburg RA","state":"MI","provider":"Michigan DOT","hls":null,"snapshot":"https://micamerasimages.net/thumbs/semtoc_cam_300.flv.jpg","refreshMs":30000,"attribution":"Ora (Warner Varnado) · Michigan DOT"}},{"type":"Feature","geometry":{"type":"Point","coordinates":[-83.526564,42.77448]},"properties":{"id":"ora-mi-215","name":"I-75 @ Rattalee Lake","state":"MI","provider":"Michigan DOT","hls":null,"snapshot":"https://micamerasimages.net/thumbs/semtoc_cam_301.flv.jpg","refreshMs":30000,"attribution":"Ora (Warner Varnado) · Michigan DOT"}},{"type":"Feature","geometry":{"type":"Point","coordinates":[-83.537633,42.787157]},"properties":{"id":"ora-mi-216","name":"I-75 @ N of E Holly","state":"MI","provider":"Michigan DOT","hls":null,"snapshot":"https://micamerasimages.net/thumbs/semtoc_cam_302.flv.jpg","refreshMs":30000,"attribution":"Ora (Warner Varnado) · Michigan DOT"}},{"type":"Feature","geometry":{"type":"Point","coordinates":[-83.558459,42.802319]},"properties":{"id":"ora-mi-217","name":"I-75 @ S of Grange Hall","state":"MI","provider":"Michigan DOT","hls":null,"snapshot":"https://micamerasimages.net/thumbs/semtoc_cam_305.flv.jpg","refreshMs":30000,"attribution":"Ora (Warner Varnado) · Michigan DOT"}},{"type":"Feature","geometry":{"type":"Point","coordinates":[-83.570123,42.814801]},"properties":{"id":"ora-mi-218","name":"I-75 @ Grange Hall Rd","state":"MI","provider":"Michigan DOT","hls":null,"snapshot":"https://micamerasimages.net/thumbs/semtoc_cam_306.flv.jpg","refreshMs":30000,"attribution":"Ora (Warner Varnado) · Michigan DOT"}},{"type":"Feature","geometry":{"type":"Point","coordinates":[-83.577511,42.833213]},"properties":{"id":"ora-mi-219","name":"I-75 @ N of Grange Hall","state":"MI","provider":"Michigan DOT","hls":null,"snapshot":"https://micamerasimages.net/thumbs/semtoc_cam_307.flv.jpg","refreshMs":30000,"attribution":"Ora (Warner Varnado) · Michigan DOT"}},{"type":"Feature","geometry":{"type":"Point","coordinates":[-83.590872,42.852244]},"properties":{"id":"ora-mi-220","name":"I-75 @ S of Belford","state":"MI","provider":"Michigan DOT","hls":null,"snapshot":"https://micamerasimages.net/thumbs/semtoc_cam_308.flv.jpg","refreshMs":30000,"attribution":"Ora (Warner Varnado) · Michigan DOT"}},{"type":"Feature","geometry":{"type":"Point","coordinates":[-83.5914,42.867755]},"properties":{"id":"ora-mi-221","name":"I-75 @ S of Dixie Hwy","state":"MI","provider":"Michigan DOT","hls":null,"snapshot":"https://micamerasimages.net/thumbs/semtoc_cam_309.flv.jpg","refreshMs":30000,"attribution":"Ora (Warner Varnado) · Michigan DOT"}},{"type":"Feature","geometry":{"type":"Point","coordinates":[-83.596752,42.872939]},"properties":{"id":"ora-mi-222","name":"I-75 @ Dixie Hwy","state":"MI","provider":"Michigan DOT","hls":null,"snapshot":"https://micamerasimages.net/thumbs/semtoc_cam_304.flv.jpg","refreshMs":30000,"attribution":"Ora (Warner Varnado) · Michigan DOT"}},{"type":"Feature","geometry":{"type":"Point","coordinates":[-83.67822,42.918842]},"properties":{"id":"ora-mi-223","name":"I-75 @ I-475","state":"MI","provider":"Michigan DOT","hls":null,"snapshot":"https://micamerasimages.net/thumbs/stoc_cam_014.flv.jpg","refreshMs":30000,"attribution":"Ora (Warner Varnado) · Michigan DOT"}},{"type":"Feature","geometry":{"type":"Point","coordinates":[-83.72445,42.952404]},"properties":{"id":"ora-mi-224","name":"I-75 @ US-23","state":"MI","provider":"Michigan DOT","hls":null,"snapshot":"https://micamerasimages.net/thumbs/stoc_cam_016.flv.jpg","refreshMs":30000,"attribution":"Ora (Warner Varnado) · Michigan DOT"}},{"type":"Feature","geometry":{"type":"Point","coordinates":[-83.72585,42.97724]},"properties":{"id":"ora-mi-225","name":"I-75 @ Bristol Rd","state":"MI","provider":"Michigan DOT","hls":null,"snapshot":"https://micamerasimages.net/thumbs/stoc_cam_012.flv.jpg","refreshMs":30000,"attribution":"Ora (Warner Varnado) · Michigan DOT"}},{"type":"Feature","geometry":{"type":"Point","coordinates":[-83.74927,42.997063]},"properties":{"id":"ora-mi-226","name":"I-75 @ Miller Rd","state":"MI","provider":"Michigan DOT","hls":null,"snapshot":"https://micamerasimages.net/thumbs/stoc_cam_015.flv.jpg","refreshMs":30000,"attribution":"Ora (Warner Varnado) · Michigan DOT"}},{"type":"Feature","geometry":{"type":"Point","coordinates":[-83.76384,43.09857]},"properties":{"id":"ora-mi-227","name":"I-75 @ I-475","state":"MI","provider":"Michigan DOT","hls":null,"snapshot":"https://micamerasimages.net/thumbs/stoc_cam_010.flv.jpg","refreshMs":30000,"attribution":"Ora (Warner Varnado) · Michigan DOT"}},{"type":"Feature","geometry":{"type":"Point","coordinates":[-83.769226,43.179558]},"properties":{"id":"ora-mi-228","name":"I-75 @ M-57","state":"MI","provider":"Michigan DOT","hls":null,"snapshot":"https://micamerasimages.net/thumbs/internet_cam_002.flv.jpg","refreshMs":30000,"attribution":"Ora (Warner Varnado) · Michigan DOT"}},{"type":"Feature","geometry":{"type":"Point","coordinates":[-83.774506,43.25045]},"properties":{"id":"ora-mi-229","name":"I-75 @ M-54","state":"MI","provider":"Michigan DOT","hls":null,"snapshot":"https://micamerasimages.net/thumbs/internet_cam_006.flv.jpg","refreshMs":30000,"attribution":"Ora (Warner Varnado) · Michigan DOT"}},{"type":"Feature","geometry":{"type":"Point","coordinates":[-83.794777,43.270786]},"properties":{"id":"ora-mi-230","name":"I-75 @ Maple Rd","state":"MI","provider":"Michigan DOT","hls":null,"snapshot":"https://micamerasimages.net/thumbs/internet_cam_004.flv.jpg","refreshMs":30000,"attribution":"Ora (Warner Varnado) · Michigan DOT"}},{"type":"Feature","geometry":{"type":"Point","coordinates":[-83.86248,43.348072]},"properties":{"id":"ora-mi-231","name":"I-75 @ Dixie Hwy","state":"MI","provider":"Michigan DOT","hls":null,"snapshot":"https://micamerasimages.net/thumbs/stoc_cam_003.flv.jpg","refreshMs":30000,"attribution":"Ora (Warner Varnado) · Michigan DOT"}},{"type":"Feature","geometry":{"type":"Point","coordinates":[-83.832947,43.306133]},"properties":{"id":"ora-mi-232","name":"I-75 @ Townline Rd","state":"MI","provider":"Michigan DOT","hls":null,"snapshot":"https://micamerasimages.net/thumbs/internet_cam_001.flv.jpg","refreshMs":30000,"attribution":"Ora (Warner Varnado) · Michigan DOT"}},{"type":"Feature","geometry":{"type":"Point","coordinates":[-83.889754,43.426505]},"properties":{"id":"ora-mi-233","name":"I-75 @ Janes Ave","state":"MI","provider":"Michigan DOT","hls":null,"snapshot":"https://micamerasimages.net/thumbs/internet_cam_148.flv.jpg","refreshMs":30000,"attribution":"Ora (Warner Varnado) · Michigan DOT"}},{"type":"Feature","geometry":{"type":"Point","coordinates":[-83.89123,43.451636]},"properties":{"id":"ora-mi-234","name":"I-75 @ M-81","state":"MI","provider":"Michigan DOT","hls":null,"snapshot":"https://micamerasimages.net/thumbs/internet_cam_151.flv.jpg","refreshMs":30000,"attribution":"Ora (Warner Varnado) · Michigan DOT"}},{"type":"Feature","geometry":{"type":"Point","coordinates":[-83.9005,43.47406]},"properties":{"id":"ora-mi-235","name":"I-75 @ M-13","state":"MI","provider":"Michigan DOT","hls":null,"snapshot":"https://micamerasimages.net/thumbs/internet_cam_152.flv.jpg","refreshMs":30000,"attribution":"Ora (Warner Varnado) · Michigan DOT"}},{"type":"Feature","geometry":{"type":"Point","coordinates":[-83.92987,43.49608]},"properties":{"id":"ora-mi-236","name":"I-75 @ I-675","state":"MI","provider":"Michigan DOT","hls":null,"snapshot":"https://micamerasimages.net/thumbs/stoc_cam_007.flv.jpg","refreshMs":30000,"attribution":"Ora (Warner Varnado) · Michigan DOT"}},{"type":"Feature","geometry":{"type":"Point","coordinates":[-83.94768,43.55935]},"properties":{"id":"ora-mi-237","name":"I-75 @ M-84","state":"MI","provider":"Michigan DOT","hls":null,"snapshot":"https://micamerasimages.net/thumbs/stoc_cam_008.flv.jpg","refreshMs":30000,"attribution":"Ora (Warner Varnado) · Michigan DOT"}},{"type":"Feature","geometry":{"type":"Point","coordinates":[-83.947014,43.62261]},"properties":{"id":"ora-mi-238","name":"I-75 @ Wilder","state":"MI","provider":"Michigan DOT","hls":null,"snapshot":"https://micamerasimages.net/thumbs/stoc_cam_005.flv.jpg","refreshMs":30000,"attribution":"Ora (Warner Varnado) · Michigan DOT"}},{"type":"Feature","geometry":{"type":"Point","coordinates":[-83.947014,43.622608]},"properties":{"id":"ora-mi-239","name":"I-75 @ Wilder Rd","state":"MI","provider":"Michigan DOT","hls":null,"snapshot":"https://micamerasimages.net/thumbs/stoc_cam_005.flv.jpg","refreshMs":30000,"attribution":"Ora (Warner Varnado) · Michigan DOT"}},{"type":"Feature","geometry":{"type":"Point","coordinates":[-84.014755,43.948891]},"properties":{"id":"ora-mi-240","name":"I-75 @ US-23","state":"MI","provider":"Michigan DOT","hls":null,"snapshot":"https://micamerasimages.net/thumbs/internet_cam_005.flv.jpg","refreshMs":30000,"attribution":"Ora (Warner Varnado) · Michigan DOT"}},{"type":"Feature","geometry":{"type":"Point","coordinates":[-84.01581,43.983368]},"properties":{"id":"ora-mi-241","name":"I-75 @ M-61","state":"MI","provider":"Michigan DOT","hls":null,"snapshot":"https://micamerasimages.net/thumbs/internet_cam_007.flv.jpg","refreshMs":30000,"attribution":"Ora (Warner Varnado) · Michigan DOT"}},{"type":"Feature","geometry":{"type":"Point","coordinates":[-84.226089,44.245701]},"properties":{"id":"ora-mi-242","name":"I-75 @ Cook Rd","state":"MI","provider":"Michigan DOT","hls":null,"snapshot":"https://micamerasimages.net/thumbs/internet_cam_021.flv.jpg","refreshMs":30000,"attribution":"Ora (Warner Varnado) · Michigan DOT"}},{"type":"Feature","geometry":{"type":"Point","coordinates":[-84.327634,44.285797]},"properties":{"id":"ora-mi-243","name":"I-75 @ MP 217.5","state":"MI","provider":"Michigan DOT","hls":null,"snapshot":"https://mdotjboss.state.mi.us/docs/drive/camfiles/rwis/2762.jpg","refreshMs":30000,"attribution":"Ora (Warner Varnado) · Michigan DOT"}},{"type":"Feature","geometry":{"type":"Point","coordinates":[-84.49094,44.31323]},"properties":{"id":"ora-mi-244","name":"I-75 @ Maple","state":"MI","provider":"Michigan DOT","hls":null,"snapshot":"https://micamerasimages.net/thumbs/internet_cam_020.flv.jpg","refreshMs":30000,"attribution":"Ora (Warner Varnado) · Michigan DOT"}},{"type":"Feature","geometry":{"type":"Point","coordinates":[-84.706116,44.583401]},"properties":{"id":"ora-mi-245","name":"I-75 @ 5 Mile","state":"MI","provider":"Michigan DOT","hls":null,"snapshot":"https://micamerasimages.net/thumbs/internet_cam_019.flv.jpg","refreshMs":30000,"attribution":"Ora (Warner Varnado) · Michigan DOT"}},{"type":"Feature","geometry":{"type":"Point","coordinates":[-84.707583,44.613028]},"properties":{"id":"ora-mi-246","name":"I-75 @ Grayling Rest Area","state":"MI","provider":"Michigan DOT","hls":null,"snapshot":"https://mdotjboss.state.mi.us/docs/drive/camfiles/rwis/721.jpg","refreshMs":30000,"attribution":"Ora (Warner Varnado) · Michigan DOT"}},{"type":"Feature","geometry":{"type":"Point","coordinates":[-84.708466,44.64549]},"properties":{"id":"ora-mi-247","name":"I-75 @ I-75 Bus","state":"MI","provider":"Michigan DOT","hls":null,"snapshot":"https://micamerasimages.net/thumbs/internet_cam_022.flv.jpg","refreshMs":30000,"attribution":"Ora (Warner Varnado) · Michigan DOT"}},{"type":"Feature","geometry":{"type":"Point","coordinates":[-84.71193,44.78571]},"properties":{"id":"ora-mi-248","name":"I-75 @ Co Rd 612","state":"MI","provider":"Michigan DOT","hls":null,"snapshot":"https://micamerasimages.net/thumbs/internet_cam_026.flv.jpg","refreshMs":30000,"attribution":"Ora (Warner Varnado) · Michigan DOT"}},{"type":"Feature","geometry":{"type":"Point","coordinates":[-84.686861,44.877472]},"properties":{"id":"ora-mi-249","name":"I-75 @ Marlette Road (Exit 270)","state":"MI","provider":"Michigan DOT","hls":null,"snapshot":"https://mdotjboss.state.mi.us/docs/drive/camfiles/rwis/720.jpg","refreshMs":30000,"attribution":"Ora (Warner Varnado) · Michigan DOT"}},{"type":"Feature","geometry":{"type":"Point","coordinates":[-84.688545,45.027725]},"properties":{"id":"ora-mi-250","name":"I-75 @ M-32","state":"MI","provider":"Michigan DOT","hls":null,"snapshot":"https://micamerasimages.net/thumbs/internet_cam_025.flv.jpg","refreshMs":30000,"attribution":"Ora (Warner Varnado) · Michigan DOT"}},{"type":"Feature","geometry":{"type":"Point","coordinates":[-84.68858,45.10732]},"properties":{"id":"ora-mi-251","name":"I-75 @ Mile Marker 287","state":"MI","provider":"Michigan DOT","hls":null,"snapshot":"https://micamerasimages.net/thumbs/internet_cam_024.flv.jpg","refreshMs":30000,"attribution":"Ora (Warner Varnado) · Michigan DOT"}},{"type":"Feature","geometry":{"type":"Point","coordinates":[-84.591,45.273]},"properties":{"id":"ora-mi-252","name":"I-75 @ C-58 (Main St/Afton Rd)","state":"MI","provider":"Michigan DOT","hls":null,"snapshot":"https://mdotjboss.state.mi.us/docs/drive/camfiles/rwis/725.jpg","refreshMs":30000,"attribution":"Ora (Warner Varnado) · Michigan DOT"}},{"type":"Feature","geometry":{"type":"Point","coordinates":[-83.2412,42.140628]},"properties":{"id":"ora-mi-253","name":"I-75 @ West Rd 2","state":"MI","provider":"Michigan DOT","hls":null,"snapshot":"https://micamerasimages.net/thumbs/semtoc_cam_381.flv.jpg","refreshMs":30000,"attribution":"Ora (Warner Varnado) · Michigan DOT"}},{"type":"Feature","geometry":{"type":"Point","coordinates":[-84.635192,45.63515]},"properties":{"id":"ora-mi-254","name":"I-75 @ Levering Road","state":"MI","provider":"Michigan DOT","hls":null,"snapshot":"https://mdotjboss.state.mi.us/docs/drive/camfiles/rwis/2337.jpg","refreshMs":30000,"attribution":"Ora (Warner Varnado) · Michigan DOT"}},{"type":"Feature","geometry":{"type":"Point","coordinates":[-84.730694,45.761194]},"properties":{"id":"ora-mi-255","name":"I-75 @ Mackinaw Highway (Exit 337)","state":"MI","provider":"Michigan DOT","hls":null,"snapshot":"https://mdotjboss.state.mi.us/docs/drive/camfiles/rwis/724.jpg","refreshMs":30000,"attribution":"Ora (Warner Varnado) · Michigan DOT"}},{"type":"Feature","geometry":{"type":"Point","coordinates":[-83.213986,42.226403]},"properties":{"id":"ora-mi-256","name":"I-75 @ Goddard","state":"MI","provider":"Michigan DOT","hls":null,"snapshot":"https://micamerasimages.net/thumbs/semtoc_cam_382.flv.jpg","refreshMs":30000,"attribution":"Ora (Warner Varnado) · Michigan DOT"}},{"type":"Feature","geometry":{"type":"Point","coordinates":[-86.73982,41.76437]},"properties":{"id":"ora-mi-257","name":"I-94 @ New Buffalo WC","state":"MI","provider":"Michigan DOT","hls":null,"snapshot":"https://micamerasimages.net/thumbs/internet_cam_039.flv.jpg","refreshMs":30000,"attribution":"Ora (Warner Varnado) · Michigan DOT"}},{"type":"Feature","geometry":{"type":"Point","coordinates":[-86.73958,41.76755]},"properties":{"id":"ora-mi-258","name":"I-94 @ Wilson","state":"MI","provider":"Michigan DOT","hls":null,"snapshot":"https://mdotjboss.state.mi.us/docs/drive/camfiles/rwis/2324.jpg","refreshMs":30000,"attribution":"Ora (Warner Varnado) · Michigan DOT"}},{"type":"Feature","geometry":{"type":"Point","coordinates":[-86.71856,41.78491]},"properties":{"id":"ora-mi-259","name":"I-94 @ Maudlin Weigh Stat","state":"MI","provider":"Michigan DOT","hls":null,"snapshot":"https://micamerasimages.net/thumbs/internet_cam_195.flv.jpg","refreshMs":30000,"attribution":"Ora (Warner Varnado) · Michigan DOT"}},{"type":"Feature","geometry":{"type":"Point","coordinates":[-86.708344,41.799442]},"properties":{"id":"ora-mi-260","name":"I-94 @ US-12","state":"MI","provider":"Michigan DOT","hls":null,"snapshot":"https://micamerasimages.net/thumbs/internet_cam_094.flv.jpg","refreshMs":30000,"attribution":"Ora (Warner Varnado) · Michigan DOT"}},{"type":"Feature","geometry":{"type":"Point","coordinates":[-86.70562,41.799366]},"properties":{"id":"ora-mi-261","name":"I-94 @ US-12","state":"MI","provider":"Michigan DOT","hls":null,"snapshot":"https://micamerasimages.net/thumbs/internet_cam_093.flv.jpg","refreshMs":30000,"attribution":"Ora (Warner Varnado) · Michigan DOT"}},{"type":"Feature","geometry":{"type":"Point","coordinates":[-84.492808,42.268855]},"properties":{"id":"ora-mi-262","name":"I-94 @ Sandstone RA","state":"MI","provider":"Michigan DOT","hls":null,"snapshot":"https://micamerasimages.net/thumbs/internet_cam_058.flv.jpg","refreshMs":30000,"attribution":"Ora (Warner Varnado) · Michigan DOT"}},{"type":"Feature","geometry":{"type":"Point","coordinates":[-86.601822,41.884808]},"properties":{"id":"ora-mi-263","name":"I-94 @ Sawyer","state":"MI","provider":"Michigan DOT","hls":null,"snapshot":"https://micamerasimages.net/thumbs/internet_cam_087.flv.jpg","refreshMs":30000,"attribution":"Ora (Warner Varnado) · Michigan DOT"}},{"type":"Feature","geometry":{"type":"Point","coordinates":[-86.571342,41.919567]},"properties":{"id":"ora-mi-264","name":"I-94 @ Snow Rd","state":"MI","provider":"Michigan DOT","hls":null,"snapshot":"https://micamerasimages.net/thumbs/internet_cam_099.flv.jpg","refreshMs":30000,"attribution":"Ora (Warner Varnado) · Michigan DOT"}},{"type":"Feature","geometry":{"type":"Point","coordinates":[-86.532433,42.010338]},"properties":{"id":"ora-mi-265","name":"I-94 @ Grand Mere","state":"MI","provider":"Michigan DOT","hls":null,"snapshot":"https://micamerasimages.net/thumbs/internet_cam_102.flv.jpg","refreshMs":30000,"attribution":"Ora (Warner Varnado) · Michigan DOT"}},{"type":"Feature","geometry":{"type":"Point","coordinates":[-86.512245,42.031799]},"properties":{"id":"ora-mi-266","name":"I-94 @ Red Arrow","state":"MI","provider":"Michigan DOT","hls":null,"snapshot":"https://micamerasimages.net/thumbs/internet_cam_097.flv.jpg","refreshMs":30000,"attribution":"Ora (Warner Varnado) · Michigan DOT"}},{"type":"Feature","geometry":{"type":"Point","coordinates":[-86.45792,42.058193]},"properties":{"id":"ora-mi-267","name":"I-94 @ M-63","state":"MI","provider":"Michigan DOT","hls":null,"snapshot":"https://micamerasimages.net/thumbs/internet_cam_098.flv.jpg","refreshMs":30000,"attribution":"Ora (Warner Varnado) · Michigan DOT"}},{"type":"Feature","geometry":{"type":"Point","coordinates":[-86.417274,42.078144]},"properties":{"id":"ora-mi-268","name":"I-94 @ Pipestone Rd","state":"MI","provider":"Michigan DOT","hls":null,"snapshot":"https://micamerasimages.net/thumbs/internet_cam_092.flv.jpg","refreshMs":30000,"attribution":"Ora (Warner Varnado) · Michigan DOT"}},{"type":"Feature","geometry":{"type":"Point","coordinates":[-86.39825,42.10761]},"properties":{"id":"ora-mi-269","name":"I-94 @ Britain","state":"MI","provider":"Michigan DOT","hls":null,"snapshot":"https://micamerasimages.net/thumbs/internet_cam_186.flv.jpg","refreshMs":30000,"attribution":"Ora (Warner Varnado) · Michigan DOT"}},{"type":"Feature","geometry":{"type":"Point","coordinates":[-86.39298,42.11578]},"properties":{"id":"ora-mi-270","name":"I-94 @ Highland Ave","state":"MI","provider":"Michigan DOT","hls":null,"snapshot":"https://micamerasimages.net/thumbs/internet_cam_196.flv.jpg","refreshMs":30000,"attribution":"Ora (Warner Varnado) · Michigan DOT"}},{"type":"Feature","geometry":{"type":"Point","coordinates":[-86.391144,42.119213]},"properties":{"id":"ora-mi-271","name":"I-94 @ Main","state":"MI","provider":"Michigan DOT","hls":null,"snapshot":"https://micamerasimages.net/thumbs/internet_cam_090.flv.jpg","refreshMs":30000,"attribution":"Ora (Warner Varnado) · Michigan DOT"}},{"type":"Feature","geometry":{"type":"Point","coordinates":[-86.368638,42.134676]},"properties":{"id":"ora-mi-272","name":"I-94 @ I196","state":"MI","provider":"Michigan DOT","hls":null,"snapshot":"https://micamerasimages.net/thumbs/internet_cam_091.flv.jpg","refreshMs":30000,"attribution":"Ora (Warner Varnado) · Michigan DOT"}},{"type":"Feature","geometry":{"type":"Point","coordinates":[-86.326226,42.165361]},"properties":{"id":"ora-mi-273","name":"I-94 @ E of Boyer Rd","state":"MI","provider":"Michigan DOT","hls":null,"snapshot":"https://micamerasimages.net/thumbs/internet_cam_159.flv.jpg","refreshMs":30000,"attribution":"Ora (Warner Varnado) · Michigan DOT"}},{"type":"Feature","geometry":{"type":"Point","coordinates":[-86.309998,42.17548]},"properties":{"id":"ora-mi-274","name":"I-94 @ Friday","state":"MI","provider":"Michigan DOT","hls":null,"snapshot":"https://micamerasimages.net/thumbs/internet_cam_085.flv.jpg","refreshMs":30000,"attribution":"Ora (Warner Varnado) · Michigan DOT"}},{"type":"Feature","geometry":{"type":"Point","coordinates":[-86.26226,42.177883]},"properties":{"id":"ora-mi-275","name":"I-94 @ M-140","state":"MI","provider":"Michigan DOT","hls":null,"snapshot":"https://micamerasimages.net/thumbs/internet_cam_088.flv.jpg","refreshMs":30000,"attribution":"Ora (Warner Varnado) · Michigan DOT"}},{"type":"Feature","geometry":{"type":"Point","coordinates":[-86.23924,42.180508]},"properties":{"id":"ora-mi-276","name":"I-94 @ Watervliet RA","state":"MI","provider":"Michigan DOT","hls":null,"snapshot":"https://micamerasimages.net/thumbs/internet_cam_040.flv.jpg","refreshMs":30000,"attribution":"Ora (Warner Varnado) · Michigan DOT"}},{"type":"Feature","geometry":{"type":"Point","coordinates":[-86.16564,42.19293]},"properties":{"id":"ora-mi-277","name":"I-94 @ Center","state":"MI","provider":"Michigan DOT","hls":null,"snapshot":"https://mdotjboss.state.mi.us/docs/drive/camfiles/rwis/2328.jpg","refreshMs":30000,"attribution":"Ora (Warner Varnado) · Michigan DOT"}},{"type":"Feature","geometry":{"type":"Point","coordinates":[-86.130172,42.193605]},"properties":{"id":"ora-mi-278","name":"I-94 @ W of 60th St","state":"MI","provider":"Michigan DOT","hls":null,"snapshot":"https://micamerasimages.net/thumbs/internet_cam_160.flv.jpg","refreshMs":30000,"attribution":"Ora (Warner Varnado) · Michigan DOT"}},{"type":"Feature","geometry":{"type":"Point","coordinates":[-86.011684,42.191256]},"properties":{"id":"ora-mi-279","name":"I-94 @ Territorial Rd","state":"MI","provider":"Michigan DOT","hls":null,"snapshot":"https://micamerasimages.net/thumbs/internet_cam_161.flv.jpg","refreshMs":30000,"attribution":"Ora (Warner Varnado) · Michigan DOT"}},{"type":"Feature","geometry":{"type":"Point","coordinates":[-85.966819,42.199371]},"properties":{"id":"ora-mi-280","name":"I-94 @ M51","state":"MI","provider":"Michigan DOT","hls":null,"snapshot":"https://micamerasimages.net/thumbs/internet_cam_103.flv.jpg","refreshMs":30000,"attribution":"Ora (Warner Varnado) · Michigan DOT"}},{"type":"Feature","geometry":{"type":"Point","coordinates":[-85.919944,42.205017]},"properties":{"id":"ora-mi-281","name":"I-94 @ W of Paw Paw Rd","state":"MI","provider":"Michigan DOT","hls":null,"snapshot":"https://micamerasimages.net/thumbs/internet_cam_162.flv.jpg","refreshMs":30000,"attribution":"Ora (Warner Varnado) · Michigan DOT"}},{"type":"Feature","geometry":{"type":"Point","coordinates":[-85.88973,42.20589]},"properties":{"id":"ora-mi-282","name":"I-94 @ M40","state":"MI","provider":"Michigan DOT","hls":null,"snapshot":"https://micamerasimages.net/thumbs/internet_cam_100.flv.jpg","refreshMs":30000,"attribution":"Ora (Warner Varnado) · Michigan DOT"}},{"type":"Feature","geometry":{"type":"Point","coordinates":[-85.841585,42.218545]},"properties":{"id":"ora-mi-283","name":"I-94 @ E of 30th St","state":"MI","provider":"Michigan DOT","hls":null,"snapshot":"https://micamerasimages.net/thumbs/internet_cam_163.flv.jpg","refreshMs":30000,"attribution":"Ora (Warner Varnado) · Michigan DOT"}},{"type":"Feature","geometry":{"type":"Point","coordinates":[-85.785164,42.223167]},"properties":{"id":"ora-mi-284","name":"I-94 @ Main St","state":"MI","provider":"Michigan DOT","hls":null,"snapshot":"https://micamerasimages.net/thumbs/internet_cam_086.flv.jpg","refreshMs":30000,"attribution":"Ora (Warner Varnado) · Michigan DOT"}},{"type":"Feature","geometry":{"type":"Point","coordinates":[-85.720994,42.229745]},"properties":{"id":"ora-mi-285","name":"I-94 @ E of 4th St","state":"MI","provider":"Michigan DOT","hls":null,"snapshot":"https://micamerasimages.net/thumbs/internet_cam_165.flv.jpg","refreshMs":30000,"attribution":"Ora (Warner Varnado) · Michigan DOT"}},{"type":"Feature","geometry":{"type":"Point","coordinates":[-85.67794,42.237926]},"properties":{"id":"ora-mi-286","name":"I-94 @ 9th St","state":"MI","provider":"Michigan DOT","hls":null,"snapshot":"https://micamerasimages.net/thumbs/internet_cam_089.flv.jpg","refreshMs":30000,"attribution":"Ora (Warner Varnado) · Michigan DOT"}},{"type":"Feature","geometry":{"type":"Point","coordinates":[-85.63719,42.238]},"properties":{"id":"ora-mi-287","name":"I-94 @ US-131","state":"MI","provider":"Michigan DOT","hls":null,"snapshot":"https://micamerasimages.net/thumbs/internet_cam_200.flv.jpg","refreshMs":30000,"attribution":"Ora (Warner Varnado) · Michigan DOT"}},{"type":"Feature","geometry":{"type":"Point","coordinates":[-85.63694,42.237751]},"properties":{"id":"ora-mi-288","name":"I-94 @ US-131","state":"MI","provider":"Michigan DOT","hls":null,"snapshot":"https://micamerasimages.net/thumbs/internet_cam_030.flv.jpg","refreshMs":30000,"attribution":"Ora (Warner Varnado) · Michigan DOT"}},{"type":"Feature","geometry":{"type":"Point","coordinates":[-85.60123,42.23791]},"properties":{"id":"ora-mi-289","name":"I-94 @ Oakland","state":"MI","provider":"Michigan DOT","hls":null,"snapshot":"https://micamerasimages.net/thumbs/internet_cam_105.flv.jpg","refreshMs":30000,"attribution":"Ora (Warner Varnado) · Michigan DOT"}},{"type":"Feature","geometry":{"type":"Point","coordinates":[-85.588783,42.236534]},"properties":{"id":"ora-mi-290","name":"I-94 @ Westnedge","state":"MI","provider":"Michigan DOT","hls":null,"snapshot":"https://micamerasimages.net/thumbs/internet_cam_095.flv.jpg","refreshMs":30000,"attribution":"Ora (Warner Varnado) · Michigan DOT"}},{"type":"Feature","geometry":{"type":"Point","coordinates":[-85.56115,42.244923]},"properties":{"id":"ora-mi-291","name":"I-94 @ Portage","state":"MI","provider":"Michigan DOT","hls":null,"snapshot":"https://micamerasimages.net/thumbs/stoc_cam_079.flv.jpg","refreshMs":30000,"attribution":"Ora (Warner Varnado) · Michigan DOT"}},{"type":"Feature","geometry":{"type":"Point","coordinates":[-85.531219,42.258759]},"properties":{"id":"ora-mi-292","name":"I-94 @ Sprinkle Rd","state":"MI","provider":"Michigan DOT","hls":null,"snapshot":"https://micamerasimages.net/thumbs/internet_cam_036.flv.jpg","refreshMs":30000,"attribution":"Ora (Warner Varnado) · Michigan DOT"}},{"type":"Feature","geometry":{"type":"Point","coordinates":[-85.515381,42.269299]},"properties":{"id":"ora-mi-293","name":"I-94 @ Miller Rd","state":"MI","provider":"Michigan DOT","hls":null,"snapshot":"https://micamerasimages.net/thumbs/internet_cam_035.flv.jpg","refreshMs":30000,"attribution":"Ora (Warner Varnado) · Michigan DOT"}},{"type":"Feature","geometry":{"type":"Point","coordinates":[-85.47876,42.27097]},"properties":{"id":"ora-mi-294","name":"I-94 @ 28TH","state":"MI","provider":"Michigan DOT","hls":null,"snapshot":"https://micamerasimages.net/thumbs/internet_cam_034.flv.jpg","refreshMs":30000,"attribution":"Ora (Warner Varnado) · Michigan DOT"}},{"type":"Feature","geometry":{"type":"Point","coordinates":[-85.44309,42.270798]},"properties":{"id":"ora-mi-295","name":"I-94 @ Galesburg Rest Area","state":"MI","provider":"Michigan DOT","hls":null,"snapshot":"https://micamerasimages.net/thumbs/internet_cam_038.flv.jpg","refreshMs":30000,"attribution":"Ora (Warner Varnado) · Michigan DOT"}},{"type":"Feature","geometry":{"type":"Point","coordinates":[-85.428146,42.274109]},"properties":{"id":"ora-mi-296","name":"I-94 @ 35th St","state":"MI","provider":"Michigan DOT","hls":null,"snapshot":"https://micamerasimages.net/thumbs/internet_cam_032.flv.jpg","refreshMs":30000,"attribution":"Ora (Warner Varnado) · Michigan DOT"}},{"type":"Feature","geometry":{"type":"Point","coordinates":[-85.41337,42.27665]},"properties":{"id":"ora-mi-297","name":"I-94 @ 36th St","state":"MI","provider":"Michigan DOT","hls":null,"snapshot":"https://micamerasimages.net/thumbs/internet_cam_187.flv.jpg","refreshMs":30000,"attribution":"Ora (Warner Varnado) · Michigan DOT"}},{"type":"Feature","geometry":{"type":"Point","coordinates":[-85.381111,42.281818]},"properties":{"id":"ora-mi-298","name":"I-94 @ Michigan","state":"MI","provider":"Michigan DOT","hls":null,"snapshot":"https://micamerasimages.net/thumbs/internet_cam_033.flv.jpg","refreshMs":30000,"attribution":"Ora (Warner Varnado) · Michigan DOT"}},{"type":"Feature","geometry":{"type":"Point","coordinates":[-85.32519,42.27789]},"properties":{"id":"ora-mi-299","name":"I-94 @ 44th St","state":"MI","provider":"Michigan DOT","hls":null,"snapshot":"https://micamerasimages.net/thumbs/internet_cam_188.flv.jpg","refreshMs":30000,"attribution":"Ora (Warner Varnado) · Michigan DOT"}},{"type":"Feature","geometry":{"type":"Point","coordinates":[-85.29565,42.27291]},"properties":{"id":"ora-mi-300","name":"I-94 @ M-37","state":"MI","provider":"Michigan DOT","hls":null,"snapshot":"https://micamerasimages.net/thumbs/internet_cam_104.flv.jpg","refreshMs":30000,"attribution":"Ora (Warner Varnado) · Michigan DOT"}},{"type":"Feature","geometry":{"type":"Point","coordinates":[-85.25196,42.26544]},"properties":{"id":"ora-mi-301","name":"I-94 @ Helmer","state":"MI","provider":"Michigan DOT","hls":null,"snapshot":"https://micamerasimages.net/thumbs/internet_cam_197.flv.jpg","refreshMs":30000,"attribution":"Ora (Warner Varnado) · Michigan DOT"}},{"type":"Feature","geometry":{"type":"Point","coordinates":[-85.21995,42.2641]},"properties":{"id":"ora-mi-302","name":"I-94 @ Battle Creek Rest Area","state":"MI","provider":"Michigan DOT","hls":null,"snapshot":"https://micamerasimages.net/thumbs/internet_cam_037.flv.jpg","refreshMs":30000,"attribution":"Ora (Warner Varnado) · Michigan DOT"}},{"type":"Feature","geometry":{"type":"Point","coordinates":[-85.19899,42.261589]},"properties":{"id":"ora-mi-303","name":"I-94 @ Capital","state":"MI","provider":"Michigan DOT","hls":null,"snapshot":"https://micamerasimages.net/thumbs/internet_cam_027.flv.jpg","refreshMs":30000,"attribution":"Ora (Warner Varnado) · Michigan DOT"}},{"type":"Feature","geometry":{"type":"Point","coordinates":[-85.178833,42.267467]},"properties":{"id":"ora-mi-304","name":"I-94 @ M-66","state":"MI","provider":"Michigan DOT","hls":null,"snapshot":"https://micamerasimages.net/thumbs/internet_cam_101.flv.jpg","refreshMs":30000,"attribution":"Ora (Warner Varnado) · Michigan DOT"}},{"type":"Feature","geometry":{"type":"Point","coordinates":[-85.156601,42.281483]},"properties":{"id":"ora-mi-305","name":"I-94 @ Beadle Lake","state":"MI","provider":"Michigan DOT","hls":null,"snapshot":"https://micamerasimages.net/thumbs/internet_cam_096.flv.jpg","refreshMs":30000,"attribution":"Ora (Warner Varnado) · Michigan DOT"}},{"type":"Feature","geometry":{"type":"Point","coordinates":[-85.1294,42.28607]},"properties":{"id":"ora-mi-306","name":"I-94 @ M 294","state":"MI","provider":"Michigan DOT","hls":null,"snapshot":"https://micamerasimages.net/thumbs/internet_cam_198.flv.jpg","refreshMs":30000,"attribution":"Ora (Warner Varnado) · Michigan DOT"}},{"type":"Feature","geometry":{"type":"Point","coordinates":[-85.10709,42.29264]},"properties":{"id":"ora-mi-307","name":"I-94 @ F Dr N","state":"MI","provider":"Michigan DOT","hls":null,"snapshot":"https://micamerasimages.net/thumbs/internet_cam_199.flv.jpg","refreshMs":30000,"attribution":"Ora (Warner Varnado) · Michigan DOT"}},{"type":"Feature","geometry":{"type":"Point","coordinates":[-85.083076,42.300018]},"properties":{"id":"ora-mi-308","name":"I-94 @ 11 Mile Rd","state":"MI","provider":"Michigan DOT","hls":null,"snapshot":"https://micamerasimages.net/thumbs/internet_cam_031.flv.jpg","refreshMs":30000,"attribution":"Ora (Warner Varnado) · Michigan DOT"}},{"type":"Feature","geometry":{"type":"Point","coordinates":[-85.03713,42.29732]},"properties":{"id":"ora-mi-309","name":"I-94 @ Verona","state":"MI","provider":"Michigan DOT","hls":null,"snapshot":"https://micamerasimages.net/thumbs/internet_cam_189.flv.jpg","refreshMs":30000,"attribution":"Ora (Warner Varnado) · Michigan DOT"}},{"type":"Feature","geometry":{"type":"Point","coordinates":[-84.996696,42.297821]},"properties":{"id":"ora-mi-310","name":"I-94 @ I-69","state":"MI","provider":"Michigan DOT","hls":null,"snapshot":"https://micamerasimages.net/thumbs/internet_cam_028.flv.jpg","refreshMs":30000,"attribution":"Ora (Warner Varnado) · Michigan DOT"}},{"type":"Feature","geometry":{"type":"Point","coordinates":[-84.91452,42.282944]},"properties":{"id":"ora-mi-311","name":"I-94 @ Marshall Rest Area","state":"MI","provider":"Michigan DOT","hls":null,"snapshot":"https://micamerasimages.net/thumbs/internet_cam_041.flv.jpg","refreshMs":30000,"attribution":"Ora (Warner Varnado) · Michigan DOT"}},{"type":"Feature","geometry":{"type":"Point","coordinates":[-84.88258,42.28322]},"properties":{"id":"ora-mi-312","name":"I-94 @ 21.5 Mile","state":"MI","provider":"Michigan DOT","hls":null,"snapshot":"https://micamerasimages.net/thumbs/internet_cam_190.flv.jpg","refreshMs":30000,"attribution":"Ora (Warner Varnado) · Michigan DOT"}},{"type":"Feature","geometry":{"type":"Point","coordinates":[-84.45598,42.268684]},"properties":{"id":"ora-mi-313","name":"I-94 @ Airport","state":"MI","provider":"Michigan DOT","hls":null,"snapshot":"https://micamerasimages.net/thumbs/internet_cam_013.flv.jpg","refreshMs":30000,"attribution":"Ora (Warner Varnado) · Michigan DOT"}},{"type":"Feature","geometry":{"type":"Point","coordinates":[-84.43985,42.268948]},"properties":{"id":"ora-mi-314","name":"I-94 @ Boardman","state":"MI","provider":"Michigan DOT","hls":null,"snapshot":"https://micamerasimages.net/thumbs/internet_cam_014.flv.jpg","refreshMs":30000,"attribution":"Ora (Warner Varnado) · Michigan DOT"}},{"type":"Feature","geometry":{"type":"Point","coordinates":[-84.42577,42.273018]},"properties":{"id":"ora-mi-315","name":"I-94 @ US-127","state":"MI","provider":"Michigan DOT","hls":null,"snapshot":"https://micamerasimages.net/thumbs/internet_cam_080.flv.jpg","refreshMs":30000,"attribution":"Ora (Warner Varnado) · Michigan DOT"}},{"type":"Feature","geometry":{"type":"Point","coordinates":[-84.403453,42.271391]},"properties":{"id":"ora-mi-316","name":"I-94 @ Cooper","state":"MI","provider":"Michigan DOT","hls":null,"snapshot":"https://micamerasimages.net/thumbs/internet_cam_109.flv.jpg","refreshMs":30000,"attribution":"Ora (Warner Varnado) · Michigan DOT"}},{"type":"Feature","geometry":{"type":"Point","coordinates":[-84.38392,42.275524]},"properties":{"id":"ora-mi-317","name":"I-94 @ N Elm Ave","state":"MI","provider":"Michigan DOT","hls":null,"snapshot":"https://micamerasimages.net/thumbs/internet_cam_180.flv.jpg","refreshMs":30000,"attribution":"Ora (Warner Varnado) · Michigan DOT"}},{"type":"Feature","geometry":{"type":"Point","coordinates":[-84.35815,42.27669]},"properties":{"id":"ora-mi-318","name":"I-94 @ US-127","state":"MI","provider":"Michigan DOT","hls":null,"snapshot":"https://micamerasimages.net/thumbs/internet_cam_015.flv.jpg","refreshMs":30000,"attribution":"Ora (Warner Varnado) · Michigan DOT"}},{"type":"Feature","geometry":{"type":"Point","coordinates":[-84.336075,42.277588]},"properties":{"id":"ora-mi-319","name":"I-94 @ Hawkins","state":"MI","provider":"Michigan DOT","hls":null,"snapshot":"https://micamerasimages.net/thumbs/internet_cam_081.flv.jpg","refreshMs":30000,"attribution":"Ora (Warner Varnado) · Michigan DOT"}},{"type":"Feature","geometry":{"type":"Point","coordinates":[-84.304076,42.281194]},"properties":{"id":"ora-mi-320","name":"I-94 @ Sargent Rd","state":"MI","provider":"Michigan DOT","hls":null,"snapshot":"https://micamerasimages.net/thumbs/internet_cam_110.flv.jpg","refreshMs":30000,"attribution":"Ora (Warner Varnado) · Michigan DOT"}},{"type":"Feature","geometry":{"type":"Point","coordinates":[-84.283005,42.2852]},"properties":{"id":"ora-mi-321","name":"I-94 @ Whipple","state":"MI","provider":"Michigan DOT","hls":null,"snapshot":"https://micamerasimages.net/thumbs/internet_cam_083.flv.jpg","refreshMs":30000,"attribution":"Ora (Warner Varnado) · Michigan DOT"}},{"type":"Feature","geometry":{"type":"Point","coordinates":[-84.215078,42.293056]},"properties":{"id":"ora-mi-322","name":"I-94 @ Grass Lake RA","state":"MI","provider":"Michigan DOT","hls":null,"snapshot":"https://micamerasimages.net/thumbs/internet_cam_067.flv.jpg","refreshMs":30000,"attribution":"Ora (Warner Varnado) · Michigan DOT"}},{"type":"Feature","geometry":{"type":"Point","coordinates":[-84.1772,42.293823]},"properties":{"id":"ora-mi-323","name":"I-94 @ Grass Lake Weigh","state":"MI","provider":"Michigan DOT","hls":null,"snapshot":"https://micamerasimages.net/thumbs/internet_cam_115.flv.jpg","refreshMs":30000,"attribution":"Ora (Warner Varnado) · Michigan DOT"}},{"type":"Feature","geometry":{"type":"Point","coordinates":[-84.084198,42.291401]},"properties":{"id":"ora-mi-324","name":"I-94 @ Garvey Rd","state":"MI","provider":"Michigan DOT","hls":null,"snapshot":"https://micamerasimages.net/thumbs/internet_cam_055.flv.jpg","refreshMs":30000,"attribution":"Ora (Warner Varnado) · Michigan DOT"}},{"type":"Feature","geometry":{"type":"Point","coordinates":[-83.998924,42.293776]},"properties":{"id":"ora-mi-325","name":"I-94 @ Chelsea RA","state":"MI","provider":"Michigan DOT","hls":null,"snapshot":"https://micamerasimages.net/thumbs/internet_cam_068.flv.jpg","refreshMs":30000,"attribution":"Ora (Warner Varnado) · Michigan DOT"}},{"type":"Feature","geometry":{"type":"Point","coordinates":[-83.890503,42.297699]},"properties":{"id":"ora-mi-326","name":"I-94 @ Parker Rd","state":"MI","provider":"Michigan DOT","hls":null,"snapshot":"https://micamerasimages.net/thumbs/internet_cam_048.flv.jpg","refreshMs":30000,"attribution":"Ora (Warner Varnado) · Michigan DOT"}},{"type":"Feature","geometry":{"type":"Point","coordinates":[-83.839104,42.2911]},"properties":{"id":"ora-mi-327","name":"I-94 @ Zeeb Rd","state":"MI","provider":"Michigan DOT","hls":null,"snapshot":"https://micamerasimages.net/thumbs/internet_cam_049.flv.jpg","refreshMs":30000,"attribution":"Ora (Warner Varnado) · Michigan DOT"}},{"type":"Feature","geometry":{"type":"Point","coordinates":[-83.787498,42.285]},"properties":{"id":"ora-mi-328","name":"I-94 @ Jackson Rd","state":"MI","provider":"Michigan DOT","hls":null,"snapshot":"https://micamerasimages.net/thumbs/internet_cam_050.flv.jpg","refreshMs":30000,"attribution":"Ora (Warner Varnado) · Michigan DOT"}},{"type":"Feature","geometry":{"type":"Point","coordinates":[-83.784855,42.264358]},"properties":{"id":"ora-mi-329","name":"I-94 @ Liberty Rd","state":"MI","provider":"Michigan DOT","hls":null,"snapshot":"https://micamerasimages.net/thumbs/internet_cam_124.flv.jpg","refreshMs":30000,"attribution":"Ora (Warner Varnado) · Michigan DOT"}},{"type":"Feature","geometry":{"type":"Point","coordinates":[-83.758598,42.2416]},"properties":{"id":"ora-mi-330","name":"I-94 @ Ann Arbor - Saline Rd","state":"MI","provider":"Michigan DOT","hls":null,"snapshot":"https://micamerasimages.net/thumbs/internet_cam_051.flv.jpg","refreshMs":30000,"attribution":"Ora (Warner Varnado) · Michigan DOT"}},{"type":"Feature","geometry":{"type":"Point","coordinates":[-83.752701,42.237598]},"properties":{"id":"ora-mi-331","name":"I-94 @ State Rd","state":"MI","provider":"Michigan DOT","hls":null,"snapshot":"https://micamerasimages.net/thumbs/internet_cam_052.flv.jpg","refreshMs":30000,"attribution":"Ora (Warner Varnado) · Michigan DOT"}},{"type":"Feature","geometry":{"type":"Point","coordinates":[-83.660797,42.224701]},"properties":{"id":"ora-mi-332","name":"I-94 @ US-12","state":"MI","provider":"Michigan DOT","hls":null,"snapshot":"https://micamerasimages.net/thumbs/internet_cam_053.flv.jpg","refreshMs":30000,"attribution":"Ora (Warner Varnado) · Michigan DOT"}},{"type":"Feature","geometry":{"type":"Point","coordinates":[-83.539972,42.219086]},"properties":{"id":"ora-mi-333","name":"I-94 @ Rawsonville","state":"MI","provider":"Michigan DOT","hls":null,"snapshot":"https://micamerasimages.net/thumbs/semtoc_cam_212.flv.jpg","refreshMs":30000,"attribution":"Ora (Warner Varnado) · Michigan DOT"}},{"type":"Feature","geometry":{"type":"Point","coordinates":[-83.51959,42.21938]},"properties":{"id":"ora-mi-334","name":"I-94 @ Belleville Rest Area","state":"MI","provider":"Michigan DOT","hls":null,"snapshot":"https://micamerasimages.net/thumbs/semtoc_cam_226.flv.jpg","refreshMs":30000,"attribution":"Ora (Warner Varnado) · Michigan DOT"}},{"type":"Feature","geometry":{"type":"Point","coordinates":[-83.486148,42.219527]},"properties":{"id":"ora-mi-335","name":"I-94 @ Belleville","state":"MI","provider":"Michigan DOT","hls":null,"snapshot":"https://micamerasimages.net/thumbs/semtoc_cam_116.flv.jpg","refreshMs":30000,"attribution":"Ora (Warner Varnado) · Michigan DOT"}},{"type":"Feature","geometry":{"type":"Point","coordinates":[-83.440022,42.220531]},"properties":{"id":"ora-mi-336","name":"I-94 @ Haggerty Rd","state":"MI","provider":"Michigan DOT","hls":null,"snapshot":"https://micamerasimages.net/thumbs/semtoc_cam_017.flv.jpg","refreshMs":30000,"attribution":"Ora (Warner Varnado) · Michigan DOT"}},{"type":"Feature","geometry":{"type":"Point","coordinates":[-83.415306,42.22143]},"properties":{"id":"ora-mi-337","name":"I-94 @ I-275 2","state":"MI","provider":"Michigan DOT","hls":null,"snapshot":"https://micamerasimages.net/thumbs/semtoc_cam_169.flv.jpg","refreshMs":30000,"attribution":"Ora (Warner Varnado) · Michigan DOT"}},{"type":"Feature","geometry":{"type":"Point","coordinates":[-83.340778,42.239267]},"properties":{"id":"ora-mi-338","name":"I-94 @ Merriman Camera 2","state":"MI","provider":"Michigan DOT","hls":null,"snapshot":"https://micamerasimages.net/thumbs/semtoc_cam_243.flv.jpg","refreshMs":30000,"attribution":"Ora (Warner Varnado) · Michigan DOT"}},{"type":"Feature","geometry":{"type":"Point","coordinates":[-83.306736,42.247445]},"properties":{"id":"ora-mi-339","name":"I-94 @ E of Inkster","state":"MI","provider":"Michigan DOT","hls":null,"snapshot":"https://micamerasimages.net/thumbs/semtoc_cam_260.flv.jpg","refreshMs":30000,"attribution":"Ora (Warner Varnado) · Michigan DOT"}},{"type":"Feature","geometry":{"type":"Point","coordinates":[-83.299931,42.253625]},"properties":{"id":"ora-mi-340","name":"I-94 @ Ecorse","state":"MI","provider":"Michigan DOT","hls":null,"snapshot":"https://micamerasimages.net/thumbs/semtoc_cam_134.flv.jpg","refreshMs":30000,"attribution":"Ora (Warner Varnado) · Michigan DOT"}},{"type":"Feature","geometry":{"type":"Point","coordinates":[-83.250048,42.265749]},"properties":{"id":"ora-mi-341","name":"I-94 @ E of Telegraph","state":"MI","provider":"Michigan DOT","hls":null,"snapshot":"https://micamerasimages.net/thumbs/semtoc_cam_159.flv.jpg","refreshMs":30000,"attribution":"Ora (Warner Varnado) · Michigan DOT"}},{"type":"Feature","geometry":{"type":"Point","coordinates":[-83.225953,42.266619]},"properties":{"id":"ora-mi-342","name":"I-94 @ M-39","state":"MI","provider":"Michigan DOT","hls":null,"snapshot":"https://micamerasimages.net/thumbs/semtoc_cam_219.flv.jpg","refreshMs":30000,"attribution":"Ora (Warner Varnado) · Michigan DOT"}},{"type":"Feature","geometry":{"type":"Point","coordinates":[-83.213372,42.268819]},"properties":{"id":"ora-mi-343","name":"I-94 @ Big Tire","state":"MI","provider":"Michigan DOT","hls":null,"snapshot":"https://micamerasimages.net/thumbs/semtoc_cam_163.flv.jpg","refreshMs":30000,"attribution":"Ora (Warner Varnado) · Michigan DOT"}},{"type":"Feature","geometry":{"type":"Point","coordinates":[-83.203199,42.276819]},"properties":{"id":"ora-mi-344","name":"I-94 @ Outer Dr","state":"MI","provider":"Michigan DOT","hls":null,"snapshot":"https://micamerasimages.net/thumbs/semtoc_cam_194.flv.jpg","refreshMs":30000,"attribution":"Ora (Warner Varnado) · Michigan DOT"}},{"type":"Feature","geometry":{"type":"Point","coordinates":[-83.196514,42.285553]},"properties":{"id":"ora-mi-345","name":"I-94 @ Oakwood","state":"MI","provider":"Michigan DOT","hls":null,"snapshot":"https://micamerasimages.net/thumbs/semtoc_cam_142.flv.jpg","refreshMs":30000,"attribution":"Ora (Warner Varnado) · Michigan DOT"}},{"type":"Feature","geometry":{"type":"Point","coordinates":[-83.18238,42.29998]},"properties":{"id":"ora-mi-346","name":"I-94 @ Greenfield","state":"MI","provider":"Michigan DOT","hls":null,"snapshot":"https://micamerasimages.net/thumbs/semtoc_cam_015.flv.jpg","refreshMs":30000,"attribution":"Ora (Warner Varnado) · Michigan DOT"}},{"type":"Feature","geometry":{"type":"Point","coordinates":[-83.170619,42.314685]},"properties":{"id":"ora-mi-347","name":"I-94 @ Rotunda Dr","state":"MI","provider":"Michigan DOT","hls":null,"snapshot":"https://micamerasimages.net/thumbs/semtoc_cam_162.flv.jpg","refreshMs":30000,"attribution":"Ora (Warner Varnado) · Michigan DOT"}},{"type":"Feature","geometry":{"type":"Point","coordinates":[-83.159633,42.32804]},"properties":{"id":"ora-mi-348","name":"I-94 @ Michigan","state":"MI","provider":"Michigan DOT","hls":null,"snapshot":"https://micamerasimages.net/thumbs/semtoc_cam_150.flv.jpg","refreshMs":30000,"attribution":"Ora (Warner Varnado) · Michigan DOT"}},{"type":"Feature","geometry":{"type":"Point","coordinates":[-83.144637,42.33166]},"properties":{"id":"ora-mi-349","name":"I-94 @ Lonyo","state":"MI","provider":"Michigan DOT","hls":null,"snapshot":"https://micamerasimages.net/thumbs/semtoc_cam_149.flv.jpg","refreshMs":30000,"attribution":"Ora (Warner Varnado) · Michigan DOT"}},{"type":"Feature","geometry":{"type":"Point","coordinates":[-83.12499,42.33697]},"properties":{"id":"ora-mi-350","name":"I-94 @ Livernois","state":"MI","provider":"Michigan DOT","hls":null,"snapshot":"https://micamerasimages.net/thumbs/semtoc_cam_187.flv.jpg","refreshMs":30000,"attribution":"Ora (Warner Varnado) · Michigan DOT"}},{"type":"Feature","geometry":{"type":"Point","coordinates":[-83.115145,42.343517]},"properties":{"id":"ora-mi-351","name":"I-94 @ Warren Ave","state":"MI","provider":"Michigan DOT","hls":null,"snapshot":"https://micamerasimages.net/thumbs/semtoc_cam_111.flv.jpg","refreshMs":30000,"attribution":"Ora (Warner Varnado) · Michigan DOT"}},{"type":"Feature","geometry":{"type":"Point","coordinates":[-83.105058,42.348618]},"properties":{"id":"ora-mi-352","name":"I-94 @ W of I-96","state":"MI","provider":"Michigan DOT","hls":null,"snapshot":"https://micamerasimages.net/thumbs/semtoc_cam_161.flv.jpg","refreshMs":30000,"attribution":"Ora (Warner Varnado) · Michigan DOT"}},{"type":"Feature","geometry":{"type":"Point","coordinates":[-83.08992,42.35278]},"properties":{"id":"ora-mi-353","name":"I-94 @ E. of I-96","state":"MI","provider":"Michigan DOT","hls":null,"snapshot":"https://micamerasimages.net/thumbs/semtoc_cam_360.flv.jpg","refreshMs":30000,"attribution":"Ora (Warner Varnado) · Michigan DOT"}},{"type":"Feature","geometry":{"type":"Point","coordinates":[-83.080918,42.356531]},"properties":{"id":"ora-mi-354","name":"I-94 @ Trumbull","state":"MI","provider":"Michigan DOT","hls":null,"snapshot":"https://micamerasimages.net/thumbs/semtoc_cam_136.flv.jpg","refreshMs":30000,"attribution":"Ora (Warner Varnado) · Michigan DOT"}},{"type":"Feature","geometry":{"type":"Point","coordinates":[-83.071611,42.361664]},"properties":{"id":"ora-mi-355","name":"I-94 @ Woodward","state":"MI","provider":"Michigan DOT","hls":null,"snapshot":"https://micamerasimages.net/thumbs/semtoc_cam_246.flv.jpg","refreshMs":30000,"attribution":"Ora (Warner Varnado) · Michigan DOT"}},{"type":"Feature","geometry":{"type":"Point","coordinates":[-83.064344,42.366028]},"properties":{"id":"ora-mi-356","name":"I-94 @ W of I-75","state":"MI","provider":"Michigan DOT","hls":null,"snapshot":"https://micamerasimages.net/thumbs/semtoc_cam_119.flv.jpg","refreshMs":30000,"attribution":"Ora (Warner Varnado) · Michigan DOT"}},{"type":"Feature","geometry":{"type":"Point","coordinates":[-83.05729,42.36862]},"properties":{"id":"ora-mi-357","name":"I-94 @ I-75 Camera 2","state":"MI","provider":"Michigan DOT","hls":null,"snapshot":"https://micamerasimages.net/thumbs/semtoc_cam_131.flv.jpg","refreshMs":30000,"attribution":"Ora (Warner Varnado) · Michigan DOT"}},{"type":"Feature","geometry":{"type":"Point","coordinates":[-83.029535,42.383953]},"properties":{"id":"ora-mi-358","name":"I-94 @ E of Mt Elliot","state":"MI","provider":"Michigan DOT","hls":null,"snapshot":"https://micamerasimages.net/thumbs/semtoc_cam_127.flv.jpg","refreshMs":30000,"attribution":"Ora (Warner Varnado) · Michigan DOT"}},{"type":"Feature","geometry":{"type":"Point","coordinates":[-83.042577,42.37626]},"properties":{"id":"ora-mi-359","name":"I-94 @ E Grand Blvd","state":"MI","provider":"Michigan DOT","hls":null,"snapshot":"https://micamerasimages.net/thumbs/semtoc_cam_132.flv.jpg","refreshMs":30000,"attribution":"Ora (Warner Varnado) · Michigan DOT"}},{"type":"Feature","geometry":{"type":"Point","coordinates":[-83.013801,42.389047]},"properties":{"id":"ora-mi-360","name":"I-94 @ E of Van Dyke","state":"MI","provider":"Michigan DOT","hls":null,"snapshot":"https://micamerasimages.net/thumbs/semtoc_cam_225.flv.jpg","refreshMs":30000,"attribution":"Ora (Warner Varnado) · Michigan DOT"}},{"type":"Feature","geometry":{"type":"Point","coordinates":[-82.99539,42.39215]},"properties":{"id":"ora-mi-361","name":"I-94 @ French","state":"MI","provider":"Michigan DOT","hls":null,"snapshot":"https://micamerasimages.net/thumbs/semtoc_cam_241.flv.jpg","refreshMs":30000,"attribution":"Ora (Warner Varnado) · Michigan DOT"}},{"type":"Feature","geometry":{"type":"Point","coordinates":[-83.006546,42.391761]},"properties":{"id":"ora-mi-362","name":"I-94 @ Gratiot","state":"MI","provider":"Michigan DOT","hls":null,"snapshot":"https://micamerasimages.net/thumbs/semtoc_cam_013.flv.jpg","refreshMs":30000,"attribution":"Ora (Warner Varnado) · Michigan DOT"}},{"type":"Feature","geometry":{"type":"Point","coordinates":[-82.97306,42.40153]},"properties":{"id":"ora-mi-363","name":"I-94 @ Dickerson","state":"MI","provider":"Michigan DOT","hls":null,"snapshot":"https://micamerasimages.net/thumbs/semtoc_cam_129.flv.jpg","refreshMs":30000,"attribution":"Ora (Warner Varnado) · Michigan DOT"}},{"type":"Feature","geometry":{"type":"Point","coordinates":[-82.986359,42.39779]},"properties":{"id":"ora-mi-364","name":"I-94 @ Conner St","state":"MI","provider":"Michigan DOT","hls":null,"snapshot":"https://micamerasimages.net/thumbs/semtoc_cam_128.flv.jpg","refreshMs":30000,"attribution":"Ora (Warner Varnado) · Michigan DOT"}},{"type":"Feature","geometry":{"type":"Point","coordinates":[-82.948608,42.408556]},"properties":{"id":"ora-mi-365","name":"I-94 @ Harper","state":"MI","provider":"Michigan DOT","hls":null,"snapshot":"https://micamerasimages.net/thumbs/semtoc_cam_201.flv.jpg","refreshMs":30000,"attribution":"Ora (Warner Varnado) · Michigan DOT"}},{"type":"Feature","geometry":{"type":"Point","coordinates":[-82.936681,42.417256]},"properties":{"id":"ora-mi-366","name":"I-94 @ Cadieux","state":"MI","provider":"Michigan DOT","hls":null,"snapshot":"https://micamerasimages.net/thumbs/semtoc_cam_126.flv.jpg","refreshMs":30000,"attribution":"Ora (Warner Varnado) · Michigan DOT"}},{"type":"Feature","geometry":{"type":"Point","coordinates":[-82.928407,42.424907]},"properties":{"id":"ora-mi-367","name":"I-94 @ Moross","state":"MI","provider":"Michigan DOT","hls":null,"snapshot":"https://micamerasimages.net/thumbs/semtoc_cam_168.flv.jpg","refreshMs":30000,"attribution":"Ora (Warner Varnado) · Michigan DOT"}},{"type":"Feature","geometry":{"type":"Point","coordinates":[-82.925282,42.428594]},"properties":{"id":"ora-mi-368","name":"I-94 @ E of Moross","state":"MI","provider":"Michigan DOT","hls":null,"snapshot":"https://micamerasimages.net/thumbs/semtoc_cam_227.flv.jpg","refreshMs":30000,"attribution":"Ora (Warner Varnado) · Michigan DOT"}},{"type":"Feature","geometry":{"type":"Point","coordinates":[-82.917134,42.445447]},"properties":{"id":"ora-mi-369","name":"I-94 @ Vernier","state":"MI","provider":"Michigan DOT","hls":null,"snapshot":"https://micamerasimages.net/thumbs/semtoc_cam_113.flv.jpg","refreshMs":30000,"attribution":"Ora (Warner Varnado) · Michigan DOT"}},{"type":"Feature","geometry":{"type":"Point","coordinates":[-82.91681,42.450569]},"properties":{"id":"ora-mi-370","name":"I-94 @ 8 Mile Rd","state":"MI","provider":"Michigan DOT","hls":null,"snapshot":"https://micamerasimages.net/thumbs/semtoc_cam_112.flv.jpg","refreshMs":30000,"attribution":"Ora (Warner Varnado) · Michigan DOT"}},{"type":"Feature","geometry":{"type":"Point","coordinates":[-82.9246,42.458678]},"properties":{"id":"ora-mi-371","name":"I-94 @ W of 9 Mile","state":"MI","provider":"Michigan DOT","hls":null,"snapshot":"https://micamerasimages.net/thumbs/semtoc_cam_235.flv.jpg","refreshMs":30000,"attribution":"Ora (Warner Varnado) · Michigan DOT"}},{"type":"Feature","geometry":{"type":"Point","coordinates":[-82.921503,42.464296]},"properties":{"id":"ora-mi-372","name":"I-94 @ 9 Mile","state":"MI","provider":"Michigan DOT","hls":null,"snapshot":"https://micamerasimages.net/thumbs/semtoc_cam_114.flv.jpg","refreshMs":30000,"attribution":"Ora (Warner Varnado) · Michigan DOT"}},{"type":"Feature","geometry":{"type":"Point","coordinates":[-82.917102,42.481509]},"properties":{"id":"ora-mi-373","name":"I-94 @ 10 Mile Rd","state":"MI","provider":"Michigan DOT","hls":null,"snapshot":"https://micamerasimages.net/thumbs/semtoc_cam_236.flv.jpg","refreshMs":30000,"attribution":"Ora (Warner Varnado) · Michigan DOT"}},{"type":"Feature","geometry":{"type":"Point","coordinates":[-82.918306,42.519594]},"properties":{"id":"ora-mi-374","name":"I-94 @ E of 12 Mile","state":"MI","provider":"Michigan DOT","hls":null,"snapshot":"https://micamerasimages.net/thumbs/semtoc_cam_014.flv.jpg","refreshMs":30000,"attribution":"Ora (Warner Varnado) · Michigan DOT"}},{"type":"Feature","geometry":{"type":"Point","coordinates":[-82.896449,42.539789]},"properties":{"id":"ora-mi-375","name":"I-94 @ E of Little Mack","state":"MI","provider":"Michigan DOT","hls":null,"snapshot":"https://micamerasimages.net/thumbs/semtoc_cam_106.flv.jpg","refreshMs":30000,"attribution":"Ora (Warner Varnado) · Michigan DOT"}},{"type":"Feature","geometry":{"type":"Point","coordinates":[-82.875394,42.552546]},"properties":{"id":"ora-mi-376","name":"I-94 @ Harper","state":"MI","provider":"Michigan DOT","hls":null,"snapshot":"https://micamerasimages.net/thumbs/semtoc_cam_107.flv.jpg","refreshMs":30000,"attribution":"Ora (Warner Varnado) · Michigan DOT"}},{"type":"Feature","geometry":{"type":"Point","coordinates":[-82.85967,42.555873]},"properties":{"id":"ora-mi-377","name":"I-94 @ Shook","state":"MI","provider":"Michigan DOT","hls":null,"snapshot":"https://micamerasimages.net/thumbs/semtoc_cam_220.flv.jpg","refreshMs":30000,"attribution":"Ora (Warner Varnado) · Michigan DOT"}},{"type":"Feature","geometry":{"type":"Point","coordinates":[-82.857704,42.5917]},"properties":{"id":"ora-mi-378","name":"I-94 @ N River","state":"MI","provider":"Michigan DOT","hls":null,"snapshot":"https://micamerasimages.net/thumbs/semtoc_cam_135.flv.jpg","refreshMs":30000,"attribution":"Ora (Warner Varnado) · Michigan DOT"}},{"type":"Feature","geometry":{"type":"Point","coordinates":[-82.822056,42.673976]},"properties":{"id":"ora-mi-379","name":"I-94 @ 23 Mile","state":"MI","provider":"Michigan DOT","hls":null,"snapshot":"https://micamerasimages.net/thumbs/semtoc_cam_109.flv.jpg","refreshMs":30000,"attribution":"Ora (Warner Varnado) · Michigan DOT"}},{"type":"Feature","geometry":{"type":"Point","coordinates":[-82.774389,42.707177]},"properties":{"id":"ora-mi-380","name":"I-94 @ M-19","state":"MI","provider":"Michigan DOT","hls":null,"snapshot":"https://micamerasimages.net/thumbs/semtoc_cam_110.flv.jpg","refreshMs":30000,"attribution":"Ora (Warner Varnado) · Michigan DOT"}},{"type":"Feature","geometry":{"type":"Point","coordinates":[-82.719543,42.742583]},"properties":{"id":"ora-mi-381","name":"I-94 @ Richmond RA","state":"MI","provider":"Michigan DOT","hls":null,"snapshot":"https://micamerasimages.net/thumbs/semtoc_cam_190.flv.jpg","refreshMs":30000,"attribution":"Ora (Warner Varnado) · Michigan DOT"}},{"type":"Feature","geometry":{"type":"Point","coordinates":[-82.65761,42.791424]},"properties":{"id":"ora-mi-382","name":"I-94 @ Adair RA","state":"MI","provider":"Michigan DOT","hls":null,"snapshot":"https://micamerasimages.net/thumbs/semtoc_cam_133.flv.jpg","refreshMs":30000,"attribution":"Ora (Warner Varnado) · Michigan DOT"}},{"type":"Feature","geometry":{"type":"Point","coordinates":[-82.62583,42.814088]},"properties":{"id":"ora-mi-383","name":"I-94 @ Fred W Moore","state":"MI","provider":"Michigan DOT","hls":null,"snapshot":"https://micamerasimages.net/thumbs/semtoc_cam_011.flv.jpg","refreshMs":30000,"attribution":"Ora (Warner Varnado) · Michigan DOT"}},{"type":"Feature","geometry":{"type":"Point","coordinates":[-82.556569,42.862644]},"properties":{"id":"ora-mi-384","name":"I-94 @ Wadhams","state":"MI","provider":"Michigan DOT","hls":null,"snapshot":"https://micamerasimages.net/thumbs/semtoc_cam_143.flv.jpg","refreshMs":30000,"attribution":"Ora (Warner Varnado) · Michigan DOT"}},{"type":"Feature","geometry":{"type":"Point","coordinates":[-82.504825,42.907386]},"properties":{"id":"ora-mi-385","name":"I-94 @ Gratiot","state":"MI","provider":"Michigan DOT","hls":null,"snapshot":"https://micamerasimages.net/thumbs/semtoc_cam_012.flv.jpg","refreshMs":30000,"attribution":"Ora (Warner Varnado) · Michigan DOT"}},{"type":"Feature","geometry":{"type":"Point","coordinates":[-82.501697,42.951724]},"properties":{"id":"ora-mi-386","name":"I-94 @ Range","state":"MI","provider":"Michigan DOT","hls":null,"snapshot":"https://micamerasimages.net/thumbs/semtoc_cam_160.flv.jpg","refreshMs":30000,"attribution":"Ora (Warner Varnado) · Michigan DOT"}},{"type":"Feature","geometry":{"type":"Point","coordinates":[-82.489655,42.962804]},"properties":{"id":"ora-mi-387","name":"I-94 @ Griswold Rd","state":"MI","provider":"Michigan DOT","hls":null,"snapshot":"https://micamerasimages.net/thumbs/semtoc_cam_016.flv.jpg","refreshMs":30000,"attribution":"Ora (Warner Varnado) · Michigan DOT"}},{"type":"Feature","geometry":{"type":"Point","coordinates":[-82.478067,42.975374]},"properties":{"id":"ora-mi-388","name":"I-94 @ I-69","state":"MI","provider":"Michigan DOT","hls":null,"snapshot":"https://micamerasimages.net/thumbs/semtoc_cam_211.flv.jpg","refreshMs":30000,"attribution":"Ora (Warner Varnado) · Michigan DOT"}},{"type":"Feature","geometry":{"type":"Point","coordinates":[-82.474553,42.984998]},"properties":{"id":"ora-mi-389","name":"I-94 @ E of I-69","state":"MI","provider":"Michigan DOT","hls":null,"snapshot":"https://micamerasimages.net/thumbs/semtoc_cam_202.flv.jpg","refreshMs":30000,"attribution":"Ora (Warner Varnado) · Michigan DOT"}},{"type":"Feature","geometry":{"type":"Point","coordinates":[-82.473038,42.987881]},"properties":{"id":"ora-mi-390","name":"I-94 @ Port Huron Welcome Center","state":"MI","provider":"Michigan DOT","hls":null,"snapshot":"https://micamerasimages.net/thumbs/semtoc_cam_122.flv.jpg","refreshMs":30000,"attribution":"Ora (Warner Varnado) · Michigan DOT"}},{"type":"Feature","geometry":{"type":"Point","coordinates":[-82.458872,42.990792]},"properties":{"id":"ora-mi-391","name":"I-94 @ Lapeer","state":"MI","provider":"Michigan DOT","hls":null,"snapshot":"https://micamerasimages.net/thumbs/semtoc_cam_216.flv.jpg","refreshMs":30000,"attribution":"Ora (Warner Varnado) · Michigan DOT"}},{"type":"Feature","geometry":{"type":"Point","coordinates":[-82.451233,42.992182]},"properties":{"id":"ora-mi-392","name":"I-94 @ Water St","state":"MI","provider":"Michigan DOT","hls":null,"snapshot":"https://micamerasimages.net/thumbs/semtoc_cam_213.flv.jpg","refreshMs":30000,"attribution":"Ora (Warner Varnado) · Michigan DOT"}},{"type":"Feature","geometry":{"type":"Point","coordinates":[-86.132359,43.121038]},"properties":{"id":"ora-mi-393","name":"I-96 @ Fruitport","state":"MI","provider":"Michigan DOT","hls":null,"snapshot":"https://micamerasimages.net/thumbs/grand_cam_086.flv.jpg","refreshMs":30000,"attribution":"Ora (Warner Varnado) · Michigan DOT"}},{"type":"Feature","geometry":{"type":"Point","coordinates":[-86.09833,43.09295]},"properties":{"id":"ora-mi-394","name":"I-96 @ Fruitport RA","state":"MI","provider":"Michigan DOT","hls":null,"snapshot":"https://micamerasimages.net/thumbs/grand_cam_087.flv.jpg","refreshMs":30000,"attribution":"Ora (Warner Varnado) · Michigan DOT"}},{"type":"Feature","geometry":{"type":"Point","coordinates":[-86.06737,43.07203]},"properties":{"id":"ora-mi-395","name":"I-96 @ 112th Avenue","state":"MI","provider":"Michigan DOT","hls":null,"snapshot":"https://micamerasimages.net/thumbs/grand_cam_088.flv.jpg","refreshMs":30000,"attribution":"Ora (Warner Varnado) · Michigan DOT"}},{"type":"Feature","geometry":{"type":"Point","coordinates":[-85.95589,43.05542]},"properties":{"id":"ora-mi-396","name":"I-96 @ 68th Ave","state":"MI","provider":"Michigan DOT","hls":null,"snapshot":"https://micamerasimages.net/thumbs/internet_cam_201.flv.jpg","refreshMs":30000,"attribution":"Ora (Warner Varnado) · Michigan DOT"}},{"type":"Feature","geometry":{"type":"Point","coordinates":[-85.83928,43.04186]},"properties":{"id":"ora-mi-397","name":"I-96 @ E of 24th Ave","state":"MI","provider":"Michigan DOT","hls":null,"snapshot":"https://micamerasimages.net/thumbs/internet_cam_202.flv.jpg","refreshMs":30000,"attribution":"Ora (Warner Varnado) · Michigan DOT"}},{"type":"Feature","geometry":{"type":"Point","coordinates":[-85.80806,43.03195]},"properties":{"id":"ora-mi-398","name":"I-96 @ M11","state":"MI","provider":"Michigan DOT","hls":null,"snapshot":"https://micamerasimages.net/thumbs/internet_cam_203.flv.jpg","refreshMs":30000,"attribution":"Ora (Warner Varnado) · Michigan DOT"}},{"type":"Feature","geometry":{"type":"Point","coordinates":[-85.76402,43.017597]},"properties":{"id":"ora-mi-399","name":"I-96 @ Fruit Ridge","state":"MI","provider":"Michigan DOT","hls":null,"snapshot":"https://micamerasimages.net/thumbs/grand_cam_072.flv.jpg","refreshMs":30000,"attribution":"Ora (Warner Varnado) · Michigan DOT"}},{"type":"Feature","geometry":{"type":"Point","coordinates":[-85.7255,43.021374]},"properties":{"id":"ora-mi-400","name":"I-96 @ Walker Ave","state":"MI","provider":"Michigan DOT","hls":null,"snapshot":"https://micamerasimages.net/thumbs/grand_cam_068.flv.jpg","refreshMs":30000,"attribution":"Ora (Warner Varnado) · Michigan DOT"}},{"type":"Feature","geometry":{"type":"Point","coordinates":[-85.6892,43.0156]},"properties":{"id":"ora-mi-401","name":"I-96 @ M-37","state":"MI","provider":"Michigan DOT","hls":null,"snapshot":"https://micamerasimages.net/thumbs/grand_cam_012.flv.jpg","refreshMs":30000,"attribution":"Ora (Warner Varnado) · Michigan DOT"}},{"type":"Feature","geometry":{"type":"Point","coordinates":[-85.6882,43.0171]},"properties":{"id":"ora-mi-402","name":"I-96 @ M-37","state":"MI","provider":"Michigan DOT","hls":null,"snapshot":"https://micamerasimages.net/thumbs/grand_cam_046.flv.jpg","refreshMs":30000,"attribution":"Ora (Warner Varnado) · Michigan DOT"}},{"type":"Feature","geometry":{"type":"Point","coordinates":[-85.638,43.0205]},"properties":{"id":"ora-mi-403","name":"I-96 @ M-44 Connector","state":"MI","provider":"Michigan DOT","hls":null,"snapshot":"https://micamerasimages.net/thumbs/grand_cam_002.flv.jpg","refreshMs":30000,"attribution":"Ora (Warner Varnado) · Michigan DOT"}},{"type":"Feature","geometry":{"type":"Point","coordinates":[-85.6371,43.0189]},"properties":{"id":"ora-mi-404","name":"I-96 @ M-44 Connector","state":"MI","provider":"Michigan DOT","hls":null,"snapshot":"https://micamerasimages.net/thumbs/grand_cam_009.flv.jpg","refreshMs":30000,"attribution":"Ora (Warner Varnado) · Michigan DOT"}},{"type":"Feature","geometry":{"type":"Point","coordinates":[-85.60995,43.01326]},"properties":{"id":"ora-mi-405","name":"I-96 @ 3 Mile Rd","state":"MI","provider":"Michigan DOT","hls":null,"snapshot":"https://micamerasimages.net/thumbs/grand_cam_065.flv.jpg","refreshMs":30000,"attribution":"Ora (Warner Varnado) · Michigan DOT"}},{"type":"Feature","geometry":{"type":"Point","coordinates":[-85.60452,42.999065]},"properties":{"id":"ora-mi-406","name":"I-96 @ Knapp St","state":"MI","provider":"Michigan DOT","hls":null,"snapshot":"https://micamerasimages.net/thumbs/grand_cam_067.flv.jpg","refreshMs":30000,"attribution":"Ora (Warner Varnado) · Michigan DOT"}},{"type":"Feature","geometry":{"type":"Point","coordinates":[-85.60532,42.98455]},"properties":{"id":"ora-mi-407","name":"I-96 @ Leonard St","state":"MI","provider":"Michigan DOT","hls":null,"snapshot":"https://micamerasimages.net/thumbs/grand_cam_069.flv.jpg","refreshMs":30000,"attribution":"Ora (Warner Varnado) · Michigan DOT"}},{"type":"Feature","geometry":{"type":"Point","coordinates":[-85.6025,42.9768]},"properties":{"id":"ora-mi-408","name":"I-96 @ I-196","state":"MI","provider":"Michigan DOT","hls":null,"snapshot":"https://micamerasimages.net/thumbs/grand_cam_062.flv.jpg","refreshMs":30000,"attribution":"Ora (Warner Varnado) · Michigan DOT"}},{"type":"Feature","geometry":{"type":"Point","coordinates":[-85.5909,42.9723]},"properties":{"id":"ora-mi-409","name":"I-96 @ M-37/M-44","state":"MI","provider":"Michigan DOT","hls":null,"snapshot":"https://micamerasimages.net/thumbs/grand_cam_003.flv.jpg","refreshMs":30000,"attribution":"Ora (Warner Varnado) · Michigan DOT"}},{"type":"Feature","geometry":{"type":"Point","coordinates":[-85.58,42.9632]},"properties":{"id":"ora-mi-410","name":"I-96 @ M-21","state":"MI","provider":"Michigan DOT","hls":null,"snapshot":"https://micamerasimages.net/thumbs/grand_cam_050.flv.jpg","refreshMs":30000,"attribution":"Ora (Warner Varnado) · Michigan DOT"}},{"type":"Feature","geometry":{"type":"Point","coordinates":[-85.5675,42.9467]},"properties":{"id":"ora-mi-411","name":"I-96 @ Cascade Rd","state":"MI","provider":"Michigan DOT","hls":null,"snapshot":"https://micamerasimages.net/thumbs/grand_cam_064.flv.jpg","refreshMs":30000,"attribution":"Ora (Warner Varnado) · Michigan DOT"}},{"type":"Feature","geometry":{"type":"Point","coordinates":[-85.5597,42.929]},"properties":{"id":"ora-mi-412","name":"I-96 @ Forest Hill Ave","state":"MI","provider":"Michigan DOT","hls":null,"snapshot":"https://micamerasimages.net/thumbs/grand_cam_013.flv.jpg","refreshMs":30000,"attribution":"Ora (Warner Varnado) · Michigan DOT"}},{"type":"Feature","geometry":{"type":"Point","coordinates":[-85.5347,42.9122]},"properties":{"id":"ora-mi-413","name":"I-96 @ M-11 (28th St)","state":"MI","provider":"Michigan DOT","hls":null,"snapshot":"https://micamerasimages.net/thumbs/grand_cam_010.flv.jpg","refreshMs":30000,"attribution":"Ora (Warner Varnado) · Michigan DOT"}},{"type":"Feature","geometry":{"type":"Point","coordinates":[-85.51861,42.903225]},"properties":{"id":"ora-mi-414","name":"I-96 @ 36th St","state":"MI","provider":"Michigan DOT","hls":null,"snapshot":"https://micamerasimages.net/thumbs/grand_cam_070.flv.jpg","refreshMs":30000,"attribution":"Ora (Warner Varnado) · Michigan DOT"}},{"type":"Feature","geometry":{"type":"Point","coordinates":[-85.51991,42.900257]},"properties":{"id":"ora-mi-415","name":"I-96 @ 36th St","state":"MI","provider":"Michigan DOT","hls":null,"snapshot":"https://micamerasimages.net/thumbs/grand_cam_071.flv.jpg","refreshMs":30000,"attribution":"Ora (Warner Varnado) · Michigan DOT"}},{"type":"Feature","geometry":{"type":"Point","coordinates":[-85.49351,42.888855]},"properties":{"id":"ora-mi-416","name":"I-96 @ M-6","state":"MI","provider":"Michigan DOT","hls":null,"snapshot":"https://micamerasimages.net/thumbs/grand_cam_076.flv.jpg","refreshMs":30000,"attribution":"Ora (Warner Varnado) · Michigan DOT"}},{"type":"Feature","geometry":{"type":"Point","coordinates":[-85.42969,42.878143]},"properties":{"id":"ora-mi-417","name":"I-96 @ Snow Ave","state":"MI","provider":"Michigan DOT","hls":null,"snapshot":"https://micamerasimages.net/thumbs/internet_cam_166.flv.jpg","refreshMs":30000,"attribution":"Ora (Warner Varnado) · Michigan DOT"}},{"type":"Feature","geometry":{"type":"Point","coordinates":[-85.37156,42.87902]},"properties":{"id":"ora-mi-418","name":"I-96 @ M-50","state":"MI","provider":"Michigan DOT","hls":null,"snapshot":"https://micamerasimages.net/thumbs/internet_cam_017.flv.jpg","refreshMs":30000,"attribution":"Ora (Warner Varnado) · Michigan DOT"}},{"type":"Feature","geometry":{"type":"Point","coordinates":[-84.912909,42.859767]},"properties":{"id":"ora-mi-419","name":"I-96 @ Kent","state":"MI","provider":"Michigan DOT","hls":null,"snapshot":"https://micamerasimages.net/thumbs/internet_cam_153.flv.jpg","refreshMs":30000,"attribution":"Ora (Warner Varnado) · Michigan DOT"}},{"type":"Feature","geometry":{"type":"Point","coordinates":[-84.671126,42.785414]},"properties":{"id":"ora-mi-420","name":"I-96 @ Grand River Hwy","state":"MI","provider":"Michigan DOT","hls":null,"snapshot":"https://micamerasimages.net/thumbs/internet_cam_120.flv.jpg","refreshMs":30000,"attribution":"Ora (Warner Varnado) · Michigan DOT"}},{"type":"Feature","geometry":{"type":"Point","coordinates":[-84.66873,42.74128]},"properties":{"id":"ora-mi-421","name":"I-96 @ Saginaw Hwy","state":"MI","provider":"Michigan DOT","hls":null,"snapshot":"https://micamerasimages.net/thumbs/internet_cam_176.flv.jpg","refreshMs":30000,"attribution":"Ora (Warner Varnado) · Michigan DOT"}},{"type":"Feature","geometry":{"type":"Point","coordinates":[-84.66851,42.72009]},"properties":{"id":"ora-mi-422","name":"I-96 @ I-496","state":"MI","provider":"Michigan DOT","hls":null,"snapshot":"https://micamerasimages.net/thumbs/internet_cam_177.flv.jpg","refreshMs":30000,"attribution":"Ora (Warner Varnado) · Michigan DOT"}},{"type":"Feature","geometry":{"type":"Point","coordinates":[-84.53857,42.66009]},"properties":{"id":"ora-mi-423","name":"I-96 @ Cedar","state":"MI","provider":"Michigan DOT","hls":null,"snapshot":"https://micamerasimages.net/thumbs/internet_cam_138.flv.jpg","refreshMs":30000,"attribution":"Ora (Warner Varnado) · Michigan DOT"}},{"type":"Feature","geometry":{"type":"Point","coordinates":[-84.496606,42.677976]},"properties":{"id":"ora-mi-424","name":"I-96 @ US-127","state":"MI","provider":"Michigan DOT","hls":null,"snapshot":"https://micamerasimages.net/thumbs/internet_cam_135.flv.jpg","refreshMs":30000,"attribution":"Ora (Warner Varnado) · Michigan DOT"}},{"type":"Feature","geometry":{"type":"Point","coordinates":[-84.43333,42.6788]},"properties":{"id":"ora-mi-425","name":"I-96 @ Okemos","state":"MI","provider":"Michigan DOT","hls":null,"snapshot":"https://micamerasimages.net/thumbs/internet_cam_134.flv.jpg","refreshMs":30000,"attribution":"Ora (Warner Varnado) · Michigan DOT"}},{"type":"Feature","geometry":{"type":"Point","coordinates":[-84.28242,42.666035]},"properties":{"id":"ora-mi-426","name":"I-96 @ Williamston","state":"MI","provider":"Michigan DOT","hls":null,"snapshot":"https://micamerasimages.net/thumbs/internet_cam_071.flv.jpg","refreshMs":30000,"attribution":"Ora (Warner Varnado) · Michigan DOT"}},{"type":"Feature","geometry":{"type":"Point","coordinates":[-83.8416,42.5682]},"properties":{"id":"ora-mi-427","name":"I-96 @ Dorr","state":"MI","provider":"Michigan DOT","hls":null,"snapshot":"https://micamerasimages.net/thumbs/internet_cam_061.flv.jpg","refreshMs":30000,"attribution":"Ora (Warner Varnado) · Michigan DOT"}},{"type":"Feature","geometry":{"type":"Point","coordinates":[-83.77144,42.539135]},"properties":{"id":"ora-mi-428","name":"I-96 @ Flint Rd","state":"MI","provider":"Michigan DOT","hls":null,"snapshot":"https://micamerasimages.net/thumbs/internet_cam_062.flv.jpg","refreshMs":30000,"attribution":"Ora (Warner Varnado) · Michigan DOT"}},{"type":"Feature","geometry":{"type":"Point","coordinates":[-83.75706,42.523106]},"properties":{"id":"ora-mi-429","name":"I-96 @ US-23","state":"MI","provider":"Michigan DOT","hls":null,"snapshot":"https://micamerasimages.net/thumbs/internet_cam_063.flv.jpg","refreshMs":30000,"attribution":"Ora (Warner Varnado) · Michigan DOT"}},{"type":"Feature","geometry":{"type":"Point","coordinates":[-83.75164,42.52545]},"properties":{"id":"ora-mi-430","name":"I-96 @ US-23","state":"MI","provider":"Michigan DOT","hls":null,"snapshot":"https://micamerasimages.net/thumbs/internet_cam_045.flv.jpg","refreshMs":30000,"attribution":"Ora (Warner Varnado) · Michigan DOT"}},{"type":"Feature","geometry":{"type":"Point","coordinates":[-83.670167,42.51728]},"properties":{"id":"ora-mi-431","name":"I-96 @ E of Kensington","state":"MI","provider":"Michigan DOT","hls":null,"snapshot":"https://micamerasimages.net/thumbs/semtoc_cam_199.flv.jpg","refreshMs":30000,"attribution":"Ora (Warner Varnado) · Michigan DOT"}},{"type":"Feature","geometry":{"type":"Point","coordinates":[-83.670188,42.517292]},"properties":{"id":"ora-mi-432","name":"I-96 @ Kensington Rd","state":"MI","provider":"Michigan DOT","hls":null,"snapshot":"https://micamerasimages.net/thumbs/semtoc_cam_199.flv.jpg","refreshMs":30000,"attribution":"Ora (Warner Varnado) · Michigan DOT"}},{"type":"Feature","geometry":{"type":"Point","coordinates":[-83.647842,42.51765]},"properties":{"id":"ora-mi-433","name":"I-96 @ Kent Lake Rd","state":"MI","provider":"Michigan DOT","hls":null,"snapshot":"https://micamerasimages.net/thumbs/semtoc_cam_181.flv.jpg","refreshMs":30000,"attribution":"Ora (Warner Varnado) · Michigan DOT"}},{"type":"Feature","geometry":{"type":"Point","coordinates":[-83.647841,42.517655]},"properties":{"id":"ora-mi-434","name":"I-96 @ Kent Lake","state":"MI","provider":"Michigan DOT","hls":null,"snapshot":"https://micamerasimages.net/thumbs/semtoc_cam_181.flv.jpg","refreshMs":30000,"attribution":"Ora (Warner Varnado) · Michigan DOT"}},{"type":"Feature","geometry":{"type":"Point","coordinates":[-83.643378,42.518629]},"properties":{"id":"ora-mi-435","name":"I-96 @ E of Kent Lake","state":"MI","provider":"Michigan DOT","hls":null,"snapshot":"https://micamerasimages.net/thumbs/semtoc_cam_419.flv.jpg","refreshMs":30000,"attribution":"Ora (Warner Varnado) · Michigan DOT"}},{"type":"Feature","geometry":{"type":"Point","coordinates":[-83.635464,42.520319]},"properties":{"id":"ora-mi-436","name":"I-96 @ E of Kent Lake","state":"MI","provider":"Michigan DOT","hls":null,"snapshot":"https://micamerasimages.net/thumbs/semtoc_cam_403.flv.jpg","refreshMs":30000,"attribution":"Ora (Warner Varnado) · Michigan DOT"}},{"type":"Feature","geometry":{"type":"Point","coordinates":[-83.62902,42.521111]},"properties":{"id":"ora-mi-437","name":"I-96 @ W of Milford","state":"MI","provider":"Michigan DOT","hls":null,"snapshot":"https://micamerasimages.net/thumbs/semtoc_cam_400.flv.jpg","refreshMs":30000,"attribution":"Ora (Warner Varnado) · Michigan DOT"}},{"type":"Feature","geometry":{"type":"Point","coordinates":[-83.628511,42.521606]},"properties":{"id":"ora-mi-438","name":"I-96 @ W of Milford","state":"MI","provider":"Michigan DOT","hls":null,"snapshot":"https://micamerasimages.net/thumbs/semtoc_cam_178.flv.jpg","refreshMs":30000,"attribution":"Ora (Warner Varnado) · Michigan DOT"}},{"type":"Feature","geometry":{"type":"Point","coordinates":[-83.619002,42.519901]},"properties":{"id":"ora-mi-439","name":"I-96 @ W of Milford Rd","state":"MI","provider":"Michigan DOT","hls":null,"snapshot":"https://micamerasimages.net/thumbs/semtoc_cam_396.flv.jpg","refreshMs":30000,"attribution":"Ora (Warner Varnado) · Michigan DOT"}},{"type":"Feature","geometry":{"type":"Point","coordinates":[-83.616863,42.519371]},"properties":{"id":"ora-mi-440","name":"I-96 @ Milford Rd","state":"MI","provider":"Michigan DOT","hls":null,"snapshot":"https://micamerasimages.net/thumbs/semtoc_cam_145.flv.jpg","refreshMs":30000,"attribution":"Ora (Warner Varnado) · Michigan DOT"}},{"type":"Feature","geometry":{"type":"Point","coordinates":[-83.613421,42.518406]},"properties":{"id":"ora-mi-441","name":"I-96 @ E of Milford Rd","state":"MI","provider":"Michigan DOT","hls":null,"snapshot":"https://micamerasimages.net/thumbs/semtoc_cam_402.flv.jpg","refreshMs":30000,"attribution":"Ora (Warner Varnado) · Michigan DOT"}},{"type":"Feature","geometry":{"type":"Point","coordinates":[-83.604148,42.515365]},"properties":{"id":"ora-mi-442","name":"I-96 @ W of Hill","state":"MI","provider":"Michigan DOT","hls":null,"snapshot":"https://micamerasimages.net/thumbs/semtoc_cam_399.flv.jpg","refreshMs":30000,"attribution":"Ora (Warner Varnado) · Michigan DOT"}},{"type":"Feature","geometry":{"type":"Point","coordinates":[-83.595487,42.513413]},"properties":{"id":"ora-mi-443","name":"I-96 @ E of Hill Rd","state":"MI","provider":"Michigan DOT","hls":null,"snapshot":"https://micamerasimages.net/thumbs/semtoc_cam_423.flv.jpg","refreshMs":30000,"attribution":"Ora (Warner Varnado) · Michigan DOT"}},{"type":"Feature","geometry":{"type":"Point","coordinates":[-83.597106,42.513422]},"properties":{"id":"ora-mi-444","name":"I-96 @ W of Hill Rd","state":"MI","provider":"Michigan DOT","hls":null,"snapshot":"https://micamerasimages.net/thumbs/semtoc_cam_421.flv.jpg","refreshMs":30000,"attribution":"Ora (Warner Varnado) · Michigan DOT"}},{"type":"Feature","geometry":{"type":"Point","coordinates":[-83.586824,42.510574]},"properties":{"id":"ora-mi-445","name":"I-96 @ E of Hill","state":"MI","provider":"Michigan DOT","hls":null,"snapshot":"https://micamerasimages.net/thumbs/semtoc_cam_401.flv.jpg","refreshMs":30000,"attribution":"Ora (Warner Varnado) · Michigan DOT"}},{"type":"Feature","geometry":{"type":"Point","coordinates":[-83.577273,42.507927]},"properties":{"id":"ora-mi-446","name":"I-96 @ W of Old Plank","state":"MI","provider":"Michigan DOT","hls":null,"snapshot":"https://micamerasimages.net/thumbs/semtoc_cam_398.flv.jpg","refreshMs":30000,"attribution":"Ora (Warner Varnado) · Michigan DOT"}},{"type":"Feature","geometry":{"type":"Point","coordinates":[-83.57482,42.507687]},"properties":{"id":"ora-mi-447","name":"I-96 @ E of Old Plank","state":"MI","provider":"Michigan DOT","hls":null,"snapshot":"https://micamerasimages.net/thumbs/semtoc_cam_418.flv.jpg","refreshMs":30000,"attribution":"Ora (Warner Varnado) · Michigan DOT"}},{"type":"Feature","geometry":{"type":"Point","coordinates":[-83.57607,42.507551]},"properties":{"id":"ora-mi-448","name":"I-96 @ Old Plank","state":"MI","provider":"Michigan DOT","hls":null,"snapshot":"https://micamerasimages.net/thumbs/semtoc_cam_138.flv.jpg","refreshMs":30000,"attribution":"Ora (Warner Varnado) · Michigan DOT"}},{"type":"Feature","geometry":{"type":"Point","coordinates":[-83.568243,42.505424]},"properties":{"id":"ora-mi-449","name":"I-96 @ E of Old Plank","state":"MI","provider":"Michigan DOT","hls":null,"snapshot":"https://micamerasimages.net/thumbs/semtoc_cam_397.flv.jpg","refreshMs":30000,"attribution":"Ora (Warner Varnado) · Michigan DOT"}},{"type":"Feature","geometry":{"type":"Point","coordinates":[-83.559214,42.50292]},"properties":{"id":"ora-mi-450","name":"I-96 @ E of Old Plank","state":"MI","provider":"Michigan DOT","hls":null,"snapshot":"https://micamerasimages.net/thumbs/semtoc_cam_417.flv.jpg","refreshMs":30000,"attribution":"Ora (Warner Varnado) · Michigan DOT"}},{"type":"Feature","geometry":{"type":"Point","coordinates":[-83.548938,42.500524]},"properties":{"id":"ora-mi-451","name":"I-96 @ W of Wixom Rd","state":"MI","provider":"Michigan DOT","hls":null,"snapshot":"https://micamerasimages.net/thumbs/semtoc_cam_416.flv.jpg","refreshMs":30000,"attribution":"Ora (Warner Varnado) · Michigan DOT"}},{"type":"Feature","geometry":{"type":"Point","coordinates":[-83.53826,42.498252]},"properties":{"id":"ora-mi-452","name":"I-96 @ W of Wixom","state":"MI","provider":"Michigan DOT","hls":null,"snapshot":"https://micamerasimages.net/thumbs/semtoc_cam_420.flv.jpg","refreshMs":30000,"attribution":"Ora (Warner Varnado) · Michigan DOT"}},{"type":"Feature","geometry":{"type":"Point","coordinates":[-83.536821,42.498411]},"properties":{"id":"ora-mi-453","name":"I-96 @ Wixom Rd","state":"MI","provider":"Michigan DOT","hls":null,"snapshot":"https://micamerasimages.net/thumbs/semtoc_cam_214.flv.jpg","refreshMs":30000,"attribution":"Ora (Warner Varnado) · Michigan DOT"}},{"type":"Feature","geometry":{"type":"Point","coordinates":[-83.534721,42.497928]},"properties":{"id":"ora-mi-454","name":"I-96 @ E of Wixom","state":"MI","provider":"Michigan DOT","hls":null,"snapshot":"https://micamerasimages.net/thumbs/semtoc_cam_411.flv.jpg","refreshMs":30000,"attribution":"Ora (Warner Varnado) · Michigan DOT"}},{"type":"Feature","geometry":{"type":"Point","coordinates":[-83.525635,42.495494]},"properties":{"id":"ora-mi-455","name":"I-96 @ W of Beck","state":"MI","provider":"Michigan DOT","hls":null,"snapshot":"https://micamerasimages.net/thumbs/semtoc_cam_409.flv.jpg","refreshMs":30000,"attribution":"Ora (Warner Varnado) · Michigan DOT"}},{"type":"Feature","geometry":{"type":"Point","coordinates":[-83.516894,42.493661]},"properties":{"id":"ora-mi-456","name":"I-96 @  W of Beck","state":"MI","provider":"Michigan DOT","hls":null,"snapshot":"https://micamerasimages.net/thumbs/semtoc_cam_410.flv.jpg","refreshMs":30000,"attribution":"Ora (Warner Varnado) · Michigan DOT"}},{"type":"Feature","geometry":{"type":"Point","coordinates":[-83.514587,42.49364]},"properties":{"id":"ora-mi-457","name":"I-96 @ E of Beck","state":"MI","provider":"Michigan DOT","hls":null,"snapshot":"https://micamerasimages.net/thumbs/semtoc_cam_408.flv.jpg","refreshMs":30000,"attribution":"Ora (Warner Varnado) · Michigan DOT"}},{"type":"Feature","geometry":{"type":"Point","coordinates":[-83.500911,42.4902]},"properties":{"id":"ora-mi-458","name":"I-96 @ E of Beck","state":"MI","provider":"Michigan DOT","hls":null,"snapshot":"https://micamerasimages.net/thumbs/semtoc_cam_205.flv.jpg","refreshMs":30000,"attribution":"Ora (Warner Varnado) · Michigan DOT"}},{"type":"Feature","geometry":{"type":"Point","coordinates":[-83.491036,42.488211]},"properties":{"id":"ora-mi-459","name":"I-96 @ W of Novi","state":"MI","provider":"Michigan DOT","hls":null,"snapshot":"https://micamerasimages.net/thumbs/semtoc_cam_405.flv.jpg","refreshMs":30000,"attribution":"Ora (Warner Varnado) · Michigan DOT"}},{"type":"Feature","geometry":{"type":"Point","coordinates":[-83.476047,42.486617]},"properties":{"id":"ora-mi-460","name":"I-96 @ Novi Road","state":"MI","provider":"Michigan DOT","hls":null,"snapshot":"https://micamerasimages.net/thumbs/semtoc_cam_196.flv.jpg","refreshMs":30000,"attribution":"Ora (Warner Varnado) · Michigan DOT"}},{"type":"Feature","geometry":{"type":"Point","coordinates":[-83.476865,42.486764]},"properties":{"id":"ora-mi-461","name":"I-96 @ W of Novi Rd","state":"MI","provider":"Michigan DOT","hls":null,"snapshot":"https://micamerasimages.net/thumbs/semtoc_cam_414.flv.jpg","refreshMs":30000,"attribution":"Ora (Warner Varnado) · Michigan DOT"}},{"type":"Feature","geometry":{"type":"Point","coordinates":[-83.472501,42.486432]},"properties":{"id":"ora-mi-462","name":"I-96 @ E of Novi Rd","state":"MI","provider":"Michigan DOT","hls":null,"snapshot":"https://micamerasimages.net/thumbs/semtoc_cam_412.flv.jpg","refreshMs":30000,"attribution":"Ora (Warner Varnado) · Michigan DOT"}},{"type":"Feature","geometry":{"type":"Point","coordinates":[-83.462776,42.48561]},"properties":{"id":"ora-mi-463","name":"I-96 @ W of Meadowbrook","state":"MI","provider":"Michigan DOT","hls":null,"snapshot":"https://micamerasimages.net/thumbs/semtoc_cam_413.flv.jpg","refreshMs":30000,"attribution":"Ora (Warner Varnado) · Michigan DOT"}},{"type":"Feature","geometry":{"type":"Point","coordinates":[-83.454481,42.48466]},"properties":{"id":"ora-mi-464","name":"I-96 @ E of Meadowbrook","state":"MI","provider":"Michigan DOT","hls":null,"snapshot":"https://micamerasimages.net/thumbs/semtoc_cam_404.flv.jpg","refreshMs":30000,"attribution":"Ora (Warner Varnado) · Michigan DOT"}},{"type":"Feature","geometry":{"type":"Point","coordinates":[-83.427507,42.478366]},"properties":{"id":"ora-mi-465","name":"I-96 @ M-5","state":"MI","provider":"Michigan DOT","hls":null,"snapshot":"https://micamerasimages.net/thumbs/semtoc_cam_318.flv.jpg","refreshMs":30000,"attribution":"Ora (Warner Varnado) · Michigan DOT"}},{"type":"Feature","geometry":{"type":"Point","coordinates":[-83.423322,42.382046]},"properties":{"id":"ora-mi-466","name":"I-96 @ Schoolcraft","state":"MI","provider":"Michigan DOT","hls":null,"snapshot":"https://micamerasimages.net/thumbs/semtoc_cam_203.flv.jpg","refreshMs":30000,"attribution":"Ora (Warner Varnado) · Michigan DOT"}},{"type":"Feature","geometry":{"type":"Point","coordinates":[-83.400431,42.381602]},"properties":{"id":"ora-mi-467","name":"I-96 @ Levan","state":"MI","provider":"Michigan DOT","hls":null,"snapshot":"https://micamerasimages.net/thumbs/semtoc_cam_146.flv.jpg","refreshMs":30000,"attribution":"Ora (Warner Varnado) · Michigan DOT"}},{"type":"Feature","geometry":{"type":"Point","coordinates":[-83.372713,42.382772]},"properties":{"id":"ora-mi-468","name":"I-96 @ Farmington Rd","state":"MI","provider":"Michigan DOT","hls":null,"snapshot":"https://micamerasimages.net/thumbs/semtoc_cam_144.flv.jpg","refreshMs":30000,"attribution":"Ora (Warner Varnado) · Michigan DOT"}},{"type":"Feature","geometry":{"type":"Point","coordinates":[-83.353154,42.382675]},"properties":{"id":"ora-mi-469","name":"I-96 @ Merriman","state":"MI","provider":"Michigan DOT","hls":null,"snapshot":"https://micamerasimages.net/thumbs/semtoc_cam_151.flv.jpg","refreshMs":30000,"attribution":"Ora (Warner Varnado) · Michigan DOT"}},{"type":"Feature","geometry":{"type":"Point","coordinates":[-83.334834,42.383748]},"properties":{"id":"ora-mi-470","name":"I-96 @ Middle Belt","state":"MI","provider":"Michigan DOT","hls":null,"snapshot":"https://micamerasimages.net/thumbs/semtoc_cam_239.flv.jpg","refreshMs":30000,"attribution":"Ora (Warner Varnado) · Michigan DOT"}},{"type":"Feature","geometry":{"type":"Point","coordinates":[-83.313953,42.384302]},"properties":{"id":"ora-mi-471","name":"I-96 @ Inkster","state":"MI","provider":"Michigan DOT","hls":null,"snapshot":"https://micamerasimages.net/thumbs/semtoc_cam_195.flv.jpg","refreshMs":30000,"attribution":"Ora (Warner Varnado) · Michigan DOT"}},{"type":"Feature","geometry":{"type":"Point","coordinates":[-83.29403,42.385257]},"properties":{"id":"ora-mi-472","name":"I-96 @ East of Beech Daly","state":"MI","provider":"Michigan DOT","hls":null,"snapshot":"https://micamerasimages.net/thumbs/semtoc_cam_172.flv.jpg","refreshMs":30000,"attribution":"Ora (Warner Varnado) · Michigan DOT"}},{"type":"Feature","geometry":{"type":"Point","coordinates":[-83.276855,42.3857]},"properties":{"id":"ora-mi-473","name":"I-96 @ Telegraph Camera 2","state":"MI","provider":"Michigan DOT","hls":null,"snapshot":"https://micamerasimages.net/thumbs/semtoc_cam_182.flv.jpg","refreshMs":30000,"attribution":"Ora (Warner Varnado) · Michigan DOT"}},{"type":"Feature","geometry":{"type":"Point","coordinates":[-83.256994,42.385878]},"properties":{"id":"ora-mi-474","name":"I-96 @ Outer Dr","state":"MI","provider":"Michigan DOT","hls":null,"snapshot":"https://micamerasimages.net/thumbs/semtoc_cam_191.flv.jpg","refreshMs":30000,"attribution":"Ora (Warner Varnado) · Michigan DOT"}},{"type":"Feature","geometry":{"type":"Point","coordinates":[-83.242154,42.385189]},"properties":{"id":"ora-mi-475","name":"I-96 @ W of Evergreen","state":"MI","provider":"Michigan DOT","hls":null,"snapshot":"https://micamerasimages.net/thumbs/semtoc_cam_204.flv.jpg","refreshMs":30000,"attribution":"Ora (Warner Varnado) · Michigan DOT"}},{"type":"Feature","geometry":{"type":"Point","coordinates":[-83.230044,42.377599]},"properties":{"id":"ora-mi-476","name":"I-96 @ E of Evergreen","state":"MI","provider":"Michigan DOT","hls":null,"snapshot":"https://micamerasimages.net/thumbs/semtoc_cam_183.flv.jpg","refreshMs":30000,"attribution":"Ora (Warner Varnado) · Michigan DOT"}},{"type":"Feature","geometry":{"type":"Point","coordinates":[-83.21767,42.378045]},"properties":{"id":"ora-mi-477","name":"I-96 @ M-39 Camera 2","state":"MI","provider":"Michigan DOT","hls":null,"snapshot":"https://micamerasimages.net/thumbs/semtoc_cam_223.flv.jpg","refreshMs":30000,"attribution":"Ora (Warner Varnado) · Michigan DOT"}},{"type":"Feature","geometry":{"type":"Point","coordinates":[-83.216487,42.378935]},"properties":{"id":"ora-mi-478","name":"I-96 @ M-39 Low","state":"MI","provider":"Michigan DOT","hls":null,"snapshot":"https://micamerasimages.net/thumbs/semtoc_cam_222.flv.jpg","refreshMs":30000,"attribution":"Ora (Warner Varnado) · Michigan DOT"}},{"type":"Feature","geometry":{"type":"Point","coordinates":[-83.198688,42.378679]},"properties":{"id":"ora-mi-479","name":"I-96 @ Greenfield","state":"MI","provider":"Michigan DOT","hls":null,"snapshot":"https://micamerasimages.net/thumbs/semtoc_cam_267.flv.jpg","refreshMs":30000,"attribution":"Ora (Warner Varnado) · Michigan DOT"}},{"type":"Feature","geometry":{"type":"Point","coordinates":[-83.14925,42.38433]},"properties":{"id":"ora-mi-480","name":"I-96 @ Davison","state":"MI","provider":"Michigan DOT","hls":null,"snapshot":"https://micamerasimages.net/thumbs/semtoc_cam_177.flv.jpg","refreshMs":30000,"attribution":"Ora (Warner Varnado) · Michigan DOT"}},{"type":"Feature","geometry":{"type":"Point","coordinates":[-83.184376,42.382404]},"properties":{"id":"ora-mi-481","name":"I-96 @ Schaefer Hwy","state":"MI","provider":"Michigan DOT","hls":null,"snapshot":"https://micamerasimages.net/thumbs/semtoc_cam_165.flv.jpg","refreshMs":30000,"attribution":"Ora (Warner Varnado) · Michigan DOT"}},{"type":"Feature","geometry":{"type":"Point","coordinates":[-83.168238,42.385767]},"properties":{"id":"ora-mi-482","name":"I-96 @ Meyers","state":"MI","provider":"Michigan DOT","hls":null,"snapshot":"https://micamerasimages.net/thumbs/semtoc_cam_152.flv.jpg","refreshMs":30000,"attribution":"Ora (Warner Varnado) · Michigan DOT"}},{"type":"Feature","geometry":{"type":"Point","coordinates":[-83.1785,42.383627]},"properties":{"id":"ora-mi-483","name":"I-96 @ Schaefer Hwy 1","state":"MI","provider":"Michigan DOT","hls":null,"snapshot":"https://micamerasimages.net/thumbs/semtoc_cam_229.flv.jpg","refreshMs":30000,"attribution":"Ora (Warner Varnado) · Michigan DOT"}},{"type":"Feature","geometry":{"type":"Point","coordinates":[-83.145992,42.380459]},"properties":{"id":"ora-mi-484","name":"I-96 @ E of Davison","state":"MI","provider":"Michigan DOT","hls":null,"snapshot":"https://micamerasimages.net/thumbs/semtoc_cam_391.flv.jpg","refreshMs":30000,"attribution":"Ora (Warner Varnado) · Michigan DOT"}},{"type":"Feature","geometry":{"type":"Point","coordinates":[-83.145051,42.370431]},"properties":{"id":"ora-mi-485","name":"I-96 @ Grand River","state":"MI","provider":"Michigan DOT","hls":null,"snapshot":"https://micamerasimages.net/thumbs/semtoc_cam_228.flv.jpg","refreshMs":30000,"attribution":"Ora (Warner Varnado) · Michigan DOT"}},{"type":"Feature","geometry":{"type":"Point","coordinates":[-83.123048,42.360992]},"properties":{"id":"ora-mi-486","name":"I-96 @ E of Joy","state":"MI","provider":"Michigan DOT","hls":null,"snapshot":"https://micamerasimages.net/thumbs/semtoc_cam_164.flv.jpg","refreshMs":30000,"attribution":"Ora (Warner Varnado) · Michigan DOT"}},{"type":"Feature","geometry":{"type":"Point","coordinates":[-83.100707,42.350668]},"properties":{"id":"ora-mi-487","name":"I-96 @ I-94 Camera 1","state":"MI","provider":"Michigan DOT","hls":null,"snapshot":"https://micamerasimages.net/thumbs/semtoc_cam_137.flv.jpg","refreshMs":30000,"attribution":"Ora (Warner Varnado) · Michigan DOT"}},{"type":"Feature","geometry":{"type":"Point","coordinates":[-83.112079,42.357032]},"properties":{"id":"ora-mi-488","name":"I-96 @ W Grand Blvd","state":"MI","provider":"Michigan DOT","hls":null,"snapshot":"https://micamerasimages.net/thumbs/semtoc_cam_139.flv.jpg","refreshMs":30000,"attribution":"Ora (Warner Varnado) · Michigan DOT"}},{"type":"Feature","geometry":{"type":"Point","coordinates":[-83.096916,42.345928]},"properties":{"id":"ora-mi-489","name":"I-96 @ Warren Ave","state":"MI","provider":"Michigan DOT","hls":null,"snapshot":"https://micamerasimages.net/thumbs/semtoc_cam_198.flv.jpg","refreshMs":30000,"attribution":"Ora (Warner Varnado) · Michigan DOT"}},{"type":"Feature","geometry":{"type":"Point","coordinates":[-83.089483,42.335048]},"properties":{"id":"ora-mi-490","name":"I-96 @ M L King Jr","state":"MI","provider":"Michigan DOT","hls":null,"snapshot":"https://micamerasimages.net/thumbs/semtoc_cam_238.flv.jpg","refreshMs":30000,"attribution":"Ora (Warner Varnado) · Michigan DOT"}},{"type":"Feature","geometry":{"type":"Point","coordinates":[-83.692981,42.522895]},"properties":{"id":"ora-mi-491","name":"I-96 @ Kensington Rd","state":"MI","provider":"Michigan DOT","hls":null,"snapshot":"https://micamerasimages.net/thumbs/internet_cam_060.flv.jpg","refreshMs":30000,"attribution":"Ora (Warner Varnado) · Michigan DOT"}},{"type":"Feature","geometry":{"type":"Point","coordinates":[-83.72717,42.52198]},"properties":{"id":"ora-mi-492","name":"I-96 @ Pleasant Valley Rd","state":"MI","provider":"Michigan DOT","hls":null,"snapshot":"https://micamerasimages.net/thumbs/internet_cam_059.flv.jpg","refreshMs":30000,"attribution":"Ora (Warner Varnado) · Michigan DOT"}},{"type":"Feature","geometry":{"type":"Point","coordinates":[-83.045273,42.328331]},"properties":{"id":"ora-mi-493","name":"Jefferson @ Griswold","state":"MI","provider":"Michigan DOT","hls":null,"snapshot":"https://micamerasimages.net/thumbs/semtoc_cam_004.flv.jpg","refreshMs":30000,"attribution":"Ora (Warner Varnado) · Michigan DOT"}},{"type":"Feature","geometry":{"type":"Point","coordinates":[-83.044261,42.328676]},"properties":{"id":"ora-mi-494","name":"Jefferson @ Woodward Ave","state":"MI","provider":"Michigan DOT","hls":null,"snapshot":"https://micamerasimages.net/thumbs/semtoc_cam_002.flv.jpg","refreshMs":30000,"attribution":"Ora (Warner Varnado) · Michigan DOT"}},{"type":"Feature","geometry":{"type":"Point","coordinates":[-83.04565,42.330688]},"properties":{"id":"ora-mi-495","name":"Jefferson @ Beaubien","state":"MI","provider":"Michigan DOT","hls":null,"snapshot":"https://micamerasimages.net/thumbs/semtoc_cam_361.flv.jpg","refreshMs":30000,"attribution":"Ora (Warner Varnado) · Michigan DOT"}},{"type":"Feature","geometry":{"type":"Point","coordinates":[-83.041782,42.329831]},"properties":{"id":"ora-mi-496","name":"Jefferson @ Randolph St","state":"MI","provider":"Michigan DOT","hls":null,"snapshot":"https://micamerasimages.net/thumbs/semtoc_cam_251.flv.jpg","refreshMs":30000,"attribution":"Ora (Warner Varnado) · Michigan DOT"}},{"type":"Feature","geometry":{"type":"Point","coordinates":[-83.044735,42.328905]},"properties":{"id":"ora-mi-497","name":"Jefferson @ W Woodward Camera 2","state":"MI","provider":"Michigan DOT","hls":null,"snapshot":"https://micamerasimages.net/thumbs/semtoc_cam_362.flv.jpg","refreshMs":30000,"attribution":"Ora (Warner Varnado) · Michigan DOT"}},{"type":"Feature","geometry":{"type":"Point","coordinates":[-83.048439,42.327945]},"properties":{"id":"ora-mi-498","name":"Larned @ Washington","state":"MI","provider":"Michigan DOT","hls":null,"snapshot":"https://micamerasimages.net/thumbs/semtoc_cam_363.flv.jpg","refreshMs":30000,"attribution":"Ora (Warner Varnado) · Michigan DOT"}},{"type":"Feature","geometry":{"type":"Point","coordinates":[-83.1101,42.39828]},"properties":{"id":"ora-mi-499","name":"M-10 @ M-8","state":"MI","provider":"Michigan DOT","hls":null,"snapshot":"https://micamerasimages.net/thumbs/semtoc_cam_186.flv.jpg","refreshMs":30000,"attribution":"Ora (Warner Varnado) · Michigan DOT"}},{"type":"Feature","geometry":{"type":"Point","coordinates":[-83.06239,42.331783]},"properties":{"id":"ora-mi-500","name":"M-10 @ Michigan","state":"MI","provider":"Michigan DOT","hls":null,"snapshot":"https://micamerasimages.net/thumbs/semtoc_cam_237.flv.jpg","refreshMs":30000,"attribution":"Ora (Warner Varnado) · Michigan DOT"}},{"type":"Feature","geometry":{"type":"Point","coordinates":[-83.059365,42.329022]},"properties":{"id":"ora-mi-501","name":"M-10 @ S of Michigan","state":"MI","provider":"Michigan DOT","hls":null,"snapshot":"https://micamerasimages.net/thumbs/semtoc_cam_173.flv.jpg","refreshMs":30000,"attribution":"Ora (Warner Varnado) · Michigan DOT"}},{"type":"Feature","geometry":{"type":"Point","coordinates":[-83.068331,42.343019]},"properties":{"id":"ora-mi-502","name":"M-10 @ M L King Jr","state":"MI","provider":"Michigan DOT","hls":null,"snapshot":"https://micamerasimages.net/thumbs/semtoc_cam_314.flv.jpg","refreshMs":30000,"attribution":"Ora (Warner Varnado) · Michigan DOT"}},{"type":"Feature","geometry":{"type":"Point","coordinates":[-83.075831,42.358985]},"properties":{"id":"ora-mi-503","name":"M-10 @ I-94","state":"MI","provider":"Michigan DOT","hls":null,"snapshot":"https://micamerasimages.net/thumbs/semtoc_cam_315.flv.jpg","refreshMs":30000,"attribution":"Ora (Warner Varnado) · Michigan DOT"}},{"type":"Feature","geometry":{"type":"Point","coordinates":[-83.076979,42.359226]},"properties":{"id":"ora-mi-504","name":"M-10 @ I-94 Camera 2","state":"MI","provider":"Michigan DOT","hls":null,"snapshot":"https://micamerasimages.net/thumbs/semtoc_cam_311.flv.jpg","refreshMs":30000,"attribution":"Ora (Warner Varnado) · Michigan DOT"}},{"type":"Feature","geometry":{"type":"Point","coordinates":[-83.08142,42.366993]},"properties":{"id":"ora-mi-505","name":"M-10 @ Grand Blvd","state":"MI","provider":"Michigan DOT","hls":null,"snapshot":"https://micamerasimages.net/thumbs/semtoc_cam_328.flv.jpg","refreshMs":30000,"attribution":"Ora (Warner Varnado) · Michigan DOT"}},{"type":"Feature","geometry":{"type":"Point","coordinates":[-83.092172,42.381631]},"properties":{"id":"ora-mi-506","name":"M-10 @ Hamilton","state":"MI","provider":"Michigan DOT","hls":null,"snapshot":"https://micamerasimages.net/thumbs/semtoc_cam_310.flv.jpg","refreshMs":30000,"attribution":"Ora (Warner Varnado) · Michigan DOT"}},{"type":"Feature","geometry":{"type":"Point","coordinates":[-83.110021,42.398004]},"properties":{"id":"ora-mi-507","name":"M-10 @ M-8 Camera 2","state":"MI","provider":"Michigan DOT","hls":null,"snapshot":"https://micamerasimages.net/thumbs/semtoc_cam_148.flv.jpg","refreshMs":30000,"attribution":"Ora (Warner Varnado) · Michigan DOT"}},{"type":"Feature","geometry":{"type":"Point","coordinates":[-83.111348,42.399242]},"properties":{"id":"ora-mi-508","name":"M-10 @ N of M-8","state":"MI","provider":"Michigan DOT","hls":null,"snapshot":"https://micamerasimages.net/thumbs/semtoc_cam_240.flv.jpg","refreshMs":30000,"attribution":"Ora (Warner Varnado) · Michigan DOT"}},{"type":"Feature","geometry":{"type":"Point","coordinates":[-83.139881,42.405155]},"properties":{"id":"ora-mi-509","name":"M-10 @ LIVERNOIS","state":"MI","provider":"Michigan DOT","hls":null,"snapshot":"https://micamerasimages.net/thumbs/semtoc_cam_316.flv.jpg","refreshMs":30000,"attribution":"Ora (Warner Varnado) · Michigan DOT"}},{"type":"Feature","geometry":{"type":"Point","coordinates":[-83.160756,42.405319]},"properties":{"id":"ora-mi-510","name":"M-10 @ Wyoming","state":"MI","provider":"Michigan DOT","hls":null,"snapshot":"https://micamerasimages.net/thumbs/semtoc_cam_206.flv.jpg","refreshMs":30000,"attribution":"Ora (Warner Varnado) · Michigan DOT"}},{"type":"Feature","geometry":{"type":"Point","coordinates":[-83.187123,42.431185]},"properties":{"id":"ora-mi-511","name":"M-10 @ 7 Mile","state":"MI","provider":"Michigan DOT","hls":null,"snapshot":"https://micamerasimages.net/thumbs/semtoc_cam_313.flv.jpg","refreshMs":30000,"attribution":"Ora (Warner Varnado) · Michigan DOT"}},{"type":"Feature","geometry":{"type":"Point","coordinates":[-83.203517,42.445281]},"properties":{"id":"ora-mi-512","name":"M-10 @ 8 Mile","state":"MI","provider":"Michigan DOT","hls":null,"snapshot":"https://micamerasimages.net/thumbs/semtoc_cam_001.flv.jpg","refreshMs":30000,"attribution":"Ora (Warner Varnado) · Michigan DOT"}},{"type":"Feature","geometry":{"type":"Point","coordinates":[-83.217537,42.45647]},"properties":{"id":"ora-mi-513","name":"M-10 @ M-39 Southfield North","state":"MI","provider":"Michigan DOT","hls":null,"snapshot":"https://micamerasimages.net/thumbs/semtoc_cam_232.flv.jpg","refreshMs":30000,"attribution":"Ora (Warner Varnado) · Michigan DOT"}},{"type":"Feature","geometry":{"type":"Point","coordinates":[-83.217493,42.456487]},"properties":{"id":"ora-mi-514","name":"M-10 @ S of M-39","state":"MI","provider":"Michigan DOT","hls":null,"snapshot":"https://micamerasimages.net/thumbs/semtoc_cam_233.flv.jpg","refreshMs":30000,"attribution":"Ora (Warner Varnado) · Michigan DOT"}},{"type":"Feature","geometry":{"type":"Point","coordinates":[-83.239728,42.470764]},"properties":{"id":"ora-mi-515","name":"M-10 @ Evergreen","state":"MI","provider":"Michigan DOT","hls":null,"snapshot":"https://micamerasimages.net/thumbs/semtoc_cam_245.flv.jpg","refreshMs":30000,"attribution":"Ora (Warner Varnado) · Michigan DOT"}},{"type":"Feature","geometry":{"type":"Point","coordinates":[-83.251338,42.479809]},"properties":{"id":"ora-mi-516","name":"M-10 @ Civic Center","state":"MI","provider":"Michigan DOT","hls":null,"snapshot":"https://micamerasimages.net/thumbs/semtoc_cam_003.flv.jpg","refreshMs":30000,"attribution":"Ora (Warner Varnado) · Michigan DOT"}},{"type":"Feature","geometry":{"type":"Point","coordinates":[-83.047818,42.327255]},"properties":{"id":"ora-mi-517","name":"M-10 @ Jefferson NB","state":"MI","provider":"Michigan DOT","hls":null,"snapshot":"https://micamerasimages.net/thumbs/semtoc_cam_364.flv.jpg","refreshMs":30000,"attribution":"Ora (Warner Varnado) · Michigan DOT"}},{"type":"Feature","geometry":{"type":"Point","coordinates":[-83.047732,42.327139]},"properties":{"id":"ora-mi-518","name":"M-10 @ Jefferson SB","state":"MI","provider":"Michigan DOT","hls":null,"snapshot":"https://micamerasimages.net/thumbs/semtoc_cam_366.flv.jpg","refreshMs":30000,"attribution":"Ora (Warner Varnado) · Michigan DOT"}},{"type":"Feature","geometry":{"type":"Point","coordinates":[-83.051436,42.326259]},"properties":{"id":"ora-mi-519","name":"M-10 @ N of Jefferson NB","state":"MI","provider":"Michigan DOT","hls":null,"snapshot":"https://micamerasimages.net/thumbs/semtoc_cam_365.flv.jpg","refreshMs":30000,"attribution":"Ora (Warner Varnado) · Michigan DOT"}},{"type":"Feature","geometry":{"type":"Point","coordinates":[-83.051272,42.326055]},"properties":{"id":"ora-mi-520","name":"M-10 @ N of Jefferson SB","state":"MI","provider":"Michigan DOT","hls":null,"snapshot":"https://micamerasimages.net/thumbs/semtoc_cam_367.flv.jpg","refreshMs":30000,"attribution":"Ora (Warner Varnado) · Michigan DOT"}},{"type":"Feature","geometry":{"type":"Point","coordinates":[-85.7628,42.9138]},"properties":{"id":"ora-mi-521","name":"M-11 @ I-196","state":"MI","provider":"Michigan DOT","hls":null,"snapshot":"https://micamerasimages.net/thumbs/grand_cam_045.flv.jpg","refreshMs":30000,"attribution":"Ora (Warner Varnado) · Michigan DOT"}},{"type":"Feature","geometry":{"type":"Point","coordinates":[-85.7441,42.9135]},"properties":{"id":"ora-mi-522","name":"M-11 @ Ivanrest Ave","state":"MI","provider":"Michigan DOT","hls":null,"snapshot":"https://micamerasimages.net/thumbs/grand_cam_018.flv.jpg","refreshMs":30000,"attribution":"Ora (Warner Varnado) · Michigan DOT"}},{"type":"Feature","geometry":{"type":"Point","coordinates":[-85.725,42.9141]},"properties":{"id":"ora-mi-523","name":"M-11 @ Byron Center Ave","state":"MI","provider":"Michigan DOT","hls":null,"snapshot":"https://micamerasimages.net/thumbs/grand_cam_015.flv.jpg","refreshMs":30000,"attribution":"Ora (Warner Varnado) · Michigan DOT"}},{"type":"Feature","geometry":{"type":"Point","coordinates":[-85.7051,42.9137]},"properties":{"id":"ora-mi-524","name":"M-11 @ Burlingame Ave","state":"MI","provider":"Michigan DOT","hls":null,"snapshot":"https://micamerasimages.net/thumbs/grand_cam_011.flv.jpg","refreshMs":30000,"attribution":"Ora (Warner Varnado) · Michigan DOT"}},{"type":"Feature","geometry":{"type":"Point","coordinates":[-85.686,42.9135]},"properties":{"id":"ora-mi-525","name":"M-11 @ Clyde Park Ave","state":"MI","provider":"Michigan DOT","hls":null,"snapshot":"https://micamerasimages.net/thumbs/grand_cam_038.flv.jpg","refreshMs":30000,"attribution":"Ora (Warner Varnado) · Michigan DOT"}},{"type":"Feature","geometry":{"type":"Point","coordinates":[-85.6658,42.9132]},"properties":{"id":"ora-mi-526","name":"M-11 @ Division Ave","state":"MI","provider":"Michigan DOT","hls":null,"snapshot":"https://micamerasimages.net/thumbs/grand_cam_034.flv.jpg","refreshMs":30000,"attribution":"Ora (Warner Varnado) · Michigan DOT"}},{"type":"Feature","geometry":{"type":"Point","coordinates":[-85.6473,42.9129]},"properties":{"id":"ora-mi-527","name":"M-11 @ Eastern Ave","state":"MI","provider":"Michigan DOT","hls":null,"snapshot":"https://micamerasimages.net/thumbs/grand_cam_019.flv.jpg","refreshMs":30000,"attribution":"Ora (Warner Varnado) · Michigan DOT"}},{"type":"Feature","geometry":{"type":"Point","coordinates":[-85.6285,42.9128]},"properties":{"id":"ora-mi-528","name":"M-11 @ Kalamazoo Ave","state":"MI","provider":"Michigan DOT","hls":null,"snapshot":"https://micamerasimages.net/thumbs/grand_cam_030.flv.jpg","refreshMs":30000,"attribution":"Ora (Warner Varnado) · Michigan DOT"}},{"type":"Feature","geometry":{"type":"Point","coordinates":[-85.6079,42.9125]},"properties":{"id":"ora-mi-529","name":"M-11 @ Breton Ave","state":"MI","provider":"Michigan DOT","hls":null,"snapshot":"https://micamerasimages.net/thumbs/grand_cam_042.flv.jpg","refreshMs":30000,"attribution":"Ora (Warner Varnado) · Michigan DOT"}},{"type":"Feature","geometry":{"type":"Point","coordinates":[-85.5917,42.9124]},"properties":{"id":"ora-mi-530","name":"M-11 @ Radcliff Ave","state":"MI","provider":"Michigan DOT","hls":null,"snapshot":"https://micamerasimages.net/thumbs/grand_cam_039.flv.jpg","refreshMs":30000,"attribution":"Ora (Warner Varnado) · Michigan DOT"}},{"type":"Feature","geometry":{"type":"Point","coordinates":[-85.5831,42.9127]},"properties":{"id":"ora-mi-531","name":"M-11 @ M-37 (East Beltline Ave)","state":"MI","provider":"Michigan DOT","hls":null,"snapshot":"https://micamerasimages.net/thumbs/grand_cam_035.flv.jpg","refreshMs":30000,"attribution":"Ora (Warner Varnado) · Michigan DOT"}},{"type":"Feature","geometry":{"type":"Point","coordinates":[-85.5684,42.9127]},"properties":{"id":"ora-mi-532","name":"M-11 @ East Paris Ave","state":"MI","provider":"Michigan DOT","hls":null,"snapshot":"https://micamerasimages.net/thumbs/grand_cam_020.flv.jpg","refreshMs":30000,"attribution":"Ora (Warner Varnado) · Michigan DOT"}},{"type":"Feature","geometry":{"type":"Point","coordinates":[-85.5495,42.9124]},"properties":{"id":"ora-mi-533","name":"M-11 @ Patterson Ave","state":"MI","provider":"Michigan DOT","hls":null,"snapshot":"https://micamerasimages.net/thumbs/grand_cam_033.flv.jpg","refreshMs":30000,"attribution":"Ora (Warner Varnado) · Michigan DOT"}},{"type":"Feature","geometry":{"type":"Point","coordinates":[-85.53429,42.913048]},"properties":{"id":"ora-mi-534","name":"M-11 @ I-96 WB Ramp","state":"MI","provider":"Michigan DOT","hls":null,"snapshot":"https://micamerasimages.net/thumbs/grand_cam_096.flv.jpg","refreshMs":30000,"attribution":"Ora (Warner Varnado) · Michigan DOT"}},{"type":"Feature","geometry":{"type":"Point","coordinates":[-86.23405,43.25289]},"properties":{"id":"ora-mi-535","name":"M-120 @ Business US-31","state":"MI","provider":"Michigan DOT","hls":null,"snapshot":"https://micamerasimages.net/thumbs/grand_cam_089.flv.jpg","refreshMs":30000,"attribution":"Ora (Warner Varnado) · Michigan DOT"}},{"type":"Feature","geometry":{"type":"Point","coordinates":[-85.223892,46.600422]},"properties":{"id":"ora-mi-536","name":"M-123 @ Luce/Chippewa Co Line","state":"MI","provider":"Michigan DOT","hls":null,"snapshot":"https://mdotjboss.state.mi.us/docs/drive/camfiles/rwis/2067.jpg","refreshMs":30000,"attribution":"Ora (Warner Varnado) · Michigan DOT"}},{"type":"Feature","geometry":{"type":"Point","coordinates":[-84.363456,45.999565]},"properties":{"id":"ora-mi-537","name":"M-134 @ M-129","state":"MI","provider":"Michigan DOT","hls":null,"snapshot":"https://mdotjboss.state.mi.us/docs/drive/camfiles/rwis/2065.jpg","refreshMs":30000,"attribution":"Ora (Warner Varnado) · Michigan DOT"}},{"type":"Feature","geometry":{"type":"Point","coordinates":[-83.78064,42.30098]},"properties":{"id":"ora-mi-538","name":"M-14 @ Maple","state":"MI","provider":"Michigan DOT","hls":null,"snapshot":"https://micamerasimages.net/thumbs/internet_cam_171.flv.jpg","refreshMs":30000,"attribution":"Ora (Warner Varnado) · Michigan DOT"}},{"type":"Feature","geometry":{"type":"Point","coordinates":[-83.76552,42.29862]},"properties":{"id":"ora-mi-539","name":"M-14 @ Newport","state":"MI","provider":"Michigan DOT","hls":null,"snapshot":"https://micamerasimages.net/thumbs/internet_cam_172.flv.jpg","refreshMs":30000,"attribution":"Ora (Warner Varnado) · Michigan DOT"}},{"type":"Feature","geometry":{"type":"Point","coordinates":[-83.746997,42.30019]},"properties":{"id":"ora-mi-540","name":"M-14 @ Main","state":"MI","provider":"Michigan DOT","hls":null,"snapshot":"https://micamerasimages.net/thumbs/stoc_cam_077.flv.jpg","refreshMs":30000,"attribution":"Ora (Warner Varnado) · Michigan DOT"}},{"type":"Feature","geometry":{"type":"Point","coordinates":[-83.743416,42.308727]},"properties":{"id":"ora-mi-541","name":"M-14 @ Barton : M14 E at Barton Dr","state":"MI","provider":"Michigan DOT","hls":null,"snapshot":"https://micamerasimages.net/thumbs/stoc_cam_078.flv.jpg","refreshMs":30000,"attribution":"Ora (Warner Varnado) · Michigan DOT"}},{"type":"Feature","geometry":{"type":"Point","coordinates":[-83.739999,42.316499]},"properties":{"id":"ora-mi-542","name":"M-14 @ US-23","state":"MI","provider":"Michigan DOT","hls":null,"snapshot":"https://micamerasimages.net/thumbs/stoc_cam_038.flv.jpg","refreshMs":30000,"attribution":"Ora (Warner Varnado) · Michigan DOT"}},{"type":"Feature","geometry":{"type":"Point","coordinates":[-83.739799,42.316299]},"properties":{"id":"ora-mi-543","name":"M-14 @ US-23","state":"MI","provider":"Michigan DOT","hls":null,"snapshot":"https://micamerasimages.net/thumbs/stoc_cam_030.flv.jpg","refreshMs":30000,"attribution":"Ora (Warner Varnado) · Michigan DOT"}},{"type":"Feature","geometry":{"type":"Point","coordinates":[-83.68437,42.324726]},"properties":{"id":"ora-mi-544","name":"M-14 @ Earhart","state":"MI","provider":"Michigan DOT","hls":null,"snapshot":"https://micamerasimages.net/thumbs/internet_cam_082.flv.jpg","refreshMs":30000,"attribution":"Ora (Warner Varnado) · Michigan DOT"}},{"type":"Feature","geometry":{"type":"Point","coordinates":[-83.63264,42.326363]},"properties":{"id":"ora-mi-545","name":"M-14 @ Ford","state":"MI","provider":"Michigan DOT","hls":null,"snapshot":"https://micamerasimages.net/thumbs/internet_cam_179.flv.jpg","refreshMs":30000,"attribution":"Ora (Warner Varnado) · Michigan DOT"}},{"type":"Feature","geometry":{"type":"Point","coordinates":[-83.54575,42.36773]},"properties":{"id":"ora-mi-546","name":"M-14 @ E of Napier","state":"MI","provider":"Michigan DOT","hls":null,"snapshot":"https://micamerasimages.net/thumbs/semtoc_cam_269.flv.jpg","refreshMs":30000,"attribution":"Ora (Warner Varnado) · Michigan DOT"}},{"type":"Feature","geometry":{"type":"Point","coordinates":[-83.529089,42.380869]},"properties":{"id":"ora-mi-547","name":"M-14 @ Ridge","state":"MI","provider":"Michigan DOT","hls":null,"snapshot":"https://micamerasimages.net/thumbs/semtoc_cam_270.flv.jpg","refreshMs":30000,"attribution":"Ora (Warner Varnado) · Michigan DOT"}},{"type":"Feature","geometry":{"type":"Point","coordinates":[-83.491874,42.382577]},"properties":{"id":"ora-mi-548","name":"M-14 @ W of Sheldon","state":"MI","provider":"Michigan DOT","hls":null,"snapshot":"https://micamerasimages.net/thumbs/semtoc_cam_153.flv.jpg","refreshMs":30000,"attribution":"Ora (Warner Varnado) · Michigan DOT"}},{"type":"Feature","geometry":{"type":"Point","coordinates":[-85.699547,45.05773]},"properties":{"id":"ora-mi-549","name":"M-22 @ North Eagle HWY","state":"MI","provider":"Michigan DOT","hls":null,"snapshot":"https://mdotjboss.state.mi.us/docs/drive/camfiles/rwis/2758.jpg","refreshMs":30000,"attribution":"Ora (Warner Varnado) · Michigan DOT"}},{"type":"Feature","geometry":{"type":"Point","coordinates":[-85.64189,44.77546]},"properties":{"id":"ora-mi-550","name":"M-22 @ M-72 E JCT","state":"MI","provider":"Michigan DOT","hls":null,"snapshot":"https://micamerasimages.net/thumbs/stoc_cam_072.flv.jpg","refreshMs":30000,"attribution":"Ora (Warner Varnado) · Michigan DOT"}},{"type":"Feature","geometry":{"type":"Point","coordinates":[-88.8637,46.88494]},"properties":{"id":"ora-mi-551","name":"M-26 @ Poyhonen Rd","state":"MI","provider":"Michigan DOT","hls":null,"snapshot":"https://mdotjboss.state.mi.us/docs/drive/camfiles/rwis/712.jpg","refreshMs":30000,"attribution":"Ora (Warner Varnado) · Michigan DOT"}},{"type":"Feature","geometry":{"type":"Point","coordinates":[-88.12978,46.53887]},"properties":{"id":"ora-mi-552","name":"M-28 @ Baraga Marquette Co Rd Imperial Heights Rd","state":"MI","provider":"Michigan DOT","hls":null,"snapshot":"https://mdotjboss.state.mi.us/docs/drive/camfiles/rwis/708.jpg","refreshMs":30000,"attribution":"Ora (Warner Varnado) · Michigan DOT"}},{"type":"Feature","geometry":{"type":"Point","coordinates":[-86.837976,46.432622]},"properties":{"id":"ora-mi-553","name":"M-28 @ Forest Lake Road","state":"MI","provider":"Michigan DOT","hls":null,"snapshot":"https://mdotjboss.state.mi.us/docs/drive/camfiles/rwis/700.jpg","refreshMs":30000,"attribution":"Ora (Warner Varnado) · Michigan DOT"}},{"type":"Feature","geometry":{"type":"Point","coordinates":[-88.99046,46.47888]},"properties":{"id":"ora-mi-554","name":"M-28 @ Houghton/Ontonagon County Line","state":"MI","provider":"Michigan DOT","hls":null,"snapshot":"https://mdotjboss.state.mi.us/docs/drive/camfiles/rwis/748.jpg","refreshMs":30000,"attribution":"Ora (Warner Varnado) · Michigan DOT"}},{"type":"Feature","geometry":{"type":"Point","coordinates":[-87.23149,46.48812]},"properties":{"id":"ora-mi-555","name":"M-28 @ MDOT Roadside Park","state":"MI","provider":"Michigan DOT","hls":null,"snapshot":"https://mdotjboss.state.mi.us/docs/drive/camfiles/rwis/707.jpg","refreshMs":30000,"attribution":"Ora (Warner Varnado) · Michigan DOT"}},{"type":"Feature","geometry":{"type":"Point","coordinates":[-86.03578,46.34538]},"properties":{"id":"ora-mi-556","name":"M-28 @ Seney Rest Area","state":"MI","provider":"Michigan DOT","hls":null,"snapshot":"https://mdotjboss.state.mi.us/docs/drive/camfiles/rwis/710.jpg","refreshMs":30000,"attribution":"Ora (Warner Varnado) · Michigan DOT"}},{"type":"Feature","geometry":{"type":"Point","coordinates":[-84.434433,46.374667]},"properties":{"id":"ora-mi-557","name":"M-28 @ I-75","state":"MI","provider":"Michigan DOT","hls":null,"snapshot":"https://mdotjboss.state.mi.us/docs/drive/camfiles/rwis/752.jpg","refreshMs":30000,"attribution":"Ora (Warner Varnado) · Michigan DOT"}},{"type":"Feature","geometry":{"type":"Point","coordinates":[-85.260012,46.303776]},"properties":{"id":"ora-mi-558","name":"M-28 @ CR 381","state":"MI","provider":"Michigan DOT","hls":null,"snapshot":"https://mdotjboss.state.mi.us/docs/drive/camfiles/rwis/2066.jpg","refreshMs":30000,"attribution":"Ora (Warner Varnado) · Michigan DOT"}},{"type":"Feature","geometry":{"type":"Point","coordinates":[-86.682778,46.438611]},"properties":{"id":"ora-mi-559","name":"M-28 @ Old Golf Course Rd","state":"MI","provider":"Michigan DOT","hls":null,"snapshot":"https://mdotjboss.state.mi.us/docs/drive/camfiles/rwis/2684.jpg","refreshMs":30000,"attribution":"Ora (Warner Varnado) · Michigan DOT"}},{"type":"Feature","geometry":{"type":"Point","coordinates":[-83.7169,45.0675]},"properties":{"id":"ora-mi-560","name":"M-32 @ M-65 (E Jct)","state":"MI","provider":"Michigan DOT","hls":null,"snapshot":"https://mdotjboss.state.mi.us/docs/drive/camfiles/rwis/733.jpg","refreshMs":30000,"attribution":"Ora (Warner Varnado) · Michigan DOT"}},{"type":"Feature","geometry":{"type":"Point","coordinates":[-84.280558,44.962131]},"properties":{"id":"ora-mi-561","name":"M-32 @ CR 491","state":"MI","provider":"Michigan DOT","hls":null,"snapshot":"https://mdotjboss.state.mi.us/docs/drive/camfiles/rwis/2760.jpg","refreshMs":30000,"attribution":"Ora (Warner Varnado) · Michigan DOT"}},{"type":"Feature","geometry":{"type":"Point","coordinates":[-84.128347,44.51188]},"properties":{"id":"ora-mi-562","name":"M-33 @ County Road 486","state":"MI","provider":"Michigan DOT","hls":null,"snapshot":"https://mdotjboss.state.mi.us/docs/drive/camfiles/rwis/2343.jpg","refreshMs":30000,"attribution":"Ora (Warner Varnado) · Michigan DOT"}},{"type":"Feature","geometry":{"type":"Point","coordinates":[-87.41586,46.27616]},"properties":{"id":"ora-mi-563","name":"M-35 @ M-553","state":"MI","provider":"Michigan DOT","hls":null,"snapshot":"https://mdotjboss.state.mi.us/docs/drive/camfiles/rwis/706.jpg","refreshMs":30000,"attribution":"Ora (Warner Varnado) · Michigan DOT"}},{"type":"Feature","geometry":{"type":"Point","coordinates":[-87.269912,45.550231]},"properties":{"id":"ora-mi-564","name":"M-35 @ Delta/Menominee County Line","state":"MI","provider":"Michigan DOT","hls":null,"snapshot":"https://mdotjboss.state.mi.us/docs/drive/camfiles/rwis/742.jpg","refreshMs":30000,"attribution":"Ora (Warner Varnado) · Michigan DOT"}},{"type":"Feature","geometry":{"type":"Point","coordinates":[-85.698384,44.445858]},"properties":{"id":"ora-mi-565","name":"M-37 @ 10 1/2 Road","state":"MI","provider":"Michigan DOT","hls":null,"snapshot":"https://mdotjboss.state.mi.us/docs/drive/camfiles/rwis/2339.jpg","refreshMs":30000,"attribution":"Ora (Warner Varnado) · Michigan DOT"}},{"type":"Feature","geometry":{"type":"Point","coordinates":[-85.6893,43.0208]},"properties":{"id":"ora-mi-566","name":"M-37 @ Center Dr","state":"MI","provider":"Michigan DOT","hls":null,"snapshot":"https://micamerasimages.net/thumbs/grand_cam_025.flv.jpg","refreshMs":30000,"attribution":"Ora (Warner Varnado) · Michigan DOT"}},{"type":"Feature","geometry":{"type":"Point","coordinates":[-85.6892,43.0292]},"properties":{"id":"ora-mi-567","name":"M-37 @ 4 Mile Rd","state":"MI","provider":"Michigan DOT","hls":null,"snapshot":"https://micamerasimages.net/thumbs/grand_cam_023.flv.jpg","refreshMs":30000,"attribution":"Ora (Warner Varnado) · Michigan DOT"}},{"type":"Feature","geometry":{"type":"Point","coordinates":[-85.6894,43.0356]},"properties":{"id":"ora-mi-568","name":"M-37 @ Alphenhorn Dr","state":"MI","provider":"Michigan DOT","hls":null,"snapshot":"https://micamerasimages.net/thumbs/grand_cam_031.flv.jpg","refreshMs":30000,"attribution":"Ora (Warner Varnado) · Michigan DOT"}},{"type":"Feature","geometry":{"type":"Point","coordinates":[-85.565,42.8838]},"properties":{"id":"ora-mi-569","name":"M-37 @ 44th St","state":"MI","provider":"Michigan DOT","hls":null,"snapshot":"https://micamerasimages.net/thumbs/grand_cam_032.flv.jpg","refreshMs":30000,"attribution":"Ora (Warner Varnado) · Michigan DOT"}},{"type":"Feature","geometry":{"type":"Point","coordinates":[-85.539925,42.851772]},"properties":{"id":"ora-mi-570","name":"M-37 @ M-6","state":"MI","provider":"Michigan DOT","hls":null,"snapshot":"https://micamerasimages.net/thumbs/grand_cam_074.flv.jpg","refreshMs":30000,"attribution":"Ora (Warner Varnado) · Michigan DOT"}},{"type":"Feature","geometry":{"type":"Point","coordinates":[-85.59008,42.962418]},"properties":{"id":"ora-mi-571","name":"M-37 @ Fulton","state":"MI","provider":"Michigan DOT","hls":null,"snapshot":"https://micamerasimages.net/thumbs/grand_cam_073.flv.jpg","refreshMs":30000,"attribution":"Ora (Warner Varnado) · Michigan DOT"}},{"type":"Feature","geometry":{"type":"Point","coordinates":[-88.945183,46.765808]},"properties":{"id":"ora-mi-572","name":"M-38 @ Houghton/Ontonagon County Line","state":"MI","provider":"Michigan DOT","hls":null,"snapshot":"https://mdotjboss.state.mi.us/docs/drive/camfiles/rwis/739.jpg","refreshMs":30000,"attribution":"Ora (Warner Varnado) · Michigan DOT"}},{"type":"Feature","geometry":{"type":"Point","coordinates":[-83.22597,42.266617]},"properties":{"id":"ora-mi-573","name":"M-39 @ I-94","state":"MI","provider":"Michigan DOT","hls":null,"snapshot":"https://micamerasimages.net/thumbs/semtoc_cam_215.flv.jpg","refreshMs":30000,"attribution":"Ora (Warner Varnado) · Michigan DOT"}},{"type":"Feature","geometry":{"type":"Point","coordinates":[-83.21161,42.28452]},"properties":{"id":"ora-mi-574","name":"M-39 @ Fern","state":"MI","provider":"Michigan DOT","hls":null,"snapshot":"https://micamerasimages.net/thumbs/semtoc_cam_207.flv.jpg","refreshMs":30000,"attribution":"Ora (Warner Varnado) · Michigan DOT"}},{"type":"Feature","geometry":{"type":"Point","coordinates":[-83.20647,42.298553]},"properties":{"id":"ora-mi-575","name":"M-39 @ Rotunda","state":"MI","provider":"Michigan DOT","hls":null,"snapshot":"https://micamerasimages.net/thumbs/semtoc_cam_234.flv.jpg","refreshMs":30000,"attribution":"Ora (Warner Varnado) · Michigan DOT"}},{"type":"Feature","geometry":{"type":"Point","coordinates":[-83.21523,42.311035]},"properties":{"id":"ora-mi-576","name":"M-39 @ Michigan","state":"MI","provider":"Michigan DOT","hls":null,"snapshot":"https://micamerasimages.net/thumbs/semtoc_cam_154.flv.jpg","refreshMs":30000,"attribution":"Ora (Warner Varnado) · Michigan DOT"}},{"type":"Feature","geometry":{"type":"Point","coordinates":[-83.21516,42.329227]},"properties":{"id":"ora-mi-577","name":"M-39 @ Ford","state":"MI","provider":"Michigan DOT","hls":null,"snapshot":"https://micamerasimages.net/thumbs/semtoc_cam_180.flv.jpg","refreshMs":30000,"attribution":"Ora (Warner Varnado) · Michigan DOT"}},{"type":"Feature","geometry":{"type":"Point","coordinates":[-83.216515,42.34644]},"properties":{"id":"ora-mi-578","name":"M-39 @ N of Warren","state":"MI","provider":"Michigan DOT","hls":null,"snapshot":"https://micamerasimages.net/thumbs/semtoc_cam_140.flv.jpg","refreshMs":30000,"attribution":"Ora (Warner Varnado) · Michigan DOT"}},{"type":"Feature","geometry":{"type":"Point","coordinates":[-83.21614,42.36189]},"properties":{"id":"ora-mi-579","name":"M-39 @ Cathedral","state":"MI","provider":"Michigan DOT","hls":null,"snapshot":"https://micamerasimages.net/thumbs/semtoc_cam_424.flv.jpg","refreshMs":30000,"attribution":"Ora (Warner Varnado) · Michigan DOT"}},{"type":"Feature","geometry":{"type":"Point","coordinates":[-83.216484,42.374516]},"properties":{"id":"ora-mi-580","name":"M-39 @ S of I-96","state":"MI","provider":"Michigan DOT","hls":null,"snapshot":"https://micamerasimages.net/thumbs/semtoc_cam_167.flv.jpg","refreshMs":30000,"attribution":"Ora (Warner Varnado) · Michigan DOT"}},{"type":"Feature","geometry":{"type":"Point","coordinates":[-83.217926,42.38643]},"properties":{"id":"ora-mi-581","name":"M-39 @ Schoolcraft","state":"MI","provider":"Michigan DOT","hls":null,"snapshot":"https://micamerasimages.net/thumbs/semtoc_cam_425.flv.jpg","refreshMs":30000,"attribution":"Ora (Warner Varnado) · Michigan DOT"}},{"type":"Feature","geometry":{"type":"Point","coordinates":[-83.21796,42.401436]},"properties":{"id":"ora-mi-582","name":"M-39 @ Grand River","state":"MI","provider":"Michigan DOT","hls":null,"snapshot":"https://micamerasimages.net/thumbs/semtoc_cam_184.flv.jpg","refreshMs":30000,"attribution":"Ora (Warner Varnado) · Michigan DOT"}},{"type":"Feature","geometry":{"type":"Point","coordinates":[-83.21903,42.415825]},"properties":{"id":"ora-mi-583","name":"M-39 @ McNichols","state":"MI","provider":"Michigan DOT","hls":null,"snapshot":"https://micamerasimages.net/thumbs/semtoc_cam_208.flv.jpg","refreshMs":30000,"attribution":"Ora (Warner Varnado) · Michigan DOT"}},{"type":"Feature","geometry":{"type":"Point","coordinates":[-83.220236,42.45681]},"properties":{"id":"ora-mi-584","name":"M-39 @ M-10","state":"MI","provider":"Michigan DOT","hls":null,"snapshot":"https://micamerasimages.net/thumbs/semtoc_cam_232.flv.jpg","refreshMs":30000,"attribution":"Ora (Warner Varnado) · Michigan DOT"}},{"type":"Feature","geometry":{"type":"Point","coordinates":[-83.21965,42.43043]},"properties":{"id":"ora-mi-585","name":"M-39 @ 7 Mile","state":"MI","provider":"Michigan DOT","hls":null,"snapshot":"https://micamerasimages.net/thumbs/semtoc_cam_426.flv.jpg","refreshMs":30000,"attribution":"Ora (Warner Varnado) · Michigan DOT"}},{"type":"Feature","geometry":{"type":"Point","coordinates":[-83.22003,42.44476]},"properties":{"id":"ora-mi-586","name":"M-39 @ 8 Mile","state":"MI","provider":"Michigan DOT","hls":null,"snapshot":"https://micamerasimages.net/thumbs/semtoc_cam_147.flv.jpg","refreshMs":30000,"attribution":"Ora (Warner Varnado) · Michigan DOT"}},{"type":"Feature","geometry":{"type":"Point","coordinates":[-85.59056,42.984035]},"properties":{"id":"ora-mi-587","name":"M-44 @ Leonard St","state":"MI","provider":"Michigan DOT","hls":null,"snapshot":"https://micamerasimages.net/thumbs/grand_cam_075.flv.jpg","refreshMs":30000,"attribution":"Ora (Warner Varnado) · Michigan DOT"}},{"type":"Feature","geometry":{"type":"Point","coordinates":[-85.580055,43.055454]},"properties":{"id":"ora-mi-588","name":"M-44 @ M-44 Connector","state":"MI","provider":"Michigan DOT","hls":null,"snapshot":"https://micamerasimages.net/thumbs/grand_cam_066.flv.jpg","refreshMs":30000,"attribution":"Ora (Warner Varnado) · Michigan DOT"}},{"type":"Feature","geometry":{"type":"Point","coordinates":[-85.084244,43.4078]},"properties":{"id":"ora-mi-589","name":"M-46 @ M-66","state":"MI","provider":"Michigan DOT","hls":null,"snapshot":"https://micamerasimages.net/thumbs/internet_cam_117.flv.jpg","refreshMs":30000,"attribution":"Ora (Warner Varnado) · Michigan DOT"}},{"type":"Feature","geometry":{"type":"Point","coordinates":[-84.085493,45.972335]},"properties":{"id":"ora-mi-590","name":"M-48 @ M-134","state":"MI","provider":"Michigan DOT","hls":null,"snapshot":"https://mdotjboss.state.mi.us/docs/drive/camfiles/rwis/2071.jpg","refreshMs":30000,"attribution":"Ora (Warner Varnado) · Michigan DOT"}},{"type":"Feature","geometry":{"type":"Point","coordinates":[-83.445676,42.506783]},"properties":{"id":"ora-mi-591","name":"M-5 @ S of 13 Mile","state":"MI","provider":"Michigan DOT","hls":null,"snapshot":"https://micamerasimages.net/thumbs/semtoc_cam_038.flv.jpg","refreshMs":30000,"attribution":"Ora (Warner Varnado) · Michigan DOT"}},{"type":"Feature","geometry":{"type":"Point","coordinates":[-83.44842,42.494707]},"properties":{"id":"ora-mi-592","name":"M-5 @ 12 Mile","state":"MI","provider":"Michigan DOT","hls":null,"snapshot":"https://micamerasimages.net/thumbs/semtoc_cam_010.flv.jpg","refreshMs":30000,"attribution":"Ora (Warner Varnado) · Michigan DOT"}},{"type":"Feature","geometry":{"type":"Point","coordinates":[-83.44742,42.483836]},"properties":{"id":"ora-mi-593","name":"M-5 @ I696","state":"MI","provider":"Michigan DOT","hls":null,"snapshot":"https://micamerasimages.net/thumbs/semtoc_cam_415.flv.jpg","refreshMs":30000,"attribution":"Ora (Warner Varnado) · Michigan DOT"}},{"type":"Feature","geometry":{"type":"Point","coordinates":[-83.412864,42.462452]},"properties":{"id":"ora-mi-594","name":"M-5 @ Halsted","state":"MI","provider":"Michigan DOT","hls":null,"snapshot":"https://micamerasimages.net/thumbs/semtoc_cam_338.flv.jpg","refreshMs":30000,"attribution":"Ora (Warner Varnado) · Michigan DOT"}},{"type":"Feature","geometry":{"type":"Point","coordinates":[-83.396205,42.459315]},"properties":{"id":"ora-mi-595","name":"M-5 @ Drake","state":"MI","provider":"Michigan DOT","hls":null,"snapshot":"https://micamerasimages.net/thumbs/semtoc_cam_320.flv.jpg","refreshMs":30000,"attribution":"Ora (Warner Varnado) · Michigan DOT"}},{"type":"Feature","geometry":{"type":"Point","coordinates":[-83.412851,42.462478]},"properties":{"id":"ora-mi-596","name":"M-5 @ Drake","state":"MI","provider":"Michigan DOT","hls":null,"snapshot":"https://micamerasimages.net/thumbs/semtoc_cam_320.flv.jpg","refreshMs":30000,"attribution":"Ora (Warner Varnado) · Michigan DOT"}},{"type":"Feature","geometry":{"type":"Point","coordinates":[-85.8053,44.2227]},"properties":{"id":"ora-mi-597","name":"M-55 @ M-37","state":"MI","provider":"Michigan DOT","hls":null,"snapshot":"https://mdotjboss.state.mi.us/docs/drive/camfiles/rwis/728.jpg","refreshMs":30000,"attribution":"Ora (Warner Varnado) · Michigan DOT"}},{"type":"Feature","geometry":{"type":"Point","coordinates":[-83.25001,42.64212]},"properties":{"id":"ora-mi-598","name":"M-59 @ Opdyke","state":"MI","provider":"Michigan DOT","hls":null,"snapshot":"https://micamerasimages.net/thumbs/semtoc_cam_193.flv.jpg","refreshMs":30000,"attribution":"Ora (Warner Varnado) · Michigan DOT"}},{"type":"Feature","geometry":{"type":"Point","coordinates":[-83.19353,42.64566]},"properties":{"id":"ora-mi-599","name":"M-59 @ Adams","state":"MI","provider":"Michigan DOT","hls":null,"snapshot":"https://micamerasimages.net/thumbs/semtoc_cam_185.flv.jpg","refreshMs":30000,"attribution":"Ora (Warner Varnado) · Michigan DOT"}},{"type":"Feature","geometry":{"type":"Point","coordinates":[-83.170235,42.644274]},"properties":{"id":"ora-mi-600","name":"M-59 @ Crooks","state":"MI","provider":"Michigan DOT","hls":null,"snapshot":"https://micamerasimages.net/thumbs/semtoc_cam_155.flv.jpg","refreshMs":30000,"attribution":"Ora (Warner Varnado) · Michigan DOT"}},{"type":"Feature","geometry":{"type":"Point","coordinates":[-83.1515,42.64166]},"properties":{"id":"ora-mi-601","name":"M-59 @ Livernois","state":"MI","provider":"Michigan DOT","hls":null,"snapshot":"https://micamerasimages.net/thumbs/semtoc_cam_156.flv.jpg","refreshMs":30000,"attribution":"Ora (Warner Varnado) · Michigan DOT"}},{"type":"Feature","geometry":{"type":"Point","coordinates":[-83.13188,42.628304]},"properties":{"id":"ora-mi-602","name":"M-59 @ Rochester","state":"MI","provider":"Michigan DOT","hls":null,"snapshot":"https://micamerasimages.net/thumbs/semtoc_cam_141.flv.jpg","refreshMs":30000,"attribution":"Ora (Warner Varnado) · Michigan DOT"}},{"type":"Feature","geometry":{"type":"Point","coordinates":[-83.107346,42.624954]},"properties":{"id":"ora-mi-603","name":"M-59 @ John R","state":"MI","provider":"Michigan DOT","hls":null,"snapshot":"https://micamerasimages.net/thumbs/semtoc_cam_174.flv.jpg","refreshMs":30000,"attribution":"Ora (Warner Varnado) · Michigan DOT"}},{"type":"Feature","geometry":{"type":"Point","coordinates":[-83.073044,42.62414]},"properties":{"id":"ora-mi-604","name":"M-59 @ Ryan","state":"MI","provider":"Michigan DOT","hls":null,"snapshot":"https://micamerasimages.net/thumbs/semtoc_cam_210.flv.jpg","refreshMs":30000,"attribution":"Ora (Warner Varnado) · Michigan DOT"}},{"type":"Feature","geometry":{"type":"Point","coordinates":[-85.72379,42.853424]},"properties":{"id":"ora-mi-605","name":"M-6 @ Byron Center Ave","state":"MI","provider":"Michigan DOT","hls":null,"snapshot":"https://micamerasimages.net/thumbs/grand_cam_099.flv.jpg","refreshMs":30000,"attribution":"Ora (Warner Varnado) · Michigan DOT"}},{"type":"Feature","geometry":{"type":"Point","coordinates":[-85.624,42.8469]},"properties":{"id":"ora-mi-606","name":"M-6 @ Kalamazoo Ave","state":"MI","provider":"Michigan DOT","hls":null,"snapshot":"https://micamerasimages.net/thumbs/grand_cam_027.flv.jpg","refreshMs":30000,"attribution":"Ora (Warner Varnado) · Michigan DOT"}},{"type":"Feature","geometry":{"type":"Point","coordinates":[-85.58428,42.850903]},"properties":{"id":"ora-mi-607","name":"M-6 @ Hanna Lake Ave","state":"MI","provider":"Michigan DOT","hls":null,"snapshot":"https://micamerasimages.net/thumbs/grand_cam_029.flv.jpg","refreshMs":30000,"attribution":"Ora (Warner Varnado) · Michigan DOT"}},{"type":"Feature","geometry":{"type":"Point","coordinates":[-89.31448,46.866881]},"properties":{"id":"ora-mi-608","name":"M-64 @ US-45","state":"MI","provider":"Michigan DOT","hls":null,"snapshot":"https://mdotjboss.state.mi.us/docs/drive/camfiles/rwis/2069.jpg","refreshMs":30000,"attribution":"Ora (Warner Varnado) · Michigan DOT"}},{"type":"Feature","geometry":{"type":"Point","coordinates":[-89.568176,46.830185]},"properties":{"id":"ora-mi-609","name":"M-64 @ 107th Engineers Memorial Highway","state":"MI","provider":"Michigan DOT","hls":null,"snapshot":"https://mdotjboss.state.mi.us/docs/drive/camfiles/rwis/2063.jpg","refreshMs":30000,"attribution":"Ora (Warner Varnado) · Michigan DOT"}},{"type":"Feature","geometry":{"type":"Point","coordinates":[-89.625556,46.548778]},"properties":{"id":"ora-mi-610","name":"M-64 @ County Park Rd","state":"MI","provider":"Michigan DOT","hls":null,"snapshot":"https://mdotjboss.state.mi.us/docs/drive/camfiles/rwis/2057.jpg","refreshMs":30000,"attribution":"Ora (Warner Varnado) · Michigan DOT"}},{"type":"Feature","geometry":{"type":"Point","coordinates":[-83.6886,44.4511]},"properties":{"id":"ora-mi-611","name":"M-65 @ River Rd","state":"MI","provider":"Michigan DOT","hls":null,"snapshot":"https://mdotjboss.state.mi.us/docs/drive/camfiles/rwis/736.jpg","refreshMs":30000,"attribution":"Ora (Warner Varnado) · Michigan DOT"}},{"type":"Feature","geometry":{"type":"Point","coordinates":[-84.233945,45.354245]},"properties":{"id":"ora-mi-612","name":"M-68 @ M-33","state":"MI","provider":"Michigan DOT","hls":null,"snapshot":"https://mdotjboss.state.mi.us/docs/drive/camfiles/rwis/2759.jpg","refreshMs":30000,"attribution":"Ora (Warner Varnado) · Michigan DOT"}},{"type":"Feature","geometry":{"type":"Point","coordinates":[-84.718406,44.664075]},"properties":{"id":"ora-mi-613","name":"M-72 @ North River Downs","state":"MI","provider":"Michigan DOT","hls":null,"snapshot":"https://mdotjboss.state.mi.us/docs/drive/camfiles/rwis/2637.jpg","refreshMs":30000,"attribution":"Ora (Warner Varnado) · Michigan DOT"}},{"type":"Feature","geometry":{"type":"Point","coordinates":[-84.979797,44.713161]},"properties":{"id":"ora-mi-614","name":"M-72 @ Sunset Trail","state":"MI","provider":"Michigan DOT","hls":null,"snapshot":"https://mdotjboss.state.mi.us/docs/drive/camfiles/rwis/2341.jpg","refreshMs":30000,"attribution":"Ora (Warner Varnado) · Michigan DOT"}},{"type":"Feature","geometry":{"type":"Point","coordinates":[-85.403972,44.770972]},"properties":{"id":"ora-mi-615","name":"M-72 @ Williamsburg Road","state":"MI","provider":"Michigan DOT","hls":null,"snapshot":"https://mdotjboss.state.mi.us/docs/drive/camfiles/rwis/718.jpg","refreshMs":30000,"attribution":"Ora (Warner Varnado) · Michigan DOT"}},{"type":"Feature","geometry":{"type":"Point","coordinates":[-83.8083,44.7265]},"properties":{"id":"ora-mi-616","name":"M-72 @ M-65 (N Jct)","state":"MI","provider":"Michigan DOT","hls":null,"snapshot":"https://mdotjboss.state.mi.us/docs/drive/camfiles/rwis/735.jpg","refreshMs":30000,"attribution":"Ora (Warner Varnado) · Michigan DOT"}},{"type":"Feature","geometry":{"type":"Point","coordinates":[-85.8963,44.8063]},"properties":{"id":"ora-mi-617","name":"M-72 @ Coleman Rd","state":"MI","provider":"Michigan DOT","hls":null,"snapshot":"https://mdotjboss.state.mi.us/docs/drive/camfiles/rwis/726.jpg","refreshMs":30000,"attribution":"Ora (Warner Varnado) · Michigan DOT"}},{"type":"Feature","geometry":{"type":"Point","coordinates":[-84.271386,44.615782]},"properties":{"id":"ora-mi-618","name":"M-72 @ Deeter Rd","state":"MI","provider":"Michigan DOT","hls":null,"snapshot":"https://mdotjboss.state.mi.us/docs/drive/camfiles/rwis/2761.jpg","refreshMs":30000,"attribution":"Ora (Warner Varnado) · Michigan DOT"}},{"type":"Feature","geometry":{"type":"Point","coordinates":[-85.26355,42.61005]},"properties":{"id":"ora-mi-619","name":"M-79 @ Quimby","state":"MI","provider":"Michigan DOT","hls":null,"snapshot":"https://mdotjboss.state.mi.us/docs/drive/camfiles/rwis/2325.jpg","refreshMs":30000,"attribution":"Ora (Warner Varnado) · Michigan DOT"}},{"type":"Feature","geometry":{"type":"Point","coordinates":[-83.095783,42.403651]},"properties":{"id":"ora-mi-620","name":"M-8 @ Woodward Ave","state":"MI","provider":"Michigan DOT","hls":null,"snapshot":"https://micamerasimages.net/thumbs/semtoc_cam_157.flv.jpg","refreshMs":30000,"attribution":"Ora (Warner Varnado) · Michigan DOT"}},{"type":"Feature","geometry":{"type":"Point","coordinates":[-83.08334,42.40819]},"properties":{"id":"ora-mi-621","name":"M-8 @ Oakland St","state":"MI","provider":"Michigan DOT","hls":null,"snapshot":"https://micamerasimages.net/thumbs/semtoc_cam_224.flv.jpg","refreshMs":30000,"attribution":"Ora (Warner Varnado) · Michigan DOT"}},{"type":"Feature","geometry":{"type":"Point","coordinates":[-83.110016,42.39799]},"properties":{"id":"ora-mi-622","name":"M-8 @ M-10","state":"MI","provider":"Michigan DOT","hls":null,"snapshot":"https://micamerasimages.net/thumbs/semtoc_cam_224.flv.jpg","refreshMs":30000,"attribution":"Ora (Warner Varnado) · Michigan DOT"}},{"type":"Feature","geometry":{"type":"Point","coordinates":[-83.06753,42.41408]},"properties":{"id":"ora-mi-623","name":"M-8 @ Joseph Campau St","state":"MI","provider":"Michigan DOT","hls":null,"snapshot":"https://micamerasimages.net/thumbs/semtoc_cam_217.flv.jpg","refreshMs":30000,"attribution":"Ora (Warner Varnado) · Michigan DOT"}},{"type":"Feature","geometry":{"type":"Point","coordinates":[-86.465874,46.332253]},"properties":{"id":"ora-mi-624","name":"M-94 @ Alger/Schoolcraft Co Line","state":"MI","provider":"Michigan DOT","hls":null,"snapshot":"https://mdotjboss.state.mi.us/docs/drive/camfiles/rwis/2070.jpg","refreshMs":30000,"attribution":"Ora (Warner Varnado) · Michigan DOT"}},{"type":"Feature","geometry":{"type":"Point","coordinates":[-87.115947,46.347458]},"properties":{"id":"ora-mi-625","name":"M-94 @ Marquette/Alger County Line","state":"MI","provider":"Michigan DOT","hls":null,"snapshot":"https://mdotjboss.state.mi.us/docs/drive/camfiles/rwis/746.jpg","refreshMs":30000,"attribution":"Ora (Warner Varnado) · Michigan DOT"}},{"type":"Feature","geometry":{"type":"Point","coordinates":[-88.01069,46.25009]},"properties":{"id":"ora-mi-626","name":"M-95 @ Marquette/Dickinson County Line","state":"MI","provider":"Michigan DOT","hls":null,"snapshot":"https://mdotjboss.state.mi.us/docs/drive/camfiles/rwis/741.jpg","refreshMs":30000,"attribution":"Ora (Warner Varnado) · Michigan DOT"}},{"type":"Feature","geometry":{"type":"Point","coordinates":[-83.043231,42.331428]},"properties":{"id":"ora-mi-627","name":"Randolph @ E Congress","state":"MI","provider":"Michigan DOT","hls":null,"snapshot":"https://micamerasimages.net/thumbs/semtoc_cam_258.flv.jpg","refreshMs":30000,"attribution":"Ora (Warner Varnado) · Michigan DOT"}},{"type":"Feature","geometry":{"type":"Point","coordinates":[-83.25333,42.60392]},"properties":{"id":"ora-mi-628","name":"Square Lake @ W of Opdyke","state":"MI","provider":"Michigan DOT","hls":null,"snapshot":"https://micamerasimages.net/thumbs/semtoc_cam_439.flv.jpg","refreshMs":30000,"attribution":"Ora (Warner Varnado) · Michigan DOT"}},{"type":"Feature","geometry":{"type":"Point","coordinates":[-83.24469,42.605637]},"properties":{"id":"ora-mi-629","name":"Square Lake @ Opdyke","state":"MI","provider":"Michigan DOT","hls":null,"snapshot":"https://micamerasimages.net/thumbs/semtoc_cam_440.flv.jpg","refreshMs":30000,"attribution":"Ora (Warner Varnado) · Michigan DOT"}},{"type":"Feature","geometry":{"type":"Point","coordinates":[-83.24468,42.60563]},"properties":{"id":"ora-mi-630","name":"Square Lake @ Opdyke 2","state":"MI","provider":"Michigan DOT","hls":null,"snapshot":"https://micamerasimages.net/thumbs/semtoc_cam_441.flv.jpg","refreshMs":30000,"attribution":"Ora (Warner Varnado) · Michigan DOT"}},{"type":"Feature","geometry":{"type":"Point","coordinates":[-83.24024,42.608456]},"properties":{"id":"ora-mi-631","name":"Square Lake @ E of Opdyke","state":"MI","provider":"Michigan DOT","hls":null,"snapshot":"https://micamerasimages.net/thumbs/semtoc_cam_442.flv.jpg","refreshMs":30000,"attribution":"Ora (Warner Varnado) · Michigan DOT"}},{"type":"Feature","geometry":{"type":"Point","coordinates":[-83.24025,42.608456]},"properties":{"id":"ora-mi-632","name":"Square Lake @ E of Opdyke 2","state":"MI","provider":"Michigan DOT","hls":null,"snapshot":"https://micamerasimages.net/thumbs/semtoc_cam_443.flv.jpg","refreshMs":30000,"attribution":"Ora (Warner Varnado) · Michigan DOT"}},{"type":"Feature","geometry":{"type":"Point","coordinates":[-86.339472,43.955583]},"properties":{"id":"ora-mi-633","name":"US-10 @ Stiles Road","state":"MI","provider":"Michigan DOT","hls":null,"snapshot":"https://mdotjboss.state.mi.us/docs/drive/camfiles/rwis/716.jpg","refreshMs":30000,"attribution":"Ora (Warner Varnado) · Michigan DOT"}},{"type":"Feature","geometry":{"type":"Point","coordinates":[-84.78761,43.880947]},"properties":{"id":"ora-mi-634","name":"US-10 @ Grant","state":"MI","provider":"Michigan DOT","hls":null,"snapshot":"https://micamerasimages.net/thumbs/internet_cam_010.flv.jpg","refreshMs":30000,"attribution":"Ora (Warner Varnado) · Michigan DOT"}},{"type":"Feature","geometry":{"type":"Point","coordinates":[-83.072205,42.33156]},"properties":{"id":"ora-mi-635","name":"US-12 @ Rosa Parks","state":"MI","provider":"Michigan DOT","hls":null,"snapshot":"https://micamerasimages.net/thumbs/semtoc_cam_433.flv.jpg","refreshMs":30000,"attribution":"Ora (Warner Varnado) · Michigan DOT"}},{"type":"Feature","geometry":{"type":"Point","coordinates":[-83.07674,42.331543]},"properties":{"id":"ora-mi-636","name":"US-12 @ 14th","state":"MI","provider":"Michigan DOT","hls":null,"snapshot":"https://micamerasimages.net/thumbs/semtoc_cam_432.flv.jpg","refreshMs":30000,"attribution":"Ora (Warner Varnado) · Michigan DOT"}},{"type":"Feature","geometry":{"type":"Point","coordinates":[-83.09553,42.33118]},"properties":{"id":"ora-mi-637","name":"US-12 @ W Grand","state":"MI","provider":"Michigan DOT","hls":null,"snapshot":"https://micamerasimages.net/thumbs/semtoc_cam_430.flv.jpg","refreshMs":30000,"attribution":"Ora (Warner Varnado) · Michigan DOT"}},{"type":"Feature","geometry":{"type":"Point","coordinates":[-86.12752,41.7882]},"properties":{"id":"ora-mi-638","name":"US-12 @ Anderson Road","state":"MI","provider":"Michigan DOT","hls":null,"snapshot":"https://micamerasimages2.us-east-1.skyvdn.com/image-000705100-00-00.jpg","refreshMs":30000,"attribution":"Ora (Warner Varnado) · Michigan DOT"}},{"type":"Feature","geometry":{"type":"Point","coordinates":[-84.50969,42.7279]},"properties":{"id":"ora-mi-639","name":"US-127 @ Kalamazoo St","state":"MI","provider":"Michigan DOT","hls":null,"snapshot":"https://micamerasimages.net/thumbs/internet_cam_141.flv.jpg","refreshMs":30000,"attribution":"Ora (Warner Varnado) · Michigan DOT"}},{"type":"Feature","geometry":{"type":"Point","coordinates":[-84.51066,42.740494]},"properties":{"id":"ora-mi-640","name":"US-127 @ Saginaw St","state":"MI","provider":"Michigan DOT","hls":null,"snapshot":"https://micamerasimages.net/thumbs/internet_cam_142.flv.jpg","refreshMs":30000,"attribution":"Ora (Warner Varnado) · Michigan DOT"}},{"type":"Feature","geometry":{"type":"Point","coordinates":[-84.50751,42.75606]},"properties":{"id":"ora-mi-641","name":"US-127 @ Lake Lansing","state":"MI","provider":"Michigan DOT","hls":null,"snapshot":"https://micamerasimages.net/thumbs/internet_cam_143.flv.jpg","refreshMs":30000,"attribution":"Ora (Warner Varnado) · Michigan DOT"}},{"type":"Feature","geometry":{"type":"Point","coordinates":[-84.5142,42.785538]},"properties":{"id":"ora-mi-642","name":"US-127 @ State Rd","state":"MI","provider":"Michigan DOT","hls":null,"snapshot":"https://micamerasimages.net/thumbs/internet_cam_144.flv.jpg","refreshMs":30000,"attribution":"Ora (Warner Varnado) · Michigan DOT"}},{"type":"Feature","geometry":{"type":"Point","coordinates":[-84.51248,42.806286]},"properties":{"id":"ora-mi-643","name":"US-127 @ I-69","state":"MI","provider":"Michigan DOT","hls":null,"snapshot":"https://micamerasimages.net/thumbs/internet_cam_145.flv.jpg","refreshMs":30000,"attribution":"Ora (Warner Varnado) · Michigan DOT"}},{"type":"Feature","geometry":{"type":"Point","coordinates":[-84.7375,43.5639]},"properties":{"id":"ora-mi-644","name":"US-127 @ Deerfield","state":"MI","provider":"Michigan DOT","hls":null,"snapshot":"https://micamerasimages.net/thumbs/internet_cam_003.flv.jpg","refreshMs":30000,"attribution":"Ora (Warner Varnado) · Michigan DOT"}},{"type":"Feature","geometry":{"type":"Point","coordinates":[-84.73976,43.61504]},"properties":{"id":"ora-mi-645","name":"US-127 @ M-20","state":"MI","provider":"Michigan DOT","hls":null,"snapshot":"https://micamerasimages.net/thumbs/internet_cam_009.flv.jpg","refreshMs":30000,"attribution":"Ora (Warner Varnado) · Michigan DOT"}},{"type":"Feature","geometry":{"type":"Point","coordinates":[-84.75861,43.62485]},"properties":{"id":"ora-mi-646","name":"US-127 @ River","state":"MI","provider":"Michigan DOT","hls":null,"snapshot":"https://micamerasimages.net/thumbs/internet_cam_012.flv.jpg","refreshMs":30000,"attribution":"Ora (Warner Varnado) · Michigan DOT"}},{"type":"Feature","geometry":{"type":"Point","coordinates":[-84.74901,43.824776]},"properties":{"id":"ora-mi-647","name":"US-127 @ US-10","state":"MI","provider":"Michigan DOT","hls":null,"snapshot":"https://micamerasimages.net/thumbs/internet_cam_011.flv.jpg","refreshMs":30000,"attribution":"Ora (Warner Varnado) · Michigan DOT"}},{"type":"Feature","geometry":{"type":"Point","coordinates":[-84.778336,43.872955]},"properties":{"id":"ora-mi-648","name":"US-127 @ Beaverton","state":"MI","provider":"Michigan DOT","hls":null,"snapshot":"https://micamerasimages.net/thumbs/internet_cam_008.flv.jpg","refreshMs":30000,"attribution":"Ora (Warner Varnado) · Michigan DOT"}},{"type":"Feature","geometry":{"type":"Point","coordinates":[-84.806056,44.33575]},"properties":{"id":"ora-mi-649","name":"US-127 @ M-55 (Exit 194)","state":"MI","provider":"Michigan DOT","hls":null,"snapshot":"https://mdotjboss.state.mi.us/docs/drive/camfiles/rwis/722.jpg","refreshMs":30000,"attribution":"Ora (Warner Varnado) · Michigan DOT"}},{"type":"Feature","geometry":{"type":"Point","coordinates":[-84.970653,45.370261]},"properties":{"id":"ora-mi-650","name":"US-131 @ Charlevoix Ave","state":"MI","provider":"Michigan DOT","hls":null,"snapshot":"https://mdotjboss.state.mi.us/docs/drive/camfiles/rwis/2641.jpg","refreshMs":30000,"attribution":"Ora (Warner Varnado) · Michigan DOT"}},{"type":"Feature","geometry":{"type":"Point","coordinates":[-85.1906,44.7166]},"properties":{"id":"ora-mi-651","name":"US-131 @ M-72 (S Jct)","state":"MI","provider":"Michigan DOT","hls":null,"snapshot":"https://mdotjboss.state.mi.us/docs/drive/camfiles/rwis/732.jpg","refreshMs":30000,"attribution":"Ora (Warner Varnado) · Michigan DOT"}},{"type":"Feature","geometry":{"type":"Point","coordinates":[-84.939561,45.28292]},"properties":{"id":"ora-mi-652","name":"US-131 @ Bear River Road","state":"MI","provider":"Michigan DOT","hls":null,"snapshot":"https://mdotjboss.state.mi.us/docs/drive/camfiles/rwis/2342.jpg","refreshMs":30000,"attribution":"Ora (Warner Varnado) · Michigan DOT"}},{"type":"Feature","geometry":{"type":"Point","coordinates":[-84.8982,45.075]},"properties":{"id":"ora-mi-653","name":"US-131 @ M-32 (N Jct)","state":"MI","provider":"Michigan DOT","hls":null,"snapshot":"https://mdotjboss.state.mi.us/docs/drive/camfiles/rwis/731.jpg","refreshMs":30000,"attribution":"Ora (Warner Varnado) · Michigan DOT"}},{"type":"Feature","geometry":{"type":"Point","coordinates":[-85.4022,44.5123]},"properties":{"id":"ora-mi-654","name":"US-131 @ County Line Rd","state":"MI","provider":"Michigan DOT","hls":null,"snapshot":"https://mdotjboss.state.mi.us/docs/drive/camfiles/rwis/727.jpg","refreshMs":30000,"attribution":"Ora (Warner Varnado) · Michigan DOT"}},{"type":"Feature","geometry":{"type":"Point","coordinates":[-85.64521,42.17284]},"properties":{"id":"ora-mi-655","name":"US-131 @ W S Ave","state":"MI","provider":"Michigan DOT","hls":null,"snapshot":"https://micamerasimages.net/thumbs/internet_cam_192.flv.jpg","refreshMs":30000,"attribution":"Ora (Warner Varnado) · Michigan DOT"}},{"type":"Feature","geometry":{"type":"Point","coordinates":[-85.646645,42.197254]},"properties":{"id":"ora-mi-656","name":"US-131 @ Centre","state":"MI","provider":"Michigan DOT","hls":null,"snapshot":"https://micamerasimages.net/thumbs/internet_cam_043.flv.jpg","refreshMs":30000,"attribution":"Ora (Warner Varnado) · Michigan DOT"}},{"type":"Feature","geometry":{"type":"Point","coordinates":[-85.651718,42.260071]},"properties":{"id":"ora-mi-657","name":"US-131 @ Parkview Ave","state":"MI","provider":"Michigan DOT","hls":null,"snapshot":"https://micamerasimages.net/thumbs/internet_cam_042.flv.jpg","refreshMs":30000,"attribution":"Ora (Warner Varnado) · Michigan DOT"}},{"type":"Feature","geometry":{"type":"Point","coordinates":[-85.65329,42.26848]},"properties":{"id":"ora-mi-658","name":"US-131 @ I94BL","state":"MI","provider":"Michigan DOT","hls":null,"snapshot":"https://micamerasimages.net/thumbs/internet_cam_076.flv.jpg","refreshMs":30000,"attribution":"Ora (Warner Varnado) · Michigan DOT"}},{"type":"Feature","geometry":{"type":"Point","coordinates":[-85.65381,42.26873]},"properties":{"id":"ora-mi-659","name":"US-131 @ I94BL","state":"MI","provider":"Michigan DOT","hls":null,"snapshot":"https://micamerasimages.net/thumbs/internet_cam_075.flv.jpg","refreshMs":30000,"attribution":"Ora (Warner Varnado) · Michigan DOT"}},{"type":"Feature","geometry":{"type":"Point","coordinates":[-85.65944,42.28605]},"properties":{"id":"ora-mi-660","name":"US-131 @ M-43","state":"MI","provider":"Michigan DOT","hls":null,"snapshot":"https://micamerasimages.net/thumbs/internet_cam_193.flv.jpg","refreshMs":30000,"attribution":"Ora (Warner Varnado) · Michigan DOT"}},{"type":"Feature","geometry":{"type":"Point","coordinates":[-85.66469,42.296093]},"properties":{"id":"ora-mi-661","name":"US-131 @ M43","state":"MI","provider":"Michigan DOT","hls":null,"snapshot":"https://micamerasimages.net/thumbs/internet_cam_044.flv.jpg","refreshMs":30000,"attribution":"Ora (Warner Varnado) · Michigan DOT"}},{"type":"Feature","geometry":{"type":"Point","coordinates":[-85.65615,42.36194]},"properties":{"id":"ora-mi-662","name":"US-131 @ W E Ave.","state":"MI","provider":"Michigan DOT","hls":null,"snapshot":"https://micamerasimages.net/thumbs/internet_cam_106.flv.jpg","refreshMs":30000,"attribution":"Ora (Warner Varnado) · Michigan DOT"}},{"type":"Feature","geometry":{"type":"Point","coordinates":[-85.65997,42.3987]},"properties":{"id":"ora-mi-663","name":"US-131 @ W B Ave","state":"MI","provider":"Michigan DOT","hls":null,"snapshot":"https://micamerasimages.net/thumbs/internet_cam_194.flv.jpg","refreshMs":30000,"attribution":"Ora (Warner Varnado) · Michigan DOT"}},{"type":"Feature","geometry":{"type":"Point","coordinates":[-85.65698,42.44898]},"properties":{"id":"ora-mi-664","name":"US-131 @ M89","state":"MI","provider":"Michigan DOT","hls":null,"snapshot":"https://micamerasimages.net/thumbs/internet_cam_210.flv.jpg","refreshMs":30000,"attribution":"Ora (Warner Varnado) · Michigan DOT"}},{"type":"Feature","geometry":{"type":"Point","coordinates":[-85.66056,42.5378]},"properties":{"id":"ora-mi-665","name":"US-131 @ M222","state":"MI","provider":"Michigan DOT","hls":null,"snapshot":"https://micamerasimages.net/thumbs/internet_cam_211.flv.jpg","refreshMs":30000,"attribution":"Ora (Warner Varnado) · Michigan DOT"}},{"type":"Feature","geometry":{"type":"Point","coordinates":[-85.66262,42.62937]},"properties":{"id":"ora-mi-666","name":"US-131 @ M-179","state":"MI","provider":"Michigan DOT","hls":null,"snapshot":"https://mdotjboss.state.mi.us/docs/drive/camfiles/rwis/2326.jpg","refreshMs":30000,"attribution":"Ora (Warner Varnado) · Michigan DOT"}},{"type":"Feature","geometry":{"type":"Point","coordinates":[-85.67288,42.72564]},"properties":{"id":"ora-mi-667","name":"US-131 @ 142nd Ave","state":"MI","provider":"Michigan DOT","hls":null,"snapshot":"https://micamerasimages.net/thumbs/internet_cam_212.flv.jpg","refreshMs":30000,"attribution":"Ora (Warner Varnado) · Michigan DOT"}},{"type":"Feature","geometry":{"type":"Point","coordinates":[-85.668918,42.797635]},"properties":{"id":"ora-mi-668","name":"US-131 @ 92nd St.","state":"MI","provider":"Michigan DOT","hls":null,"snapshot":"https://micamerasimages.net/thumbs/internet_cam_107.flv.jpg","refreshMs":30000,"attribution":"Ora (Warner Varnado) · Michigan DOT"}},{"type":"Feature","geometry":{"type":"Point","coordinates":[-85.6774,42.8483]},"properties":{"id":"ora-mi-669","name":"US-131 @ M-6","state":"MI","provider":"Michigan DOT","hls":null,"snapshot":"https://micamerasimages.net/thumbs/grand_cam_005.flv.jpg","refreshMs":30000,"attribution":"Ora (Warner Varnado) · Michigan DOT"}},{"type":"Feature","geometry":{"type":"Point","coordinates":[-85.6789,42.8662]},"properties":{"id":"ora-mi-670","name":"US-131 @ 54th St","state":"MI","provider":"Michigan DOT","hls":null,"snapshot":"https://micamerasimages.net/thumbs/grand_cam_017.flv.jpg","refreshMs":30000,"attribution":"Ora (Warner Varnado) · Michigan DOT"}},{"type":"Feature","geometry":{"type":"Point","coordinates":[-85.6806,42.884]},"properties":{"id":"ora-mi-671","name":"US-131 @ 44th St","state":"MI","provider":"Michigan DOT","hls":null,"snapshot":"https://micamerasimages.net/thumbs/grand_cam_014.flv.jpg","refreshMs":30000,"attribution":"Ora (Warner Varnado) · Michigan DOT"}},{"type":"Feature","geometry":{"type":"Point","coordinates":[-85.6776,42.8985]},"properties":{"id":"ora-mi-672","name":"US-131 @ 36th St","state":"MI","provider":"Michigan DOT","hls":null,"snapshot":"https://micamerasimages.net/thumbs/grand_cam_016.flv.jpg","refreshMs":30000,"attribution":"Ora (Warner Varnado) · Michigan DOT"}},{"type":"Feature","geometry":{"type":"Point","coordinates":[-85.6773,42.9135]},"properties":{"id":"ora-mi-673","name":"US-131 @ M-11","state":"MI","provider":"Michigan DOT","hls":null,"snapshot":"https://micamerasimages.net/thumbs/grand_cam_061.flv.jpg","refreshMs":30000,"attribution":"Ora (Warner Varnado) · Michigan DOT"}},{"type":"Feature","geometry":{"type":"Point","coordinates":[-85.68223,42.927437]},"properties":{"id":"ora-mi-674","name":"US-131 @ Burton St","state":"MI","provider":"Michigan DOT","hls":null,"snapshot":"https://micamerasimages.net/thumbs/grand_cam_100.flv.jpg","refreshMs":30000,"attribution":"Ora (Warner Varnado) · Michigan DOT"}},{"type":"Feature","geometry":{"type":"Point","coordinates":[-85.6798,42.9372]},"properties":{"id":"ora-mi-675","name":"US-131 @ Hall St","state":"MI","provider":"Michigan DOT","hls":null,"snapshot":"https://micamerasimages.net/thumbs/grand_cam_057.flv.jpg","refreshMs":30000,"attribution":"Ora (Warner Varnado) · Michigan DOT"}},{"type":"Feature","geometry":{"type":"Point","coordinates":[-85.674675,42.948807]},"properties":{"id":"ora-mi-676","name":"US-131 @ Franklin St","state":"MI","provider":"Michigan DOT","hls":null,"snapshot":"https://micamerasimages.net/thumbs/grand_cam_051.flv.jpg","refreshMs":30000,"attribution":"Ora (Warner Varnado) · Michigan DOT"}},{"type":"Feature","geometry":{"type":"Point","coordinates":[-85.67033,42.95604]},"properties":{"id":"ora-mi-677","name":"US-131 @ Wealthy St","state":"MI","provider":"Michigan DOT","hls":null,"snapshot":"https://micamerasimages.net/thumbs/grand_cam_007.flv.jpg","refreshMs":30000,"attribution":"Ora (Warner Varnado) · Michigan DOT"}},{"type":"Feature","geometry":{"type":"Point","coordinates":[-85.6758,42.9613]},"properties":{"id":"ora-mi-678","name":"US-131 @ Market Ave","state":"MI","provider":"Michigan DOT","hls":null,"snapshot":"https://micamerasimages.net/thumbs/grand_cam_056.flv.jpg","refreshMs":30000,"attribution":"Ora (Warner Varnado) · Michigan DOT"}},{"type":"Feature","geometry":{"type":"Point","coordinates":[-85.6792,42.9641]},"properties":{"id":"ora-mi-679","name":"US-131 @ Pearl St","state":"MI","provider":"Michigan DOT","hls":null,"snapshot":"https://micamerasimages.net/thumbs/grand_cam_063.flv.jpg","refreshMs":30000,"attribution":"Ora (Warner Varnado) · Michigan DOT"}},{"type":"Feature","geometry":{"type":"Point","coordinates":[-85.67766,42.97363]},"properties":{"id":"ora-mi-680","name":"US-131 @ I-196","state":"MI","provider":"Michigan DOT","hls":null,"snapshot":"https://micamerasimages.net/thumbs/grand_cam_101.flv.jpg","refreshMs":30000,"attribution":"Ora (Warner Varnado) · Michigan DOT"}},{"type":"Feature","geometry":{"type":"Point","coordinates":[-85.677738,42.972878]},"properties":{"id":"ora-mi-681","name":"US-131 @ I-196","state":"MI","provider":"Michigan DOT","hls":null,"snapshot":"https://micamerasimages.net/thumbs/grand_cam_052.flv.jpg","refreshMs":30000,"attribution":"Ora (Warner Varnado) · Michigan DOT"}},{"type":"Feature","geometry":{"type":"Point","coordinates":[-85.676346,42.995628]},"properties":{"id":"ora-mi-682","name":"US-131 @ Ann St","state":"MI","provider":"Michigan DOT","hls":null,"snapshot":"https://micamerasimages.net/thumbs/grand_cam_049.flv.jpg","refreshMs":30000,"attribution":"Ora (Warner Varnado) · Michigan DOT"}},{"type":"Feature","geometry":{"type":"Point","coordinates":[-85.676987,42.985282]},"properties":{"id":"ora-mi-683","name":"US-131 @ Leonard St","state":"MI","provider":"Michigan DOT","hls":null,"snapshot":"https://micamerasimages.net/thumbs/grand_cam_047.flv.jpg","refreshMs":30000,"attribution":"Ora (Warner Varnado) · Michigan DOT"}},{"type":"Feature","geometry":{"type":"Point","coordinates":[-85.6764,43.0146]},"properties":{"id":"ora-mi-684","name":"US-131 @ I-96 Ramps","state":"MI","provider":"Michigan DOT","hls":null,"snapshot":"https://micamerasimages.net/thumbs/grand_cam_006.flv.jpg","refreshMs":30000,"attribution":"Ora (Warner Varnado) · Michigan DOT"}},{"type":"Feature","geometry":{"type":"Point","coordinates":[-85.668117,43.021157]},"properties":{"id":"ora-mi-685","name":"US-131 @ I-96","state":"MI","provider":"Michigan DOT","hls":null,"snapshot":"https://micamerasimages.net/thumbs/grand_cam_053.flv.jpg","refreshMs":30000,"attribution":"Ora (Warner Varnado) · Michigan DOT"}},{"type":"Feature","geometry":{"type":"Point","coordinates":[-85.66175,43.040677]},"properties":{"id":"ora-mi-686","name":"US-131 @ West River Dr","state":"MI","provider":"Michigan DOT","hls":null,"snapshot":"https://micamerasimages.net/thumbs/grand_cam_048.flv.jpg","refreshMs":30000,"attribution":"Ora (Warner Varnado) · Michigan DOT"}},{"type":"Feature","geometry":{"type":"Point","coordinates":[-85.663146,43.058729]},"properties":{"id":"ora-mi-687","name":"US-131 @ 6 Mile Rd","state":"MI","provider":"Michigan DOT","hls":null,"snapshot":"https://micamerasimages.net/thumbs/grand_cam_040.flv.jpg","refreshMs":30000,"attribution":"Ora (Warner Varnado) · Michigan DOT"}},{"type":"Feature","geometry":{"type":"Point","coordinates":[-85.654404,43.069021]},"properties":{"id":"ora-mi-688","name":"US-131 @ Pine Island Dr","state":"MI","provider":"Michigan DOT","hls":null,"snapshot":"https://micamerasimages.net/thumbs/grand_cam_043.flv.jpg","refreshMs":30000,"attribution":"Ora (Warner Varnado) · Michigan DOT"}},{"type":"Feature","geometry":{"type":"Point","coordinates":[-85.63213,43.088674]},"properties":{"id":"ora-mi-689","name":"US-131 @ Post Dr","state":"MI","provider":"Michigan DOT","hls":null,"snapshot":"https://micamerasimages.net/thumbs/grand_cam_044.flv.jpg","refreshMs":30000,"attribution":"Ora (Warner Varnado) · Michigan DOT"}},{"type":"Feature","geometry":{"type":"Point","coordinates":[-85.607379,43.11667]},"properties":{"id":"ora-mi-690","name":"US-131 @ 10 Mile Rd","state":"MI","provider":"Michigan DOT","hls":null,"snapshot":"https://micamerasimages.net/thumbs/grand_cam_095.flv.jpg","refreshMs":30000,"attribution":"Ora (Warner Varnado) · Michigan DOT"}},{"type":"Feature","geometry":{"type":"Point","coordinates":[-85.574169,43.222584]},"properties":{"id":"ora-mi-691","name":"US-131 @ M46","state":"MI","provider":"Michigan DOT","hls":null,"snapshot":"https://micamerasimages.net/thumbs/internet_cam_158.flv.jpg","refreshMs":30000,"attribution":"Ora (Warner Varnado) · Michigan DOT"}},{"type":"Feature","geometry":{"type":"Point","coordinates":[-85.51523,43.39532]},"properties":{"id":"ora-mi-692","name":"US-131 @ M-82","state":"MI","provider":"Michigan DOT","hls":null,"snapshot":"https://micamerasimages.net/thumbs/internet_cam_116.flv.jpg","refreshMs":30000,"attribution":"Ora (Warner Varnado) · Michigan DOT"}},{"type":"Feature","geometry":{"type":"Point","coordinates":[-85.52164,43.686386]},"properties":{"id":"ora-mi-693","name":"US-131 @ M-20/Perry Ave","state":"MI","provider":"Michigan DOT","hls":null,"snapshot":"https://micamerasimages.net/thumbs/internet_cam_112.flv.jpg","refreshMs":30000,"attribution":"Ora (Warner Varnado) · Michigan DOT"}},{"type":"Feature","geometry":{"type":"Point","coordinates":[-85.66269,41.81593]},"properties":{"id":"ora-mi-694","name":"US-131 @ Dickinson","state":"MI","provider":"Michigan DOT","hls":null,"snapshot":"https://mdotjboss.state.mi.us/docs/drive/camfiles/rwis/2344.jpg","refreshMs":30000,"attribution":"Ora (Warner Varnado) · Michigan DOT"}},{"type":"Feature","geometry":{"type":"Point","coordinates":[-85.526,43.889]},"properties":{"id":"ora-mi-695","name":"US-131 @ US-10 (Exit 153)","state":"MI","provider":"Michigan DOT","hls":null,"snapshot":"https://mdotjboss.state.mi.us/docs/drive/camfiles/rwis/717.jpg","refreshMs":30000,"attribution":"Ora (Warner Varnado) · Michigan DOT"}},{"type":"Feature","geometry":{"type":"Point","coordinates":[-85.371583,44.251528]},"properties":{"id":"ora-mi-696","name":"US-131 @ M-55 (Exit 180)","state":"MI","provider":"Michigan DOT","hls":null,"snapshot":"https://mdotjboss.state.mi.us/docs/drive/camfiles/rwis/715.jpg","refreshMs":30000,"attribution":"Ora (Warner Varnado) · Michigan DOT"}},{"type":"Feature","geometry":{"type":"Point","coordinates":[-85.43853,44.16699]},"properties":{"id":"ora-mi-697","name":"US-131 @ Osceola/Wexford County Line","state":"MI","provider":"Michigan DOT","hls":null,"snapshot":"https://mdotjboss.state.mi.us/docs/drive/camfiles/rwis/2636.jpg","refreshMs":30000,"attribution":"Ora (Warner Varnado) · Michigan DOT"}},{"type":"Feature","geometry":{"type":"Point","coordinates":[-86.48062,45.9096]},"properties":{"id":"ora-mi-698","name":"US-2 @ County Road 442","state":"MI","provider":"Michigan DOT","hls":null,"snapshot":"https://mdotjboss.state.mi.us/docs/drive/camfiles/rwis/702.jpg","refreshMs":30000,"attribution":"Ora (Warner Varnado) · Michigan DOT"}},{"type":"Feature","geometry":{"type":"Point","coordinates":[-88.87984,46.16046]},"properties":{"id":"ora-mi-699","name":"US-2 @ FFH 16","state":"MI","provider":"Michigan DOT","hls":null,"snapshot":"https://mdotjboss.state.mi.us/docs/drive/camfiles/rwis/705.jpg","refreshMs":30000,"attribution":"Ora (Warner Varnado) · Michigan DOT"}},{"type":"Feature","geometry":{"type":"Point","coordinates":[-85.6178,46.10089]},"properties":{"id":"ora-mi-700","name":"US-2 @ Greenwald Road, West of M-117","state":"MI","provider":"Michigan DOT","hls":null,"snapshot":"https://mdotjboss.state.mi.us/docs/drive/camfiles/rwis/703.jpg","refreshMs":30000,"attribution":"Ora (Warner Varnado) · Michigan DOT"}},{"type":"Feature","geometry":{"type":"Point","coordinates":[-85.00555,46.00841]},"properties":{"id":"ora-mi-701","name":"US-2 @ Wildwood Ln","state":"MI","provider":"Michigan DOT","hls":null,"snapshot":"https://mdotjboss.state.mi.us/docs/drive/camfiles/rwis/701.jpg","refreshMs":30000,"attribution":"Ora (Warner Varnado) · Michigan DOT"}},{"type":"Feature","geometry":{"type":"Point","coordinates":[-87.6825,45.751889]},"properties":{"id":"ora-mi-702","name":"US-2 @ No. 43.75 Rd","state":"MI","provider":"Michigan DOT","hls":null,"snapshot":"https://mdotjboss.state.mi.us/docs/drive/camfiles/rwis/2056.jpg","refreshMs":30000,"attribution":"Ora (Warner Varnado) · Michigan DOT"}},{"type":"Feature","geometry":{"type":"Point","coordinates":[-86.202698,45.967038]},"properties":{"id":"ora-mi-703","name":"US-2 @ Tannery Rd","state":"MI","provider":"Michigan DOT","hls":null,"snapshot":"https://mdotjboss.state.mi.us/docs/drive/camfiles/rwis/751.jpg","refreshMs":30000,"attribution":"Ora (Warner Varnado) · Michigan DOT"}},{"type":"Feature","geometry":{"type":"Point","coordinates":[-86.983256,45.926167]},"properties":{"id":"ora-mi-704","name":"US-2 @ Rapid River","state":"MI","provider":"Michigan DOT","hls":null,"snapshot":"https://mdotjboss.state.mi.us/docs/drive/camfiles/rwis/743.jpg","refreshMs":30000,"attribution":"Ora (Warner Varnado) · Michigan DOT"}},{"type":"Feature","geometry":{"type":"Point","coordinates":[-89.178183,46.262977]},"properties":{"id":"ora-mi-705","name":"US-2 @ US-45","state":"MI","provider":"Michigan DOT","hls":null,"snapshot":"https://mdotjboss.state.mi.us/docs/drive/camfiles/rwis/2064.jpg","refreshMs":30000,"attribution":"Ora (Warner Varnado) · Michigan DOT"}},{"type":"Feature","geometry":{"type":"Point","coordinates":[-89.95193,46.47727]},"properties":{"id":"ora-mi-706","name":"US-2 @ M-28","state":"MI","provider":"Michigan DOT","hls":null,"snapshot":"https://mdotjboss.state.mi.us/docs/drive/camfiles/rwis/737.jpg","refreshMs":30000,"attribution":"Ora (Warner Varnado) · Michigan DOT"}},{"type":"Feature","geometry":{"type":"Point","coordinates":[-85.926717,46.100592]},"properties":{"id":"ora-mi-707","name":"US-2 @ M-77","state":"MI","provider":"Michigan DOT","hls":null,"snapshot":"https://mdotjboss.state.mi.us/docs/drive/camfiles/rwis/747.jpg","refreshMs":30000,"attribution":"Ora (Warner Varnado) · Michigan DOT"}},{"type":"Feature","geometry":{"type":"Point","coordinates":[-83.5754,45.331]},"properties":{"id":"ora-mi-708","name":"US-23 @ E 638 Hwy","state":"MI","provider":"Michigan DOT","hls":null,"snapshot":"https://mdotjboss.state.mi.us/docs/drive/camfiles/rwis/734.jpg","refreshMs":30000,"attribution":"Ora (Warner Varnado) · Michigan DOT"}},{"type":"Feature","geometry":{"type":"Point","coordinates":[-83.748512,42.633616]},"properties":{"id":"ora-mi-709","name":"US-23 @ M 59","state":"MI","provider":"Michigan DOT","hls":null,"snapshot":"https://micamerasimages.net/thumbs/internet_cam_128.flv.jpg","refreshMs":30000,"attribution":"Ora (Warner Varnado) · Michigan DOT"}},{"type":"Feature","geometry":{"type":"Point","coordinates":[-83.748312,42.633416]},"properties":{"id":"ora-mi-710","name":"US-23 @ M 59 2","state":"MI","provider":"Michigan DOT","hls":null,"snapshot":"https://micamerasimages.net/thumbs/internet_cam_129.flv.jpg","refreshMs":30000,"attribution":"Ora (Warner Varnado) · Michigan DOT"}},{"type":"Feature","geometry":{"type":"Point","coordinates":[-83.673134,41.959244]},"properties":{"id":"ora-mi-711","name":"US-23 @ M-50","state":"MI","provider":"Michigan DOT","hls":null,"snapshot":"https://micamerasimages.net/thumbs/internet_cam_181.flv.jpg","refreshMs":30000,"attribution":"Ora (Warner Varnado) · Michigan DOT"}},{"type":"Feature","geometry":{"type":"Point","coordinates":[-83.67642,42.10076]},"properties":{"id":"ora-mi-712","name":"US-23 @ Carpenter","state":"MI","provider":"Michigan DOT","hls":null,"snapshot":"https://micamerasimages.net/thumbs/internet_cam_175.flv.jpg","refreshMs":30000,"attribution":"Ora (Warner Varnado) · Michigan DOT"}},{"type":"Feature","geometry":{"type":"Point","coordinates":[-83.68362,42.15726]},"properties":{"id":"ora-mi-713","name":"US-23 @ Willis","state":"MI","provider":"Michigan DOT","hls":null,"snapshot":"https://micamerasimages.net/thumbs/internet_cam_174.flv.jpg","refreshMs":30000,"attribution":"Ora (Warner Varnado) · Michigan DOT"}},{"type":"Feature","geometry":{"type":"Point","coordinates":[-83.684799,42.226898]},"properties":{"id":"ora-mi-714","name":"US-23 @ I-94","state":"MI","provider":"Michigan DOT","hls":null,"snapshot":"https://micamerasimages.net/thumbs/internet_cam_054.flv.jpg","refreshMs":30000,"attribution":"Ora (Warner Varnado) · Michigan DOT"}},{"type":"Feature","geometry":{"type":"Point","coordinates":[-83.68546,42.20509]},"properties":{"id":"ora-mi-715","name":"US-23 @ US-12","state":"MI","provider":"Michigan DOT","hls":null,"snapshot":"https://micamerasimages.net/thumbs/internet_cam_173.flv.jpg","refreshMs":30000,"attribution":"Ora (Warner Varnado) · Michigan DOT"}},{"type":"Feature","geometry":{"type":"Point","coordinates":[-83.688303,42.3155]},"properties":{"id":"ora-mi-716","name":"US-23 @ M-14","state":"MI","provider":"Michigan DOT","hls":null,"snapshot":"https://micamerasimages.net/thumbs/internet_cam_056.flv.jpg","refreshMs":30000,"attribution":"Ora (Warner Varnado) · Michigan DOT"}},{"type":"Feature","geometry":{"type":"Point","coordinates":[-83.688103,42.3153]},"properties":{"id":"ora-mi-717","name":"US-23 @ M-14","state":"MI","provider":"Michigan DOT","hls":null,"snapshot":"https://micamerasimages.net/thumbs/internet_cam_057.flv.jpg","refreshMs":30000,"attribution":"Ora (Warner Varnado) · Michigan DOT"}},{"type":"Feature","geometry":{"type":"Point","coordinates":[-83.70826,42.324352]},"properties":{"id":"ora-mi-718","name":"US-23 @ Nixon","state":"MI","provider":"Michigan DOT","hls":null,"snapshot":"https://micamerasimages.net/thumbs/internet_cam_073.flv.jpg","refreshMs":30000,"attribution":"Ora (Warner Varnado) · Michigan DOT"}},{"type":"Feature","geometry":{"type":"Point","coordinates":[-83.74274,42.330173]},"properties":{"id":"ora-mi-719","name":"US-23 @ Warren","state":"MI","provider":"Michigan DOT","hls":null,"snapshot":"https://micamerasimages.net/thumbs/stoc_cam_031.flv.jpg","refreshMs":30000,"attribution":"Ora (Warner Varnado) · Michigan DOT"}},{"type":"Feature","geometry":{"type":"Point","coordinates":[-83.738497,42.3216]},"properties":{"id":"ora-mi-720","name":"US-23 @ M-14","state":"MI","provider":"Michigan DOT","hls":null,"snapshot":"https://micamerasimages.net/thumbs/stoc_cam_028.flv.jpg","refreshMs":30000,"attribution":"Ora (Warner Varnado) · Michigan DOT"}},{"type":"Feature","geometry":{"type":"Point","coordinates":[-83.738297,42.3214]},"properties":{"id":"ora-mi-721","name":"US-23 @ M-14","state":"MI","provider":"Michigan DOT","hls":null,"snapshot":"https://micamerasimages.net/thumbs/stoc_cam_029.flv.jpg","refreshMs":30000,"attribution":"Ora (Warner Varnado) · Michigan DOT"}},{"type":"Feature","geometry":{"type":"Point","coordinates":[-83.74822,42.355663]},"properties":{"id":"ora-mi-722","name":"US-23 @ Northfield Church","state":"MI","provider":"Michigan DOT","hls":null,"snapshot":"https://micamerasimages.net/thumbs/stoc_cam_056.flv.jpg","refreshMs":30000,"attribution":"Ora (Warner Varnado) · Michigan DOT"}},{"type":"Feature","geometry":{"type":"Point","coordinates":[-83.7577,42.38]},"properties":{"id":"ora-mi-723","name":"US-23 @ N Territorial","state":"MI","provider":"Michigan DOT","hls":null,"snapshot":"https://micamerasimages.net/thumbs/stoc_cam_045.flv.jpg","refreshMs":30000,"attribution":"Ora (Warner Varnado) · Michigan DOT"}},{"type":"Feature","geometry":{"type":"Point","coordinates":[-83.7579,42.380005]},"properties":{"id":"ora-mi-724","name":"US-23 @ N. Territorial R","state":"MI","provider":"Michigan DOT","hls":null,"snapshot":"https://micamerasimages.net/thumbs/stoc_cam_036.flv.jpg","refreshMs":30000,"attribution":"Ora (Warner Varnado) · Michigan DOT"}},{"type":"Feature","geometry":{"type":"Point","coordinates":[-83.76449,42.39543]},"properties":{"id":"ora-mi-725","name":"US-23 @ 6 Mile Rd","state":"MI","provider":"Michigan DOT","hls":null,"snapshot":"https://micamerasimages.net/thumbs/stoc_cam_032.flv.jpg","refreshMs":30000,"attribution":"Ora (Warner Varnado) · Michigan DOT"}},{"type":"Feature","geometry":{"type":"Point","coordinates":[-83.76228,42.406296]},"properties":{"id":"ora-mi-726","name":"US-23 @ 6 Mile","state":"MI","provider":"Michigan DOT","hls":null,"snapshot":"https://micamerasimages.net/thumbs/stoc_cam_034.flv.jpg","refreshMs":30000,"attribution":"Ora (Warner Varnado) · Michigan DOT"}},{"type":"Feature","geometry":{"type":"Point","coordinates":[-83.76853,42.422035]},"properties":{"id":"ora-mi-727","name":"US-23 @ Barker","state":"MI","provider":"Michigan DOT","hls":null,"snapshot":"https://micamerasimages.net/thumbs/stoc_cam_039.flv.jpg","refreshMs":30000,"attribution":"Ora (Warner Varnado) · Michigan DOT"}},{"type":"Feature","geometry":{"type":"Point","coordinates":[-83.76661,42.42991]},"properties":{"id":"ora-mi-728","name":"US-23 @ 8 Mile","state":"MI","provider":"Michigan DOT","hls":null,"snapshot":"https://micamerasimages.net/thumbs/stoc_cam_055.flv.jpg","refreshMs":30000,"attribution":"Ora (Warner Varnado) · Michigan DOT"}},{"type":"Feature","geometry":{"type":"Point","coordinates":[-83.75265,42.444664]},"properties":{"id":"ora-mi-729","name":"US-23 @ 9 Mile Rd.","state":"MI","provider":"Michigan DOT","hls":null,"snapshot":"https://micamerasimages.net/thumbs/internet_cam_084.flv.jpg","refreshMs":30000,"attribution":"Ora (Warner Varnado) · Michigan DOT"}},{"type":"Feature","geometry":{"type":"Point","coordinates":[-83.7565,42.467365]},"properties":{"id":"ora-mi-730","name":"US-23 @ Silver Lake Rd.","state":"MI","provider":"Michigan DOT","hls":null,"snapshot":"https://micamerasimages.net/thumbs/internet_cam_077.flv.jpg","refreshMs":30000,"attribution":"Ora (Warner Varnado) · Michigan DOT"}},{"type":"Feature","geometry":{"type":"Point","coordinates":[-83.75681,42.517746]},"properties":{"id":"ora-mi-731","name":"US-23 @ Maintenance","state":"MI","provider":"Michigan DOT","hls":null,"snapshot":"https://micamerasimages.net/thumbs/internet_cam_047.flv.jpg","refreshMs":30000,"attribution":"Ora (Warner Varnado) · Michigan DOT"}},{"type":"Feature","geometry":{"type":"Point","coordinates":[-83.74915,42.550922]},"properties":{"id":"ora-mi-732","name":"US-23 @ Buno","state":"MI","provider":"Michigan DOT","hls":null,"snapshot":"https://micamerasimages.net/thumbs/internet_cam_064.flv.jpg","refreshMs":30000,"attribution":"Ora (Warner Varnado) · Michigan DOT"}},{"type":"Feature","geometry":{"type":"Point","coordinates":[-83.75759,42.50494]},"properties":{"id":"ora-mi-733","name":"US-23 @ Lee Rd","state":"MI","provider":"Michigan DOT","hls":null,"snapshot":"https://micamerasimages.net/thumbs/internet_cam_046.flv.jpg","refreshMs":30000,"attribution":"Ora (Warner Varnado) · Michigan DOT"}},{"type":"Feature","geometry":{"type":"Point","coordinates":[-83.270896,42.264781]},"properties":{"id":"ora-mi-734","name":"US-24 @ I-94","state":"MI","provider":"Michigan DOT","hls":null,"snapshot":"https://micamerasimages.net/thumbs/semtoc_cam_175.flv.jpg","refreshMs":30000,"attribution":"Ora (Warner Varnado) · Michigan DOT"}},{"type":"Feature","geometry":{"type":"Point","coordinates":[-83.269951,42.262905]},"properties":{"id":"ora-mi-735","name":"US-24 @ S of I-94","state":"MI","provider":"Michigan DOT","hls":null,"snapshot":"https://micamerasimages.net/thumbs/semtoc_cam_266.flv.jpg","refreshMs":30000,"attribution":"Ora (Warner Varnado) · Michigan DOT"}},{"type":"Feature","geometry":{"type":"Point","coordinates":[-83.269945,42.262901]},"properties":{"id":"ora-mi-736","name":"US-24 @ I-94 overpass","state":"MI","provider":"Michigan DOT","hls":null,"snapshot":"https://micamerasimages.net/thumbs/semtoc_cam_189.flv.jpg","refreshMs":30000,"attribution":"Ora (Warner Varnado) · Michigan DOT"}},{"type":"Feature","geometry":{"type":"Point","coordinates":[-85.409397,44.901053]},"properties":{"id":"ora-mi-737","name":"US-31 @ Ames-Dexter","state":"MI","provider":"Michigan DOT","hls":null,"snapshot":"https://mdotjboss.state.mi.us/docs/drive/camfiles/rwis/2642.jpg","refreshMs":30000,"attribution":"Ora (Warner Varnado) · Michigan DOT"}},{"type":"Feature","geometry":{"type":"Point","coordinates":[-85.656515,44.671773]},"properties":{"id":"ora-mi-738","name":"US-31 @ Beitner","state":"MI","provider":"Michigan DOT","hls":null,"snapshot":"https://mdotjboss.state.mi.us/docs/drive/camfiles/rwis/2643.jpg","refreshMs":30000,"attribution":"Ora (Warner Varnado) · Michigan DOT"}},{"type":"Feature","geometry":{"type":"Point","coordinates":[-86.098278,44.58675]},"properties":{"id":"ora-mi-739","name":"US-31 @ M-115","state":"MI","provider":"Michigan DOT","hls":null,"snapshot":"https://mdotjboss.state.mi.us/docs/drive/camfiles/rwis/714.jpg","refreshMs":30000,"attribution":"Ora (Warner Varnado) · Michigan DOT"}},{"type":"Feature","geometry":{"type":"Point","coordinates":[-85.815533,44.658686]},"properties":{"id":"ora-mi-740","name":"US-31 @ Betsie River Road","state":"MI","provider":"Michigan DOT","hls":null,"snapshot":"https://mdotjboss.state.mi.us/docs/drive/camfiles/rwis/2340.jpg","refreshMs":30000,"attribution":"Ora (Warner Varnado) · Michigan DOT"}},{"type":"Feature","geometry":{"type":"Point","coordinates":[-86.3088,44.2198]},"properties":{"id":"ora-mi-741","name":"US-31 @ 28th Street","state":"MI","provider":"Michigan DOT","hls":null,"snapshot":"https://mdotjboss.state.mi.us/docs/drive/camfiles/rwis/729.jpg","refreshMs":30000,"attribution":"Ora (Warner Varnado) · Michigan DOT"}},{"type":"Feature","geometry":{"type":"Point","coordinates":[-85.177278,45.361167]},"properties":{"id":"ora-mi-742","name":"US-31 @ Burgess Road","state":"MI","provider":"Michigan DOT","hls":null,"snapshot":"https://mdotjboss.state.mi.us/docs/drive/camfiles/rwis/719.jpg","refreshMs":30000,"attribution":"Ora (Warner Varnado) · Michigan DOT"}},{"type":"Feature","geometry":{"type":"Point","coordinates":[-85.3521,45.1074]},"properties":{"id":"ora-mi-743","name":"US-31 @ M-88","state":"MI","provider":"Michigan DOT","hls":null,"snapshot":"https://mdotjboss.state.mi.us/docs/drive/camfiles/rwis/730.jpg","refreshMs":30000,"attribution":"Ora (Warner Varnado) · Michigan DOT"}},{"type":"Feature","geometry":{"type":"Point","coordinates":[-86.37236,42.072144]},"properties":{"id":"ora-mi-744","name":"US-31 @ Townline","state":"MI","provider":"Michigan DOT","hls":null,"snapshot":"https://micamerasimages.net/thumbs/internet_cam_213.flv.jpg","refreshMs":30000,"attribution":"Ora (Warner Varnado) · Michigan DOT"}},{"type":"Feature","geometry":{"type":"Point","coordinates":[-86.11588,42.75439]},"properties":{"id":"ora-mi-745","name":"US-31 @ Washington","state":"MI","provider":"Michigan DOT","hls":null,"snapshot":"https://micamerasimages.net/thumbs/internet_cam_170.flv.jpg","refreshMs":30000,"attribution":"Ora (Warner Varnado) · Michigan DOT"}},{"type":"Feature","geometry":{"type":"Point","coordinates":[-86.11857,42.75123]},"properties":{"id":"ora-mi-746","name":"US-31 @ Washington","state":"MI","provider":"Michigan DOT","hls":null,"snapshot":"https://mdotjboss.state.mi.us/docs/drive/camfiles/rwis/2330.jpg","refreshMs":30000,"attribution":"Ora (Warner Varnado) · Michigan DOT"}},{"type":"Feature","geometry":{"type":"Point","coordinates":[-86.09677,42.76071]},"properties":{"id":"ora-mi-747","name":"US-31 @ M-40","state":"MI","provider":"Michigan DOT","hls":null,"snapshot":"https://micamerasimages.net/thumbs/internet_cam_167.flv.jpg","refreshMs":30000,"attribution":"Ora (Warner Varnado) · Michigan DOT"}},{"type":"Feature","geometry":{"type":"Point","coordinates":[-86.08132,42.77405]},"properties":{"id":"ora-mi-748","name":"US-31 @ S of 24th St","state":"MI","provider":"Michigan DOT","hls":null,"snapshot":"https://micamerasimages.net/thumbs/internet_cam_168.flv.jpg","refreshMs":30000,"attribution":"Ora (Warner Varnado) · Michigan DOT"}},{"type":"Feature","geometry":{"type":"Point","coordinates":[-86.08138,42.79695]},"properties":{"id":"ora-mi-749","name":"US-31 @ Chicago Dr","state":"MI","provider":"Michigan DOT","hls":null,"snapshot":"https://micamerasimages.net/thumbs/internet_cam_169.flv.jpg","refreshMs":30000,"attribution":"Ora (Warner Varnado) · Michigan DOT"}},{"type":"Feature","geometry":{"type":"Point","coordinates":[-86.181202,42.971789]},"properties":{"id":"ora-mi-750","name":"US-31 @ M-45","state":"MI","provider":"Michigan DOT","hls":null,"snapshot":"https://micamerasimages.net/thumbs/internet_cam_155.flv.jpg","refreshMs":30000,"attribution":"Ora (Warner Varnado) · Michigan DOT"}},{"type":"Feature","geometry":{"type":"Point","coordinates":[-86.21823,43.03009]},"properties":{"id":"ora-mi-751","name":"US-31 @ Hayes St","state":"MI","provider":"Michigan DOT","hls":null,"snapshot":"https://micamerasimages.net/thumbs/grand_cam_102.flv.jpg","refreshMs":30000,"attribution":"Ora (Warner Varnado) · Michigan DOT"}},{"type":"Feature","geometry":{"type":"Point","coordinates":[-86.22027,43.044697]},"properties":{"id":"ora-mi-752","name":"US-31 @ Robbins Rd","state":"MI","provider":"Michigan DOT","hls":null,"snapshot":"https://micamerasimages.net/thumbs/grand_cam_103.flv.jpg","refreshMs":30000,"attribution":"Ora (Warner Varnado) · Michigan DOT"}},{"type":"Feature","geometry":{"type":"Point","coordinates":[-86.220314,43.05177]},"properties":{"id":"ora-mi-753","name":"US-31 @ Taylor Ave","state":"MI","provider":"Michigan DOT","hls":null,"snapshot":"https://micamerasimages.net/thumbs/grand_cam_104.flv.jpg","refreshMs":30000,"attribution":"Ora (Warner Varnado) · Michigan DOT"}},{"type":"Feature","geometry":{"type":"Point","coordinates":[-86.220198,43.066617]},"properties":{"id":"ora-mi-754","name":"US-31 @ Jackson Ave","state":"MI","provider":"Michigan DOT","hls":null,"snapshot":"https://micamerasimages.net/thumbs/grand_cam_024.flv.jpg","refreshMs":30000,"attribution":"Ora (Warner Varnado) · Michigan DOT"}},{"type":"Feature","geometry":{"type":"Point","coordinates":[-86.22066,43.060863]},"properties":{"id":"ora-mi-755","name":"US-31 @ Washington Ave","state":"MI","provider":"Michigan DOT","hls":null,"snapshot":"https://micamerasimages.net/thumbs/grand_cam_105.flv.jpg","refreshMs":30000,"attribution":"Ora (Warner Varnado) · Michigan DOT"}},{"type":"Feature","geometry":{"type":"Point","coordinates":[-86.21656,43.076984]},"properties":{"id":"ora-mi-756","name":"US-31 @ M-104 (Savidge St)","state":"MI","provider":"Michigan DOT","hls":null,"snapshot":"https://micamerasimages.net/thumbs/grand_cam_026.flv.jpg","refreshMs":30000,"attribution":"Ora (Warner Varnado) · Michigan DOT"}},{"type":"Feature","geometry":{"type":"Point","coordinates":[-86.21111,43.09578]},"properties":{"id":"ora-mi-757","name":"US-31 @ Van Wagoner Rd","state":"MI","provider":"Michigan DOT","hls":null,"snapshot":"https://micamerasimages.net/thumbs/grand_cam_028.flv.jpg","refreshMs":30000,"attribution":"Ora (Warner Varnado) · Michigan DOT"}},{"type":"Feature","geometry":{"type":"Point","coordinates":[-86.21189,43.15444]},"properties":{"id":"ora-mi-758","name":"US-31 @ Sternberg","state":"MI","provider":"Michigan DOT","hls":null,"snapshot":"https://micamerasimages.net/thumbs/grand_cam_077.flv.jpg","refreshMs":30000,"attribution":"Ora (Warner Varnado) · Michigan DOT"}},{"type":"Feature","geometry":{"type":"Point","coordinates":[-86.20723,43.17072]},"properties":{"id":"ora-mi-759","name":"US-31 @ I-96","state":"MI","provider":"Michigan DOT","hls":null,"snapshot":"https://micamerasimages.net/thumbs/grand_cam_078.flv.jpg","refreshMs":30000,"attribution":"Ora (Warner Varnado) · Michigan DOT"}},{"type":"Feature","geometry":{"type":"Point","coordinates":[-86.20723,43.17172]},"properties":{"id":"ora-mi-760","name":"US-31 @ I-96 2","state":"MI","provider":"Michigan DOT","hls":null,"snapshot":"https://micamerasimages.net/thumbs/grand_cam_079.flv.jpg","refreshMs":30000,"attribution":"Ora (Warner Varnado) · Michigan DOT"}},{"type":"Feature","geometry":{"type":"Point","coordinates":[-86.20533,43.18673]},"properties":{"id":"ora-mi-761","name":"US-31 @ Broadway","state":"MI","provider":"Michigan DOT","hls":null,"snapshot":"https://micamerasimages.net/thumbs/grand_cam_080.flv.jpg","refreshMs":30000,"attribution":"Ora (Warner Varnado) · Michigan DOT"}},{"type":"Feature","geometry":{"type":"Point","coordinates":[-86.20503,43.21867]},"properties":{"id":"ora-mi-762","name":"US-31 @ E Laketon","state":"MI","provider":"Michigan DOT","hls":null,"snapshot":"https://micamerasimages.net/thumbs/grand_cam_081.flv.jpg","refreshMs":30000,"attribution":"Ora (Warner Varnado) · Michigan DOT"}},{"type":"Feature","geometry":{"type":"Point","coordinates":[-86.20451,43.25073]},"properties":{"id":"ora-mi-763","name":"US-31 @ Business US31","state":"MI","provider":"Michigan DOT","hls":null,"snapshot":"https://micamerasimages.net/thumbs/grand_cam_082.flv.jpg","refreshMs":30000,"attribution":"Ora (Warner Varnado) · Michigan DOT"}},{"type":"Feature","geometry":{"type":"Point","coordinates":[-86.20686,43.25758]},"properties":{"id":"ora-mi-764","name":"US-31 @ Business US31","state":"MI","provider":"Michigan DOT","hls":null,"snapshot":"https://micamerasimages.net/thumbs/grand_cam_084.flv.jpg","refreshMs":30000,"attribution":"Ora (Warner Varnado) · Michigan DOT"}},{"type":"Feature","geometry":{"type":"Point","coordinates":[-86.20686,43.25658]},"properties":{"id":"ora-mi-765","name":"US-31 @ Business US31","state":"MI","provider":"Michigan DOT","hls":null,"snapshot":"https://micamerasimages.net/thumbs/grand_cam_083.flv.jpg","refreshMs":30000,"attribution":"Ora (Warner Varnado) · Michigan DOT"}},{"type":"Feature","geometry":{"type":"Point","coordinates":[-86.20901,43.29254]},"properties":{"id":"ora-mi-766","name":"US-31 @ M120","state":"MI","provider":"Michigan DOT","hls":null,"snapshot":"https://micamerasimages.net/thumbs/grand_cam_085.flv.jpg","refreshMs":30000,"attribution":"Ora (Warner Varnado) · Michigan DOT"}},{"type":"Feature","geometry":{"type":"Point","coordinates":[-86.314595,43.410107]},"properties":{"id":"ora-mi-767","name":"US-31 @ US-31 Bus","state":"MI","provider":"Michigan DOT","hls":null,"snapshot":"https://micamerasimages.net/thumbs/internet_cam_156.flv.jpg","refreshMs":30000,"attribution":"Ora (Warner Varnado) · Michigan DOT"}},{"type":"Feature","geometry":{"type":"Point","coordinates":[-86.39146,43.557586]},"properties":{"id":"ora-mi-768","name":"US-31 @ M-20","state":"MI","provider":"Michigan DOT","hls":null,"snapshot":"https://micamerasimages.net/thumbs/internet_cam_157.flv.jpg","refreshMs":30000,"attribution":"Ora (Warner Varnado) · Michigan DOT"}},{"type":"Feature","geometry":{"type":"Point","coordinates":[-85.64577,44.722649]},"properties":{"id":"ora-mi-769","name":"US-31 @ S Airport Rd W","state":"MI","provider":"Michigan DOT","hls":null,"snapshot":"https://micamerasimages.net/thumbs/stoc_cam_070.flv.jpg","refreshMs":30000,"attribution":"Ora (Warner Varnado) · Michigan DOT"}},{"type":"Feature","geometry":{"type":"Point","coordinates":[-85.63531,44.75178]},"properties":{"id":"ora-mi-770","name":"US-31 @ 14th","state":"MI","provider":"Michigan DOT","hls":null,"snapshot":"https://micamerasimages.net/thumbs/stoc_cam_071.flv.jpg","refreshMs":30000,"attribution":"Ora (Warner Varnado) · Michigan DOT"}},{"type":"Feature","geometry":{"type":"Point","coordinates":[-85.63465,44.76896]},"properties":{"id":"ora-mi-771","name":"US-31 @ Grandview Pkwy","state":"MI","provider":"Michigan DOT","hls":null,"snapshot":"https://micamerasimages.net/thumbs/stoc_cam_073.flv.jpg","refreshMs":30000,"attribution":"Ora (Warner Varnado) · Michigan DOT"}},{"type":"Feature","geometry":{"type":"Point","coordinates":[-85.55761,44.74908]},"properties":{"id":"ora-mi-772","name":"US-31 @ 3 Mile","state":"MI","provider":"Michigan DOT","hls":null,"snapshot":"https://micamerasimages.net/thumbs/stoc_cam_074.flv.jpg","refreshMs":30000,"attribution":"Ora (Warner Varnado) · Michigan DOT"}},{"type":"Feature","geometry":{"type":"Point","coordinates":[-85.519543,44.755611]},"properties":{"id":"ora-mi-773","name":"US-31 @ 4150FT East of Holiday Rd","state":"MI","provider":"Michigan DOT","hls":null,"snapshot":"https://mdotjboss.state.mi.us/docs/drive/camfiles/rwis/2796.jpg","refreshMs":30000,"attribution":"Ora (Warner Varnado) · Michigan DOT"}},{"type":"Feature","geometry":{"type":"Point","coordinates":[-85.50059,44.77323]},"properties":{"id":"ora-mi-774","name":"US-31 @ M72 N Junction","state":"MI","provider":"Michigan DOT","hls":null,"snapshot":"https://micamerasimages.net/thumbs/stoc_cam_075.flv.jpg","refreshMs":30000,"attribution":"Ora (Warner Varnado) · Michigan DOT"}},{"type":"Feature","geometry":{"type":"Point","coordinates":[-88.277475,47.388784]},"properties":{"id":"ora-mi-775","name":"US-41 @ M-26","state":"MI","provider":"Michigan DOT","hls":null,"snapshot":"https://mdotjboss.state.mi.us/docs/drive/camfiles/rwis/2068.jpg","refreshMs":30000,"attribution":"Ora (Warner Varnado) · Michigan DOT"}},{"type":"Feature","geometry":{"type":"Point","coordinates":[-87.1174,46.272117]},"properties":{"id":"ora-mi-776","name":"US-41 @ Marquette/Alger County Line","state":"MI","provider":"Michigan DOT","hls":null,"snapshot":"https://mdotjboss.state.mi.us/docs/drive/camfiles/rwis/745.jpg","refreshMs":30000,"attribution":"Ora (Warner Varnado) · Michigan DOT"}},{"type":"Feature","geometry":{"type":"Point","coordinates":[-87.07607,45.794878]},"properties":{"id":"ora-mi-777","name":"US-41 @ Northeast of the Escanaba River","state":"MI","provider":"Michigan DOT","hls":null,"snapshot":"https://mdotjboss.state.mi.us/docs/drive/camfiles/rwis/754.jpg","refreshMs":30000,"attribution":"Ora (Warner Varnado) · Michigan DOT"}},{"type":"Feature","geometry":{"type":"Point","coordinates":[-88.458,47.21913]},"properties":{"id":"ora-mi-778","name":"US-41 @ Store St","state":"MI","provider":"Michigan DOT","hls":null,"snapshot":"https://mdotjboss.state.mi.us/docs/drive/camfiles/rwis/740.jpg","refreshMs":30000,"attribution":"Ora (Warner Varnado) · Michigan DOT"}},{"type":"Feature","geometry":{"type":"Point","coordinates":[-87.527814,46.534641]},"properties":{"id":"ora-mi-779","name":"US-41 @ Negaunee","state":"MI","provider":"Michigan DOT","hls":null,"snapshot":"https://mdotjboss.state.mi.us/docs/drive/camfiles/rwis/750.jpg","refreshMs":30000,"attribution":"Ora (Warner Varnado) · Michigan DOT"}},{"type":"Feature","geometry":{"type":"Point","coordinates":[-88.45303,46.95345]},"properties":{"id":"ora-mi-780","name":"US-41 @ Houghton/Baraga County Line","state":"MI","provider":"Michigan DOT","hls":null,"snapshot":"https://mdotjboss.state.mi.us/docs/drive/camfiles/rwis/749.jpg","refreshMs":30000,"attribution":"Ora (Warner Varnado) · Michigan DOT"}},{"type":"Feature","geometry":{"type":"Point","coordinates":[-86.979975,46.158473]},"properties":{"id":"ora-mi-781","name":"US-41 @ Trenary","state":"MI","provider":"Michigan DOT","hls":null,"snapshot":"https://mdotjboss.state.mi.us/docs/drive/camfiles/rwis/744.jpg","refreshMs":30000,"attribution":"Ora (Warner Varnado) · Michigan DOT"}},{"type":"Feature","geometry":{"type":"Point","coordinates":[-89.150894,46.72489]},"properties":{"id":"ora-mi-782","name":"US-45 @ US-45/M-26","state":"MI","provider":"Michigan DOT","hls":null,"snapshot":"https://mdotjboss.state.mi.us/docs/drive/camfiles/rwis/738.jpg","refreshMs":30000,"attribution":"Ora (Warner Varnado) · Michigan DOT"}}]}