{"type":"FeatureCollection","features":[{"type":"Feature","geometry":{"type":"Point","coordinates":[-92.95908,44.94914]},"properties":{"id":"ora-mn-0","name":"I-694: I-94 WB E Jct I-494","state":"MN","provider":"Minnesota DOT","hls":"https://video.dot.state.mn.us/public/C861.stream/playlist.m3u8","snapshot":"https://public.carsprogram.org/cameras/MN/C861","refreshMs":30000,"attribution":"Ora (Warner Varnado) · Minnesota DOT"}},{"type":"Feature","geometry":{"type":"Point","coordinates":[-92.95861,44.96311]},"properties":{"id":"ora-mn-1","name":"I-694: I-694 NB @ 10th St","state":"MN","provider":"Minnesota DOT","hls":"https://video.dot.state.mn.us/public/C725.stream/playlist.m3u8","snapshot":"https://public.carsprogram.org/cameras/MN/C725","refreshMs":30000,"attribution":"Ora (Warner Varnado) · Minnesota DOT"}},{"type":"Feature","geometry":{"type":"Point","coordinates":[-92.9589,44.97036]},"properties":{"id":"ora-mn-2","name":"I-694: I-694 NB @ 15th St N","state":"MN","provider":"Minnesota DOT","hls":"https://video.dot.state.mn.us/public/C724.stream/playlist.m3u8","snapshot":"https://public.carsprogram.org/cameras/MN/C724","refreshMs":30000,"attribution":"Ora (Warner Varnado) · Minnesota DOT"}},{"type":"Feature","geometry":{"type":"Point","coordinates":[-92.96077,44.98726]},"properties":{"id":"ora-mn-3","name":"I-694: I-694 SB @ Stillwater Blvd","state":"MN","provider":"Minnesota DOT","hls":"https://video.dot.state.mn.us/public/C723.stream/playlist.m3u8","snapshot":"https://public.carsprogram.org/cameras/MN/C723","refreshMs":30000,"attribution":"Ora (Warner Varnado) · Minnesota DOT"}},{"type":"Feature","geometry":{"type":"Point","coordinates":[-92.95961,44.99733]},"properties":{"id":"ora-mn-4","name":"I-694: Co Rd 14 EB @ I-694","state":"MN","provider":"Minnesota DOT","hls":"https://video.dot.state.mn.us/public/C30485.stream/playlist.m3u8","snapshot":"https://public.carsprogram.org/cameras/MN/C30485","refreshMs":30000,"attribution":"Ora (Warner Varnado) · Minnesota DOT"}},{"type":"Feature","geometry":{"type":"Point","coordinates":[-92.95941,44.99807]},"properties":{"id":"ora-mn-5","name":"I-694: I-694 NB @ Co Rd 14 (34th St)","state":"MN","provider":"Minnesota DOT","hls":"https://video.dot.state.mn.us/public/C722.stream/playlist.m3u8","snapshot":"https://public.carsprogram.org/cameras/MN/C722","refreshMs":30000,"attribution":"Ora (Warner Varnado) · Minnesota DOT"}},{"type":"Feature","geometry":{"type":"Point","coordinates":[-92.95941,44.99808]},"properties":{"id":"ora-mn-6","name":"I-694: Co Rd 14 WB @ I-694","state":"MN","provider":"Minnesota DOT","hls":"https://video.dot.state.mn.us/public/C30484.stream/playlist.m3u8","snapshot":"https://public.carsprogram.org/cameras/MN/C30484","refreshMs":30000,"attribution":"Ora (Warner Varnado) · Minnesota DOT"}},{"type":"Feature","geometry":{"type":"Point","coordinates":[-92.95794,45.00675]},"properties":{"id":"ora-mn-7","name":"I-694: I-694 NB @ 40th St","state":"MN","provider":"Minnesota DOT","hls":"https://video.dot.state.mn.us/public/C721.stream/playlist.m3u8","snapshot":"https://public.carsprogram.org/cameras/MN/C721","refreshMs":30000,"attribution":"Ora (Warner Varnado) · Minnesota DOT"}},{"type":"Feature","geometry":{"type":"Point","coordinates":[-92.95931,45.0187]},"properties":{"id":"ora-mn-8","name":"I-694: I-694 NB @ 50th St","state":"MN","provider":"Minnesota DOT","hls":"https://video.dot.state.mn.us/public/C720.stream/playlist.m3u8","snapshot":"https://public.carsprogram.org/cameras/MN/C720","refreshMs":30000,"attribution":"Ora (Warner Varnado) · Minnesota DOT"}},{"type":"Feature","geometry":{"type":"Point","coordinates":[-92.96252,45.02994]},"properties":{"id":"ora-mn-9","name":"I-694: I-694 WB @ T.H.36 WB","state":"MN","provider":"Minnesota DOT","hls":"https://video.dot.state.mn.us/public/C719.stream/playlist.m3u8","snapshot":"https://public.carsprogram.org/cameras/MN/C719","refreshMs":30000,"attribution":"Ora (Warner Varnado) · Minnesota DOT"}},{"type":"Feature","geometry":{"type":"Point","coordinates":[-93.00231,45.03629]},"properties":{"id":"ora-mn-10","name":"I-694: I-694 WB @ McKnight Rd","state":"MN","provider":"Minnesota DOT","hls":"https://video.dot.state.mn.us/public/C717.stream/playlist.m3u8","snapshot":"https://public.carsprogram.org/cameras/MN/C717","refreshMs":30000,"attribution":"Ora (Warner Varnado) · Minnesota DOT"}},{"type":"Feature","geometry":{"type":"Point","coordinates":[-93.01812,45.03719]},"properties":{"id":"ora-mn-11","name":"I-694: I-694 WB @ White Bear Ave","state":"MN","provider":"Minnesota DOT","hls":"https://video.dot.state.mn.us/public/C716.stream/playlist.m3u8","snapshot":"https://public.carsprogram.org/cameras/MN/C716","refreshMs":30000,"attribution":"Ora (Warner Varnado) · Minnesota DOT"}},{"type":"Feature","geometry":{"type":"Point","coordinates":[-93.04302,45.03741]},"properties":{"id":"ora-mn-12","name":"I-694: I-694 EB @ T.H.61","state":"MN","provider":"Minnesota DOT","hls":"https://video.dot.state.mn.us/public/C715.stream/playlist.m3u8","snapshot":"https://public.carsprogram.org/cameras/MN/C715","refreshMs":30000,"attribution":"Ora (Warner Varnado) · Minnesota DOT"}},{"type":"Feature","geometry":{"type":"Point","coordinates":[-93.09948,45.04111]},"properties":{"id":"ora-mn-13","name":"I-694: I-694 EB E of Rice St","state":"MN","provider":"Minnesota DOT","hls":"https://video.dot.state.mn.us/public/C30602.stream/playlist.m3u8","snapshot":"https://public.carsprogram.org/cameras/MN/C30602","refreshMs":30000,"attribution":"Ora (Warner Varnado) · Minnesota DOT"}},{"type":"Feature","geometry":{"type":"Point","coordinates":[-93.10379,45.04344]},"properties":{"id":"ora-mn-14","name":"I-694: I-694 EB @ Rice St","state":"MN","provider":"Minnesota DOT","hls":"https://video.dot.state.mn.us/public/C711.stream/playlist.m3u8","snapshot":"https://public.carsprogram.org/cameras/MN/C711","refreshMs":30000,"attribution":"Ora (Warner Varnado) · Minnesota DOT"}},{"type":"Feature","geometry":{"type":"Point","coordinates":[-93.11419,45.04959]},"properties":{"id":"ora-mn-15","name":"I-694: I-694 WB W of Rice St","state":"MN","provider":"Minnesota DOT","hls":"https://video.dot.state.mn.us/public/C710.stream/playlist.m3u8","snapshot":"https://public.carsprogram.org/cameras/MN/C710","refreshMs":30000,"attribution":"Ora (Warner Varnado) · Minnesota DOT"}},{"type":"Feature","geometry":{"type":"Point","coordinates":[-93.13155,45.05617]},"properties":{"id":"ora-mn-16","name":"I-694: I-694 EB @ Victoria St","state":"MN","provider":"Minnesota DOT","hls":"https://video.dot.state.mn.us/public/C709.stream/playlist.m3u8","snapshot":"https://public.carsprogram.org/cameras/MN/C709","refreshMs":30000,"attribution":"Ora (Warner Varnado) · Minnesota DOT"}},{"type":"Feature","geometry":{"type":"Point","coordinates":[-93.14723,45.05956]},"properties":{"id":"ora-mn-17","name":"I-694: I-694 EB @ Lexington Ave","state":"MN","provider":"Minnesota DOT","hls":"https://video.dot.state.mn.us/public/C708.stream/playlist.m3u8","snapshot":"https://public.carsprogram.org/cameras/MN/C708","refreshMs":30000,"attribution":"Ora (Warner Varnado) · Minnesota DOT"}},{"type":"Feature","geometry":{"type":"Point","coordinates":[-93.14769,45.05966]},"properties":{"id":"ora-mn-18","name":"I-694: I-694 WB @ Lexington Ave","state":"MN","provider":"Minnesota DOT","hls":"https://video.dot.state.mn.us/public/C30517.stream/playlist.m3u8","snapshot":"https://public.carsprogram.org/cameras/MN/C30517","refreshMs":30000,"attribution":"Ora (Warner Varnado) · Minnesota DOT"}},{"type":"Feature","geometry":{"type":"Point","coordinates":[-93.1586,45.06169]},"properties":{"id":"ora-mn-19","name":"I-694: I-694 WB @ Snelling Ave","state":"MN","provider":"Minnesota DOT","hls":"https://video.dot.state.mn.us/public/C7071.stream/playlist.m3u8","snapshot":"https://public.carsprogram.org/cameras/MN/C7071","refreshMs":30000,"attribution":"Ora (Warner Varnado) · Minnesota DOT"}},{"type":"Feature","geometry":{"type":"Point","coordinates":[-93.16672,45.06623]},"properties":{"id":"ora-mn-20","name":"I-694: I-694 WB @ T.H.10","state":"MN","provider":"Minnesota DOT","hls":"https://video.dot.state.mn.us/public/C707.stream/playlist.m3u8","snapshot":"https://public.carsprogram.org/cameras/MN/C707","refreshMs":30000,"attribution":"Ora (Warner Varnado) · Minnesota DOT"}},{"type":"Feature","geometry":{"type":"Point","coordinates":[-93.18389,45.06701]},"properties":{"id":"ora-mn-21","name":"I-694: I-694 EB @ I-35W NB","state":"MN","provider":"Minnesota DOT","hls":"https://video.dot.state.mn.us/public/C706.stream/playlist.m3u8","snapshot":"https://public.carsprogram.org/cameras/MN/C706","refreshMs":30000,"attribution":"Ora (Warner Varnado) · Minnesota DOT"}},{"type":"Feature","geometry":{"type":"Point","coordinates":[-93.19306,45.06667]},"properties":{"id":"ora-mn-22","name":"I-694: I-694 WB @ 5th Ave","state":"MN","provider":"Minnesota DOT","hls":"https://video.dot.state.mn.us/public/C705.stream/playlist.m3u8","snapshot":"https://public.carsprogram.org/cameras/MN/C705","refreshMs":30000,"attribution":"Ora (Warner Varnado) · Minnesota DOT"}},{"type":"Feature","geometry":{"type":"Point","coordinates":[-93.21782,45.06445]},"properties":{"id":"ora-mn-23","name":"I-694: I-694 EB @ Silver Lake Rd NB","state":"MN","provider":"Minnesota DOT","hls":"https://video.dot.state.mn.us/public/C30239.stream/playlist.m3u8","snapshot":"https://public.carsprogram.org/cameras/MN/C30239","refreshMs":30000,"attribution":"Ora (Warner Varnado) · Minnesota DOT"}},{"type":"Feature","geometry":{"type":"Point","coordinates":[-93.218,45.06445]},"properties":{"id":"ora-mn-24","name":"I-694: I-694 WB @ Silver Lake Rd NB","state":"MN","provider":"Minnesota DOT","hls":"https://video.dot.state.mn.us/public/C30240.stream/playlist.m3u8","snapshot":"https://public.carsprogram.org/cameras/MN/C30240","refreshMs":30000,"attribution":"Ora (Warner Varnado) · Minnesota DOT"}},{"type":"Feature","geometry":{"type":"Point","coordinates":[-93.21861,45.06445]},"properties":{"id":"ora-mn-25","name":"I-694: I-694 EB @ Silver Lake Rd","state":"MN","provider":"Minnesota DOT","hls":"https://video.dot.state.mn.us/public/C704.stream/playlist.m3u8","snapshot":"https://public.carsprogram.org/cameras/MN/C704","refreshMs":30000,"attribution":"Ora (Warner Varnado) · Minnesota DOT"}},{"type":"Feature","geometry":{"type":"Point","coordinates":[-93.23631,45.06602]},"properties":{"id":"ora-mn-26","name":"I-694: I-694 WB @ Matterhorn Dr","state":"MN","provider":"Minnesota DOT","hls":"https://video.dot.state.mn.us/public/C30565.stream/playlist.m3u8","snapshot":"https://public.carsprogram.org/cameras/MN/C30565","refreshMs":30000,"attribution":"Ora (Warner Varnado) · Minnesota DOT"}},{"type":"Feature","geometry":{"type":"Point","coordinates":[-93.24303,45.06689]},"properties":{"id":"ora-mn-27","name":"I-694: I-694 EB @ T.H.65","state":"MN","provider":"Minnesota DOT","hls":"https://video.dot.state.mn.us/public/C703.stream/playlist.m3u8","snapshot":"https://public.carsprogram.org/cameras/MN/C703","refreshMs":30000,"attribution":"Ora (Warner Varnado) · Minnesota DOT"}},{"type":"Feature","geometry":{"type":"Point","coordinates":[-93.26802,45.06861]},"properties":{"id":"ora-mn-28","name":"I-694: I-694 EB @ Main St (W of Hwy 47)","state":"MN","provider":"Minnesota DOT","hls":"https://video.dot.state.mn.us/public/C702.stream/playlist.m3u8","snapshot":"https://public.carsprogram.org/cameras/MN/C702","refreshMs":30000,"attribution":"Ora (Warner Varnado) · Minnesota DOT"}},{"type":"Feature","geometry":{"type":"Point","coordinates":[-93.27844,45.06907]},"properties":{"id":"ora-mn-29","name":"I-694: I-694 WB @ East River Rd NB","state":"MN","provider":"Minnesota DOT","hls":"https://video.dot.state.mn.us/public/C30081.stream/playlist.m3u8","snapshot":"https://public.carsprogram.org/cameras/MN/C30081","refreshMs":30000,"attribution":"Ora (Warner Varnado) · Minnesota DOT"}},{"type":"Feature","geometry":{"type":"Point","coordinates":[-93.28831,45.06952]},"properties":{"id":"ora-mn-30","name":"I-694: I-694 WB W of T.H.252","state":"MN","provider":"Minnesota DOT","hls":"https://video.dot.state.mn.us/public/C701.stream/playlist.m3u8","snapshot":"https://public.carsprogram.org/cameras/MN/C701","refreshMs":30000,"attribution":"Ora (Warner Varnado) · Minnesota DOT"}},{"type":"Feature","geometry":{"type":"Point","coordinates":[-92.10552,46.75578]},"properties":{"id":"ora-mn-31","name":"I-535: I-535 SB @ Garfield Ave","state":"MN","provider":"Minnesota DOT","hls":"https://video.dot.state.mn.us/public/C535-146.stream/playlist.m3u8","snapshot":"https://public.carsprogram.org/cameras/MN/C535-146","refreshMs":30000,"attribution":"Ora (Warner Varnado) · Minnesota DOT"}},{"type":"Feature","geometry":{"type":"Point","coordinates":[-92.10544,46.75572]},"properties":{"id":"ora-mn-32","name":"I-535: I-535 NB @ Garfield Ave","state":"MN","provider":"Minnesota DOT","hls":"https://video.dot.state.mn.us/public/C535-145.stream/playlist.m3u8","snapshot":"https://public.carsprogram.org/cameras/MN/C535-145","refreshMs":30000,"attribution":"Ora (Warner Varnado) · Minnesota DOT"}},{"type":"Feature","geometry":{"type":"Point","coordinates":[-92.10077,46.74932]},"properties":{"id":"ora-mn-33","name":"I-535: I-535 NB (Blatnik Bridge)","state":"MN","provider":"Minnesota DOT","hls":null,"snapshot":"https://public.carsprogram.org/cameras/MN/C535-159?1783724040000","refreshMs":30000,"attribution":"Ora (Warner Varnado) · Minnesota DOT"}},{"type":"Feature","geometry":{"type":"Point","coordinates":[-93.17731,44.86134]},"properties":{"id":"ora-mn-34","name":"I-494: I-494 EB @ T.H.13","state":"MN","provider":"Minnesota DOT","hls":"https://video.dot.state.mn.us/public/C30481.stream/playlist.m3u8","snapshot":"https://public.carsprogram.org/cameras/MN/C30481","refreshMs":30000,"attribution":"Ora (Warner Varnado) · Minnesota DOT"}},{"type":"Feature","geometry":{"type":"Point","coordinates":[-93.1669,44.86127]},"properties":{"id":"ora-mn-35","name":"I-494: I-494 EB @ Pilot Knob Rd","state":"MN","provider":"Minnesota DOT","hls":"https://video.dot.state.mn.us/public/C414.stream/playlist.m3u8","snapshot":"https://public.carsprogram.org/cameras/MN/C414","refreshMs":30000,"attribution":"Ora (Warner Varnado) · Minnesota DOT"}},{"type":"Feature","geometry":{"type":"Point","coordinates":[-93.14606,44.86291]},"properties":{"id":"ora-mn-36","name":"I-494: I-35E SB @ I-494 WB","state":"MN","provider":"Minnesota DOT","hls":"https://video.dot.state.mn.us/public/C021.stream/playlist.m3u8","snapshot":"https://public.carsprogram.org/cameras/MN/C021","refreshMs":30000,"attribution":"Ora (Warner Varnado) · Minnesota DOT"}},{"type":"Feature","geometry":{"type":"Point","coordinates":[-93.10534,44.86097]},"properties":{"id":"ora-mn-37","name":"I-494: I-494 EB @ Delaware Ave","state":"MN","provider":"Minnesota DOT","hls":"https://video.dot.state.mn.us/public/C411.stream/playlist.m3u8","snapshot":"https://public.carsprogram.org/cameras/MN/C411","refreshMs":30000,"attribution":"Ora (Warner Varnado) · Minnesota DOT"}},{"type":"Feature","geometry":{"type":"Point","coordinates":[-93.09284,44.86225]},"properties":{"id":"ora-mn-38","name":"I-494: I-494 EB @ Pieper Rd","state":"MN","provider":"Minnesota DOT","hls":"https://video.dot.state.mn.us/public/C410.stream/playlist.m3u8","snapshot":"https://public.carsprogram.org/cameras/MN/C410","refreshMs":30000,"attribution":"Ora (Warner Varnado) · Minnesota DOT"}},{"type":"Feature","geometry":{"type":"Point","coordinates":[-93.05241,44.87491]},"properties":{"id":"ora-mn-39","name":"I-494: I-494 EB @ Blaine Ave","state":"MN","provider":"Minnesota DOT","hls":"https://video.dot.state.mn.us/public/C408.stream/playlist.m3u8","snapshot":"https://public.carsprogram.org/cameras/MN/C408","refreshMs":30000,"attribution":"Ora (Warner Varnado) · Minnesota DOT"}},{"type":"Feature","geometry":{"type":"Point","coordinates":[-93.04229,44.87466]},"properties":{"id":"ora-mn-40","name":"I-494: I-494 EB @ 7th Ave","state":"MN","provider":"Minnesota DOT","hls":"https://video.dot.state.mn.us/public/C4071.stream/playlist.m3u8","snapshot":"https://public.carsprogram.org/cameras/MN/C4071","refreshMs":30000,"attribution":"Ora (Warner Varnado) · Minnesota DOT"}},{"type":"Feature","geometry":{"type":"Point","coordinates":[-93.03559,44.87465]},"properties":{"id":"ora-mn-41","name":"I-494: I-494 EB W of Concord St","state":"MN","provider":"Minnesota DOT","hls":"https://video.dot.state.mn.us/public/C407.stream/playlist.m3u8","snapshot":"https://public.carsprogram.org/cameras/MN/C407","refreshMs":30000,"attribution":"Ora (Warner Varnado) · Minnesota DOT"}},{"type":"Feature","geometry":{"type":"Point","coordinates":[-93.02158,44.8821]},"properties":{"id":"ora-mn-42","name":"I-494: I-494 WB @ Hardman Ave","state":"MN","provider":"Minnesota DOT","hls":"https://video.dot.state.mn.us/public/C406.stream/playlist.m3u8","snapshot":"https://public.carsprogram.org/cameras/MN/C406","refreshMs":30000,"attribution":"Ora (Warner Varnado) · Minnesota DOT"}},{"type":"Feature","geometry":{"type":"Point","coordinates":[-93.00892,44.88427]},"properties":{"id":"ora-mn-43","name":"I-494: I-494 WB @ Maxwell Ave","state":"MN","provider":"Minnesota DOT","hls":"https://video.dot.state.mn.us/public/C405.stream/playlist.m3u8","snapshot":"https://public.carsprogram.org/cameras/MN/C405","refreshMs":30000,"attribution":"Ora (Warner Varnado) · Minnesota DOT"}},{"type":"Feature","geometry":{"type":"Point","coordinates":[-93.00384,44.88617]},"properties":{"id":"ora-mn-44","name":"I-494: I-494 WB @ T.H.61","state":"MN","provider":"Minnesota DOT","hls":"https://video.dot.state.mn.us/public/C404.stream/playlist.m3u8","snapshot":"https://public.carsprogram.org/cameras/MN/C404","refreshMs":30000,"attribution":"Ora (Warner Varnado) · Minnesota DOT"}},{"type":"Feature","geometry":{"type":"Point","coordinates":[-93.00172,44.8884]},"properties":{"id":"ora-mn-45","name":"I-494: I-494 WB @ Bailey Rd","state":"MN","provider":"Minnesota DOT","hls":"https://video.dot.state.mn.us/public/C403.stream/playlist.m3u8","snapshot":"https://public.carsprogram.org/cameras/MN/C403","refreshMs":30000,"attribution":"Ora (Warner Varnado) · Minnesota DOT"}},{"type":"Feature","geometry":{"type":"Point","coordinates":[-92.99441,44.90181]},"properties":{"id":"ora-mn-46","name":"I-494: I-494 WB @ Carver Ave","state":"MN","provider":"Minnesota DOT","hls":"https://video.dot.state.mn.us/public/C402.stream/playlist.m3u8","snapshot":"https://public.carsprogram.org/cameras/MN/C402","refreshMs":30000,"attribution":"Ora (Warner Varnado) · Minnesota DOT"}},{"type":"Feature","geometry":{"type":"Point","coordinates":[-92.98009,44.91566]},"properties":{"id":"ora-mn-47","name":"I-494: I-494 WB @ Lake Rd","state":"MN","provider":"Minnesota DOT","hls":"https://video.dot.state.mn.us/public/C401.stream/playlist.m3u8","snapshot":"https://public.carsprogram.org/cameras/MN/C401","refreshMs":30000,"attribution":"Ora (Warner Varnado) · Minnesota DOT"}},{"type":"Feature","geometry":{"type":"Point","coordinates":[-92.96912,44.92566]},"properties":{"id":"ora-mn-48","name":"I-494: I-494 EB @ Valley Creek Rd","state":"MN","provider":"Minnesota DOT","hls":"https://video.dot.state.mn.us/public/C400.stream/playlist.m3u8","snapshot":"https://public.carsprogram.org/cameras/MN/C400","refreshMs":30000,"attribution":"Ora (Warner Varnado) · Minnesota DOT"}},{"type":"Feature","geometry":{"type":"Point","coordinates":[-92.9606,44.93682]},"properties":{"id":"ora-mn-49","name":"I-494: I-494 EB @ Tamarack Rd","state":"MN","provider":"Minnesota DOT","hls":"https://video.dot.state.mn.us/public/C399.stream/playlist.m3u8","snapshot":"https://public.carsprogram.org/cameras/MN/C399","refreshMs":30000,"attribution":"Ora (Warner Varnado) · Minnesota DOT"}},{"type":"Feature","geometry":{"type":"Point","coordinates":[-93.44662,45.08071]},"properties":{"id":"ora-mn-50","name":"I-494: I-494 SB @ Fish Lake Rd","state":"MN","provider":"Minnesota DOT","hls":"https://video.dot.state.mn.us/public/C444.stream/playlist.m3u8","snapshot":"https://public.carsprogram.org/cameras/MN/C444","refreshMs":30000,"attribution":"Ora (Warner Varnado) · Minnesota DOT"}},{"type":"Feature","geometry":{"type":"Point","coordinates":[-93.44791,45.06615]},"properties":{"id":"ora-mn-51","name":"I-494: I-494 NB @ Bass Lake Rd","state":"MN","provider":"Minnesota DOT","hls":"https://video.dot.state.mn.us/public/C443.stream/playlist.m3u8","snapshot":"https://public.carsprogram.org/cameras/MN/C443","refreshMs":30000,"attribution":"Ora (Warner Varnado) · Minnesota DOT"}},{"type":"Feature","geometry":{"type":"Point","coordinates":[-93.45092,45.05801]},"properties":{"id":"ora-mn-52","name":"I-494: I-494 SB S of Bass Lake Rd","state":"MN","provider":"Minnesota DOT","hls":"https://video.dot.state.mn.us/public/C442.stream/playlist.m3u8","snapshot":"https://public.carsprogram.org/cameras/MN/C442","refreshMs":30000,"attribution":"Ora (Warner Varnado) · Minnesota DOT"}},{"type":"Feature","geometry":{"type":"Point","coordinates":[-93.45202,45.04917]},"properties":{"id":"ora-mn-53","name":"I-494: I-494 NB N of 49th Ave","state":"MN","provider":"Minnesota DOT","hls":"https://video.dot.state.mn.us/public/C441.stream/playlist.m3u8","snapshot":"https://public.carsprogram.org/cameras/MN/C441","refreshMs":30000,"attribution":"Ora (Warner Varnado) · Minnesota DOT"}},{"type":"Feature","geometry":{"type":"Point","coordinates":[-93.45259,45.04193]},"properties":{"id":"ora-mn-54","name":"I-494: I-494 SB @ 49th Ave","state":"MN","provider":"Minnesota DOT","hls":"https://video.dot.state.mn.us/public/C440.stream/playlist.m3u8","snapshot":"https://public.carsprogram.org/cameras/MN/C440","refreshMs":30000,"attribution":"Ora (Warner Varnado) · Minnesota DOT"}},{"type":"Feature","geometry":{"type":"Point","coordinates":[-93.45244,45.02922]},"properties":{"id":"ora-mn-55","name":"I-494: I-494 SB @ Rockford Rd WB","state":"MN","provider":"Minnesota DOT","hls":"https://video.dot.state.mn.us/public/C30103.stream/playlist.m3u8","snapshot":"https://public.carsprogram.org/cameras/MN/C30103","refreshMs":30000,"attribution":"Ora (Warner Varnado) · Minnesota DOT"}},{"type":"Feature","geometry":{"type":"Point","coordinates":[-93.45249,45.02845]},"properties":{"id":"ora-mn-56","name":"I-494: I-494 NB @ Rockford Rd","state":"MN","provider":"Minnesota DOT","hls":"https://video.dot.state.mn.us/public/C439.stream/playlist.m3u8","snapshot":"https://public.carsprogram.org/cameras/MN/C439","refreshMs":30000,"attribution":"Ora (Warner Varnado) · Minnesota DOT"}},{"type":"Feature","geometry":{"type":"Point","coordinates":[-93.45714,45.01299]},"properties":{"id":"ora-mn-57","name":"I-494: I-494 SB @ T.H.55 WB","state":"MN","provider":"Minnesota DOT","hls":"https://video.dot.state.mn.us/public/C438.stream/playlist.m3u8","snapshot":"https://public.carsprogram.org/cameras/MN/C438","refreshMs":30000,"attribution":"Ora (Warner Varnado) · Minnesota DOT"}},{"type":"Feature","geometry":{"type":"Point","coordinates":[-93.45802,44.99659]},"properties":{"id":"ora-mn-58","name":"I-494: I-494 NB @ Co Rd 6","state":"MN","provider":"Minnesota DOT","hls":"https://video.dot.state.mn.us/public/C437.stream/playlist.m3u8","snapshot":"https://public.carsprogram.org/cameras/MN/C437","refreshMs":30000,"attribution":"Ora (Warner Varnado) · Minnesota DOT"}},{"type":"Feature","geometry":{"type":"Point","coordinates":[-93.45973,44.9833]},"properties":{"id":"ora-mn-59","name":"I-494: I-494 SB @ Carlson Pkwy","state":"MN","provider":"Minnesota DOT","hls":"https://video.dot.state.mn.us/public/C436.stream/playlist.m3u8","snapshot":"https://public.carsprogram.org/cameras/MN/C436","refreshMs":30000,"attribution":"Ora (Warner Varnado) · Minnesota DOT"}},{"type":"Feature","geometry":{"type":"Point","coordinates":[-93.45846,44.94967]},"properties":{"id":"ora-mn-60","name":"I-494: I-494 SB @ Stone Rd","state":"MN","provider":"Minnesota DOT","hls":"https://video.dot.state.mn.us/public/C435.stream/playlist.m3u8","snapshot":"https://public.carsprogram.org/cameras/MN/C435","refreshMs":30000,"attribution":"Ora (Warner Varnado) · Minnesota DOT"}},{"type":"Feature","geometry":{"type":"Point","coordinates":[-93.45629,44.94255]},"properties":{"id":"ora-mn-61","name":"I-494: I-494 NB @ Minnetonka Blvd","state":"MN","provider":"Minnesota DOT","hls":"https://video.dot.state.mn.us/public/C30698.stream/playlist.m3u8","snapshot":"https://public.carsprogram.org/cameras/MN/C30698","refreshMs":30000,"attribution":"Ora (Warner Varnado) · Minnesota DOT"}},{"type":"Feature","geometry":{"type":"Point","coordinates":[-93.45662,44.93665]},"properties":{"id":"ora-mn-62","name":"I-494: I-494 SB S of Minnetonka Blvd","state":"MN","provider":"Minnesota DOT","hls":"https://video.dot.state.mn.us/public/C434.stream/playlist.m3u8","snapshot":"https://public.carsprogram.org/cameras/MN/C434","refreshMs":30000,"attribution":"Ora (Warner Varnado) · Minnesota DOT"}},{"type":"Feature","geometry":{"type":"Point","coordinates":[-93.4494,44.91444]},"properties":{"id":"ora-mn-63","name":"I-494: I-494 SB @ Excelsior Blvd","state":"MN","provider":"Minnesota DOT","hls":"https://video.dot.state.mn.us/public/C432.stream/playlist.m3u8","snapshot":"https://public.carsprogram.org/cameras/MN/C432","refreshMs":30000,"attribution":"Ora (Warner Varnado) · Minnesota DOT"}},{"type":"Feature","geometry":{"type":"Point","coordinates":[-93.4482,44.90554]},"properties":{"id":"ora-mn-64","name":"I-494: I-494 SB @ Baker Rd","state":"MN","provider":"Minnesota DOT","hls":"https://video.dot.state.mn.us/public/C431.stream/playlist.m3u8","snapshot":"https://public.carsprogram.org/cameras/MN/C431","refreshMs":30000,"attribution":"Ora (Warner Varnado) · Minnesota DOT"}},{"type":"Feature","geometry":{"type":"Point","coordinates":[-93.44331,44.89096]},"properties":{"id":"ora-mn-65","name":"I-494: T.H.62 EB @ I-494","state":"MN","provider":"Minnesota DOT","hls":"https://video.dot.state.mn.us/public/C123.stream/playlist.m3u8","snapshot":"https://public.carsprogram.org/cameras/MN/C123","refreshMs":30000,"attribution":"Ora (Warner Varnado) · Minnesota DOT"}},{"type":"Feature","geometry":{"type":"Point","coordinates":[-93.43613,44.87669]},"properties":{"id":"ora-mn-66","name":"I-494: I-494 SB N of Valley View Rd","state":"MN","provider":"Minnesota DOT","hls":"https://video.dot.state.mn.us/public/C430.stream/playlist.m3u8","snapshot":"https://public.carsprogram.org/cameras/MN/C430","refreshMs":30000,"attribution":"Ora (Warner Varnado) · Minnesota DOT"}},{"type":"Feature","geometry":{"type":"Point","coordinates":[-93.43236,44.86869]},"properties":{"id":"ora-mn-67","name":"I-494: I-494 SB @ Valley View Rd","state":"MN","provider":"Minnesota DOT","hls":"https://video.dot.state.mn.us/public/C429.stream/playlist.m3u8","snapshot":"https://public.carsprogram.org/cameras/MN/C429","refreshMs":30000,"attribution":"Ora (Warner Varnado) · Minnesota DOT"}},{"type":"Feature","geometry":{"type":"Point","coordinates":[-93.4246,44.86256]},"properties":{"id":"ora-mn-68","name":"I-494: I-494 EB @ Flying Cloud Dr","state":"MN","provider":"Minnesota DOT","hls":"https://video.dot.state.mn.us/public/C428.stream/playlist.m3u8","snapshot":"https://public.carsprogram.org/cameras/MN/C428","refreshMs":30000,"attribution":"Ora (Warner Varnado) · Minnesota DOT"}},{"type":"Feature","geometry":{"type":"Point","coordinates":[-93.4194,44.86058]},"properties":{"id":"ora-mn-69","name":"I-494: I-494 WB @ Prairie Center Dr NB","state":"MN","provider":"Minnesota DOT","hls":"https://video.dot.state.mn.us/public/C30211.stream/playlist.m3u8","snapshot":"https://public.carsprogram.org/cameras/MN/C30211","refreshMs":30000,"attribution":"Ora (Warner Varnado) · Minnesota DOT"}},{"type":"Feature","geometry":{"type":"Point","coordinates":[-93.39893,44.85952]},"properties":{"id":"ora-mn-70","name":"I-494: I-494 WB @ Washington Ave","state":"MN","provider":"Minnesota DOT","hls":"https://video.dot.state.mn.us/public/C4271.stream/playlist.m3u8","snapshot":"https://public.carsprogram.org/cameras/MN/C4271","refreshMs":30000,"attribution":"Ora (Warner Varnado) · Minnesota DOT"}},{"type":"Feature","geometry":{"type":"Point","coordinates":[-93.38282,44.86028]},"properties":{"id":"ora-mn-71","name":"I-494: I-494 WB @ W Bush Lake Rd","state":"MN","provider":"Minnesota DOT","hls":"https://video.dot.state.mn.us/public/C426.stream/playlist.m3u8","snapshot":"https://public.carsprogram.org/cameras/MN/C426","refreshMs":30000,"attribution":"Ora (Warner Varnado) · Minnesota DOT"}},{"type":"Feature","geometry":{"type":"Point","coordinates":[-93.36209,44.85968]},"properties":{"id":"ora-mn-72","name":"I-494: I-494 EB @ E Bush Lake Rd","state":"MN","provider":"Minnesota DOT","hls":"https://video.dot.state.mn.us/public/C425.stream/playlist.m3u8","snapshot":"https://public.carsprogram.org/cameras/MN/C425","refreshMs":30000,"attribution":"Ora (Warner Varnado) · Minnesota DOT"}},{"type":"Feature","geometry":{"type":"Point","coordinates":[-93.34943,44.85897]},"properties":{"id":"ora-mn-73","name":"I-494: I-494 EB @ T.H.100","state":"MN","provider":"Minnesota DOT","hls":"https://video.dot.state.mn.us/public/C424.stream/playlist.m3u8","snapshot":"https://public.carsprogram.org/cameras/MN/C424","refreshMs":30000,"attribution":"Ora (Warner Varnado) · Minnesota DOT"}},{"type":"Feature","geometry":{"type":"Point","coordinates":[-93.32868,44.85908]},"properties":{"id":"ora-mn-74","name":"I-494: I-494 EB @ France Ave","state":"MN","provider":"Minnesota DOT","hls":"https://video.dot.state.mn.us/public/C423.stream/playlist.m3u8","snapshot":"https://public.carsprogram.org/cameras/MN/C423","refreshMs":30000,"attribution":"Ora (Warner Varnado) · Minnesota DOT"}},{"type":"Feature","geometry":{"type":"Point","coordinates":[-93.30886,44.86203]},"properties":{"id":"ora-mn-75","name":"I-494: I-494 WB @ Penn Ave","state":"MN","provider":"Minnesota DOT","hls":"https://video.dot.state.mn.us/public/C422.stream/playlist.m3u8","snapshot":"https://public.carsprogram.org/cameras/MN/C422","refreshMs":30000,"attribution":"Ora (Warner Varnado) · Minnesota DOT"}},{"type":"Feature","geometry":{"type":"Point","coordinates":[-93.29993,44.8619]},"properties":{"id":"ora-mn-76","name":"I-494: I-494 EB @ I-35W SB","state":"MN","provider":"Minnesota DOT","hls":"https://video.dot.state.mn.us/public/C421.stream/playlist.m3u8","snapshot":"https://public.carsprogram.org/cameras/MN/C421","refreshMs":30000,"attribution":"Ora (Warner Varnado) · Minnesota DOT"}},{"type":"Feature","geometry":{"type":"Point","coordinates":[-93.29628,44.86189]},"properties":{"id":"ora-mn-77","name":"I-494: I-35W EB @ I-494 (35W NB @ 494)","state":"MN","provider":"Minnesota DOT","hls":null,"snapshot":"https://public.carsprogram.org/cameras/MN/C9004?1783724040000","refreshMs":30000,"attribution":"Ora (Warner Varnado) · Minnesota DOT"}},{"type":"Feature","geometry":{"type":"Point","coordinates":[-93.28846,44.86199]},"properties":{"id":"ora-mn-78","name":"I-494: I-494 WB @ Lyndale Ave","state":"MN","provider":"Minnesota DOT","hls":"https://video.dot.state.mn.us/public/C420.stream/playlist.m3u8","snapshot":"https://public.carsprogram.org/cameras/MN/C420","refreshMs":30000,"attribution":"Ora (Warner Varnado) · Minnesota DOT"}},{"type":"Feature","geometry":{"type":"Point","coordinates":[-93.26836,44.86221]},"properties":{"id":"ora-mn-79","name":"I-494: I-494 EB @ Portland Ave","state":"MN","provider":"Minnesota DOT","hls":"https://video.dot.state.mn.us/public/C419.stream/playlist.m3u8","snapshot":"https://public.carsprogram.org/cameras/MN/C419","refreshMs":30000,"attribution":"Ora (Warner Varnado) · Minnesota DOT"}},{"type":"Feature","geometry":{"type":"Point","coordinates":[-93.26827,44.86221]},"properties":{"id":"ora-mn-80","name":"I-494: I-494 EB @ Portland Ave SB (S Intersection)","state":"MN","provider":"Minnesota DOT","hls":"https://video.dot.state.mn.us/public/C30648.stream/playlist.m3u8","snapshot":"https://public.carsprogram.org/cameras/MN/C30648","refreshMs":30000,"attribution":"Ora (Warner Varnado) · Minnesota DOT"}},{"type":"Feature","geometry":{"type":"Point","coordinates":[-93.26821,44.86222]},"properties":{"id":"ora-mn-81","name":"I-494: I-494 WB @ Portland Ave N-S (N Intersection)","state":"MN","provider":"Minnesota DOT","hls":"https://video.dot.state.mn.us/public/C30647.stream/playlist.m3u8","snapshot":"https://public.carsprogram.org/cameras/MN/C30647","refreshMs":30000,"attribution":"Ora (Warner Varnado) · Minnesota DOT"}},{"type":"Feature","geometry":{"type":"Point","coordinates":[-93.25819,44.86228]},"properties":{"id":"ora-mn-82","name":"I-494: I-494 EB @ 12th Ave","state":"MN","provider":"Minnesota DOT","hls":"https://video.dot.state.mn.us/public/C418.stream/playlist.m3u8","snapshot":"https://public.carsprogram.org/cameras/MN/C418","refreshMs":30000,"attribution":"Ora (Warner Varnado) · Minnesota DOT"}},{"type":"Feature","geometry":{"type":"Point","coordinates":[-93.24786,44.86226]},"properties":{"id":"ora-mn-83","name":"I-494: I-494 WB @ T.H.77","state":"MN","provider":"Minnesota DOT","hls":"https://video.dot.state.mn.us/public/C417.stream/playlist.m3u8","snapshot":"https://public.carsprogram.org/cameras/MN/C417","refreshMs":30000,"attribution":"Ora (Warner Varnado) · Minnesota DOT"}},{"type":"Feature","geometry":{"type":"Point","coordinates":[-93.24012,44.86226]},"properties":{"id":"ora-mn-84","name":"I-494: I-494 WB @ 24th Ave","state":"MN","provider":"Minnesota DOT","hls":"https://video.dot.state.mn.us/public/C30513.stream/playlist.m3u8","snapshot":"https://public.carsprogram.org/cameras/MN/C30513","refreshMs":30000,"attribution":"Ora (Warner Varnado) · Minnesota DOT"}},{"type":"Feature","geometry":{"type":"Point","coordinates":[-93.23022,44.86226]},"properties":{"id":"ora-mn-85","name":"I-494: I-494 WB E of 24th Ave","state":"MN","provider":"Minnesota DOT","hls":"https://video.dot.state.mn.us/public/C416.stream/playlist.m3u8","snapshot":"https://public.carsprogram.org/cameras/MN/C416","refreshMs":30000,"attribution":"Ora (Warner Varnado) · Minnesota DOT"}},{"type":"Feature","geometry":{"type":"Point","coordinates":[-93.27427,44.98224]},"properties":{"id":"ora-mn-86","name":"I-394: I-394 WB @ 4th St","state":"MN","provider":"Minnesota DOT","hls":"https://video.dot.state.mn.us/public/C30692.stream/playlist.m3u8","snapshot":"https://public.carsprogram.org/cameras/MN/C30692","refreshMs":30000,"attribution":"Ora (Warner Varnado) · Minnesota DOT"}},{"type":"Feature","geometry":{"type":"Point","coordinates":[-93.27681,44.98062]},"properties":{"id":"ora-mn-87","name":"I-394: I-394 EB @ 7th St","state":"MN","provider":"Minnesota DOT","hls":"https://video.dot.state.mn.us/public/C920.stream/playlist.m3u8","snapshot":"https://public.carsprogram.org/cameras/MN/C920","refreshMs":30000,"attribution":"Ora (Warner Varnado) · Minnesota DOT"}},{"type":"Feature","geometry":{"type":"Point","coordinates":[-93.28065,44.97824]},"properties":{"id":"ora-mn-88","name":"I-394: I-394 WB @ Glenwood Ave","state":"MN","provider":"Minnesota DOT","hls":"https://video.dot.state.mn.us/public/C919.stream/playlist.m3u8","snapshot":"https://public.carsprogram.org/cameras/MN/C919","refreshMs":30000,"attribution":"Ora (Warner Varnado) · Minnesota DOT"}},{"type":"Feature","geometry":{"type":"Point","coordinates":[-93.28172,44.97579]},"properties":{"id":"ora-mn-89","name":"I-394: I-394 EB @ Linden Ave EB","state":"MN","provider":"Minnesota DOT","hls":"https://video.dot.state.mn.us/public/C9181.stream/playlist.m3u8","snapshot":"https://public.carsprogram.org/cameras/MN/C9181","refreshMs":30000,"attribution":"Ora (Warner Varnado) · Minnesota DOT"}},{"type":"Feature","geometry":{"type":"Point","coordinates":[-93.28704,44.97504]},"properties":{"id":"ora-mn-90","name":"I-394: I-94 WB @ I-394 EB","state":"MN","provider":"Minnesota DOT","hls":"https://video.dot.state.mn.us/public/C30714.stream/playlist.m3u8","snapshot":"https://public.carsprogram.org/cameras/MN/C30714","refreshMs":30000,"attribution":"Ora (Warner Varnado) · Minnesota DOT"}},{"type":"Feature","geometry":{"type":"Point","coordinates":[-93.28819,44.97492]},"properties":{"id":"ora-mn-91","name":"I-394: I-394 WB @ I-94","state":"MN","provider":"Minnesota DOT","hls":"https://video.dot.state.mn.us/public/C917.stream/playlist.m3u8","snapshot":"https://public.carsprogram.org/cameras/MN/C917","refreshMs":30000,"attribution":"Ora (Warner Varnado) · Minnesota DOT"}},{"type":"Feature","geometry":{"type":"Point","coordinates":[-93.28835,44.9749]},"properties":{"id":"ora-mn-92","name":"I-394: I-394 EB @ I-94 SB","state":"MN","provider":"Minnesota DOT","hls":"https://video.dot.state.mn.us/public/C918.stream/playlist.m3u8","snapshot":"https://public.carsprogram.org/cameras/MN/C918","refreshMs":30000,"attribution":"Ora (Warner Varnado) · Minnesota DOT"}},{"type":"Feature","geometry":{"type":"Point","coordinates":[-93.29569,44.97179]},"properties":{"id":"ora-mn-95","name":"I-394: I-394 WB @ Dunwoody Blvd","state":"MN","provider":"Minnesota DOT","hls":"https://video.dot.state.mn.us/public/C30597.stream/playlist.m3u8","snapshot":"https://public.carsprogram.org/cameras/MN/C30597","refreshMs":30000,"attribution":"Ora (Warner Varnado) · Minnesota DOT"}},{"type":"Feature","geometry":{"type":"Point","coordinates":[-93.30185,44.96933]},"properties":{"id":"ora-mn-96","name":"I-394: I-394 EB W of Dunwoody Blvd","state":"MN","provider":"Minnesota DOT","hls":"https://video.dot.state.mn.us/public/C916.stream/playlist.m3u8","snapshot":"https://public.carsprogram.org/cameras/MN/C916","refreshMs":30000,"attribution":"Ora (Warner Varnado) · Minnesota DOT"}},{"type":"Feature","geometry":{"type":"Point","coordinates":[-93.32399,44.97012]},"properties":{"id":"ora-mn-97","name":"I-394: I-394 EB W of Wirth Pkwy","state":"MN","provider":"Minnesota DOT","hls":"https://video.dot.state.mn.us/public/C914.stream/playlist.m3u8","snapshot":"https://public.carsprogram.org/cameras/MN/C914","refreshMs":30000,"attribution":"Ora (Warner Varnado) · Minnesota DOT"}},{"type":"Feature","geometry":{"type":"Point","coordinates":[-93.32774,44.97]},"properties":{"id":"ora-mn-98","name":"I-394: I-394 EB @ France Ave","state":"MN","provider":"Minnesota DOT","hls":"https://video.dot.state.mn.us/public/C913.stream/playlist.m3u8","snapshot":"https://public.carsprogram.org/cameras/MN/C913","refreshMs":30000,"attribution":"Ora (Warner Varnado) · Minnesota DOT"}},{"type":"Feature","geometry":{"type":"Point","coordinates":[-93.34291,44.9705]},"properties":{"id":"ora-mn-99","name":"I-394: I-394 EB W of T.H.100","state":"MN","provider":"Minnesota DOT","hls":"https://video.dot.state.mn.us/public/C911.stream/playlist.m3u8","snapshot":"https://public.carsprogram.org/cameras/MN/C911","refreshMs":30000,"attribution":"Ora (Warner Varnado) · Minnesota DOT"}},{"type":"Feature","geometry":{"type":"Point","coordinates":[-93.35132,44.97034]},"properties":{"id":"ora-mn-100","name":"I-394: I-394 EB @ Xenia Ave","state":"MN","provider":"Minnesota DOT","hls":"https://video.dot.state.mn.us/public/C910.stream/playlist.m3u8","snapshot":"https://public.carsprogram.org/cameras/MN/C910","refreshMs":30000,"attribution":"Ora (Warner Varnado) · Minnesota DOT"}},{"type":"Feature","geometry":{"type":"Point","coordinates":[-93.3652,44.97123]},"properties":{"id":"ora-mn-101","name":"I-394: I-394 EB @ Hampshire Ave","state":"MN","provider":"Minnesota DOT","hls":"https://video.dot.state.mn.us/public/C909.stream/playlist.m3u8","snapshot":"https://public.carsprogram.org/cameras/MN/C909","refreshMs":30000,"attribution":"Ora (Warner Varnado) · Minnesota DOT"}},{"type":"Feature","geometry":{"type":"Point","coordinates":[-93.37049,44.97121]},"properties":{"id":"ora-mn-102","name":"I-394: I-394 EB @ Louisiana Ave","state":"MN","provider":"Minnesota DOT","hls":null,"snapshot":"https://public.carsprogram.org/cameras/MN/C30662?1783724040000","refreshMs":30000,"attribution":"Ora (Warner Varnado) · Minnesota DOT"}},{"type":"Feature","geometry":{"type":"Point","coordinates":[-93.37068,44.97121]},"properties":{"id":"ora-mn-103","name":"I-394: I-394 WB @ Louisiana Ave","state":"MN","provider":"Minnesota DOT","hls":null,"snapshot":"https://public.carsprogram.org/cameras/MN/C30661?1783724040000","refreshMs":30000,"attribution":"Ora (Warner Varnado) · Minnesota DOT"}},{"type":"Feature","geometry":{"type":"Point","coordinates":[-93.37093,44.9712]},"properties":{"id":"ora-mn-104","name":"I-394: I-394 EB @ Louisiana Ave","state":"MN","provider":"Minnesota DOT","hls":"https://video.dot.state.mn.us/public/C9081.stream/playlist.m3u8","snapshot":"https://public.carsprogram.org/cameras/MN/C9081","refreshMs":30000,"attribution":"Ora (Warner Varnado) · Minnesota DOT"}},{"type":"Feature","geometry":{"type":"Point","coordinates":[-93.3791,44.97124]},"properties":{"id":"ora-mn-105","name":"I-394: I-394 EB @ Winnetka Ave","state":"MN","provider":"Minnesota DOT","hls":"https://video.dot.state.mn.us/public/C908.stream/playlist.m3u8","snapshot":"https://public.carsprogram.org/cameras/MN/C908","refreshMs":30000,"attribution":"Ora (Warner Varnado) · Minnesota DOT"}},{"type":"Feature","geometry":{"type":"Point","coordinates":[-93.38365,44.97256]},"properties":{"id":"ora-mn-106","name":"I-394: I-394 WB W of Winnetka Ave","state":"MN","provider":"Minnesota DOT","hls":"https://video.dot.state.mn.us/public/C9071.stream/playlist.m3u8","snapshot":"https://public.carsprogram.org/cameras/MN/C9071","refreshMs":30000,"attribution":"Ora (Warner Varnado) · Minnesota DOT"}},{"type":"Feature","geometry":{"type":"Point","coordinates":[-93.38917,44.97382]},"properties":{"id":"ora-mn-107","name":"I-394: I-394 EB @ General Mills Blvd","state":"MN","provider":"Minnesota DOT","hls":"https://video.dot.state.mn.us/public/C907.stream/playlist.m3u8","snapshot":"https://public.carsprogram.org/cameras/MN/C907","refreshMs":30000,"attribution":"Ora (Warner Varnado) · Minnesota DOT"}},{"type":"Feature","geometry":{"type":"Point","coordinates":[-93.41028,44.9729]},"properties":{"id":"ora-mn-108","name":"I-394: I-394 WB W of Shelard Pkwy","state":"MN","provider":"Minnesota DOT","hls":"https://video.dot.state.mn.us/public/C9051.stream/playlist.m3u8","snapshot":"https://public.carsprogram.org/cameras/MN/C9051","refreshMs":30000,"attribution":"Ora (Warner Varnado) · Minnesota DOT"}},{"type":"Feature","geometry":{"type":"Point","coordinates":[-93.42085,44.97094]},"properties":{"id":"ora-mn-109","name":"I-394: I-394 EB @ Co Rd 73 (Hopkins Xrd)","state":"MN","provider":"Minnesota DOT","hls":"https://video.dot.state.mn.us/public/C905.stream/playlist.m3u8","snapshot":"https://public.carsprogram.org/cameras/MN/C905","refreshMs":30000,"attribution":"Ora (Warner Varnado) · Minnesota DOT"}},{"type":"Feature","geometry":{"type":"Point","coordinates":[-93.30706,44.96982]},"properties":{"id":"ora-mn-110","name":"I-394HOV: I-394 WB @ Penn Ave","state":"MN","provider":"Minnesota DOT","hls":"https://video.dot.state.mn.us/public/C30091.stream/playlist.m3u8","snapshot":"https://public.carsprogram.org/cameras/MN/C30091","refreshMs":30000,"attribution":"Ora (Warner Varnado) · Minnesota DOT"}},{"type":"Feature","geometry":{"type":"Point","coordinates":[-93.3218,44.97028]},"properties":{"id":"ora-mn-111","name":"I-394HOV: I-394 WB @ Theodore Wirth Pkwy","state":"MN","provider":"Minnesota DOT","hls":"https://video.dot.state.mn.us/public/C30696.stream/playlist.m3u8","snapshot":"https://public.carsprogram.org/cameras/MN/C30696","refreshMs":30000,"attribution":"Ora (Warner Varnado) · Minnesota DOT"}},{"type":"Feature","geometry":{"type":"Point","coordinates":[-93.43985,44.97084]},"properties":{"id":"ora-mn-112","name":"I-394: I-394 WB @ Plymouth Rd","state":"MN","provider":"Minnesota DOT","hls":"https://video.dot.state.mn.us/public/C904.stream/playlist.m3u8","snapshot":"https://public.carsprogram.org/cameras/MN/C904","refreshMs":30000,"attribution":"Ora (Warner Varnado) · Minnesota DOT"}},{"type":"Feature","geometry":{"type":"Point","coordinates":[-93.44402,44.97083]},"properties":{"id":"ora-mn-113","name":"I-394: I-394 EB @ Plymouth Rd","state":"MN","provider":"Minnesota DOT","hls":"https://video.dot.state.mn.us/public/C9041.stream/playlist.m3u8","snapshot":"https://public.carsprogram.org/cameras/MN/C9041","refreshMs":30000,"attribution":"Ora (Warner Varnado) · Minnesota DOT"}},{"type":"Feature","geometry":{"type":"Point","coordinates":[-92.74365,44.96267]},"properties":{"id":"ora-mn-114","name":"I-94: I-94 EB @ Heggen St","state":"MN","provider":"Minnesota DOT","hls":"https://video.dot.state.mn.us/public/C870.stream/playlist.m3u8","snapshot":"https://public.carsprogram.org/cameras/MN/C870","refreshMs":30000,"attribution":"Ora (Warner Varnado) · Minnesota DOT"}},{"type":"Feature","geometry":{"type":"Point","coordinates":[-92.77265,44.96186]},"properties":{"id":"ora-mn-115","name":"I-94: I-94 WB @ T.H.95 (St Croix Trl)","state":"MN","provider":"Minnesota DOT","hls":"https://video.dot.state.mn.us/public/C869.stream/playlist.m3u8","snapshot":"https://public.carsprogram.org/cameras/MN/C869","refreshMs":30000,"attribution":"Ora (Warner Varnado) · Minnesota DOT"}},{"type":"Feature","geometry":{"type":"Point","coordinates":[-92.78012,44.95971]},"properties":{"id":"ora-mn-116","name":"I-94: I-94 WB W of T.H.95 (St Croix Trl)","state":"MN","provider":"Minnesota DOT","hls":"https://video.dot.state.mn.us/public/C30289.stream/playlist.m3u8","snapshot":"https://public.carsprogram.org/cameras/MN/C30289","refreshMs":30000,"attribution":"Ora (Warner Varnado) · Minnesota DOT"}},{"type":"Feature","geometry":{"type":"Point","coordinates":[-92.79671,44.95458]},"properties":{"id":"ora-mn-117","name":"I-94: I-94 WB @ Co Rd 21 (Stagecoach Trl)","state":"MN","provider":"Minnesota DOT","hls":"https://video.dot.state.mn.us/public/C868.stream/playlist.m3u8","snapshot":"https://public.carsprogram.org/cameras/MN/C868","refreshMs":30000,"attribution":"Ora (Warner Varnado) · Minnesota DOT"}},{"type":"Feature","geometry":{"type":"Point","coordinates":[-92.80838,44.95112]},"properties":{"id":"ora-mn-118","name":"I-94: I-94 EB W of Co Rd 21 (Stagecoach Tr)","state":"MN","provider":"Minnesota DOT","hls":"https://video.dot.state.mn.us/public/C30288.stream/playlist.m3u8","snapshot":"https://public.carsprogram.org/cameras/MN/C30288","refreshMs":30000,"attribution":"Ora (Warner Varnado) · Minnesota DOT"}},{"type":"Feature","geometry":{"type":"Point","coordinates":[-92.82054,44.94897]},"properties":{"id":"ora-mn-119","name":"I-94: I-94 WB @ St. Croix RA","state":"MN","provider":"Minnesota DOT","hls":"https://video.dot.state.mn.us/public/C867.stream/playlist.m3u8","snapshot":"https://public.carsprogram.org/cameras/MN/C867","refreshMs":30000,"attribution":"Ora (Warner Varnado) · Minnesota DOT"}},{"type":"Feature","geometry":{"type":"Point","coordinates":[-92.82067,44.94896]},"properties":{"id":"ora-mn-120","name":"I-94: I-94 EB (St. Croix Rest Area)","state":"MN","provider":"Minnesota DOT","hls":"https://video.dot.state.mn.us/public/C30040.stream/playlist.m3u8","snapshot":"https://public.carsprogram.org/cameras/MN/C30040","refreshMs":30000,"attribution":"Ora (Warner Varnado) · Minnesota DOT"}},{"type":"Feature","geometry":{"type":"Point","coordinates":[-92.82237,44.94881]},"properties":{"id":"ora-mn-121","name":"I-94: I-94 EB (St Croix Rest Area)","state":"MN","provider":"Minnesota DOT","hls":null,"snapshot":"https://public.carsprogram.org/cameras/MN/C30038?1783724040000","refreshMs":30000,"attribution":"Ora (Warner Varnado) · Minnesota DOT"}},{"type":"Feature","geometry":{"type":"Point","coordinates":[-92.83268,44.94844]},"properties":{"id":"ora-mn-122","name":"I-94: I-94 EB E of Co Rd 71 (E of Neal Ave)","state":"MN","provider":"Minnesota DOT","hls":"https://video.dot.state.mn.us/public/C30287.stream/playlist.m3u8","snapshot":"https://public.carsprogram.org/cameras/MN/C30287","refreshMs":30000,"attribution":"Ora (Warner Varnado) · Minnesota DOT"}},{"type":"Feature","geometry":{"type":"Point","coordinates":[-92.84308,44.94846]},"properties":{"id":"ora-mn-123","name":"I-94: I-94 WB @ Co Rd 71 (Neal Av)","state":"MN","provider":"Minnesota DOT","hls":"https://video.dot.state.mn.us/public/C866.stream/playlist.m3u8","snapshot":"https://public.carsprogram.org/cameras/MN/C866","refreshMs":30000,"attribution":"Ora (Warner Varnado) · Minnesota DOT"}},{"type":"Feature","geometry":{"type":"Point","coordinates":[-92.88365,44.94845]},"properties":{"id":"ora-mn-124","name":"I-94: I-94 WB @ Co Rd 17B (Lake Elmo Av)","state":"MN","provider":"Minnesota DOT","hls":"https://video.dot.state.mn.us/public/C864.stream/playlist.m3u8","snapshot":"https://public.carsprogram.org/cameras/MN/C864","refreshMs":30000,"attribution":"Ora (Warner Varnado) · Minnesota DOT"}},{"type":"Feature","geometry":{"type":"Point","coordinates":[-92.90299,44.94841]},"properties":{"id":"ora-mn-125","name":"I-94: I-94 WB @ Co Rd 19 (Keats Av/Woodbury Dr)","state":"MN","provider":"Minnesota DOT","hls":"https://video.dot.state.mn.us/public/C863.stream/playlist.m3u8","snapshot":"https://public.carsprogram.org/cameras/MN/C863","refreshMs":30000,"attribution":"Ora (Warner Varnado) · Minnesota DOT"}},{"type":"Feature","geometry":{"type":"Point","coordinates":[-92.92196,44.94843]},"properties":{"id":"ora-mn-126","name":"I-94: I-94 WB E of Radio Dr","state":"MN","provider":"Minnesota DOT","hls":"https://video.dot.state.mn.us/public/C30286.stream/playlist.m3u8","snapshot":"https://public.carsprogram.org/cameras/MN/C30286","refreshMs":30000,"attribution":"Ora (Warner Varnado) · Minnesota DOT"}},{"type":"Feature","geometry":{"type":"Point","coordinates":[-92.93405,44.9485]},"properties":{"id":"ora-mn-127","name":"I-94: I-94 EB @ Radio Dr","state":"MN","provider":"Minnesota DOT","hls":null,"snapshot":"https://public.carsprogram.org/cameras/MN/C30656?1783724040000","refreshMs":30000,"attribution":"Ora (Warner Varnado) · Minnesota DOT"}},{"type":"Feature","geometry":{"type":"Point","coordinates":[-92.93474,44.94848]},"properties":{"id":"ora-mn-128","name":"I-94: I-94 EB @ Co Rd 13 (Inwood Av/Radio Dr)","state":"MN","provider":"Minnesota DOT","hls":"https://video.dot.state.mn.us/public/C862.stream/playlist.m3u8","snapshot":"https://public.carsprogram.org/cameras/MN/C862","refreshMs":30000,"attribution":"Ora (Warner Varnado) · Minnesota DOT"}},{"type":"Feature","geometry":{"type":"Point","coordinates":[-92.94482,44.9483]},"properties":{"id":"ora-mn-129","name":"I-94: I-94 WB @ Ideal Ave N","state":"MN","provider":"Minnesota DOT","hls":"https://video.dot.state.mn.us/public/C30285.stream/playlist.m3u8","snapshot":"https://public.carsprogram.org/cameras/MN/C30285","refreshMs":30000,"attribution":"Ora (Warner Varnado) · Minnesota DOT"}},{"type":"Feature","geometry":{"type":"Point","coordinates":[-92.97287,44.94839]},"properties":{"id":"ora-mn-130","name":"I-94: I-94 WB E of T.H.120","state":"MN","provider":"Minnesota DOT","hls":"https://video.dot.state.mn.us/public/C30251.stream/playlist.m3u8","snapshot":"https://public.carsprogram.org/cameras/MN/C30251","refreshMs":30000,"attribution":"Ora (Warner Varnado) · Minnesota DOT"}},{"type":"Feature","geometry":{"type":"Point","coordinates":[-92.98534,44.94833]},"properties":{"id":"ora-mn-131","name":"I-94: I-94 EB @ T.H.120 (Century Av)","state":"MN","provider":"Minnesota DOT","hls":"https://video.dot.state.mn.us/public/C860.stream/playlist.m3u8","snapshot":"https://public.carsprogram.org/cameras/MN/C860","refreshMs":30000,"attribution":"Ora (Warner Varnado) · Minnesota DOT"}},{"type":"Feature","geometry":{"type":"Point","coordinates":[-92.99051,44.94837]},"properties":{"id":"ora-mn-132","name":"I-94: Hudson Rd WB @ 19th St","state":"MN","provider":"Minnesota DOT","hls":"https://video.dot.state.mn.us/public/C30250.stream/playlist.m3u8","snapshot":"https://public.carsprogram.org/cameras/MN/C30250","refreshMs":30000,"attribution":"Ora (Warner Varnado) · Minnesota DOT"}},{"type":"Feature","geometry":{"type":"Point","coordinates":[-92.99862,44.94941]},"properties":{"id":"ora-mn-133","name":"I-94: Hudson Rd WB @ 8th St","state":"MN","provider":"Minnesota DOT","hls":"https://video.dot.state.mn.us/public/C30249.stream/playlist.m3u8","snapshot":"https://public.carsprogram.org/cameras/MN/C30249","refreshMs":30000,"attribution":"Ora (Warner Varnado) · Minnesota DOT"}},{"type":"Feature","geometry":{"type":"Point","coordinates":[-93.00199,44.94982]},"properties":{"id":"ora-mn-134","name":"I-94: Hudson Rd WB @ 4th St","state":"MN","provider":"Minnesota DOT","hls":"https://video.dot.state.mn.us/public/C30248.stream/playlist.m3u8","snapshot":"https://public.carsprogram.org/cameras/MN/C30248","refreshMs":30000,"attribution":"Ora (Warner Varnado) · Minnesota DOT"}},{"type":"Feature","geometry":{"type":"Point","coordinates":[-93.00446,44.95012]},"properties":{"id":"ora-mn-135","name":"I-94: I-94 WB @ McKnight Rd","state":"MN","provider":"Minnesota DOT","hls":"https://video.dot.state.mn.us/public/C859.stream/playlist.m3u8","snapshot":"https://public.carsprogram.org/cameras/MN/C859","refreshMs":30000,"attribution":"Ora (Warner Varnado) · Minnesota DOT"}},{"type":"Feature","geometry":{"type":"Point","coordinates":[-93.00533,44.95022]},"properties":{"id":"ora-mn-136","name":"I-94: I-94 WB @ McKnight Rd","state":"MN","provider":"Minnesota DOT","hls":"https://video.dot.state.mn.us/public/C30247.stream/playlist.m3u8","snapshot":"https://public.carsprogram.org/cameras/MN/C30247","refreshMs":30000,"attribution":"Ora (Warner Varnado) · Minnesota DOT"}},{"type":"Feature","geometry":{"type":"Point","coordinates":[-93.01494,44.95136]},"properties":{"id":"ora-mn-137","name":"I-94: I-94 EB @ Ruth St","state":"MN","provider":"Minnesota DOT","hls":"https://video.dot.state.mn.us/public/C30596.stream/playlist.m3u8","snapshot":"https://public.carsprogram.org/cameras/MN/C30596","refreshMs":30000,"attribution":"Ora (Warner Varnado) · Minnesota DOT"}},{"type":"Feature","geometry":{"type":"Point","coordinates":[-93.02545,44.95121]},"properties":{"id":"ora-mn-138","name":"I-94: I-94 EB @ White Bear Ave","state":"MN","provider":"Minnesota DOT","hls":"https://video.dot.state.mn.us/public/C858.stream/playlist.m3u8","snapshot":"https://public.carsprogram.org/cameras/MN/C858","refreshMs":30000,"attribution":"Ora (Warner Varnado) · Minnesota DOT"}},{"type":"Feature","geometry":{"type":"Point","coordinates":[-93.03963,44.95258]},"properties":{"id":"ora-mn-139","name":"I-94: I-94 WB @ T.H.61","state":"MN","provider":"Minnesota DOT","hls":"https://video.dot.state.mn.us/public/C857.stream/playlist.m3u8","snapshot":"https://public.carsprogram.org/cameras/MN/C857","refreshMs":30000,"attribution":"Ora (Warner Varnado) · Minnesota DOT"}},{"type":"Feature","geometry":{"type":"Point","coordinates":[-93.04946,44.95199]},"properties":{"id":"ora-mn-140","name":"I-94: I-94 EB @ Johnson Pkwy","state":"MN","provider":"Minnesota DOT","hls":"https://video.dot.state.mn.us/public/C856.stream/playlist.m3u8","snapshot":"https://public.carsprogram.org/cameras/MN/C856","refreshMs":30000,"attribution":"Ora (Warner Varnado) · Minnesota DOT"}},{"type":"Feature","geometry":{"type":"Point","coordinates":[-93.06976,44.95215]},"properties":{"id":"ora-mn-141","name":"I-94: I-94 EB @ Mounds Blvd","state":"MN","provider":"Minnesota DOT","hls":"https://video.dot.state.mn.us/public/C855.stream/playlist.m3u8","snapshot":"https://public.carsprogram.org/cameras/MN/C855","refreshMs":30000,"attribution":"Ora (Warner Varnado) · Minnesota DOT"}},{"type":"Feature","geometry":{"type":"Point","coordinates":[-93.07549,44.95486]},"properties":{"id":"ora-mn-142","name":"I-94: I-94 E-W @ Mounds Blvd","state":"MN","provider":"Minnesota DOT","hls":"https://video.dot.state.mn.us/public/C30595.stream/playlist.m3u8","snapshot":"https://public.carsprogram.org/cameras/MN/C30595","refreshMs":30000,"attribution":"Ora (Warner Varnado) · Minnesota DOT"}},{"type":"Feature","geometry":{"type":"Point","coordinates":[-93.08279,44.95257]},"properties":{"id":"ora-mn-143","name":"I-94: I-94 EB @ T.H.52 SB","state":"MN","provider":"Minnesota DOT","hls":"https://video.dot.state.mn.us/public/C854.stream/playlist.m3u8","snapshot":"https://public.carsprogram.org/cameras/MN/C854","refreshMs":30000,"attribution":"Ora (Warner Varnado) · Minnesota DOT"}},{"type":"Feature","geometry":{"type":"Point","coordinates":[-93.08653,44.95194]},"properties":{"id":"ora-mn-144","name":"I-94: I-94 EB @ 7th St","state":"MN","provider":"Minnesota DOT","hls":"https://video.dot.state.mn.us/public/C853.stream/playlist.m3u8","snapshot":"https://public.carsprogram.org/cameras/MN/C853","refreshMs":30000,"attribution":"Ora (Warner Varnado) · Minnesota DOT"}},{"type":"Feature","geometry":{"type":"Point","coordinates":[-93.09278,44.95367]},"properties":{"id":"ora-mn-145","name":"I-94: I-94 EB @ Jackson St","state":"MN","provider":"Minnesota DOT","hls":"https://video.dot.state.mn.us/public/C851.stream/playlist.m3u8","snapshot":"https://public.carsprogram.org/cameras/MN/C851","refreshMs":30000,"attribution":"Ora (Warner Varnado) · Minnesota DOT"}},{"type":"Feature","geometry":{"type":"Point","coordinates":[-93.10307,44.94994]},"properties":{"id":"ora-mn-146","name":"I-94: I-94 EB @ John Ireland Blvd","state":"MN","provider":"Minnesota DOT","hls":"https://video.dot.state.mn.us/public/C849.stream/playlist.m3u8","snapshot":"https://public.carsprogram.org/cameras/MN/C849","refreshMs":30000,"attribution":"Ora (Warner Varnado) · Minnesota DOT"}},{"type":"Feature","geometry":{"type":"Point","coordinates":[-93.10778,44.95076]},"properties":{"id":"ora-mn-147","name":"I-94: I-94 WB @ John Ireland Blvd","state":"MN","provider":"Minnesota DOT","hls":"https://video.dot.state.mn.us/public/C8481.stream/playlist.m3u8","snapshot":"https://public.carsprogram.org/cameras/MN/C8481","refreshMs":30000,"attribution":"Ora (Warner Varnado) · Minnesota DOT"}},{"type":"Feature","geometry":{"type":"Point","coordinates":[-93.11641,44.95113]},"properties":{"id":"ora-mn-148","name":"I-94: I-94 EB @ Western Ave","state":"MN","provider":"Minnesota DOT","hls":"https://video.dot.state.mn.us/public/C848.stream/playlist.m3u8","snapshot":"https://public.carsprogram.org/cameras/MN/C848","refreshMs":30000,"attribution":"Ora (Warner Varnado) · Minnesota DOT"}},{"type":"Feature","geometry":{"type":"Point","coordinates":[-93.11895,44.95141]},"properties":{"id":"ora-mn-149","name":"I-94: I-94 WB W of Western Ave","state":"MN","provider":"Minnesota DOT","hls":"https://video.dot.state.mn.us/public/C30749.stream/playlist.m3u8","snapshot":"https://public.carsprogram.org/cameras/MN/C30749","refreshMs":30000,"attribution":"Ora (Warner Varnado) · Minnesota DOT"}},{"type":"Feature","geometry":{"type":"Point","coordinates":[-93.12555,44.95166]},"properties":{"id":"ora-mn-150","name":"I-94: I-94 WB @ Dale St","state":"MN","provider":"Minnesota DOT","hls":"https://video.dot.state.mn.us/public/C8471.stream/playlist.m3u8","snapshot":"https://public.carsprogram.org/cameras/MN/C8471","refreshMs":30000,"attribution":"Ora (Warner Varnado) · Minnesota DOT"}},{"type":"Feature","geometry":{"type":"Point","coordinates":[-93.13725,44.95161]},"properties":{"id":"ora-mn-151","name":"I-94: I-94 EB @ Victoria St","state":"MN","provider":"Minnesota DOT","hls":"https://video.dot.state.mn.us/public/C30746.stream/playlist.m3u8","snapshot":"https://public.carsprogram.org/cameras/MN/C30746","refreshMs":30000,"attribution":"Ora (Warner Varnado) · Minnesota DOT"}},{"type":"Feature","geometry":{"type":"Point","coordinates":[-93.14543,44.95158]},"properties":{"id":"ora-mn-152","name":"I-94: I-94 EB @ Lexington Pkwy","state":"MN","provider":"Minnesota DOT","hls":"https://video.dot.state.mn.us/public/C846.stream/playlist.m3u8","snapshot":"https://public.carsprogram.org/cameras/MN/C846","refreshMs":30000,"attribution":"Ora (Warner Varnado) · Minnesota DOT"}},{"type":"Feature","geometry":{"type":"Point","coordinates":[-93.1565,44.95162]},"properties":{"id":"ora-mn-153","name":"I-94: I-94 EB @ Hamline Ave","state":"MN","provider":"Minnesota DOT","hls":"https://video.dot.state.mn.us/public/C845.stream/playlist.m3u8","snapshot":"https://public.carsprogram.org/cameras/MN/C845","refreshMs":30000,"attribution":"Ora (Warner Varnado) · Minnesota DOT"}},{"type":"Feature","geometry":{"type":"Point","coordinates":[-93.16852,44.95159]},"properties":{"id":"ora-mn-154","name":"I-94: I-94 EB @ Snelling Ave","state":"MN","provider":"Minnesota DOT","hls":"https://video.dot.state.mn.us/public/C844.stream/playlist.m3u8","snapshot":"https://public.carsprogram.org/cameras/MN/C844","refreshMs":30000,"attribution":"Ora (Warner Varnado) · Minnesota DOT"}},{"type":"Feature","geometry":{"type":"Point","coordinates":[-93.18213,44.95268]},"properties":{"id":"ora-mn-155","name":"I-94: I-94 EB @ Prior Ave","state":"MN","provider":"Minnesota DOT","hls":"https://video.dot.state.mn.us/public/C843.stream/playlist.m3u8","snapshot":"https://public.carsprogram.org/cameras/MN/C843","refreshMs":30000,"attribution":"Ora (Warner Varnado) · Minnesota DOT"}},{"type":"Feature","geometry":{"type":"Point","coordinates":[-93.19175,44.95581]},"properties":{"id":"ora-mn-156","name":"I-94: I-94 EB @ Cretin Ave (Vandalia St)","state":"MN","provider":"Minnesota DOT","hls":"https://video.dot.state.mn.us/public/C842.stream/playlist.m3u8","snapshot":"https://public.carsprogram.org/cameras/MN/C842","refreshMs":30000,"attribution":"Ora (Warner Varnado) · Minnesota DOT"}},{"type":"Feature","geometry":{"type":"Point","coordinates":[-93.20219,44.95972]},"properties":{"id":"ora-mn-157","name":"I-94: I-94 EB @ T.H.280","state":"MN","provider":"Minnesota DOT","hls":"https://video.dot.state.mn.us/public/C841.stream/playlist.m3u8","snapshot":"https://public.carsprogram.org/cameras/MN/C841","refreshMs":30000,"attribution":"Ora (Warner Varnado) · Minnesota DOT"}},{"type":"Feature","geometry":{"type":"Point","coordinates":[-93.20864,44.95982]},"properties":{"id":"ora-mn-158","name":"I-94: I-94 EB W of T.H.280","state":"MN","provider":"Minnesota DOT","hls":"https://video.dot.state.mn.us/public/C840.stream/playlist.m3u8","snapshot":"https://public.carsprogram.org/cameras/MN/C840","refreshMs":30000,"attribution":"Ora (Warner Varnado) · Minnesota DOT"}},{"type":"Feature","geometry":{"type":"Point","coordinates":[-93.2132,44.96232]},"properties":{"id":"ora-mn-159","name":"I-94: I-94 EB E of Franklin Ave","state":"MN","provider":"Minnesota DOT","hls":"https://video.dot.state.mn.us/public/C30715.stream/playlist.m3u8","snapshot":"https://public.carsprogram.org/cameras/MN/C30715","refreshMs":30000,"attribution":"Ora (Warner Varnado) · Minnesota DOT"}},{"type":"Feature","geometry":{"type":"Point","coordinates":[-93.21605,44.96456]},"properties":{"id":"ora-mn-160","name":"I-94: I-94 EB @ Franklin Ave","state":"MN","provider":"Minnesota DOT","hls":"https://video.dot.state.mn.us/public/C839.stream/playlist.m3u8","snapshot":"https://public.carsprogram.org/cameras/MN/C839","refreshMs":30000,"attribution":"Ora (Warner Varnado) · Minnesota DOT"}},{"type":"Feature","geometry":{"type":"Point","coordinates":[-93.22036,44.96691]},"properties":{"id":"ora-mn-161","name":"I-94: I-94 WB @ 27th Ave SE","state":"MN","provider":"Minnesota DOT","hls":"https://video.dot.state.mn.us/public/C8381.stream/playlist.m3u8","snapshot":"https://public.carsprogram.org/cameras/MN/C8381","refreshMs":30000,"attribution":"Ora (Warner Varnado) · Minnesota DOT"}},{"type":"Feature","geometry":{"type":"Point","coordinates":[-93.2215,44.96709]},"properties":{"id":"ora-mn-162","name":"I-94: I-94 WB @ Huron Blvd","state":"MN","provider":"Minnesota DOT","hls":"https://video.dot.state.mn.us/public/C838.stream/playlist.m3u8","snapshot":"https://public.carsprogram.org/cameras/MN/C838","refreshMs":30000,"attribution":"Ora (Warner Varnado) · Minnesota DOT"}},{"type":"Feature","geometry":{"type":"Point","coordinates":[-93.23017,44.96434]},"properties":{"id":"ora-mn-163","name":"I-94: I-94 EB @ Riverside Ave","state":"MN","provider":"Minnesota DOT","hls":"https://video.dot.state.mn.us/public/C837.stream/playlist.m3u8","snapshot":"https://public.carsprogram.org/cameras/MN/C837","refreshMs":30000,"attribution":"Ora (Warner Varnado) · Minnesota DOT"}},{"type":"Feature","geometry":{"type":"Point","coordinates":[-93.23331,44.96415]},"properties":{"id":"ora-mn-164","name":"I-94: I-94 EB W of Riverside Ave","state":"MN","provider":"Minnesota DOT","hls":"https://video.dot.state.mn.us/public/C8361.stream/playlist.m3u8","snapshot":"https://public.carsprogram.org/cameras/MN/C8361","refreshMs":30000,"attribution":"Ora (Warner Varnado) · Minnesota DOT"}},{"type":"Feature","geometry":{"type":"Point","coordinates":[-93.244,44.96453]},"properties":{"id":"ora-mn-165","name":"I-94: I-94 EB E of Cedar Ave (20th Av)","state":"MN","provider":"Minnesota DOT","hls":"https://video.dot.state.mn.us/public/C836.stream/playlist.m3u8","snapshot":"https://public.carsprogram.org/cameras/MN/C836","refreshMs":30000,"attribution":"Ora (Warner Varnado) · Minnesota DOT"}},{"type":"Feature","geometry":{"type":"Point","coordinates":[-93.25327,44.96583]},"properties":{"id":"ora-mn-166","name":"I-94: I-94 EB @ T.H.55","state":"MN","provider":"Minnesota DOT","hls":"https://video.dot.state.mn.us/public/C8353.stream/playlist.m3u8","snapshot":"https://public.carsprogram.org/cameras/MN/C8353","refreshMs":30000,"attribution":"Ora (Warner Varnado) · Minnesota DOT"}},{"type":"Feature","geometry":{"type":"Point","coordinates":[-93.26883,44.96567]},"properties":{"id":"ora-mn-167","name":"I-94: I-94 WB @ Portland Ave","state":"MN","provider":"Minnesota DOT","hls":"https://video.dot.state.mn.us/public/C835.stream/playlist.m3u8","snapshot":"https://public.carsprogram.org/cameras/MN/C835","refreshMs":30000,"attribution":"Ora (Warner Varnado) · Minnesota DOT"}},{"type":"Feature","geometry":{"type":"Point","coordinates":[-93.26933,44.96579]},"properties":{"id":"ora-mn-168","name":"I-94: I-94 EB W of Portland Ave","state":"MN","provider":"Minnesota DOT","hls":"https://video.dot.state.mn.us/public/C8340.stream/playlist.m3u8","snapshot":"https://public.carsprogram.org/cameras/MN/C8340","refreshMs":30000,"attribution":"Ora (Warner Varnado) · Minnesota DOT"}},{"type":"Feature","geometry":{"type":"Point","coordinates":[-93.27055,44.96609]},"properties":{"id":"ora-mn-169","name":"I-94: I-94 WB @ T.H.65","state":"MN","provider":"Minnesota DOT","hls":"https://video.dot.state.mn.us/public/C834.stream/playlist.m3u8","snapshot":"https://public.carsprogram.org/cameras/MN/C834","refreshMs":30000,"attribution":"Ora (Warner Varnado) · Minnesota DOT"}},{"type":"Feature","geometry":{"type":"Point","coordinates":[-93.27302,44.96655]},"properties":{"id":"ora-mn-170","name":"I-94: I-94 WB @ 3rd Ave","state":"MN","provider":"Minnesota DOT","hls":"https://video.dot.state.mn.us/public/C30719.stream/playlist.m3u8","snapshot":"https://public.carsprogram.org/cameras/MN/C30719","refreshMs":30000,"attribution":"Ora (Warner Varnado) · Minnesota DOT"}},{"type":"Feature","geometry":{"type":"Point","coordinates":[-93.27738,44.96622]},"properties":{"id":"ora-mn-171","name":"I-94: I-94 WB @ Nicollet Ave","state":"MN","provider":"Minnesota DOT","hls":"https://video.dot.state.mn.us/public/C833.stream/playlist.m3u8","snapshot":"https://public.carsprogram.org/cameras/MN/C833","refreshMs":30000,"attribution":"Ora (Warner Varnado) · Minnesota DOT"}},{"type":"Feature","geometry":{"type":"Point","coordinates":[-93.2825,44.96491]},"properties":{"id":"ora-mn-172","name":"I-94: I-94 WB @ Groveland Ave","state":"MN","provider":"Minnesota DOT","hls":"https://video.dot.state.mn.us/public/C30278.stream/playlist.m3u8","snapshot":"https://public.carsprogram.org/cameras/MN/C30278","refreshMs":30000,"attribution":"Ora (Warner Varnado) · Minnesota DOT"}},{"type":"Feature","geometry":{"type":"Point","coordinates":[-93.28531,44.9644]},"properties":{"id":"ora-mn-173","name":"I-94: I-94 EB @ Lyndale Ave","state":"MN","provider":"Minnesota DOT","hls":"https://video.dot.state.mn.us/public/C832.stream/playlist.m3u8","snapshot":"https://public.carsprogram.org/cameras/MN/C832","refreshMs":30000,"attribution":"Ora (Warner Varnado) · Minnesota DOT"}},{"type":"Feature","geometry":{"type":"Point","coordinates":[-93.28804,44.96544]},"properties":{"id":"ora-mn-174","name":"I-94: I-94 WB (Tunnel West #1)","state":"MN","provider":"Minnesota DOT","hls":"https://video.dot.state.mn.us/public/C829.stream/playlist.m3u8","snapshot":"https://public.carsprogram.org/cameras/MN/C829","refreshMs":30000,"attribution":"Ora (Warner Varnado) · Minnesota DOT"}},{"type":"Feature","geometry":{"type":"Point","coordinates":[-93.28809,44.96551]},"properties":{"id":"ora-mn-175","name":"I-94: I-94 EB (Tunnel East #3)","state":"MN","provider":"Minnesota DOT","hls":"https://video.dot.state.mn.us/public/C828.stream/playlist.m3u8","snapshot":"https://public.carsprogram.org/cameras/MN/C828","refreshMs":30000,"attribution":"Ora (Warner Varnado) · Minnesota DOT"}},{"type":"Feature","geometry":{"type":"Point","coordinates":[-93.28808,44.96769]},"properties":{"id":"ora-mn-176","name":"I-94: I-94 EB (Tunnel East #2)","state":"MN","provider":"Minnesota DOT","hls":"https://video.dot.state.mn.us/public/C827.stream/playlist.m3u8","snapshot":"https://public.carsprogram.org/cameras/MN/C827","refreshMs":30000,"attribution":"Ora (Warner Varnado) · Minnesota DOT"}},{"type":"Feature","geometry":{"type":"Point","coordinates":[-93.28808,44.96769]},"properties":{"id":"ora-mn-177","name":"I-94: I-94 WB (Tunnel West #2)","state":"MN","provider":"Minnesota DOT","hls":"https://video.dot.state.mn.us/public/C830.stream/playlist.m3u8","snapshot":"https://public.carsprogram.org/cameras/MN/C830","refreshMs":30000,"attribution":"Ora (Warner Varnado) · Minnesota DOT"}},{"type":"Feature","geometry":{"type":"Point","coordinates":[-93.28787,44.96913]},"properties":{"id":"ora-mn-178","name":"I-94: I-94 EB (Tunnel East #1)","state":"MN","provider":"Minnesota DOT","hls":"https://video.dot.state.mn.us/public/C826.stream/playlist.m3u8","snapshot":"https://public.carsprogram.org/cameras/MN/C826","refreshMs":30000,"attribution":"Ora (Warner Varnado) · Minnesota DOT"}},{"type":"Feature","geometry":{"type":"Point","coordinates":[-93.28786,44.96913]},"properties":{"id":"ora-mn-179","name":"I-94: I-94 WB (Tunnel West #3)","state":"MN","provider":"Minnesota DOT","hls":"https://video.dot.state.mn.us/public/C831.stream/playlist.m3u8","snapshot":"https://public.carsprogram.org/cameras/MN/C831","refreshMs":30000,"attribution":"Ora (Warner Varnado) · Minnesota DOT"}},{"type":"Feature","geometry":{"type":"Point","coordinates":[-93.28766,44.97035]},"properties":{"id":"ora-mn-180","name":"I-94: I-94 SB S of Dunwoody Blvd","state":"MN","provider":"Minnesota DOT","hls":"https://video.dot.state.mn.us/public/C30290.stream/playlist.m3u8","snapshot":"https://public.carsprogram.org/cameras/MN/C30290","refreshMs":30000,"attribution":"Ora (Warner Varnado) · Minnesota DOT"}},{"type":"Feature","geometry":{"type":"Point","coordinates":[-93.28754,44.98057]},"properties":{"id":"ora-mn-181","name":"I-94: I-94 WB S of T.H.55","state":"MN","provider":"Minnesota DOT","hls":"https://video.dot.state.mn.us/public/C8261.stream/playlist.m3u8","snapshot":"https://public.carsprogram.org/cameras/MN/C8261","refreshMs":30000,"attribution":"Ora (Warner Varnado) · Minnesota DOT"}},{"type":"Feature","geometry":{"type":"Point","coordinates":[-93.28875,44.98835]},"properties":{"id":"ora-mn-182","name":"I-94: I-94 SB @ 7th St","state":"MN","provider":"Minnesota DOT","hls":"https://video.dot.state.mn.us/public/C825.stream/playlist.m3u8","snapshot":"https://public.carsprogram.org/cameras/MN/C825","refreshMs":30000,"attribution":"Ora (Warner Varnado) · Minnesota DOT"}},{"type":"Feature","geometry":{"type":"Point","coordinates":[-93.286,44.9916]},"properties":{"id":"ora-mn-183","name":"I-94: I-94 WB @ Plymouth Ave","state":"MN","provider":"Minnesota DOT","hls":"https://video.dot.state.mn.us/public/C8251.stream/playlist.m3u8","snapshot":"https://public.carsprogram.org/cameras/MN/C8251","refreshMs":30000,"attribution":"Ora (Warner Varnado) · Minnesota DOT"}},{"type":"Feature","geometry":{"type":"Point","coordinates":[-93.28555,44.99189]},"properties":{"id":"ora-mn-184","name":"I-94: I-94 CD EB @ Plymouth Ave","state":"MN","provider":"Minnesota DOT","hls":"https://video.dot.state.mn.us/public/C30691.stream/playlist.m3u8","snapshot":"https://public.carsprogram.org/cameras/MN/C30691","refreshMs":30000,"attribution":"Ora (Warner Varnado) · Minnesota DOT"}},{"type":"Feature","geometry":{"type":"Point","coordinates":[-93.28293,45.01296]},"properties":{"id":"ora-mn-185","name":"I-94: I-94 WB @ Lowry Ave","state":"MN","provider":"Minnesota DOT","hls":"https://video.dot.state.mn.us/public/C823.stream/playlist.m3u8","snapshot":"https://public.carsprogram.org/cameras/MN/C823","refreshMs":30000,"attribution":"Ora (Warner Varnado) · Minnesota DOT"}},{"type":"Feature","geometry":{"type":"Point","coordinates":[-93.28469,45.02392]},"properties":{"id":"ora-mn-186","name":"I-94: I-94 WB @ Dowling Ave","state":"MN","provider":"Minnesota DOT","hls":"https://video.dot.state.mn.us/public/C8221.stream/playlist.m3u8","snapshot":"https://public.carsprogram.org/cameras/MN/C8221","refreshMs":30000,"attribution":"Ora (Warner Varnado) · Minnesota DOT"}},{"type":"Feature","geometry":{"type":"Point","coordinates":[-93.28478,45.02413]},"properties":{"id":"ora-mn-187","name":"I-94: I-94 EB @ Dowling Ave","state":"MN","provider":"Minnesota DOT","hls":"https://video.dot.state.mn.us/public/C8220.stream/playlist.m3u8","snapshot":"https://public.carsprogram.org/cameras/MN/C8220","refreshMs":30000,"attribution":"Ora (Warner Varnado) · Minnesota DOT"}},{"type":"Feature","geometry":{"type":"Point","coordinates":[-93.28764,45.03141]},"properties":{"id":"ora-mn-188","name":"I-94: I-94 EB @ 42nd Ave","state":"MN","provider":"Minnesota DOT","hls":"https://video.dot.state.mn.us/public/C822.stream/playlist.m3u8","snapshot":"https://public.carsprogram.org/cameras/MN/C822","refreshMs":30000,"attribution":"Ora (Warner Varnado) · Minnesota DOT"}},{"type":"Feature","geometry":{"type":"Point","coordinates":[-93.28678,45.035]},"properties":{"id":"ora-mn-189","name":"I-94: I-94 EB N of 42nd Ave","state":"MN","provider":"Minnesota DOT","hls":"https://video.dot.state.mn.us/public/C30748.stream/playlist.m3u8","snapshot":"https://public.carsprogram.org/cameras/MN/C30748","refreshMs":30000,"attribution":"Ora (Warner Varnado) · Minnesota DOT"}},{"type":"Feature","geometry":{"type":"Point","coordinates":[-93.28482,45.04398]},"properties":{"id":"ora-mn-190","name":"I-94: I-94 EB @ 49th Ave","state":"MN","provider":"Minnesota DOT","hls":"https://video.dot.state.mn.us/public/C821.stream/playlist.m3u8","snapshot":"https://public.carsprogram.org/cameras/MN/C821","refreshMs":30000,"attribution":"Ora (Warner Varnado) · Minnesota DOT"}},{"type":"Feature","geometry":{"type":"Point","coordinates":[-93.28554,45.05164]},"properties":{"id":"ora-mn-191","name":"I-94: I-94 WB @ 53rd Ave","state":"MN","provider":"Minnesota DOT","hls":"https://video.dot.state.mn.us/public/C30745.stream/playlist.m3u8","snapshot":"https://public.carsprogram.org/cameras/MN/C30745","refreshMs":30000,"attribution":"Ora (Warner Varnado) · Minnesota DOT"}},{"type":"Feature","geometry":{"type":"Point","coordinates":[-93.28737,45.05817]},"properties":{"id":"ora-mn-192","name":"I-94: I-94 EB @ 57th Ave","state":"MN","provider":"Minnesota DOT","hls":"https://video.dot.state.mn.us/public/C820.stream/playlist.m3u8","snapshot":"https://public.carsprogram.org/cameras/MN/C820","refreshMs":30000,"attribution":"Ora (Warner Varnado) · Minnesota DOT"}},{"type":"Feature","geometry":{"type":"Point","coordinates":[-93.28619,45.06569]},"properties":{"id":"ora-mn-193","name":"I-94: I-94 E-W S of I-694","state":"MN","provider":"Minnesota DOT","hls":"https://video.dot.state.mn.us/public/C30092.stream/playlist.m3u8","snapshot":"https://public.carsprogram.org/cameras/MN/C30092","refreshMs":30000,"attribution":"Ora (Warner Varnado) · Minnesota DOT"}},{"type":"Feature","geometry":{"type":"Point","coordinates":[-93.30211,45.0693]},"properties":{"id":"ora-mn-194","name":"I-94: I-94 EB @ T.H.100","state":"MN","provider":"Minnesota DOT","hls":"https://video.dot.state.mn.us/public/C30697.stream/playlist.m3u8","snapshot":"https://public.carsprogram.org/cameras/MN/C30697","refreshMs":30000,"attribution":"Ora (Warner Varnado) · Minnesota DOT"}},{"type":"Feature","geometry":{"type":"Point","coordinates":[-93.30772,45.07081]},"properties":{"id":"ora-mn-195","name":"I-94: I-94 EB @ Shingle Creek Pkwy","state":"MN","provider":"Minnesota DOT","hls":"https://video.dot.state.mn.us/public/C8181.stream/playlist.m3u8","snapshot":"https://public.carsprogram.org/cameras/MN/C8181","refreshMs":30000,"attribution":"Ora (Warner Varnado) · Minnesota DOT"}},{"type":"Feature","geometry":{"type":"Point","coordinates":[-93.31884,45.0741]},"properties":{"id":"ora-mn-196","name":"I-94: I-94 WB @ Xerxes Ave","state":"MN","provider":"Minnesota DOT","hls":"https://video.dot.state.mn.us/public/C818.stream/playlist.m3u8","snapshot":"https://public.carsprogram.org/cameras/MN/C818","refreshMs":30000,"attribution":"Ora (Warner Varnado) · Minnesota DOT"}},{"type":"Feature","geometry":{"type":"Point","coordinates":[-93.33229,45.07575]},"properties":{"id":"ora-mn-197","name":"I-94: I-94 WB @ Brooklyn Blvd","state":"MN","provider":"Minnesota DOT","hls":"https://video.dot.state.mn.us/public/C817.stream/playlist.m3u8","snapshot":"https://public.carsprogram.org/cameras/MN/C817","refreshMs":30000,"attribution":"Ora (Warner Varnado) · Minnesota DOT"}},{"type":"Feature","geometry":{"type":"Point","coordinates":[-93.35576,45.07613]},"properties":{"id":"ora-mn-198","name":"I-94: I-94 EB @ Zane Ave","state":"MN","provider":"Minnesota DOT","hls":"https://video.dot.state.mn.us/public/C816.stream/playlist.m3u8","snapshot":"https://public.carsprogram.org/cameras/MN/C816","refreshMs":30000,"attribution":"Ora (Warner Varnado) · Minnesota DOT"}},{"type":"Feature","geometry":{"type":"Point","coordinates":[-93.3727,45.07794]},"properties":{"id":"ora-mn-199","name":"I-94: I-94 EB @ Co Rd 81","state":"MN","provider":"Minnesota DOT","hls":"https://video.dot.state.mn.us/public/C815.stream/playlist.m3u8","snapshot":"https://public.carsprogram.org/cameras/MN/C815","refreshMs":30000,"attribution":"Ora (Warner Varnado) · Minnesota DOT"}},{"type":"Feature","geometry":{"type":"Point","coordinates":[-93.39222,45.07976]},"properties":{"id":"ora-mn-200","name":"I-94: I-94 EB @ Boone Ave","state":"MN","provider":"Minnesota DOT","hls":"https://video.dot.state.mn.us/public/C814.stream/playlist.m3u8","snapshot":"https://public.carsprogram.org/cameras/MN/C814","refreshMs":30000,"attribution":"Ora (Warner Varnado) · Minnesota DOT"}},{"type":"Feature","geometry":{"type":"Point","coordinates":[-93.41742,45.08698]},"properties":{"id":"ora-mn-201","name":"I-94: I-94 WB W of U.S.169","state":"MN","provider":"Minnesota DOT","hls":null,"snapshot":"https://public.carsprogram.org/cameras/MN/C30685?1783724040000","refreshMs":30000,"attribution":"Ora (Warner Varnado) · Minnesota DOT"}},{"type":"Feature","geometry":{"type":"Point","coordinates":[-93.43216,45.08961]},"properties":{"id":"ora-mn-202","name":"I-94: I-94 WB @ Hemlock Ln","state":"MN","provider":"Minnesota DOT","hls":"https://video.dot.state.mn.us/public/C812.stream/playlist.m3u8","snapshot":"https://public.carsprogram.org/cameras/MN/C812","refreshMs":30000,"attribution":"Ora (Warner Varnado) · Minnesota DOT"}},{"type":"Feature","geometry":{"type":"Point","coordinates":[-93.44622,45.09154]},"properties":{"id":"ora-mn-203","name":"I-94: I-94 EB @ I-494 SB","state":"MN","provider":"Minnesota DOT","hls":"https://video.dot.state.mn.us/public/C811.stream/playlist.m3u8","snapshot":"https://public.carsprogram.org/cameras/MN/C811","refreshMs":30000,"attribution":"Ora (Warner Varnado) · Minnesota DOT"}},{"type":"Feature","geometry":{"type":"Point","coordinates":[-93.45386,45.09928]},"properties":{"id":"ora-mn-204","name":"I-94: I-94 WB E of Weaver Lake Rd","state":"MN","provider":"Minnesota DOT","hls":"https://video.dot.state.mn.us/public/C30527.stream/playlist.m3u8","snapshot":"https://public.carsprogram.org/cameras/MN/C30527","refreshMs":30000,"attribution":"Ora (Warner Varnado) · Minnesota DOT"}},{"type":"Feature","geometry":{"type":"Point","coordinates":[-93.45996,45.10432]},"properties":{"id":"ora-mn-205","name":"I-94: I-94 WB @ Weaver Lake Rd","state":"MN","provider":"Minnesota DOT","hls":"https://video.dot.state.mn.us/public/C810.stream/playlist.m3u8","snapshot":"https://public.carsprogram.org/cameras/MN/C810","refreshMs":30000,"attribution":"Ora (Warner Varnado) · Minnesota DOT"}},{"type":"Feature","geometry":{"type":"Point","coordinates":[-93.4712,45.11117]},"properties":{"id":"ora-mn-206","name":"I-94: I-94 EB (Elm Creek)","state":"MN","provider":"Minnesota DOT","hls":"https://video.dot.state.mn.us/public/C809.stream/playlist.m3u8","snapshot":"https://public.carsprogram.org/cameras/MN/C809","refreshMs":30000,"attribution":"Ora (Warner Varnado) · Minnesota DOT"}},{"type":"Feature","geometry":{"type":"Point","coordinates":[-93.47142,45.11133]},"properties":{"id":"ora-mn-207","name":"I-94: I-94 EB (Elm Creek Rest Area 3)","state":"MN","provider":"Minnesota DOT","hls":"https://video.dot.state.mn.us/public/C30210.stream/playlist.m3u8","snapshot":"https://public.carsprogram.org/cameras/MN/C30210","refreshMs":30000,"attribution":"Ora (Warner Varnado) · Minnesota DOT"}},{"type":"Feature","geometry":{"type":"Point","coordinates":[-93.47167,45.11151]},"properties":{"id":"ora-mn-208","name":"I-94: I-94 EB (Elm Creek Rest Area 2)","state":"MN","provider":"Minnesota DOT","hls":null,"snapshot":"https://public.carsprogram.org/cameras/MN/C30037?1783724040000","refreshMs":30000,"attribution":"Ora (Warner Varnado) · Minnesota DOT"}},{"type":"Feature","geometry":{"type":"Point","coordinates":[-93.47193,45.1117]},"properties":{"id":"ora-mn-209","name":"I-94: I-94 EB (Elm Creek Rest Area 1)","state":"MN","provider":"Minnesota DOT","hls":null,"snapshot":"https://public.carsprogram.org/cameras/MN/C30036?1783724040000","refreshMs":30000,"attribution":"Ora (Warner Varnado) · Minnesota DOT"}},{"type":"Feature","geometry":{"type":"Point","coordinates":[-93.47205,45.11178]},"properties":{"id":"ora-mn-210","name":"I-94: I-94 EB (Elm Creek Rest Area 4)","state":"MN","provider":"Minnesota DOT","hls":"https://video.dot.state.mn.us/public/C30733.stream/playlist.m3u8","snapshot":"/images/icon-camera-closed-fill-solid-padded.svg","refreshMs":30000,"attribution":"Ora (Warner Varnado) · Minnesota DOT"}},{"type":"Feature","geometry":{"type":"Point","coordinates":[-93.48226,45.12147]},"properties":{"id":"ora-mn-211","name":"I-94: I-94 EB E of 95th Ave","state":"MN","provider":"Minnesota DOT","hls":"https://video.dot.state.mn.us/public/C30487.stream/playlist.m3u8","snapshot":"https://public.carsprogram.org/cameras/MN/C30487","refreshMs":30000,"attribution":"Ora (Warner Varnado) · Minnesota DOT"}},{"type":"Feature","geometry":{"type":"Point","coordinates":[-93.48401,45.12453]},"properties":{"id":"ora-mn-212","name":"I-94: I-94 WB @ 95th Ave","state":"MN","provider":"Minnesota DOT","hls":"https://video.dot.state.mn.us/public/C808.stream/playlist.m3u8","snapshot":"https://public.carsprogram.org/cameras/MN/C808","refreshMs":30000,"attribution":"Ora (Warner Varnado) · Minnesota DOT"}},{"type":"Feature","geometry":{"type":"Point","coordinates":[-93.48822,45.13068]},"properties":{"id":"ora-mn-213","name":"I-94: I-94 EB W of Maple Grove Pkwy","state":"MN","provider":"Minnesota DOT","hls":"https://video.dot.state.mn.us/public/C30742.stream/playlist.m3u8","snapshot":"https://public.carsprogram.org/cameras/MN/C30742","refreshMs":30000,"attribution":"Ora (Warner Varnado) · Minnesota DOT"}},{"type":"Feature","geometry":{"type":"Point","coordinates":[-93.50165,45.14955]},"properties":{"id":"ora-mn-214","name":"I-94: I-94 WB W of T.H.610","state":"MN","provider":"Minnesota DOT","hls":"https://video.dot.state.mn.us/public/C806.stream/playlist.m3u8","snapshot":"https://public.carsprogram.org/cameras/MN/C806","refreshMs":30000,"attribution":"Ora (Warner Varnado) · Minnesota DOT"}},{"type":"Feature","geometry":{"type":"Point","coordinates":[-93.50921,45.15517]},"properties":{"id":"ora-mn-215","name":"I-94: I-94 WB @ Dayton Pkwy","state":"MN","provider":"Minnesota DOT","hls":"https://video.dot.state.mn.us/public/C30281.stream/playlist.m3u8","snapshot":"https://public.carsprogram.org/cameras/MN/C30281","refreshMs":30000,"attribution":"Ora (Warner Varnado) · Minnesota DOT"}},{"type":"Feature","geometry":{"type":"Point","coordinates":[-93.50991,45.15565]},"properties":{"id":"ora-mn-216","name":"I-94: I-94 EB @ Dayton Pkwy NB","state":"MN","provider":"Minnesota DOT","hls":"https://video.dot.state.mn.us/public/C30143.stream/playlist.m3u8","snapshot":"https://public.carsprogram.org/cameras/MN/C30143","refreshMs":30000,"attribution":"Ora (Warner Varnado) · Minnesota DOT"}},{"type":"Feature","geometry":{"type":"Point","coordinates":[-93.51102,45.1564]},"properties":{"id":"ora-mn-217","name":"I-94: I-94 EB @ Dayton Pkwy","state":"MN","provider":"Minnesota DOT","hls":"https://video.dot.state.mn.us/public/C30280.stream/playlist.m3u8","snapshot":"https://public.carsprogram.org/cameras/MN/C30280","refreshMs":30000,"attribution":"Ora (Warner Varnado) · Minnesota DOT"}},{"type":"Feature","geometry":{"type":"Point","coordinates":[-93.51682,45.16031]},"properties":{"id":"ora-mn-218","name":"I-94: I-94 EB E of Brockton Ln","state":"MN","provider":"Minnesota DOT","hls":"https://video.dot.state.mn.us/public/C805.stream/playlist.m3u8","snapshot":"https://public.carsprogram.org/cameras/MN/C805","refreshMs":30000,"attribution":"Ora (Warner Varnado) · Minnesota DOT"}},{"type":"Feature","geometry":{"type":"Point","coordinates":[-93.52678,45.1686]},"properties":{"id":"ora-mn-219","name":"I-94: I-94 EB E of Co Rd 81","state":"MN","provider":"Minnesota DOT","hls":"https://video.dot.state.mn.us/public/C30486.stream/playlist.m3u8","snapshot":"https://public.carsprogram.org/cameras/MN/C30486","refreshMs":30000,"attribution":"Ora (Warner Varnado) · Minnesota DOT"}},{"type":"Feature","geometry":{"type":"Point","coordinates":[-93.52724,45.17426]},"properties":{"id":"ora-mn-220","name":"I-94: I-94 WB W Jct Co Rd 81","state":"MN","provider":"Minnesota DOT","hls":"https://video.dot.state.mn.us/public/C804.stream/playlist.m3u8","snapshot":"https://public.carsprogram.org/cameras/MN/C804","refreshMs":30000,"attribution":"Ora (Warner Varnado) · Minnesota DOT"}},{"type":"Feature","geometry":{"type":"Point","coordinates":[-93.53814,45.18451]},"properties":{"id":"ora-mn-221","name":"I-94: I-94 EB E of T.H.101","state":"MN","provider":"Minnesota DOT","hls":"https://video.dot.state.mn.us/public/C803.stream/playlist.m3u8","snapshot":"https://public.carsprogram.org/cameras/MN/C803","refreshMs":30000,"attribution":"Ora (Warner Varnado) · Minnesota DOT"}},{"type":"Feature","geometry":{"type":"Point","coordinates":[-93.5729,45.20392]},"properties":{"id":"ora-mn-222","name":"I-94: I-94 EB W of T.H.101","state":"MN","provider":"Minnesota DOT","hls":"https://video.dot.state.mn.us/public/C801.stream/playlist.m3u8","snapshot":"https://public.carsprogram.org/cameras/MN/C801","refreshMs":30000,"attribution":"Ora (Warner Varnado) · Minnesota DOT"}},{"type":"Feature","geometry":{"type":"Point","coordinates":[-93.58361,45.21044]},"properties":{"id":"ora-mn-223","name":"I-94: I-94 WB E of T.H.241 (Co Rd 144)","state":"MN","provider":"Minnesota DOT","hls":"https://video.dot.state.mn.us/public/C800.stream/playlist.m3u8","snapshot":"https://public.carsprogram.org/cameras/MN/C800","refreshMs":30000,"attribution":"Ora (Warner Varnado) · Minnesota DOT"}},{"type":"Feature","geometry":{"type":"Point","coordinates":[-93.60802,45.225]},"properties":{"id":"ora-mn-224","name":"I-94: I-94 WB W of T.H.241 (MP 204)","state":"MN","provider":"Minnesota DOT","hls":"https://video.dot.state.mn.us/public/C798.stream/playlist.m3u8","snapshot":"https://public.carsprogram.org/cameras/MN/C798","refreshMs":30000,"attribution":"Ora (Warner Varnado) · Minnesota DOT"}},{"type":"Feature","geometry":{"type":"Point","coordinates":[-93.62514,45.22897]},"properties":{"id":"ora-mn-225","name":"I-94: I-94 WB E of Co Rd 37 (MP 203)","state":"MN","provider":"Minnesota DOT","hls":"https://video.dot.state.mn.us/public/C797.stream/playlist.m3u8","snapshot":"https://public.carsprogram.org/cameras/MN/C797","refreshMs":30000,"attribution":"Ora (Warner Varnado) · Minnesota DOT"}},{"type":"Feature","geometry":{"type":"Point","coordinates":[-93.66298,45.24106]},"properties":{"id":"ora-mn-226","name":"I-94: I-94 EB @ Co Rd 19 (MP 201)","state":"MN","provider":"Minnesota DOT","hls":"https://video.dot.state.mn.us/public/C795.stream/playlist.m3u8","snapshot":"https://public.carsprogram.org/cameras/MN/C795","refreshMs":30000,"attribution":"Ora (Warner Varnado) · Minnesota DOT"}},{"type":"Feature","geometry":{"type":"Point","coordinates":[-93.68633,45.24958]},"properties":{"id":"ora-mn-227","name":"I-94: I-94 WB (MP 200)","state":"MN","provider":"Minnesota DOT","hls":"https://video.dot.state.mn.us/public/C794.stream/playlist.m3u8","snapshot":"https://public.carsprogram.org/cameras/MN/C794","refreshMs":30000,"attribution":"Ora (Warner Varnado) · Minnesota DOT"}},{"type":"Feature","geometry":{"type":"Point","coordinates":[-93.75461,45.28693]},"properties":{"id":"ora-mn-228","name":"I-94: I-94 WB E of Co Rd 18 (TEMP)","state":"MN","provider":"Minnesota DOT","hls":"https://video.dot.state.mn.us/public/C9010.stream/playlist.m3u8","snapshot":"https://public.carsprogram.org/cameras/MN/C9010","refreshMs":30000,"attribution":"Ora (Warner Varnado) · Minnesota DOT"}},{"type":"Feature","geometry":{"type":"Point","coordinates":[-93.76275,45.28939]},"properties":{"id":"ora-mn-229","name":"I-94: I-94 EB @ Co Rd 18 (MP 195)","state":"MN","provider":"Minnesota DOT","hls":"https://video.dot.state.mn.us/public/C788.stream/playlist.m3u8","snapshot":"https://public.carsprogram.org/cameras/MN/C788","refreshMs":30000,"attribution":"Ora (Warner Varnado) · Minnesota DOT"}},{"type":"Feature","geometry":{"type":"Point","coordinates":[-93.77533,45.29223]},"properties":{"id":"ora-mn-230","name":"I-94: I-94 EB E of T.H.25 (MP 194)","state":"MN","provider":"Minnesota DOT","hls":"https://video.dot.state.mn.us/public/C787.stream/playlist.m3u8","snapshot":"https://public.carsprogram.org/cameras/MN/C787","refreshMs":30000,"attribution":"Ora (Warner Varnado) · Minnesota DOT"}},{"type":"Feature","geometry":{"type":"Point","coordinates":[-93.81844,45.30537]},"properties":{"id":"ora-mn-231","name":"I-94: I-94 EB W of T.H.25 (MP 192)","state":"MN","provider":"Minnesota DOT","hls":"https://video.dot.state.mn.us/public/C785.stream/playlist.m3u8","snapshot":"https://public.carsprogram.org/cameras/MN/C785","refreshMs":30000,"attribution":"Ora (Warner Varnado) · Minnesota DOT"}},{"type":"Feature","geometry":{"type":"Point","coordinates":[-93.84308,45.32177]},"properties":{"id":"ora-mn-232","name":"I-94: I-94 EB W of T.H.25 (MP 190.8)","state":"MN","provider":"Minnesota DOT","hls":"https://video.dot.state.mn.us/public/C784.stream/playlist.m3u8","snapshot":"https://public.carsprogram.org/cameras/MN/C784","refreshMs":30000,"attribution":"Ora (Warner Varnado) · Minnesota DOT"}},{"type":"Feature","geometry":{"type":"Point","coordinates":[-93.85354,45.32918]},"properties":{"id":"ora-mn-233","name":"I-94: I-94 WB W of T.H.25 (MP 190.0)","state":"MN","provider":"Minnesota DOT","hls":"https://video.dot.state.mn.us/public/C783.stream/playlist.m3u8","snapshot":"https://public.carsprogram.org/cameras/MN/C783","refreshMs":30000,"attribution":"Ora (Warner Varnado) · Minnesota DOT"}},{"type":"Feature","geometry":{"type":"Point","coordinates":[-93.88043,45.34103]},"properties":{"id":"ora-mn-234","name":"I-94: I-94 EB W of T.H.25 (MP 188)","state":"MN","provider":"Minnesota DOT","hls":"https://video.dot.state.mn.us/public/C782.stream/playlist.m3u8","snapshot":"https://public.carsprogram.org/cameras/MN/C782","refreshMs":30000,"attribution":"Ora (Warner Varnado) · Minnesota DOT"}},{"type":"Feature","geometry":{"type":"Point","coordinates":[-93.90286,45.35035]},"properties":{"id":"ora-mn-235","name":"I-94: I-94 WB E of Co Rd 8 (MP 187)","state":"MN","provider":"Minnesota DOT","hls":"https://video.dot.state.mn.us/public/C781.stream/playlist.m3u8","snapshot":"https://public.carsprogram.org/cameras/MN/C781","refreshMs":30000,"attribution":"Ora (Warner Varnado) · Minnesota DOT"}},{"type":"Feature","geometry":{"type":"Point","coordinates":[-93.93191,45.35601]},"properties":{"id":"ora-mn-236","name":"I-94: I-94 EB E of Co Rd 8 (MP 185)","state":"MN","provider":"Minnesota DOT","hls":"https://video.dot.state.mn.us/public/C780.stream/playlist.m3u8","snapshot":"https://public.carsprogram.org/cameras/MN/C780","refreshMs":30000,"attribution":"Ora (Warner Varnado) · Minnesota DOT"}},{"type":"Feature","geometry":{"type":"Point","coordinates":[-93.95138,45.36277]},"properties":{"id":"ora-mn-237","name":"I-94: I-94 EB E of Co Rd 8 (MP 184)","state":"MN","provider":"Minnesota DOT","hls":"https://video.dot.state.mn.us/public/C778.stream/playlist.m3u8","snapshot":"https://public.carsprogram.org/cameras/MN/C778","refreshMs":30000,"attribution":"Ora (Warner Varnado) · Minnesota DOT"}},{"type":"Feature","geometry":{"type":"Point","coordinates":[-93.97372,45.36782]},"properties":{"id":"ora-mn-238","name":"I-94: I-94 EB @ Co Rd 8 (MP 183)","state":"MN","provider":"Minnesota DOT","hls":"https://video.dot.state.mn.us/public/C777.stream/playlist.m3u8","snapshot":"https://public.carsprogram.org/cameras/MN/C777","refreshMs":30000,"attribution":"Ora (Warner Varnado) · Minnesota DOT"}},{"type":"Feature","geometry":{"type":"Point","coordinates":[-93.9939,45.37476]},"properties":{"id":"ora-mn-239","name":"I-94: I-94 EB W of Co Rd 8 (MP 182)","state":"MN","provider":"Minnesota DOT","hls":"https://video.dot.state.mn.us/public/C776.stream/playlist.m3u8","snapshot":"https://public.carsprogram.org/cameras/MN/C776","refreshMs":30000,"attribution":"Ora (Warner Varnado) · Minnesota DOT"}},{"type":"Feature","geometry":{"type":"Point","coordinates":[-94.00951,45.38441]},"properties":{"id":"ora-mn-240","name":"I-94: I-94 EB W of Co Rd 8 (MP 181)","state":"MN","provider":"Minnesota DOT","hls":"https://video.dot.state.mn.us/public/C775.stream/playlist.m3u8","snapshot":"https://public.carsprogram.org/cameras/MN/C775","refreshMs":30000,"attribution":"Ora (Warner Varnado) · Minnesota DOT"}},{"type":"Feature","geometry":{"type":"Point","coordinates":[-94.02546,45.39488]},"properties":{"id":"ora-mn-241","name":"I-94: I-94 (Clearwater - MP 181.4)","state":"MN","provider":"Minnesota DOT","hls":null,"snapshot":"https://public.carsprogram.org/cameras/MN/C30314?1783724040000","refreshMs":30000,"attribution":"Ora (Warner Varnado) · Minnesota DOT"}},{"type":"Feature","geometry":{"type":"Point","coordinates":[-94.02638,45.39537]},"properties":{"id":"ora-mn-242","name":"I-94: I-94 EB E of T.H.24 (MP 180)","state":"MN","provider":"Minnesota DOT","hls":"https://video.dot.state.mn.us/public/C774.stream/playlist.m3u8","snapshot":"https://public.carsprogram.org/cameras/MN/C774","refreshMs":30000,"attribution":"Ora (Warner Varnado) · Minnesota DOT"}},{"type":"Feature","geometry":{"type":"Point","coordinates":[-94.03736,45.40126]},"properties":{"id":"ora-mn-243","name":"I-94: I-94 EB E of T.H.24 (MP 179)","state":"MN","provider":"Minnesota DOT","hls":"https://video.dot.state.mn.us/public/C773.stream/playlist.m3u8","snapshot":"https://public.carsprogram.org/cameras/MN/C773","refreshMs":30000,"attribution":"Ora (Warner Varnado) · Minnesota DOT"}},{"type":"Feature","geometry":{"type":"Point","coordinates":[-94.08257,45.42265]},"properties":{"id":"ora-mn-244","name":"I-94: I-94 EB W of T.H.24 (MP 176.8)","state":"MN","provider":"Minnesota DOT","hls":"https://video.dot.state.mn.us/public/C771.stream/playlist.m3u8","snapshot":"https://public.carsprogram.org/cameras/MN/C771","refreshMs":30000,"attribution":"Ora (Warner Varnado) · Minnesota DOT"}},{"type":"Feature","geometry":{"type":"Point","coordinates":[-94.10082,45.43252]},"properties":{"id":"ora-mn-245","name":"I-94: I-94 EB W of T.H.24 (MP 176)","state":"MN","provider":"Minnesota DOT","hls":"https://video.dot.state.mn.us/public/C770.stream/playlist.m3u8","snapshot":"https://public.carsprogram.org/cameras/MN/C770","refreshMs":30000,"attribution":"Ora (Warner Varnado) · Minnesota DOT"}},{"type":"Feature","geometry":{"type":"Point","coordinates":[-94.11784,45.44612]},"properties":{"id":"ora-mn-246","name":"I-94: I-94 EB E of Opportunity Dr (MP 174)","state":"MN","provider":"Minnesota DOT","hls":"https://video.dot.state.mn.us/public/C768.stream/playlist.m3u8","snapshot":"https://public.carsprogram.org/cameras/MN/C768","refreshMs":30000,"attribution":"Ora (Warner Varnado) · Minnesota DOT"}},{"type":"Feature","geometry":{"type":"Point","coordinates":[-94.13058,45.46446]},"properties":{"id":"ora-mn-247","name":"I-94: I-94 EB @ Opportunity Dr (MP 173)","state":"MN","provider":"Minnesota DOT","hls":"https://video.dot.state.mn.us/public/C767.stream/playlist.m3u8","snapshot":"https://public.carsprogram.org/cameras/MN/C767","refreshMs":30000,"attribution":"Ora (Warner Varnado) · Minnesota DOT"}},{"type":"Feature","geometry":{"type":"Point","coordinates":[-94.14128,45.4797]},"properties":{"id":"ora-mn-248","name":"I-94: I-94 WB E of Co Rd 75 (MP 172)","state":"MN","provider":"Minnesota DOT","hls":"https://video.dot.state.mn.us/public/C766.stream/playlist.m3u8","snapshot":"https://public.carsprogram.org/cameras/MN/C766","refreshMs":30000,"attribution":"Ora (Warner Varnado) · Minnesota DOT"}},{"type":"Feature","geometry":{"type":"Point","coordinates":[-94.37113,45.5904]},"properties":{"id":"ora-mn-249","name":"I-94: I-94 EB W of Co Rd 75","state":"MN","provider":"Minnesota DOT","hls":"https://video.dot.state.mn.us/public/C30666.stream/playlist.m3u8","snapshot":"https://public.carsprogram.org/cameras/MN/C30666","refreshMs":30000,"attribution":"Ora (Warner Varnado) · Minnesota DOT"}},{"type":"Feature","geometry":{"type":"Point","coordinates":[-94.48227,45.60435]},"properties":{"id":"ora-mn-250","name":"I-94: I-94 EB (Big Spunk Rest Area 3)","state":"MN","provider":"Minnesota DOT","hls":null,"snapshot":"https://public.carsprogram.org/cameras/MN/C30032?1783724040000","refreshMs":30000,"attribution":"Ora (Warner Varnado) · Minnesota DOT"}},{"type":"Feature","geometry":{"type":"Point","coordinates":[-94.48283,45.60455]},"properties":{"id":"ora-mn-251","name":"I-94: I-94 EB (Big Spunk Rest Area 2)","state":"MN","provider":"Minnesota DOT","hls":null,"snapshot":"https://public.carsprogram.org/cameras/MN/C30031?1783724040000","refreshMs":30000,"attribution":"Ora (Warner Varnado) · Minnesota DOT"}},{"type":"Feature","geometry":{"type":"Point","coordinates":[-94.48341,45.60475]},"properties":{"id":"ora-mn-252","name":"I-94: I-94 EB (Big Spunk Rest Area 1)","state":"MN","provider":"Minnesota DOT","hls":null,"snapshot":"https://public.carsprogram.org/cameras/MN/C30030?1783724040000","refreshMs":30000,"attribution":"Ora (Warner Varnado) · Minnesota DOT"}},{"type":"Feature","geometry":{"type":"Point","coordinates":[-94.93136,45.71332]},"properties":{"id":"ora-mn-255","name":"I-94: I-94 (Sauk Centre - MP 128): I-94 (Sauk Centre - MP 128) View 1","state":"MN","provider":"Minnesota DOT","hls":null,"snapshot":"https://public.carsprogram.org/cameras/MN/C30313-v1?1783724040000","refreshMs":30000,"attribution":"Ora (Warner Varnado) · Minnesota DOT"}},{"type":"Feature","geometry":{"type":"Point","coordinates":[-94.95223,45.7202]},"properties":{"id":"ora-mn-256","name":"I-94: I-94 EB @ U.S.71","state":"MN","provider":"Minnesota DOT","hls":"https://video.dot.state.mn.us/public/C30664.stream/playlist.m3u8","snapshot":"https://public.carsprogram.org/cameras/MN/C30664","refreshMs":30000,"attribution":"Ora (Warner Varnado) · Minnesota DOT"}},{"type":"Feature","geometry":{"type":"Point","coordinates":[-94.97423,45.73387]},"properties":{"id":"ora-mn-257","name":"I-94: I-94 EB S of 2nd St","state":"MN","provider":"Minnesota DOT","hls":"https://video.dot.state.mn.us/public/C9025.stream/playlist.m3u8","snapshot":"https://public.carsprogram.org/cameras/MN/C9025","refreshMs":30000,"attribution":"Ora (Warner Varnado) · Minnesota DOT"}},{"type":"Feature","geometry":{"type":"Point","coordinates":[-95.00449,45.75368]},"properties":{"id":"ora-mn-258","name":"I-94: I-94 EB W of Sinclair Lewis Ave","state":"MN","provider":"Minnesota DOT","hls":"https://video.dot.state.mn.us/public/C9024.stream/playlist.m3u8","snapshot":"/images/icon-camera-closed-fill-solid-padded.svg","refreshMs":30000,"attribution":"Ora (Warner Varnado) · Minnesota DOT"}},{"type":"Feature","geometry":{"type":"Point","coordinates":[-95.36628,45.83753]},"properties":{"id":"ora-mn-259","name":"I-94: I-94 (Alexandria - MP 104): I-94 (Alexandria - MP 104) View 1","state":"MN","provider":"Minnesota DOT","hls":null,"snapshot":"https://public.carsprogram.org/cameras/MN/C30312-v1?1783724040000","refreshMs":30000,"attribution":"Ora (Warner Varnado) · Minnesota DOT"}},{"type":"Feature","geometry":{"type":"Point","coordinates":[-95.44945,45.86891]},"properties":{"id":"ora-mn-260","name":"I-94: I-94 EB (Lake Latoka Rest Area 2)","state":"MN","provider":"Minnesota DOT","hls":null,"snapshot":"https://public.carsprogram.org/cameras/MN/C30029?1783724040000","refreshMs":30000,"attribution":"Ora (Warner Varnado) · Minnesota DOT"}},{"type":"Feature","geometry":{"type":"Point","coordinates":[-95.44991,45.86904]},"properties":{"id":"ora-mn-261","name":"I-94: I-94 EB (Lake Latoka Rest Area 1)","state":"MN","provider":"Minnesota DOT","hls":null,"snapshot":"https://public.carsprogram.org/cameras/MN/C30028?1783724040000","refreshMs":30000,"attribution":"Ora (Warner Varnado) · Minnesota DOT"}},{"type":"Feature","geometry":{"type":"Point","coordinates":[-95.46095,45.8723]},"properties":{"id":"ora-mn-262","name":"I-94: I-94 EB W of T.H.27","state":"MN","provider":"Minnesota DOT","hls":null,"snapshot":"https://public.carsprogram.org/cameras/MN/C9466?1783724040000","refreshMs":30000,"attribution":"Ora (Warner Varnado) · Minnesota DOT"}},{"type":"Feature","geometry":{"type":"Point","coordinates":[-95.71828,45.99078]},"properties":{"id":"ora-mn-263","name":"I-94: I-94 WB E of T.H.79 (MP 83)","state":"MN","provider":"Minnesota DOT","hls":null,"snapshot":"https://public.carsprogram.org/cameras/MN/C9454?1783724040000","refreshMs":30000,"attribution":"Ora (Warner Varnado) · Minnesota DOT"}},{"type":"Feature","geometry":{"type":"Point","coordinates":[-95.72981,45.99855]},"properties":{"id":"ora-mn-264","name":"I-94: I-94 (Evansville - MP 82.8): I-94 (Evansville - MP 82.8) View 1","state":"MN","provider":"Minnesota DOT","hls":null,"snapshot":"https://public.carsprogram.org/cameras/MN/C30372-v1?1783724040000","refreshMs":30000,"attribution":"Ora (Warner Varnado) · Minnesota DOT"}},{"type":"Feature","geometry":{"type":"Point","coordinates":[-95.75453,46.00921]},"properties":{"id":"ora-mn-265","name":"I-94: I-94 EB W of T.H.79 (MP 81)","state":"MN","provider":"Minnesota DOT","hls":null,"snapshot":"https://public.carsprogram.org/cameras/MN/C9450?1783724040000","refreshMs":30000,"attribution":"Ora (Warner Varnado) · Minnesota DOT"}},{"type":"Feature","geometry":{"type":"Point","coordinates":[-96.01872,46.20767]},"properties":{"id":"ora-mn-266","name":"I-94: I-94 (Fergus Falls - MP 61.5): I-94 (Fergus Falls - MP 61.5) View 1","state":"MN","provider":"Minnesota DOT","hls":null,"snapshot":"https://public.carsprogram.org/cameras/MN/C30369-v1?1783724040000","refreshMs":30000,"attribution":"Ora (Warner Varnado) · Minnesota DOT"}},{"type":"Feature","geometry":{"type":"Point","coordinates":[-96.0493,46.23205]},"properties":{"id":"ora-mn-267","name":"I-94: I-94 EB W of U.S.59 (94-59.50)","state":"MN","provider":"Minnesota DOT","hls":null,"snapshot":"https://public.carsprogram.org/cameras/MN/C9438?1783724040000","refreshMs":30000,"attribution":"Ora (Warner Varnado) · Minnesota DOT"}},{"type":"Feature","geometry":{"type":"Point","coordinates":[-96.26213,46.46931]},"properties":{"id":"ora-mn-268","name":"I-94: I-94 WB E of Co Rd 24 (94-36.69)","state":"MN","provider":"Minnesota DOT","hls":null,"snapshot":"https://public.carsprogram.org/cameras/MN/C9426?1783724040000","refreshMs":30000,"attribution":"Ora (Warner Varnado) · Minnesota DOT"}},{"type":"Feature","geometry":{"type":"Point","coordinates":[-96.29087,46.49072]},"properties":{"id":"ora-mn-269","name":"I-94: I-94 (Rothsay - MP 38): I-94 (Rothsay - MP 38) View 1","state":"MN","provider":"Minnesota DOT","hls":null,"snapshot":"https://public.carsprogram.org/cameras/MN/C30311-v1?1783724040000","refreshMs":30000,"attribution":"Ora (Warner Varnado) · Minnesota DOT"}},{"type":"Feature","geometry":{"type":"Point","coordinates":[-96.29093,46.50089]},"properties":{"id":"ora-mn-270","name":"I-94: I-94 EB W of Co Rd 11 (94-36.86)","state":"MN","provider":"Minnesota DOT","hls":null,"snapshot":"https://public.carsprogram.org/cameras/MN/C9422?1783724040000","refreshMs":30000,"attribution":"Ora (Warner Varnado) · Minnesota DOT"}},{"type":"Feature","geometry":{"type":"Point","coordinates":[-96.38239,46.64581]},"properties":{"id":"ora-mn-271","name":"I-94: I-94 WB E of T.H.34 (MP 25.01)","state":"MN","provider":"Minnesota DOT","hls":null,"snapshot":"https://public.carsprogram.org/cameras/MN/C9414?1783724040000","refreshMs":30000,"attribution":"Ora (Warner Varnado) · Minnesota DOT"}},{"type":"Feature","geometry":{"type":"Point","coordinates":[-96.44778,46.68982]},"properties":{"id":"ora-mn-272","name":"I-94: I-94 EB W of T.H.9 (MP 21.2 - 140th Av S)","state":"MN","provider":"Minnesota DOT","hls":null,"snapshot":"https://public.carsprogram.org/cameras/MN/C9410?1783724040000","refreshMs":30000,"attribution":"Ora (Warner Varnado) · Minnesota DOT"}},{"type":"Feature","geometry":{"type":"Point","coordinates":[-96.60096,46.81756]},"properties":{"id":"ora-mn-273","name":"I-94: I-94 WB @ 50th St","state":"MN","provider":"Minnesota DOT","hls":"https://video.dot.state.mn.us/public/C30684.stream/playlist.m3u8","snapshot":"https://public.carsprogram.org/cameras/MN/C30684","refreshMs":30000,"attribution":"Ora (Warner Varnado) · Minnesota DOT"}},{"type":"Feature","geometry":{"type":"Point","coordinates":[-96.66805,46.84711]},"properties":{"id":"ora-mn-274","name":"I-94: I-94 (Dilworth - MP 5): I-94 (Dilworth - MP 5) View 1","state":"MN","provider":"Minnesota DOT","hls":null,"snapshot":"https://public.carsprogram.org/cameras/MN/C30310-v1?1783724040000","refreshMs":30000,"attribution":"Ora (Warner Varnado) · Minnesota DOT"}},{"type":"Feature","geometry":{"type":"Point","coordinates":[-96.67031,46.84711]},"properties":{"id":"ora-mn-275","name":"I-94: I-94 EB W of T.H.336","state":"MN","provider":"Minnesota DOT","hls":"https://video.dot.state.mn.us/public/C9404.stream/playlist.m3u8","snapshot":"https://public.carsprogram.org/cameras/MN/C9404","refreshMs":30000,"attribution":"Ora (Warner Varnado) · Minnesota DOT"}},{"type":"Feature","geometry":{"type":"Point","coordinates":[-96.69396,46.84711]},"properties":{"id":"ora-mn-276","name":"I-94: I-94 WB W of MN 336","state":"MN","provider":"Minnesota DOT","hls":"https://video.dot.state.mn.us/public/C30683.stream/playlist.m3u8","snapshot":"https://public.carsprogram.org/cameras/MN/C30683","refreshMs":30000,"attribution":"Ora (Warner Varnado) · Minnesota DOT"}},{"type":"Feature","geometry":{"type":"Point","coordinates":[-96.70575,46.84711]},"properties":{"id":"ora-mn-277","name":"I-94: I-94 EB E of 34th St","state":"MN","provider":"Minnesota DOT","hls":"https://video.dot.state.mn.us/public/C30682.stream/playlist.m3u8","snapshot":"https://public.carsprogram.org/cameras/MN/C30682","refreshMs":30000,"attribution":"Ora (Warner Varnado) · Minnesota DOT"}},{"type":"Feature","geometry":{"type":"Point","coordinates":[-96.72016,46.84711]},"properties":{"id":"ora-mn-278","name":"I-94: I-94 EB @ Main Ave","state":"MN","provider":"Minnesota DOT","hls":"https://video.dot.state.mn.us/public/C30681.stream/playlist.m3u8","snapshot":"https://public.carsprogram.org/cameras/MN/C30681","refreshMs":30000,"attribution":"Ora (Warner Varnado) · Minnesota DOT"}},{"type":"Feature","geometry":{"type":"Point","coordinates":[-96.74835,46.84709]},"properties":{"id":"ora-mn-279","name":"I-94: I-94 WB @ 20th St","state":"MN","provider":"Minnesota DOT","hls":"https://video.dot.state.mn.us/public/C30680.stream/playlist.m3u8","snapshot":"https://public.carsprogram.org/cameras/MN/C30680","refreshMs":30000,"attribution":"Ora (Warner Varnado) · Minnesota DOT"}},{"type":"Feature","geometry":{"type":"Point","coordinates":[-96.7578,46.84701]},"properties":{"id":"ora-mn-280","name":"I-94: I-94 EB E of U.S.75","state":"MN","provider":"Minnesota DOT","hls":"https://video.dot.state.mn.us/public/C30679.stream/playlist.m3u8","snapshot":"https://public.carsprogram.org/cameras/MN/C30679","refreshMs":30000,"attribution":"Ora (Warner Varnado) · Minnesota DOT"}},{"type":"Feature","geometry":{"type":"Point","coordinates":[-96.76913,46.84697]},"properties":{"id":"ora-mn-281","name":"I-94: I-94 EB @ U.S.75","state":"MN","provider":"Minnesota DOT","hls":"https://video.dot.state.mn.us/public/C30678.stream/playlist.m3u8","snapshot":"https://public.carsprogram.org/cameras/MN/C30678","refreshMs":30000,"attribution":"Ora (Warner Varnado) · Minnesota DOT"}},{"type":"Feature","geometry":{"type":"Point","coordinates":[-96.77741,46.8472]},"properties":{"id":"ora-mn-282","name":"I-94: I-94 (Red River - Bridge): I-94 (Red River - Bridge) View 1","state":"MN","provider":"Minnesota DOT","hls":null,"snapshot":"https://public.carsprogram.org/cameras/MN/C30470-v1?1783724040000","refreshMs":30000,"attribution":"Ora (Warner Varnado) · Minnesota DOT"}},{"type":"Feature","geometry":{"type":"Point","coordinates":[-96.77837,46.84733]},"properties":{"id":"ora-mn-283","name":"I-94: I-94 EB W of U.S.75","state":"MN","provider":"Minnesota DOT","hls":"https://video.dot.state.mn.us/public/C30677.stream/playlist.m3u8","snapshot":"https://public.carsprogram.org/cameras/MN/C30677","refreshMs":30000,"attribution":"Ora (Warner Varnado) · Minnesota DOT"}},{"type":"Feature","geometry":{"type":"Point","coordinates":[-91.30343,43.85785]},"properties":{"id":"ora-mn-284","name":"I-90: I-90 EB (La Crescent - MP 276.4): I-90 EB (La Crescent - MP 276.4) View 1","state":"MN","provider":"Minnesota DOT","hls":null,"snapshot":"https://public.carsprogram.org/cameras/MN/C30338-v1?1783724040000","refreshMs":30000,"attribution":"Ora (Warner Varnado) · Minnesota DOT"}},{"type":"Feature","geometry":{"type":"Point","coordinates":[-91.30375,43.85787]},"properties":{"id":"ora-mn-285","name":"I-90: I-90 WB @ U.S.61","state":"MN","provider":"Minnesota DOT","hls":null,"snapshot":"https://public.carsprogram.org/cameras/MN/D6-C340?1783724040000","refreshMs":30000,"attribution":"Ora (Warner Varnado) · Minnesota DOT"}},{"type":"Feature","geometry":{"type":"Point","coordinates":[-91.31247,43.86648]},"properties":{"id":"ora-mn-286","name":"I-90: U.S.61 NB N of I-90","state":"MN","provider":"Minnesota DOT","hls":null,"snapshot":"https://public.carsprogram.org/cameras/MN/D6-C338?1783724040000","refreshMs":30000,"attribution":"Ora (Warner Varnado) · Minnesota DOT"}},{"type":"Feature","geometry":{"type":"Point","coordinates":[-91.54354,43.91144]},"properties":{"id":"ora-mn-287","name":"I-90: I-90 WB (Ridgeway - MP 261): I-90 WB (Ridgeway - MP 261) View 1","state":"MN","provider":"Minnesota DOT","hls":null,"snapshot":"https://public.carsprogram.org/cameras/MN/C30309-v1?1783724040000","refreshMs":30000,"attribution":"Ora (Warner Varnado) · Minnesota DOT"}},{"type":"Feature","geometry":{"type":"Point","coordinates":[-92.20514,43.95514]},"properties":{"id":"ora-mn-288","name":"I-90: I-90 WB (Eyota - MP 226): I-90 WB (Eyota - MP 226) View 1","state":"MN","provider":"Minnesota DOT","hls":null,"snapshot":"https://public.carsprogram.org/cameras/MN/C30308-v1?1783724040000","refreshMs":30000,"attribution":"Ora (Warner Varnado) · Minnesota DOT"}},{"type":"Feature","geometry":{"type":"Point","coordinates":[-92.68078,43.727]},"properties":{"id":"ora-mn-289","name":"I-90: I-90 WB (Dexter - MP 195): I-90 WB (Dexter - MP 195) View 1","state":"MN","provider":"Minnesota DOT","hls":null,"snapshot":"https://public.carsprogram.org/cameras/MN/C30307-v1?1783724040000","refreshMs":30000,"attribution":"Ora (Warner Varnado) · Minnesota DOT"}},{"type":"Feature","geometry":{"type":"Point","coordinates":[-92.98031,43.68051]},"properties":{"id":"ora-mn-290","name":"I-90: I-90 WB @ 4th St NW","state":"MN","provider":"Minnesota DOT","hls":null,"snapshot":"https://public.carsprogram.org/cameras/MN/C30784?1783724040000","refreshMs":30000,"attribution":"Ora (Warner Varnado) · Minnesota DOT"}},{"type":"Feature","geometry":{"type":"Point","coordinates":[-93.31995,43.68344]},"properties":{"id":"ora-mn-291","name":"I-90: I-90 EB @ I-35 NB","state":"MN","provider":"Minnesota DOT","hls":"https://video.dot.state.mn.us/public/C30585.stream/playlist.m3u8","snapshot":"https://public.carsprogram.org/cameras/MN/C30585","refreshMs":30000,"attribution":"Ora (Warner Varnado) · Minnesota DOT"}},{"type":"Feature","geometry":{"type":"Point","coordinates":[-93.72762,43.65816]},"properties":{"id":"ora-mn-292","name":"I-90: I-90 EB (Wells - MP 48.2): I-90 EB (Wells - MP 48.2) View 1","state":"MN","provider":"Minnesota DOT","hls":null,"snapshot":"https://public.carsprogram.org/cameras/MN/C30341-v1?1783724040000","refreshMs":30000,"attribution":"Ora (Warner Varnado) · Minnesota DOT"}},{"type":"Feature","geometry":{"type":"Point","coordinates":[-94.12325,43.66189]},"properties":{"id":"ora-mn-293","name":"I-90: I-90 WB (Blue Earth - MP 119): I-90 WB (Blue Earth - MP 119) View 1","state":"MN","provider":"Minnesota DOT","hls":null,"snapshot":"https://public.carsprogram.org/cameras/MN/C30306-v1?1783724040000","refreshMs":30000,"attribution":"Ora (Warner Varnado) · Minnesota DOT"}},{"type":"Feature","geometry":{"type":"Point","coordinates":[-94.61519,43.68095]},"properties":{"id":"ora-mn-294","name":"I-90: I-90 E-W (Welcome - MP 93.7): I-90 E-W (Welcome - MP 93.7) View 1","state":"MN","provider":"Minnesota DOT","hls":null,"snapshot":"https://public.carsprogram.org/cameras/MN/C30340-v1?1783724040000","refreshMs":30000,"attribution":"Ora (Warner Varnado) · Minnesota DOT"}},{"type":"Feature","geometry":{"type":"Point","coordinates":[-95.11873,43.63816]},"properties":{"id":"ora-mn-295","name":"I-90: I-90 EB (Lakefield - MP 67): I-90 EB (Lakefield - MP 67) View 1","state":"MN","provider":"Minnesota DOT","hls":null,"snapshot":"https://public.carsprogram.org/cameras/MN/C30305-v1?1783724040000","refreshMs":30000,"attribution":"Ora (Warner Varnado) · Minnesota DOT"}},{"type":"Feature","geometry":{"type":"Point","coordinates":[-95.76993,43.63766]},"properties":{"id":"ora-mn-296","name":"I-90: I-90 EB (Rushmore - MP 35): I-90 EB (Rushmore - MP 35) View 1","state":"MN","provider":"Minnesota DOT","hls":null,"snapshot":"https://public.carsprogram.org/cameras/MN/C30304-v1?1783724040000","refreshMs":30000,"attribution":"Ora (Warner Varnado) · Minnesota DOT"}},{"type":"Feature","geometry":{"type":"Point","coordinates":[-96.09327,43.63762]},"properties":{"id":"ora-mn-297","name":"I-90: I-90 EB (Magnolia - MP 21.6): I-90 EB (Magnolia - MP 21.6) View 1","state":"MN","provider":"Minnesota DOT","hls":null,"snapshot":"https://public.carsprogram.org/cameras/MN/C30339-v1?1783724040000","refreshMs":30000,"attribution":"Ora (Warner Varnado) · Minnesota DOT"}},{"type":"Feature","geometry":{"type":"Point","coordinates":[-96.37798,43.60844]},"properties":{"id":"ora-mn-298","name":"I-90: I-90 EB (Beaver Creek - MP 4): I-90 EB (Beaver Creek - MP 4) View 1","state":"MN","provider":"Minnesota DOT","hls":null,"snapshot":"https://public.carsprogram.org/cameras/MN/C30303-v1?1783724040000","refreshMs":30000,"attribution":"Ora (Warner Varnado) · Minnesota DOT"}},{"type":"Feature","geometry":{"type":"Point","coordinates":[-92.08196,46.79753]},"properties":{"id":"ora-mn-299","name":"I-35: I-35 SB (Leif Ericson Tunnel)","state":"MN","provider":"Minnesota DOT","hls":null,"snapshot":"https://public.carsprogram.org/cameras/MN/C35-195?1783724040000","refreshMs":30000,"attribution":"Ora (Warner Varnado) · Minnesota DOT"}},{"type":"Feature","geometry":{"type":"Point","coordinates":[-92.08202,46.79751]},"properties":{"id":"ora-mn-300","name":"I-35: I-35 NB (Leif Ericson Tunnel)","state":"MN","provider":"Minnesota DOT","hls":null,"snapshot":"https://public.carsprogram.org/cameras/MN/C35-194?1783724040000","refreshMs":30000,"attribution":"Ora (Warner Varnado) · Minnesota DOT"}},{"type":"Feature","geometry":{"type":"Point","coordinates":[-92.08584,46.79579]},"properties":{"id":"ora-mn-301","name":"I-35: I-35 SB @ 10th Ave E","state":"MN","provider":"Minnesota DOT","hls":"https://video.dot.state.mn.us/public/C35-191.stream/playlist.m3u8","snapshot":"https://public.carsprogram.org/cameras/MN/C35-191","refreshMs":30000,"attribution":"Ora (Warner Varnado) · Minnesota DOT"}},{"type":"Feature","geometry":{"type":"Point","coordinates":[-92.09067,46.79309]},"properties":{"id":"ora-mn-302","name":"I-35: I-35 SB @ 6th Ave E","state":"MN","provider":"Minnesota DOT","hls":"https://video.dot.state.mn.us/public/C35-188.stream/playlist.m3u8","snapshot":"https://public.carsprogram.org/cameras/MN/C35-188","refreshMs":30000,"attribution":"Ora (Warner Varnado) · Minnesota DOT"}},{"type":"Feature","geometry":{"type":"Point","coordinates":[-92.09286,46.79004]},"properties":{"id":"ora-mn-303","name":"I-35: I-35 NB @ Lake Pl","state":"MN","provider":"Minnesota DOT","hls":"https://video.dot.state.mn.us/public/C30276.stream/playlist.m3u8","snapshot":"https://public.carsprogram.org/cameras/MN/C30276","refreshMs":30000,"attribution":"Ora (Warner Varnado) · Minnesota DOT"}},{"type":"Feature","geometry":{"type":"Point","coordinates":[-92.09305,46.78973]},"properties":{"id":"ora-mn-304","name":"I-35: I-35 SB @ Lake Pl","state":"MN","provider":"Minnesota DOT","hls":"https://video.dot.state.mn.us/public/C35-185.stream/playlist.m3u8","snapshot":"https://public.carsprogram.org/cameras/MN/C35-185","refreshMs":30000,"attribution":"Ora (Warner Varnado) · Minnesota DOT"}},{"type":"Feature","geometry":{"type":"Point","coordinates":[-92.09687,46.78635]},"properties":{"id":"ora-mn-305","name":"I-35: I-35 SB @ Lake Ave","state":"MN","provider":"Minnesota DOT","hls":null,"snapshot":"https://public.carsprogram.org/cameras/MN/C35-182?1783724040000","refreshMs":30000,"attribution":"Ora (Warner Varnado) · Minnesota DOT"}},{"type":"Feature","geometry":{"type":"Point","coordinates":[-92.10068,46.78282]},"properties":{"id":"ora-mn-306","name":"I-35: I-35 SB (Alworth Bldg)","state":"MN","provider":"Minnesota DOT","hls":"https://video.dot.state.mn.us/public/C35-179.stream/playlist.m3u8","snapshot":"https://public.carsprogram.org/cameras/MN/C35-179","refreshMs":30000,"attribution":"Ora (Warner Varnado) · Minnesota DOT"}},{"type":"Feature","geometry":{"type":"Point","coordinates":[-92.1021,46.78162]},"properties":{"id":"ora-mn-307","name":"I-35: I-35 NB @ 5th Ave","state":"MN","provider":"Minnesota DOT","hls":"https://video.dot.state.mn.us/public/C30219.stream/playlist.m3u8","snapshot":"https://public.carsprogram.org/cameras/MN/C30219","refreshMs":30000,"attribution":"Ora (Warner Varnado) · Minnesota DOT"}},{"type":"Feature","geometry":{"type":"Point","coordinates":[-92.11458,46.77232]},"properties":{"id":"ora-mn-308","name":"I-35: I-35 SB @ 14th Ave W","state":"MN","provider":"Minnesota DOT","hls":"https://video.dot.state.mn.us/public/C35-174.stream/playlist.m3u8","snapshot":"https://public.carsprogram.org/cameras/MN/C35-174","refreshMs":30000,"attribution":"Ora (Warner Varnado) · Minnesota DOT"}},{"type":"Feature","geometry":{"type":"Point","coordinates":[-92.12334,46.76492]},"properties":{"id":"ora-mn-309","name":"I-35: I-35 NB @ T.H.53","state":"MN","provider":"Minnesota DOT","hls":"https://video.dot.state.mn.us/public/C35-136.stream/playlist.m3u8","snapshot":"https://public.carsprogram.org/cameras/MN/C35-136","refreshMs":30000,"attribution":"Ora (Warner Varnado) · Minnesota DOT"}},{"type":"Feature","geometry":{"type":"Point","coordinates":[-92.12521,46.76291]},"properties":{"id":"ora-mn-310","name":"I-35: I-35 NB @ 24th Ave W","state":"MN","provider":"Minnesota DOT","hls":"https://video.dot.state.mn.us/public/C35-132.stream/playlist.m3u8","snapshot":"https://public.carsprogram.org/cameras/MN/C35-132","refreshMs":30000,"attribution":"Ora (Warner Varnado) · Minnesota DOT"}},{"type":"Feature","geometry":{"type":"Point","coordinates":[-92.12523,46.76289]},"properties":{"id":"ora-mn-311","name":"I-35: I-35 SB @ 24th Ave W","state":"MN","provider":"Minnesota DOT","hls":"https://video.dot.state.mn.us/public/C35-131.stream/playlist.m3u8","snapshot":"https://public.carsprogram.org/cameras/MN/C35-131","refreshMs":30000,"attribution":"Ora (Warner Varnado) · Minnesota DOT"}},{"type":"Feature","geometry":{"type":"Point","coordinates":[-92.13095,46.75745]},"properties":{"id":"ora-mn-312","name":"I-35: I-35 NB @ 29th Ave W","state":"MN","provider":"Minnesota DOT","hls":"https://video.dot.state.mn.us/public/C35-125.stream/playlist.m3u8","snapshot":"https://public.carsprogram.org/cameras/MN/C35-125","refreshMs":30000,"attribution":"Ora (Warner Varnado) · Minnesota DOT"}},{"type":"Feature","geometry":{"type":"Point","coordinates":[-92.13636,46.75377]},"properties":{"id":"ora-mn-313","name":"I-35: I-35 NB (Oredocks)","state":"MN","provider":"Minnesota DOT","hls":"https://video.dot.state.mn.us/public/C35-123.stream/playlist.m3u8","snapshot":"https://public.carsprogram.org/cameras/MN/C35-123","refreshMs":30000,"attribution":"Ora (Warner Varnado) · Minnesota DOT"}},{"type":"Feature","geometry":{"type":"Point","coordinates":[-92.14662,46.74838]},"properties":{"id":"ora-mn-314","name":"I-35: I-35 NB @ 40th Ave W","state":"MN","provider":"Minnesota DOT","hls":"https://video.dot.state.mn.us/public/C35-121.stream/playlist.m3u8","snapshot":"https://public.carsprogram.org/cameras/MN/C35-121","refreshMs":30000,"attribution":"Ora (Warner Varnado) · Minnesota DOT"}},{"type":"Feature","geometry":{"type":"Point","coordinates":[-92.16525,46.736]},"properties":{"id":"ora-mn-315","name":"I-35: I-35 NB @ Central Ave","state":"MN","provider":"Minnesota DOT","hls":"https://video.dot.state.mn.us/public/C35-100.stream/playlist.m3u8","snapshot":"https://public.carsprogram.org/cameras/MN/C35-100","refreshMs":30000,"attribution":"Ora (Warner Varnado) · Minnesota DOT"}},{"type":"Feature","geometry":{"type":"Point","coordinates":[-92.17753,46.7371]},"properties":{"id":"ora-mn-316","name":"I-35: I-35 NB @ 63rd Ave W","state":"MN","provider":"Minnesota DOT","hls":"https://video.dot.state.mn.us/public/C35-098.stream/playlist.m3u8","snapshot":"https://public.carsprogram.org/cameras/MN/C35-098","refreshMs":30000,"attribution":"Ora (Warner Varnado) · Minnesota DOT"}},{"type":"Feature","geometry":{"type":"Point","coordinates":[-92.18938,46.73669]},"properties":{"id":"ora-mn-317","name":"I-35: I-35 NB @ Cody St","state":"MN","provider":"Minnesota DOT","hls":"https://video.dot.state.mn.us/public/C35-094.stream/playlist.m3u8","snapshot":"https://public.carsprogram.org/cameras/MN/C35-094","refreshMs":30000,"attribution":"Ora (Warner Varnado) · Minnesota DOT"}},{"type":"Feature","geometry":{"type":"Point","coordinates":[-92.21735,46.72597]},"properties":{"id":"ora-mn-318","name":"I-35: I-35 SB @ Boundary Ave","state":"MN","provider":"Minnesota DOT","hls":"https://video.dot.state.mn.us/public/C30269.stream/playlist.m3u8","snapshot":"https://public.carsprogram.org/cameras/MN/C30269","refreshMs":30000,"attribution":"Ora (Warner Varnado) · Minnesota DOT"}},{"type":"Feature","geometry":{"type":"Point","coordinates":[-92.24916,46.71671]},"properties":{"id":"ora-mn-319","name":"I-35: I-35 (Thompson Hill - MP 247): I-35 (Thompson Hill - MP 247) View 1","state":"MN","provider":"Minnesota DOT","hls":null,"snapshot":"https://public.carsprogram.org/cameras/MN/C30452-v1?1783724040000","refreshMs":30000,"attribution":"Ora (Warner Varnado) · Minnesota DOT"}},{"type":"Feature","geometry":{"type":"Point","coordinates":[-92.24962,46.71652]},"properties":{"id":"ora-mn-320","name":"I-35: I-35 NB @ Ormsby Road","state":"MN","provider":"Minnesota DOT","hls":"https://video.dot.state.mn.us/public/C30270.stream/playlist.m3u8","snapshot":"https://public.carsprogram.org/cameras/MN/C30270","refreshMs":30000,"attribution":"Ora (Warner Varnado) · Minnesota DOT"}},{"type":"Feature","geometry":{"type":"Point","coordinates":[-92.27918,46.70778]},"properties":{"id":"ora-mn-321","name":"I-35: I-35 NB @ Midway Rd","state":"MN","provider":"Minnesota DOT","hls":"https://video.dot.state.mn.us/public/C30271.stream/playlist.m3u8","snapshot":"https://public.carsprogram.org/cameras/MN/C30271","refreshMs":30000,"attribution":"Ora (Warner Varnado) · Minnesota DOT"}},{"type":"Feature","geometry":{"type":"Point","coordinates":[-92.38715,46.699]},"properties":{"id":"ora-mn-322","name":"I-35: I-35 SB @ Korby Road","state":"MN","provider":"Minnesota DOT","hls":"https://video.dot.state.mn.us/public/C30272.stream/playlist.m3u8","snapshot":"https://public.carsprogram.org/cameras/MN/C30272","refreshMs":30000,"attribution":"Ora (Warner Varnado) · Minnesota DOT"}},{"type":"Feature","geometry":{"type":"Point","coordinates":[-92.5317,46.62783]},"properties":{"id":"ora-mn-323","name":"I-35: I-35 (Atkinson Br - MP 231): I-35 (Atkinson Br - MP 231) View 1","state":"MN","provider":"Minnesota DOT","hls":null,"snapshot":"https://public.carsprogram.org/cameras/MN/C30469-v1?1783724040000","refreshMs":30000,"attribution":"Ora (Warner Varnado) · Minnesota DOT"}},{"type":"Feature","geometry":{"type":"Point","coordinates":[-92.73,46.45274]},"properties":{"id":"ora-mn-324","name":"I-35: I-35 (Moose Lake - MP 216.0): I-35 (Moose Lake - MP 216.0) View 1","state":"MN","provider":"Minnesota DOT","hls":null,"snapshot":"https://public.carsprogram.org/cameras/MN/C30431-v1?1783724040000","refreshMs":30000,"attribution":"Ora (Warner Varnado) · Minnesota DOT"}},{"type":"Feature","geometry":{"type":"Point","coordinates":[-92.83761,46.21231]},"properties":{"id":"ora-mn-325","name":"I-35: I-35 (Askov - MP 198): I-35 (Askov - MP 198) View 1","state":"MN","provider":"Minnesota DOT","hls":null,"snapshot":"https://public.carsprogram.org/cameras/MN/C30302-v1?1783724040000","refreshMs":30000,"attribution":"Ora (Warner Varnado) · Minnesota DOT"}},{"type":"Feature","geometry":{"type":"Point","coordinates":[-92.94842,45.98516]},"properties":{"id":"ora-mn-326","name":"I-35: I-35 (Hinckley - MP 181): I-35 (Hinckley - MP 181) View 1","state":"MN","provider":"Minnesota DOT","hls":null,"snapshot":"https://public.carsprogram.org/cameras/MN/C30449-v1?1783724040000","refreshMs":30000,"attribution":"Ora (Warner Varnado) · Minnesota DOT"}},{"type":"Feature","geometry":{"type":"Point","coordinates":[-92.99173,45.73036]},"properties":{"id":"ora-mn-327","name":"I-35: I-35 NB @ 540th St (Chisago-Pine Co Ln-MP163)","state":"MN","provider":"Minnesota DOT","hls":"https://video.dot.state.mn.us/public/C30640.stream/playlist.m3u8","snapshot":"https://public.carsprogram.org/cameras/MN/C30640","refreshMs":30000,"attribution":"Ora (Warner Varnado) · Minnesota DOT"}},{"type":"Feature","geometry":{"type":"Point","coordinates":[-92.99205,45.71625]},"properties":{"id":"ora-mn-328","name":"I-35: I-35 NB @ 530th St (Co Rd 3 - MP 162.2)","state":"MN","provider":"Minnesota DOT","hls":"https://video.dot.state.mn.us/public/C30639.stream/playlist.m3u8","snapshot":"https://public.carsprogram.org/cameras/MN/C30639","refreshMs":30000,"attribution":"Ora (Warner Varnado) · Minnesota DOT"}},{"type":"Feature","geometry":{"type":"Point","coordinates":[-92.9921,45.70272]},"properties":{"id":"ora-mn-329","name":"I-35: I-35 NB @ 520th St (MP 161.2)","state":"MN","provider":"Minnesota DOT","hls":"https://video.dot.state.mn.us/public/C30638.stream/playlist.m3u8","snapshot":"https://public.carsprogram.org/cameras/MN/C30638","refreshMs":30000,"attribution":"Ora (Warner Varnado) · Minnesota DOT"}},{"type":"Feature","geometry":{"type":"Point","coordinates":[-92.98959,45.68462]},"properties":{"id":"ora-mn-330","name":"I-35: I-35 NB @ Co Rd 1 (Rush City - MP 160)","state":"MN","provider":"Minnesota DOT","hls":"https://video.dot.state.mn.us/public/C30637.stream/playlist.m3u8","snapshot":"https://public.carsprogram.org/cameras/MN/C30637","refreshMs":30000,"attribution":"Ora (Warner Varnado) · Minnesota DOT"}},{"type":"Feature","geometry":{"type":"Point","coordinates":[-92.99214,45.67193]},"properties":{"id":"ora-mn-331","name":"I-35: I-35 NB @ Rush Point Dr (Co Rd 7 - MP 159.1)","state":"MN","provider":"Minnesota DOT","hls":"https://video.dot.state.mn.us/public/C30636.stream/playlist.m3u8","snapshot":"https://public.carsprogram.org/cameras/MN/C30636","refreshMs":30000,"attribution":"Ora (Warner Varnado) · Minnesota DOT"}},{"type":"Feature","geometry":{"type":"Point","coordinates":[-92.99216,45.65843]},"properties":{"id":"ora-mn-332","name":"I-35: I-35 NB @ 490th St (MP 158.3)","state":"MN","provider":"Minnesota DOT","hls":"https://video.dot.state.mn.us/public/C30635.stream/playlist.m3u8","snapshot":"https://public.carsprogram.org/cameras/MN/C30635","refreshMs":30000,"attribution":"Ora (Warner Varnado) · Minnesota DOT"}},{"type":"Feature","geometry":{"type":"Point","coordinates":[-92.99218,45.6437]},"properties":{"id":"ora-mn-333","name":"I-35: I-35 NB @ 480th St (MP 157.3)","state":"MN","provider":"Minnesota DOT","hls":"https://video.dot.state.mn.us/public/C30634.stream/playlist.m3u8","snapshot":"https://public.carsprogram.org/cameras/MN/C30634","refreshMs":30000,"attribution":"Ora (Warner Varnado) · Minnesota DOT"}},{"type":"Feature","geometry":{"type":"Point","coordinates":[-92.99218,45.64289]},"properties":{"id":"ora-mn-334","name":"I-35: I-35 (Rush City - MP 157): I-35 (Rush City - MP 157) View 1","state":"MN","provider":"Minnesota DOT","hls":null,"snapshot":"https://public.carsprogram.org/cameras/MN/C30301-v1?1783724040000","refreshMs":30000,"attribution":"Ora (Warner Varnado) · Minnesota DOT"}},{"type":"Feature","geometry":{"type":"Point","coordinates":[-92.99233,45.61473]},"properties":{"id":"ora-mn-335","name":"I-35: I-35 NB @ 460th St (MP 155.2)","state":"MN","provider":"Minnesota DOT","hls":"https://video.dot.state.mn.us/public/C30632.stream/playlist.m3u8","snapshot":"https://public.carsprogram.org/cameras/MN/C30632","refreshMs":30000,"attribution":"Ora (Warner Varnado) · Minnesota DOT"}},{"type":"Feature","geometry":{"type":"Point","coordinates":[-92.99484,45.60068]},"properties":{"id":"ora-mn-336","name":"I-35: I-35 NB @ Goose Creek RA (MP 154.3)","state":"MN","provider":"Minnesota DOT","hls":"https://video.dot.state.mn.us/public/C30631.stream/playlist.m3u8","snapshot":"https://public.carsprogram.org/cameras/MN/C30631","refreshMs":30000,"attribution":"Ora (Warner Varnado) · Minnesota DOT"}},{"type":"Feature","geometry":{"type":"Point","coordinates":[-92.99245,45.57819]},"properties":{"id":"ora-mn-337","name":"I-35: I-35 NB @ Co Rd 10 (Stark Rd - MP 152.6)","state":"MN","provider":"Minnesota DOT","hls":"https://video.dot.state.mn.us/public/C30630.stream/playlist.m3u8","snapshot":"https://public.carsprogram.org/cameras/MN/C30630","refreshMs":30000,"attribution":"Ora (Warner Varnado) · Minnesota DOT"}},{"type":"Feature","geometry":{"type":"Point","coordinates":[-92.99056,45.56379]},"properties":{"id":"ora-mn-338","name":"I-35: I-35 NB @ 425th St (MP 151.6)","state":"MN","provider":"Minnesota DOT","hls":"https://video.dot.state.mn.us/public/C30629.stream/playlist.m3u8","snapshot":"https://public.carsprogram.org/cameras/MN/C30629","refreshMs":30000,"attribution":"Ora (Warner Varnado) · Minnesota DOT"}},{"type":"Feature","geometry":{"type":"Point","coordinates":[-92.99055,45.55352]},"properties":{"id":"ora-mn-339","name":"I-35: I-35 NB @ 417th St (MP 151)","state":"MN","provider":"Minnesota DOT","hls":"https://video.dot.state.mn.us/public/C30628.stream/playlist.m3u8","snapshot":"https://public.carsprogram.org/cameras/MN/C30628","refreshMs":30000,"attribution":"Ora (Warner Varnado) · Minnesota DOT"}},{"type":"Feature","geometry":{"type":"Point","coordinates":[-92.99064,45.5419]},"properties":{"id":"ora-mn-340","name":"I-35: I-35 NB @ 410th St (MP 150.2)","state":"MN","provider":"Minnesota DOT","hls":"https://video.dot.state.mn.us/public/C30627.stream/playlist.m3u8","snapshot":"https://public.carsprogram.org/cameras/MN/C30627","refreshMs":30000,"attribution":"Ora (Warner Varnado) · Minnesota DOT"}},{"type":"Feature","geometry":{"type":"Point","coordinates":[-92.99077,45.52873]},"properties":{"id":"ora-mn-341","name":"I-35: I-35 NB N of T.H.95 (MP 149.2)","state":"MN","provider":"Minnesota DOT","hls":"https://video.dot.state.mn.us/public/C30626.stream/playlist.m3u8","snapshot":"https://public.carsprogram.org/cameras/MN/C30626","refreshMs":30000,"attribution":"Ora (Warner Varnado) · Minnesota DOT"}},{"type":"Feature","geometry":{"type":"Point","coordinates":[-92.99355,45.50092]},"properties":{"id":"ora-mn-342","name":"I-35: I-35 NB S of T.H.95 (MP 147.2)","state":"MN","provider":"Minnesota DOT","hls":"https://video.dot.state.mn.us/public/C30624.stream/playlist.m3u8","snapshot":"https://public.carsprogram.org/cameras/MN/C30624","refreshMs":30000,"attribution":"Ora (Warner Varnado) · Minnesota DOT"}},{"type":"Feature","geometry":{"type":"Point","coordinates":[-92.99613,45.46993]},"properties":{"id":"ora-mn-343","name":"I-35: I-35 NB N of Co Rd 17 (MP 145.2)","state":"MN","provider":"Minnesota DOT","hls":"https://video.dot.state.mn.us/public/C30622.stream/playlist.m3u8","snapshot":"https://public.carsprogram.org/cameras/MN/C30622","refreshMs":30000,"attribution":"Ora (Warner Varnado) · Minnesota DOT"}},{"type":"Feature","geometry":{"type":"Point","coordinates":[-92.98928,45.45122]},"properties":{"id":"ora-mn-344","name":"I-35: I-35 NB @ Co Rd 17 (Athens Trl - MP 143.7)","state":"MN","provider":"Minnesota DOT","hls":"https://video.dot.state.mn.us/public/C30621.stream/playlist.m3u8","snapshot":"https://public.carsprogram.org/cameras/MN/C30621","refreshMs":30000,"attribution":"Ora (Warner Varnado) · Minnesota DOT"}},{"type":"Feature","geometry":{"type":"Point","coordinates":[-92.98904,45.43948]},"properties":{"id":"ora-mn-345","name":"I-35: I-35 NB @ 340th St (MP 142.9)","state":"MN","provider":"Minnesota DOT","hls":"https://video.dot.state.mn.us/public/C30620.stream/playlist.m3u8","snapshot":"https://public.carsprogram.org/cameras/MN/C30620","refreshMs":30000,"attribution":"Ora (Warner Varnado) · Minnesota DOT"}},{"type":"Feature","geometry":{"type":"Point","coordinates":[-92.98992,45.41195]},"properties":{"id":"ora-mn-346","name":"I-35: I-35 NB N of Stacy Tr (MP 141.1)","state":"MN","provider":"Minnesota DOT","hls":"https://video.dot.state.mn.us/public/C30618.stream/playlist.m3u8","snapshot":"https://public.carsprogram.org/cameras/MN/C30618","refreshMs":30000,"attribution":"Ora (Warner Varnado) · Minnesota DOT"}},{"type":"Feature","geometry":{"type":"Point","coordinates":[-92.99477,45.39726]},"properties":{"id":"ora-mn-347","name":"I-35: I-35 SB @ Stacy Tr (MP 140)","state":"MN","provider":"Minnesota DOT","hls":"https://video.dot.state.mn.us/public/C30617.stream/playlist.m3u8","snapshot":"https://public.carsprogram.org/cameras/MN/C30617","refreshMs":30000,"attribution":"Ora (Warner Varnado) · Minnesota DOT"}},{"type":"Feature","geometry":{"type":"Point","coordinates":[-92.99151,45.38494]},"properties":{"id":"ora-mn-348","name":"I-35: I-35 NB S of Stacy Tr (MP 139.2)","state":"MN","provider":"Minnesota DOT","hls":"https://video.dot.state.mn.us/public/C30616.stream/playlist.m3u8","snapshot":"https://public.carsprogram.org/cameras/MN/C30616","refreshMs":30000,"attribution":"Ora (Warner Varnado) · Minnesota DOT"}},{"type":"Feature","geometry":{"type":"Point","coordinates":[-92.9936,45.37497]},"properties":{"id":"ora-mn-349","name":"I-35: I-35 NB @ 295th St (MP 138.5)","state":"MN","provider":"Minnesota DOT","hls":"https://video.dot.state.mn.us/public/C30615.stream/playlist.m3u8","snapshot":"https://public.carsprogram.org/cameras/MN/C30615","refreshMs":30000,"attribution":"Ora (Warner Varnado) · Minnesota DOT"}},{"type":"Feature","geometry":{"type":"Point","coordinates":[-92.99582,45.36548]},"properties":{"id":"ora-mn-350","name":"I-35: I-35 NB @ 287th St (MP 137.8)","state":"MN","provider":"Minnesota DOT","hls":"https://video.dot.state.mn.us/public/C30614.stream/playlist.m3u8","snapshot":"https://public.carsprogram.org/cameras/MN/C30614","refreshMs":30000,"attribution":"Ora (Warner Varnado) · Minnesota DOT"}},{"type":"Feature","geometry":{"type":"Point","coordinates":[-92.99826,45.35501]},"properties":{"id":"ora-mn-351","name":"I-35: I-35 NB @ 280th St (MP 137)","state":"MN","provider":"Minnesota DOT","hls":"https://video.dot.state.mn.us/public/C30613.stream/playlist.m3u8","snapshot":"https://public.carsprogram.org/cameras/MN/C30613","refreshMs":30000,"attribution":"Ora (Warner Varnado) · Minnesota DOT"}},{"type":"Feature","geometry":{"type":"Point","coordinates":[-93.00323,45.32447]},"properties":{"id":"ora-mn-352","name":"I-35: I-35 NB S of Co Rd 22 (MP 134.9)","state":"MN","provider":"Minnesota DOT","hls":"https://video.dot.state.mn.us/public/C062.stream/playlist.m3u8","snapshot":"https://public.carsprogram.org/cameras/MN/C062","refreshMs":30000,"attribution":"Ora (Warner Varnado) · Minnesota DOT"}},{"type":"Feature","geometry":{"type":"Point","coordinates":[-93.00287,45.30649]},"properties":{"id":"ora-mn-353","name":"I-35: I-35 NB N of U.S.8 (MP 133.6)","state":"MN","provider":"Minnesota DOT","hls":"https://video.dot.state.mn.us/public/C061.stream/playlist.m3u8","snapshot":"https://public.carsprogram.org/cameras/MN/C061","refreshMs":30000,"attribution":"Ora (Warner Varnado) · Minnesota DOT"}},{"type":"Feature","geometry":{"type":"Point","coordinates":[-93.00277,45.2912]},"properties":{"id":"ora-mn-354","name":"I-35: I-35 NB @ U.S.8","state":"MN","provider":"Minnesota DOT","hls":"https://video.dot.state.mn.us/public/C060.stream/playlist.m3u8","snapshot":"https://public.carsprogram.org/cameras/MN/C060","refreshMs":30000,"attribution":"Ora (Warner Varnado) · Minnesota DOT"}},{"type":"Feature","geometry":{"type":"Point","coordinates":[-93.00346,45.27872]},"properties":{"id":"ora-mn-355","name":"I-35: I-35 NB @ Co Rd 2 (Broadway Av)","state":"MN","provider":"Minnesota DOT","hls":"https://video.dot.state.mn.us/public/C059.stream/playlist.m3u8","snapshot":"https://public.carsprogram.org/cameras/MN/C059","refreshMs":30000,"attribution":"Ora (Warner Varnado) · Minnesota DOT"}},{"type":"Feature","geometry":{"type":"Point","coordinates":[-93.00795,45.26998]},"properties":{"id":"ora-mn-356","name":"I-35: I-35 SB (Forest Lake Rest Area 1)","state":"MN","provider":"Minnesota DOT","hls":null,"snapshot":"https://public.carsprogram.org/cameras/MN/C30042?1783724040000","refreshMs":30000,"attribution":"Ora (Warner Varnado) · Minnesota DOT"}},{"type":"Feature","geometry":{"type":"Point","coordinates":[-93.00809,45.26971]},"properties":{"id":"ora-mn-357","name":"I-35: I-35 SB (Forest Lake Rest Area 2)","state":"MN","provider":"Minnesota DOT","hls":null,"snapshot":"https://public.carsprogram.org/cameras/MN/C30041?1783724040000","refreshMs":30000,"attribution":"Ora (Warner Varnado) · Minnesota DOT"}},{"type":"Feature","geometry":{"type":"Point","coordinates":[-93.01411,45.26056]},"properties":{"id":"ora-mn-358","name":"I-35: I-35 NB N of T.H.97 (MP 130.3)","state":"MN","provider":"Minnesota DOT","hls":"https://video.dot.state.mn.us/public/C058.stream/playlist.m3u8","snapshot":"https://public.carsprogram.org/cameras/MN/C058","refreshMs":30000,"attribution":"Ora (Warner Varnado) · Minnesota DOT"}},{"type":"Feature","geometry":{"type":"Point","coordinates":[-93.02797,45.23001]},"properties":{"id":"ora-mn-359","name":"I-35: I-35 SB N of I-35W (MP 128)","state":"MN","provider":"Minnesota DOT","hls":"https://video.dot.state.mn.us/public/C056.stream/playlist.m3u8","snapshot":"https://public.carsprogram.org/cameras/MN/C056","refreshMs":30000,"attribution":"Ora (Warner Varnado) · Minnesota DOT"}},{"type":"Feature","geometry":{"type":"Point","coordinates":[-93.02907,45.21092]},"properties":{"id":"ora-mn-360","name":"I-35E: I-35E NB S of I-35W (MP 126.6)","state":"MN","provider":"Minnesota DOT","hls":"https://video.dot.state.mn.us/public/C054.stream/playlist.m3u8","snapshot":"https://public.carsprogram.org/cameras/MN/C054","refreshMs":30000,"attribution":"Ora (Warner Varnado) · Minnesota DOT"}},{"type":"Feature","geometry":{"type":"Point","coordinates":[-93.02962,45.19611]},"properties":{"id":"ora-mn-361","name":"I-35E: I-35E NB @ 80th St","state":"MN","provider":"Minnesota DOT","hls":"https://video.dot.state.mn.us/public/C053.stream/playlist.m3u8","snapshot":"https://public.carsprogram.org/cameras/MN/C053","refreshMs":30000,"attribution":"Ora (Warner Varnado) · Minnesota DOT"}},{"type":"Feature","geometry":{"type":"Point","coordinates":[-93.02977,45.18428]},"properties":{"id":"ora-mn-362","name":"I-35E: I-35E NB S of 80th St","state":"MN","provider":"Minnesota DOT","hls":null,"snapshot":"https://public.carsprogram.org/cameras/MN/C052?1783724040000","refreshMs":30000,"attribution":"Ora (Warner Varnado) · Minnesota DOT"}},{"type":"Feature","geometry":{"type":"Point","coordinates":[-93.02968,45.17379]},"properties":{"id":"ora-mn-363","name":"I-35E: I-35E NB N of Main St (MP 124.1)","state":"MN","provider":"Minnesota DOT","hls":"https://video.dot.state.mn.us/public/C051.stream/playlist.m3u8","snapshot":"https://public.carsprogram.org/cameras/MN/C051","refreshMs":30000,"attribution":"Ora (Warner Varnado) · Minnesota DOT"}},{"type":"Feature","geometry":{"type":"Point","coordinates":[-93.03114,45.16402]},"properties":{"id":"ora-mn-364","name":"I-35E: I-35E NB @ Main St (Co Rd 14)","state":"MN","provider":"Minnesota DOT","hls":"https://video.dot.state.mn.us/public/C050.stream/playlist.m3u8","snapshot":"https://public.carsprogram.org/cameras/MN/C050","refreshMs":30000,"attribution":"Ora (Warner Varnado) · Minnesota DOT"}},{"type":"Feature","geometry":{"type":"Point","coordinates":[-93.03214,45.14579]},"properties":{"id":"ora-mn-365","name":"I-35E: I-35E NB @ Tart Lake Rd (MP 122.1)","state":"MN","provider":"Minnesota DOT","hls":"https://video.dot.state.mn.us/public/C049.stream/playlist.m3u8","snapshot":"https://public.carsprogram.org/cameras/MN/C049","refreshMs":30000,"attribution":"Ora (Warner Varnado) · Minnesota DOT"}},{"type":"Feature","geometry":{"type":"Point","coordinates":[-93.03869,45.13766]},"properties":{"id":"ora-mn-366","name":"I-35E: I-35E NB @ 64th St (MP 121.5)","state":"MN","provider":"Minnesota DOT","hls":"https://video.dot.state.mn.us/public/C048.stream/playlist.m3u8","snapshot":"https://public.carsprogram.org/cameras/MN/C048","refreshMs":30000,"attribution":"Ora (Warner Varnado) · Minnesota DOT"}},{"type":"Feature","geometry":{"type":"Point","coordinates":[-93.04385,45.1317]},"properties":{"id":"ora-mn-367","name":"I-35E: I-35E N-S N of Co Rd J (MP 121)","state":"MN","provider":"Minnesota DOT","hls":"https://video.dot.state.mn.us/public/C047.stream/playlist.m3u8","snapshot":"https://public.carsprogram.org/cameras/MN/C047","refreshMs":30000,"attribution":"Ora (Warner Varnado) · Minnesota DOT"}},{"type":"Feature","geometry":{"type":"Point","coordinates":[-93.04956,45.12369]},"properties":{"id":"ora-mn-368","name":"I-35E: I-35E NB @ Co Rd J","state":"MN","provider":"Minnesota DOT","hls":"https://video.dot.state.mn.us/public/C046.stream/playlist.m3u8","snapshot":"https://public.carsprogram.org/cameras/MN/C046","refreshMs":30000,"attribution":"Ora (Warner Varnado) · Minnesota DOT"}},{"type":"Feature","geometry":{"type":"Point","coordinates":[-93.04924,45.11083]},"properties":{"id":"ora-mn-369","name":"I-35E: I-35E NB N of Co Rd H2 (MP 119.5)","state":"MN","provider":"Minnesota DOT","hls":"https://video.dot.state.mn.us/public/C045.stream/playlist.m3u8","snapshot":"https://public.carsprogram.org/cameras/MN/C045","refreshMs":30000,"attribution":"Ora (Warner Varnado) · Minnesota DOT"}},{"type":"Feature","geometry":{"type":"Point","coordinates":[-93.05197,45.0938]},"properties":{"id":"ora-mn-370","name":"I-35E: I-35E SB N of Co Rd 96 (MP 118.3)","state":"MN","provider":"Minnesota DOT","hls":"https://video.dot.state.mn.us/public/C044.stream/playlist.m3u8","snapshot":"https://public.carsprogram.org/cameras/MN/C044","refreshMs":30000,"attribution":"Ora (Warner Varnado) · Minnesota DOT"}},{"type":"Feature","geometry":{"type":"Point","coordinates":[-93.05261,45.07912]},"properties":{"id":"ora-mn-371","name":"I-35E: I-35E NB @ Co Rd 96","state":"MN","provider":"Minnesota DOT","hls":"https://video.dot.state.mn.us/public/C043.stream/playlist.m3u8","snapshot":"https://public.carsprogram.org/cameras/MN/C043","refreshMs":30000,"attribution":"Ora (Warner Varnado) · Minnesota DOT"}},{"type":"Feature","geometry":{"type":"Point","coordinates":[-93.05365,45.07007]},"properties":{"id":"ora-mn-372","name":"I-35E: I-35E SB S of Co Rd 96 (MP 116.7)","state":"MN","provider":"Minnesota DOT","hls":"https://video.dot.state.mn.us/public/C042.stream/playlist.m3u8","snapshot":"https://public.carsprogram.org/cameras/MN/C042","refreshMs":30000,"attribution":"Ora (Warner Varnado) · Minnesota DOT"}},{"type":"Feature","geometry":{"type":"Point","coordinates":[-93.05892,45.04997]},"properties":{"id":"ora-mn-373","name":"I-35E: I-35E SB @ Co Rd E","state":"MN","provider":"Minnesota DOT","hls":"https://video.dot.state.mn.us/public/C041.stream/playlist.m3u8","snapshot":"https://public.carsprogram.org/cameras/MN/C041","refreshMs":30000,"attribution":"Ora (Warner Varnado) · Minnesota DOT"}},{"type":"Feature","geometry":{"type":"Point","coordinates":[-93.06452,45.0375]},"properties":{"id":"ora-mn-374","name":"I-35E: I-694 WB @ Labore Rd","state":"MN","provider":"Minnesota DOT","hls":"https://video.dot.state.mn.us/public/C714.stream/playlist.m3u8","snapshot":"https://public.carsprogram.org/cameras/MN/C714","refreshMs":30000,"attribution":"Ora (Warner Varnado) · Minnesota DOT"}},{"type":"Feature","geometry":{"type":"Point","coordinates":[-93.07687,45.0363]},"properties":{"id":"ora-mn-375","name":"I-35E: I-694 WB @ Edgerton St","state":"MN","provider":"Minnesota DOT","hls":"https://video.dot.state.mn.us/public/C713.stream/playlist.m3u8","snapshot":"https://public.carsprogram.org/cameras/MN/C713","refreshMs":30000,"attribution":"Ora (Warner Varnado) · Minnesota DOT"}},{"type":"Feature","geometry":{"type":"Point","coordinates":[-93.08861,45.03365]},"properties":{"id":"ora-mn-376","name":"I-35E: I-694 EB W Jct I-35E","state":"MN","provider":"Minnesota DOT","hls":"https://video.dot.state.mn.us/public/C712.stream/playlist.m3u8","snapshot":"https://public.carsprogram.org/cameras/MN/C712","refreshMs":30000,"attribution":"Ora (Warner Varnado) · Minnesota DOT"}},{"type":"Feature","geometry":{"type":"Point","coordinates":[-93.08956,45.02328]},"properties":{"id":"ora-mn-377","name":"I-35E: I-35E NB @ Little Canada Rd","state":"MN","provider":"Minnesota DOT","hls":"https://video.dot.state.mn.us/public/C040.stream/playlist.m3u8","snapshot":"https://public.carsprogram.org/cameras/MN/C040","refreshMs":30000,"attribution":"Ora (Warner Varnado) · Minnesota DOT"}},{"type":"Feature","geometry":{"type":"Point","coordinates":[-93.08954,45.01105]},"properties":{"id":"ora-mn-378","name":"I-35E: T.H.36 WB @ I-35E NB","state":"MN","provider":"Minnesota DOT","hls":"https://video.dot.state.mn.us/public/C006.stream/playlist.m3u8","snapshot":"https://public.carsprogram.org/cameras/MN/C006","refreshMs":30000,"attribution":"Ora (Warner Varnado) · Minnesota DOT"}},{"type":"Feature","geometry":{"type":"Point","coordinates":[-93.08944,45.00501]},"properties":{"id":"ora-mn-379","name":"I-35E: I-35E SB N of Roselawn Ave","state":"MN","provider":"Minnesota DOT","hls":"https://video.dot.state.mn.us/public/C039.stream/playlist.m3u8","snapshot":"https://public.carsprogram.org/cameras/MN/C039","refreshMs":30000,"attribution":"Ora (Warner Varnado) · Minnesota DOT"}},{"type":"Feature","geometry":{"type":"Point","coordinates":[-93.08935,44.99971]},"properties":{"id":"ora-mn-380","name":"I-35E: I-35E NB @ Roselawn Ave","state":"MN","provider":"Minnesota DOT","hls":"https://video.dot.state.mn.us/public/C30720.stream/playlist.m3u8","snapshot":"https://public.carsprogram.org/cameras/MN/C30720","refreshMs":30000,"attribution":"Ora (Warner Varnado) · Minnesota DOT"}},{"type":"Feature","geometry":{"type":"Point","coordinates":[-93.0891,44.99194]},"properties":{"id":"ora-mn-381","name":"I-35E: I-35E NB @ Larpenteur Ave","state":"MN","provider":"Minnesota DOT","hls":"https://video.dot.state.mn.us/public/C038.stream/playlist.m3u8","snapshot":"https://public.carsprogram.org/cameras/MN/C038","refreshMs":30000,"attribution":"Ora (Warner Varnado) · Minnesota DOT"}},{"type":"Feature","geometry":{"type":"Point","coordinates":[-93.08856,44.97736]},"properties":{"id":"ora-mn-382","name":"I-35E: I-35E NB @ Maryland Ave","state":"MN","provider":"Minnesota DOT","hls":"https://video.dot.state.mn.us/public/C037.stream/playlist.m3u8","snapshot":"https://public.carsprogram.org/cameras/MN/C037","refreshMs":30000,"attribution":"Ora (Warner Varnado) · Minnesota DOT"}},{"type":"Feature","geometry":{"type":"Point","coordinates":[-93.08852,44.96847]},"properties":{"id":"ora-mn-383","name":"I-35E: I-35E NB @ Cayuga St","state":"MN","provider":"Minnesota DOT","hls":"https://video.dot.state.mn.us/public/C036.stream/playlist.m3u8","snapshot":"https://public.carsprogram.org/cameras/MN/C036","refreshMs":30000,"attribution":"Ora (Warner Varnado) · Minnesota DOT"}},{"type":"Feature","geometry":{"type":"Point","coordinates":[-93.09032,44.96147]},"properties":{"id":"ora-mn-384","name":"I-35E: I-35E NB @ Pennsylvania Ave","state":"MN","provider":"Minnesota DOT","hls":"https://video.dot.state.mn.us/public/C3501.stream/playlist.m3u8","snapshot":"https://public.carsprogram.org/cameras/MN/C3501","refreshMs":30000,"attribution":"Ora (Warner Varnado) · Minnesota DOT"}},{"type":"Feature","geometry":{"type":"Point","coordinates":[-93.0908,44.95596]},"properties":{"id":"ora-mn-385","name":"I-35E: I-35E NB @ University Ave","state":"MN","provider":"Minnesota DOT","hls":"https://video.dot.state.mn.us/public/C035.stream/playlist.m3u8","snapshot":"https://public.carsprogram.org/cameras/MN/C035","refreshMs":30000,"attribution":"Ora (Warner Varnado) · Minnesota DOT"}},{"type":"Feature","geometry":{"type":"Point","coordinates":[-93.09128,44.95505]},"properties":{"id":"ora-mn-386","name":"I-35E: I-94 WB @ I-35E NB","state":"MN","provider":"Minnesota DOT","hls":"https://video.dot.state.mn.us/public/C30717.stream/playlist.m3u8","snapshot":"https://public.carsprogram.org/cameras/MN/C30717","refreshMs":30000,"attribution":"Ora (Warner Varnado) · Minnesota DOT"}},{"type":"Feature","geometry":{"type":"Point","coordinates":[-93.09222,44.95434]},"properties":{"id":"ora-mn-387","name":"I-35E: I-94 WB @ I-35E NB","state":"MN","provider":"Minnesota DOT","hls":"https://video.dot.state.mn.us/public/C852.stream/playlist.m3u8","snapshot":"https://public.carsprogram.org/cameras/MN/C852","refreshMs":30000,"attribution":"Ora (Warner Varnado) · Minnesota DOT"}},{"type":"Feature","geometry":{"type":"Point","coordinates":[-93.10037,44.95052]},"properties":{"id":"ora-mn-388","name":"I-35E: I-94 EB @ Wabasha St","state":"MN","provider":"Minnesota DOT","hls":"https://video.dot.state.mn.us/public/C850.stream/playlist.m3u8","snapshot":"https://public.carsprogram.org/cameras/MN/C850","refreshMs":30000,"attribution":"Ora (Warner Varnado) · Minnesota DOT"}},{"type":"Feature","geometry":{"type":"Point","coordinates":[-93.10432,44.94667]},"properties":{"id":"ora-mn-389","name":"I-35E: I-35E SB @ Kellogg Blvd","state":"MN","provider":"Minnesota DOT","hls":"https://video.dot.state.mn.us/public/C034.stream/playlist.m3u8","snapshot":"https://public.carsprogram.org/cameras/MN/C034","refreshMs":30000,"attribution":"Ora (Warner Varnado) · Minnesota DOT"}},{"type":"Feature","geometry":{"type":"Point","coordinates":[-93.10495,44.94624]},"properties":{"id":"ora-mn-390","name":"I-35E: I-35E NB @ Kellogg Blvd","state":"MN","provider":"Minnesota DOT","hls":"https://video.dot.state.mn.us/public/C3401.stream/playlist.m3u8","snapshot":"https://public.carsprogram.org/cameras/MN/C3401","refreshMs":30000,"attribution":"Ora (Warner Varnado) · Minnesota DOT"}},{"type":"Feature","geometry":{"type":"Point","coordinates":[-93.11733,44.93919]},"properties":{"id":"ora-mn-391","name":"I-35E: I-35E SB @ Grand Ave","state":"MN","provider":"Minnesota DOT","hls":"https://video.dot.state.mn.us/public/C033.stream/playlist.m3u8","snapshot":"https://public.carsprogram.org/cameras/MN/C033","refreshMs":30000,"attribution":"Ora (Warner Varnado) · Minnesota DOT"}},{"type":"Feature","geometry":{"type":"Point","coordinates":[-93.1262,44.93447]},"properties":{"id":"ora-mn-392","name":"I-35E: I-35E SB @ St. Clair Ave","state":"MN","provider":"Minnesota DOT","hls":"https://video.dot.state.mn.us/public/C032.stream/playlist.m3u8","snapshot":"https://public.carsprogram.org/cameras/MN/C032","refreshMs":30000,"attribution":"Ora (Warner Varnado) · Minnesota DOT"}},{"type":"Feature","geometry":{"type":"Point","coordinates":[-93.13604,44.93141]},"properties":{"id":"ora-mn-393","name":"I-35E: I-35E SB @ Victoria St","state":"MN","provider":"Minnesota DOT","hls":"https://video.dot.state.mn.us/public/C031.stream/playlist.m3u8","snapshot":"https://public.carsprogram.org/cameras/MN/C031","refreshMs":30000,"attribution":"Ora (Warner Varnado) · Minnesota DOT"}},{"type":"Feature","geometry":{"type":"Point","coordinates":[-93.14309,44.92944]},"properties":{"id":"ora-mn-394","name":"I-35E: I-35E SB @ Jefferson Ave","state":"MN","provider":"Minnesota DOT","hls":"https://video.dot.state.mn.us/public/C030.stream/playlist.m3u8","snapshot":"https://public.carsprogram.org/cameras/MN/C030","refreshMs":30000,"attribution":"Ora (Warner Varnado) · Minnesota DOT"}},{"type":"Feature","geometry":{"type":"Point","coordinates":[-93.1448,44.92655]},"properties":{"id":"ora-mn-395","name":"I-35E: I-35E SB @ Randolph Ave","state":"MN","provider":"Minnesota DOT","hls":"https://video.dot.state.mn.us/public/C029.stream/playlist.m3u8","snapshot":"https://public.carsprogram.org/cameras/MN/C029","refreshMs":30000,"attribution":"Ora (Warner Varnado) · Minnesota DOT"}},{"type":"Feature","geometry":{"type":"Point","coordinates":[-93.13094,44.89316]},"properties":{"id":"ora-mn-396","name":"I-35E: I-35E SB S of T.H.13","state":"MN","provider":"Minnesota DOT","hls":"https://video.dot.state.mn.us/public/C025.stream/playlist.m3u8","snapshot":"https://public.carsprogram.org/cameras/MN/C025","refreshMs":30000,"attribution":"Ora (Warner Varnado) · Minnesota DOT"}},{"type":"Feature","geometry":{"type":"Point","coordinates":[-93.13197,44.88864]},"properties":{"id":"ora-mn-397","name":"I-35E: I-35E SB N of T.H.62","state":"MN","provider":"Minnesota DOT","hls":"https://video.dot.state.mn.us/public/C024.stream/playlist.m3u8","snapshot":"https://public.carsprogram.org/cameras/MN/C024","refreshMs":30000,"attribution":"Ora (Warner Varnado) · Minnesota DOT"}},{"type":"Feature","geometry":{"type":"Point","coordinates":[-93.14316,44.87466]},"properties":{"id":"ora-mn-398","name":"I-35E: I-35E SB @ Wagon Wheel Tr","state":"MN","provider":"Minnesota DOT","hls":"https://video.dot.state.mn.us/public/C022.stream/playlist.m3u8","snapshot":"https://public.carsprogram.org/cameras/MN/C022","refreshMs":30000,"attribution":"Ora (Warner Varnado) · Minnesota DOT"}},{"type":"Feature","geometry":{"type":"Point","coordinates":[-93.14493,44.86528]},"properties":{"id":"ora-mn-399","name":"I-35E: I-35E SB @ Mendota Heights Rd","state":"MN","provider":"Minnesota DOT","hls":"https://video.dot.state.mn.us/public/C30695.stream/playlist.m3u8","snapshot":"https://public.carsprogram.org/cameras/MN/C30695","refreshMs":30000,"attribution":"Ora (Warner Varnado) · Minnesota DOT"}},{"type":"Feature","geometry":{"type":"Point","coordinates":[-93.14541,44.86088]},"properties":{"id":"ora-mn-400","name":"I-35E: I-494 EB @ I-35E NB","state":"MN","provider":"Minnesota DOT","hls":"https://video.dot.state.mn.us/public/C413.stream/playlist.m3u8","snapshot":"https://public.carsprogram.org/cameras/MN/C413","refreshMs":30000,"attribution":"Ora (Warner Varnado) · Minnesota DOT"}},{"type":"Feature","geometry":{"type":"Point","coordinates":[-93.15302,44.84778]},"properties":{"id":"ora-mn-401","name":"I-35E: I-35E NB @ Lone Oak Rd","state":"MN","provider":"Minnesota DOT","hls":"https://video.dot.state.mn.us/public/C30477.stream/playlist.m3u8","snapshot":"/images/icon-camera-closed-fill-solid-padded.svg","refreshMs":30000,"attribution":"Ora (Warner Varnado) · Minnesota DOT"}},{"type":"Feature","geometry":{"type":"Point","coordinates":[-93.15304,44.84775]},"properties":{"id":"ora-mn-402","name":"I-35E: I-35E SB @ Lone Oak Rd","state":"MN","provider":"Minnesota DOT","hls":"https://video.dot.state.mn.us/public/C020.stream/playlist.m3u8","snapshot":"https://public.carsprogram.org/cameras/MN/C020","refreshMs":30000,"attribution":"Ora (Warner Varnado) · Minnesota DOT"}},{"type":"Feature","geometry":{"type":"Point","coordinates":[-93.1636,44.83353]},"properties":{"id":"ora-mn-403","name":"I-35E: I-35E SB @ Yankee Doodle Rd","state":"MN","provider":"Minnesota DOT","hls":"https://video.dot.state.mn.us/public/C019.stream/playlist.m3u8","snapshot":"https://public.carsprogram.org/cameras/MN/C019","refreshMs":30000,"attribution":"Ora (Warner Varnado) · Minnesota DOT"}},{"type":"Feature","geometry":{"type":"Point","coordinates":[-93.16637,44.83056]},"properties":{"id":"ora-mn-404","name":"I-35E: I-35E SB @ Pilot Knob Rd","state":"MN","provider":"Minnesota DOT","hls":"https://video.dot.state.mn.us/public/C30478.stream/playlist.m3u8","snapshot":"https://public.carsprogram.org/cameras/MN/C30478","refreshMs":30000,"attribution":"Ora (Warner Varnado) · Minnesota DOT"}},{"type":"Feature","geometry":{"type":"Point","coordinates":[-93.16722,44.82984]},"properties":{"id":"ora-mn-405","name":"I-35E: I-35E NB @ Pilot Knob Rd","state":"MN","provider":"Minnesota DOT","hls":"https://video.dot.state.mn.us/public/C1800.stream/playlist.m3u8","snapshot":"https://public.carsprogram.org/cameras/MN/C1800","refreshMs":30000,"attribution":"Ora (Warner Varnado) · Minnesota DOT"}},{"type":"Feature","geometry":{"type":"Point","coordinates":[-93.17257,44.82285]},"properties":{"id":"ora-mn-406","name":"I-35E: I-35E NB S of Pilot Knob Rd","state":"MN","provider":"Minnesota DOT","hls":"https://video.dot.state.mn.us/public/C018.stream/playlist.m3u8","snapshot":"https://public.carsprogram.org/cameras/MN/C018","refreshMs":30000,"attribution":"Ora (Warner Varnado) · Minnesota DOT"}},{"type":"Feature","geometry":{"type":"Point","coordinates":[-93.18393,44.81098]},"properties":{"id":"ora-mn-407","name":"I-35E: I-35E SB @ Deerwood Dr","state":"MN","provider":"Minnesota DOT","hls":"https://video.dot.state.mn.us/public/C017.stream/playlist.m3u8","snapshot":"https://public.carsprogram.org/cameras/MN/C017","refreshMs":30000,"attribution":"Ora (Warner Varnado) · Minnesota DOT"}},{"type":"Feature","geometry":{"type":"Point","coordinates":[-93.19038,44.80442]},"properties":{"id":"ora-mn-408","name":"I-35E: I-35E SB @ Diffley Rd","state":"MN","provider":"Minnesota DOT","hls":"https://video.dot.state.mn.us/public/C016.stream/playlist.m3u8","snapshot":"https://public.carsprogram.org/cameras/MN/C016","refreshMs":30000,"attribution":"Ora (Warner Varnado) · Minnesota DOT"}},{"type":"Feature","geometry":{"type":"Point","coordinates":[-93.20093,44.79064]},"properties":{"id":"ora-mn-409","name":"I-35E: Cliff Rd E-W @ I-35E NB","state":"MN","provider":"Minnesota DOT","hls":"https://video.dot.state.mn.us/public/C30228.stream/playlist.m3u8","snapshot":"https://public.carsprogram.org/cameras/MN/C30228","refreshMs":30000,"attribution":"Ora (Warner Varnado) · Minnesota DOT"}},{"type":"Feature","geometry":{"type":"Point","coordinates":[-93.20176,44.78972]},"properties":{"id":"ora-mn-410","name":"I-35E: Cliff Rd E-W @ I-35E SB","state":"MN","provider":"Minnesota DOT","hls":"https://video.dot.state.mn.us/public/C30227.stream/playlist.m3u8","snapshot":"https://public.carsprogram.org/cameras/MN/C30227","refreshMs":30000,"attribution":"Ora (Warner Varnado) · Minnesota DOT"}},{"type":"Feature","geometry":{"type":"Point","coordinates":[-93.20191,44.78957]},"properties":{"id":"ora-mn-411","name":"I-35E: I-35E SB @ Cliff Rd","state":"MN","provider":"Minnesota DOT","hls":"https://video.dot.state.mn.us/public/C015.stream/playlist.m3u8","snapshot":"https://public.carsprogram.org/cameras/MN/C015","refreshMs":30000,"attribution":"Ora (Warner Varnado) · Minnesota DOT"}},{"type":"Feature","geometry":{"type":"Point","coordinates":[-93.23603,44.76642]},"properties":{"id":"ora-mn-412","name":"I-35E: I-35E SB S of T.H.77","state":"MN","provider":"Minnesota DOT","hls":"https://video.dot.state.mn.us/public/C013.stream/playlist.m3u8","snapshot":"https://public.carsprogram.org/cameras/MN/C013","refreshMs":30000,"attribution":"Ora (Warner Varnado) · Minnesota DOT"}},{"type":"Feature","geometry":{"type":"Point","coordinates":[-93.24826,44.75903]},"properties":{"id":"ora-mn-413","name":"I-35E: I-35E SB @ Co Rd 11","state":"MN","provider":"Minnesota DOT","hls":"https://video.dot.state.mn.us/public/C012.stream/playlist.m3u8","snapshot":"https://public.carsprogram.org/cameras/MN/C012","refreshMs":30000,"attribution":"Ora (Warner Varnado) · Minnesota DOT"}},{"type":"Feature","geometry":{"type":"Point","coordinates":[-93.2618,44.75313]},"properties":{"id":"ora-mn-414","name":"I-35E: I-35E SB @ McAndrews Rd (138th St)","state":"MN","provider":"Minnesota DOT","hls":"https://video.dot.state.mn.us/public/C011.stream/playlist.m3u8","snapshot":"https://public.carsprogram.org/cameras/MN/C011","refreshMs":30000,"attribution":"Ora (Warner Varnado) · Minnesota DOT"}},{"type":"Feature","geometry":{"type":"Point","coordinates":[-93.27656,44.74375]},"properties":{"id":"ora-mn-415","name":"I-35E: I-35E SB @ Co Rd 42","state":"MN","provider":"Minnesota DOT","hls":"https://video.dot.state.mn.us/public/C010.stream/playlist.m3u8","snapshot":"https://public.carsprogram.org/cameras/MN/C010","refreshMs":30000,"attribution":"Ora (Warner Varnado) · Minnesota DOT"}},{"type":"Feature","geometry":{"type":"Point","coordinates":[-93.28297,44.73062]},"properties":{"id":"ora-mn-416","name":"I-35: I-35 SB @ Crystal Lake Rd","state":"MN","provider":"Minnesota DOT","hls":"https://video.dot.state.mn.us/public/C605.stream/playlist.m3u8","snapshot":"https://public.carsprogram.org/cameras/MN/C605","refreshMs":30000,"attribution":"Ora (Warner Varnado) · Minnesota DOT"}},{"type":"Feature","geometry":{"type":"Point","coordinates":[-93.28143,44.72108]},"properties":{"id":"ora-mn-417","name":"I-35: I-35 NB N of Co Rd 46 (Buck Hill)","state":"MN","provider":"Minnesota DOT","hls":"https://video.dot.state.mn.us/public/C30690.stream/playlist.m3u8","snapshot":"https://public.carsprogram.org/cameras/MN/C30690","refreshMs":30000,"attribution":"Ora (Warner Varnado) · Minnesota DOT"}},{"type":"Feature","geometry":{"type":"Point","coordinates":[-93.28332,44.71451]},"properties":{"id":"ora-mn-418","name":"I-35: I-35 NB @ Co Rd 46 (162nd St)","state":"MN","provider":"Minnesota DOT","hls":"https://video.dot.state.mn.us/public/C604.stream/playlist.m3u8","snapshot":"https://public.carsprogram.org/cameras/MN/C604","refreshMs":30000,"attribution":"Ora (Warner Varnado) · Minnesota DOT"}},{"type":"Feature","geometry":{"type":"Point","coordinates":[-93.28808,44.69782]},"properties":{"id":"ora-mn-419","name":"I-35: I-35 NB @ Co Rd 50 (Kenwood Trl)","state":"MN","provider":"Minnesota DOT","hls":"https://video.dot.state.mn.us/public/C603.stream/playlist.m3u8","snapshot":"https://public.carsprogram.org/cameras/MN/C603","refreshMs":30000,"attribution":"Ora (Warner Varnado) · Minnesota DOT"}},{"type":"Feature","geometry":{"type":"Point","coordinates":[-93.29324,44.68167]},"properties":{"id":"ora-mn-420","name":"I-35: I-35 NB @ Co Rd 60 (185th St)","state":"MN","provider":"Minnesota DOT","hls":"https://video.dot.state.mn.us/public/C602.stream/playlist.m3u8","snapshot":"https://public.carsprogram.org/cameras/MN/C602","refreshMs":30000,"attribution":"Ora (Warner Varnado) · Minnesota DOT"}},{"type":"Feature","geometry":{"type":"Point","coordinates":[-93.29392,44.66698]},"properties":{"id":"ora-mn-421","name":"I-35: I-35 NB @ 195th St (MP 83.3)","state":"MN","provider":"Minnesota DOT","hls":"https://video.dot.state.mn.us/public/C601.stream/playlist.m3u8","snapshot":"https://public.carsprogram.org/cameras/MN/C601","refreshMs":30000,"attribution":"Ora (Warner Varnado) · Minnesota DOT"}},{"type":"Feature","geometry":{"type":"Point","coordinates":[-93.29414,44.65542]},"properties":{"id":"ora-mn-422","name":"I-35: I-35 NB @ 205th St (MP 82.4)","state":"MN","provider":"Minnesota DOT","hls":"https://video.dot.state.mn.us/public/C600.stream/playlist.m3u8","snapshot":"https://public.carsprogram.org/cameras/MN/C600","refreshMs":30000,"attribution":"Ora (Warner Varnado) · Minnesota DOT"}},{"type":"Feature","geometry":{"type":"Point","coordinates":[-93.29737,44.63701]},"properties":{"id":"ora-mn-423","name":"I-35: I-35 NB S of 210th Ave (MP 81.3)","state":"MN","provider":"Minnesota DOT","hls":"https://video.dot.state.mn.us/public/C30610.stream/playlist.m3u8","snapshot":"https://public.carsprogram.org/cameras/MN/C30610","refreshMs":30000,"attribution":"Ora (Warner Varnado) · Minnesota DOT"}},{"type":"Feature","geometry":{"type":"Point","coordinates":[-93.29795,44.62301]},"properties":{"id":"ora-mn-424","name":"I-35: I-35 NB @ 225th St (Co Rd 29 - MP 80.4)","state":"MN","provider":"Minnesota DOT","hls":"https://video.dot.state.mn.us/public/C30609.stream/playlist.m3u8","snapshot":"https://public.carsprogram.org/cameras/MN/C30609","refreshMs":30000,"attribution":"Ora (Warner Varnado) · Minnesota DOT"}},{"type":"Feature","geometry":{"type":"Point","coordinates":[-93.29579,44.61142]},"properties":{"id":"ora-mn-425","name":"I-35: I-35 NB S of 225th St (MP 79.6)","state":"MN","provider":"Minnesota DOT","hls":"https://video.dot.state.mn.us/public/C30608.stream/playlist.m3u8","snapshot":"https://public.carsprogram.org/cameras/MN/C30608","refreshMs":30000,"attribution":"Ora (Warner Varnado) · Minnesota DOT"}},{"type":"Feature","geometry":{"type":"Point","coordinates":[-93.29656,44.60513]},"properties":{"id":"ora-mn-426","name":"I-35: I-35 NB N of 245th St (MP 79.1)","state":"MN","provider":"Minnesota DOT","hls":"https://video.dot.state.mn.us/public/C30607.stream/playlist.m3u8","snapshot":"https://public.carsprogram.org/cameras/MN/C30607","refreshMs":30000,"attribution":"Ora (Warner Varnado) · Minnesota DOT"}},{"type":"Feature","geometry":{"type":"Point","coordinates":[-93.29802,44.59352]},"properties":{"id":"ora-mn-427","name":"I-35: I-35 NB @ 245th St (Co Rd 62 - MP 78.3)","state":"MN","provider":"Minnesota DOT","hls":"https://video.dot.state.mn.us/public/C30606.stream/playlist.m3u8","snapshot":"https://public.carsprogram.org/cameras/MN/C30606","refreshMs":30000,"attribution":"Ora (Warner Varnado) · Minnesota DOT"}},{"type":"Feature","geometry":{"type":"Point","coordinates":[-93.29751,44.58593]},"properties":{"id":"ora-mn-428","name":"I-35: I-35 NB N of C.S.A.H.2 (MP 77.7)","state":"MN","provider":"Minnesota DOT","hls":"https://video.dot.state.mn.us/public/C30605.stream/playlist.m3u8","snapshot":"https://public.carsprogram.org/cameras/MN/C30605","refreshMs":30000,"attribution":"Ora (Warner Varnado) · Minnesota DOT"}},{"type":"Feature","geometry":{"type":"Point","coordinates":[-93.29838,44.57308]},"properties":{"id":"ora-mn-429","name":"I-35: I-35 SB @ Co Rd 2 (MP 76.8)","state":"MN","provider":"Minnesota DOT","hls":"https://video.dot.state.mn.us/public/D6-C091.stream/playlist.m3u8","snapshot":"https://public.carsprogram.org/cameras/MN/D6-C091","refreshMs":30000,"attribution":"Ora (Warner Varnado) · Minnesota DOT"}},{"type":"Feature","geometry":{"type":"Point","coordinates":[-93.29848,44.56204]},"properties":{"id":"ora-mn-430","name":"I-35: I-35 SB (MP 76.1)","state":"MN","provider":"Minnesota DOT","hls":"https://video.dot.state.mn.us/public/D6-C092.stream/playlist.m3u8","snapshot":"https://public.carsprogram.org/cameras/MN/D6-C092","refreshMs":30000,"attribution":"Ora (Warner Varnado) · Minnesota DOT"}},{"type":"Feature","geometry":{"type":"Point","coordinates":[-93.29873,44.55099]},"properties":{"id":"ora-mn-431","name":"I-35: I-35 NB (MP 75.3)","state":"MN","provider":"Minnesota DOT","hls":"https://video.dot.state.mn.us/public/D6-C093.stream/playlist.m3u8","snapshot":"https://public.carsprogram.org/cameras/MN/D6-C093","refreshMs":30000,"attribution":"Ora (Warner Varnado) · Minnesota DOT"}},{"type":"Feature","geometry":{"type":"Point","coordinates":[-93.30104,44.53678]},"properties":{"id":"ora-mn-432","name":"I-35: I-35 SB (MP 74.3)","state":"MN","provider":"Minnesota DOT","hls":"https://video.dot.state.mn.us/public/D6-C094.stream/playlist.m3u8","snapshot":"https://public.carsprogram.org/cameras/MN/D6-C094","refreshMs":30000,"attribution":"Ora (Warner Varnado) · Minnesota DOT"}},{"type":"Feature","geometry":{"type":"Point","coordinates":[-93.29409,44.52238]},"properties":{"id":"ora-mn-433","name":"I-35: I-35 SB (MP 73.2)","state":"MN","provider":"Minnesota DOT","hls":"https://video.dot.state.mn.us/public/D6-C095.stream/playlist.m3u8","snapshot":"https://public.carsprogram.org/cameras/MN/D6-C095","refreshMs":30000,"attribution":"Ora (Warner Varnado) · Minnesota DOT"}},{"type":"Feature","geometry":{"type":"Point","coordinates":[-93.28805,44.51165]},"properties":{"id":"ora-mn-434","name":"I-35: I-35 NB (MP 72.3)","state":"MN","provider":"Minnesota DOT","hls":"https://video.dot.state.mn.us/public/D6-C096.stream/playlist.m3u8","snapshot":"https://public.carsprogram.org/cameras/MN/D6-C096","refreshMs":30000,"attribution":"Ora (Warner Varnado) · Minnesota DOT"}},{"type":"Feature","geometry":{"type":"Point","coordinates":[-93.28904,44.50611]},"properties":{"id":"ora-mn-435","name":"I-35: I-35 SB (MP 71.9)","state":"MN","provider":"Minnesota DOT","hls":"https://video.dot.state.mn.us/public/D6-C097.stream/playlist.m3u8","snapshot":"https://public.carsprogram.org/cameras/MN/D6-C097","refreshMs":30000,"attribution":"Ora (Warner Varnado) · Minnesota DOT"}},{"type":"Feature","geometry":{"type":"Point","coordinates":[-93.29176,44.48619]},"properties":{"id":"ora-mn-436","name":"I-35: I-35 NB (MP 70.7)","state":"MN","provider":"Minnesota DOT","hls":"https://video.dot.state.mn.us/public/D6-C098.stream/playlist.m3u8","snapshot":"https://public.carsprogram.org/cameras/MN/D6-C098","refreshMs":30000,"attribution":"Ora (Warner Varnado) · Minnesota DOT"}},{"type":"Feature","geometry":{"type":"Point","coordinates":[-93.29184,44.47874]},"properties":{"id":"ora-mn-437","name":"I-35: I-35 (Little Chicago - MP 70.0): I-35 (Little Chicago - MP 70.0) View 1","state":"MN","provider":"Minnesota DOT","hls":null,"snapshot":"https://public.carsprogram.org/cameras/MN/C30198-v1?1783724040000","refreshMs":30000,"attribution":"Ora (Warner Varnado) · Minnesota DOT"}},{"type":"Feature","geometry":{"type":"Point","coordinates":[-93.29198,44.47294]},"properties":{"id":"ora-mn-438","name":"I-35: I-35 NB @ T.H.19 (MP 69.6)","state":"MN","provider":"Minnesota DOT","hls":"https://video.dot.state.mn.us/public/D6-C099.stream/playlist.m3u8","snapshot":"https://public.carsprogram.org/cameras/MN/D6-C099","refreshMs":30000,"attribution":"Ora (Warner Varnado) · Minnesota DOT"}},{"type":"Feature","geometry":{"type":"Point","coordinates":[-93.29233,44.44819]},"properties":{"id":"ora-mn-439","name":"I-35: I-35 NB (Heath Creek Rest Area 1)","state":"MN","provider":"Minnesota DOT","hls":null,"snapshot":"https://public.carsprogram.org/cameras/MN/C30044?1783724040000","refreshMs":30000,"attribution":"Ora (Warner Varnado) · Minnesota DOT"}},{"type":"Feature","geometry":{"type":"Point","coordinates":[-93.29233,44.44817]},"properties":{"id":"ora-mn-440","name":"I-35: I-35 NB (Heath Creek Rest Area 2)","state":"MN","provider":"Minnesota DOT","hls":null,"snapshot":"https://public.carsprogram.org/cameras/MN/C30043?1783724040000","refreshMs":30000,"attribution":"Ora (Warner Varnado) · Minnesota DOT"}},{"type":"Feature","geometry":{"type":"Point","coordinates":[-93.29233,44.44751]},"properties":{"id":"ora-mn-441","name":"I-35: I-35 NB (MP 68.1 - Heath Creek RA)","state":"MN","provider":"Minnesota DOT","hls":"https://video.dot.state.mn.us/public/D6-C100.stream/playlist.m3u8","snapshot":"https://public.carsprogram.org/cameras/MN/D6-C100","refreshMs":30000,"attribution":"Ora (Warner Varnado) · Minnesota DOT"}},{"type":"Feature","geometry":{"type":"Point","coordinates":[-93.29241,44.42879]},"properties":{"id":"ora-mn-442","name":"I-35: I-35 NB @ Co Rd 1 (MP 66.7)","state":"MN","provider":"Minnesota DOT","hls":"https://video.dot.state.mn.us/public/D6-C101.stream/playlist.m3u8","snapshot":"https://public.carsprogram.org/cameras/MN/D6-C101","refreshMs":30000,"attribution":"Ora (Warner Varnado) · Minnesota DOT"}},{"type":"Feature","geometry":{"type":"Point","coordinates":[-93.29241,44.41383]},"properties":{"id":"ora-mn-443","name":"I-35: I-35 NB (MP  65.7)","state":"MN","provider":"Minnesota DOT","hls":"https://video.dot.state.mn.us/public/D6-C102.stream/playlist.m3u8","snapshot":"https://public.carsprogram.org/cameras/MN/D6-C102","refreshMs":30000,"attribution":"Ora (Warner Varnado) · Minnesota DOT"}},{"type":"Feature","geometry":{"type":"Point","coordinates":[-93.29238,44.39984]},"properties":{"id":"ora-mn-444","name":"I-35: I-35 NB (MP 64.7)","state":"MN","provider":"Minnesota DOT","hls":"https://video.dot.state.mn.us/public/D6-C103.stream/playlist.m3u8","snapshot":"https://public.carsprogram.org/cameras/MN/D6-C103","refreshMs":30000,"attribution":"Ora (Warner Varnado) · Minnesota DOT"}},{"type":"Feature","geometry":{"type":"Point","coordinates":[-93.29236,44.39055]},"properties":{"id":"ora-mn-445","name":"I-35: I-35 NB (MP 64.0)","state":"MN","provider":"Minnesota DOT","hls":"https://video.dot.state.mn.us/public/D6-C104.stream/playlist.m3u8","snapshot":"https://public.carsprogram.org/cameras/MN/D6-C104","refreshMs":30000,"attribution":"Ora (Warner Varnado) · Minnesota DOT"}},{"type":"Feature","geometry":{"type":"Point","coordinates":[-93.29267,44.38084]},"properties":{"id":"ora-mn-446","name":"I-35: I-35 SB (MP 63.3)","state":"MN","provider":"Minnesota DOT","hls":null,"snapshot":"https://public.carsprogram.org/cameras/MN/D6-C105?1783724040000","refreshMs":30000,"attribution":"Ora (Warner Varnado) · Minnesota DOT"}},{"type":"Feature","geometry":{"type":"Point","coordinates":[-93.29287,44.37988]},"properties":{"id":"ora-mn-447","name":"I-35: I-35 NB (MP 63.2)","state":"MN","provider":"Minnesota DOT","hls":"https://video.dot.state.mn.us/public/D6-C106.stream/playlist.m3u8","snapshot":"https://public.carsprogram.org/cameras/MN/D6-C106","refreshMs":30000,"attribution":"Ora (Warner Varnado) · Minnesota DOT"}},{"type":"Feature","geometry":{"type":"Point","coordinates":[-93.29282,44.37083]},"properties":{"id":"ora-mn-448","name":"I-35: I-35 N-S (MP 62.6)","state":"MN","provider":"Minnesota DOT","hls":"https://video.dot.state.mn.us/public/D6-C107.stream/playlist.m3u8","snapshot":"https://public.carsprogram.org/cameras/MN/D6-C107","refreshMs":30000,"attribution":"Ora (Warner Varnado) · Minnesota DOT"}},{"type":"Feature","geometry":{"type":"Point","coordinates":[-93.29258,44.3619]},"properties":{"id":"ora-mn-449","name":"I-35: I-35 NB (MP 62.0)","state":"MN","provider":"Minnesota DOT","hls":"https://video.dot.state.mn.us/public/D6-C108.stream/playlist.m3u8","snapshot":"https://public.carsprogram.org/cameras/MN/D6-C108","refreshMs":30000,"attribution":"Ora (Warner Varnado) · Minnesota DOT"}},{"type":"Feature","geometry":{"type":"Point","coordinates":[-93.29295,44.34824]},"properties":{"id":"ora-mn-450","name":"I-35: I-35 SB (MP 61.1)","state":"MN","provider":"Minnesota DOT","hls":"https://video.dot.state.mn.us/public/D6-C109.stream/playlist.m3u8","snapshot":"https://public.carsprogram.org/cameras/MN/D6-C109","refreshMs":30000,"attribution":"Ora (Warner Varnado) · Minnesota DOT"}},{"type":"Feature","geometry":{"type":"Point","coordinates":[-93.29308,44.33251]},"properties":{"id":"ora-mn-451","name":"I-35: I-35 NB (MP 60.0)","state":"MN","provider":"Minnesota DOT","hls":"https://video.dot.state.mn.us/public/D6-C110.stream/playlist.m3u8","snapshot":"https://public.carsprogram.org/cameras/MN/D6-C110","refreshMs":30000,"attribution":"Ora (Warner Varnado) · Minnesota DOT"}},{"type":"Feature","geometry":{"type":"Point","coordinates":[-93.29917,44.3208]},"properties":{"id":"ora-mn-452","name":"I-35: I-35 NB @ T.H.21 (MP 59.2)","state":"MN","provider":"Minnesota DOT","hls":"https://video.dot.state.mn.us/public/D6-C111.stream/playlist.m3u8","snapshot":"https://public.carsprogram.org/cameras/MN/D6-C111","refreshMs":30000,"attribution":"Ora (Warner Varnado) · Minnesota DOT"}},{"type":"Feature","geometry":{"type":"Point","coordinates":[-93.3065,44.31708]},"properties":{"id":"ora-mn-453","name":"I-35: I-35 SB (MP 58.7)","state":"MN","provider":"Minnesota DOT","hls":"https://video.dot.state.mn.us/public/D6-C112.stream/playlist.m3u8","snapshot":"https://public.carsprogram.org/cameras/MN/D6-C112","refreshMs":30000,"attribution":"Ora (Warner Varnado) · Minnesota DOT"}},{"type":"Feature","geometry":{"type":"Point","coordinates":[-93.30909,44.30428]},"properties":{"id":"ora-mn-454","name":"I-35: I-35 SB (MP 57.9)","state":"MN","provider":"Minnesota DOT","hls":"https://video.dot.state.mn.us/public/D6-C113.stream/playlist.m3u8","snapshot":"https://public.carsprogram.org/cameras/MN/D6-C113","refreshMs":30000,"attribution":"Ora (Warner Varnado) · Minnesota DOT"}},{"type":"Feature","geometry":{"type":"Point","coordinates":[-93.30657,44.28157]},"properties":{"id":"ora-mn-455","name":"I-35: I-35 SB (MP 56.4)","state":"MN","provider":"Minnesota DOT","hls":"https://video.dot.state.mn.us/public/D6-C115.stream/playlist.m3u8","snapshot":"https://public.carsprogram.org/cameras/MN/D6-C115","refreshMs":30000,"attribution":"Ora (Warner Varnado) · Minnesota DOT"}},{"type":"Feature","geometry":{"type":"Point","coordinates":[-93.29914,44.27507]},"properties":{"id":"ora-mn-456","name":"I-35: I-35 NB (MP 55.6)","state":"MN","provider":"Minnesota DOT","hls":"https://video.dot.state.mn.us/public/D6-C116.stream/playlist.m3u8","snapshot":"https://public.carsprogram.org/cameras/MN/D6-C116","refreshMs":30000,"attribution":"Ora (Warner Varnado) · Minnesota DOT"}},{"type":"Feature","geometry":{"type":"Point","coordinates":[-93.28675,44.25422]},"properties":{"id":"ora-mn-457","name":"I-35: I-35 SB (MP 54.0)","state":"MN","provider":"Minnesota DOT","hls":"https://video.dot.state.mn.us/public/D6-C117.stream/playlist.m3u8","snapshot":"https://public.carsprogram.org/cameras/MN/D6-C117","refreshMs":30000,"attribution":"Ora (Warner Varnado) · Minnesota DOT"}},{"type":"Feature","geometry":{"type":"Point","coordinates":[-93.28074,44.24055]},"properties":{"id":"ora-mn-458","name":"I-35: I-35 NB (MP 53.0)","state":"MN","provider":"Minnesota DOT","hls":"https://video.dot.state.mn.us/public/D6-C118.stream/playlist.m3u8","snapshot":"https://public.carsprogram.org/cameras/MN/D6-C118","refreshMs":30000,"attribution":"Ora (Warner Varnado) · Minnesota DOT"}},{"type":"Feature","geometry":{"type":"Point","coordinates":[-93.27706,44.2258]},"properties":{"id":"ora-mn-459","name":"I-35: I-35 (Medford - MP 52.1): I-35 (Medford - MP 52.1) View 1","state":"MN","provider":"Minnesota DOT","hls":null,"snapshot":"https://public.carsprogram.org/cameras/MN/C30333-v1?1783724040000","refreshMs":30000,"attribution":"Ora (Warner Varnado) · Minnesota DOT"}},{"type":"Feature","geometry":{"type":"Point","coordinates":[-93.27703,44.22559]},"properties":{"id":"ora-mn-460","name":"I-35: I-35 SB (MP 52.0)","state":"MN","provider":"Minnesota DOT","hls":"https://video.dot.state.mn.us/public/D6-C119.stream/playlist.m3u8","snapshot":"https://public.carsprogram.org/cameras/MN/D6-C119","refreshMs":30000,"attribution":"Ora (Warner Varnado) · Minnesota DOT"}},{"type":"Feature","geometry":{"type":"Point","coordinates":[-93.27028,44.21511]},"properties":{"id":"ora-mn-461","name":"I-35: I-35 SB (MP 51.0)","state":"MN","provider":"Minnesota DOT","hls":"https://video.dot.state.mn.us/public/D6-C120.stream/playlist.m3u8","snapshot":"https://public.carsprogram.org/cameras/MN/D6-C120","refreshMs":30000,"attribution":"Ora (Warner Varnado) · Minnesota DOT"}},{"type":"Feature","geometry":{"type":"Point","coordinates":[-93.25534,44.19875]},"properties":{"id":"ora-mn-462","name":"I-35: I-35 NB (MP 49.8)","state":"MN","provider":"Minnesota DOT","hls":"https://video.dot.state.mn.us/public/D6-C121.stream/playlist.m3u8","snapshot":"https://public.carsprogram.org/cameras/MN/D6-C121","refreshMs":30000,"attribution":"Ora (Warner Varnado) · Minnesota DOT"}},{"type":"Feature","geometry":{"type":"Point","coordinates":[-93.25585,44.18611]},"properties":{"id":"ora-mn-463","name":"I-35: I-35 NB (MP 49.0)","state":"MN","provider":"Minnesota DOT","hls":"https://video.dot.state.mn.us/public/D6-C122.stream/playlist.m3u8","snapshot":"https://public.carsprogram.org/cameras/MN/D6-C122","refreshMs":30000,"attribution":"Ora (Warner Varnado) · Minnesota DOT"}},{"type":"Feature","geometry":{"type":"Point","coordinates":[-93.25889,44.17313]},"properties":{"id":"ora-mn-464","name":"I-35: I-35 SB @ Co Rd 12 (MP 48.0)","state":"MN","provider":"Minnesota DOT","hls":"https://video.dot.state.mn.us/public/D6-C123.stream/playlist.m3u8","snapshot":"https://public.carsprogram.org/cameras/MN/D6-C123","refreshMs":30000,"attribution":"Ora (Warner Varnado) · Minnesota DOT"}},{"type":"Feature","geometry":{"type":"Point","coordinates":[-93.25715,44.15039]},"properties":{"id":"ora-mn-465","name":"I-35: I-35 NB (MP 46.50)","state":"MN","provider":"Minnesota DOT","hls":"https://video.dot.state.mn.us/public/D6-C124.stream/playlist.m3u8","snapshot":"https://public.carsprogram.org/cameras/MN/D6-C124","refreshMs":30000,"attribution":"Ora (Warner Varnado) · Minnesota DOT"}},{"type":"Feature","geometry":{"type":"Point","coordinates":[-93.24927,44.13851]},"properties":{"id":"ora-mn-466","name":"I-35: I-35 NB @ Co Rd 9 (MP 45.4)","state":"MN","provider":"Minnesota DOT","hls":"https://video.dot.state.mn.us/public/D6-C125.stream/playlist.m3u8","snapshot":"https://public.carsprogram.org/cameras/MN/D6-C125","refreshMs":30000,"attribution":"Ora (Warner Varnado) · Minnesota DOT"}},{"type":"Feature","geometry":{"type":"Point","coordinates":[-93.24597,44.11016]},"properties":{"id":"ora-mn-467","name":"I-35: I-35 NB @ Co Rd 34 (MP 43.5)","state":"MN","provider":"Minnesota DOT","hls":"https://video.dot.state.mn.us/public/D6-C127.stream/playlist.m3u8","snapshot":"https://public.carsprogram.org/cameras/MN/D6-C127","refreshMs":30000,"attribution":"Ora (Warner Varnado) · Minnesota DOT"}},{"type":"Feature","geometry":{"type":"Point","coordinates":[-93.24461,44.09263]},"properties":{"id":"ora-mn-468","name":"I-35: I-35 NB S of Hoffman Dr (MP 42.4)","state":"MN","provider":"Minnesota DOT","hls":"https://video.dot.state.mn.us/public/D6-C128.stream/playlist.m3u8","snapshot":"https://public.carsprogram.org/cameras/MN/D6-C128","refreshMs":30000,"attribution":"Ora (Warner Varnado) · Minnesota DOT"}},{"type":"Feature","geometry":{"type":"Point","coordinates":[-93.24651,44.08413]},"properties":{"id":"ora-mn-469","name":"I-35: I-35 SB @ Bridge St (MP 41.9)","state":"MN","provider":"Minnesota DOT","hls":"https://video.dot.state.mn.us/public/D6-C129.stream/playlist.m3u8","snapshot":"https://public.carsprogram.org/cameras/MN/D6-C129","refreshMs":30000,"attribution":"Ora (Warner Varnado) · Minnesota DOT"}},{"type":"Feature","geometry":{"type":"Point","coordinates":[-93.02875,45.21902]},"properties":{"id":"ora-mn-470","name":"I-35W: I-35E SB N Jct I-35W","state":"MN","provider":"Minnesota DOT","hls":"https://video.dot.state.mn.us/public/C055.stream/playlist.m3u8","snapshot":"https://public.carsprogram.org/cameras/MN/C055","refreshMs":30000,"attribution":"Ora (Warner Varnado) · Minnesota DOT"}},{"type":"Feature","geometry":{"type":"Point","coordinates":[-93.03436,45.21452]},"properties":{"id":"ora-mn-471","name":"I-35W: I-35W NB S of I-35E (Freeway Dr)","state":"MN","provider":"Minnesota DOT","hls":"https://video.dot.state.mn.us/public/C650.stream/playlist.m3u8","snapshot":"https://public.carsprogram.org/cameras/MN/C650","refreshMs":30000,"attribution":"Ora (Warner Varnado) · Minnesota DOT"}},{"type":"Feature","geometry":{"type":"Point","coordinates":[-93.25196,44.07145]},"properties":{"id":"ora-mn-472","name":"I-35: I-35 SB @ Lemond Rd (MP 40.9)","state":"MN","provider":"Minnesota DOT","hls":"https://video.dot.state.mn.us/public/D6-C130.stream/playlist.m3u8","snapshot":"https://public.carsprogram.org/cameras/MN/D6-C130","refreshMs":30000,"attribution":"Ora (Warner Varnado) · Minnesota DOT"}},{"type":"Feature","geometry":{"type":"Point","coordinates":[-93.2503,44.05998]},"properties":{"id":"ora-mn-473","name":"I-35: I-35 SB @ U.S.14 WB (MP 40.1)","state":"MN","provider":"Minnesota DOT","hls":"https://video.dot.state.mn.us/public/D6-C131a.stream/playlist.m3u8","snapshot":"https://public.carsprogram.org/cameras/MN/D6-C131a","refreshMs":30000,"attribution":"Ora (Warner Varnado) · Minnesota DOT"}},{"type":"Feature","geometry":{"type":"Point","coordinates":[-93.0528,45.19967]},"properties":{"id":"ora-mn-474","name":"I-35W: I-35W NB N of Co Rd 14 (MP 39.7)","state":"MN","provider":"Minnesota DOT","hls":"https://video.dot.state.mn.us/public/C649.stream/playlist.m3u8","snapshot":"https://public.carsprogram.org/cameras/MN/C649","refreshMs":30000,"attribution":"Ora (Warner Varnado) · Minnesota DOT"}},{"type":"Feature","geometry":{"type":"Point","coordinates":[-93.24855,44.04092]},"properties":{"id":"ora-mn-475","name":"I-35: I-35 NB (MP 38.8)","state":"MN","provider":"Minnesota DOT","hls":"https://video.dot.state.mn.us/public/D6-C132.stream/playlist.m3u8","snapshot":"https://public.carsprogram.org/cameras/MN/D6-C132","refreshMs":30000,"attribution":"Ora (Warner Varnado) · Minnesota DOT"}},{"type":"Feature","geometry":{"type":"Point","coordinates":[-93.07257,45.19261]},"properties":{"id":"ora-mn-476","name":"I-35W: I-35W NB @ Co Rd 14","state":"MN","provider":"Minnesota DOT","hls":"https://video.dot.state.mn.us/public/C648.stream/playlist.m3u8","snapshot":"https://public.carsprogram.org/cameras/MN/C648","refreshMs":30000,"attribution":"Ora (Warner Varnado) · Minnesota DOT"}},{"type":"Feature","geometry":{"type":"Point","coordinates":[-93.24693,44.02643]},"properties":{"id":"ora-mn-477","name":"I-35: I-35 NB (MP 37.9)","state":"MN","provider":"Minnesota DOT","hls":"https://video.dot.state.mn.us/public/D6-C133.stream/playlist.m3u8","snapshot":"https://public.carsprogram.org/cameras/MN/D6-C133","refreshMs":30000,"attribution":"Ora (Warner Varnado) · Minnesota DOT"}},{"type":"Feature","geometry":{"type":"Point","coordinates":[-93.11199,45.18036]},"properties":{"id":"ora-mn-478","name":"I-35W: I-35W SB @ Co Rd 23 (Lake Dr)","state":"MN","provider":"Minnesota DOT","hls":"https://video.dot.state.mn.us/public/C647.stream/playlist.m3u8","snapshot":"https://public.carsprogram.org/cameras/MN/C647","refreshMs":30000,"attribution":"Ora (Warner Varnado) · Minnesota DOT"}},{"type":"Feature","geometry":{"type":"Point","coordinates":[-93.25451,44.00796]},"properties":{"id":"ora-mn-479","name":"I-35: I-35 SB @ C.S.A.H.31 WB (MP 36.4)","state":"MN","provider":"Minnesota DOT","hls":"https://video.dot.state.mn.us/public/C30027.stream/playlist.m3u8","snapshot":"https://public.carsprogram.org/cameras/MN/C30027","refreshMs":30000,"attribution":"Ora (Warner Varnado) · Minnesota DOT"}},{"type":"Feature","geometry":{"type":"Point","coordinates":[-93.12447,45.17271]},"properties":{"id":"ora-mn-480","name":"I-35W: I-35W NB S of Co Rd 23 (MP 35.7)","state":"MN","provider":"Minnesota DOT","hls":"https://video.dot.state.mn.us/public/C646.stream/playlist.m3u8","snapshot":"https://public.carsprogram.org/cameras/MN/C646","refreshMs":30000,"attribution":"Ora (Warner Varnado) · Minnesota DOT"}},{"type":"Feature","geometry":{"type":"Point","coordinates":[-93.25484,43.98913]},"properties":{"id":"ora-mn-481","name":"I-35: I-35 SB (MP 35 Straight River R A)","state":"MN","provider":"Minnesota DOT","hls":"https://video.dot.state.mn.us/public/C30026.stream/playlist.m3u8","snapshot":"https://public.carsprogram.org/cameras/MN/C30026","refreshMs":30000,"attribution":"Ora (Warner Varnado) · Minnesota DOT"}},{"type":"Feature","geometry":{"type":"Point","coordinates":[-93.14284,45.16805]},"properties":{"id":"ora-mn-482","name":"I-35W: I-35W NB @ Sunset Rd","state":"MN","provider":"Minnesota DOT","hls":"https://video.dot.state.mn.us/public/C645.stream/playlist.m3u8","snapshot":"https://public.carsprogram.org/cameras/MN/C645","refreshMs":30000,"attribution":"Ora (Warner Varnado) · Minnesota DOT"}},{"type":"Feature","geometry":{"type":"Point","coordinates":[-93.25512,43.97165]},"properties":{"id":"ora-mn-483","name":"I-35: I-35 NB @ 81st St SW (MP 33.9)","state":"MN","provider":"Minnesota DOT","hls":"https://video.dot.state.mn.us/public/C30025.stream/playlist.m3u8","snapshot":"https://public.carsprogram.org/cameras/MN/C30025","refreshMs":30000,"attribution":"Ora (Warner Varnado) · Minnesota DOT"}},{"type":"Feature","geometry":{"type":"Point","coordinates":[-93.16334,45.1593]},"properties":{"id":"ora-mn-484","name":"I-35W: I-35W SB @ Lexington Ave","state":"MN","provider":"Minnesota DOT","hls":"https://video.dot.state.mn.us/public/C644.stream/playlist.m3u8","snapshot":"https://public.carsprogram.org/cameras/MN/C644","refreshMs":30000,"attribution":"Ora (Warner Varnado) · Minnesota DOT"}},{"type":"Feature","geometry":{"type":"Point","coordinates":[-93.25979,43.957]},"properties":{"id":"ora-mn-485","name":"I-35: I-35 NB @ C.S.A.H.4 EB (MP 32.8)","state":"MN","provider":"Minnesota DOT","hls":"https://video.dot.state.mn.us/public/C30024.stream/playlist.m3u8","snapshot":"https://public.carsprogram.org/cameras/MN/C30024","refreshMs":30000,"attribution":"Ora (Warner Varnado) · Minnesota DOT"}},{"type":"Feature","geometry":{"type":"Point","coordinates":[-93.18561,45.14231]},"properties":{"id":"ora-mn-486","name":"I-35W: I-35W SB @ 95th Ave (Lovell Rd)","state":"MN","provider":"Minnesota DOT","hls":"https://video.dot.state.mn.us/public/C643.stream/playlist.m3u8","snapshot":"https://public.carsprogram.org/cameras/MN/C643","refreshMs":30000,"attribution":"Ora (Warner Varnado) · Minnesota DOT"}},{"type":"Feature","geometry":{"type":"Point","coordinates":[-93.27248,43.93499]},"properties":{"id":"ora-mn-487","name":"I-35: I-35 SB @ 108th St SW (MP 31.2)","state":"MN","provider":"Minnesota DOT","hls":"https://video.dot.state.mn.us/public/C30023.stream/playlist.m3u8","snapshot":"https://public.carsprogram.org/cameras/MN/C30023","refreshMs":30000,"attribution":"Ora (Warner Varnado) · Minnesota DOT"}},{"type":"Feature","geometry":{"type":"Point","coordinates":[-93.18839,45.12767]},"properties":{"id":"ora-mn-488","name":"I-35W: I-35W SB @ Lake Dr","state":"MN","provider":"Minnesota DOT","hls":"https://video.dot.state.mn.us/public/C642.stream/playlist.m3u8","snapshot":"https://public.carsprogram.org/cameras/MN/C642","refreshMs":30000,"attribution":"Ora (Warner Varnado) · Minnesota DOT"}},{"type":"Feature","geometry":{"type":"Point","coordinates":[-93.27691,43.92053]},"properties":{"id":"ora-mn-489","name":"I-35: I-35 SB S of 118th St SW (MP 30.1)","state":"MN","provider":"Minnesota DOT","hls":"https://video.dot.state.mn.us/public/C30022.stream/playlist.m3u8","snapshot":"https://public.carsprogram.org/cameras/MN/C30022","refreshMs":30000,"attribution":"Ora (Warner Varnado) · Minnesota DOT"}},{"type":"Feature","geometry":{"type":"Point","coordinates":[-93.27691,43.9201]},"properties":{"id":"ora-mn-490","name":"I-35: I-35 (Hope): I-35 (Hope) View 1","state":"MN","provider":"Minnesota DOT","hls":null,"snapshot":"https://public.carsprogram.org/cameras/MN/C30468-v1?1783724040000","refreshMs":30000,"attribution":"Ora (Warner Varnado) · Minnesota DOT"}},{"type":"Feature","geometry":{"type":"Point","coordinates":[-93.18828,45.11516]},"properties":{"id":"ora-mn-491","name":"I-35W: I-35W NB @ T.H.10 EB","state":"MN","provider":"Minnesota DOT","hls":"https://video.dot.state.mn.us/public/C30203.stream/playlist.m3u8","snapshot":"https://public.carsprogram.org/cameras/MN/C30203","refreshMs":30000,"attribution":"Ora (Warner Varnado) · Minnesota DOT"}},{"type":"Feature","geometry":{"type":"Point","coordinates":[-93.18819,45.10683]},"properties":{"id":"ora-mn-492","name":"I-35W: I-35W NB @ Co Rd I","state":"MN","provider":"Minnesota DOT","hls":"https://video.dot.state.mn.us/public/C30202.stream/playlist.m3u8","snapshot":"https://public.carsprogram.org/cameras/MN/C30202","refreshMs":30000,"attribution":"Ora (Warner Varnado) · Minnesota DOT"}},{"type":"Feature","geometry":{"type":"Point","coordinates":[-93.18804,45.09549]},"properties":{"id":"ora-mn-493","name":"I-35W: I-35W SB @ Co Rd H WB","state":"MN","provider":"Minnesota DOT","hls":"https://video.dot.state.mn.us/public/C30201.stream/playlist.m3u8","snapshot":"https://public.carsprogram.org/cameras/MN/C30201","refreshMs":30000,"attribution":"Ora (Warner Varnado) · Minnesota DOT"}},{"type":"Feature","geometry":{"type":"Point","coordinates":[-93.18794,45.09134]},"properties":{"id":"ora-mn-494","name":"I-35W: I-35W NB @ Co Rd 10","state":"MN","provider":"Minnesota DOT","hls":"https://video.dot.state.mn.us/public/C639.stream/playlist.m3u8","snapshot":"https://public.carsprogram.org/cameras/MN/C639","refreshMs":30000,"attribution":"Ora (Warner Varnado) · Minnesota DOT"}},{"type":"Feature","geometry":{"type":"Point","coordinates":[-93.27683,43.88816]},"properties":{"id":"ora-mn-495","name":"I-35: I-35 NB @ 141st St SW (MP 27.9)","state":"MN","provider":"Minnesota DOT","hls":"https://video.dot.state.mn.us/public/C30021.stream/playlist.m3u8","snapshot":"https://public.carsprogram.org/cameras/MN/C30021","refreshMs":30000,"attribution":"Ora (Warner Varnado) · Minnesota DOT"}},{"type":"Feature","geometry":{"type":"Point","coordinates":[-93.18534,45.07894]},"properties":{"id":"ora-mn-496","name":"I-35W: I-35W NB @ Co Rd 96","state":"MN","provider":"Minnesota DOT","hls":"https://video.dot.state.mn.us/public/C638.stream/playlist.m3u8","snapshot":"https://public.carsprogram.org/cameras/MN/C638","refreshMs":30000,"attribution":"Ora (Warner Varnado) · Minnesota DOT"}},{"type":"Feature","geometry":{"type":"Point","coordinates":[-93.18523,45.07261]},"properties":{"id":"ora-mn-497","name":"I-35W: I-35W NB N of I-694","state":"MN","provider":"Minnesota DOT","hls":"https://video.dot.state.mn.us/public/C30200.stream/playlist.m3u8","snapshot":"https://public.carsprogram.org/cameras/MN/C30200","refreshMs":30000,"attribution":"Ora (Warner Varnado) · Minnesota DOT"}},{"type":"Feature","geometry":{"type":"Point","coordinates":[-93.18579,45.06763]},"properties":{"id":"ora-mn-498","name":"I-35W: I-35W NB @ I-694 WB","state":"MN","provider":"Minnesota DOT","hls":"https://video.dot.state.mn.us/public/C30207.stream/playlist.m3u8","snapshot":"https://public.carsprogram.org/cameras/MN/C30207","refreshMs":30000,"attribution":"Ora (Warner Varnado) · Minnesota DOT"}},{"type":"Feature","geometry":{"type":"Point","coordinates":[-93.1873,45.05749]},"properties":{"id":"ora-mn-499","name":"I-35W: I-35W NB @ Co Rd E2","state":"MN","provider":"Minnesota DOT","hls":"https://video.dot.state.mn.us/public/C637.stream/playlist.m3u8","snapshot":"https://public.carsprogram.org/cameras/MN/C637","refreshMs":30000,"attribution":"Ora (Warner Varnado) · Minnesota DOT"}},{"type":"Feature","geometry":{"type":"Point","coordinates":[-93.28526,43.84838]},"properties":{"id":"ora-mn-500","name":"I-35: I-35 NB S of T.H.30 (Freeborn/Steele Co Line)","state":"MN","provider":"Minnesota DOT","hls":"https://video.dot.state.mn.us/public/C30573.stream/playlist.m3u8","snapshot":"https://public.carsprogram.org/cameras/MN/C30573","refreshMs":30000,"attribution":"Ora (Warner Varnado) · Minnesota DOT"}},{"type":"Feature","geometry":{"type":"Point","coordinates":[-93.19048,45.03547]},"properties":{"id":"ora-mn-501","name":"I-35W: I-35W NB @ Co Rd D WB","state":"MN","provider":"Minnesota DOT","hls":"https://video.dot.state.mn.us/public/C30199.stream/playlist.m3u8","snapshot":"https://public.carsprogram.org/cameras/MN/C30199","refreshMs":30000,"attribution":"Ora (Warner Varnado) · Minnesota DOT"}},{"type":"Feature","geometry":{"type":"Point","coordinates":[-93.28866,43.83321]},"properties":{"id":"ora-mn-502","name":"I-35: I-35 SB N of C.S.A.H.35 (MP 24)","state":"MN","provider":"Minnesota DOT","hls":"https://video.dot.state.mn.us/public/C30574.stream/playlist.m3u8","snapshot":"https://public.carsprogram.org/cameras/MN/C30574","refreshMs":30000,"attribution":"Ora (Warner Varnado) · Minnesota DOT"}},{"type":"Feature","geometry":{"type":"Point","coordinates":[-93.18995,45.02288]},"properties":{"id":"ora-mn-503","name":"I-35W: I-35W SB @ Long Lake Rd NB","state":"MN","provider":"Minnesota DOT","hls":"https://video.dot.state.mn.us/public/C30226.stream/playlist.m3u8","snapshot":"https://public.carsprogram.org/cameras/MN/C30226","refreshMs":30000,"attribution":"Ora (Warner Varnado) · Minnesota DOT"}},{"type":"Feature","geometry":{"type":"Point","coordinates":[-93.18935,45.02116]},"properties":{"id":"ora-mn-504","name":"I-35W: I-35W SB @ Co Rd C","state":"MN","provider":"Minnesota DOT","hls":"https://video.dot.state.mn.us/public/C635.stream/playlist.m3u8","snapshot":"https://public.carsprogram.org/cameras/MN/C635","refreshMs":30000,"attribution":"Ora (Warner Varnado) · Minnesota DOT"}},{"type":"Feature","geometry":{"type":"Point","coordinates":[-93.28868,43.81794]},"properties":{"id":"ora-mn-505","name":"I-35: I-35 NB @ C.S.A.H.35 (MP22.9)","state":"MN","provider":"Minnesota DOT","hls":"https://video.dot.state.mn.us/public/C30575.stream/playlist.m3u8","snapshot":"https://public.carsprogram.org/cameras/MN/C30575","refreshMs":30000,"attribution":"Ora (Warner Varnado) · Minnesota DOT"}},{"type":"Feature","geometry":{"type":"Point","coordinates":[-93.18839,45.01126]},"properties":{"id":"ora-mn-506","name":"I-35W: I-35W NB @ T.H.36 WB","state":"MN","provider":"Minnesota DOT","hls":"https://video.dot.state.mn.us/public/C30177.stream/playlist.m3u8","snapshot":"https://public.carsprogram.org/cameras/MN/C30177","refreshMs":30000,"attribution":"Ora (Warner Varnado) · Minnesota DOT"}},{"type":"Feature","geometry":{"type":"Point","coordinates":[-93.20122,45.00965]},"properties":{"id":"ora-mn-507","name":"I-35W: I-35W SB @ T.H.280","state":"MN","provider":"Minnesota DOT","hls":"https://video.dot.state.mn.us/public/C634.stream/playlist.m3u8","snapshot":"https://public.carsprogram.org/cameras/MN/C634","refreshMs":30000,"attribution":"Ora (Warner Varnado) · Minnesota DOT"}},{"type":"Feature","geometry":{"type":"Point","coordinates":[-93.20436,45.00775]},"properties":{"id":"ora-mn-508","name":"I-35W: T.H.280 NB @ T.H.36","state":"MN","provider":"Minnesota DOT","hls":"https://video.dot.state.mn.us/public/C284.stream/playlist.m3u8","snapshot":"https://public.carsprogram.org/cameras/MN/C284","refreshMs":30000,"attribution":"Ora (Warner Varnado) · Minnesota DOT"}},{"type":"Feature","geometry":{"type":"Point","coordinates":[-93.2968,43.80111]},"properties":{"id":"ora-mn-509","name":"I-35: I-35 SB S of C.S.A.H.35 (MP21.58)","state":"MN","provider":"Minnesota DOT","hls":"https://video.dot.state.mn.us/public/C30576.stream/playlist.m3u8","snapshot":"https://public.carsprogram.org/cameras/MN/C30576","refreshMs":30000,"attribution":"Ora (Warner Varnado) · Minnesota DOT"}},{"type":"Feature","geometry":{"type":"Point","coordinates":[-93.21502,45.00268]},"properties":{"id":"ora-mn-510","name":"I-35W: I-35W SB @ Industrial Blvd","state":"MN","provider":"Minnesota DOT","hls":"https://video.dot.state.mn.us/public/C633.stream/playlist.m3u8","snapshot":"https://public.carsprogram.org/cameras/MN/C633","refreshMs":30000,"attribution":"Ora (Warner Varnado) · Minnesota DOT"}},{"type":"Feature","geometry":{"type":"Point","coordinates":[-93.22112,45.00081]},"properties":{"id":"ora-mn-511","name":"I-35W: I-35W SB @ Stinson Blvd","state":"MN","provider":"Minnesota DOT","hls":"https://video.dot.state.mn.us/public/C632.stream/playlist.m3u8","snapshot":"https://public.carsprogram.org/cameras/MN/C632","refreshMs":30000,"attribution":"Ora (Warner Varnado) · Minnesota DOT"}},{"type":"Feature","geometry":{"type":"Point","coordinates":[-93.30807,43.79011]},"properties":{"id":"ora-mn-512","name":"I-35: I-35 SB N of T.H.251 (MP20.8)","state":"MN","provider":"Minnesota DOT","hls":"https://video.dot.state.mn.us/public/C30577.stream/playlist.m3u8","snapshot":"https://public.carsprogram.org/cameras/MN/C30577","refreshMs":30000,"attribution":"Ora (Warner Varnado) · Minnesota DOT"}},{"type":"Feature","geometry":{"type":"Point","coordinates":[-93.23423,45.00203]},"properties":{"id":"ora-mn-513","name":"I-35W: I-35W SB @ Johnson St","state":"MN","provider":"Minnesota DOT","hls":"https://video.dot.state.mn.us/public/C631.stream/playlist.m3u8","snapshot":"https://public.carsprogram.org/cameras/MN/C631","refreshMs":30000,"attribution":"Ora (Warner Varnado) · Minnesota DOT"}},{"type":"Feature","geometry":{"type":"Point","coordinates":[-93.23832,44.99616]},"properties":{"id":"ora-mn-514","name":"I-35W: I-35W SB @ Broadway St","state":"MN","provider":"Minnesota DOT","hls":"https://video.dot.state.mn.us/public/C6301.stream/playlist.m3u8","snapshot":"https://public.carsprogram.org/cameras/MN/C6301","refreshMs":30000,"attribution":"Ora (Warner Varnado) · Minnesota DOT"}},{"type":"Feature","geometry":{"type":"Point","coordinates":[-93.30866,43.77471]},"properties":{"id":"ora-mn-515","name":"I-35: I-35 NB N of T.H.251 (MP19.5)","state":"MN","provider":"Minnesota DOT","hls":"https://video.dot.state.mn.us/public/C30578.stream/playlist.m3u8","snapshot":"https://public.carsprogram.org/cameras/MN/C30578","refreshMs":30000,"attribution":"Ora (Warner Varnado) · Minnesota DOT"}},{"type":"Feature","geometry":{"type":"Point","coordinates":[-93.23627,44.99117]},"properties":{"id":"ora-mn-516","name":"I-35W: I-35W NB @ Hennepin Ave","state":"MN","provider":"Minnesota DOT","hls":"https://video.dot.state.mn.us/public/C630.stream/playlist.m3u8","snapshot":"https://public.carsprogram.org/cameras/MN/C630","refreshMs":30000,"attribution":"Ora (Warner Varnado) · Minnesota DOT"}},{"type":"Feature","geometry":{"type":"Point","coordinates":[-93.23753,44.98745]},"properties":{"id":"ora-mn-517","name":"I-35W: I-35W NB @ 8th St SE","state":"MN","provider":"Minnesota DOT","hls":"https://video.dot.state.mn.us/public/C30514.stream/playlist.m3u8","snapshot":"https://public.carsprogram.org/cameras/MN/C30514","refreshMs":30000,"attribution":"Ora (Warner Varnado) · Minnesota DOT"}},{"type":"Feature","geometry":{"type":"Point","coordinates":[-93.24204,44.98378]},"properties":{"id":"ora-mn-518","name":"I-35W: I-35W SB @ 4th St","state":"MN","provider":"Minnesota DOT","hls":"https://video.dot.state.mn.us/public/C629.stream/playlist.m3u8","snapshot":"https://public.carsprogram.org/cameras/MN/C629","refreshMs":30000,"attribution":"Ora (Warner Varnado) · Minnesota DOT"}},{"type":"Feature","geometry":{"type":"Point","coordinates":[-93.24342,44.98198]},"properties":{"id":"ora-mn-519","name":"I-35W: I-35W NB @ University Ave","state":"MN","provider":"Minnesota DOT","hls":"https://video.dot.state.mn.us/public/C1629.stream/playlist.m3u8","snapshot":"https://public.carsprogram.org/cameras/MN/C1629","refreshMs":30000,"attribution":"Ora (Warner Varnado) · Minnesota DOT"}},{"type":"Feature","geometry":{"type":"Point","coordinates":[-93.24441,44.97971]},"properties":{"id":"ora-mn-520","name":"I-35W: @ 6th Ave","state":"MN","provider":"Minnesota DOT","hls":null,"snapshot":"https://public.carsprogram.org/cameras/MN/C1109?1783724040000","refreshMs":30000,"attribution":"Ora (Warner Varnado) · Minnesota DOT"}},{"type":"Feature","geometry":{"type":"Point","coordinates":[-93.24547,44.97734]},"properties":{"id":"ora-mn-521","name":"I-35W: West River St SB","state":"MN","provider":"Minnesota DOT","hls":null,"snapshot":"https://public.carsprogram.org/cameras/MN/C1110?1783724040000","refreshMs":30000,"attribution":"Ora (Warner Varnado) · Minnesota DOT"}},{"type":"Feature","geometry":{"type":"Point","coordinates":[-93.24651,44.97597]},"properties":{"id":"ora-mn-522","name":"I-35W: I-35W NB N of Washington Ave","state":"MN","provider":"Minnesota DOT","hls":"https://video.dot.state.mn.us/public/C628.stream/playlist.m3u8","snapshot":"https://public.carsprogram.org/cameras/MN/C628","refreshMs":30000,"attribution":"Ora (Warner Varnado) · Minnesota DOT"}},{"type":"Feature","geometry":{"type":"Point","coordinates":[-93.24924,44.97386]},"properties":{"id":"ora-mn-523","name":"I-35W: I-35W NB @ Washington Ave","state":"MN","provider":"Minnesota DOT","hls":"https://video.dot.state.mn.us/public/C1628.stream/playlist.m3u8","snapshot":"https://public.carsprogram.org/cameras/MN/C1628","refreshMs":30000,"attribution":"Ora (Warner Varnado) · Minnesota DOT"}},{"type":"Feature","geometry":{"type":"Point","coordinates":[-93.25155,44.97147]},"properties":{"id":"ora-mn-524","name":"I-35W: I-35W SB @ 3rd St","state":"MN","provider":"Minnesota DOT","hls":"https://video.dot.state.mn.us/public/C627.stream/playlist.m3u8","snapshot":"https://public.carsprogram.org/cameras/MN/C627","refreshMs":30000,"attribution":"Ora (Warner Varnado) · Minnesota DOT"}},{"type":"Feature","geometry":{"type":"Point","coordinates":[-93.25301,44.96921]},"properties":{"id":"ora-mn-525","name":"I-35W: I-35W SB @ 7th St","state":"MN","provider":"Minnesota DOT","hls":"https://video.dot.state.mn.us/public/C6261.stream/playlist.m3u8","snapshot":"https://public.carsprogram.org/cameras/MN/C6261","refreshMs":30000,"attribution":"Ora (Warner Varnado) · Minnesota DOT"}},{"type":"Feature","geometry":{"type":"Point","coordinates":[-93.25437,44.96667]},"properties":{"id":"ora-mn-526","name":"I-35W: T.H.55 NB @ I-94 (Hiawatha TMC Shelter)","state":"MN","provider":"Minnesota DOT","hls":"https://video.dot.state.mn.us/public/C30483.stream/playlist.m3u8","snapshot":"https://public.carsprogram.org/cameras/MN/C30483","refreshMs":30000,"attribution":"Ora (Warner Varnado) · Minnesota DOT"}},{"type":"Feature","geometry":{"type":"Point","coordinates":[-93.26134,44.96567]},"properties":{"id":"ora-mn-527","name":"I-35W: I-35W SB @ Chicago Ave","state":"MN","provider":"Minnesota DOT","hls":"https://video.dot.state.mn.us/public/C625.stream/playlist.m3u8","snapshot":"https://public.carsprogram.org/cameras/MN/C625","refreshMs":30000,"attribution":"Ora (Warner Varnado) · Minnesota DOT"}},{"type":"Feature","geometry":{"type":"Point","coordinates":[-93.26234,44.96567]},"properties":{"id":"ora-mn-528","name":"I-35W: I-94 WB @ Chicago Ave","state":"MN","provider":"Minnesota DOT","hls":"https://video.dot.state.mn.us/public/C8351.stream/playlist.m3u8","snapshot":"https://public.carsprogram.org/cameras/MN/C8351","refreshMs":30000,"attribution":"Ora (Warner Varnado) · Minnesota DOT"}},{"type":"Feature","geometry":{"type":"Point","coordinates":[-93.26638,44.96566]},"properties":{"id":"ora-mn-529","name":"I-35W: I-94 WB E of Portland Ave","state":"MN","provider":"Minnesota DOT","hls":"https://video.dot.state.mn.us/public/C8350.stream/playlist.m3u8","snapshot":"https://public.carsprogram.org/cameras/MN/C8350","refreshMs":30000,"attribution":"Ora (Warner Varnado) · Minnesota DOT"}},{"type":"Feature","geometry":{"type":"Point","coordinates":[-93.32023,43.73631]},"properties":{"id":"ora-mn-530","name":"I-35: I-35 SB @ Weigh Station Ramp (MP16.9)","state":"MN","provider":"Minnesota DOT","hls":"https://video.dot.state.mn.us/public/C30581.stream/playlist.m3u8","snapshot":"https://public.carsprogram.org/cameras/MN/C30581","refreshMs":30000,"attribution":"Ora (Warner Varnado) · Minnesota DOT"}},{"type":"Feature","geometry":{"type":"Point","coordinates":[-93.2688,44.96511]},"properties":{"id":"ora-mn-531","name":"I-35W: I-35W SB @ I-94 EB","state":"MN","provider":"Minnesota DOT","hls":"https://video.dot.state.mn.us/public/C8341.stream/playlist.m3u8","snapshot":"https://public.carsprogram.org/cameras/MN/C8341","refreshMs":30000,"attribution":"Ora (Warner Varnado) · Minnesota DOT"}},{"type":"Feature","geometry":{"type":"Point","coordinates":[-93.26923,44.96295]},"properties":{"id":"ora-mn-532","name":"I-35W: I-35W NB @ Franklin Ave WB","state":"MN","provider":"Minnesota DOT","hls":"https://video.dot.state.mn.us/public/C30167.stream/playlist.m3u8","snapshot":"https://public.carsprogram.org/cameras/MN/C30167","refreshMs":30000,"attribution":"Ora (Warner Varnado) · Minnesota DOT"}},{"type":"Feature","geometry":{"type":"Point","coordinates":[-93.26932,44.96027]},"properties":{"id":"ora-mn-533","name":"I-35W: I-35W SB @ 24th St","state":"MN","provider":"Minnesota DOT","hls":"https://video.dot.state.mn.us/public/C30279.stream/playlist.m3u8","snapshot":"https://public.carsprogram.org/cameras/MN/C30279","refreshMs":30000,"attribution":"Ora (Warner Varnado) · Minnesota DOT"}},{"type":"Feature","geometry":{"type":"Point","coordinates":[-93.2701,44.95567]},"properties":{"id":"ora-mn-534","name":"I-35W: I-35W NB @ 26th St","state":"MN","provider":"Minnesota DOT","hls":"https://video.dot.state.mn.us/public/C624.stream/playlist.m3u8","snapshot":"https://public.carsprogram.org/cameras/MN/C624","refreshMs":30000,"attribution":"Ora (Warner Varnado) · Minnesota DOT"}},{"type":"Feature","geometry":{"type":"Point","coordinates":[-93.32046,43.72453]},"properties":{"id":"ora-mn-535","name":"I-35: I-35 NB @ Co Rd 25 (MP 16.1)","state":"MN","provider":"Minnesota DOT","hls":"https://video.dot.state.mn.us/public/C30582.stream/playlist.m3u8","snapshot":"https://public.carsprogram.org/cameras/MN/C30582","refreshMs":30000,"attribution":"Ora (Warner Varnado) · Minnesota DOT"}},{"type":"Feature","geometry":{"type":"Point","coordinates":[-93.27081,44.95475]},"properties":{"id":"ora-mn-536","name":"I-35W: I-35W SB S of 26th St","state":"MN","provider":"Minnesota DOT","hls":"https://video.dot.state.mn.us/public/C30594.stream/playlist.m3u8","snapshot":"https://public.carsprogram.org/cameras/MN/C30594","refreshMs":30000,"attribution":"Ora (Warner Varnado) · Minnesota DOT"}},{"type":"Feature","geometry":{"type":"Point","coordinates":[-93.27449,44.94923]},"properties":{"id":"ora-mn-537","name":"I-35W: I-35W SB @ 28th St","state":"MN","provider":"Minnesota DOT","hls":"https://video.dot.state.mn.us/public/C623.stream/playlist.m3u8","snapshot":"https://public.carsprogram.org/cameras/MN/C623","refreshMs":30000,"attribution":"Ora (Warner Varnado) · Minnesota DOT"}},{"type":"Feature","geometry":{"type":"Point","coordinates":[-93.27464,44.94629]},"properties":{"id":"ora-mn-538","name":"I-35W: I-35W NB @ 31st St","state":"MN","provider":"Minnesota DOT","hls":"https://video.dot.state.mn.us/public/C30688.stream/playlist.m3u8","snapshot":"https://public.carsprogram.org/cameras/MN/C30688","refreshMs":30000,"attribution":"Ora (Warner Varnado) · Minnesota DOT"}},{"type":"Feature","geometry":{"type":"Point","coordinates":[-93.27462,44.94361]},"properties":{"id":"ora-mn-539","name":"I-35W: I-35W NB @ 33rd St","state":"MN","provider":"Minnesota DOT","hls":"https://video.dot.state.mn.us/public/C6221.stream/playlist.m3u8","snapshot":"https://public.carsprogram.org/cameras/MN/C6221","refreshMs":30000,"attribution":"Ora (Warner Varnado) · Minnesota DOT"}},{"type":"Feature","geometry":{"type":"Point","coordinates":[-93.27457,44.93971]},"properties":{"id":"ora-mn-540","name":"I-35W: I-35W SB @ 35th St","state":"MN","provider":"Minnesota DOT","hls":"https://video.dot.state.mn.us/public/C622.stream/playlist.m3u8","snapshot":"https://public.carsprogram.org/cameras/MN/C622","refreshMs":30000,"attribution":"Ora (Warner Varnado) · Minnesota DOT"}},{"type":"Feature","geometry":{"type":"Point","coordinates":[-93.31952,43.70638]},"properties":{"id":"ora-mn-541","name":"I-35: I-35 SB (MP14.75)","state":"MN","provider":"Minnesota DOT","hls":"https://video.dot.state.mn.us/public/C30583.stream/playlist.m3u8","snapshot":"https://public.carsprogram.org/cameras/MN/C30583","refreshMs":30000,"attribution":"Ora (Warner Varnado) · Minnesota DOT"}},{"type":"Feature","geometry":{"type":"Point","coordinates":[-93.27456,44.93721]},"properties":{"id":"ora-mn-542","name":"I-35W: I-35W NB @ 36th St","state":"MN","provider":"Minnesota DOT","hls":"https://video.dot.state.mn.us/public/C6212.stream/playlist.m3u8","snapshot":"https://public.carsprogram.org/cameras/MN/C6212","refreshMs":30000,"attribution":"Ora (Warner Varnado) · Minnesota DOT"}},{"type":"Feature","geometry":{"type":"Point","coordinates":[-93.27454,44.93397]},"properties":{"id":"ora-mn-543","name":"I-35W: I-35W NB @ 38th St","state":"MN","provider":"Minnesota DOT","hls":"https://video.dot.state.mn.us/public/C6211.stream/playlist.m3u8","snapshot":"https://public.carsprogram.org/cameras/MN/C6211","refreshMs":30000,"attribution":"Ora (Warner Varnado) · Minnesota DOT"}},{"type":"Feature","geometry":{"type":"Point","coordinates":[-93.27456,44.92835]},"properties":{"id":"ora-mn-544","name":"I-35W: I-35W SB N of 42nd St","state":"MN","provider":"Minnesota DOT","hls":"https://video.dot.state.mn.us/public/C621.stream/playlist.m3u8","snapshot":"https://public.carsprogram.org/cameras/MN/C621","refreshMs":30000,"attribution":"Ora (Warner Varnado) · Minnesota DOT"}},{"type":"Feature","geometry":{"type":"Point","coordinates":[-93.3194,43.69527]},"properties":{"id":"ora-mn-545","name":"I-35: I-35 SB N of I-90 (MP14)","state":"MN","provider":"Minnesota DOT","hls":"https://video.dot.state.mn.us/public/C30584.stream/playlist.m3u8","snapshot":"https://public.carsprogram.org/cameras/MN/C30584","refreshMs":30000,"attribution":"Ora (Warner Varnado) · Minnesota DOT"}},{"type":"Feature","geometry":{"type":"Point","coordinates":[-93.2746,44.92022]},"properties":{"id":"ora-mn-546","name":"I-35W: I-35W NB @ 46th St","state":"MN","provider":"Minnesota DOT","hls":"https://video.dot.state.mn.us/public/C620.stream/playlist.m3u8","snapshot":"https://public.carsprogram.org/cameras/MN/C620","refreshMs":30000,"attribution":"Ora (Warner Varnado) · Minnesota DOT"}},{"type":"Feature","geometry":{"type":"Point","coordinates":[-93.27461,44.91899]},"properties":{"id":"ora-mn-547","name":"I-35W: I-35W N-S @ 46th St","state":"MN","provider":"Minnesota DOT","hls":"https://video.dot.state.mn.us/public/C619.stream/playlist.m3u8","snapshot":"https://public.carsprogram.org/cameras/MN/C619","refreshMs":30000,"attribution":"Ora (Warner Varnado) · Minnesota DOT"}},{"type":"Feature","geometry":{"type":"Point","coordinates":[-93.27467,44.91254]},"properties":{"id":"ora-mn-548","name":"I-35W: I-35W SB @ 50th St","state":"MN","provider":"Minnesota DOT","hls":"https://video.dot.state.mn.us/public/C618.stream/playlist.m3u8","snapshot":"https://public.carsprogram.org/cameras/MN/C618","refreshMs":30000,"attribution":"Ora (Warner Varnado) · Minnesota DOT"}},{"type":"Feature","geometry":{"type":"Point","coordinates":[-93.27471,44.90341]},"properties":{"id":"ora-mn-549","name":"I-35W: I-35W SB @ Diamond Lake Rd","state":"MN","provider":"Minnesota DOT","hls":"https://video.dot.state.mn.us/public/C617.stream/playlist.m3u8","snapshot":"https://public.carsprogram.org/cameras/MN/C617","refreshMs":30000,"attribution":"Ora (Warner Varnado) · Minnesota DOT"}},{"type":"Feature","geometry":{"type":"Point","coordinates":[-93.32328,43.6699]},"properties":{"id":"ora-mn-550","name":"I-35: I-35 SB @ T.H.65 (North Jct - MP12)","state":"MN","provider":"Minnesota DOT","hls":"https://video.dot.state.mn.us/public/C30586.stream/playlist.m3u8","snapshot":"/images/icon-camera-closed-fill-solid-padded.svg","refreshMs":30000,"attribution":"Ora (Warner Varnado) · Minnesota DOT"}},{"type":"Feature","geometry":{"type":"Point","coordinates":[-93.27476,44.89746]},"properties":{"id":"ora-mn-551","name":"I-35W: I-35W SB @ 58th St","state":"MN","provider":"Minnesota DOT","hls":"https://video.dot.state.mn.us/public/C30687.stream/playlist.m3u8","snapshot":"https://public.carsprogram.org/cameras/MN/C30687","refreshMs":30000,"attribution":"Ora (Warner Varnado) · Minnesota DOT"}},{"type":"Feature","geometry":{"type":"Point","coordinates":[-93.29573,44.88259]},"properties":{"id":"ora-mn-552","name":"I-35W: I-35W NB @ 66th St","state":"MN","provider":"Minnesota DOT","hls":"https://video.dot.state.mn.us/public/C615.stream/playlist.m3u8","snapshot":"https://public.carsprogram.org/cameras/MN/C615","refreshMs":30000,"attribution":"Ora (Warner Varnado) · Minnesota DOT"}},{"type":"Feature","geometry":{"type":"Point","coordinates":[-93.29876,44.86564]},"properties":{"id":"ora-mn-553","name":"I-35W: I-35W SB @ 76th St","state":"MN","provider":"Minnesota DOT","hls":"https://video.dot.state.mn.us/public/C614.stream/playlist.m3u8","snapshot":"https://public.carsprogram.org/cameras/MN/C614","refreshMs":30000,"attribution":"Ora (Warner Varnado) · Minnesota DOT"}},{"type":"Feature","geometry":{"type":"Point","coordinates":[-93.29807,44.85532]},"properties":{"id":"ora-mn-554","name":"I-35W: I-35W SB @ 82nd St","state":"MN","provider":"Minnesota DOT","hls":"https://video.dot.state.mn.us/public/C6131.stream/playlist.m3u8","snapshot":"https://public.carsprogram.org/cameras/MN/C6131","refreshMs":30000,"attribution":"Ora (Warner Varnado) · Minnesota DOT"}},{"type":"Feature","geometry":{"type":"Point","coordinates":[-93.29809,44.84993]},"properties":{"id":"ora-mn-555","name":"I-35W: I-35W NB @ 86th St","state":"MN","provider":"Minnesota DOT","hls":"https://video.dot.state.mn.us/public/C30502.stream/playlist.m3u8","snapshot":"https://public.carsprogram.org/cameras/MN/C30502","refreshMs":30000,"attribution":"Ora (Warner Varnado) · Minnesota DOT"}},{"type":"Feature","geometry":{"type":"Point","coordinates":[-93.29818,44.84592]},"properties":{"id":"ora-mn-556","name":"I-35W: I-35W NB S of 86th St","state":"MN","provider":"Minnesota DOT","hls":"https://video.dot.state.mn.us/public/C613.stream/playlist.m3u8","snapshot":"https://public.carsprogram.org/cameras/MN/C613","refreshMs":30000,"attribution":"Ora (Warner Varnado) · Minnesota DOT"}},{"type":"Feature","geometry":{"type":"Point","coordinates":[-93.29723,44.8374]},"properties":{"id":"ora-mn-557","name":"I-35W: I-35W SB @ 92nd St","state":"MN","provider":"Minnesota DOT","hls":"https://video.dot.state.mn.us/public/C30501.stream/playlist.m3u8","snapshot":"https://public.carsprogram.org/cameras/MN/C30501","refreshMs":30000,"attribution":"Ora (Warner Varnado) · Minnesota DOT"}},{"type":"Feature","geometry":{"type":"Point","coordinates":[-93.29491,44.8336]},"properties":{"id":"ora-mn-558","name":"I-35W: I-35W SB @ 94th St","state":"MN","provider":"Minnesota DOT","hls":"https://video.dot.state.mn.us/public/C612.stream/playlist.m3u8","snapshot":"https://public.carsprogram.org/cameras/MN/C612","refreshMs":30000,"attribution":"Ora (Warner Varnado) · Minnesota DOT"}},{"type":"Feature","geometry":{"type":"Point","coordinates":[-93.29136,44.82608]},"properties":{"id":"ora-mn-559","name":"I-35W: I-35W SB @ 98th St","state":"MN","provider":"Minnesota DOT","hls":"https://video.dot.state.mn.us/public/C611.stream/playlist.m3u8","snapshot":"https://public.carsprogram.org/cameras/MN/C611","refreshMs":30000,"attribution":"Ora (Warner Varnado) · Minnesota DOT"}},{"type":"Feature","geometry":{"type":"Point","coordinates":[-93.29121,44.81758]},"properties":{"id":"ora-mn-560","name":"I-35W: I-35W NB N of 106th St","state":"MN","provider":"Minnesota DOT","hls":"https://video.dot.state.mn.us/public/C30500.stream/playlist.m3u8","snapshot":"https://public.carsprogram.org/cameras/MN/C30500","refreshMs":30000,"attribution":"Ora (Warner Varnado) · Minnesota DOT"}},{"type":"Feature","geometry":{"type":"Point","coordinates":[-93.29127,44.81191]},"properties":{"id":"ora-mn-561","name":"I-35W: I-35W NB @ 106th St","state":"MN","provider":"Minnesota DOT","hls":"https://video.dot.state.mn.us/public/C30294.stream/playlist.m3u8","snapshot":"https://public.carsprogram.org/cameras/MN/C30294","refreshMs":30000,"attribution":"Ora (Warner Varnado) · Minnesota DOT"}},{"type":"Feature","geometry":{"type":"Point","coordinates":[-93.29108,44.80699]},"properties":{"id":"ora-mn-562","name":"I-35W: I-35W SB S of 106th St","state":"MN","provider":"Minnesota DOT","hls":"https://video.dot.state.mn.us/public/C610.stream/playlist.m3u8","snapshot":"https://public.carsprogram.org/cameras/MN/C610","refreshMs":30000,"attribution":"Ora (Warner Varnado) · Minnesota DOT"}},{"type":"Feature","geometry":{"type":"Point","coordinates":[-93.28939,44.79821]},"properties":{"id":"ora-mn-563","name":"I-35W: I-35W SB @ Black Dog Rd","state":"MN","provider":"Minnesota DOT","hls":"https://video.dot.state.mn.us/public/C6091.stream/playlist.m3u8","snapshot":"https://public.carsprogram.org/cameras/MN/C6091","refreshMs":30000,"attribution":"Ora (Warner Varnado) · Minnesota DOT"}},{"type":"Feature","geometry":{"type":"Point","coordinates":[-93.28848,44.78429]},"properties":{"id":"ora-mn-564","name":"I-35W: I-35W NB @ Cliff Rd","state":"MN","provider":"Minnesota DOT","hls":"https://video.dot.state.mn.us/public/C609.stream/playlist.m3u8","snapshot":"https://public.carsprogram.org/cameras/MN/C609","refreshMs":30000,"attribution":"Ora (Warner Varnado) · Minnesota DOT"}},{"type":"Feature","geometry":{"type":"Point","coordinates":[-93.28844,44.77009]},"properties":{"id":"ora-mn-565","name":"I-35W: I-35W SB @ Burnsville Pkwy (West Ramp)","state":"MN","provider":"Minnesota DOT","hls":null,"snapshot":"https://public.carsprogram.org/cameras/MN/C30699?1783724040000","refreshMs":30000,"attribution":"Ora (Warner Varnado) · Minnesota DOT"}},{"type":"Feature","geometry":{"type":"Point","coordinates":[-93.28845,44.76995]},"properties":{"id":"ora-mn-566","name":"I-35W: I-35W NB @ Burnsville Pkwy (East Ramp)","state":"MN","provider":"Minnesota DOT","hls":null,"snapshot":"https://public.carsprogram.org/cameras/MN/C30700?1783724040000","refreshMs":30000,"attribution":"Ora (Warner Varnado) · Minnesota DOT"}},{"type":"Feature","geometry":{"type":"Point","coordinates":[-93.2889,44.75991]},"properties":{"id":"ora-mn-567","name":"I-35W: I-35W SB S of Burnsville Pkwy","state":"MN","provider":"Minnesota DOT","hls":"https://video.dot.state.mn.us/public/C607.stream/playlist.m3u8","snapshot":"https://public.carsprogram.org/cameras/MN/C607","refreshMs":30000,"attribution":"Ora (Warner Varnado) · Minnesota DOT"}},{"type":"Feature","geometry":{"type":"Point","coordinates":[-93.35447,43.50833]},"properties":{"id":"ora-mn-568","name":"I-35: I-35 (Twin Lakes - MP 1): I-35 (Twin Lakes - MP 1) View 1","state":"MN","provider":"Minnesota DOT","hls":null,"snapshot":"https://public.carsprogram.org/cameras/MN/C30298-v1?1783724040000","refreshMs":30000,"attribution":"Ora (Warner Varnado) · Minnesota DOT"}},{"type":"Feature","geometry":{"type":"Point","coordinates":[-93.28291,44.74563]},"properties":{"id":"ora-mn-569","name":"I-35W: I-35W NB @ Co Rd 42","state":"MN","provider":"Minnesota DOT","hls":"https://video.dot.state.mn.us/public/C606.stream/playlist.m3u8","snapshot":"https://public.carsprogram.org/cameras/MN/C606","refreshMs":30000,"attribution":"Ora (Warner Varnado) · Minnesota DOT"}},{"type":"Feature","geometry":{"type":"Point","coordinates":[-93.2823,44.99865]},"properties":{"id":"ora-mn-570","name":"US 952A: I-94 NB @ Broadway Ave","state":"MN","provider":"Minnesota DOT","hls":"https://video.dot.state.mn.us/public/C824.stream/playlist.m3u8","snapshot":"https://public.carsprogram.org/cameras/MN/C824","refreshMs":30000,"attribution":"Ora (Warner Varnado) · Minnesota DOT"}},{"type":"Feature","geometry":{"type":"Point","coordinates":[-92.9496,43.55812]},"properties":{"id":"ora-mn-571","name":"US 218: U.S.218 (Lyle - MP 4): U.S.218 (Lyle - MP 4) View 1","state":"MN","provider":"Minnesota DOT","hls":null,"snapshot":"https://public.carsprogram.org/cameras/MN/C30336-v1?1783724040000","refreshMs":30000,"attribution":"Ora (Warner Varnado) · Minnesota DOT"}},{"type":"Feature","geometry":{"type":"Point","coordinates":[-93.40641,44.88922]},"properties":{"id":"ora-mn-572","name":"US 212: T.H.212 WB @ T.H.62","state":"MN","provider":"Minnesota DOT","hls":"https://video.dot.state.mn.us/public/C397.stream/playlist.m3u8","snapshot":"https://public.carsprogram.org/cameras/MN/C397","refreshMs":30000,"attribution":"Ora (Warner Varnado) · Minnesota DOT"}},{"type":"Feature","geometry":{"type":"Point","coordinates":[-93.41242,44.88189]},"properties":{"id":"ora-mn-573","name":"US 212: T.H.212 WB @ Shady Oak Rd","state":"MN","provider":"Minnesota DOT","hls":"https://video.dot.state.mn.us/public/C396.stream/playlist.m3u8","snapshot":"https://public.carsprogram.org/cameras/MN/C396","refreshMs":30000,"attribution":"Ora (Warner Varnado) · Minnesota DOT"}},{"type":"Feature","geometry":{"type":"Point","coordinates":[-93.4189,44.86679]},"properties":{"id":"ora-mn-574","name":"US 212: T.H.212 EB @ Valley View Rd","state":"MN","provider":"Minnesota DOT","hls":"https://video.dot.state.mn.us/public/C395.stream/playlist.m3u8","snapshot":"https://public.carsprogram.org/cameras/MN/C395","refreshMs":30000,"attribution":"Ora (Warner Varnado) · Minnesota DOT"}},{"type":"Feature","geometry":{"type":"Point","coordinates":[-93.43005,44.86455]},"properties":{"id":"ora-mn-575","name":"US 212: T.H.212 EB @ I-494","state":"MN","provider":"Minnesota DOT","hls":"https://video.dot.state.mn.us/public/C394.stream/playlist.m3u8","snapshot":"https://public.carsprogram.org/cameras/MN/C394","refreshMs":30000,"attribution":"Ora (Warner Varnado) · Minnesota DOT"}},{"type":"Feature","geometry":{"type":"Point","coordinates":[-93.4431,44.86213]},"properties":{"id":"ora-mn-576","name":"US 212: T.H.212 EB @ Prairie Center Dr","state":"MN","provider":"Minnesota DOT","hls":"https://video.dot.state.mn.us/public/C393.stream/playlist.m3u8","snapshot":"https://public.carsprogram.org/cameras/MN/C393","refreshMs":30000,"attribution":"Ora (Warner Varnado) · Minnesota DOT"}},{"type":"Feature","geometry":{"type":"Point","coordinates":[-93.45956,44.86176]},"properties":{"id":"ora-mn-577","name":"US 212: T.H.212 EB @ Mitchell Rd NB","state":"MN","provider":"Minnesota DOT","hls":"https://video.dot.state.mn.us/public/C392.stream/playlist.m3u8","snapshot":"https://public.carsprogram.org/cameras/MN/C392","refreshMs":30000,"attribution":"Ora (Warner Varnado) · Minnesota DOT"}},{"type":"Feature","geometry":{"type":"Point","coordinates":[-93.48514,44.85127]},"properties":{"id":"ora-mn-578","name":"US 212: T.H.212 EB @ Eden Prairie Rd","state":"MN","provider":"Minnesota DOT","hls":"https://video.dot.state.mn.us/public/C390.stream/playlist.m3u8","snapshot":"https://public.carsprogram.org/cameras/MN/C390","refreshMs":30000,"attribution":"Ora (Warner Varnado) · Minnesota DOT"}},{"type":"Feature","geometry":{"type":"Point","coordinates":[-93.50442,44.84918]},"properties":{"id":"ora-mn-579","name":"US 212: T.H.212 EB @ Dell Rd SB","state":"MN","provider":"Minnesota DOT","hls":"https://video.dot.state.mn.us/public/C389.stream/playlist.m3u8","snapshot":"https://public.carsprogram.org/cameras/MN/C389","refreshMs":30000,"attribution":"Ora (Warner Varnado) · Minnesota DOT"}},{"type":"Feature","geometry":{"type":"Point","coordinates":[-93.52218,44.84683]},"properties":{"id":"ora-mn-580","name":"US 212: T.H.212 EB E of Co Rd 101","state":"MN","provider":"Minnesota DOT","hls":"https://video.dot.state.mn.us/public/C388.stream/playlist.m3u8","snapshot":"https://public.carsprogram.org/cameras/MN/C388","refreshMs":30000,"attribution":"Ora (Warner Varnado) · Minnesota DOT"}},{"type":"Feature","geometry":{"type":"Point","coordinates":[-93.55257,44.83444]},"properties":{"id":"ora-mn-581","name":"US 212: T.H.212 EB @ Powers Blvd","state":"MN","provider":"Minnesota DOT","hls":"https://video.dot.state.mn.us/public/C386.stream/playlist.m3u8","snapshot":"https://public.carsprogram.org/cameras/MN/C386","refreshMs":30000,"attribution":"Ora (Warner Varnado) · Minnesota DOT"}},{"type":"Feature","geometry":{"type":"Point","coordinates":[-93.55951,44.82818]},"properties":{"id":"ora-mn-582","name":"US 212: T.H.212 EB @ Pioneer Tr","state":"MN","provider":"Minnesota DOT","hls":"https://video.dot.state.mn.us/public/C385.stream/playlist.m3u8","snapshot":"https://public.carsprogram.org/cameras/MN/C385","refreshMs":30000,"attribution":"Ora (Warner Varnado) · Minnesota DOT"}},{"type":"Feature","geometry":{"type":"Point","coordinates":[-93.57573,44.82094]},"properties":{"id":"ora-mn-583","name":"US 212: T.H.212 EB @ Audubon Rd","state":"MN","provider":"Minnesota DOT","hls":"https://video.dot.state.mn.us/public/C384.stream/playlist.m3u8","snapshot":"https://public.carsprogram.org/cameras/MN/C384","refreshMs":30000,"attribution":"Ora (Warner Varnado) · Minnesota DOT"}},{"type":"Feature","geometry":{"type":"Point","coordinates":[-93.62504,44.806]},"properties":{"id":"ora-mn-584","name":"US 212: T.H.212 EB @ Engler Blvd","state":"MN","provider":"Minnesota DOT","hls":null,"snapshot":"https://public.carsprogram.org/cameras/MN/C30544?1783724040000","refreshMs":30000,"attribution":"Ora (Warner Varnado) · Minnesota DOT"}},{"type":"Feature","geometry":{"type":"Point","coordinates":[-93.64206,44.77711]},"properties":{"id":"ora-mn-585","name":"US 212: T.H.212 WB @ Jonathan Carver Pkwy","state":"MN","provider":"Minnesota DOT","hls":null,"snapshot":"https://public.carsprogram.org/cameras/MN/C30257?1783724040000","refreshMs":30000,"attribution":"Ora (Warner Varnado) · Minnesota DOT"}},{"type":"Feature","geometry":{"type":"Point","coordinates":[-93.64231,44.77709]},"properties":{"id":"ora-mn-586","name":"US 212: T.H.212 EB @ Jonathan Carver Pkwy","state":"MN","provider":"Minnesota DOT","hls":null,"snapshot":"https://public.carsprogram.org/cameras/MN/C30258?1783724040000","refreshMs":30000,"attribution":"Ora (Warner Varnado) · Minnesota DOT"}},{"type":"Feature","geometry":{"type":"Point","coordinates":[-93.91946,44.77094]},"properties":{"id":"ora-mn-587","name":"US 212: T.H.212 EB @ Faxon Rd","state":"MN","provider":"Minnesota DOT","hls":null,"snapshot":"https://public.carsprogram.org/cameras/MN/C30224?1783724040000","refreshMs":30000,"attribution":"Ora (Warner Varnado) · Minnesota DOT"}},{"type":"Feature","geometry":{"type":"Point","coordinates":[-93.92938,44.77219]},"properties":{"id":"ora-mn-588","name":"US 212: T.H.212 EB @ Reform St","state":"MN","provider":"Minnesota DOT","hls":null,"snapshot":"https://public.carsprogram.org/cameras/MN/C30225?1783724040000","refreshMs":30000,"attribution":"Ora (Warner Varnado) · Minnesota DOT"}},{"type":"Feature","geometry":{"type":"Point","coordinates":[-94.8431,44.76065]},"properties":{"id":"ora-mn-589","name":"US 212: T.H.212 (Hector - MP 84.4): T.H.212 (Hector - MP 84.4) View 1","state":"MN","provider":"Minnesota DOT","hls":null,"snapshot":"https://public.carsprogram.org/cameras/MN/C30349-v1?1783724040000","refreshMs":30000,"attribution":"Ora (Warner Varnado) · Minnesota DOT"}},{"type":"Feature","geometry":{"type":"Point","coordinates":[-95.96168,44.93566]},"properties":{"id":"ora-mn-590","name":"US 212: T.H.212 (Dawson - MP 24.1): T.H.212 (Dawson - MP 24.1) View 1","state":"MN","provider":"Minnesota DOT","hls":null,"snapshot":"https://public.carsprogram.org/cameras/MN/C30345-v1?1783724040000","refreshMs":30000,"attribution":"Ora (Warner Varnado) · Minnesota DOT"}},{"type":"Feature","geometry":{"type":"Point","coordinates":[-96.44175,44.93597]},"properties":{"id":"ora-mn-591","name":"US 212: U.S.212 (Marietta - MP 1): U.S.212 (Marietta - MP 1) View 1","state":"MN","provider":"Minnesota DOT","hls":null,"snapshot":"https://public.carsprogram.org/cameras/MN/C30392-v1?1783724040000","refreshMs":30000,"attribution":"Ora (Warner Varnado) · Minnesota DOT"}},{"type":"Feature","geometry":{"type":"Point","coordinates":[-92.56203,47.51906]},"properties":{"id":"ora-mn-592","name":"US 169: T.H.53 SB @ T.H.169 WB","state":"MN","provider":"Minnesota DOT","hls":"https://video.dot.state.mn.us/public/C30046.stream/playlist.m3u8","snapshot":"https://public.carsprogram.org/cameras/MN/C30046","refreshMs":30000,"attribution":"Ora (Warner Varnado) · Minnesota DOT"}},{"type":"Feature","geometry":{"type":"Point","coordinates":[-92.88953,47.45123]},"properties":{"id":"ora-mn-593","name":"US 169: T.H.169 SB","state":"MN","provider":"Minnesota DOT","hls":null,"snapshot":"https://public.carsprogram.org/cameras/MN/C30268?1783724040000","refreshMs":30000,"attribution":"Ora (Warner Varnado) · Minnesota DOT"}},{"type":"Feature","geometry":{"type":"Point","coordinates":[-92.88729,47.44516]},"properties":{"id":"ora-mn-594","name":"US 169: U.S.169 (Michell Bridge - MP 343): U.S.169 (Michell Bridge - MP 343) View 1","state":"MN","provider":"Minnesota DOT","hls":null,"snapshot":"https://public.carsprogram.org/cameras/MN/C30464-v1?1783724040000","refreshMs":30000,"attribution":"Ora (Warner Varnado) · Minnesota DOT"}},{"type":"Feature","geometry":{"type":"Point","coordinates":[-92.89312,47.44129]},"properties":{"id":"ora-mn-595","name":"US 169: T.H.169 NB","state":"MN","provider":"Minnesota DOT","hls":null,"snapshot":"https://public.carsprogram.org/cameras/MN/C30267?1783724040000","refreshMs":30000,"attribution":"Ora (Warner Varnado) · Minnesota DOT"}},{"type":"Feature","geometry":{"type":"Point","coordinates":[-92.92359,47.42434]},"properties":{"id":"ora-mn-596","name":"US 169: T.H.169 SB @ 23rd St","state":"MN","provider":"Minnesota DOT","hls":null,"snapshot":"https://public.carsprogram.org/cameras/MN/C30266?1783724040000","refreshMs":30000,"attribution":"Ora (Warner Varnado) · Minnesota DOT"}},{"type":"Feature","geometry":{"type":"Point","coordinates":[-92.95652,47.39996]},"properties":{"id":"ora-mn-597","name":"US 169: T.H.169 WB @ 11th Ave","state":"MN","provider":"Minnesota DOT","hls":null,"snapshot":"https://public.carsprogram.org/cameras/MN/C30264?1783724040000","refreshMs":30000,"attribution":"Ora (Warner Varnado) · Minnesota DOT"}},{"type":"Feature","geometry":{"type":"Point","coordinates":[-93.51878,47.23592]},"properties":{"id":"ora-mn-598","name":"US 169: T.H.2 @ 6th Ave","state":"MN","provider":"Minnesota DOT","hls":null,"snapshot":"https://public.carsprogram.org/cameras/MN/C30263?1783724040000","refreshMs":30000,"attribution":"Ora (Warner Varnado) · Minnesota DOT"}},{"type":"Feature","geometry":{"type":"Point","coordinates":[-93.61366,46.78281]},"properties":{"id":"ora-mn-599","name":"US 169: U.S.169 (Waukenabo - MP 272.9): U.S.169 (Waukenabo - MP 272.9) View 1","state":"MN","provider":"Minnesota DOT","hls":null,"snapshot":"https://public.carsprogram.org/cameras/MN/C30419-v1?1783724040000","refreshMs":30000,"attribution":"Ora (Warner Varnado) · Minnesota DOT"}},{"type":"Feature","geometry":{"type":"Point","coordinates":[-93.7434,46.43482]},"properties":{"id":"ora-mn-600","name":"US 169: U.S.169 (Farm Island - MP 245.4): U.S.169 (Farm Island - MP 245.4) View 1","state":"MN","provider":"Minnesota DOT","hls":null,"snapshot":"https://public.carsprogram.org/cameras/MN/C30368-v1?1783724040000","refreshMs":30000,"attribution":"Ora (Warner Varnado) · Minnesota DOT"}},{"type":"Feature","geometry":{"type":"Point","coordinates":[-93.66336,45.87597]},"properties":{"id":"ora-mn-601","name":"US 169: U.S.169 (Milaca - MP 200): U.S.169 (Milaca - MP 200) View 1","state":"MN","provider":"Minnesota DOT","hls":null,"snapshot":"https://public.carsprogram.org/cameras/MN/C30448-v1?1783724040000","refreshMs":30000,"attribution":"Ora (Warner Varnado) · Minnesota DOT"}},{"type":"Feature","geometry":{"type":"Point","coordinates":[-93.58469,45.55345]},"properties":{"id":"ora-mn-602","name":"US 169: U.S.169 (Princeton - MP 176.9): U.S.169 (Princeton - MP 176.9) View 1","state":"MN","provider":"Minnesota DOT","hls":null,"snapshot":"https://public.carsprogram.org/cameras/MN/C30408-v1?1783724040000","refreshMs":30000,"attribution":"Ora (Warner Varnado) · Minnesota DOT"}},{"type":"Feature","geometry":{"type":"Point","coordinates":[-93.58242,45.50872]},"properties":{"id":"ora-mn-603","name":"US 169: U.S.169 SB N of Co Rd 9","state":"MN","provider":"Minnesota DOT","hls":"https://video.dot.state.mn.us/public/C9023.stream/playlist.m3u8","snapshot":"https://public.carsprogram.org/cameras/MN/C9023","refreshMs":30000,"attribution":"Ora (Warner Varnado) · Minnesota DOT"}},{"type":"Feature","geometry":{"type":"Point","coordinates":[-93.58222,45.47519]},"properties":{"id":"ora-mn-604","name":"US 169: U.S.169 SB N of 273rd Ave","state":"MN","provider":"Minnesota DOT","hls":"https://video.dot.state.mn.us/public/C9022.stream/playlist.m3u8","snapshot":"https://public.carsprogram.org/cameras/MN/C9022","refreshMs":30000,"attribution":"Ora (Warner Varnado) · Minnesota DOT"}},{"type":"Feature","geometry":{"type":"Point","coordinates":[-93.56658,45.42104]},"properties":{"id":"ora-mn-605","name":"US 169: U.S.169 NB @ 247th Ave","state":"MN","provider":"Minnesota DOT","hls":"https://video.dot.state.mn.us/public/C9021.stream/playlist.m3u8","snapshot":"https://public.carsprogram.org/cameras/MN/C9021","refreshMs":30000,"attribution":"Ora (Warner Varnado) · Minnesota DOT"}},{"type":"Feature","geometry":{"type":"Point","coordinates":[-93.56136,45.39352]},"properties":{"id":"ora-mn-606","name":"US 169: U.S.169 NB S of 237th Ave NE","state":"MN","provider":"Minnesota DOT","hls":"https://video.dot.state.mn.us/public/C9020.stream/playlist.m3u8","snapshot":"https://public.carsprogram.org/cameras/MN/C9020","refreshMs":30000,"attribution":"Ora (Warner Varnado) · Minnesota DOT"}},{"type":"Feature","geometry":{"type":"Point","coordinates":[-93.56052,45.33298]},"properties":{"id":"ora-mn-607","name":"US 169: U.S.169 NB N of 197th Ave NW","state":"MN","provider":"Minnesota DOT","hls":"https://video.dot.state.mn.us/public/C30237.stream/playlist.m3u8","snapshot":"https://public.carsprogram.org/cameras/MN/C30237","refreshMs":30000,"attribution":"Ora (Warner Varnado) · Minnesota DOT"}},{"type":"Feature","geometry":{"type":"Point","coordinates":[-93.56102,45.32843]},"properties":{"id":"ora-mn-608","name":"US 169: U.S.169 SB @ 197th Ave NW","state":"MN","provider":"Minnesota DOT","hls":"https://video.dot.state.mn.us/public/C30236.stream/playlist.m3u8","snapshot":"https://public.carsprogram.org/cameras/MN/C30236","refreshMs":30000,"attribution":"Ora (Warner Varnado) · Minnesota DOT"}},{"type":"Feature","geometry":{"type":"Point","coordinates":[-93.56145,45.32445]},"properties":{"id":"ora-mn-609","name":"US 169: U.S.169 SB N of Jackson Ave NW","state":"MN","provider":"Minnesota DOT","hls":"https://video.dot.state.mn.us/public/C30235.stream/playlist.m3u8","snapshot":"https://public.carsprogram.org/cameras/MN/C30235","refreshMs":30000,"attribution":"Ora (Warner Varnado) · Minnesota DOT"}},{"type":"Feature","geometry":{"type":"Point","coordinates":[-93.56174,45.32108]},"properties":{"id":"ora-mn-610","name":"US 169: U.S.169 SB @ Jackson Ave NW (193rd Av)","state":"MN","provider":"Minnesota DOT","hls":"https://video.dot.state.mn.us/public/C30234.stream/playlist.m3u8","snapshot":"https://public.carsprogram.org/cameras/MN/C30234","refreshMs":30000,"attribution":"Ora (Warner Varnado) · Minnesota DOT"}},{"type":"Feature","geometry":{"type":"Point","coordinates":[-93.56,45.31577]},"properties":{"id":"ora-mn-611","name":"US 169: U.S.169 SB N of School Street NW","state":"MN","provider":"Minnesota DOT","hls":"https://video.dot.state.mn.us/public/C30233.stream/playlist.m3u8","snapshot":"https://public.carsprogram.org/cameras/MN/C30233","refreshMs":30000,"attribution":"Ora (Warner Varnado) · Minnesota DOT"}},{"type":"Feature","geometry":{"type":"Point","coordinates":[-93.55847,45.31223]},"properties":{"id":"ora-mn-612","name":"US 169: U.S.169 SB @ School Street NW (Elk Hills Dr)","state":"MN","provider":"Minnesota DOT","hls":"https://video.dot.state.mn.us/public/C30232.stream/playlist.m3u8","snapshot":"https://public.carsprogram.org/cameras/MN/C30232","refreshMs":30000,"attribution":"Ora (Warner Varnado) · Minnesota DOT"}},{"type":"Feature","geometry":{"type":"Point","coordinates":[-93.55602,45.30653]},"properties":{"id":"ora-mn-613","name":"US 169: U.S.169 SB N of Main St","state":"MN","provider":"Minnesota DOT","hls":"https://video.dot.state.mn.us/public/C30231.stream/playlist.m3u8","snapshot":"https://public.carsprogram.org/cameras/MN/C30231","refreshMs":30000,"attribution":"Ora (Warner Varnado) · Minnesota DOT"}},{"type":"Feature","geometry":{"type":"Point","coordinates":[-93.55448,45.30322]},"properties":{"id":"ora-mn-614","name":"US 169: U.S.169 SB @ Main St","state":"MN","provider":"Minnesota DOT","hls":"https://video.dot.state.mn.us/public/C1652.stream/playlist.m3u8","snapshot":"https://public.carsprogram.org/cameras/MN/C1652","refreshMs":30000,"attribution":"Ora (Warner Varnado) · Minnesota DOT"}},{"type":"Feature","geometry":{"type":"Point","coordinates":[-93.55253,45.29822]},"properties":{"id":"ora-mn-615","name":"US 169: U.S.169 SB S of Main St","state":"MN","provider":"Minnesota DOT","hls":"https://video.dot.state.mn.us/public/C30230.stream/playlist.m3u8","snapshot":"https://public.carsprogram.org/cameras/MN/C30230","refreshMs":30000,"attribution":"Ora (Warner Varnado) · Minnesota DOT"}},{"type":"Feature","geometry":{"type":"Point","coordinates":[-93.55491,45.2916]},"properties":{"id":"ora-mn-616","name":"US 169: T.H.10 WB @ T.H.101","state":"MN","provider":"Minnesota DOT","hls":"https://video.dot.state.mn.us/public/C653.stream/playlist.m3u8","snapshot":"https://public.carsprogram.org/cameras/MN/C653","refreshMs":30000,"attribution":"Ora (Warner Varnado) · Minnesota DOT"}},{"type":"Feature","geometry":{"type":"Point","coordinates":[-93.39278,45.19863]},"properties":{"id":"ora-mn-617","name":"US 169: U.S.169 NB @ Main St","state":"MN","provider":"Minnesota DOT","hls":"https://video.dot.state.mn.us/public/C351.stream/playlist.m3u8","snapshot":"https://public.carsprogram.org/cameras/MN/C351","refreshMs":30000,"attribution":"Ora (Warner Varnado) · Minnesota DOT"}},{"type":"Feature","geometry":{"type":"Point","coordinates":[-93.39408,45.19432]},"properties":{"id":"ora-mn-618","name":"US 169: U.S.169 SB (Peninsula Point)","state":"MN","provider":"Minnesota DOT","hls":"https://video.dot.state.mn.us/public/C349.stream/playlist.m3u8","snapshot":"https://public.carsprogram.org/cameras/MN/C349","refreshMs":30000,"attribution":"Ora (Warner Varnado) · Minnesota DOT"}},{"type":"Feature","geometry":{"type":"Point","coordinates":[-93.39648,45.18897]},"properties":{"id":"ora-mn-619","name":"US 169: U.S.169 SB @ Dayton Rd (Miller Rd)","state":"MN","provider":"Minnesota DOT","hls":"https://video.dot.state.mn.us/public/C347.stream/playlist.m3u8","snapshot":"https://public.carsprogram.org/cameras/MN/C347","refreshMs":30000,"attribution":"Ora (Warner Varnado) · Minnesota DOT"}},{"type":"Feature","geometry":{"type":"Point","coordinates":[-93.39227,45.18528]},"properties":{"id":"ora-mn-620","name":"US 169: U.S.169 SB @ West River Rd (Dean Av)","state":"MN","provider":"Minnesota DOT","hls":"https://video.dot.state.mn.us/public/C346.stream/playlist.m3u8","snapshot":"https://public.carsprogram.org/cameras/MN/C346","refreshMs":30000,"attribution":"Ora (Warner Varnado) · Minnesota DOT"}},{"type":"Feature","geometry":{"type":"Point","coordinates":[-93.39205,45.18048]},"properties":{"id":"ora-mn-621","name":"US 169: U.S.169 NB @ Hayden Lake Rd","state":"MN","provider":"Minnesota DOT","hls":"https://video.dot.state.mn.us/public/C345.stream/playlist.m3u8","snapshot":"https://public.carsprogram.org/cameras/MN/C345","refreshMs":30000,"attribution":"Ora (Warner Varnado) · Minnesota DOT"}},{"type":"Feature","geometry":{"type":"Point","coordinates":[-93.3917,45.17295]},"properties":{"id":"ora-mn-622","name":"US 169: U.S.169 SB @ 120th Ave","state":"MN","provider":"Minnesota DOT","hls":"https://video.dot.state.mn.us/public/C344.stream/playlist.m3u8","snapshot":"https://public.carsprogram.org/cameras/MN/C344","refreshMs":30000,"attribution":"Ora (Warner Varnado) · Minnesota DOT"}},{"type":"Feature","geometry":{"type":"Point","coordinates":[-93.39128,45.16675]},"properties":{"id":"ora-mn-623","name":"US 169: U.S.169 SB @ 117th Ave","state":"MN","provider":"Minnesota DOT","hls":"https://video.dot.state.mn.us/public/C343.stream/playlist.m3u8","snapshot":"https://public.carsprogram.org/cameras/MN/C343","refreshMs":30000,"attribution":"Ora (Warner Varnado) · Minnesota DOT"}},{"type":"Feature","geometry":{"type":"Point","coordinates":[-93.3915,45.15938]},"properties":{"id":"ora-mn-624","name":"US 169: U.S.169 SB @ 114th Ave (Elm Creek Pkwy)","state":"MN","provider":"Minnesota DOT","hls":"https://video.dot.state.mn.us/public/C342.stream/playlist.m3u8","snapshot":"https://public.carsprogram.org/cameras/MN/C342","refreshMs":30000,"attribution":"Ora (Warner Varnado) · Minnesota DOT"}},{"type":"Feature","geometry":{"type":"Point","coordinates":[-93.39173,45.15171]},"properties":{"id":"ora-mn-625","name":"US 169: U.S.169 SB @ 109th Ave","state":"MN","provider":"Minnesota DOT","hls":"https://video.dot.state.mn.us/public/C341.stream/playlist.m3u8","snapshot":"/images/icon-camera-closed-fill-solid-padded.svg","refreshMs":30000,"attribution":"Ora (Warner Varnado) · Minnesota DOT"}},{"type":"Feature","geometry":{"type":"Point","coordinates":[-93.39206,45.13834]},"properties":{"id":"ora-mn-626","name":"US 169: U.S.169 SB @ 101st Ave WB","state":"MN","provider":"Minnesota DOT","hls":"https://video.dot.state.mn.us/public/C30138.stream/playlist.m3u8","snapshot":"https://public.carsprogram.org/cameras/MN/C30138","refreshMs":30000,"attribution":"Ora (Warner Varnado) · Minnesota DOT"}},{"type":"Feature","geometry":{"type":"Point","coordinates":[-93.3921,45.13704]},"properties":{"id":"ora-mn-627","name":"US 169: U.S.169 SB @ 101st Ave","state":"MN","provider":"Minnesota DOT","hls":"https://video.dot.state.mn.us/public/C30223.stream/playlist.m3u8","snapshot":"https://public.carsprogram.org/cameras/MN/C30223","refreshMs":30000,"attribution":"Ora (Warner Varnado) · Minnesota DOT"}},{"type":"Feature","geometry":{"type":"Point","coordinates":[-93.3921,45.13696]},"properties":{"id":"ora-mn-628","name":"US 169: U.S.169 NB @ 101st Ave","state":"MN","provider":"Minnesota DOT","hls":"https://video.dot.state.mn.us/public/C30222.stream/playlist.m3u8","snapshot":"https://public.carsprogram.org/cameras/MN/C30222","refreshMs":30000,"attribution":"Ora (Warner Varnado) · Minnesota DOT"}},{"type":"Feature","geometry":{"type":"Point","coordinates":[-93.38953,45.11945]},"properties":{"id":"ora-mn-629","name":"US 169: U.S.169 NB S of 93rd Ave","state":"MN","provider":"Minnesota DOT","hls":"https://video.dot.state.mn.us/public/C339.stream/playlist.m3u8","snapshot":"https://public.carsprogram.org/cameras/MN/C339","refreshMs":30000,"attribution":"Ora (Warner Varnado) · Minnesota DOT"}},{"type":"Feature","geometry":{"type":"Point","coordinates":[-93.3936,45.10543]},"properties":{"id":"ora-mn-630","name":"US 169: U.S.169 SB @ Co Rd 81 (85th Av)","state":"MN","provider":"Minnesota DOT","hls":"https://video.dot.state.mn.us/public/C338.stream/playlist.m3u8","snapshot":"https://public.carsprogram.org/cameras/MN/C338","refreshMs":30000,"attribution":"Ora (Warner Varnado) · Minnesota DOT"}},{"type":"Feature","geometry":{"type":"Point","coordinates":[-93.40222,45.09471]},"properties":{"id":"ora-mn-631","name":"US 169: U.S.169 SB @ 77th Ave (Brooklyn Blvd)","state":"MN","provider":"Minnesota DOT","hls":"https://video.dot.state.mn.us/public/C337.stream/playlist.m3u8","snapshot":"https://public.carsprogram.org/cameras/MN/C337","refreshMs":30000,"attribution":"Ora (Warner Varnado) · Minnesota DOT"}},{"type":"Feature","geometry":{"type":"Point","coordinates":[-93.40199,45.08265]},"properties":{"id":"ora-mn-632","name":"US 169: I-94 EB @ U.S.169","state":"MN","provider":"Minnesota DOT","hls":"https://video.dot.state.mn.us/public/C813.stream/playlist.m3u8","snapshot":"https://public.carsprogram.org/cameras/MN/C813","refreshMs":30000,"attribution":"Ora (Warner Varnado) · Minnesota DOT"}},{"type":"Feature","geometry":{"type":"Point","coordinates":[-93.4019,45.08049]},"properties":{"id":"ora-mn-633","name":"US 169: T.H.169 NB S of I-94","state":"MN","provider":"Minnesota DOT","hls":"https://video.dot.state.mn.us/public/C30751.stream/playlist.m3u8","snapshot":"https://public.carsprogram.org/cameras/MN/C30751","refreshMs":30000,"attribution":"Ora (Warner Varnado) · Minnesota DOT"}},{"type":"Feature","geometry":{"type":"Point","coordinates":[-93.40093,45.06944]},"properties":{"id":"ora-mn-634","name":"US 169: U.S.169 SB @ 63rd Ave","state":"MN","provider":"Minnesota DOT","hls":"https://video.dot.state.mn.us/public/C336.stream/playlist.m3u8","snapshot":"https://public.carsprogram.org/cameras/MN/C336","refreshMs":30000,"attribution":"Ora (Warner Varnado) · Minnesota DOT"}},{"type":"Feature","geometry":{"type":"Point","coordinates":[-93.40069,45.0578]},"properties":{"id":"ora-mn-635","name":"US 169: U.S.169 SB @ Bass Lake Rd","state":"MN","provider":"Minnesota DOT","hls":"https://video.dot.state.mn.us/public/C335.stream/playlist.m3u8","snapshot":"https://public.carsprogram.org/cameras/MN/C335","refreshMs":30000,"attribution":"Ora (Warner Varnado) · Minnesota DOT"}},{"type":"Feature","geometry":{"type":"Point","coordinates":[-93.40066,45.04403]},"properties":{"id":"ora-mn-636","name":"US 169: U.S.169 SB @ 49th Ave","state":"MN","provider":"Minnesota DOT","hls":"https://video.dot.state.mn.us/public/C334.stream/playlist.m3u8","snapshot":"https://public.carsprogram.org/cameras/MN/C334","refreshMs":30000,"attribution":"Ora (Warner Varnado) · Minnesota DOT"}},{"type":"Feature","geometry":{"type":"Point","coordinates":[-93.40063,45.0335]},"properties":{"id":"ora-mn-637","name":"US 169: U.S.169 SB @ Rockford Rd","state":"MN","provider":"Minnesota DOT","hls":"https://video.dot.state.mn.us/public/C333.stream/playlist.m3u8","snapshot":"https://public.carsprogram.org/cameras/MN/C333","refreshMs":30000,"attribution":"Ora (Warner Varnado) · Minnesota DOT"}},{"type":"Feature","geometry":{"type":"Point","coordinates":[-93.40063,45.0332]},"properties":{"id":"ora-mn-638","name":"US 169: T.H.169 SB @ Rockford Rd","state":"MN","provider":"Minnesota DOT","hls":"https://video.dot.state.mn.us/public/C30515.stream/playlist.m3u8","snapshot":"https://public.carsprogram.org/cameras/MN/C30515","refreshMs":30000,"attribution":"Ora (Warner Varnado) · Minnesota DOT"}},{"type":"Feature","geometry":{"type":"Point","coordinates":[-93.40063,45.03312]},"properties":{"id":"ora-mn-639","name":"US 169: T.H.169 NB @ Rockford Rd EB","state":"MN","provider":"Minnesota DOT","hls":"https://video.dot.state.mn.us/public/C30516.stream/playlist.m3u8","snapshot":"https://public.carsprogram.org/cameras/MN/C30516","refreshMs":30000,"attribution":"Ora (Warner Varnado) · Minnesota DOT"}},{"type":"Feature","geometry":{"type":"Point","coordinates":[-93.40061,45.02204]},"properties":{"id":"ora-mn-640","name":"US 169: U.S.169 SB @ 36th Ave (W Ramp)","state":"MN","provider":"Minnesota DOT","hls":"https://video.dot.state.mn.us/public/C30570.stream/playlist.m3u8","snapshot":"https://public.carsprogram.org/cameras/MN/C30570","refreshMs":30000,"attribution":"Ora (Warner Varnado) · Minnesota DOT"}},{"type":"Feature","geometry":{"type":"Point","coordinates":[-93.40061,45.02201]},"properties":{"id":"ora-mn-641","name":"US 169: U.S.169 NB @ 36th Ave (E Ramp)","state":"MN","provider":"Minnesota DOT","hls":"https://video.dot.state.mn.us/public/C30569.stream/playlist.m3u8","snapshot":"https://public.carsprogram.org/cameras/MN/C30569","refreshMs":30000,"attribution":"Ora (Warner Varnado) · Minnesota DOT"}},{"type":"Feature","geometry":{"type":"Point","coordinates":[-93.40062,45.02178]},"properties":{"id":"ora-mn-642","name":"US 169: U.S.169 SB @ 36th Ave","state":"MN","provider":"Minnesota DOT","hls":"https://video.dot.state.mn.us/public/C332.stream/playlist.m3u8","snapshot":"https://public.carsprogram.org/cameras/MN/C332","refreshMs":30000,"attribution":"Ora (Warner Varnado) · Minnesota DOT"}},{"type":"Feature","geometry":{"type":"Point","coordinates":[-93.40074,45.00738]},"properties":{"id":"ora-mn-643","name":"US 169: U.S.169 SB @ Medicine Lake Rd","state":"MN","provider":"Minnesota DOT","hls":"https://video.dot.state.mn.us/public/C331.stream/playlist.m3u8","snapshot":"https://public.carsprogram.org/cameras/MN/C331","refreshMs":30000,"attribution":"Ora (Warner Varnado) · Minnesota DOT"}},{"type":"Feature","geometry":{"type":"Point","coordinates":[-93.40063,44.99254]},"properties":{"id":"ora-mn-644","name":"US 169: U.S.169 SB @ Plymouth Ave","state":"MN","provider":"Minnesota DOT","hls":"https://video.dot.state.mn.us/public/C330.stream/playlist.m3u8","snapshot":"https://public.carsprogram.org/cameras/MN/C330","refreshMs":30000,"attribution":"Ora (Warner Varnado) · Minnesota DOT"}},{"type":"Feature","geometry":{"type":"Point","coordinates":[-93.40041,44.97918]},"properties":{"id":"ora-mn-645","name":"US 169: U.S.169 NB @ Betty Crocker Dr (East Intersection)","state":"MN","provider":"Minnesota DOT","hls":"https://video.dot.state.mn.us/public/C30657.stream/playlist.m3u8","snapshot":"https://public.carsprogram.org/cameras/MN/C30657","refreshMs":30000,"attribution":"Ora (Warner Varnado) · Minnesota DOT"}},{"type":"Feature","geometry":{"type":"Point","coordinates":[-93.40039,44.97904]},"properties":{"id":"ora-mn-646","name":"US 169: U.S.169 SB @ Betty Crocker Dr (West Intersection)","state":"MN","provider":"Minnesota DOT","hls":"https://video.dot.state.mn.us/public/C30658.stream/playlist.m3u8","snapshot":"https://public.carsprogram.org/cameras/MN/C30658","refreshMs":30000,"attribution":"Ora (Warner Varnado) · Minnesota DOT"}},{"type":"Feature","geometry":{"type":"Point","coordinates":[-93.40046,44.97283]},"properties":{"id":"ora-mn-647","name":"US 169: I-394 EB @ U.S.169 SB","state":"MN","provider":"Minnesota DOT","hls":"https://video.dot.state.mn.us/public/C906.stream/playlist.m3u8","snapshot":"https://public.carsprogram.org/cameras/MN/C906","refreshMs":30000,"attribution":"Ora (Warner Varnado) · Minnesota DOT"}},{"type":"Feature","geometry":{"type":"Point","coordinates":[-93.40065,44.95482]},"properties":{"id":"ora-mn-648","name":"US 169: U.S.169 NB @ Cedar Lake Rd","state":"MN","provider":"Minnesota DOT","hls":"https://video.dot.state.mn.us/public/C328.stream/playlist.m3u8","snapshot":"https://public.carsprogram.org/cameras/MN/C328","refreshMs":30000,"attribution":"Ora (Warner Varnado) · Minnesota DOT"}},{"type":"Feature","geometry":{"type":"Point","coordinates":[-93.4004,44.94546]},"properties":{"id":"ora-mn-649","name":"US 169: U.S.169 SB @ Minnetonka Blvd","state":"MN","provider":"Minnesota DOT","hls":"https://video.dot.state.mn.us/public/C327.stream/playlist.m3u8","snapshot":"https://public.carsprogram.org/cameras/MN/C327","refreshMs":30000,"attribution":"Ora (Warner Varnado) · Minnesota DOT"}},{"type":"Feature","geometry":{"type":"Point","coordinates":[-93.40127,44.9246]},"properties":{"id":"ora-mn-650","name":"US 169: U.S.169 @ Excelsior Blvd (E Ramp)","state":"MN","provider":"Minnesota DOT","hls":"https://video.dot.state.mn.us/public/C30567.stream/playlist.m3u8","snapshot":"https://public.carsprogram.org/cameras/MN/C30567","refreshMs":30000,"attribution":"Ora (Warner Varnado) · Minnesota DOT"}},{"type":"Feature","geometry":{"type":"Point","coordinates":[-93.40145,44.92381]},"properties":{"id":"ora-mn-651","name":"US 169: U.S.169 SB @ Excelsior Blvd","state":"MN","provider":"Minnesota DOT","hls":"https://video.dot.state.mn.us/public/C3251.stream/playlist.m3u8","snapshot":"https://public.carsprogram.org/cameras/MN/C3251","refreshMs":30000,"attribution":"Ora (Warner Varnado) · Minnesota DOT"}},{"type":"Feature","geometry":{"type":"Point","coordinates":[-93.4015,44.92312]},"properties":{"id":"ora-mn-652","name":"US 169: U.S.169 SB @ Excelsior Blvd (W Ramp)","state":"MN","provider":"Minnesota DOT","hls":"https://video.dot.state.mn.us/public/C30566.stream/playlist.m3u8","snapshot":"https://public.carsprogram.org/cameras/MN/C30566","refreshMs":30000,"attribution":"Ora (Warner Varnado) · Minnesota DOT"}},{"type":"Feature","geometry":{"type":"Point","coordinates":[-93.40112,44.91359]},"properties":{"id":"ora-mn-653","name":"US 169: U.S.169 SB @ 7th St (5th St/Lincoln Dr)","state":"MN","provider":"Minnesota DOT","hls":"https://video.dot.state.mn.us/public/C325.stream/playlist.m3u8","snapshot":"https://public.carsprogram.org/cameras/MN/C325","refreshMs":30000,"attribution":"Ora (Warner Varnado) · Minnesota DOT"}},{"type":"Feature","geometry":{"type":"Point","coordinates":[-93.40133,44.89879]},"properties":{"id":"ora-mn-654","name":"US 169: U.S.169 SB @ Bren Rd (Londonderry Rd)","state":"MN","provider":"Minnesota DOT","hls":"https://video.dot.state.mn.us/public/C324.stream/playlist.m3u8","snapshot":"https://public.carsprogram.org/cameras/MN/C324","refreshMs":30000,"attribution":"Ora (Warner Varnado) · Minnesota DOT"}},{"type":"Feature","geometry":{"type":"Point","coordinates":[-93.39923,44.89011]},"properties":{"id":"ora-mn-655","name":"US 169: T.H.62 EB @ U.S.169","state":"MN","provider":"Minnesota DOT","hls":"https://video.dot.state.mn.us/public/C120.stream/playlist.m3u8","snapshot":"https://public.carsprogram.org/cameras/MN/C120","refreshMs":30000,"attribution":"Ora (Warner Varnado) · Minnesota DOT"}},{"type":"Feature","geometry":{"type":"Point","coordinates":[-93.39747,44.87873]},"properties":{"id":"ora-mn-656","name":"US 169: U.S.169 SB N of Valley View Rd","state":"MN","provider":"Minnesota DOT","hls":"https://video.dot.state.mn.us/public/C30721.stream/playlist.m3u8","snapshot":"https://public.carsprogram.org/cameras/MN/C30721","refreshMs":30000,"attribution":"Ora (Warner Varnado) · Minnesota DOT"}},{"type":"Feature","geometry":{"type":"Point","coordinates":[-93.39654,44.87308]},"properties":{"id":"ora-mn-657","name":"US 169: U.S.169 SB @ Valley View Rd","state":"MN","provider":"Minnesota DOT","hls":"https://video.dot.state.mn.us/public/C323.stream/playlist.m3u8","snapshot":"/images/icon-camera-closed-fill-solid-padded.svg","refreshMs":30000,"attribution":"Ora (Warner Varnado) · Minnesota DOT"}},{"type":"Feature","geometry":{"type":"Point","coordinates":[-93.39489,44.86077]},"properties":{"id":"ora-mn-658","name":"US 169: U.S.169 SB @ I-494 WB","state":"MN","provider":"Minnesota DOT","hls":"https://video.dot.state.mn.us/public/C322.stream/playlist.m3u8","snapshot":"https://public.carsprogram.org/cameras/MN/C322","refreshMs":30000,"attribution":"Ora (Warner Varnado) · Minnesota DOT"}},{"type":"Feature","geometry":{"type":"Point","coordinates":[-93.39418,44.85909]},"properties":{"id":"ora-mn-659","name":"US 169: I-494 EB @ U.S.169","state":"MN","provider":"Minnesota DOT","hls":"https://video.dot.state.mn.us/public/C427.stream/playlist.m3u8","snapshot":"https://public.carsprogram.org/cameras/MN/C427","refreshMs":30000,"attribution":"Ora (Warner Varnado) · Minnesota DOT"}},{"type":"Feature","geometry":{"type":"Point","coordinates":[-93.39349,44.85675]},"properties":{"id":"ora-mn-660","name":"US 169: T.H.169 NB S of I-494","state":"MN","provider":"Minnesota DOT","hls":"https://video.dot.state.mn.us/public/C3211.stream/playlist.m3u8","snapshot":"https://public.carsprogram.org/cameras/MN/C3211","refreshMs":30000,"attribution":"Ora (Warner Varnado) · Minnesota DOT"}},{"type":"Feature","geometry":{"type":"Point","coordinates":[-93.39839,44.84479]},"properties":{"id":"ora-mn-661","name":"US 169: U.S.169 NB N of Anderson Lakes Pkwy","state":"MN","provider":"Minnesota DOT","hls":"https://video.dot.state.mn.us/public/C321.stream/playlist.m3u8","snapshot":"https://public.carsprogram.org/cameras/MN/C321","refreshMs":30000,"attribution":"Ora (Warner Varnado) · Minnesota DOT"}},{"type":"Feature","geometry":{"type":"Point","coordinates":[-93.3982,44.83702]},"properties":{"id":"ora-mn-662","name":"US 169: U.S.169 NB @ Anderson Lakes Pkwy","state":"MN","provider":"Minnesota DOT","hls":"https://video.dot.state.mn.us/public/C320.stream/playlist.m3u8","snapshot":"https://public.carsprogram.org/cameras/MN/C320","refreshMs":30000,"attribution":"Ora (Warner Varnado) · Minnesota DOT"}},{"type":"Feature","geometry":{"type":"Point","coordinates":[-93.39802,44.819]},"properties":{"id":"ora-mn-663","name":"US 169: U.S.169 NB @ Pioneer Tr","state":"MN","provider":"Minnesota DOT","hls":"https://video.dot.state.mn.us/public/C319.stream/playlist.m3u8","snapshot":"https://public.carsprogram.org/cameras/MN/C319","refreshMs":30000,"attribution":"Ora (Warner Varnado) · Minnesota DOT"}},{"type":"Feature","geometry":{"type":"Point","coordinates":[-93.39805,44.80776]},"properties":{"id":"ora-mn-664","name":"US 169: U.S.169 NB @ Old Shakopee Rd (MP 117.9)","state":"MN","provider":"Minnesota DOT","hls":"https://video.dot.state.mn.us/public/C318.stream/playlist.m3u8","snapshot":"https://public.carsprogram.org/cameras/MN/C318","refreshMs":30000,"attribution":"Ora (Warner Varnado) · Minnesota DOT"}},{"type":"Feature","geometry":{"type":"Point","coordinates":[-93.40574,44.78973]},"properties":{"id":"ora-mn-665","name":"US 169: U.S.169 NB @ T.H.101 (MP 116.4)","state":"MN","provider":"Minnesota DOT","hls":"https://video.dot.state.mn.us/public/C317.stream/playlist.m3u8","snapshot":"https://public.carsprogram.org/cameras/MN/C317","refreshMs":30000,"attribution":"Ora (Warner Varnado) · Minnesota DOT"}},{"type":"Feature","geometry":{"type":"Point","coordinates":[-93.41419,44.78567]},"properties":{"id":"ora-mn-666","name":"US 169: U.S.169 NB @ Co Rd 21 (MP 115.8)","state":"MN","provider":"Minnesota DOT","hls":"https://video.dot.state.mn.us/public/C315.stream/playlist.m3u8","snapshot":"https://public.carsprogram.org/cameras/MN/C315","refreshMs":30000,"attribution":"Ora (Warner Varnado) · Minnesota DOT"}},{"type":"Feature","geometry":{"type":"Point","coordinates":[-93.42284,44.78347]},"properties":{"id":"ora-mn-667","name":"US 169: U.S.169 NB S of Co Rd 21 (MP 115.4)","state":"MN","provider":"Minnesota DOT","hls":"https://video.dot.state.mn.us/public/C314.stream/playlist.m3u8","snapshot":"https://public.carsprogram.org/cameras/MN/C314","refreshMs":30000,"attribution":"Ora (Warner Varnado) · Minnesota DOT"}},{"type":"Feature","geometry":{"type":"Point","coordinates":[-93.44203,44.78317]},"properties":{"id":"ora-mn-668","name":"US 169: U.S.169 NB E of Co Rd 83 (MP 114.5)","state":"MN","provider":"Minnesota DOT","hls":"https://video.dot.state.mn.us/public/C313.stream/playlist.m3u8","snapshot":"https://public.carsprogram.org/cameras/MN/C313","refreshMs":30000,"attribution":"Ora (Warner Varnado) · Minnesota DOT"}},{"type":"Feature","geometry":{"type":"Point","coordinates":[-93.45656,44.78321]},"properties":{"id":"ora-mn-669","name":"US 169: U.S.169 SB E of Canterbury Rd (MP 113.5)","state":"MN","provider":"Minnesota DOT","hls":"https://video.dot.state.mn.us/public/C30498.stream/playlist.m3u8","snapshot":"https://public.carsprogram.org/cameras/MN/C30498","refreshMs":30000,"attribution":"Ora (Warner Varnado) · Minnesota DOT"}},{"type":"Feature","geometry":{"type":"Point","coordinates":[-93.46786,44.78226]},"properties":{"id":"ora-mn-670","name":"US 169: U.S.169 NB @ Canterbury Rd (Co Rd 83 - MP 112.9)","state":"MN","provider":"Minnesota DOT","hls":"https://video.dot.state.mn.us/public/C312.stream/playlist.m3u8","snapshot":"https://public.carsprogram.org/cameras/MN/C312","refreshMs":30000,"attribution":"Ora (Warner Varnado) · Minnesota DOT"}},{"type":"Feature","geometry":{"type":"Point","coordinates":[-93.4779,44.78106]},"properties":{"id":"ora-mn-671","name":"US 169: U.S.169 SB @ Eagle Creek Blvd (MP 112.3)","state":"MN","provider":"Minnesota DOT","hls":"https://video.dot.state.mn.us/public/C30497.stream/playlist.m3u8","snapshot":"https://public.carsprogram.org/cameras/MN/C30497","refreshMs":30000,"attribution":"Ora (Warner Varnado) · Minnesota DOT"}},{"type":"Feature","geometry":{"type":"Point","coordinates":[-93.49207,44.77947]},"properties":{"id":"ora-mn-672","name":"US 169: U.S.169 NB E of Marschall Rd (MP 111.5)","state":"MN","provider":"Minnesota DOT","hls":"https://video.dot.state.mn.us/public/C30496.stream/playlist.m3u8","snapshot":"https://public.carsprogram.org/cameras/MN/C30496","refreshMs":30000,"attribution":"Ora (Warner Varnado) · Minnesota DOT"}},{"type":"Feature","geometry":{"type":"Point","coordinates":[-93.50301,44.77823]},"properties":{"id":"ora-mn-673","name":"US 169: U.S.169 NB @ Marschall Rd (Co Rd 17 - MP 111)","state":"MN","provider":"Minnesota DOT","hls":"https://video.dot.state.mn.us/public/C30495.stream/playlist.m3u8","snapshot":"https://public.carsprogram.org/cameras/MN/C30495","refreshMs":30000,"attribution":"Ora (Warner Varnado) · Minnesota DOT"}},{"type":"Feature","geometry":{"type":"Point","coordinates":[-93.51273,44.77712]},"properties":{"id":"ora-mn-674","name":"US 169: U.S.169 SB W of Marschall Rd (MP 110.5)","state":"MN","provider":"Minnesota DOT","hls":"https://video.dot.state.mn.us/public/C30494.stream/playlist.m3u8","snapshot":"https://public.carsprogram.org/cameras/MN/C30494","refreshMs":30000,"attribution":"Ora (Warner Varnado) · Minnesota DOT"}},{"type":"Feature","geometry":{"type":"Point","coordinates":[-93.5208,44.77625]},"properties":{"id":"ora-mn-675","name":"US 169: U.S.169 NB @ Townline Ave (MP 110)","state":"MN","provider":"Minnesota DOT","hls":"https://video.dot.state.mn.us/public/C30493.stream/playlist.m3u8","snapshot":"https://public.carsprogram.org/cameras/MN/C30493","refreshMs":30000,"attribution":"Ora (Warner Varnado) · Minnesota DOT"}},{"type":"Feature","geometry":{"type":"Point","coordinates":[-93.53098,44.77604]},"properties":{"id":"ora-mn-676","name":"US 169: U.S.169 NB @ Fuller St S (MP 109.4)","state":"MN","provider":"Minnesota DOT","hls":"https://video.dot.state.mn.us/public/C30492.stream/playlist.m3u8","snapshot":"https://public.carsprogram.org/cameras/MN/C30492","refreshMs":30000,"attribution":"Ora (Warner Varnado) · Minnesota DOT"}},{"type":"Feature","geometry":{"type":"Point","coordinates":[-93.54131,44.776]},"properties":{"id":"ora-mn-677","name":"US 169: U.S.169 SB @ Marystown Rd (Co Rd 15 - MP 108.9)","state":"MN","provider":"Minnesota DOT","hls":"https://video.dot.state.mn.us/public/C30491.stream/playlist.m3u8","snapshot":"https://public.carsprogram.org/cameras/MN/C30491","refreshMs":30000,"attribution":"Ora (Warner Varnado) · Minnesota DOT"}},{"type":"Feature","geometry":{"type":"Point","coordinates":[-93.55215,44.77716]},"properties":{"id":"ora-mn-678","name":"US 169: U.S.169 NB E of Old Brick Yard Rd (MP 108.1)","state":"MN","provider":"Minnesota DOT","hls":"https://video.dot.state.mn.us/public/C30490.stream/playlist.m3u8","snapshot":"https://public.carsprogram.org/cameras/MN/C30490","refreshMs":30000,"attribution":"Ora (Warner Varnado) · Minnesota DOT"}},{"type":"Feature","geometry":{"type":"Point","coordinates":[-93.56043,44.77778]},"properties":{"id":"ora-mn-679","name":"US 169: U.S.169 SB @ Old Brick Yard Rd (Co Rd 69 - MP 107.8)","state":"MN","provider":"Minnesota DOT","hls":"https://video.dot.state.mn.us/public/C30489.stream/playlist.m3u8","snapshot":"https://public.carsprogram.org/cameras/MN/C30489","refreshMs":30000,"attribution":"Ora (Warner Varnado) · Minnesota DOT"}},{"type":"Feature","geometry":{"type":"Point","coordinates":[-93.56982,44.77236]},"properties":{"id":"ora-mn-680","name":"US 169: U.S.169 NB N of T.H.41 (Mobile Manor Tr Prk)","state":"MN","provider":"Minnesota DOT","hls":"https://video.dot.state.mn.us/public/C30061.stream/playlist.m3u8","snapshot":"https://public.carsprogram.org/cameras/MN/C30061","refreshMs":30000,"attribution":"Ora (Warner Varnado) · Minnesota DOT"}},{"type":"Feature","geometry":{"type":"Point","coordinates":[-93.58573,44.75328]},"properties":{"id":"ora-mn-681","name":"US 169: U.S.169 SB S of T.H.41 (MP 105.5)","state":"MN","provider":"Minnesota DOT","hls":"https://video.dot.state.mn.us/public/C30059.stream/playlist.m3u8","snapshot":"https://public.carsprogram.org/cameras/MN/C30059","refreshMs":30000,"attribution":"Ora (Warner Varnado) · Minnesota DOT"}},{"type":"Feature","geometry":{"type":"Point","coordinates":[-93.58859,44.73282]},"properties":{"id":"ora-mn-682","name":"US 169: U.S.169 SB @ 150th St W EB (Co Rd 14 - MP 104.2)","state":"MN","provider":"Minnesota DOT","hls":"https://video.dot.state.mn.us/public/C30066.stream/playlist.m3u8","snapshot":"https://public.carsprogram.org/cameras/MN/C30066","refreshMs":30000,"attribution":"Ora (Warner Varnado) · Minnesota DOT"}},{"type":"Feature","geometry":{"type":"Point","coordinates":[-93.58774,44.71547]},"properties":{"id":"ora-mn-683","name":"US 169: U.S.169 NB N of Bluff Dr (MP 103)","state":"MN","provider":"Minnesota DOT","hls":null,"snapshot":"https://public.carsprogram.org/cameras/MN/C30525?1783724040000","refreshMs":30000,"attribution":"Ora (Warner Varnado) · Minnesota DOT"}},{"type":"Feature","geometry":{"type":"Point","coordinates":[-93.59561,44.70224]},"properties":{"id":"ora-mn-684","name":"US 169: U.S.169 SB @ Jordan Ave (MP 101.8)","state":"MN","provider":"Minnesota DOT","hls":null,"snapshot":"https://public.carsprogram.org/cameras/MN/C30524?1783724040000","refreshMs":30000,"attribution":"Ora (Warner Varnado) · Minnesota DOT"}},{"type":"Feature","geometry":{"type":"Point","coordinates":[-93.60751,44.68962]},"properties":{"id":"ora-mn-685","name":"US 169: U.S.169 NB S of 173rd St (MP 100.8)","state":"MN","provider":"Minnesota DOT","hls":null,"snapshot":"https://public.carsprogram.org/cameras/MN/C30523?1783724040000","refreshMs":30000,"attribution":"Ora (Warner Varnado) · Minnesota DOT"}},{"type":"Feature","geometry":{"type":"Point","coordinates":[-93.61947,44.68064]},"properties":{"id":"ora-mn-686","name":"US 169: U.S.169 SB N of T.H.21 (N of Broadway St - MP100)","state":"MN","provider":"Minnesota DOT","hls":null,"snapshot":"https://public.carsprogram.org/cameras/MN/C30522?1783724040000","refreshMs":30000,"attribution":"Ora (Warner Varnado) · Minnesota DOT"}},{"type":"Feature","geometry":{"type":"Point","coordinates":[-93.626,44.67422]},"properties":{"id":"ora-mn-687","name":"US 169: U.S.169 NB @ Broadway St (T.H.21 - MP 99.5)","state":"MN","provider":"Minnesota DOT","hls":null,"snapshot":"https://public.carsprogram.org/cameras/MN/C30526?1783724040000","refreshMs":30000,"attribution":"Ora (Warner Varnado) · Minnesota DOT"}},{"type":"Feature","geometry":{"type":"Point","coordinates":[-93.8423,44.5721]},"properties":{"id":"ora-mn-688","name":"US 169: U.S.169 (Henderson - MP 86): U.S.169 (Henderson - MP 86) View 1","state":"MN","provider":"Minnesota DOT","hls":null,"snapshot":"https://public.carsprogram.org/cameras/MN/C30447-v1?1783724040000","refreshMs":30000,"attribution":"Ora (Warner Varnado) · Minnesota DOT"}},{"type":"Feature","geometry":{"type":"Point","coordinates":[-93.96324,44.3655]},"properties":{"id":"ora-mn-689","name":"US 169: U.S.169 (St. Peter - MP 69): U.S.169 (St. Peter - MP 69) View 1","state":"MN","provider":"Minnesota DOT","hls":null,"snapshot":"https://public.carsprogram.org/cameras/MN/C30446-v1?1783724040000","refreshMs":30000,"attribution":"Ora (Warner Varnado) · Minnesota DOT"}},{"type":"Feature","geometry":{"type":"Point","coordinates":[-93.96521,44.31441]},"properties":{"id":"ora-mn-690","name":"US 169: U.S.169 SB @ T.H.22","state":"MN","provider":"Minnesota DOT","hls":null,"snapshot":"https://public.carsprogram.org/cameras/MN/C30556?1783724040000","refreshMs":30000,"attribution":"Ora (Warner Varnado) · Minnesota DOT"}},{"type":"Feature","geometry":{"type":"Point","coordinates":[-94.01671,44.19172]},"properties":{"id":"ora-mn-691","name":"US 169: U.S.14 WB @ U.S.169 NB","state":"MN","provider":"Minnesota DOT","hls":"https://video.dot.state.mn.us/public/C30147.stream/playlist.m3u8","snapshot":"https://public.carsprogram.org/cameras/MN/C30147","refreshMs":30000,"attribution":"Ora (Warner Varnado) · Minnesota DOT"}},{"type":"Feature","geometry":{"type":"Point","coordinates":[-94.00594,44.1796]},"properties":{"id":"ora-mn-692","name":"US 169: U.S.169 NB S of Webster Ave","state":"MN","provider":"Minnesota DOT","hls":"https://video.dot.state.mn.us/public/C30155.stream/playlist.m3u8","snapshot":"https://public.carsprogram.org/cameras/MN/C30155","refreshMs":30000,"attribution":"Ora (Warner Varnado) · Minnesota DOT"}},{"type":"Feature","geometry":{"type":"Point","coordinates":[-94.00483,44.17008]},"properties":{"id":"ora-mn-693","name":"US 169: U.S.169 NB @ Belgrade Ave","state":"MN","provider":"Minnesota DOT","hls":"https://video.dot.state.mn.us/public/C30154.stream/playlist.m3u8","snapshot":"https://public.carsprogram.org/cameras/MN/C30154","refreshMs":30000,"attribution":"Ora (Warner Varnado) · Minnesota DOT"}},{"type":"Feature","geometry":{"type":"Point","coordinates":[-94.01556,44.16672]},"properties":{"id":"ora-mn-694","name":"US 169: U.S.169 SB @ Lookout Dr","state":"MN","provider":"Minnesota DOT","hls":"https://video.dot.state.mn.us/public/C30153.stream/playlist.m3u8","snapshot":"https://public.carsprogram.org/cameras/MN/C30153","refreshMs":30000,"attribution":"Ora (Warner Varnado) · Minnesota DOT"}},{"type":"Feature","geometry":{"type":"Point","coordinates":[-94.02044,44.15959]},"properties":{"id":"ora-mn-695","name":"US 169: U.S.169 NB @ Riverfront Dr","state":"MN","provider":"Minnesota DOT","hls":"https://video.dot.state.mn.us/public/C30152.stream/playlist.m3u8","snapshot":"https://public.carsprogram.org/cameras/MN/C30152","refreshMs":30000,"attribution":"Ora (Warner Varnado) · Minnesota DOT"}},{"type":"Feature","geometry":{"type":"Point","coordinates":[-94.03383,44.15396]},"properties":{"id":"ora-mn-696","name":"US 169: U.S.169 (Mankato - MP 52): U.S.169 (Mankato - MP 52) View 1","state":"MN","provider":"Minnesota DOT","hls":null,"snapshot":"https://public.carsprogram.org/cameras/MN/C30445-v1?1783724040000","refreshMs":30000,"attribution":"Ora (Warner Varnado) · Minnesota DOT"}},{"type":"Feature","geometry":{"type":"Point","coordinates":[-96.76785,46.87347]},"properties":{"id":"ora-mn-697","name":"US 75: Main St SB @ 8th St","state":"MN","provider":"Minnesota DOT","hls":"https://video.dot.state.mn.us/public/C10-01.stream/playlist.m3u8","snapshot":"https://public.carsprogram.org/cameras/MN/C10-01","refreshMs":30000,"attribution":"Ora (Warner Varnado) · Minnesota DOT"}},{"type":"Feature","geometry":{"type":"Point","coordinates":[-96.76809,46.8619]},"properties":{"id":"ora-mn-698","name":"US 75: T.H.75 NB @ 12th Ave","state":"MN","provider":"Minnesota DOT","hls":"https://video.dot.state.mn.us/public/C75-06.stream/playlist.m3u8","snapshot":"https://public.carsprogram.org/cameras/MN/C75-06","refreshMs":30000,"attribution":"Ora (Warner Varnado) · Minnesota DOT"}},{"type":"Feature","geometry":{"type":"Point","coordinates":[-96.76805,46.85471]},"properties":{"id":"ora-mn-699","name":"US 75: T.H.75 SB @ 20th Ave","state":"MN","provider":"Minnesota DOT","hls":"https://video.dot.state.mn.us/public/C75-05.stream/playlist.m3u8","snapshot":"https://public.carsprogram.org/cameras/MN/C75-05","refreshMs":30000,"attribution":"Ora (Warner Varnado) · Minnesota DOT"}},{"type":"Feature","geometry":{"type":"Point","coordinates":[-96.76797,46.85101]},"properties":{"id":"ora-mn-700","name":"US 75: T.H.75 SB @ 24th Ave","state":"MN","provider":"Minnesota DOT","hls":"https://video.dot.state.mn.us/public/C75-04.stream/playlist.m3u8","snapshot":"https://public.carsprogram.org/cameras/MN/C75-04","refreshMs":30000,"attribution":"Ora (Warner Varnado) · Minnesota DOT"}},{"type":"Feature","geometry":{"type":"Point","coordinates":[-96.76805,46.84849]},"properties":{"id":"ora-mn-701","name":"US 75: T.H.75 NB @ I-94","state":"MN","provider":"Minnesota DOT","hls":"https://video.dot.state.mn.us/public/C75-03.stream/playlist.m3u8","snapshot":"https://public.carsprogram.org/cameras/MN/C75-03","refreshMs":30000,"attribution":"Ora (Warner Varnado) · Minnesota DOT"}},{"type":"Feature","geometry":{"type":"Point","coordinates":[-96.76801,46.84577]},"properties":{"id":"ora-mn-702","name":"US 75: T.H.75 SB @ I-94","state":"MN","provider":"Minnesota DOT","hls":"https://video.dot.state.mn.us/public/C75-02.stream/playlist.m3u8","snapshot":"https://public.carsprogram.org/cameras/MN/C75-02","refreshMs":30000,"attribution":"Ora (Warner Varnado) · Minnesota DOT"}},{"type":"Feature","geometry":{"type":"Point","coordinates":[-96.76778,46.83339]},"properties":{"id":"ora-mn-703","name":"US 75: T.H.75 NB @ 40th Ave","state":"MN","provider":"Minnesota DOT","hls":"https://video.dot.state.mn.us/public/C75-01.stream/playlist.m3u8","snapshot":"https://public.carsprogram.org/cameras/MN/C75-01","refreshMs":30000,"attribution":"Ora (Warner Varnado) · Minnesota DOT"}},{"type":"Feature","geometry":{"type":"Point","coordinates":[-96.71197,46.47068]},"properties":{"id":"ora-mn-704","name":"US 75: U.S.75 (Kent - MP 222): U.S.75 (Kent - MP 222) View 1","state":"MN","provider":"Minnesota DOT","hls":null,"snapshot":"https://public.carsprogram.org/cameras/MN/C30374-v1?1783724040000","refreshMs":30000,"attribution":"Ora (Warner Varnado) · Minnesota DOT"}},{"type":"Feature","geometry":{"type":"Point","coordinates":[-96.49393,46.04314]},"properties":{"id":"ora-mn-705","name":"US 75: U.S.75 (Tenney - MP 188): U.S.75 (Tenney - MP 188) View 1","state":"MN","provider":"Minnesota DOT","hls":null,"snapshot":"https://public.carsprogram.org/cameras/MN/C30387-v1?1783724040000","refreshMs":30000,"attribution":"Ora (Warner Varnado) · Minnesota DOT"}},{"type":"Feature","geometry":{"type":"Point","coordinates":[-96.38938,45.26909]},"properties":{"id":"ora-mn-706","name":"US 75: U.S.75 (Ortonville - MP 132.7): U.S.75 (Ortonville - MP 132.7) View 1","state":"MN","provider":"Minnesota DOT","hls":null,"snapshot":"https://public.carsprogram.org/cameras/MN/C30376-v1?1783724040000","refreshMs":30000,"attribution":"Ora (Warner Varnado) · Minnesota DOT"}},{"type":"Feature","geometry":{"type":"Point","coordinates":[-96.27674,44.67418]},"properties":{"id":"ora-mn-707","name":"US 75: U.S.75 (Canby - MP 84.0): U.S.75 (Canby - MP 84.0) View 1","state":"MN","provider":"Minnesota DOT","hls":null,"snapshot":"https://public.carsprogram.org/cameras/MN/C30350-v1?1783724040000","refreshMs":30000,"attribution":"Ora (Warner Varnado) · Minnesota DOT"}},{"type":"Feature","geometry":{"type":"Point","coordinates":[-96.2651,43.92209]},"properties":{"id":"ora-mn-708","name":"US 75: U.S.75 (Trosky - MP 30.3): U.S.75 (Trosky - MP 30.3) View 1","state":"MN","provider":"Minnesota DOT","hls":null,"snapshot":"https://public.carsprogram.org/cameras/MN/C30346-v1?1783724040000","refreshMs":30000,"attribution":"Ora (Warner Varnado) · Minnesota DOT"}},{"type":"Feature","geometry":{"type":"Point","coordinates":[-93.87815,48.13454]},"properties":{"id":"ora-mn-709","name":"US 71: U.S.71 (Margie - MP 379): U.S.71 (Margie - MP 379) View 1","state":"MN","provider":"Minnesota DOT","hls":null,"snapshot":"https://public.carsprogram.org/cameras/MN/C30444-v1?1783724040000","refreshMs":30000,"attribution":"Ora (Warner Varnado) · Minnesota DOT"}},{"type":"Feature","geometry":{"type":"Point","coordinates":[-95.13178,47.18802]},"properties":{"id":"ora-mn-710","name":"US 71: U.S.71 (Lake Itasca - MP 281.1): U.S.71 (Lake Itasca - MP 281.1) View 1","state":"MN","provider":"Minnesota DOT","hls":null,"snapshot":"https://public.carsprogram.org/cameras/MN/C30402-v1?1783724040000","refreshMs":30000,"attribution":"Ora (Warner Varnado) · Minnesota DOT"}},{"type":"Feature","geometry":{"type":"Point","coordinates":[-94.9167,46.11405]},"properties":{"id":"ora-mn-711","name":"US 71: U.S.71 (Clarissa - MP 197.5): U.S.71 (Clarissa - MP 197.5) View 1","state":"MN","provider":"Minnesota DOT","hls":null,"snapshot":"https://public.carsprogram.org/cameras/MN/C30403-v1?1783724040000","refreshMs":30000,"attribution":"Ora (Warner Varnado) · Minnesota DOT"}},{"type":"Feature","geometry":{"type":"Point","coordinates":[-95.12025,44.08368]},"properties":{"id":"ora-mn-712","name":"US 71: U.S.71 (Jeffers - MP 43): U.S.71 (Jeffers - MP 43) View 1","state":"MN","provider":"Minnesota DOT","hls":null,"snapshot":"https://public.carsprogram.org/cameras/MN/C30443-v1?1783724040000","refreshMs":30000,"attribution":"Ora (Warner Varnado) · Minnesota DOT"}},{"type":"Feature","geometry":{"type":"Point","coordinates":[-92.36991,44.38222]},"properties":{"id":"ora-mn-713","name":"US 63: U.S.63 (Lake City - MP 62.9): U.S.63 (Lake City - MP 62.9) View 1","state":"MN","provider":"Minnesota DOT","hls":null,"snapshot":"https://public.carsprogram.org/cameras/MN/C30335-v1?1783724040000","refreshMs":30000,"attribution":"Ora (Warner Varnado) · Minnesota DOT"}},{"type":"Feature","geometry":{"type":"Point","coordinates":[-92.51411,44.10812]},"properties":{"id":"ora-mn-714","name":"US 63: T.H.52 NB @ 75th St NW (MP 61.7)","state":"MN","provider":"Minnesota DOT","hls":"https://video.dot.state.mn.us/public/D6-C002.stream/playlist.m3u8","snapshot":"https://public.carsprogram.org/cameras/MN/D6-C002","refreshMs":30000,"attribution":"Ora (Warner Varnado) · Minnesota DOT"}},{"type":"Feature","geometry":{"type":"Point","coordinates":[-92.46336,43.96364]},"properties":{"id":"ora-mn-715","name":"US 63: T.H.63 NB @ 40th St EB (MP 36)","state":"MN","provider":"Minnesota DOT","hls":"https://video.dot.state.mn.us/public/C30015.stream/playlist.m3u8","snapshot":"https://public.carsprogram.org/cameras/MN/C30015","refreshMs":30000,"attribution":"Ora (Warner Varnado) · Minnesota DOT"}},{"type":"Feature","geometry":{"type":"Point","coordinates":[-92.46833,43.95277]},"properties":{"id":"ora-mn-716","name":"US 63: T.H.63 SB @ 48th St EB (MP 35)","state":"MN","provider":"Minnesota DOT","hls":"https://video.dot.state.mn.us/public/C30014.stream/playlist.m3u8","snapshot":"https://public.carsprogram.org/cameras/MN/C30014","refreshMs":30000,"attribution":"Ora (Warner Varnado) · Minnesota DOT"}},{"type":"Feature","geometry":{"type":"Point","coordinates":[-92.46534,43.93954]},"properties":{"id":"ora-mn-717","name":"US 63: T.H.63 NB @ Quarve Rd SE (MP 34.7)","state":"MN","provider":"Minnesota DOT","hls":"https://video.dot.state.mn.us/public/C30013.stream/playlist.m3u8","snapshot":"https://public.carsprogram.org/cameras/MN/C30013","refreshMs":30000,"attribution":"Ora (Warner Varnado) · Minnesota DOT"}},{"type":"Feature","geometry":{"type":"Point","coordinates":[-92.47185,43.92901]},"properties":{"id":"ora-mn-718","name":"US 63: T.H.63 SB @ Tyrol Lane SE (MP 33.9)","state":"MN","provider":"Minnesota DOT","hls":"https://video.dot.state.mn.us/public/C30012.stream/playlist.m3u8","snapshot":"https://public.carsprogram.org/cameras/MN/C30012","refreshMs":30000,"attribution":"Ora (Warner Varnado) · Minnesota DOT"}},{"type":"Feature","geometry":{"type":"Point","coordinates":[-92.48113,43.90603]},"properties":{"id":"ora-mn-719","name":"US 63: T.H.63 SB S of 80th St (MP 32)","state":"MN","provider":"Minnesota DOT","hls":"https://video.dot.state.mn.us/public/C30010.stream/playlist.m3u8","snapshot":"https://public.carsprogram.org/cameras/MN/C30010","refreshMs":30000,"attribution":"Ora (Warner Varnado) · Minnesota DOT"}},{"type":"Feature","geometry":{"type":"Point","coordinates":[-92.48248,43.90241]},"properties":{"id":"ora-mn-720","name":"US 63: U.S.63 (Stewartville - MP 32): U.S.63 (Stewartville - MP 32) View 1","state":"MN","provider":"Minnesota DOT","hls":null,"snapshot":"https://public.carsprogram.org/cameras/MN/C30442-v1?1783724040000","refreshMs":30000,"attribution":"Ora (Warner Varnado) · Minnesota DOT"}},{"type":"Feature","geometry":{"type":"Point","coordinates":[-92.48648,43.89208]},"properties":{"id":"ora-mn-721","name":"US 63: T.H.63 SB @ T.H.30 (MP 31)","state":"MN","provider":"Minnesota DOT","hls":"https://video.dot.state.mn.us/public/C30009.stream/playlist.m3u8","snapshot":"https://public.carsprogram.org/cameras/MN/C30009","refreshMs":30000,"attribution":"Ora (Warner Varnado) · Minnesota DOT"}},{"type":"Feature","geometry":{"type":"Point","coordinates":[-92.48807,43.88429]},"properties":{"id":"ora-mn-722","name":"US 63: T.H.63 NB @ I-90 EB (MP 30)","state":"MN","provider":"Minnesota DOT","hls":"https://video.dot.state.mn.us/public/C30008.stream/playlist.m3u8","snapshot":"https://public.carsprogram.org/cameras/MN/C30008","refreshMs":30000,"attribution":"Ora (Warner Varnado) · Minnesota DOT"}},{"type":"Feature","geometry":{"type":"Point","coordinates":[-92.36933,43.5084]},"properties":{"id":"ora-mn-723","name":"US 63: U.S.63 (Le Roy - MP 0.5): U.S.63 (Le Roy - MP 0.5) View 1","state":"MN","provider":"Minnesota DOT","hls":null,"snapshot":"https://public.carsprogram.org/cameras/MN/C30337-v1?1783724040000","refreshMs":30000,"attribution":"Ora (Warner Varnado) · Minnesota DOT"}},{"type":"Feature","geometry":{"type":"Point","coordinates":[-93.0051,45.33649]},"properties":{"id":"ora-mn-724","name":"US 61: I-35 SB @ Co Rd 22 (Viking Blvd - MP 135.7)","state":"MN","provider":"Minnesota DOT","hls":"https://video.dot.state.mn.us/public/C063.stream/playlist.m3u8","snapshot":"https://public.carsprogram.org/cameras/MN/C063","refreshMs":30000,"attribution":"Ora (Warner Varnado) · Minnesota DOT"}},{"type":"Feature","geometry":{"type":"Point","coordinates":[-93.00106,45.33648]},"properties":{"id":"ora-mn-725","name":"US 61: T.H.61 @ Fallbrook Ave","state":"MN","provider":"Minnesota DOT","hls":"https://video.dot.state.mn.us/public/C30206.stream/playlist.m3u8","snapshot":"https://public.carsprogram.org/cameras/MN/C30206","refreshMs":30000,"attribution":"Ora (Warner Varnado) · Minnesota DOT"}},{"type":"Feature","geometry":{"type":"Point","coordinates":[-92.9935,45.32531]},"properties":{"id":"ora-mn-726","name":"US 61: U.S.61 NB @ 259th St (MP 164.2)","state":"MN","provider":"Minnesota DOT","hls":"https://video.dot.state.mn.us/public/C30256.stream/playlist.m3u8","snapshot":"https://public.carsprogram.org/cameras/MN/C30256","refreshMs":30000,"attribution":"Ora (Warner Varnado) · Minnesota DOT"}},{"type":"Feature","geometry":{"type":"Point","coordinates":[-92.98998,45.32043]},"properties":{"id":"ora-mn-727","name":"US 61: U.S.61 NB @ 257th St (MP 163.9)","state":"MN","provider":"Minnesota DOT","hls":"https://video.dot.state.mn.us/public/C30255.stream/playlist.m3u8","snapshot":"https://public.carsprogram.org/cameras/MN/C30255","refreshMs":30000,"attribution":"Ora (Warner Varnado) · Minnesota DOT"}},{"type":"Feature","geometry":{"type":"Point","coordinates":[-92.98416,45.28977]},"properties":{"id":"ora-mn-728","name":"US 61: T.H.61 NB @ U.S.8 (MP 161.8)","state":"MN","provider":"Minnesota DOT","hls":"https://video.dot.state.mn.us/public/C30179.stream/playlist.m3u8","snapshot":"https://public.carsprogram.org/cameras/MN/C30179","refreshMs":30000,"attribution":"Ora (Warner Varnado) · Minnesota DOT"}},{"type":"Feature","geometry":{"type":"Point","coordinates":[-92.98395,45.28914]},"properties":{"id":"ora-mn-729","name":"US 61: U.S.8 WB @ T.H.61 NB","state":"MN","provider":"Minnesota DOT","hls":"https://video.dot.state.mn.us/public/C30178.stream/playlist.m3u8","snapshot":"https://public.carsprogram.org/cameras/MN/C30178","refreshMs":30000,"attribution":"Ora (Warner Varnado) · Minnesota DOT"}},{"type":"Feature","geometry":{"type":"Point","coordinates":[-92.98319,45.23699]},"properties":{"id":"ora-mn-730","name":"US 61: T.H.61 SB @ Headwaters Pkwy","state":"MN","provider":"Minnesota DOT","hls":null,"snapshot":"https://public.carsprogram.org/cameras/MN/C30669?1783724040000","refreshMs":30000,"attribution":"Ora (Warner Varnado) · Minnesota DOT"}},{"type":"Feature","geometry":{"type":"Point","coordinates":[-92.98993,45.17111]},"properties":{"id":"ora-mn-731","name":"US 61: T.H.61 NB @ 152nd St N (MP 153.3)","state":"MN","provider":"Minnesota DOT","hls":null,"snapshot":"https://public.carsprogram.org/cameras/MN/C30480?1783724040000","refreshMs":30000,"attribution":"Ora (Warner Varnado) · Minnesota DOT"}},{"type":"Feature","geometry":{"type":"Point","coordinates":[-92.99955,45.13838]},"properties":{"id":"ora-mn-732","name":"US 61: T.H.61 NB @ 130th St N (MP 151)","state":"MN","provider":"Minnesota DOT","hls":null,"snapshot":"https://public.carsprogram.org/cameras/MN/C30549?1783724040000","refreshMs":30000,"attribution":"Ora (Warner Varnado) · Minnesota DOT"}},{"type":"Feature","geometry":{"type":"Point","coordinates":[-93.00317,45.12353]},"properties":{"id":"ora-mn-733","name":"US 61: T.H.61 NB @ Co Rd J (MP 150)","state":"MN","provider":"Minnesota DOT","hls":"https://video.dot.state.mn.us/public/C1731.stream/playlist.m3u8","snapshot":"https://public.carsprogram.org/cameras/MN/C1731","refreshMs":30000,"attribution":"Ora (Warner Varnado) · Minnesota DOT"}},{"type":"Feature","geometry":{"type":"Point","coordinates":[-92.99966,45.10488]},"properties":{"id":"ora-mn-734","name":"US 61: T.H.61 NB @ Buffalo St (MP 148.7)","state":"MN","provider":"Minnesota DOT","hls":"https://video.dot.state.mn.us/public/C1730.stream/playlist.m3u8","snapshot":"https://public.carsprogram.org/cameras/MN/C1730","refreshMs":30000,"attribution":"Ora (Warner Varnado) · Minnesota DOT"}},{"type":"Feature","geometry":{"type":"Point","coordinates":[-93.00613,45.09347]},"properties":{"id":"ora-mn-735","name":"US 61: T.H.61 NB @ T.H.96","state":"MN","provider":"Minnesota DOT","hls":"https://video.dot.state.mn.us/public/C1729.stream/playlist.m3u8","snapshot":"https://public.carsprogram.org/cameras/MN/C1729","refreshMs":30000,"attribution":"Ora (Warner Varnado) · Minnesota DOT"}},{"type":"Feature","geometry":{"type":"Point","coordinates":[-93.00724,45.08956]},"properties":{"id":"ora-mn-736","name":"US 61: T.H.61 NB @ 8th St","state":"MN","provider":"Minnesota DOT","hls":"https://video.dot.state.mn.us/public/C30588.stream/playlist.m3u8","snapshot":"https://public.carsprogram.org/cameras/MN/C30588","refreshMs":30000,"attribution":"Ora (Warner Varnado) · Minnesota DOT"}},{"type":"Feature","geometry":{"type":"Point","coordinates":[-93.00765,45.08853]},"properties":{"id":"ora-mn-737","name":"US 61: T.H.61 NB @ 7th St","state":"MN","provider":"Minnesota DOT","hls":"https://video.dot.state.mn.us/public/C1728.stream/playlist.m3u8","snapshot":"https://public.carsprogram.org/cameras/MN/C1728","refreshMs":30000,"attribution":"Ora (Warner Varnado) · Minnesota DOT"}},{"type":"Feature","geometry":{"type":"Point","coordinates":[-93.00957,45.08524]},"properties":{"id":"ora-mn-738","name":"US 61: T.H.61 SB @ 4th St","state":"MN","provider":"Minnesota DOT","hls":"https://video.dot.state.mn.us/public/C1727.stream/playlist.m3u8","snapshot":"https://public.carsprogram.org/cameras/MN/C1727","refreshMs":30000,"attribution":"Ora (Warner Varnado) · Minnesota DOT"}},{"type":"Feature","geometry":{"type":"Point","coordinates":[-93.01146,45.08317]},"properties":{"id":"ora-mn-739","name":"US 61: T.H.61 NB @ 2nd St","state":"MN","provider":"Minnesota DOT","hls":"https://video.dot.state.mn.us/public/C1726.stream/playlist.m3u8","snapshot":"https://public.carsprogram.org/cameras/MN/C1726","refreshMs":30000,"attribution":"Ora (Warner Varnado) · Minnesota DOT"}},{"type":"Feature","geometry":{"type":"Point","coordinates":[-93.01555,45.07904]},"properties":{"id":"ora-mn-740","name":"US 61: T.H.61 SB @ Co Rd 96","state":"MN","provider":"Minnesota DOT","hls":"https://video.dot.state.mn.us/public/C1725.stream/playlist.m3u8","snapshot":"https://public.carsprogram.org/cameras/MN/C1725","refreshMs":30000,"attribution":"Ora (Warner Varnado) · Minnesota DOT"}},{"type":"Feature","geometry":{"type":"Point","coordinates":[-93.01973,45.07339]},"properties":{"id":"ora-mn-741","name":"US 61: T.H.61 SB @ White Bear Ave","state":"MN","provider":"Minnesota DOT","hls":"https://video.dot.state.mn.us/public/C1724.stream/playlist.m3u8","snapshot":"https://public.carsprogram.org/cameras/MN/C1724","refreshMs":30000,"attribution":"Ora (Warner Varnado) · Minnesota DOT"}},{"type":"Feature","geometry":{"type":"Point","coordinates":[-93.02471,45.06466]},"properties":{"id":"ora-mn-742","name":"US 61: T.H.61 NB @ Co Rd F","state":"MN","provider":"Minnesota DOT","hls":"https://video.dot.state.mn.us/public/C1723.stream/playlist.m3u8","snapshot":"https://public.carsprogram.org/cameras/MN/C1723","refreshMs":30000,"attribution":"Ora (Warner Varnado) · Minnesota DOT"}},{"type":"Feature","geometry":{"type":"Point","coordinates":[-93.0287,45.05797]},"properties":{"id":"ora-mn-743","name":"US 61: T.H.61 SB @ Cedar Ave","state":"MN","provider":"Minnesota DOT","hls":"https://video.dot.state.mn.us/public/C1722.stream/playlist.m3u8","snapshot":"https://public.carsprogram.org/cameras/MN/C1722","refreshMs":30000,"attribution":"Ora (Warner Varnado) · Minnesota DOT"}},{"type":"Feature","geometry":{"type":"Point","coordinates":[-93.03603,45.04993]},"properties":{"id":"ora-mn-744","name":"US 61: T.H.61 NB @ Co Rd E","state":"MN","provider":"Minnesota DOT","hls":"https://video.dot.state.mn.us/public/C1721.stream/playlist.m3u8","snapshot":"https://public.carsprogram.org/cameras/MN/C1721","refreshMs":30000,"attribution":"Ora (Warner Varnado) · Minnesota DOT"}},{"type":"Feature","geometry":{"type":"Point","coordinates":[-93.0372,45.04687]},"properties":{"id":"ora-mn-745","name":"US 61: T.H.61 NB @ Willow Lake Rd","state":"MN","provider":"Minnesota DOT","hls":"https://video.dot.state.mn.us/public/C1720.stream/playlist.m3u8","snapshot":"https://public.carsprogram.org/cameras/MN/C1720","refreshMs":30000,"attribution":"Ora (Warner Varnado) · Minnesota DOT"}},{"type":"Feature","geometry":{"type":"Point","coordinates":[-93.03953,45.04133]},"properties":{"id":"ora-mn-746","name":"US 61: T.H.61 NB @ Buerkle Rd","state":"MN","provider":"Minnesota DOT","hls":"https://video.dot.state.mn.us/public/C1719.stream/playlist.m3u8","snapshot":"https://public.carsprogram.org/cameras/MN/C1719","refreshMs":30000,"attribution":"Ora (Warner Varnado) · Minnesota DOT"}},{"type":"Feature","geometry":{"type":"Point","coordinates":[-93.04526,45.0314]},"properties":{"id":"ora-mn-747","name":"US 61: T.H.61 SB @ Co Rd D","state":"MN","provider":"Minnesota DOT","hls":"https://video.dot.state.mn.us/public/C1716.stream/playlist.m3u8","snapshot":"https://public.carsprogram.org/cameras/MN/C1716","refreshMs":30000,"attribution":"Ora (Warner Varnado) · Minnesota DOT"}},{"type":"Feature","geometry":{"type":"Point","coordinates":[-93.04638,45.02811]},"properties":{"id":"ora-mn-748","name":"US 61: T.H.61 SB @ Beam Ave","state":"MN","provider":"Minnesota DOT","hls":"https://video.dot.state.mn.us/public/C1715.stream/playlist.m3u8","snapshot":"https://public.carsprogram.org/cameras/MN/C1715","refreshMs":30000,"attribution":"Ora (Warner Varnado) · Minnesota DOT"}},{"type":"Feature","geometry":{"type":"Point","coordinates":[-93.05084,45.02103]},"properties":{"id":"ora-mn-749","name":"US 61: T.H.61 NB @ Co Rd C","state":"MN","provider":"Minnesota DOT","hls":"https://video.dot.state.mn.us/public/C1714.stream/playlist.m3u8","snapshot":"https://public.carsprogram.org/cameras/MN/C1714","refreshMs":30000,"attribution":"Ora (Warner Varnado) · Minnesota DOT"}},{"type":"Feature","geometry":{"type":"Point","coordinates":[-93.05719,45.00811]},"properties":{"id":"ora-mn-750","name":"US 61: T.H.61 NB @ Co Rd B","state":"MN","provider":"Minnesota DOT","hls":"https://video.dot.state.mn.us/public/C1713.stream/playlist.m3u8","snapshot":"https://public.carsprogram.org/cameras/MN/C1713","refreshMs":30000,"attribution":"Ora (Warner Varnado) · Minnesota DOT"}},{"type":"Feature","geometry":{"type":"Point","coordinates":[-93.06514,44.99904]},"properties":{"id":"ora-mn-751","name":"US 61: T.H.61 NB @ Roselawn Ave","state":"MN","provider":"Minnesota DOT","hls":"https://video.dot.state.mn.us/public/C1712.stream/playlist.m3u8","snapshot":"https://public.carsprogram.org/cameras/MN/C1712","refreshMs":30000,"attribution":"Ora (Warner Varnado) · Minnesota DOT"}},{"type":"Feature","geometry":{"type":"Point","coordinates":[-93.06597,44.9946]},"properties":{"id":"ora-mn-752","name":"US 61: T.H.61 SB @ Frost Ave (Parkway Dr)","state":"MN","provider":"Minnesota DOT","hls":"https://video.dot.state.mn.us/public/C1711.stream/playlist.m3u8","snapshot":"https://public.carsprogram.org/cameras/MN/C1711","refreshMs":30000,"attribution":"Ora (Warner Varnado) · Minnesota DOT"}},{"type":"Feature","geometry":{"type":"Point","coordinates":[-93.04018,44.94698]},"properties":{"id":"ora-mn-753","name":"US 61: T.H.61 SB @ Warner Rd","state":"MN","provider":"Minnesota DOT","hls":"https://video.dot.state.mn.us/public/C1686.stream/playlist.m3u8","snapshot":"https://public.carsprogram.org/cameras/MN/C1686","refreshMs":30000,"attribution":"Ora (Warner Varnado) · Minnesota DOT"}},{"type":"Feature","geometry":{"type":"Point","coordinates":[-93.03233,44.93926]},"properties":{"id":"ora-mn-754","name":"US 61: T.H.61 NB S of Warner Rd","state":"MN","provider":"Minnesota DOT","hls":"https://video.dot.state.mn.us/public/C1685.stream/playlist.m3u8","snapshot":"https://public.carsprogram.org/cameras/MN/C1685","refreshMs":30000,"attribution":"Ora (Warner Varnado) · Minnesota DOT"}},{"type":"Feature","geometry":{"type":"Point","coordinates":[-93.02272,44.92852]},"properties":{"id":"ora-mn-755","name":"US 61: T.H.61 NB @ Lower Afton Rd","state":"MN","provider":"Minnesota DOT","hls":"https://video.dot.state.mn.us/public/C1684.stream/playlist.m3u8","snapshot":"https://public.carsprogram.org/cameras/MN/C1684","refreshMs":30000,"attribution":"Ora (Warner Varnado) · Minnesota DOT"}},{"type":"Feature","geometry":{"type":"Point","coordinates":[-93.01512,44.91624]},"properties":{"id":"ora-mn-756","name":"US 61: T.H.61 NB @ Highwood Ave","state":"MN","provider":"Minnesota DOT","hls":"https://video.dot.state.mn.us/public/C1683.stream/playlist.m3u8","snapshot":"https://public.carsprogram.org/cameras/MN/C1683","refreshMs":30000,"attribution":"Ora (Warner Varnado) · Minnesota DOT"}},{"type":"Feature","geometry":{"type":"Point","coordinates":[-93.01013,44.90168]},"properties":{"id":"ora-mn-757","name":"US 61: T.H.61 NB @ Carver Ave","state":"MN","provider":"Minnesota DOT","hls":"https://video.dot.state.mn.us/public/C1682.stream/playlist.m3u8","snapshot":"https://public.carsprogram.org/cameras/MN/C1682","refreshMs":30000,"attribution":"Ora (Warner Varnado) · Minnesota DOT"}},{"type":"Feature","geometry":{"type":"Point","coordinates":[-93.00666,44.89131]},"properties":{"id":"ora-mn-758","name":"US 61: T.H.61 NB @ Bailey Rd (Maxwell Av)","state":"MN","provider":"Minnesota DOT","hls":"https://video.dot.state.mn.us/public/C1681.stream/playlist.m3u8","snapshot":"https://public.carsprogram.org/cameras/MN/C1681","refreshMs":30000,"attribution":"Ora (Warner Varnado) · Minnesota DOT"}},{"type":"Feature","geometry":{"type":"Point","coordinates":[-93.00008,44.87148]},"properties":{"id":"ora-mn-759","name":"US 61: T.H.61 NB @ Glen Rd","state":"MN","provider":"Minnesota DOT","hls":"https://video.dot.state.mn.us/public/C1678.stream/playlist.m3u8","snapshot":"https://public.carsprogram.org/cameras/MN/C1678","refreshMs":30000,"attribution":"Ora (Warner Varnado) · Minnesota DOT"}},{"type":"Feature","geometry":{"type":"Point","coordinates":[-92.99784,44.86385]},"properties":{"id":"ora-mn-760","name":"US 61: T.H.61 NB S of Glen Rd","state":"MN","provider":"Minnesota DOT","hls":"https://video.dot.state.mn.us/public/C1677.stream/playlist.m3u8","snapshot":"https://public.carsprogram.org/cameras/MN/C1677","refreshMs":30000,"attribution":"Ora (Warner Varnado) · Minnesota DOT"}},{"type":"Feature","geometry":{"type":"Point","coordinates":[-92.99321,44.85407]},"properties":{"id":"ora-mn-761","name":"US 61: T.H.61 NB N of 70th St","state":"MN","provider":"Minnesota DOT","hls":"https://video.dot.state.mn.us/public/C30599.stream/playlist.m3u8","snapshot":"https://public.carsprogram.org/cameras/MN/C30599","refreshMs":30000,"attribution":"Ora (Warner Varnado) · Minnesota DOT"}},{"type":"Feature","geometry":{"type":"Point","coordinates":[-92.98642,44.84887]},"properties":{"id":"ora-mn-762","name":"US 61: T.H.61 NB @ 70th St","state":"MN","provider":"Minnesota DOT","hls":"https://video.dot.state.mn.us/public/C30600.stream/playlist.m3u8","snapshot":"https://public.carsprogram.org/cameras/MN/C30600","refreshMs":30000,"attribution":"Ora (Warner Varnado) · Minnesota DOT"}},{"type":"Feature","geometry":{"type":"Point","coordinates":[-92.97964,44.84462]},"properties":{"id":"ora-mn-763","name":"US 61: T.H.61 NB S of 70th St","state":"MN","provider":"Minnesota DOT","hls":"https://video.dot.state.mn.us/public/C1676.stream/playlist.m3u8","snapshot":"https://public.carsprogram.org/cameras/MN/C1676","refreshMs":30000,"attribution":"Ora (Warner Varnado) · Minnesota DOT"}},{"type":"Feature","geometry":{"type":"Point","coordinates":[-92.96483,44.8332]},"properties":{"id":"ora-mn-764","name":"US 61: T.H.61 SB @ 80th St","state":"MN","provider":"Minnesota DOT","hls":"https://video.dot.state.mn.us/public/C1675.stream/playlist.m3u8","snapshot":"https://public.carsprogram.org/cameras/MN/C1675","refreshMs":30000,"attribution":"Ora (Warner Varnado) · Minnesota DOT"}},{"type":"Feature","geometry":{"type":"Point","coordinates":[-92.96437,44.83283]},"properties":{"id":"ora-mn-765","name":"US 61: T.H.61 NB @ 80th St","state":"MN","provider":"Minnesota DOT","hls":null,"snapshot":"https://public.carsprogram.org/cameras/MN/C30774?1783724040000","refreshMs":30000,"attribution":"Ora (Warner Varnado) · Minnesota DOT"}},{"type":"Feature","geometry":{"type":"Point","coordinates":[-92.94964,44.82429]},"properties":{"id":"ora-mn-766","name":"US 61: T.H.61 NB S of 80th St","state":"MN","provider":"Minnesota DOT","hls":"https://video.dot.state.mn.us/public/C1674.stream/playlist.m3u8","snapshot":"https://public.carsprogram.org/cameras/MN/C1674","refreshMs":30000,"attribution":"Ora (Warner Varnado) · Minnesota DOT"}},{"type":"Feature","geometry":{"type":"Point","coordinates":[-92.93469,44.81557]},"properties":{"id":"ora-mn-767","name":"US 61: T.H.61 NB @ Jamaica Ave","state":"MN","provider":"Minnesota DOT","hls":"https://video.dot.state.mn.us/public/C1673.stream/playlist.m3u8","snapshot":"https://public.carsprogram.org/cameras/MN/C1673","refreshMs":30000,"attribution":"Ora (Warner Varnado) · Minnesota DOT"}},{"type":"Feature","geometry":{"type":"Point","coordinates":[-92.91287,44.80529]},"properties":{"id":"ora-mn-768","name":"US 61: T.H.61 NB @ Innovation Rd","state":"MN","provider":"Minnesota DOT","hls":"https://video.dot.state.mn.us/public/C1672.stream/playlist.m3u8","snapshot":"https://public.carsprogram.org/cameras/MN/C1672","refreshMs":30000,"attribution":"Ora (Warner Varnado) · Minnesota DOT"}},{"type":"Feature","geometry":{"type":"Point","coordinates":[-92.90076,44.79926]},"properties":{"id":"ora-mn-769","name":"US 61: T.H.61 NB S of Innovation Rd","state":"MN","provider":"Minnesota DOT","hls":"https://video.dot.state.mn.us/public/C1670.stream/playlist.m3u8","snapshot":"https://public.carsprogram.org/cameras/MN/C1670","refreshMs":30000,"attribution":"Ora (Warner Varnado) · Minnesota DOT"}},{"type":"Feature","geometry":{"type":"Point","coordinates":[-92.89012,44.79454]},"properties":{"id":"ora-mn-770","name":"US 61: T.H.61 NB N of Kingsborough Tr","state":"MN","provider":"Minnesota DOT","hls":"https://video.dot.state.mn.us/public/C1669.stream/playlist.m3u8","snapshot":"https://public.carsprogram.org/cameras/MN/C1669","refreshMs":30000,"attribution":"Ora (Warner Varnado) · Minnesota DOT"}},{"type":"Feature","geometry":{"type":"Point","coordinates":[-92.88144,44.78841]},"properties":{"id":"ora-mn-771","name":"US 61: T.H.61 NB @ Kingsborough Tr","state":"MN","provider":"Minnesota DOT","hls":"https://video.dot.state.mn.us/public/C1668.stream/playlist.m3u8","snapshot":"https://public.carsprogram.org/cameras/MN/C1668","refreshMs":30000,"attribution":"Ora (Warner Varnado) · Minnesota DOT"}},{"type":"Feature","geometry":{"type":"Point","coordinates":[-92.87411,44.78383]},"properties":{"id":"ora-mn-772","name":"US 61: T.H.61 NB N of T.H.95","state":"MN","provider":"Minnesota DOT","hls":"https://video.dot.state.mn.us/public/C1667.stream/playlist.m3u8","snapshot":"https://public.carsprogram.org/cameras/MN/C1667","refreshMs":30000,"attribution":"Ora (Warner Varnado) · Minnesota DOT"}},{"type":"Feature","geometry":{"type":"Point","coordinates":[-92.8592,44.76674]},"properties":{"id":"ora-mn-773","name":"US 61: T.H.61 SB @ T.H.10","state":"MN","provider":"Minnesota DOT","hls":"https://video.dot.state.mn.us/public/C1665.stream/playlist.m3u8","snapshot":"https://public.carsprogram.org/cameras/MN/C1665","refreshMs":30000,"attribution":"Ora (Warner Varnado) · Minnesota DOT"}},{"type":"Feature","geometry":{"type":"Point","coordinates":[-92.85457,44.76263]},"properties":{"id":"ora-mn-774","name":"US 61: T.H.61 NB S of T.H.10","state":"MN","provider":"Minnesota DOT","hls":"https://video.dot.state.mn.us/public/C1664.stream/playlist.m3u8","snapshot":"https://public.carsprogram.org/cameras/MN/C1664","refreshMs":30000,"attribution":"Ora (Warner Varnado) · Minnesota DOT"}},{"type":"Feature","geometry":{"type":"Point","coordinates":[-92.85308,44.75461]},"properties":{"id":"ora-mn-775","name":"US 61: T.H.61 NB (N of Mississippi River)","state":"MN","provider":"Minnesota DOT","hls":"https://video.dot.state.mn.us/public/C1663.stream/playlist.m3u8","snapshot":"https://public.carsprogram.org/cameras/MN/C1663","refreshMs":30000,"attribution":"Ora (Warner Varnado) · Minnesota DOT"}},{"type":"Feature","geometry":{"type":"Point","coordinates":[-92.85285,44.74687]},"properties":{"id":"ora-mn-776","name":"US 61: T.H.61 NB (Mississippi River)","state":"MN","provider":"Minnesota DOT","hls":"https://video.dot.state.mn.us/public/C1662.stream/playlist.m3u8","snapshot":"https://public.carsprogram.org/cameras/MN/C1662","refreshMs":30000,"attribution":"Ora (Warner Varnado) · Minnesota DOT"}},{"type":"Feature","geometry":{"type":"Point","coordinates":[-92.85265,44.7445]},"properties":{"id":"ora-mn-777","name":"US 61: T.H.61 NB @ 2nd St E","state":"MN","provider":"Minnesota DOT","hls":"https://video.dot.state.mn.us/public/C1661.stream/playlist.m3u8","snapshot":"https://public.carsprogram.org/cameras/MN/C1661","refreshMs":30000,"attribution":"Ora (Warner Varnado) · Minnesota DOT"}},{"type":"Feature","geometry":{"type":"Point","coordinates":[-92.85251,44.74224]},"properties":{"id":"ora-mn-778","name":"US 61: T.H.61 SB @ 4th St E","state":"MN","provider":"Minnesota DOT","hls":"https://video.dot.state.mn.us/public/C1660.stream/playlist.m3u8","snapshot":"https://public.carsprogram.org/cameras/MN/C1660","refreshMs":30000,"attribution":"Ora (Warner Varnado) · Minnesota DOT"}},{"type":"Feature","geometry":{"type":"Point","coordinates":[-92.85252,44.73647]},"properties":{"id":"ora-mn-779","name":"US 61: T.H.61 SB @ 10th St EB","state":"MN","provider":"Minnesota DOT","hls":"https://video.dot.state.mn.us/public/C30093.stream/playlist.m3u8","snapshot":"https://public.carsprogram.org/cameras/MN/C30093","refreshMs":30000,"attribution":"Ora (Warner Varnado) · Minnesota DOT"}},{"type":"Feature","geometry":{"type":"Point","coordinates":[-92.85252,44.73487]},"properties":{"id":"ora-mn-780","name":"US 61: T.H.61 SB @ T.H.55 EB","state":"MN","provider":"Minnesota DOT","hls":"https://video.dot.state.mn.us/public/C30094.stream/playlist.m3u8","snapshot":"https://public.carsprogram.org/cameras/MN/C30094","refreshMs":30000,"attribution":"Ora (Warner Varnado) · Minnesota DOT"}},{"type":"Feature","geometry":{"type":"Point","coordinates":[-92.85248,44.7311]},"properties":{"id":"ora-mn-781","name":"US 61: T.H.61 NB @ 15th St WB","state":"MN","provider":"Minnesota DOT","hls":"https://video.dot.state.mn.us/public/C30095.stream/playlist.m3u8","snapshot":"https://public.carsprogram.org/cameras/MN/C30095","refreshMs":30000,"attribution":"Ora (Warner Varnado) · Minnesota DOT"}},{"type":"Feature","geometry":{"type":"Point","coordinates":[-92.8523,44.72439]},"properties":{"id":"ora-mn-782","name":"US 61: T.H.61 SB @ C.S.A.H.46 EB (CR-47)","state":"MN","provider":"Minnesota DOT","hls":"https://video.dot.state.mn.us/public/C30096.stream/playlist.m3u8","snapshot":"https://public.carsprogram.org/cameras/MN/C30096","refreshMs":30000,"attribution":"Ora (Warner Varnado) · Minnesota DOT"}},{"type":"Feature","geometry":{"type":"Point","coordinates":[-92.69782,44.60089]},"properties":{"id":"ora-mn-783","name":"US 61: U.S.61 (Red Wing - MP 101): U.S.61 (Red Wing - MP 101) View 1","state":"MN","provider":"Minnesota DOT","hls":null,"snapshot":"https://public.carsprogram.org/cameras/MN/C30367-v1?1783724040000","refreshMs":30000,"attribution":"Ora (Warner Varnado) · Minnesota DOT"}},{"type":"Feature","geometry":{"type":"Point","coordinates":[-92.58382,44.5676]},"properties":{"id":"ora-mn-784","name":"US 61: T.H.61 EB @ Tyler Rd","state":"MN","provider":"Minnesota DOT","hls":null,"snapshot":"https://public.carsprogram.org/cameras/MN/C30803?1783724040000","refreshMs":30000,"attribution":"Ora (Warner Varnado) · Minnesota DOT"}},{"type":"Feature","geometry":{"type":"Point","coordinates":[-91.98901,44.28477]},"properties":{"id":"ora-mn-785","name":"US 61: U.S.61 (Kellogg - MP 53): U.S.61 (Kellogg - MP 53) View 1","state":"MN","provider":"Minnesota DOT","hls":null,"snapshot":"https://public.carsprogram.org/cameras/MN/C30441-v1?1783724040000","refreshMs":30000,"attribution":"Ora (Warner Varnado) · Minnesota DOT"}},{"type":"Feature","geometry":{"type":"Point","coordinates":[-91.30671,43.85804]},"properties":{"id":"ora-mn-786","name":"US 61: U.S.61 SB @ I-90","state":"MN","provider":"Minnesota DOT","hls":null,"snapshot":"https://public.carsprogram.org/cameras/MN/D6-C339?1783724040000","refreshMs":30000,"attribution":"Ora (Warner Varnado) · Minnesota DOT"}},{"type":"Feature","geometry":{"type":"Point","coordinates":[-91.30092,43.85297]},"properties":{"id":"ora-mn-787","name":"US 61: U.S.61 NB S of I-90","state":"MN","provider":"Minnesota DOT","hls":null,"snapshot":"https://public.carsprogram.org/cameras/MN/D6-C341?1783724040000","refreshMs":30000,"attribution":"Ora (Warner Varnado) · Minnesota DOT"}},{"type":"Feature","geometry":{"type":"Point","coordinates":[-96.7989,48.90544]},"properties":{"id":"ora-mn-788","name":"US 59: U.S.59 (Lancaster - MP 421.9): U.S.59 (Lancaster - MP 421.9) View 1","state":"MN","provider":"Minnesota DOT","hls":null,"snapshot":"https://public.carsprogram.org/cameras/MN/C30393-v1?1783724040000","refreshMs":30000,"attribution":"Ora (Warner Varnado) · Minnesota DOT"}},{"type":"Feature","geometry":{"type":"Point","coordinates":[-96.20719,48.17651]},"properties":{"id":"ora-mn-789","name":"US 59: U.S.59 (Thief River F - MP 363.4): U.S.59 (Thief River F - MP 363.4) View 1","state":"MN","provider":"Minnesota DOT","hls":null,"snapshot":"https://public.carsprogram.org/cameras/MN/C30395-v1?1783724040000","refreshMs":30000,"attribution":"Ora (Warner Varnado) · Minnesota DOT"}},{"type":"Feature","geometry":{"type":"Point","coordinates":[-96.00079,47.76911]},"properties":{"id":"ora-mn-790","name":"US 59: U.S.59 (Brooks - MP 331): U.S.59 (Brooks - MP 331) View 1","state":"MN","provider":"Minnesota DOT","hls":null,"snapshot":"https://public.carsprogram.org/cameras/MN/C30440-v1?1783724040000","refreshMs":30000,"attribution":"Ora (Warner Varnado) · Minnesota DOT"}},{"type":"Feature","geometry":{"type":"Point","coordinates":[-95.93338,47.27418]},"properties":{"id":"ora-mn-791","name":"US 59: U.S.59 (Mahnomen - MP 296): U.S.59 (Mahnomen - MP 296) View 1","state":"MN","provider":"Minnesota DOT","hls":null,"snapshot":"https://public.carsprogram.org/cameras/MN/C30364-v1?1783724040000","refreshMs":30000,"attribution":"Ora (Warner Varnado) · Minnesota DOT"}},{"type":"Feature","geometry":{"type":"Point","coordinates":[-92.97005,48.29425]},"properties":{"id":"ora-mn-792","name":"US 53: U.S.53 (Ash Lake - MP 129): U.S.53 (Ash Lake - MP 129) View 1","state":"MN","provider":"Minnesota DOT","hls":null,"snapshot":"https://public.carsprogram.org/cameras/MN/C30427-v1?1783724040000","refreshMs":30000,"attribution":"Ora (Warner Varnado) · Minnesota DOT"}},{"type":"Feature","geometry":{"type":"Point","coordinates":[-92.77454,47.89161]},"properties":{"id":"ora-mn-793","name":"US 53: T.H.53 (Cook - MP 97.5): T.H.53 (Cook - MP 97.5) View 1","state":"MN","provider":"Minnesota DOT","hls":null,"snapshot":"https://public.carsprogram.org/cameras/MN/C30435-v1?1783724040000","refreshMs":30000,"attribution":"Ora (Warner Varnado) · Minnesota DOT"}},{"type":"Feature","geometry":{"type":"Point","coordinates":[-92.55158,47.51009]},"properties":{"id":"ora-mn-794","name":"US 53: T.H.53 SB @ 12th Ave NB","state":"MN","provider":"Minnesota DOT","hls":"https://video.dot.state.mn.us/public/C30047.stream/playlist.m3u8","snapshot":"https://public.carsprogram.org/cameras/MN/C30047","refreshMs":30000,"attribution":"Ora (Warner Varnado) · Minnesota DOT"}},{"type":"Feature","geometry":{"type":"Point","coordinates":[-92.52615,47.51551]},"properties":{"id":"ora-mn-795","name":"US 53: T.H.53 NB (N End Virginia Bridge)","state":"MN","provider":"Minnesota DOT","hls":"https://video.dot.state.mn.us/public/C30019.stream/playlist.m3u8","snapshot":"https://public.carsprogram.org/cameras/MN/C30019","refreshMs":30000,"attribution":"Ora (Warner Varnado) · Minnesota DOT"}},{"type":"Feature","geometry":{"type":"Point","coordinates":[-92.52186,47.51597]},"properties":{"id":"ora-mn-796","name":"US 53: T.H.53 (S End Virginia Bridge)","state":"MN","provider":"Minnesota DOT","hls":"https://video.dot.state.mn.us/public/C30018.stream/playlist.m3u8","snapshot":"https://public.carsprogram.org/cameras/MN/C30018","refreshMs":30000,"attribution":"Ora (Warner Varnado) · Minnesota DOT"}},{"type":"Feature","geometry":{"type":"Point","coordinates":[-92.53025,47.47939]},"properties":{"id":"ora-mn-797","name":"US 53: T.H.53 SB N of Progress Park Pkwy","state":"MN","provider":"Minnesota DOT","hls":"https://video.dot.state.mn.us/public/C30672.stream/playlist.m3u8","snapshot":"https://public.carsprogram.org/cameras/MN/C30672","refreshMs":30000,"attribution":"Ora (Warner Varnado) · Minnesota DOT"}},{"type":"Feature","geometry":{"type":"Point","coordinates":[-92.52691,47.47111]},"properties":{"id":"ora-mn-798","name":"US 53: T.H.53 NB S of Progress Park Pkwy","state":"MN","provider":"Minnesota DOT","hls":"https://video.dot.state.mn.us/public/C30673.stream/playlist.m3u8","snapshot":"https://public.carsprogram.org/cameras/MN/C30673","refreshMs":30000,"attribution":"Ora (Warner Varnado) · Minnesota DOT"}},{"type":"Feature","geometry":{"type":"Point","coordinates":[-92.48805,47.21123]},"properties":{"id":"ora-mn-799","name":"US 53: U.S.52 (Cotton - MP 42): U.S.52 (Cotton - MP 42) View 1","state":"MN","provider":"Minnesota DOT","hls":null,"snapshot":"https://public.carsprogram.org/cameras/MN/C30426-v1?1783724040000","refreshMs":30000,"attribution":"Ora (Warner Varnado) · Minnesota DOT"}},{"type":"Feature","geometry":{"type":"Point","coordinates":[-92.41255,46.92408]},"properties":{"id":"ora-mn-800","name":"US 53: U.S.53 (Twig - MP 20): U.S.53 (Twig - MP 20) View 1","state":"MN","provider":"Minnesota DOT","hls":null,"snapshot":"https://public.carsprogram.org/cameras/MN/C30463-v1?1783724040000","refreshMs":30000,"attribution":"Ora (Warner Varnado) · Minnesota DOT"}},{"type":"Feature","geometry":{"type":"Point","coordinates":[-92.15651,46.79474]},"properties":{"id":"ora-mn-801","name":"US 53: U.S.52 (Anderson Rd - MP 6): U.S.52 (Anderson Rd - MP 6) View 1","state":"MN","provider":"Minnesota DOT","hls":null,"snapshot":"https://public.carsprogram.org/cameras/MN/C30366-v1?1783724040000","refreshMs":30000,"attribution":"Ora (Warner Varnado) · Minnesota DOT"}},{"type":"Feature","geometry":{"type":"Point","coordinates":[-92.13795,46.77191]},"properties":{"id":"ora-mn-802","name":"US 53: U.S.53 @ Piedmont Ave (MP 2.7): U.S.53 @ Piedmont Ave (MP 2.7) View 1","state":"MN","provider":"Minnesota DOT","hls":null,"snapshot":"https://public.carsprogram.org/cameras/MN/C30568-v1?1783724040000","refreshMs":30000,"attribution":"Ora (Warner Varnado) · Minnesota DOT"}},{"type":"Feature","geometry":{"type":"Point","coordinates":[-92.13003,46.77121]},"properties":{"id":"ora-mn-803","name":"US 53: T.H.53 SB @ 6th St","state":"MN","provider":"Minnesota DOT","hls":"https://video.dot.state.mn.us/public/C30551.stream/playlist.m3u8","snapshot":"https://public.carsprogram.org/cameras/MN/C30551","refreshMs":30000,"attribution":"Ora (Warner Varnado) · Minnesota DOT"}},{"type":"Feature","geometry":{"type":"Point","coordinates":[-92.12493,46.77029]},"properties":{"id":"ora-mn-804","name":"US 53: T.H.53 NB N of 20th Ave","state":"MN","provider":"Minnesota DOT","hls":"https://video.dot.state.mn.us/public/C30550.stream/playlist.m3u8","snapshot":"https://public.carsprogram.org/cameras/MN/C30550","refreshMs":30000,"attribution":"Ora (Warner Varnado) · Minnesota DOT"}},{"type":"Feature","geometry":{"type":"Point","coordinates":[-93.07943,44.95314]},"properties":{"id":"ora-mn-805","name":"US 52: T.H.52 NB @ I-94 WB","state":"MN","provider":"Minnesota DOT","hls":"https://video.dot.state.mn.us/public/C562.stream/playlist.m3u8","snapshot":"https://public.carsprogram.org/cameras/MN/C562","refreshMs":30000,"attribution":"Ora (Warner Varnado) · Minnesota DOT"}},{"type":"Feature","geometry":{"type":"Point","coordinates":[-93.07552,44.94017]},"properties":{"id":"ora-mn-806","name":"US 52: T.H.52 NB @ Plato Blvd","state":"MN","provider":"Minnesota DOT","hls":"https://video.dot.state.mn.us/public/C561.stream/playlist.m3u8","snapshot":"https://public.carsprogram.org/cameras/MN/C561","refreshMs":30000,"attribution":"Ora (Warner Varnado) · Minnesota DOT"}},{"type":"Feature","geometry":{"type":"Point","coordinates":[-93.07189,44.93319]},"properties":{"id":"ora-mn-807","name":"US 52: T.H.52 NB @ Eaton St","state":"MN","provider":"Minnesota DOT","hls":"https://video.dot.state.mn.us/public/C560.stream/playlist.m3u8","snapshot":"https://public.carsprogram.org/cameras/MN/C560","refreshMs":30000,"attribution":"Ora (Warner Varnado) · Minnesota DOT"}},{"type":"Feature","geometry":{"type":"Point","coordinates":[-93.07016,44.9282]},"properties":{"id":"ora-mn-808","name":"US 52: T.H.52 SB @ Concord St","state":"MN","provider":"Minnesota DOT","hls":"https://video.dot.state.mn.us/public/C559.stream/playlist.m3u8","snapshot":"https://public.carsprogram.org/cameras/MN/C559","refreshMs":30000,"attribution":"Ora (Warner Varnado) · Minnesota DOT"}},{"type":"Feature","geometry":{"type":"Point","coordinates":[-93.06362,44.91725]},"properties":{"id":"ora-mn-809","name":"US 52: T.H.52 NB N of Butler Ave","state":"MN","provider":"Minnesota DOT","hls":"https://video.dot.state.mn.us/public/C558.stream/playlist.m3u8","snapshot":"/images/icon-camera-closed-fill-solid-padded.svg","refreshMs":30000,"attribution":"Ora (Warner Varnado) · Minnesota DOT"}},{"type":"Feature","geometry":{"type":"Point","coordinates":[-93.06422,44.9122]},"properties":{"id":"ora-mn-810","name":"US 52: T.H.52 NB @ Butler Ave","state":"MN","provider":"Minnesota DOT","hls":"https://video.dot.state.mn.us/public/C557.stream/playlist.m3u8","snapshot":"https://public.carsprogram.org/cameras/MN/C557","refreshMs":30000,"attribution":"Ora (Warner Varnado) · Minnesota DOT"}},{"type":"Feature","geometry":{"type":"Point","coordinates":[-93.06547,44.90139]},"properties":{"id":"ora-mn-811","name":"US 52: T.H.52 NB @ Thompson Ave","state":"MN","provider":"Minnesota DOT","hls":"https://video.dot.state.mn.us/public/C556.stream/playlist.m3u8","snapshot":"https://public.carsprogram.org/cameras/MN/C556","refreshMs":30000,"attribution":"Ora (Warner Varnado) · Minnesota DOT"}},{"type":"Feature","geometry":{"type":"Point","coordinates":[-93.06621,44.89163]},"properties":{"id":"ora-mn-812","name":"US 52: T.H.52 SB @ Marie Ave","state":"MN","provider":"Minnesota DOT","hls":"https://video.dot.state.mn.us/public/C30716.stream/playlist.m3u8","snapshot":"https://public.carsprogram.org/cameras/MN/C30716","refreshMs":30000,"attribution":"Ora (Warner Varnado) · Minnesota DOT"}},{"type":"Feature","geometry":{"type":"Point","coordinates":[-93.06549,44.88734]},"properties":{"id":"ora-mn-813","name":"US 52: T.H.52 SB @ Southview Blvd","state":"MN","provider":"Minnesota DOT","hls":"https://video.dot.state.mn.us/public/C555.stream/playlist.m3u8","snapshot":"https://public.carsprogram.org/cameras/MN/C555","refreshMs":30000,"attribution":"Ora (Warner Varnado) · Minnesota DOT"}},{"type":"Feature","geometry":{"type":"Point","coordinates":[-93.06364,44.88526]},"properties":{"id":"ora-mn-814","name":"US 52: T.H.52 SB @ Southview Blvd (West ramps)","state":"MN","provider":"Minnesota DOT","hls":"https://video.dot.state.mn.us/public/C30054.stream/playlist.m3u8","snapshot":"https://public.carsprogram.org/cameras/MN/C30054","refreshMs":30000,"attribution":"Ora (Warner Varnado) · Minnesota DOT"}},{"type":"Feature","geometry":{"type":"Point","coordinates":[-93.06323,44.88484]},"properties":{"id":"ora-mn-815","name":"US 52: T.H.52 NB @ Southview Blvd (East ramps)","state":"MN","provider":"Minnesota DOT","hls":"https://video.dot.state.mn.us/public/C30053.stream/playlist.m3u8","snapshot":"https://public.carsprogram.org/cameras/MN/C30053","refreshMs":30000,"attribution":"Ora (Warner Varnado) · Minnesota DOT"}},{"type":"Feature","geometry":{"type":"Point","coordinates":[-93.06054,44.87418]},"properties":{"id":"ora-mn-816","name":"US 52: T.H.52 NB @ I-494","state":"MN","provider":"Minnesota DOT","hls":"https://video.dot.state.mn.us/public/C554.stream/playlist.m3u8","snapshot":"https://public.carsprogram.org/cameras/MN/C554","refreshMs":30000,"attribution":"Ora (Warner Varnado) · Minnesota DOT"}},{"type":"Feature","geometry":{"type":"Point","coordinates":[-93.05966,44.8653]},"properties":{"id":"ora-mn-817","name":"US 52: T.H.52 NB @ Upper 55th St","state":"MN","provider":"Minnesota DOT","hls":"https://video.dot.state.mn.us/public/C553.stream/playlist.m3u8","snapshot":"https://public.carsprogram.org/cameras/MN/C553","refreshMs":30000,"attribution":"Ora (Warner Varnado) · Minnesota DOT"}},{"type":"Feature","geometry":{"type":"Point","coordinates":[-93.05955,44.84801]},"properties":{"id":"ora-mn-818","name":"US 52: T.H.52 NB @ 70th St","state":"MN","provider":"Minnesota DOT","hls":"https://video.dot.state.mn.us/public/C552.stream/playlist.m3u8","snapshot":"https://public.carsprogram.org/cameras/MN/C552","refreshMs":30000,"attribution":"Ora (Warner Varnado) · Minnesota DOT"}},{"type":"Feature","geometry":{"type":"Point","coordinates":[-93.05937,44.83358]},"properties":{"id":"ora-mn-819","name":"US 52: T.H.52 SB @ 80th St","state":"MN","provider":"Minnesota DOT","hls":"https://video.dot.state.mn.us/public/C551.stream/playlist.m3u8","snapshot":"https://public.carsprogram.org/cameras/MN/C551","refreshMs":30000,"attribution":"Ora (Warner Varnado) · Minnesota DOT"}},{"type":"Feature","geometry":{"type":"Point","coordinates":[-93.04443,44.81599]},"properties":{"id":"ora-mn-820","name":"US 52: Concord Blvd NB @ Broderick Blvd","state":"MN","provider":"Minnesota DOT","hls":"https://video.dot.state.mn.us/public/C30055.stream/playlist.m3u8","snapshot":"https://public.carsprogram.org/cameras/MN/C30055","refreshMs":30000,"attribution":"Ora (Warner Varnado) · Minnesota DOT"}},{"type":"Feature","geometry":{"type":"Point","coordinates":[-93.04215,44.81394]},"properties":{"id":"ora-mn-821","name":"US 52: T.H.52 NB @ Concord Blvd (MP 120.8)","state":"MN","provider":"Minnesota DOT","hls":"https://video.dot.state.mn.us/public/C30137.stream/playlist.m3u8","snapshot":"https://public.carsprogram.org/cameras/MN/C30137","refreshMs":30000,"attribution":"Ora (Warner Varnado) · Minnesota DOT"}},{"type":"Feature","geometry":{"type":"Point","coordinates":[-93.03737,44.79487]},"properties":{"id":"ora-mn-822","name":"US 52: T.H.52 SB @ Briggs Dr (MP 119.5)","state":"MN","provider":"Minnesota DOT","hls":"https://video.dot.state.mn.us/public/C30136.stream/playlist.m3u8","snapshot":"https://public.carsprogram.org/cameras/MN/C30136","refreshMs":30000,"attribution":"Ora (Warner Varnado) · Minnesota DOT"}},{"type":"Feature","geometry":{"type":"Point","coordinates":[-93.03469,44.77881]},"properties":{"id":"ora-mn-823","name":"US 52: T.H.52 SB @ 117th St WB","state":"MN","provider":"Minnesota DOT","hls":"https://video.dot.state.mn.us/public/C30164.stream/playlist.m3u8","snapshot":"https://public.carsprogram.org/cameras/MN/C30164","refreshMs":30000,"attribution":"Ora (Warner Varnado) · Minnesota DOT"}},{"type":"Feature","geometry":{"type":"Point","coordinates":[-93.03468,44.77802]},"properties":{"id":"ora-mn-824","name":"US 52: T.H.52 NB @ 117th St (MP 118.3)","state":"MN","provider":"Minnesota DOT","hls":"https://video.dot.state.mn.us/public/C30135.stream/playlist.m3u8","snapshot":"https://public.carsprogram.org/cameras/MN/C30135","refreshMs":30000,"attribution":"Ora (Warner Varnado) · Minnesota DOT"}},{"type":"Feature","geometry":{"type":"Point","coordinates":[-93.03468,44.77773]},"properties":{"id":"ora-mn-825","name":"US 52: T.H.52 NB @ 117th St WB","state":"MN","provider":"Minnesota DOT","hls":"https://video.dot.state.mn.us/public/C30165.stream/playlist.m3u8","snapshot":"https://public.carsprogram.org/cameras/MN/C30165","refreshMs":30000,"attribution":"Ora (Warner Varnado) · Minnesota DOT"}},{"type":"Feature","geometry":{"type":"Point","coordinates":[-93.03362,44.76457]},"properties":{"id":"ora-mn-826","name":"US 52: T.H.52 NB @ T.H.55 (MP 117.4)","state":"MN","provider":"Minnesota DOT","hls":"https://video.dot.state.mn.us/public/C30134.stream/playlist.m3u8","snapshot":"https://public.carsprogram.org/cameras/MN/C30134","refreshMs":30000,"attribution":"Ora (Warner Varnado) · Minnesota DOT"}},{"type":"Feature","geometry":{"type":"Point","coordinates":[-93.0348,44.73511]},"properties":{"id":"ora-mn-827","name":"US 52: T.H.52 SB S of Co Rd 42 (145th St - MP 115.2)","state":"MN","provider":"Minnesota DOT","hls":"https://video.dot.state.mn.us/public/C30133.stream/playlist.m3u8","snapshot":"https://public.carsprogram.org/cameras/MN/C30133","refreshMs":30000,"attribution":"Ora (Warner Varnado) · Minnesota DOT"}},{"type":"Feature","geometry":{"type":"Point","coordinates":[-93.03239,44.711]},"properties":{"id":"ora-mn-828","name":"US 52: T.H.52 SB @ Co Rd 46 (MP 113.4)","state":"MN","provider":"Minnesota DOT","hls":"https://video.dot.state.mn.us/public/C30132.stream/playlist.m3u8","snapshot":"https://public.carsprogram.org/cameras/MN/C30132","refreshMs":30000,"attribution":"Ora (Warner Varnado) · Minnesota DOT"}},{"type":"Feature","geometry":{"type":"Point","coordinates":[-93.02074,44.68868]},"properties":{"id":"ora-mn-829","name":"US 52: T.H.52 NB @ 180th St (MP 112)","state":"MN","provider":"Minnesota DOT","hls":"https://video.dot.state.mn.us/public/C30131.stream/playlist.m3u8","snapshot":"https://public.carsprogram.org/cameras/MN/C30131","refreshMs":30000,"attribution":"Ora (Warner Varnado) · Minnesota DOT"}},{"type":"Feature","geometry":{"type":"Point","coordinates":[-93.01034,44.66726]},"properties":{"id":"ora-mn-830","name":"US 52: T.H.52 SB N of 200th St (MP 110.4)","state":"MN","provider":"Minnesota DOT","hls":"https://video.dot.state.mn.us/public/C30130.stream/playlist.m3u8","snapshot":"https://public.carsprogram.org/cameras/MN/C30130","refreshMs":30000,"attribution":"Ora (Warner Varnado) · Minnesota DOT"}},{"type":"Feature","geometry":{"type":"Point","coordinates":[-93.00957,44.66567]},"properties":{"id":"ora-mn-831","name":"US 52: T.H.52 (Coates - MP 110.4): T.H.52 (Coates - MP 110.4) View 1","state":"MN","provider":"Minnesota DOT","hls":null,"snapshot":"https://public.carsprogram.org/cameras/MN/C30378-v1?1783724040000","refreshMs":30000,"attribution":"Ora (Warner Varnado) · Minnesota DOT"}},{"type":"Feature","geometry":{"type":"Point","coordinates":[-92.99673,44.64431]},"properties":{"id":"ora-mn-832","name":"US 52: T.H.52 NB @ 210th St (MP 108.7)","state":"MN","provider":"Minnesota DOT","hls":"https://video.dot.state.mn.us/public/C30129.stream/playlist.m3u8","snapshot":"https://public.carsprogram.org/cameras/MN/C30129","refreshMs":30000,"attribution":"Ora (Warner Varnado) · Minnesota DOT"}},{"type":"Feature","geometry":{"type":"Point","coordinates":[-92.99449,44.63647]},"properties":{"id":"ora-mn-833","name":"US 52: T.H.52 SB S of 215th St (MP 108)","state":"MN","provider":"Minnesota DOT","hls":"https://video.dot.state.mn.us/public/C30128.stream/playlist.m3u8","snapshot":"https://public.carsprogram.org/cameras/MN/C30128","refreshMs":30000,"attribution":"Ora (Warner Varnado) · Minnesota DOT"}},{"type":"Feature","geometry":{"type":"Point","coordinates":[-92.99384,44.60271]},"properties":{"id":"ora-mn-834","name":"US 52: T.H.52 SB @ T.H.50 (MP 105.8)","state":"MN","provider":"Minnesota DOT","hls":"https://video.dot.state.mn.us/public/C30127.stream/playlist.m3u8","snapshot":"https://public.carsprogram.org/cameras/MN/C30127","refreshMs":30000,"attribution":"Ora (Warner Varnado) · Minnesota DOT"}},{"type":"Feature","geometry":{"type":"Point","coordinates":[-92.98293,44.58686]},"properties":{"id":"ora-mn-835","name":"US 52: T.H.52 NB @ 250th St (MP 104.6)","state":"MN","provider":"Minnesota DOT","hls":"https://video.dot.state.mn.us/public/C30126.stream/playlist.m3u8","snapshot":"https://public.carsprogram.org/cameras/MN/C30126","refreshMs":30000,"attribution":"Ora (Warner Varnado) · Minnesota DOT"}},{"type":"Feature","geometry":{"type":"Point","coordinates":[-92.97284,44.57967]},"properties":{"id":"ora-mn-836","name":"US 52: T.H.52 NB @ Fischer Ave (MP 103.8)","state":"MN","provider":"Minnesota DOT","hls":"https://video.dot.state.mn.us/public/C30125.stream/playlist.m3u8","snapshot":"https://public.carsprogram.org/cameras/MN/C30125","refreshMs":30000,"attribution":"Ora (Warner Varnado) · Minnesota DOT"}},{"type":"Feature","geometry":{"type":"Point","coordinates":[-92.95523,44.56659]},"properties":{"id":"ora-mn-837","name":"US 52: T.H.52 NB @ Goodwin Ave (MP 102.5)","state":"MN","provider":"Minnesota DOT","hls":"https://video.dot.state.mn.us/public/C30124.stream/playlist.m3u8","snapshot":"https://public.carsprogram.org/cameras/MN/C30124","refreshMs":30000,"attribution":"Ora (Warner Varnado) · Minnesota DOT"}},{"type":"Feature","geometry":{"type":"Point","coordinates":[-92.94122,44.54217]},"properties":{"id":"ora-mn-838","name":"US 52: T.H.52 NB @ Co Rd 86 (MP 100.7)","state":"MN","provider":"Minnesota DOT","hls":"https://video.dot.state.mn.us/public/C30123.stream/playlist.m3u8","snapshot":"https://public.carsprogram.org/cameras/MN/C30123","refreshMs":30000,"attribution":"Ora (Warner Varnado) · Minnesota DOT"}},{"type":"Feature","geometry":{"type":"Point","coordinates":[-92.92774,44.52598]},"properties":{"id":"ora-mn-839","name":"US 52: T.H.52 NB N of Co Rd 88 (MP 99.5)","state":"MN","provider":"Minnesota DOT","hls":"https://video.dot.state.mn.us/public/C30122.stream/playlist.m3u8","snapshot":"https://public.carsprogram.org/cameras/MN/C30122","refreshMs":30000,"attribution":"Ora (Warner Varnado) · Minnesota DOT"}},{"type":"Feature","geometry":{"type":"Point","coordinates":[-92.90876,44.4922]},"properties":{"id":"ora-mn-840","name":"US 52: T.H.52 SB S of T.H.19 (MP 96.8)","state":"MN","provider":"Minnesota DOT","hls":"https://video.dot.state.mn.us/public/C30120.stream/playlist.m3u8","snapshot":"https://public.carsprogram.org/cameras/MN/C30120","refreshMs":30000,"attribution":"Ora (Warner Varnado) · Minnesota DOT"}},{"type":"Feature","geometry":{"type":"Point","coordinates":[-92.9073,44.48177]},"properties":{"id":"ora-mn-841","name":"US 52: T.H.52 SB @ Co Rd 24 EB (MP 96.1)","state":"MN","provider":"Minnesota DOT","hls":"https://video.dot.state.mn.us/public/C30119.stream/playlist.m3u8","snapshot":"https://public.carsprogram.org/cameras/MN/C30119","refreshMs":30000,"attribution":"Ora (Warner Varnado) · Minnesota DOT"}},{"type":"Feature","geometry":{"type":"Point","coordinates":[-92.90537,44.46261]},"properties":{"id":"ora-mn-842","name":"US 52: T.H.52 SB S of Highview Rd (MP 94.8)","state":"MN","provider":"Minnesota DOT","hls":"https://video.dot.state.mn.us/public/C30118.stream/playlist.m3u8","snapshot":"https://public.carsprogram.org/cameras/MN/C30118","refreshMs":30000,"attribution":"Ora (Warner Varnado) · Minnesota DOT"}},{"type":"Feature","geometry":{"type":"Point","coordinates":[-92.89785,44.45163]},"properties":{"id":"ora-mn-843","name":"US 52: T.H.52 NB @ Skunk Hollow Tr (MP 94)","state":"MN","provider":"Minnesota DOT","hls":"https://video.dot.state.mn.us/public/C30117.stream/playlist.m3u8","snapshot":"https://public.carsprogram.org/cameras/MN/C30117","refreshMs":30000,"attribution":"Ora (Warner Varnado) · Minnesota DOT"}},{"type":"Feature","geometry":{"type":"Point","coordinates":[-92.88522,44.43888]},"properties":{"id":"ora-mn-844","name":"US 52: T.H.52 NB @ Wagner Hill Way (MP 93)","state":"MN","provider":"Minnesota DOT","hls":"https://video.dot.state.mn.us/public/C30116.stream/playlist.m3u8","snapshot":"https://public.carsprogram.org/cameras/MN/C30116","refreshMs":30000,"attribution":"Ora (Warner Varnado) · Minnesota DOT"}},{"type":"Feature","geometry":{"type":"Point","coordinates":[-92.87651,44.42263]},"properties":{"id":"ora-mn-845","name":"US 52: T.H.52 NB N of Co Rd 1 (MP 91.8)","state":"MN","provider":"Minnesota DOT","hls":"https://video.dot.state.mn.us/public/C30115.stream/playlist.m3u8","snapshot":"https://public.carsprogram.org/cameras/MN/C30115","refreshMs":30000,"attribution":"Ora (Warner Varnado) · Minnesota DOT"}},{"type":"Feature","geometry":{"type":"Point","coordinates":[-92.86379,44.41366]},"properties":{"id":"ora-mn-846","name":"US 52: U.S.52 (Cannon Falls - MP 90): U.S.52 (Cannon Falls - MP 90) View 1","state":"MN","provider":"Minnesota DOT","hls":null,"snapshot":"https://public.carsprogram.org/cameras/MN/C30362-v1?1783724040000","refreshMs":30000,"attribution":"Ora (Warner Varnado) · Minnesota DOT"}},{"type":"Feature","geometry":{"type":"Point","coordinates":[-92.8584,44.40983]},"properties":{"id":"ora-mn-847","name":"US 52: T.H.52 NB N of 90th Ave (MP 90)","state":"MN","provider":"Minnesota DOT","hls":"https://video.dot.state.mn.us/public/C30114.stream/playlist.m3u8","snapshot":"https://public.carsprogram.org/cameras/MN/C30114","refreshMs":30000,"attribution":"Ora (Warner Varnado) · Minnesota DOT"}},{"type":"Feature","geometry":{"type":"Point","coordinates":[-92.84376,44.39944]},"properties":{"id":"ora-mn-848","name":"US 52: T.H.52 NB @ C.S.A.H.9 (MP 89)","state":"MN","provider":"Minnesota DOT","hls":"https://video.dot.state.mn.us/public/C30113.stream/playlist.m3u8","snapshot":"https://public.carsprogram.org/cameras/MN/C30113","refreshMs":30000,"attribution":"Ora (Warner Varnado) · Minnesota DOT"}},{"type":"Feature","geometry":{"type":"Point","coordinates":[-92.8306,44.38987]},"properties":{"id":"ora-mn-849","name":"US 52: T.H.52 NB @ 100th Ave (MP 88)","state":"MN","provider":"Minnesota DOT","hls":"https://video.dot.state.mn.us/public/C30112.stream/playlist.m3u8","snapshot":"https://public.carsprogram.org/cameras/MN/C30112","refreshMs":30000,"attribution":"Ora (Warner Varnado) · Minnesota DOT"}},{"type":"Feature","geometry":{"type":"Point","coordinates":[-92.80761,44.37344]},"properties":{"id":"ora-mn-850","name":"US 52: T.H.52 NB @ 110th Ave (MP 87)","state":"MN","provider":"Minnesota DOT","hls":"https://video.dot.state.mn.us/public/C30111.stream/playlist.m3u8","snapshot":"https://public.carsprogram.org/cameras/MN/C30111","refreshMs":30000,"attribution":"Ora (Warner Varnado) · Minnesota DOT"}},{"type":"Feature","geometry":{"type":"Point","coordinates":[-92.79866,44.3649]},"properties":{"id":"ora-mn-851","name":"US 52: T.H.52 SB @ T.H.57 (Co Rd 8 - MP 86)","state":"MN","provider":"Minnesota DOT","hls":"https://video.dot.state.mn.us/public/C30110.stream/playlist.m3u8","snapshot":"https://public.carsprogram.org/cameras/MN/C30110","refreshMs":30000,"attribution":"Ora (Warner Varnado) · Minnesota DOT"}},{"type":"Feature","geometry":{"type":"Point","coordinates":[-92.77228,44.34745]},"properties":{"id":"ora-mn-852","name":"US 52: T.H.52 SB @ 415th St (MP 84)","state":"MN","provider":"Minnesota DOT","hls":"https://video.dot.state.mn.us/public/C30109.stream/playlist.m3u8","snapshot":"https://public.carsprogram.org/cameras/MN/C30109","refreshMs":30000,"attribution":"Ora (Warner Varnado) · Minnesota DOT"}},{"type":"Feature","geometry":{"type":"Point","coordinates":[-92.7472,44.33678]},"properties":{"id":"ora-mn-853","name":"US 52: T.H.52 SB @ 142nd Ave Way (MP 83)","state":"MN","provider":"Minnesota DOT","hls":"https://video.dot.state.mn.us/public/C30108.stream/playlist.m3u8","snapshot":"https://public.carsprogram.org/cameras/MN/C30108","refreshMs":30000,"attribution":"Ora (Warner Varnado) · Minnesota DOT"}},{"type":"Feature","geometry":{"type":"Point","coordinates":[-92.73008,44.33138]},"properties":{"id":"ora-mn-854","name":"US 52: T.H.52 NB N of C.S.A.H.7 (MP 82)","state":"MN","provider":"Minnesota DOT","hls":"https://video.dot.state.mn.us/public/C30107.stream/playlist.m3u8","snapshot":"https://public.carsprogram.org/cameras/MN/C30107","refreshMs":30000,"attribution":"Ora (Warner Varnado) · Minnesota DOT"}},{"type":"Feature","geometry":{"type":"Point","coordinates":[-92.71528,44.3257]},"properties":{"id":"ora-mn-855","name":"US 52: T.H.52 NB @ C.S.A.H.7 (MP 81)","state":"MN","provider":"Minnesota DOT","hls":"https://video.dot.state.mn.us/public/C30106.stream/playlist.m3u8","snapshot":"https://public.carsprogram.org/cameras/MN/C30106","refreshMs":30000,"attribution":"Ora (Warner Varnado) · Minnesota DOT"}},{"type":"Feature","geometry":{"type":"Point","coordinates":[-92.70089,44.31587]},"properties":{"id":"ora-mn-856","name":"US 52: T.H.52 NB @ 165th Ave (MP 80)","state":"MN","provider":"Minnesota DOT","hls":"https://video.dot.state.mn.us/public/C30105.stream/playlist.m3u8","snapshot":"https://public.carsprogram.org/cameras/MN/C30105","refreshMs":30000,"attribution":"Ora (Warner Varnado) · Minnesota DOT"}},{"type":"Feature","geometry":{"type":"Point","coordinates":[-92.65162,44.26742]},"properties":{"id":"ora-mn-857","name":"US 52: T.H.52 NB @ T.H.60 EB (MP 75.9)","state":"MN","provider":"Minnesota DOT","hls":"https://video.dot.state.mn.us/public/C30088.stream/playlist.m3u8","snapshot":"https://public.carsprogram.org/cameras/MN/C30088","refreshMs":30000,"attribution":"Ora (Warner Varnado) · Minnesota DOT"}},{"type":"Feature","geometry":{"type":"Point","coordinates":[-92.6504,44.25331]},"properties":{"id":"ora-mn-858","name":"US 52: T.H.52 SB @ 480th St WB (MP 74)","state":"MN","provider":"Minnesota DOT","hls":"https://video.dot.state.mn.us/public/C30087.stream/playlist.m3u8","snapshot":"https://public.carsprogram.org/cameras/MN/C30087","refreshMs":30000,"attribution":"Ora (Warner Varnado) · Minnesota DOT"}},{"type":"Feature","geometry":{"type":"Point","coordinates":[-92.6504,44.23941]},"properties":{"id":"ora-mn-859","name":"US 52: T.H.52 (Zumbrota - MP 73.9): T.H.52 (Zumbrota - MP 73.9) View 1","state":"MN","provider":"Minnesota DOT","hls":null,"snapshot":"https://public.carsprogram.org/cameras/MN/C30334-v1?1783724040000","refreshMs":30000,"attribution":"Ora (Warner Varnado) · Minnesota DOT"}},{"type":"Feature","geometry":{"type":"Point","coordinates":[-92.6504,44.23887]},"properties":{"id":"ora-mn-860","name":"US 52: T.H.52 SB @ 490th St WB (MP 73)","state":"MN","provider":"Minnesota DOT","hls":"https://video.dot.state.mn.us/public/C30086.stream/playlist.m3u8","snapshot":"https://public.carsprogram.org/cameras/MN/C30086","refreshMs":30000,"attribution":"Ora (Warner Varnado) · Minnesota DOT"}},{"type":"Feature","geometry":{"type":"Point","coordinates":[-92.64967,44.21813]},"properties":{"id":"ora-mn-861","name":"US 52: T.H.52 SB N of Main St (MP 72.5)","state":"MN","provider":"Minnesota DOT","hls":"https://video.dot.state.mn.us/public/C30085.stream/playlist.m3u8","snapshot":"https://public.carsprogram.org/cameras/MN/C30085","refreshMs":30000,"attribution":"Ora (Warner Varnado) · Minnesota DOT"}},{"type":"Feature","geometry":{"type":"Point","coordinates":[-92.64548,44.21366]},"properties":{"id":"ora-mn-862","name":"US 52: T.H.52 SB @ Main St (MP 72.1)","state":"MN","provider":"Minnesota DOT","hls":"https://video.dot.state.mn.us/public/C30084.stream/playlist.m3u8","snapshot":"https://public.carsprogram.org/cameras/MN/C30084","refreshMs":30000,"attribution":"Ora (Warner Varnado) · Minnesota DOT"}},{"type":"Feature","geometry":{"type":"Point","coordinates":[-92.63429,44.20404]},"properties":{"id":"ora-mn-863","name":"US 52: T.H.52 SB @ Co Rd 11 (MP 71.3)","state":"MN","provider":"Minnesota DOT","hls":"https://video.dot.state.mn.us/public/C30083.stream/playlist.m3u8","snapshot":"https://public.carsprogram.org/cameras/MN/C30083","refreshMs":30000,"attribution":"Ora (Warner Varnado) · Minnesota DOT"}},{"type":"Feature","geometry":{"type":"Point","coordinates":[-92.6018,44.19511]},"properties":{"id":"ora-mn-864","name":"US 52: T.H.52 NB @ 520th St (MP 69.4)","state":"MN","provider":"Minnesota DOT","hls":"https://video.dot.state.mn.us/public/C30082.stream/playlist.m3u8","snapshot":"https://public.carsprogram.org/cameras/MN/C30082","refreshMs":30000,"attribution":"Ora (Warner Varnado) · Minnesota DOT"}},{"type":"Feature","geometry":{"type":"Point","coordinates":[-92.57693,44.18375]},"properties":{"id":"ora-mn-865","name":"US 52: T.H.52 NB N Jct C.S.A.H.12 EB (MP 68.0)","state":"MN","provider":"Minnesota DOT","hls":"https://video.dot.state.mn.us/public/D6-C6027.stream/playlist.m3u8","snapshot":"https://public.carsprogram.org/cameras/MN/D6-C6027","refreshMs":30000,"attribution":"Ora (Warner Varnado) · Minnesota DOT"}},{"type":"Feature","geometry":{"type":"Point","coordinates":[-92.56449,44.17515]},"properties":{"id":"ora-mn-866","name":"US 52: T.H.52 SB S of C.S.A.H.12E (MP 67.2)","state":"MN","provider":"Minnesota DOT","hls":"https://video.dot.state.mn.us/public/D6-C6026.stream/playlist.m3u8","snapshot":"https://public.carsprogram.org/cameras/MN/D6-C6026","refreshMs":30000,"attribution":"Ora (Warner Varnado) · Minnesota DOT"}},{"type":"Feature","geometry":{"type":"Point","coordinates":[-92.54846,44.16868]},"properties":{"id":"ora-mn-867","name":"US 52: T.H.52 NB @ 5th St (MP 66)","state":"MN","provider":"Minnesota DOT","hls":"https://video.dot.state.mn.us/public/D6-C6025.stream/playlist.m3u8","snapshot":"https://public.carsprogram.org/cameras/MN/D6-C6025","refreshMs":30000,"attribution":"Ora (Warner Varnado) · Minnesota DOT"}},{"type":"Feature","geometry":{"type":"Point","coordinates":[-92.52799,44.14445]},"properties":{"id":"ora-mn-868","name":"US 52: T.H.52 NB S Jct C.S.A.H.12 (MP 64.2)","state":"MN","provider":"Minnesota DOT","hls":"https://video.dot.state.mn.us/public/D6-C6024.stream/playlist.m3u8","snapshot":"https://public.carsprogram.org/cameras/MN/D6-C6024","refreshMs":30000,"attribution":"Ora (Warner Varnado) · Minnesota DOT"}},{"type":"Feature","geometry":{"type":"Point","coordinates":[-92.52456,44.13451]},"properties":{"id":"ora-mn-869","name":"US 52: T.H.52 SB S of 100th St NW (MP 63.5)","state":"MN","provider":"Minnesota DOT","hls":"https://video.dot.state.mn.us/public/D6-C001a.stream/playlist.m3u8","snapshot":"https://public.carsprogram.org/cameras/MN/D6-C001a","refreshMs":30000,"attribution":"Ora (Warner Varnado) · Minnesota DOT"}},{"type":"Feature","geometry":{"type":"Point","coordinates":[-92.51159,44.09371]},"properties":{"id":"ora-mn-870","name":"US 52: T.H.52 SB @ 65th St NW (MP 60.7)","state":"MN","provider":"Minnesota DOT","hls":"https://video.dot.state.mn.us/public/D6-C002a.stream/playlist.m3u8","snapshot":"https://public.carsprogram.org/cameras/MN/D6-C002a","refreshMs":30000,"attribution":"Ora (Warner Varnado) · Minnesota DOT"}},{"type":"Feature","geometry":{"type":"Point","coordinates":[-92.50843,44.08029]},"properties":{"id":"ora-mn-871","name":"US 52: T.H.52 SB @ 55th St NW (MP 59.7)","state":"MN","provider":"Minnesota DOT","hls":"https://video.dot.state.mn.us/public/D6-C003.stream/playlist.m3u8","snapshot":"https://public.carsprogram.org/cameras/MN/D6-C003","refreshMs":30000,"attribution":"Ora (Warner Varnado) · Minnesota DOT"}},{"type":"Feature","geometry":{"type":"Point","coordinates":[-92.49985,44.06508]},"properties":{"id":"ora-mn-872","name":"US 52: T.H.52 NB @ 41st St NW (MP 58.8)","state":"MN","provider":"Minnesota DOT","hls":"https://video.dot.state.mn.us/public/D6-C004.stream/playlist.m3u8","snapshot":"https://public.carsprogram.org/cameras/MN/D6-C004","refreshMs":30000,"attribution":"Ora (Warner Varnado) · Minnesota DOT"}},{"type":"Feature","geometry":{"type":"Point","coordinates":[-92.49812,44.06188]},"properties":{"id":"ora-mn-873","name":"US 52: T.H.52 SB @ 37th St NW (MP 58.4)","state":"MN","provider":"Minnesota DOT","hls":"https://video.dot.state.mn.us/public/D6-C005.stream/playlist.m3u8","snapshot":"/images/icon-camera-closed-fill-solid-padded.svg","refreshMs":30000,"attribution":"Ora (Warner Varnado) · Minnesota DOT"}},{"type":"Feature","geometry":{"type":"Point","coordinates":[-92.48772,44.04347]},"properties":{"id":"ora-mn-874","name":"US 52: T.H.52 NB @ 19th St NW (MP 57)","state":"MN","provider":"Minnesota DOT","hls":"https://video.dot.state.mn.us/public/D6-C006.stream/playlist.m3u8","snapshot":"https://public.carsprogram.org/cameras/MN/D6-C006","refreshMs":30000,"attribution":"Ora (Warner Varnado) · Minnesota DOT"}},{"type":"Feature","geometry":{"type":"Point","coordinates":[-92.48817,44.03079]},"properties":{"id":"ora-mn-875","name":"US 52: T.H.52 NB @ Civic Center Dr (MP 56.1)","state":"MN","provider":"Minnesota DOT","hls":"https://video.dot.state.mn.us/public/D6-C007.stream/playlist.m3u8","snapshot":"https://public.carsprogram.org/cameras/MN/D6-C007","refreshMs":30000,"attribution":"Ora (Warner Varnado) · Minnesota DOT"}},{"type":"Feature","geometry":{"type":"Point","coordinates":[-92.48794,44.02164]},"properties":{"id":"ora-mn-876","name":"US 52: T.H.52 SB @ 2nd St SW (MP 55.5)","state":"MN","provider":"Minnesota DOT","hls":"https://video.dot.state.mn.us/public/D6-C008.stream/playlist.m3u8","snapshot":"https://public.carsprogram.org/cameras/MN/D6-C008","refreshMs":30000,"attribution":"Ora (Warner Varnado) · Minnesota DOT"}},{"type":"Feature","geometry":{"type":"Point","coordinates":[-92.48757,44.0171]},"properties":{"id":"ora-mn-877","name":"US 52: T.H.52 SB @ 6th St SW (MP 55)","state":"MN","provider":"Minnesota DOT","hls":"https://video.dot.state.mn.us/public/D6-C009.stream/playlist.m3u8","snapshot":"https://public.carsprogram.org/cameras/MN/D6-C009","refreshMs":30000,"attribution":"Ora (Warner Varnado) · Minnesota DOT"}},{"type":"Feature","geometry":{"type":"Point","coordinates":[-92.48438,43.99449]},"properties":{"id":"ora-mn-878","name":"US 52: T.H.52 SB @ Mayowood Rd (MP 53.5)","state":"MN","provider":"Minnesota DOT","hls":"https://video.dot.state.mn.us/public/D6-C011.stream/playlist.m3u8","snapshot":"https://public.carsprogram.org/cameras/MN/D6-C011","refreshMs":30000,"attribution":"Ora (Warner Varnado) · Minnesota DOT"}},{"type":"Feature","geometry":{"type":"Point","coordinates":[-92.47508,43.98298]},"properties":{"id":"ora-mn-879","name":"US 52: T.H.52 SB (MP 52.6)","state":"MN","provider":"Minnesota DOT","hls":"https://video.dot.state.mn.us/public/D6-C012.stream/playlist.m3u8","snapshot":"https://public.carsprogram.org/cameras/MN/D6-C012","refreshMs":30000,"attribution":"Ora (Warner Varnado) · Minnesota DOT"}},{"type":"Feature","geometry":{"type":"Point","coordinates":[-92.46218,43.97666]},"properties":{"id":"ora-mn-880","name":"US 52: T.H.52 NB S Jct U.S.63 (MP 51.9)","state":"MN","provider":"Minnesota DOT","hls":"https://video.dot.state.mn.us/public/D6-C013.stream/playlist.m3u8","snapshot":"https://public.carsprogram.org/cameras/MN/D6-C013","refreshMs":30000,"attribution":"Ora (Warner Varnado) · Minnesota DOT"}},{"type":"Feature","geometry":{"type":"Point","coordinates":[-91.885,43.51517]},"properties":{"id":"ora-mn-881","name":"US 52: U.S.52 (Canton - MP 2): U.S.52 (Canton - MP 2) View 1","state":"MN","provider":"Minnesota DOT","hls":null,"snapshot":"https://public.carsprogram.org/cameras/MN/C30425-v1?1783724040000","refreshMs":30000,"attribution":"Ora (Warner Varnado) · Minnesota DOT"}},{"type":"Feature","geometry":{"type":"Point","coordinates":[-92.44846,44.00715]},"properties":{"id":"ora-mn-882","name":"US 14: U.S.14 EB @ 11th Ave SE","state":"MN","provider":"Minnesota DOT","hls":null,"snapshot":"https://public.carsprogram.org/cameras/MN/D6-C031?1783724040000","refreshMs":30000,"attribution":"Ora (Warner Varnado) · Minnesota DOT"}},{"type":"Feature","geometry":{"type":"Point","coordinates":[-92.4629,44.00699]},"properties":{"id":"ora-mn-883","name":"US 14: U.S.14 WB @ Broadway Ave","state":"MN","provider":"Minnesota DOT","hls":"https://video.dot.state.mn.us/public/D6-C030.stream/playlist.m3u8","snapshot":"https://public.carsprogram.org/cameras/MN/D6-C030","refreshMs":30000,"attribution":"Ora (Warner Varnado) · Minnesota DOT"}},{"type":"Feature","geometry":{"type":"Point","coordinates":[-92.48157,44.00684]},"properties":{"id":"ora-mn-884","name":"US 14: T.H.52 NB S Jct U.S.14 EB (MP 54.3)","state":"MN","provider":"Minnesota DOT","hls":"https://video.dot.state.mn.us/public/D6-C010.stream/playlist.m3u8","snapshot":"https://public.carsprogram.org/cameras/MN/D6-C010","refreshMs":30000,"attribution":"Ora (Warner Varnado) · Minnesota DOT"}},{"type":"Feature","geometry":{"type":"Point","coordinates":[-92.51761,44.0367]},"properties":{"id":"ora-mn-885","name":"US 14: U.S.14 EB @ C.S.A.H.22 (W Circle Dr)","state":"MN","provider":"Minnesota DOT","hls":"https://video.dot.state.mn.us/public/D6-C015.stream/playlist.m3u8","snapshot":"https://public.carsprogram.org/cameras/MN/D6-C015","refreshMs":30000,"attribution":"Ora (Warner Varnado) · Minnesota DOT"}},{"type":"Feature","geometry":{"type":"Point","coordinates":[-92.54135,44.04006]},"properties":{"id":"ora-mn-886","name":"US 14: U.S.14 WB E of 60th Ave NW","state":"MN","provider":"Minnesota DOT","hls":"https://video.dot.state.mn.us/public/C30176.stream/playlist.m3u8","snapshot":"https://public.carsprogram.org/cameras/MN/C30176","refreshMs":30000,"attribution":"Ora (Warner Varnado) · Minnesota DOT"}},{"type":"Feature","geometry":{"type":"Point","coordinates":[-92.55937,44.03187]},"properties":{"id":"ora-mn-887","name":"US 14: U.S.14 EB @ 60th Ave NW","state":"MN","provider":"Minnesota DOT","hls":"https://video.dot.state.mn.us/public/C30175.stream/playlist.m3u8","snapshot":"https://public.carsprogram.org/cameras/MN/C30175","refreshMs":30000,"attribution":"Ora (Warner Varnado) · Minnesota DOT"}},{"type":"Feature","geometry":{"type":"Point","coordinates":[-92.57644,44.02711]},"properties":{"id":"ora-mn-888","name":"US 14: U.S.14 EB W of 60th Ave NW","state":"MN","provider":"Minnesota DOT","hls":"https://video.dot.state.mn.us/public/C30174.stream/playlist.m3u8","snapshot":"https://public.carsprogram.org/cameras/MN/C30174","refreshMs":30000,"attribution":"Ora (Warner Varnado) · Minnesota DOT"}},{"type":"Feature","geometry":{"type":"Point","coordinates":[-92.60857,44.02901]},"properties":{"id":"ora-mn-889","name":"US 14: U.S.14 EB @ Co Rd 3","state":"MN","provider":"Minnesota DOT","hls":"https://video.dot.state.mn.us/public/C30173.stream/playlist.m3u8","snapshot":"https://public.carsprogram.org/cameras/MN/C30173","refreshMs":30000,"attribution":"Ora (Warner Varnado) · Minnesota DOT"}},{"type":"Feature","geometry":{"type":"Point","coordinates":[-92.62808,44.02862]},"properties":{"id":"ora-mn-890","name":"US 14: U.S.14 EB @ 10th Ave SE","state":"MN","provider":"Minnesota DOT","hls":"https://video.dot.state.mn.us/public/C30172.stream/playlist.m3u8","snapshot":"https://public.carsprogram.org/cameras/MN/C30172","refreshMs":30000,"attribution":"Ora (Warner Varnado) · Minnesota DOT"}},{"type":"Feature","geometry":{"type":"Point","coordinates":[-92.63834,44.02856]},"properties":{"id":"ora-mn-891","name":"US 14: U.S.14 WB @ Co Rd 34","state":"MN","provider":"Minnesota DOT","hls":"https://video.dot.state.mn.us/public/C30171.stream/playlist.m3u8","snapshot":"https://public.carsprogram.org/cameras/MN/C30171","refreshMs":30000,"attribution":"Ora (Warner Varnado) · Minnesota DOT"}},{"type":"Feature","geometry":{"type":"Point","coordinates":[-92.67713,44.02821]},"properties":{"id":"ora-mn-892","name":"US 14: U.S.14 EB @ 280th Ave","state":"MN","provider":"Minnesota DOT","hls":"https://video.dot.state.mn.us/public/C30512.stream/playlist.m3u8","snapshot":"https://public.carsprogram.org/cameras/MN/C30512","refreshMs":30000,"attribution":"Ora (Warner Varnado) · Minnesota DOT"}},{"type":"Feature","geometry":{"type":"Point","coordinates":[-92.69875,44.02503]},"properties":{"id":"ora-mn-893","name":"US 14: U.S.14 EB @ 270th Ave","state":"MN","provider":"Minnesota DOT","hls":"https://video.dot.state.mn.us/public/C30511.stream/playlist.m3u8","snapshot":"https://public.carsprogram.org/cameras/MN/C30511","refreshMs":30000,"attribution":"Ora (Warner Varnado) · Minnesota DOT"}},{"type":"Feature","geometry":{"type":"Point","coordinates":[-92.74633,44.02249]},"properties":{"id":"ora-mn-896","name":"US 14: U.S.14 EB @ T.H.57","state":"MN","provider":"Minnesota DOT","hls":"https://video.dot.state.mn.us/public/C30509.stream/playlist.m3u8","snapshot":"https://public.carsprogram.org/cameras/MN/C30509","refreshMs":30000,"attribution":"Ora (Warner Varnado) · Minnesota DOT"}},{"type":"Feature","geometry":{"type":"Point","coordinates":[-92.76388,44.02311]},"properties":{"id":"ora-mn-897","name":"US 14: U.S.14 EB W of T.H.57","state":"MN","provider":"Minnesota DOT","hls":"https://video.dot.state.mn.us/public/C30508.stream/playlist.m3u8","snapshot":"https://public.carsprogram.org/cameras/MN/C30508","refreshMs":30000,"attribution":"Ora (Warner Varnado) · Minnesota DOT"}},{"type":"Feature","geometry":{"type":"Point","coordinates":[-92.79833,44.02562]},"properties":{"id":"ora-mn-898","name":"US 14: U.S.14 EB @ 220th Ave","state":"MN","provider":"Minnesota DOT","hls":"https://video.dot.state.mn.us/public/C30507.stream/playlist.m3u8","snapshot":"https://public.carsprogram.org/cameras/MN/C30507","refreshMs":30000,"attribution":"Ora (Warner Varnado) · Minnesota DOT"}},{"type":"Feature","geometry":{"type":"Point","coordinates":[-92.81902,44.02556]},"properties":{"id":"ora-mn-899","name":"US 14: U.S.14 EB @ 210th Ave","state":"MN","provider":"Minnesota DOT","hls":null,"snapshot":"https://public.carsprogram.org/cameras/MN/C30506?1783724040000","refreshMs":30000,"attribution":"Ora (Warner Varnado) · Minnesota DOT"}},{"type":"Feature","geometry":{"type":"Point","coordinates":[-92.84108,44.02331]},"properties":{"id":"ora-mn-900","name":"US 14: U.S.14 WB @ Airport Dr S","state":"MN","provider":"Minnesota DOT","hls":null,"snapshot":"https://public.carsprogram.org/cameras/MN/C30505?1783724040000","refreshMs":30000,"attribution":"Ora (Warner Varnado) · Minnesota DOT"}},{"type":"Feature","geometry":{"type":"Point","coordinates":[-92.85881,44.01842]},"properties":{"id":"ora-mn-901","name":"US 14: U.S.14 EB @ T.H.56","state":"MN","provider":"Minnesota DOT","hls":null,"snapshot":"https://public.carsprogram.org/cameras/MN/C30504?1783724040000","refreshMs":30000,"attribution":"Ora (Warner Varnado) · Minnesota DOT"}},{"type":"Feature","geometry":{"type":"Point","coordinates":[-92.879,44.01894]},"properties":{"id":"ora-mn-902","name":"US 14: U.S.14 EB @ 180th Ave","state":"MN","provider":"Minnesota DOT","hls":"https://video.dot.state.mn.us/public/C30503.stream/playlist.m3u8","snapshot":"https://public.carsprogram.org/cameras/MN/C30503","refreshMs":30000,"attribution":"Ora (Warner Varnado) · Minnesota DOT"}},{"type":"Feature","geometry":{"type":"Point","coordinates":[-92.91918,44.0347]},"properties":{"id":"ora-mn-903","name":"US 14: T.H.14 EB @ T.H.56 SB","state":"MN","provider":"Minnesota DOT","hls":"https://video.dot.state.mn.us/public/C30217.stream/playlist.m3u8","snapshot":"https://public.carsprogram.org/cameras/MN/C30217","refreshMs":30000,"attribution":"Ora (Warner Varnado) · Minnesota DOT"}},{"type":"Feature","geometry":{"type":"Point","coordinates":[-92.9851,44.03745]},"properties":{"id":"ora-mn-904","name":"US 14: T.H.14 EB @ C.S.A.H.3 NB","state":"MN","provider":"Minnesota DOT","hls":"https://video.dot.state.mn.us/public/C30216.stream/playlist.m3u8","snapshot":"https://public.carsprogram.org/cameras/MN/C30216","refreshMs":30000,"attribution":"Ora (Warner Varnado) · Minnesota DOT"}},{"type":"Feature","geometry":{"type":"Point","coordinates":[-93.06443,44.04895]},"properties":{"id":"ora-mn-905","name":"US 14: T.H.14 EB @ C.S.A.H.16 (84th Av)","state":"MN","provider":"Minnesota DOT","hls":"https://video.dot.state.mn.us/public/C30215.stream/playlist.m3u8","snapshot":"https://public.carsprogram.org/cameras/MN/C30215","refreshMs":30000,"attribution":"Ora (Warner Varnado) · Minnesota DOT"}},{"type":"Feature","geometry":{"type":"Point","coordinates":[-93.14668,44.05963]},"properties":{"id":"ora-mn-906","name":"US 14: T.H.14 EB @ C.S.A.H.43 SB","state":"MN","provider":"Minnesota DOT","hls":"https://video.dot.state.mn.us/public/C30142.stream/playlist.m3u8","snapshot":"https://public.carsprogram.org/cameras/MN/C30142","refreshMs":30000,"attribution":"Ora (Warner Varnado) · Minnesota DOT"}},{"type":"Feature","geometry":{"type":"Point","coordinates":[-93.19004,44.05943]},"properties":{"id":"ora-mn-907","name":"US 14: T.H.14 EB @ T.H.218 SB","state":"MN","provider":"Minnesota DOT","hls":"https://video.dot.state.mn.us/public/C30141.stream/playlist.m3u8","snapshot":"https://public.carsprogram.org/cameras/MN/C30141","refreshMs":30000,"attribution":"Ora (Warner Varnado) · Minnesota DOT"}},{"type":"Feature","geometry":{"type":"Point","coordinates":[-93.20916,44.05941]},"properties":{"id":"ora-mn-908","name":"US 14: T.H.14 EB E of Co Rd 6","state":"MN","provider":"Minnesota DOT","hls":"https://video.dot.state.mn.us/public/C30140.stream/playlist.m3u8","snapshot":"https://public.carsprogram.org/cameras/MN/C30140","refreshMs":30000,"attribution":"Ora (Warner Varnado) · Minnesota DOT"}},{"type":"Feature","geometry":{"type":"Point","coordinates":[-93.22639,44.05933]},"properties":{"id":"ora-mn-909","name":"US 14: T.H.14 WB @ C.S.A.H.45 SB","state":"MN","provider":"Minnesota DOT","hls":"https://video.dot.state.mn.us/public/C30139.stream/playlist.m3u8","snapshot":"https://public.carsprogram.org/cameras/MN/C30139","refreshMs":30000,"attribution":"Ora (Warner Varnado) · Minnesota DOT"}},{"type":"Feature","geometry":{"type":"Point","coordinates":[-93.24959,44.05885]},"properties":{"id":"ora-mn-910","name":"US 14: I-35 NB @ U.S.14 EB (MP 40.1)","state":"MN","provider":"Minnesota DOT","hls":"https://video.dot.state.mn.us/public/D6-C131.stream/playlist.m3u8","snapshot":"https://public.carsprogram.org/cameras/MN/D6-C131","refreshMs":30000,"attribution":"Ora (Warner Varnado) · Minnesota DOT"}},{"type":"Feature","geometry":{"type":"Point","coordinates":[-93.49449,44.05994]},"properties":{"id":"ora-mn-911","name":"US 14: U.S.14 (Waseca - MP 160): U.S.14 (Waseca - MP 160) View 1","state":"MN","provider":"Minnesota DOT","hls":null,"snapshot":"https://public.carsprogram.org/cameras/MN/C30359-v1?1783724040000","refreshMs":30000,"attribution":"Ora (Warner Varnado) · Minnesota DOT"}},{"type":"Feature","geometry":{"type":"Point","coordinates":[-93.94943,44.17503]},"properties":{"id":"ora-mn-912","name":"US 14: U.S.14 WB @ T.H.22 SB","state":"MN","provider":"Minnesota DOT","hls":"https://video.dot.state.mn.us/public/C30150.stream/playlist.m3u8","snapshot":"https://public.carsprogram.org/cameras/MN/C30150","refreshMs":30000,"attribution":"Ora (Warner Varnado) · Minnesota DOT"}},{"type":"Feature","geometry":{"type":"Point","coordinates":[-93.97285,44.18583]},"properties":{"id":"ora-mn-913","name":"US 14: U.S.14 WB E of N RivFrnt Dr","state":"MN","provider":"Minnesota DOT","hls":"https://video.dot.state.mn.us/public/C30149.stream/playlist.m3u8","snapshot":"https://public.carsprogram.org/cameras/MN/C30149","refreshMs":30000,"attribution":"Ora (Warner Varnado) · Minnesota DOT"}},{"type":"Feature","geometry":{"type":"Point","coordinates":[-94.00478,44.19123]},"properties":{"id":"ora-mn-914","name":"US 14: U.S.14 WB E of U.S.169","state":"MN","provider":"Minnesota DOT","hls":"https://video.dot.state.mn.us/public/C30148.stream/playlist.m3u8","snapshot":"https://public.carsprogram.org/cameras/MN/C30148","refreshMs":30000,"attribution":"Ora (Warner Varnado) · Minnesota DOT"}},{"type":"Feature","geometry":{"type":"Point","coordinates":[-94.0276,44.18386]},"properties":{"id":"ora-mn-915","name":"US 14: U.S.14 EB W of U.S.169","state":"MN","provider":"Minnesota DOT","hls":"https://video.dot.state.mn.us/public/C30146.stream/playlist.m3u8","snapshot":"https://public.carsprogram.org/cameras/MN/C30146","refreshMs":30000,"attribution":"Ora (Warner Varnado) · Minnesota DOT"}},{"type":"Feature","geometry":{"type":"Point","coordinates":[-94.0535,44.18087]},"properties":{"id":"ora-mn-916","name":"US 14: U.S.14 EB @ Lookout Dr","state":"MN","provider":"Minnesota DOT","hls":"https://video.dot.state.mn.us/public/C30518.stream/playlist.m3u8","snapshot":"https://public.carsprogram.org/cameras/MN/C30518","refreshMs":30000,"attribution":"Ora (Warner Varnado) · Minnesota DOT"}},{"type":"Feature","geometry":{"type":"Point","coordinates":[-94.07928,44.19185]},"properties":{"id":"ora-mn-917","name":"US 14: U.S.14 EB W of C.S.A.H.41","state":"MN","provider":"Minnesota DOT","hls":"https://video.dot.state.mn.us/public/C30519.stream/playlist.m3u8","snapshot":"https://public.carsprogram.org/cameras/MN/C30519","refreshMs":30000,"attribution":"Ora (Warner Varnado) · Minnesota DOT"}},{"type":"Feature","geometry":{"type":"Point","coordinates":[-94.37343,44.27816]},"properties":{"id":"ora-mn-918","name":"US 14: U.S.14 EB W of 551st Ave","state":"MN","provider":"Minnesota DOT","hls":null,"snapshot":"https://public.carsprogram.org/cameras/MN/C30254?1783724040000","refreshMs":30000,"attribution":"Ora (Warner Varnado) · Minnesota DOT"}},{"type":"Feature","geometry":{"type":"Point","coordinates":[-94.42305,44.30185]},"properties":{"id":"ora-mn-919","name":"US 14: U.S.14 EB @ C.S.A.H.37","state":"MN","provider":"Minnesota DOT","hls":null,"snapshot":"https://public.carsprogram.org/cameras/MN/C30253?1783724040000","refreshMs":30000,"attribution":"Ora (Warner Varnado) · Minnesota DOT"}},{"type":"Feature","geometry":{"type":"Point","coordinates":[-94.89502,44.26791]},"properties":{"id":"ora-mn-920","name":"US 14: U.S.14 (Springfield - MP 80.7): U.S.14 (Springfield - MP 80.7) View 1","state":"MN","provider":"Minnesota DOT","hls":null,"snapshot":"https://public.carsprogram.org/cameras/MN/C30343-v1?1783724040000","refreshMs":30000,"attribution":"Ora (Warner Varnado) · Minnesota DOT"}},{"type":"Feature","geometry":{"type":"Point","coordinates":[-96.0463,44.24047]},"properties":{"id":"ora-mn-921","name":"US 14: U.S.14 (Florence - MP 21.2): U.S.14 (Florence - MP 21.2) View 1","state":"MN","provider":"Minnesota DOT","hls":null,"snapshot":"https://public.carsprogram.org/cameras/MN/C30352-v1?1783724040000","refreshMs":30000,"attribution":"Ora (Warner Varnado) · Minnesota DOT"}},{"type":"Feature","geometry":{"type":"Point","coordinates":[-96.30049,44.26551]},"properties":{"id":"ora-mn-922","name":"US 14: U.S.14 (Lake Benton - MP 7): U.S.14 (Lake Benton - MP 7) View 1","state":"MN","provider":"Minnesota DOT","hls":null,"snapshot":"https://public.carsprogram.org/cameras/MN/C30325-v1?1783724040000","refreshMs":30000,"attribution":"Ora (Warner Varnado) · Minnesota DOT"}},{"type":"Feature","geometry":{"type":"Point","coordinates":[-93.46084,44.97084]},"properties":{"id":"ora-mn-923","name":"US 12: I-394 EB @ I-494 SB","state":"MN","provider":"Minnesota DOT","hls":"https://video.dot.state.mn.us/public/C903.stream/playlist.m3u8","snapshot":"https://public.carsprogram.org/cameras/MN/C903","refreshMs":30000,"attribution":"Ora (Warner Varnado) · Minnesota DOT"}},{"type":"Feature","geometry":{"type":"Point","coordinates":[-93.46932,44.97085]},"properties":{"id":"ora-mn-924","name":"US 12: U.S.12 WB @ Carlson Pkwy WB","state":"MN","provider":"Minnesota DOT","hls":"https://video.dot.state.mn.us/public/C30169.stream/playlist.m3u8","snapshot":"https://public.carsprogram.org/cameras/MN/C30169","refreshMs":30000,"attribution":"Ora (Warner Varnado) · Minnesota DOT"}},{"type":"Feature","geometry":{"type":"Point","coordinates":[-93.46941,44.97085]},"properties":{"id":"ora-mn-925","name":"US 12: U.S.12 EB @ Carlson Pkwy EB","state":"MN","provider":"Minnesota DOT","hls":"https://video.dot.state.mn.us/public/C30168.stream/playlist.m3u8","snapshot":"https://public.carsprogram.org/cameras/MN/C30168","refreshMs":30000,"attribution":"Ora (Warner Varnado) · Minnesota DOT"}},{"type":"Feature","geometry":{"type":"Point","coordinates":[-93.48348,44.97087]},"properties":{"id":"ora-mn-926","name":"US 12: U.S.12 EB E of Co Rd 15","state":"MN","provider":"Minnesota DOT","hls":"https://video.dot.state.mn.us/public/C902.stream/playlist.m3u8","snapshot":"https://public.carsprogram.org/cameras/MN/C902","refreshMs":30000,"attribution":"Ora (Warner Varnado) · Minnesota DOT"}},{"type":"Feature","geometry":{"type":"Point","coordinates":[-93.50188,44.97564]},"properties":{"id":"ora-mn-927","name":"US 12: U.S.12 WB @ Central Ave","state":"MN","provider":"Minnesota DOT","hls":"https://video.dot.state.mn.us/public/C901.stream/playlist.m3u8","snapshot":"https://public.carsprogram.org/cameras/MN/C901","refreshMs":30000,"attribution":"Ora (Warner Varnado) · Minnesota DOT"}},{"type":"Feature","geometry":{"type":"Point","coordinates":[-93.6206,44.99365]},"properties":{"id":"ora-mn-928","name":"US 12: U.S.12 EB @ C.S.A.H.6","state":"MN","provider":"Minnesota DOT","hls":null,"snapshot":"https://public.carsprogram.org/cameras/MN/C30242?1783724040000","refreshMs":30000,"attribution":"Ora (Warner Varnado) · Minnesota DOT"}},{"type":"Feature","geometry":{"type":"Point","coordinates":[-93.62094,44.99382]},"properties":{"id":"ora-mn-929","name":"US 12: U.S.12 WB @ C.S.A.H.6 SB","state":"MN","provider":"Minnesota DOT","hls":null,"snapshot":"https://public.carsprogram.org/cameras/MN/C30241?1783724040000","refreshMs":30000,"attribution":"Ora (Warner Varnado) · Minnesota DOT"}},{"type":"Feature","geometry":{"type":"Point","coordinates":[-93.67565,45.01117]},"properties":{"id":"ora-mn-930","name":"US 12: U.S.12 WB E of Co Rd 90","state":"MN","provider":"Minnesota DOT","hls":null,"snapshot":"https://public.carsprogram.org/cameras/MN/C30163?1783724040000","refreshMs":30000,"attribution":"Ora (Warner Varnado) · Minnesota DOT"}},{"type":"Feature","geometry":{"type":"Point","coordinates":[-93.68989,45.01273]},"properties":{"id":"ora-mn-931","name":"US 12: U.S.12 WB W of Co Rd 90","state":"MN","provider":"Minnesota DOT","hls":null,"snapshot":"https://public.carsprogram.org/cameras/MN/C30162?1783724040000","refreshMs":30000,"attribution":"Ora (Warner Varnado) · Minnesota DOT"}},{"type":"Feature","geometry":{"type":"Point","coordinates":[-93.72346,45.02869]},"properties":{"id":"ora-mn-932","name":"US 12: U.S.12 WB W of Lake Sarah Rd","state":"MN","provider":"Minnesota DOT","hls":null,"snapshot":"https://public.carsprogram.org/cameras/MN/C30161?1783724040000","refreshMs":30000,"attribution":"Ora (Warner Varnado) · Minnesota DOT"}},{"type":"Feature","geometry":{"type":"Point","coordinates":[-93.7451,45.03579]},"properties":{"id":"ora-mn-933","name":"US 12: U.S.12 WB @ Lake Haughey Rd","state":"MN","provider":"Minnesota DOT","hls":null,"snapshot":"https://public.carsprogram.org/cameras/MN/C30160?1783724040000","refreshMs":30000,"attribution":"Ora (Warner Varnado) · Minnesota DOT"}},{"type":"Feature","geometry":{"type":"Point","coordinates":[-93.76166,45.03565]},"properties":{"id":"ora-mn-934","name":"US 12: U.S.12 EB E of County Line Rd","state":"MN","provider":"Minnesota DOT","hls":null,"snapshot":"https://public.carsprogram.org/cameras/MN/C30159?1783724040000","refreshMs":30000,"attribution":"Ora (Warner Varnado) · Minnesota DOT"}},{"type":"Feature","geometry":{"type":"Point","coordinates":[-94.81176,45.13882]},"properties":{"id":"ora-mn-935","name":"US 12: U.S.12 (Atwater - MP 85.4): U.S.12 (Atwater - MP 85.4) View 1","state":"MN","provider":"Minnesota DOT","hls":null,"snapshot":"https://public.carsprogram.org/cameras/MN/C30351-v1?1783724040000","refreshMs":30000,"attribution":"Ora (Warner Varnado) · Minnesota DOT"}},{"type":"Feature","geometry":{"type":"Point","coordinates":[-95.91148,45.28288]},"properties":{"id":"ora-mn-936","name":"US 12: U.S.12 (Holloway - MP 27.0): U.S.12 (Holloway - MP 27.0) View 1","state":"MN","provider":"Minnesota DOT","hls":null,"snapshot":"https://public.carsprogram.org/cameras/MN/C30373-v1?1783724040000","refreshMs":30000,"attribution":"Ora (Warner Varnado) · Minnesota DOT"}},{"type":"Feature","geometry":{"type":"Point","coordinates":[-93.17552,45.07837]},"properties":{"id":"ora-mn-937","name":"US 10: T.H.10 WB @ Co Rd 96","state":"MN","provider":"Minnesota DOT","hls":"https://video.dot.state.mn.us/public/C675.stream/playlist.m3u8","snapshot":"https://public.carsprogram.org/cameras/MN/C675","refreshMs":30000,"attribution":"Ora (Warner Varnado) · Minnesota DOT"}},{"type":"Feature","geometry":{"type":"Point","coordinates":[-93.18885,45.11564]},"properties":{"id":"ora-mn-938","name":"US 10: I-35W SB @ T.H.10","state":"MN","provider":"Minnesota DOT","hls":"https://video.dot.state.mn.us/public/C641.stream/playlist.m3u8","snapshot":"https://public.carsprogram.org/cameras/MN/C641","refreshMs":30000,"attribution":"Ora (Warner Varnado) · Minnesota DOT"}},{"type":"Feature","geometry":{"type":"Point","coordinates":[-93.20384,45.11821]},"properties":{"id":"ora-mn-939","name":"US 10: T.H.10 EB E of Co Rd J","state":"MN","provider":"Minnesota DOT","hls":"https://video.dot.state.mn.us/public/C673.stream/playlist.m3u8","snapshot":"https://public.carsprogram.org/cameras/MN/C673","refreshMs":30000,"attribution":"Ora (Warner Varnado) · Minnesota DOT"}},{"type":"Feature","geometry":{"type":"Point","coordinates":[-93.21845,45.12775]},"properties":{"id":"ora-mn-940","name":"US 10: T.H.10 WB @ Airport Rd (93rd Ln Ext)","state":"MN","provider":"Minnesota DOT","hls":"https://video.dot.state.mn.us/public/C672.stream/playlist.m3u8","snapshot":"https://public.carsprogram.org/cameras/MN/C672","refreshMs":30000,"attribution":"Ora (Warner Varnado) · Minnesota DOT"}},{"type":"Feature","geometry":{"type":"Point","coordinates":[-93.23463,45.1336]},"properties":{"id":"ora-mn-941","name":"US 10: T.H.10 EB @ T.H.65","state":"MN","provider":"Minnesota DOT","hls":"https://video.dot.state.mn.us/public/C671.stream/playlist.m3u8","snapshot":"https://public.carsprogram.org/cameras/MN/C671","refreshMs":30000,"attribution":"Ora (Warner Varnado) · Minnesota DOT"}},{"type":"Feature","geometry":{"type":"Point","coordinates":[-93.26554,45.14296]},"properties":{"id":"ora-mn-942","name":"US 10: T.H.10 EB @ University Ave","state":"MN","provider":"Minnesota DOT","hls":"https://video.dot.state.mn.us/public/C670.stream/playlist.m3u8","snapshot":"https://public.carsprogram.org/cameras/MN/C670","refreshMs":30000,"attribution":"Ora (Warner Varnado) · Minnesota DOT"}},{"type":"Feature","geometry":{"type":"Point","coordinates":[-93.27442,45.15204]},"properties":{"id":"ora-mn-943","name":"US 10: T.H.10 EB @ Foley Blvd","state":"MN","provider":"Minnesota DOT","hls":"https://video.dot.state.mn.us/public/C668.stream/playlist.m3u8","snapshot":"https://public.carsprogram.org/cameras/MN/C668","refreshMs":30000,"attribution":"Ora (Warner Varnado) · Minnesota DOT"}},{"type":"Feature","geometry":{"type":"Point","coordinates":[-93.29397,45.16942]},"properties":{"id":"ora-mn-944","name":"US 10: T.H.10 WB W of Egret Blvd","state":"MN","provider":"Minnesota DOT","hls":"https://video.dot.state.mn.us/public/C667.stream/playlist.m3u8","snapshot":"https://public.carsprogram.org/cameras/MN/C667","refreshMs":30000,"attribution":"Ora (Warner Varnado) · Minnesota DOT"}},{"type":"Feature","geometry":{"type":"Point","coordinates":[-93.31572,45.18194]},"properties":{"id":"ora-mn-945","name":"US 10: T.H.10 EB @ Hanson Blvd","state":"MN","provider":"Minnesota DOT","hls":"https://video.dot.state.mn.us/public/C666.stream/playlist.m3u8","snapshot":"https://public.carsprogram.org/cameras/MN/C666","refreshMs":30000,"attribution":"Ora (Warner Varnado) · Minnesota DOT"}},{"type":"Feature","geometry":{"type":"Point","coordinates":[-93.32766,45.18714]},"properties":{"id":"ora-mn-946","name":"US 10: T.H.10 EB W of Hanson Blvd","state":"MN","provider":"Minnesota DOT","hls":"https://video.dot.state.mn.us/public/C665.stream/playlist.m3u8","snapshot":"https://public.carsprogram.org/cameras/MN/C665","refreshMs":30000,"attribution":"Ora (Warner Varnado) · Minnesota DOT"}},{"type":"Feature","geometry":{"type":"Point","coordinates":[-93.34073,45.1975]},"properties":{"id":"ora-mn-947","name":"US 10: T.H.10 EB @ Main St NW (Co Rd 14)","state":"MN","provider":"Minnesota DOT","hls":"https://video.dot.state.mn.us/public/C664.stream/playlist.m3u8","snapshot":"https://public.carsprogram.org/cameras/MN/C664","refreshMs":30000,"attribution":"Ora (Warner Varnado) · Minnesota DOT"}},{"type":"Feature","geometry":{"type":"Point","coordinates":[-93.35754,45.2042]},"properties":{"id":"ora-mn-948","name":"US 10: T.H.10 EB @ Round Lake Blvd","state":"MN","provider":"Minnesota DOT","hls":"https://video.dot.state.mn.us/public/C663.stream/playlist.m3u8","snapshot":"https://public.carsprogram.org/cameras/MN/C663","refreshMs":30000,"attribution":"Ora (Warner Varnado) · Minnesota DOT"}},{"type":"Feature","geometry":{"type":"Point","coordinates":[-93.35754,45.2042]},"properties":{"id":"ora-mn-949","name":"US 10: T.H.10 EB @ Round Lake Blvd NB","state":"MN","provider":"Minnesota DOT","hls":"https://video.dot.state.mn.us/public/C30244.stream/playlist.m3u8","snapshot":"https://public.carsprogram.org/cameras/MN/C30244","refreshMs":30000,"attribution":"Ora (Warner Varnado) · Minnesota DOT"}},{"type":"Feature","geometry":{"type":"Point","coordinates":[-93.35756,45.2042]},"properties":{"id":"ora-mn-950","name":"US 10: T.H.10 WB @ Round Lake Blvd NB","state":"MN","provider":"Minnesota DOT","hls":"https://video.dot.state.mn.us/public/C30245.stream/playlist.m3u8","snapshot":"https://public.carsprogram.org/cameras/MN/C30245","refreshMs":30000,"attribution":"Ora (Warner Varnado) · Minnesota DOT"}},{"type":"Feature","geometry":{"type":"Point","coordinates":[-93.37297,45.20436]},"properties":{"id":"ora-mn-951","name":"US 10: T.H.10 WB E of 7th Ave","state":"MN","provider":"Minnesota DOT","hls":"https://video.dot.state.mn.us/public/C662.stream/playlist.m3u8","snapshot":"https://public.carsprogram.org/cameras/MN/C662","refreshMs":30000,"attribution":"Ora (Warner Varnado) · Minnesota DOT"}},{"type":"Feature","geometry":{"type":"Point","coordinates":[-93.3779,45.20437]},"properties":{"id":"ora-mn-952","name":"US 10: T.H.10 EB @ 7th Ave","state":"MN","provider":"Minnesota DOT","hls":"https://video.dot.state.mn.us/public/C30531.stream/playlist.m3u8","snapshot":"https://public.carsprogram.org/cameras/MN/C30531","refreshMs":30000,"attribution":"Ora (Warner Varnado) · Minnesota DOT"}},{"type":"Feature","geometry":{"type":"Point","coordinates":[-93.4003,45.20553]},"properties":{"id":"ora-mn-953","name":"US 10: T.H.10 EB @ Greenhaven Rd (Main St)","state":"MN","provider":"Minnesota DOT","hls":"https://video.dot.state.mn.us/public/C660.stream/playlist.m3u8","snapshot":"https://public.carsprogram.org/cameras/MN/C660","refreshMs":30000,"attribution":"Ora (Warner Varnado) · Minnesota DOT"}},{"type":"Feature","geometry":{"type":"Point","coordinates":[-93.41283,45.21235]},"properties":{"id":"ora-mn-954","name":"US 10: T.H.10 EB @ Thurston Ave EB","state":"MN","provider":"Minnesota DOT","hls":"https://video.dot.state.mn.us/public/C659.stream/playlist.m3u8","snapshot":"https://public.carsprogram.org/cameras/MN/C659","refreshMs":30000,"attribution":"Ora (Warner Varnado) · Minnesota DOT"}},{"type":"Feature","geometry":{"type":"Point","coordinates":[-93.4288,45.21985]},"properties":{"id":"ora-mn-955","name":"US 10: T.H.10 WB @ Sunfish Lake Blvd","state":"MN","provider":"Minnesota DOT","hls":"https://video.dot.state.mn.us/public/C658.stream/playlist.m3u8","snapshot":"https://public.carsprogram.org/cameras/MN/C658","refreshMs":30000,"attribution":"Ora (Warner Varnado) · Minnesota DOT"}},{"type":"Feature","geometry":{"type":"Point","coordinates":[-93.44013,45.22352]},"properties":{"id":"ora-mn-956","name":"US 10: T.H.10 EB E of Ramsey Blvd","state":"MN","provider":"Minnesota DOT","hls":"https://video.dot.state.mn.us/public/C30521.stream/playlist.m3u8","snapshot":"https://public.carsprogram.org/cameras/MN/C30521","refreshMs":30000,"attribution":"Ora (Warner Varnado) · Minnesota DOT"}},{"type":"Feature","geometry":{"type":"Point","coordinates":[-93.44946,45.22649]},"properties":{"id":"ora-mn-957","name":"US 10: T.H.10 WB @ C.S.A.H.56 (Ramsey Blvd)","state":"MN","provider":"Minnesota DOT","hls":"https://video.dot.state.mn.us/public/C657.stream/playlist.m3u8","snapshot":"https://public.carsprogram.org/cameras/MN/C657","refreshMs":30000,"attribution":"Ora (Warner Varnado) · Minnesota DOT"}},{"type":"Feature","geometry":{"type":"Point","coordinates":[-93.47132,45.23425]},"properties":{"id":"ora-mn-958","name":"US 10: T.H.10 WB @ Armstrong Blvd","state":"MN","provider":"Minnesota DOT","hls":"https://video.dot.state.mn.us/public/C656.stream/playlist.m3u8","snapshot":"https://public.carsprogram.org/cameras/MN/C656","refreshMs":30000,"attribution":"Ora (Warner Varnado) · Minnesota DOT"}},{"type":"Feature","geometry":{"type":"Point","coordinates":[-93.54933,45.28133]},"properties":{"id":"ora-mn-959","name":"US 10: T.H.10 EB @ 171st Ave","state":"MN","provider":"Minnesota DOT","hls":"https://video.dot.state.mn.us/public/C654.stream/playlist.m3u8","snapshot":"https://public.carsprogram.org/cameras/MN/C654","refreshMs":30000,"attribution":"Ora (Warner Varnado) · Minnesota DOT"}},{"type":"Feature","geometry":{"type":"Point","coordinates":[-93.56013,45.29677]},"properties":{"id":"ora-mn-960","name":"US 10: T.H.10 WB E of Main St","state":"MN","provider":"Minnesota DOT","hls":"https://video.dot.state.mn.us/public/C1650.stream/playlist.m3u8","snapshot":"https://public.carsprogram.org/cameras/MN/C1650","refreshMs":30000,"attribution":"Ora (Warner Varnado) · Minnesota DOT"}},{"type":"Feature","geometry":{"type":"Point","coordinates":[-93.56738,45.30393]},"properties":{"id":"ora-mn-961","name":"US 10: T.H.10 WB @ Jackson Ave NW","state":"MN","provider":"Minnesota DOT","hls":"https://video.dot.state.mn.us/public/C1651.stream/playlist.m3u8","snapshot":"https://public.carsprogram.org/cameras/MN/C1651","refreshMs":30000,"attribution":"Ora (Warner Varnado) · Minnesota DOT"}},{"type":"Feature","geometry":{"type":"Point","coordinates":[-93.57727,45.30755]},"properties":{"id":"ora-mn-962","name":"US 10: T.H.10 EB @ Proctor Ave","state":"MN","provider":"Minnesota DOT","hls":"https://video.dot.state.mn.us/public/C30229.stream/playlist.m3u8","snapshot":"https://public.carsprogram.org/cameras/MN/C30229","refreshMs":30000,"attribution":"Ora (Warner Varnado) · Minnesota DOT"}},{"type":"Feature","geometry":{"type":"Point","coordinates":[-93.74527,45.33251]},"properties":{"id":"ora-mn-963","name":"US 10: T.H.10 EB @ T.H.25","state":"MN","provider":"Minnesota DOT","hls":null,"snapshot":"https://public.carsprogram.org/cameras/MN/C1646?1783724040000","refreshMs":30000,"attribution":"Ora (Warner Varnado) · Minnesota DOT"}},{"type":"Feature","geometry":{"type":"Point","coordinates":[-93.81989,45.35654]},"properties":{"id":"ora-mn-964","name":"US 10: T.H.10 WB @ Co Rd 11","state":"MN","provider":"Minnesota DOT","hls":null,"snapshot":"https://public.carsprogram.org/cameras/MN/C1645?1783724040000","refreshMs":30000,"attribution":"Ora (Warner Varnado) · Minnesota DOT"}},{"type":"Feature","geometry":{"type":"Point","coordinates":[-93.99711,45.44705]},"properties":{"id":"ora-mn-965","name":"US 10: T.H.10 WB @ T.H.24","state":"MN","provider":"Minnesota DOT","hls":null,"snapshot":"https://public.carsprogram.org/cameras/MN/C1642?1783724040000","refreshMs":30000,"attribution":"Ora (Warner Varnado) · Minnesota DOT"}},{"type":"Feature","geometry":{"type":"Point","coordinates":[-94.13903,45.56643]},"properties":{"id":"ora-mn-966","name":"US 10: T.H.23 WB @ T.H.10 EB (Hwy 10 MP 178)","state":"MN","provider":"Minnesota DOT","hls":"https://video.dot.state.mn.us/public/C30297.stream/playlist.m3u8","snapshot":"https://public.carsprogram.org/cameras/MN/C30297","refreshMs":30000,"attribution":"Ora (Warner Varnado) · Minnesota DOT"}},{"type":"Feature","geometry":{"type":"Point","coordinates":[-94.23322,45.76611]},"properties":{"id":"ora-mn-967","name":"US 10: U.S.10 (Rice - MP 162): U.S.10 (Rice - MP 162) View 1","state":"MN","provider":"Minnesota DOT","hls":null,"snapshot":"https://public.carsprogram.org/cameras/MN/C30424-v1?1783724040000","refreshMs":30000,"attribution":"Ora (Warner Varnado) · Minnesota DOT"}},{"type":"Feature","geometry":{"type":"Point","coordinates":[-94.29766,45.83356]},"properties":{"id":"ora-mn-968","name":"US 10: T.H.10 WB (Royalton)","state":"MN","provider":"Minnesota DOT","hls":null,"snapshot":"https://public.carsprogram.org/cameras/MN/C30079?1783724040000","refreshMs":30000,"attribution":"Ora (Warner Varnado) · Minnesota DOT"}},{"type":"Feature","geometry":{"type":"Point","coordinates":[-95.0547,46.41289]},"properties":{"id":"ora-mn-969","name":"US 10: U.S.10 (Verndale - MP 94): U.S.10 (Verndale - MP 94) View 1","state":"MN","provider":"Minnesota DOT","hls":null,"snapshot":"https://public.carsprogram.org/cameras/MN/C30423-v1?1783724040000","refreshMs":30000,"attribution":"Ora (Warner Varnado) · Minnesota DOT"}},{"type":"Feature","geometry":{"type":"Point","coordinates":[-95.13591,46.44222]},"properties":{"id":"ora-mn-970","name":"US 10: T.H.10 @ T.H.71","state":"MN","provider":"Minnesota DOT","hls":null,"snapshot":"https://public.carsprogram.org/cameras/MN/C30212?1783724040000","refreshMs":30000,"attribution":"Ora (Warner Varnado) · Minnesota DOT"}},{"type":"Feature","geometry":{"type":"Point","coordinates":[-95.69152,46.70611]},"properties":{"id":"ora-mn-971","name":"US 10: T.H.10 (Frazee - MP 55.2): T.H.10 (Frazee - MP 55.2) View 1","state":"MN","provider":"Minnesota DOT","hls":null,"snapshot":"https://public.carsprogram.org/cameras/MN/C30371-v1?1783724040000","refreshMs":30000,"attribution":"Ora (Warner Varnado) · Minnesota DOT"}},{"type":"Feature","geometry":{"type":"Point","coordinates":[-96.11138,46.87698]},"properties":{"id":"ora-mn-972","name":"US 10: U.S.10 (Lake Park - MP 32): U.S.10 (Lake Park - MP 32) View 1","state":"MN","provider":"Minnesota DOT","hls":null,"snapshot":"https://public.carsprogram.org/cameras/MN/C30422-v1?1783724040000","refreshMs":30000,"attribution":"Ora (Warner Varnado) · Minnesota DOT"}},{"type":"Feature","geometry":{"type":"Point","coordinates":[-96.72579,46.87638]},"properties":{"id":"ora-mn-973","name":"US 10: T.H.10 WB @ 34th St","state":"MN","provider":"Minnesota DOT","hls":"https://video.dot.state.mn.us/public/C10-04.stream/playlist.m3u8","snapshot":"https://public.carsprogram.org/cameras/MN/C10-04","refreshMs":30000,"attribution":"Ora (Warner Varnado) · Minnesota DOT"}},{"type":"Feature","geometry":{"type":"Point","coordinates":[-96.74669,46.87552]},"properties":{"id":"ora-mn-974","name":"US 10: T.H.10 WB @ 1st Ave","state":"MN","provider":"Minnesota DOT","hls":"https://video.dot.state.mn.us/public/C10-03.stream/playlist.m3u8","snapshot":"https://public.carsprogram.org/cameras/MN/C10-03","refreshMs":30000,"attribution":"Ora (Warner Varnado) · Minnesota DOT"}},{"type":"Feature","geometry":{"type":"Point","coordinates":[-96.75764,46.87497]},"properties":{"id":"ora-mn-975","name":"US 10: T.H.10 WB @ 14th St","state":"MN","provider":"Minnesota DOT","hls":"https://video.dot.state.mn.us/public/C10-02.stream/playlist.m3u8","snapshot":"https://public.carsprogram.org/cameras/MN/C10-02","refreshMs":30000,"attribution":"Ora (Warner Varnado) · Minnesota DOT"}},{"type":"Feature","geometry":{"type":"Point","coordinates":[-96.76244,46.87509]},"properties":{"id":"ora-mn-976","name":"US 10: 11th St @ Main Ave","state":"MN","provider":"Minnesota DOT","hls":null,"snapshot":"https://public.carsprogram.org/cameras/MN/C30557?1783724040000","refreshMs":30000,"attribution":"Ora (Warner Varnado) · Minnesota DOT"}},{"type":"Feature","geometry":{"type":"Point","coordinates":[-92.65209,45.40159]},"properties":{"id":"ora-mn-977","name":"US 8: U.S.8 WB @ T.H.95 (Bench St)","state":"MN","provider":"Minnesota DOT","hls":null,"snapshot":"https://public.carsprogram.org/cameras/MN/C30538?1783724040000","refreshMs":30000,"attribution":"Ora (Warner Varnado) · Minnesota DOT"}},{"type":"Feature","geometry":{"type":"Point","coordinates":[-92.83621,45.39077]},"properties":{"id":"ora-mn-978","name":"US 8: U.S.8 EB @ Akerson St","state":"MN","provider":"Minnesota DOT","hls":"https://video.dot.state.mn.us/public/C30194.stream/playlist.m3u8","snapshot":"https://public.carsprogram.org/cameras/MN/C30194","refreshMs":30000,"attribution":"Ora (Warner Varnado) · Minnesota DOT"}},{"type":"Feature","geometry":{"type":"Point","coordinates":[-92.84147,45.39032]},"properties":{"id":"ora-mn-979","name":"US 8: U.S.8 EB @ Olinda Tr","state":"MN","provider":"Minnesota DOT","hls":"https://video.dot.state.mn.us/public/C30193.stream/playlist.m3u8","snapshot":"https://public.carsprogram.org/cameras/MN/C30193","refreshMs":30000,"attribution":"Ora (Warner Varnado) · Minnesota DOT"}},{"type":"Feature","geometry":{"type":"Point","coordinates":[-92.84478,45.38984]},"properties":{"id":"ora-mn-980","name":"US 8: U.S.8 WB @ Oak St","state":"MN","provider":"Minnesota DOT","hls":"https://video.dot.state.mn.us/public/C30191.stream/playlist.m3u8","snapshot":"https://public.carsprogram.org/cameras/MN/C30191","refreshMs":30000,"attribution":"Ora (Warner Varnado) · Minnesota DOT"}},{"type":"Feature","geometry":{"type":"Point","coordinates":[-92.84485,45.38983]},"properties":{"id":"ora-mn-981","name":"US 8: U.S.8 EB @ Oak St","state":"MN","provider":"Minnesota DOT","hls":"https://video.dot.state.mn.us/public/C30192.stream/playlist.m3u8","snapshot":"https://public.carsprogram.org/cameras/MN/C30192","refreshMs":30000,"attribution":"Ora (Warner Varnado) · Minnesota DOT"}},{"type":"Feature","geometry":{"type":"Point","coordinates":[-92.85703,45.39152]},"properties":{"id":"ora-mn-982","name":"US 8: U.S.8 WB @ Lincoln Rd","state":"MN","provider":"Minnesota DOT","hls":"https://video.dot.state.mn.us/public/C30190.stream/playlist.m3u8","snapshot":"https://public.carsprogram.org/cameras/MN/C30190","refreshMs":30000,"attribution":"Ora (Warner Varnado) · Minnesota DOT"}},{"type":"Feature","geometry":{"type":"Point","coordinates":[-92.87201,45.37996]},"properties":{"id":"ora-mn-983","name":"US 8: U.S.8 WB @ Shoquist Ln","state":"MN","provider":"Minnesota DOT","hls":"https://video.dot.state.mn.us/public/C30189.stream/playlist.m3u8","snapshot":"https://public.carsprogram.org/cameras/MN/C30189","refreshMs":30000,"attribution":"Ora (Warner Varnado) · Minnesota DOT"}},{"type":"Feature","geometry":{"type":"Point","coordinates":[-92.88987,45.37356]},"properties":{"id":"ora-mn-984","name":"US 8: U.S.8 EB @ Co Rd 24 SB (Lofton Av/Old Towne Rd)","state":"MN","provider":"Minnesota DOT","hls":"https://video.dot.state.mn.us/public/C30188.stream/playlist.m3u8","snapshot":"https://public.carsprogram.org/cameras/MN/C30188","refreshMs":30000,"attribution":"Ora (Warner Varnado) · Minnesota DOT"}},{"type":"Feature","geometry":{"type":"Point","coordinates":[-92.89935,45.3693]},"properties":{"id":"ora-mn-985","name":"US 8: U.S.8 WB @ Karmel Ave","state":"MN","provider":"Minnesota DOT","hls":"https://video.dot.state.mn.us/public/C30187.stream/playlist.m3u8","snapshot":"https://public.carsprogram.org/cameras/MN/C30187","refreshMs":30000,"attribution":"Ora (Warner Varnado) · Minnesota DOT"}},{"type":"Feature","geometry":{"type":"Point","coordinates":[-92.9101,45.35639]},"properties":{"id":"ora-mn-986","name":"US 8: U.S.8 WB @ E Viking Blvd","state":"MN","provider":"Minnesota DOT","hls":"https://video.dot.state.mn.us/public/C30186.stream/playlist.m3u8","snapshot":"https://public.carsprogram.org/cameras/MN/C30186","refreshMs":30000,"attribution":"Ora (Warner Varnado) · Minnesota DOT"}},{"type":"Feature","geometry":{"type":"Point","coordinates":[-92.91158,45.35255]},"properties":{"id":"ora-mn-987","name":"US 8: U.S.8 WB W of E Viking Blvd","state":"MN","provider":"Minnesota DOT","hls":"https://video.dot.state.mn.us/public/C30185.stream/playlist.m3u8","snapshot":"https://public.carsprogram.org/cameras/MN/C30185","refreshMs":30000,"attribution":"Ora (Warner Varnado) · Minnesota DOT"}},{"type":"Feature","geometry":{"type":"Point","coordinates":[-92.92734,45.32858]},"properties":{"id":"ora-mn-988","name":"US 8: U.S.8 WB E of Pioneer Rd","state":"MN","provider":"Minnesota DOT","hls":"https://video.dot.state.mn.us/public/C30184.stream/playlist.m3u8","snapshot":"https://public.carsprogram.org/cameras/MN/C30184","refreshMs":30000,"attribution":"Ora (Warner Varnado) · Minnesota DOT"}},{"type":"Feature","geometry":{"type":"Point","coordinates":[-92.93136,45.31875]},"properties":{"id":"ora-mn-989","name":"US 8: U.S.8 EB @ Pioneer Rd","state":"MN","provider":"Minnesota DOT","hls":"https://video.dot.state.mn.us/public/C30183.stream/playlist.m3u8","snapshot":"https://public.carsprogram.org/cameras/MN/C30183","refreshMs":30000,"attribution":"Ora (Warner Varnado) · Minnesota DOT"}},{"type":"Feature","geometry":{"type":"Point","coordinates":[-92.932,45.31819]},"properties":{"id":"ora-mn-990","name":"US 8: U.S.8 EB W of Pioneer Rd","state":"MN","provider":"Minnesota DOT","hls":"https://video.dot.state.mn.us/public/C30182.stream/playlist.m3u8","snapshot":"https://public.carsprogram.org/cameras/MN/C30182","refreshMs":30000,"attribution":"Ora (Warner Varnado) · Minnesota DOT"}},{"type":"Feature","geometry":{"type":"Point","coordinates":[-92.95588,45.30635]},"properties":{"id":"ora-mn-991","name":"US 8: U.S.8 EB @ Hazel Ave","state":"MN","provider":"Minnesota DOT","hls":"https://video.dot.state.mn.us/public/C30181.stream/playlist.m3u8","snapshot":"https://public.carsprogram.org/cameras/MN/C30181","refreshMs":30000,"attribution":"Ora (Warner Varnado) · Minnesota DOT"}},{"type":"Feature","geometry":{"type":"Point","coordinates":[-92.97192,45.29899]},"properties":{"id":"ora-mn-992","name":"US 8: U.S.8 WB @ Greenway Ave","state":"MN","provider":"Minnesota DOT","hls":"https://video.dot.state.mn.us/public/C30180.stream/playlist.m3u8","snapshot":"https://public.carsprogram.org/cameras/MN/C30180","refreshMs":30000,"attribution":"Ora (Warner Varnado) · Minnesota DOT"}},{"type":"Feature","geometry":{"type":"Point","coordinates":[-92.14321,46.73143]},"properties":{"id":"ora-mn-993","name":"US 2: T.H.2 WB (Bong Bridge WI)","state":"MN","provider":"Minnesota DOT","hls":"https://video.dot.state.mn.us/public/C2-215.stream/playlist.m3u8","snapshot":"https://public.carsprogram.org/cameras/MN/C2-215","refreshMs":30000,"attribution":"Ora (Warner Varnado) · Minnesota DOT"}},{"type":"Feature","geometry":{"type":"Point","coordinates":[-92.20305,46.73163]},"properties":{"id":"ora-mn-994","name":"US 2: I-35 SB @ T.H.2","state":"MN","provider":"Minnesota DOT","hls":"https://video.dot.state.mn.us/public/C35-084.stream/playlist.m3u8","snapshot":"https://public.carsprogram.org/cameras/MN/C35-084","refreshMs":30000,"attribution":"Ora (Warner Varnado) · Minnesota DOT"}},{"type":"Feature","geometry":{"type":"Point","coordinates":[-92.86083,46.87315]},"properties":{"id":"ora-mn-995","name":"US 2: U.S.2 (Gowan - MP 225.1): U.S.2 (Gowan - MP 225.1) View 1","state":"MN","provider":"Minnesota DOT","hls":null,"snapshot":"https://public.carsprogram.org/cameras/MN/C30432-v1?1783724040000","refreshMs":30000,"attribution":"Ora (Warner Varnado) · Minnesota DOT"}},{"type":"Feature","geometry":{"type":"Point","coordinates":[-93.52814,47.23592]},"properties":{"id":"ora-mn-996","name":"US 2: T.H.2 @ Pokegama Ave","state":"MN","provider":"Minnesota DOT","hls":null,"snapshot":"https://public.carsprogram.org/cameras/MN/C30262?1783724040000","refreshMs":30000,"attribution":"Ora (Warner Varnado) · Minnesota DOT"}},{"type":"Feature","geometry":{"type":"Point","coordinates":[-93.70302,47.29635]},"properties":{"id":"ora-mn-997","name":"US 2: U.S.2 (Cohasset MP 174.3): U.S.2 (Cohasset MP 174.3) View 1","state":"MN","provider":"Minnesota DOT","hls":null,"snapshot":"https://public.carsprogram.org/cameras/MN/C30434-v1?1783724040000","refreshMs":30000,"attribution":"Ora (Warner Varnado) · Minnesota DOT"}},{"type":"Feature","geometry":{"type":"Point","coordinates":[-94.58692,47.38014]},"properties":{"id":"ora-mn-998","name":"US 2: U.S.2 (Cass Lake - MP 131): U.S.2 (Cass Lake - MP 131) View 1","state":"MN","provider":"Minnesota DOT","hls":null,"snapshot":"https://public.carsprogram.org/cameras/MN/C30421-v1?1783724040000","refreshMs":30000,"attribution":"Ora (Warner Varnado) · Minnesota DOT"}},{"type":"Feature","geometry":{"type":"Point","coordinates":[-95.16261,47.52285]},"properties":{"id":"ora-mn-999","name":"US 2: U.S.2 (Solway - MP 99.7): U.S.2 (Solway - MP 99.7) View 1","state":"MN","provider":"Minnesota DOT","hls":null,"snapshot":"https://public.carsprogram.org/cameras/MN/C30438-v1?1783724040000","refreshMs":30000,"attribution":"Ora (Warner Varnado) · Minnesota DOT"}},{"type":"Feature","geometry":{"type":"Point","coordinates":[-95.66662,47.53132]},"properties":{"id":"ora-mn-1000","name":"US 2: U.S.2 (Lengby - MP 75.7): U.S.2 (Lengby - MP 75.7) View 1","state":"MN","provider":"Minnesota DOT","hls":null,"snapshot":"https://public.carsprogram.org/cameras/MN/C30401-v1?1783724040000","refreshMs":30000,"attribution":"Ora (Warner Varnado) · Minnesota DOT"}},{"type":"Feature","geometry":{"type":"Point","coordinates":[-96.91738,47.88034]},"properties":{"id":"ora-mn-1001","name":"US 2: U.S.2 (East Grand Forks - MP 9): U.S.2 (East Grand Forks - MP 9) View 1","state":"MN","provider":"Minnesota DOT","hls":null,"snapshot":"https://public.carsprogram.org/cameras/MN/C30420-v1?1783724040000","refreshMs":30000,"attribution":"Ora (Warner Varnado) · Minnesota DOT"}},{"type":"Feature","geometry":{"type":"Point","coordinates":[-96.97644,47.91375]},"properties":{"id":"ora-mn-1002","name":"US 2: U.S.2 SB @ Business Hwy 2 (2-4.42)","state":"MN","provider":"Minnesota DOT","hls":null,"snapshot":"https://public.carsprogram.org/cameras/MN/C30214?1783724040000","refreshMs":30000,"attribution":"Ora (Warner Varnado) · Minnesota DOT"}},{"type":"Feature","geometry":{"type":"Point","coordinates":[-93.18908,45.04092]},"properties":{"id":"ora-mn-1003","name":"MN 988A: I-35W NB @ Co Rd 88","state":"MN","provider":"Minnesota DOT","hls":"https://video.dot.state.mn.us/public/C636.stream/playlist.m3u8","snapshot":"https://public.carsprogram.org/cameras/MN/C636","refreshMs":30000,"attribution":"Ora (Warner Varnado) · Minnesota DOT"}},{"type":"Feature","geometry":{"type":"Point","coordinates":[-93.17243,44.86626]},"properties":{"id":"ora-mn-1004","name":"MN 913A: T.H.13 SB @ Mendota Heights Rd","state":"MN","provider":"Minnesota DOT","hls":"https://video.dot.state.mn.us/public/C1301.stream/playlist.m3u8","snapshot":"https://public.carsprogram.org/cameras/MN/C1301","refreshMs":30000,"attribution":"Ora (Warner Varnado) · Minnesota DOT"}},{"type":"Feature","geometry":{"type":"Point","coordinates":[-93.27075,45.14251]},"properties":{"id":"ora-mn-1005","name":"MN 610: T.H.610 EB @ T.H.47","state":"MN","provider":"Minnesota DOT","hls":"https://video.dot.state.mn.us/public/C669.stream/playlist.m3u8","snapshot":"https://public.carsprogram.org/cameras/MN/C669","refreshMs":30000,"attribution":"Ora (Warner Varnado) · Minnesota DOT"}},{"type":"Feature","geometry":{"type":"Point","coordinates":[-93.27907,45.14264]},"properties":{"id":"ora-mn-1006","name":"MN 610: T.H.610 EB @ Coon Rapids Blvd SB","state":"MN","provider":"Minnesota DOT","hls":"https://video.dot.state.mn.us/public/C30246.stream/playlist.m3u8","snapshot":"https://public.carsprogram.org/cameras/MN/C30246","refreshMs":30000,"attribution":"Ora (Warner Varnado) · Minnesota DOT"}},{"type":"Feature","geometry":{"type":"Point","coordinates":[-93.2909,45.13825]},"properties":{"id":"ora-mn-1007","name":"MN 610: T.H.610 WB @ East River Rd (MP 10.55)","state":"MN","provider":"Minnesota DOT","hls":"https://video.dot.state.mn.us/public/C694.stream/playlist.m3u8","snapshot":"https://public.carsprogram.org/cameras/MN/C694","refreshMs":30000,"attribution":"Ora (Warner Varnado) · Minnesota DOT"}},{"type":"Feature","geometry":{"type":"Point","coordinates":[-93.30028,45.12707]},"properties":{"id":"ora-mn-1008","name":"MN 610: T.H.610 EB @ West River Rd EB","state":"MN","provider":"Minnesota DOT","hls":"https://video.dot.state.mn.us/public/C30238.stream/playlist.m3u8","snapshot":"https://public.carsprogram.org/cameras/MN/C30238","refreshMs":30000,"attribution":"Ora (Warner Varnado) · Minnesota DOT"}},{"type":"Feature","geometry":{"type":"Point","coordinates":[-93.30608,45.12255]},"properties":{"id":"ora-mn-1009","name":"MN 610: T.H.610 EB @ T.H.252","state":"MN","provider":"Minnesota DOT","hls":"https://video.dot.state.mn.us/public/C693.stream/playlist.m3u8","snapshot":"https://public.carsprogram.org/cameras/MN/C693","refreshMs":30000,"attribution":"Ora (Warner Varnado) · Minnesota DOT"}},{"type":"Feature","geometry":{"type":"Point","coordinates":[-93.3351,45.12393]},"properties":{"id":"ora-mn-1010","name":"MN 610: T.H.610 EB @ Noble Pkwy","state":"MN","provider":"Minnesota DOT","hls":"https://video.dot.state.mn.us/public/C691.stream/playlist.m3u8","snapshot":"https://public.carsprogram.org/cameras/MN/C691","refreshMs":30000,"attribution":"Ora (Warner Varnado) · Minnesota DOT"}},{"type":"Feature","geometry":{"type":"Point","coordinates":[-93.35528,45.12752]},"properties":{"id":"ora-mn-1011","name":"MN 610: T.H.610 EB @ Zane Ave","state":"MN","provider":"Minnesota DOT","hls":"https://video.dot.state.mn.us/public/C690.stream/playlist.m3u8","snapshot":"https://public.carsprogram.org/cameras/MN/C690","refreshMs":30000,"attribution":"Ora (Warner Varnado) · Minnesota DOT"}},{"type":"Feature","geometry":{"type":"Point","coordinates":[-93.37619,45.12965]},"properties":{"id":"ora-mn-1012","name":"MN 610: T.H.610 EB @ W Broadway Ave","state":"MN","provider":"Minnesota DOT","hls":"https://video.dot.state.mn.us/public/C689.stream/playlist.m3u8","snapshot":"https://public.carsprogram.org/cameras/MN/C689","refreshMs":30000,"attribution":"Ora (Warner Varnado) · Minnesota DOT"}},{"type":"Feature","geometry":{"type":"Point","coordinates":[-93.39169,45.12992]},"properties":{"id":"ora-mn-1013","name":"MN 610: T.H.610 WB @ U.S.169","state":"MN","provider":"Minnesota DOT","hls":"https://video.dot.state.mn.us/public/C688.stream/playlist.m3u8","snapshot":"https://public.carsprogram.org/cameras/MN/C688","refreshMs":30000,"attribution":"Ora (Warner Varnado) · Minnesota DOT"}},{"type":"Feature","geometry":{"type":"Point","coordinates":[-93.41243,45.13039]},"properties":{"id":"ora-mn-1014","name":"MN 610: T.H.610 EB @ Revere Ln","state":"MN","provider":"Minnesota DOT","hls":"https://video.dot.state.mn.us/public/C687.stream/playlist.m3u8","snapshot":"https://public.carsprogram.org/cameras/MN/C687","refreshMs":30000,"attribution":"Ora (Warner Varnado) · Minnesota DOT"}},{"type":"Feature","geometry":{"type":"Point","coordinates":[-93.43273,45.13016]},"properties":{"id":"ora-mn-1015","name":"MN 610: T.H.610 EB @ Hemlock Ln","state":"MN","provider":"Minnesota DOT","hls":"https://video.dot.state.mn.us/public/C686.stream/playlist.m3u8","snapshot":"https://public.carsprogram.org/cameras/MN/C686","refreshMs":30000,"attribution":"Ora (Warner Varnado) · Minnesota DOT"}},{"type":"Feature","geometry":{"type":"Point","coordinates":[-93.44222,45.13126]},"properties":{"id":"ora-mn-1016","name":"MN 610: T.H.610 WB @ Elm Creek Blvd","state":"MN","provider":"Minnesota DOT","hls":"https://video.dot.state.mn.us/public/C685.stream/playlist.m3u8","snapshot":"https://public.carsprogram.org/cameras/MN/C685","refreshMs":30000,"attribution":"Ora (Warner Varnado) · Minnesota DOT"}},{"type":"Feature","geometry":{"type":"Point","coordinates":[-93.46022,45.13757]},"properties":{"id":"ora-mn-1017","name":"MN 610: T.H.610 WB E of Fernbrook Ln","state":"MN","provider":"Minnesota DOT","hls":"https://video.dot.state.mn.us/public/C684.stream/playlist.m3u8","snapshot":"https://public.carsprogram.org/cameras/MN/C684","refreshMs":30000,"attribution":"Ora (Warner Varnado) · Minnesota DOT"}},{"type":"Feature","geometry":{"type":"Point","coordinates":[-93.47193,45.13756]},"properties":{"id":"ora-mn-1018","name":"MN 610: T.H.610 WB @ Maple Grove Pkwy","state":"MN","provider":"Minnesota DOT","hls":"https://video.dot.state.mn.us/public/C683.stream/playlist.m3u8","snapshot":"https://public.carsprogram.org/cameras/MN/C683","refreshMs":30000,"attribution":"Ora (Warner Varnado) · Minnesota DOT"}},{"type":"Feature","geometry":{"type":"Point","coordinates":[-93.49145,45.13776]},"properties":{"id":"ora-mn-1019","name":"MN 610: T.H.610 WB E of I-94","state":"MN","provider":"Minnesota DOT","hls":"https://video.dot.state.mn.us/public/C682.stream/playlist.m3u8","snapshot":"https://public.carsprogram.org/cameras/MN/C682","refreshMs":30000,"attribution":"Ora (Warner Varnado) · Minnesota DOT"}},{"type":"Feature","geometry":{"type":"Point","coordinates":[-93.49516,45.13814]},"properties":{"id":"ora-mn-1020","name":"MN 610: I-94 EB @ Rush Creek Blvd","state":"MN","provider":"Minnesota DOT","hls":"https://video.dot.state.mn.us/public/C30552.stream/playlist.m3u8","snapshot":"https://public.carsprogram.org/cameras/MN/C30552","refreshMs":30000,"attribution":"Ora (Warner Varnado) · Minnesota DOT"}},{"type":"Feature","geometry":{"type":"Point","coordinates":[-93.49728,45.13975]},"properties":{"id":"ora-mn-1021","name":"MN 610: I-94 EB @ T.H.610","state":"MN","provider":"Minnesota DOT","hls":"https://video.dot.state.mn.us/public/C807.stream/playlist.m3u8","snapshot":"https://public.carsprogram.org/cameras/MN/C807","refreshMs":30000,"attribution":"Ora (Warner Varnado) · Minnesota DOT"}},{"type":"Feature","geometry":{"type":"Point","coordinates":[-94.32527,46.63136]},"properties":{"id":"ora-mn-1022","name":"MN 371: T.H.371 NB @ Co Rd 16 WB","state":"MN","provider":"Minnesota DOT","hls":null,"snapshot":"https://public.carsprogram.org/cameras/MN/C30016?1783724040000","refreshMs":30000,"attribution":"Ora (Warner Varnado) · Minnesota DOT"}},{"type":"Feature","geometry":{"type":"Point","coordinates":[-94.29621,46.52458]},"properties":{"id":"ora-mn-1023","name":"MN 371: T.H.371 (Nisswa - MP 46.2): T.H.371 (Nisswa - MP 46.2) View 1","state":"MN","provider":"Minnesota DOT","hls":null,"snapshot":"https://public.carsprogram.org/cameras/MN/C30405-v1?1783724040000","refreshMs":30000,"attribution":"Ora (Warner Varnado) · Minnesota DOT"}},{"type":"Feature","geometry":{"type":"Point","coordinates":[-94.29801,46.50009]},"properties":{"id":"ora-mn-1024","name":"MN 371: T.H.371 SB @ Co Rd 77 WB (CR77 West/CR13 East)","state":"MN","provider":"Minnesota DOT","hls":"https://video.dot.state.mn.us/public/C30007.stream/playlist.m3u8","snapshot":"https://public.carsprogram.org/cameras/MN/C30007","refreshMs":30000,"attribution":"Ora (Warner Varnado) · Minnesota DOT"}},{"type":"Feature","geometry":{"type":"Point","coordinates":[-94.25822,46.38555]},"properties":{"id":"ora-mn-1025","name":"MN 371: T.H.371 SB @ Co Rd 77 EB (CR77 West/CR49 East)","state":"MN","provider":"Minnesota DOT","hls":"https://video.dot.state.mn.us/public/C30005.stream/playlist.m3u8","snapshot":"https://public.carsprogram.org/cameras/MN/C30005","refreshMs":30000,"attribution":"Ora (Warner Varnado) · Minnesota DOT"}},{"type":"Feature","geometry":{"type":"Point","coordinates":[-93.78767,44.84301]},"properties":{"id":"ora-mn-1026","name":"MN 284: T.H.5 EB @ MN 284","state":"MN","provider":"Minnesota DOT","hls":null,"snapshot":"https://public.carsprogram.org/cameras/MN/C30537?1783724040000","refreshMs":30000,"attribution":"Ora (Warner Varnado) · Minnesota DOT"}},{"type":"Feature","geometry":{"type":"Point","coordinates":[-93.20593,44.99959]},"properties":{"id":"ora-mn-1027","name":"MN 280: T.H.280 SB @ Broadway St","state":"MN","provider":"Minnesota DOT","hls":"https://video.dot.state.mn.us/public/C283.stream/playlist.m3u8","snapshot":"https://public.carsprogram.org/cameras/MN/C283","refreshMs":30000,"attribution":"Ora (Warner Varnado) · Minnesota DOT"}},{"type":"Feature","geometry":{"type":"Point","coordinates":[-93.20519,44.99202]},"properties":{"id":"ora-mn-1028","name":"MN 280: T.H.280 SB @ Hennepin Ave (Larpenteur Av)","state":"MN","provider":"Minnesota DOT","hls":"https://video.dot.state.mn.us/public/C282.stream/playlist.m3u8","snapshot":"https://public.carsprogram.org/cameras/MN/C282","refreshMs":30000,"attribution":"Ora (Warner Varnado) · Minnesota DOT"}},{"type":"Feature","geometry":{"type":"Point","coordinates":[-93.20315,44.97937]},"properties":{"id":"ora-mn-1029","name":"MN 280: T.H.280 SB N of Energy Park Dr","state":"MN","provider":"Minnesota DOT","hls":"https://video.dot.state.mn.us/public/C281.stream/playlist.m3u8","snapshot":"https://public.carsprogram.org/cameras/MN/C281","refreshMs":30000,"attribution":"Ora (Warner Varnado) · Minnesota DOT"}},{"type":"Feature","geometry":{"type":"Point","coordinates":[-93.20183,44.96569]},"properties":{"id":"ora-mn-1030","name":"MN 280: T.H.280 SB @ University Ave","state":"MN","provider":"Minnesota DOT","hls":"https://video.dot.state.mn.us/public/C280.stream/playlist.m3u8","snapshot":"https://public.carsprogram.org/cameras/MN/C280","refreshMs":30000,"attribution":"Ora (Warner Varnado) · Minnesota DOT"}},{"type":"Feature","geometry":{"type":"Point","coordinates":[-93.30109,45.10885]},"properties":{"id":"ora-mn-1031","name":"MN 252: T.H.252 SB @ 85th Ave","state":"MN","provider":"Minnesota DOT","hls":"https://video.dot.state.mn.us/public/C2527.stream/playlist.m3u8","snapshot":"https://public.carsprogram.org/cameras/MN/C2527","refreshMs":30000,"attribution":"Ora (Warner Varnado) · Minnesota DOT"}},{"type":"Feature","geometry":{"type":"Point","coordinates":[-93.29965,45.10082]},"properties":{"id":"ora-mn-1032","name":"MN 252: T.H.252 SB @ Humboldt Ave (81st Av)","state":"MN","provider":"Minnesota DOT","hls":"https://video.dot.state.mn.us/public/C2526.stream/playlist.m3u8","snapshot":"https://public.carsprogram.org/cameras/MN/C2526","refreshMs":30000,"attribution":"Ora (Warner Varnado) · Minnesota DOT"}},{"type":"Feature","geometry":{"type":"Point","coordinates":[-93.29007,45.09448]},"properties":{"id":"ora-mn-1033","name":"MN 252: T.H.252 NB @ Brookdale Dr","state":"MN","provider":"Minnesota DOT","hls":"https://video.dot.state.mn.us/public/C2524.stream/playlist.m3u8","snapshot":"https://public.carsprogram.org/cameras/MN/C2524","refreshMs":30000,"attribution":"Ora (Warner Varnado) · Minnesota DOT"}},{"type":"Feature","geometry":{"type":"Point","coordinates":[-93.28766,45.08733]},"properties":{"id":"ora-mn-1034","name":"MN 252: T.H.252 NB @ 73rd Ave","state":"MN","provider":"Minnesota DOT","hls":"https://video.dot.state.mn.us/public/C2523.stream/playlist.m3u8","snapshot":"https://public.carsprogram.org/cameras/MN/C2523","refreshMs":30000,"attribution":"Ora (Warner Varnado) · Minnesota DOT"}},{"type":"Feature","geometry":{"type":"Point","coordinates":[-93.28769,45.08216]},"properties":{"id":"ora-mn-1035","name":"MN 252: T.H.252 SB @ 70th Ave","state":"MN","provider":"Minnesota DOT","hls":"https://video.dot.state.mn.us/public/C2522.stream/playlist.m3u8","snapshot":"https://public.carsprogram.org/cameras/MN/C2522","refreshMs":30000,"attribution":"Ora (Warner Varnado) · Minnesota DOT"}},{"type":"Feature","geometry":{"type":"Point","coordinates":[-93.28652,45.07442]},"properties":{"id":"ora-mn-1036","name":"MN 252: T.H.252 SB @ 66th Ave","state":"MN","provider":"Minnesota DOT","hls":"https://video.dot.state.mn.us/public/C2521.stream/playlist.m3u8","snapshot":"https://public.carsprogram.org/cameras/MN/C2521","refreshMs":30000,"attribution":"Ora (Warner Varnado) · Minnesota DOT"}},{"type":"Feature","geometry":{"type":"Point","coordinates":[-93.28576,45.07004]},"properties":{"id":"ora-mn-1037","name":"MN 252: I-694 WB @ T.H.252","state":"MN","provider":"Minnesota DOT","hls":"https://video.dot.state.mn.us/public/C7011.stream/playlist.m3u8","snapshot":"https://public.carsprogram.org/cameras/MN/C7011","refreshMs":30000,"attribution":"Ora (Warner Varnado) · Minnesota DOT"}},{"type":"Feature","geometry":{"type":"Point","coordinates":[-93.31538,43.76289]},"properties":{"id":"ora-mn-1038","name":"MN 251: I-35 SB @ T.H.251 (MP18.7)","state":"MN","provider":"Minnesota DOT","hls":"https://video.dot.state.mn.us/public/C30579.stream/playlist.m3u8","snapshot":"https://public.carsprogram.org/cameras/MN/C30579","refreshMs":30000,"attribution":"Ora (Warner Varnado) · Minnesota DOT"}},{"type":"Feature","geometry":{"type":"Point","coordinates":[-93.59518,45.21842]},"properties":{"id":"ora-mn-1039","name":"MN 241: I-94 WB @ T.H.241 (MP 205.1)","state":"MN","provider":"Minnesota DOT","hls":"https://video.dot.state.mn.us/public/C799.stream/playlist.m3u8","snapshot":"https://public.carsprogram.org/cameras/MN/C799","refreshMs":30000,"attribution":"Ora (Warner Varnado) · Minnesota DOT"}},{"type":"Feature","geometry":{"type":"Point","coordinates":[-94.57565,45.62754]},"properties":{"id":"ora-mn-1040","name":"MN 238: I-94 WB @ MN 238 (Albany)","state":"MN","provider":"Minnesota DOT","hls":"https://video.dot.state.mn.us/public/C30665.stream/playlist.m3u8","snapshot":"https://public.carsprogram.org/cameras/MN/C30665","refreshMs":30000,"attribution":"Ora (Warner Varnado) · Minnesota DOT"}},{"type":"Feature","geometry":{"type":"Point","coordinates":[-95.26888,46.92063]},"properties":{"id":"ora-mn-1041","name":"MN 225: T.H.34 (Osage - MP 65.0): T.H.34 (Osage - MP 65.0) View 1","state":"MN","provider":"Minnesota DOT","hls":null,"snapshot":"https://public.carsprogram.org/cameras/MN/C30377-v1?1783724040000","refreshMs":30000,"attribution":"Ora (Warner Varnado) · Minnesota DOT"}},{"type":"Feature","geometry":{"type":"Point","coordinates":[-92.31819,46.66921]},"properties":{"id":"ora-mn-1042","name":"MN 210: T.H.210 (Jay Cooke - MP 224.9): T.H.210 (Jay Cooke - MP 224.9) View 1","state":"MN","provider":"Minnesota DOT","hls":null,"snapshot":"https://public.carsprogram.org/cameras/MN/C30466-v1?1783724040000","refreshMs":30000,"attribution":"Ora (Warner Varnado) · Minnesota DOT"}},{"type":"Feature","geometry":{"type":"Point","coordinates":[-93.07981,46.64423]},"properties":{"id":"ora-mn-1043","name":"MN 210: T.H.210 (Tamarack - MP 186.3): T.H.210 (Tamarack - MP 186.3) View 1","state":"MN","provider":"Minnesota DOT","hls":null,"snapshot":"https://public.carsprogram.org/cameras/MN/C30430-v1?1783724040000","refreshMs":30000,"attribution":"Ora (Warner Varnado) · Minnesota DOT"}},{"type":"Feature","geometry":{"type":"Point","coordinates":[-94.17702,46.3622]},"properties":{"id":"ora-mn-1044","name":"MN 210: T.H.210 EB @ T.H.25 NB","state":"MN","provider":"Minnesota DOT","hls":"https://video.dot.state.mn.us/public/C30004.stream/playlist.m3u8","snapshot":"https://public.carsprogram.org/cameras/MN/C30004","refreshMs":30000,"attribution":"Ora (Warner Varnado) · Minnesota DOT"}},{"type":"Feature","geometry":{"type":"Point","coordinates":[-94.18963,46.35975]},"properties":{"id":"ora-mn-1045","name":"MN 210: T.H.210 WB @ Gillis Ave SB","state":"MN","provider":"Minnesota DOT","hls":"https://video.dot.state.mn.us/public/C30003.stream/playlist.m3u8","snapshot":"https://public.carsprogram.org/cameras/MN/C30003","refreshMs":30000,"attribution":"Ora (Warner Varnado) · Minnesota DOT"}},{"type":"Feature","geometry":{"type":"Point","coordinates":[-94.20024,46.35796]},"properties":{"id":"ora-mn-1046","name":"MN 210: T.H.210 WB @ 6th St SB","state":"MN","provider":"Minnesota DOT","hls":"https://video.dot.state.mn.us/public/C30002.stream/playlist.m3u8","snapshot":"https://public.carsprogram.org/cameras/MN/C30002","refreshMs":30000,"attribution":"Ora (Warner Varnado) · Minnesota DOT"}},{"type":"Feature","geometry":{"type":"Point","coordinates":[-94.21592,46.35746]},"properties":{"id":"ora-mn-1047","name":"MN 210: T.H.210 WB @ 4th St NB","state":"MN","provider":"Minnesota DOT","hls":"https://video.dot.state.mn.us/public/C30001.stream/playlist.m3u8","snapshot":"https://public.carsprogram.org/cameras/MN/C30001","refreshMs":30000,"attribution":"Ora (Warner Varnado) · Minnesota DOT"}},{"type":"Feature","geometry":{"type":"Point","coordinates":[-94.24383,46.35172]},"properties":{"id":"ora-mn-1048","name":"MN 210: T.H.210 EB @ T.H.371 NB","state":"MN","provider":"Minnesota DOT","hls":"https://video.dot.state.mn.us/public/C30000.stream/playlist.m3u8","snapshot":"https://public.carsprogram.org/cameras/MN/C30000","refreshMs":30000,"attribution":"Ora (Warner Varnado) · Minnesota DOT"}},{"type":"Feature","geometry":{"type":"Point","coordinates":[-94.28668,46.34335]},"properties":{"id":"ora-mn-1049","name":"MN 210: T.H.210 WB @ Highland Scenic Dr","state":"MN","provider":"Minnesota DOT","hls":null,"snapshot":"https://public.carsprogram.org/cameras/MN/C30655?1783724040000","refreshMs":30000,"attribution":"Ora (Warner Varnado) · Minnesota DOT"}},{"type":"Feature","geometry":{"type":"Point","coordinates":[-94.64271,46.34304]},"properties":{"id":"ora-mn-1050","name":"MN 210: T.H.210 (Motley - MP 101.0): T.H.210 (Motley - MP 101.0) View 1","state":"MN","provider":"Minnesota DOT","hls":null,"snapshot":"https://public.carsprogram.org/cameras/MN/C30406-v1?1783724040000","refreshMs":30000,"attribution":"Ora (Warner Varnado) · Minnesota DOT"}},{"type":"Feature","geometry":{"type":"Point","coordinates":[-94.21451,47.05238]},"properties":{"id":"ora-mn-1051","name":"MN 200: T.H.200 (Longville - MP 144.0): T.H.200 (Longville - MP 144.0) View 1","state":"MN","provider":"Minnesota DOT","hls":null,"snapshot":"https://public.carsprogram.org/cameras/MN/C30404-v1?1783724040000","refreshMs":30000,"attribution":"Ora (Warner Varnado) · Minnesota DOT"}},{"type":"Feature","geometry":{"type":"Point","coordinates":[-96.73165,47.2958]},"properties":{"id":"ora-mn-1052","name":"MN 200: T.H.200 (Halstad - MP 9): T.H.200 (Halstad - MP 9) View 1","state":"MN","provider":"Minnesota DOT","hls":null,"snapshot":"https://public.carsprogram.org/cameras/MN/C30391-v1?1783724040000","refreshMs":30000,"attribution":"Ora (Warner Varnado) · Minnesota DOT"}},{"type":"Feature","geometry":{"type":"Point","coordinates":[-92.1088,46.77826]},"properties":{"id":"ora-mn-1053","name":"MN 194: Mesaba Ave NB @ Michigan St","state":"MN","provider":"Minnesota DOT","hls":"https://video.dot.state.mn.us/public/C30218.stream/playlist.m3u8","snapshot":"https://public.carsprogram.org/cameras/MN/C30218","refreshMs":30000,"attribution":"Ora (Warner Varnado) · Minnesota DOT"}},{"type":"Feature","geometry":{"type":"Point","coordinates":[-92.10646,46.78888]},"properties":{"id":"ora-mn-1054","name":"MN 194: T.H.194 WB @ 2nd Ave W","state":"MN","provider":"Minnesota DOT","hls":"https://video.dot.state.mn.us/public/C194-211.stream/playlist.m3u8","snapshot":"https://public.carsprogram.org/cameras/MN/C194-211","refreshMs":30000,"attribution":"Ora (Warner Varnado) · Minnesota DOT"}},{"type":"Feature","geometry":{"type":"Point","coordinates":[-97.20144,48.97072]},"properties":{"id":"ora-mn-1055","name":"MN 171: T.H.171 (St. Vincent - MP 2): T.H.171 (St. Vincent - MP 2) View 1","state":"MN","provider":"Minnesota DOT","hls":null,"snapshot":"https://public.carsprogram.org/cameras/MN/C30390-v1?1783724040000","refreshMs":30000,"attribution":"Ora (Warner Varnado) · Minnesota DOT"}},{"type":"Feature","geometry":{"type":"Point","coordinates":[-93.10185,44.91623]},"properties":{"id":"ora-mn-1056","name":"MN 149: T.H.149 NB @ Smith Ave","state":"MN","provider":"Minnesota DOT","hls":null,"snapshot":"https://public.carsprogram.org/cameras/MN/C30775?1783724040000","refreshMs":30000,"attribution":"Ora (Warner Varnado) · Minnesota DOT"}},{"type":"Feature","geometry":{"type":"Point","coordinates":[-93.12458,44.88398]},"properties":{"id":"ora-mn-1057","name":"MN 149: T.H.62 WB @ Dodd Rd","state":"MN","provider":"Minnesota DOT","hls":"https://video.dot.state.mn.us/public/C1115.stream/playlist.m3u8","snapshot":"https://public.carsprogram.org/cameras/MN/C1115","refreshMs":30000,"attribution":"Ora (Warner Varnado) · Minnesota DOT"}},{"type":"Feature","geometry":{"type":"Point","coordinates":[-93.12969,44.86467]},"properties":{"id":"ora-mn-1058","name":"MN 149: T.H.149 NB N of I-494","state":"MN","provider":"Minnesota DOT","hls":"https://video.dot.state.mn.us/public/C4954.stream/playlist.m3u8","snapshot":"https://public.carsprogram.org/cameras/MN/C4954","refreshMs":30000,"attribution":"Ora (Warner Varnado) · Minnesota DOT"}},{"type":"Feature","geometry":{"type":"Point","coordinates":[-93.12932,44.86215]},"properties":{"id":"ora-mn-1059","name":"MN 149: I-494 EB @ Dodd Rd","state":"MN","provider":"Minnesota DOT","hls":"https://video.dot.state.mn.us/public/C412.stream/playlist.m3u8","snapshot":"https://public.carsprogram.org/cameras/MN/C412","refreshMs":30000,"attribution":"Ora (Warner Varnado) · Minnesota DOT"}},{"type":"Feature","geometry":{"type":"Point","coordinates":[-93.1289,44.86046]},"properties":{"id":"ora-mn-1060","name":"MN 149: T.H.149 SB S of I-494","state":"MN","provider":"Minnesota DOT","hls":"https://video.dot.state.mn.us/public/C30545.stream/playlist.m3u8","snapshot":"https://public.carsprogram.org/cameras/MN/C30545","refreshMs":30000,"attribution":"Ora (Warner Varnado) · Minnesota DOT"}},{"type":"Feature","geometry":{"type":"Point","coordinates":[-93.12841,44.85766]},"properties":{"id":"ora-mn-1061","name":"MN 149: T.H.149 NB @ Vikings Pkwy","state":"MN","provider":"Minnesota DOT","hls":"https://video.dot.state.mn.us/public/C4952.stream/playlist.m3u8","snapshot":"https://public.carsprogram.org/cameras/MN/C4952","refreshMs":30000,"attribution":"Ora (Warner Varnado) · Minnesota DOT"}},{"type":"Feature","geometry":{"type":"Point","coordinates":[-93.12855,44.855]},"properties":{"id":"ora-mn-1062","name":"MN 149: T.H.149 SB @ Lone Oak Pkwy","state":"MN","provider":"Minnesota DOT","hls":"https://video.dot.state.mn.us/public/C4951.stream/playlist.m3u8","snapshot":"https://public.carsprogram.org/cameras/MN/C4951","refreshMs":30000,"attribution":"Ora (Warner Varnado) · Minnesota DOT"}},{"type":"Feature","geometry":{"type":"Point","coordinates":[-93.11619,44.83344]},"properties":{"id":"ora-mn-1063","name":"MN 149: T.H.149 SB @ Yankee Doodle Rd","state":"MN","provider":"Minnesota DOT","hls":"https://video.dot.state.mn.us/public/C4946.stream/playlist.m3u8","snapshot":"https://public.carsprogram.org/cameras/MN/C4946","refreshMs":30000,"attribution":"Ora (Warner Varnado) · Minnesota DOT"}},{"type":"Feature","geometry":{"type":"Point","coordinates":[-93.1125,44.82812]},"properties":{"id":"ora-mn-1064","name":"MN 149: T.H.149 NB @ Opperman Dr","state":"MN","provider":"Minnesota DOT","hls":"https://video.dot.state.mn.us/public/C4945.stream/playlist.m3u8","snapshot":"https://public.carsprogram.org/cameras/MN/C4945","refreshMs":30000,"attribution":"Ora (Warner Varnado) · Minnesota DOT"}},{"type":"Feature","geometry":{"type":"Point","coordinates":[-93.10572,44.81988]},"properties":{"id":"ora-mn-1065","name":"MN 149: T.H.149 NB @ Wescott Rd (Argenta Trl)","state":"MN","provider":"Minnesota DOT","hls":"https://video.dot.state.mn.us/public/C4944.stream/playlist.m3u8","snapshot":"https://public.carsprogram.org/cameras/MN/C4944","refreshMs":30000,"attribution":"Ora (Warner Varnado) · Minnesota DOT"}},{"type":"Feature","geometry":{"type":"Point","coordinates":[-93.29496,44.89165]},"properties":{"id":"ora-mn-1066","name":"MN 121: T.H.62 WB @ Lyndale Ave","state":"MN","provider":"Minnesota DOT","hls":"https://video.dot.state.mn.us/public/C112.stream/playlist.m3u8","snapshot":"https://public.carsprogram.org/cameras/MN/C112","refreshMs":30000,"attribution":"Ora (Warner Varnado) · Minnesota DOT"}},{"type":"Feature","geometry":{"type":"Point","coordinates":[-92.98471,45.0468]},"properties":{"id":"ora-mn-1067","name":"MN 120: T.H.120 NB @ Woodland Dr","state":"MN","provider":"Minnesota DOT","hls":"https://video.dot.state.mn.us/public/C30078.stream/playlist.m3u8","snapshot":"https://public.carsprogram.org/cameras/MN/C30078","refreshMs":30000,"attribution":"Ora (Warner Varnado) · Minnesota DOT"}},{"type":"Feature","geometry":{"type":"Point","coordinates":[-92.98464,45.04293]},"properties":{"id":"ora-mn-1068","name":"MN 120: T.H.120 NB (Century College)","state":"MN","provider":"Minnesota DOT","hls":"https://video.dot.state.mn.us/public/C30077.stream/playlist.m3u8","snapshot":"https://public.carsprogram.org/cameras/MN/C30077","refreshMs":30000,"attribution":"Ora (Warner Varnado) · Minnesota DOT"}},{"type":"Feature","geometry":{"type":"Point","coordinates":[-92.98472,45.03635]},"properties":{"id":"ora-mn-1069","name":"MN 120: T.H.120 SB @ Co Rd D EB (Long Lake Rd)","state":"MN","provider":"Minnesota DOT","hls":"https://video.dot.state.mn.us/public/C30076.stream/playlist.m3u8","snapshot":"https://public.carsprogram.org/cameras/MN/C30076","refreshMs":30000,"attribution":"Ora (Warner Varnado) · Minnesota DOT"}},{"type":"Feature","geometry":{"type":"Point","coordinates":[-92.98469,45.03481]},"properties":{"id":"ora-mn-1070","name":"MN 120: I-694 WB @ Century Ave (T.H.120)","state":"MN","provider":"Minnesota DOT","hls":"https://video.dot.state.mn.us/public/C718.stream/playlist.m3u8","snapshot":"https://public.carsprogram.org/cameras/MN/C718","refreshMs":30000,"attribution":"Ora (Warner Varnado) · Minnesota DOT"}},{"type":"Feature","geometry":{"type":"Point","coordinates":[-92.98482,45.03158]},"properties":{"id":"ora-mn-1071","name":"MN 120: T.H.120 SB @ Hadley Ave N (Joy Rd)","state":"MN","provider":"Minnesota DOT","hls":"https://video.dot.state.mn.us/public/C30075.stream/playlist.m3u8","snapshot":"https://public.carsprogram.org/cameras/MN/C30075","refreshMs":30000,"attribution":"Ora (Warner Varnado) · Minnesota DOT"}},{"type":"Feature","geometry":{"type":"Point","coordinates":[-92.98472,45.02019]},"properties":{"id":"ora-mn-1072","name":"MN 120: T.H.36 WB @ T.H.120","state":"MN","provider":"Minnesota DOT","hls":"https://video.dot.state.mn.us/public/C3613.stream/playlist.m3u8","snapshot":"https://public.carsprogram.org/cameras/MN/C3613","refreshMs":30000,"attribution":"Ora (Warner Varnado) · Minnesota DOT"}},{"type":"Feature","geometry":{"type":"Point","coordinates":[-92.98482,45.0165]},"properties":{"id":"ora-mn-1073","name":"MN 120: T.H.120 SB @ 7th Ave (47th st)","state":"MN","provider":"Minnesota DOT","hls":"https://video.dot.state.mn.us/public/C1230.stream/playlist.m3u8","snapshot":"https://public.carsprogram.org/cameras/MN/C1230","refreshMs":30000,"attribution":"Ora (Warner Varnado) · Minnesota DOT"}},{"type":"Feature","geometry":{"type":"Point","coordinates":[-92.98475,45.00696]},"properties":{"id":"ora-mn-1074","name":"MN 120: T.H.120 NB @ 40th St WB (Co Rd B)","state":"MN","provider":"Minnesota DOT","hls":"https://video.dot.state.mn.us/public/C30074.stream/playlist.m3u8","snapshot":"https://public.carsprogram.org/cameras/MN/C30074","refreshMs":30000,"attribution":"Ora (Warner Varnado) · Minnesota DOT"}},{"type":"Feature","geometry":{"type":"Point","coordinates":[-92.98473,44.99784]},"properties":{"id":"ora-mn-1075","name":"MN 120: T.H.120 NB @ C.S.A.H.14 (34th St)","state":"MN","provider":"Minnesota DOT","hls":"https://video.dot.state.mn.us/public/C30073.stream/playlist.m3u8","snapshot":"https://public.carsprogram.org/cameras/MN/C30073","refreshMs":30000,"attribution":"Ora (Warner Varnado) · Minnesota DOT"}},{"type":"Feature","geometry":{"type":"Point","coordinates":[-92.98476,44.99242]},"properties":{"id":"ora-mn-1076","name":"MN 120: T.H.120 SB @ Larpenteur Ave","state":"MN","provider":"Minnesota DOT","hls":"https://video.dot.state.mn.us/public/C30072.stream/playlist.m3u8","snapshot":"https://public.carsprogram.org/cameras/MN/C30072","refreshMs":30000,"attribution":"Ora (Warner Varnado) · Minnesota DOT"}},{"type":"Feature","geometry":{"type":"Point","coordinates":[-92.98483,44.97554]},"properties":{"id":"ora-mn-1077","name":"MN 120: T.H.120 NB @ T.H.5 EB (Stillwater Blvd)","state":"MN","provider":"Minnesota DOT","hls":"https://video.dot.state.mn.us/public/C30071.stream/playlist.m3u8","snapshot":"https://public.carsprogram.org/cameras/MN/C30071","refreshMs":30000,"attribution":"Ora (Warner Varnado) · Minnesota DOT"}},{"type":"Feature","geometry":{"type":"Point","coordinates":[-92.9849,44.97062]},"properties":{"id":"ora-mn-1078","name":"MN 120: T.H.120 NB @ 15th St N WB (Harverster Av)","state":"MN","provider":"Minnesota DOT","hls":"https://video.dot.state.mn.us/public/C30070.stream/playlist.m3u8","snapshot":"https://public.carsprogram.org/cameras/MN/C30070","refreshMs":30000,"attribution":"Ora (Warner Varnado) · Minnesota DOT"}},{"type":"Feature","geometry":{"type":"Point","coordinates":[-92.98483,44.96313]},"properties":{"id":"ora-mn-1079","name":"MN 120: T.H.120 SB @ 10th St EB (Minnehaha Av)","state":"MN","provider":"Minnesota DOT","hls":"https://video.dot.state.mn.us/public/C30069.stream/playlist.m3u8","snapshot":"https://public.carsprogram.org/cameras/MN/C30069","refreshMs":30000,"attribution":"Ora (Warner Varnado) · Minnesota DOT"}},{"type":"Feature","geometry":{"type":"Point","coordinates":[-92.98479,44.9592]},"properties":{"id":"ora-mn-1080","name":"MN 120: T.H.120 NB @ 7th St WB","state":"MN","provider":"Minnesota DOT","hls":"https://video.dot.state.mn.us/public/C30068.stream/playlist.m3u8","snapshot":"https://public.carsprogram.org/cameras/MN/C30068","refreshMs":30000,"attribution":"Ora (Warner Varnado) · Minnesota DOT"}},{"type":"Feature","geometry":{"type":"Point","coordinates":[-92.98472,44.95558]},"properties":{"id":"ora-mn-1081","name":"MN 120: T.H.120 SB @ Conway Ave EB","state":"MN","provider":"Minnesota DOT","hls":"https://video.dot.state.mn.us/public/C30067.stream/playlist.m3u8","snapshot":"https://public.carsprogram.org/cameras/MN/C30067","refreshMs":30000,"attribution":"Ora (Warner Varnado) · Minnesota DOT"}},{"type":"Feature","geometry":{"type":"Point","coordinates":[-92.98499,44.95226]},"properties":{"id":"ora-mn-1082","name":"MN 120: T.H.120 SB @ Innovation Blvd","state":"MN","provider":"Minnesota DOT","hls":"https://video.dot.state.mn.us/public/C1203.stream/playlist.m3u8","snapshot":"https://public.carsprogram.org/cameras/MN/C1203","refreshMs":30000,"attribution":"Ora (Warner Varnado) · Minnesota DOT"}},{"type":"Feature","geometry":{"type":"Point","coordinates":[-92.98578,44.94898]},"properties":{"id":"ora-mn-1083","name":"MN 120: T.H.120 NB N of I-94 WB","state":"MN","provider":"Minnesota DOT","hls":"https://video.dot.state.mn.us/public/C1202.stream/playlist.m3u8","snapshot":"https://public.carsprogram.org/cameras/MN/C1202","refreshMs":30000,"attribution":"Ora (Warner Varnado) · Minnesota DOT"}},{"type":"Feature","geometry":{"type":"Point","coordinates":[-92.98528,44.94772]},"properties":{"id":"ora-mn-1084","name":"MN 120: T.H.120 SB S of I-94 EB","state":"MN","provider":"Minnesota DOT","hls":"https://video.dot.state.mn.us/public/C1201.stream/playlist.m3u8","snapshot":"https://public.carsprogram.org/cameras/MN/C1201","refreshMs":30000,"attribution":"Ora (Warner Varnado) · Minnesota DOT"}},{"type":"Feature","geometry":{"type":"Point","coordinates":[-93.55508,45.25263]},"properties":{"id":"ora-mn-1085","name":"MN 101: T.H.101 NB @ Co Rd 38","state":"MN","provider":"Minnesota DOT","hls":"https://video.dot.state.mn.us/public/C205.stream/playlist.m3u8","snapshot":"https://public.carsprogram.org/cameras/MN/C205","refreshMs":30000,"attribution":"Ora (Warner Varnado) · Minnesota DOT"}},{"type":"Feature","geometry":{"type":"Point","coordinates":[-93.55229,45.22929]},"properties":{"id":"ora-mn-1086","name":"MN 101: T.H.101 NB @ Co Rd 36","state":"MN","provider":"Minnesota DOT","hls":"https://video.dot.state.mn.us/public/C203.stream/playlist.m3u8","snapshot":"https://public.carsprogram.org/cameras/MN/C203","refreshMs":30000,"attribution":"Ora (Warner Varnado) · Minnesota DOT"}},{"type":"Feature","geometry":{"type":"Point","coordinates":[-93.55235,45.21037]},"properties":{"id":"ora-mn-1087","name":"MN 101: T.H.101 SB @ C.S.A.H.144","state":"MN","provider":"Minnesota DOT","hls":"https://video.dot.state.mn.us/public/C201.stream/playlist.m3u8","snapshot":"https://public.carsprogram.org/cameras/MN/C201","refreshMs":30000,"attribution":"Ora (Warner Varnado) · Minnesota DOT"}},{"type":"Feature","geometry":{"type":"Point","coordinates":[-93.55235,45.19949]},"properties":{"id":"ora-mn-1088","name":"MN 101: T.H.101 @ Diamond Lake Rd","state":"MN","provider":"Minnesota DOT","hls":"https://video.dot.state.mn.us/public/C200.stream/playlist.m3u8","snapshot":"https://public.carsprogram.org/cameras/MN/C200","refreshMs":30000,"attribution":"Ora (Warner Varnado) · Minnesota DOT"}},{"type":"Feature","geometry":{"type":"Point","coordinates":[-93.55236,45.1952]},"properties":{"id":"ora-mn-1089","name":"MN 101: I-94 WB @ T.H.101","state":"MN","provider":"Minnesota DOT","hls":"https://video.dot.state.mn.us/public/C802.stream/playlist.m3u8","snapshot":"https://public.carsprogram.org/cameras/MN/C802","refreshMs":30000,"attribution":"Ora (Warner Varnado) · Minnesota DOT"}},{"type":"Feature","geometry":{"type":"Point","coordinates":[-93.52452,44.86215]},"properties":{"id":"ora-mn-1090","name":"MN 101: T.H.5 WB @ T.H.101 NB (Dakota Av)","state":"MN","provider":"Minnesota DOT","hls":"https://video.dot.state.mn.us/public/C5014.stream/playlist.m3u8","snapshot":"https://public.carsprogram.org/cameras/MN/C5014","refreshMs":30000,"attribution":"Ora (Warner Varnado) · Minnesota DOT"}},{"type":"Feature","geometry":{"type":"Point","coordinates":[-93.53865,44.8448]},"properties":{"id":"ora-mn-1091","name":"MN 101: T.H.212 WB @ Co Rd 101","state":"MN","provider":"Minnesota DOT","hls":"https://video.dot.state.mn.us/public/C387.stream/playlist.m3u8","snapshot":"https://public.carsprogram.org/cameras/MN/C387","refreshMs":30000,"attribution":"Ora (Warner Varnado) · Minnesota DOT"}},{"type":"Feature","geometry":{"type":"Point","coordinates":[-93.40217,44.78486]},"properties":{"id":"ora-mn-1092","name":"MN 101: Co Rd 101 EB E of U.S.169","state":"MN","provider":"Minnesota DOT","hls":"https://video.dot.state.mn.us/public/C316.stream/playlist.m3u8","snapshot":"https://public.carsprogram.org/cameras/MN/C316","refreshMs":30000,"attribution":"Ora (Warner Varnado) · Minnesota DOT"}},{"type":"Feature","geometry":{"type":"Point","coordinates":[-93.37793,44.77922]},"properties":{"id":"ora-mn-1093","name":"MN 101: T.H.13 E-W @ T.H.101","state":"MN","provider":"Minnesota DOT","hls":"https://video.dot.state.mn.us/public/C1317.stream/playlist.m3u8","snapshot":"https://public.carsprogram.org/cameras/MN/C1317","refreshMs":30000,"attribution":"Ora (Warner Varnado) · Minnesota DOT"}},{"type":"Feature","geometry":{"type":"Point","coordinates":[-93.29918,45.06751]},"properties":{"id":"ora-mn-1094","name":"MN 100: I-94 EB @ Humboldt Ave","state":"MN","provider":"Minnesota DOT","hls":"https://video.dot.state.mn.us/public/C819.stream/playlist.m3u8","snapshot":"https://public.carsprogram.org/cameras/MN/C819","refreshMs":30000,"attribution":"Ora (Warner Varnado) · Minnesota DOT"}},{"type":"Feature","geometry":{"type":"Point","coordinates":[-93.30696,45.0598]},"properties":{"id":"ora-mn-1095","name":"MN 100: T.H.100 NB @ 57th Ave","state":"MN","provider":"Minnesota DOT","hls":"https://video.dot.state.mn.us/public/C226.stream/playlist.m3u8","snapshot":"https://public.carsprogram.org/cameras/MN/C226","refreshMs":30000,"attribution":"Ora (Warner Varnado) · Minnesota DOT"}},{"type":"Feature","geometry":{"type":"Point","coordinates":[-93.32264,45.05022]},"properties":{"id":"ora-mn-1096","name":"MN 100: T.H.100 NB @ Brooklyn Blvd","state":"MN","provider":"Minnesota DOT","hls":"https://video.dot.state.mn.us/public/C30080.stream/playlist.m3u8","snapshot":"https://public.carsprogram.org/cameras/MN/C30080","refreshMs":30000,"attribution":"Ora (Warner Varnado) · Minnesota DOT"}},{"type":"Feature","geometry":{"type":"Point","coordinates":[-93.3242,45.04852]},"properties":{"id":"ora-mn-1097","name":"MN 100: T.H.100 SB N of France Ave","state":"MN","provider":"Minnesota DOT","hls":"https://video.dot.state.mn.us/public/C225.stream/playlist.m3u8","snapshot":"https://public.carsprogram.org/cameras/MN/C225","refreshMs":30000,"attribution":"Ora (Warner Varnado) · Minnesota DOT"}},{"type":"Feature","geometry":{"type":"Point","coordinates":[-93.33003,45.04241]},"properties":{"id":"ora-mn-1098","name":"MN 100: T.H.100 NB @ France Ave","state":"MN","provider":"Minnesota DOT","hls":"https://video.dot.state.mn.us/public/C224.stream/playlist.m3u8","snapshot":"https://public.carsprogram.org/cameras/MN/C224","refreshMs":30000,"attribution":"Ora (Warner Varnado) · Minnesota DOT"}},{"type":"Feature","geometry":{"type":"Point","coordinates":[-93.34285,45.03629]},"properties":{"id":"ora-mn-1099","name":"MN 100: T.H.100 SB @ Co Rd 81","state":"MN","provider":"Minnesota DOT","hls":"https://video.dot.state.mn.us/public/C223.stream/playlist.m3u8","snapshot":"https://public.carsprogram.org/cameras/MN/C223","refreshMs":30000,"attribution":"Ora (Warner Varnado) · Minnesota DOT"}},{"type":"Feature","geometry":{"type":"Point","coordinates":[-93.34683,45.03151]},"properties":{"id":"ora-mn-1100","name":"MN 100: T.H.100 SB @ 42nd Ave","state":"MN","provider":"Minnesota DOT","hls":"https://video.dot.state.mn.us/public/C222.stream/playlist.m3u8","snapshot":"https://public.carsprogram.org/cameras/MN/C222","refreshMs":30000,"attribution":"Ora (Warner Varnado) · Minnesota DOT"}},{"type":"Feature","geometry":{"type":"Point","coordinates":[-93.34829,45.02196]},"properties":{"id":"ora-mn-1101","name":"MN 100: T.H.100 NB @ 36th Ave","state":"MN","provider":"Minnesota DOT","hls":"https://video.dot.state.mn.us/public/C221.stream/playlist.m3u8","snapshot":"https://public.carsprogram.org/cameras/MN/C221","refreshMs":30000,"attribution":"Ora (Warner Varnado) · Minnesota DOT"}},{"type":"Feature","geometry":{"type":"Point","coordinates":[-93.34919,45.0072]},"properties":{"id":"ora-mn-1102","name":"MN 100: T.H.100 NB N of Duluth St","state":"MN","provider":"Minnesota DOT","hls":"https://video.dot.state.mn.us/public/C220.stream/playlist.m3u8","snapshot":"https://public.carsprogram.org/cameras/MN/C220","refreshMs":30000,"attribution":"Ora (Warner Varnado) · Minnesota DOT"}},{"type":"Feature","geometry":{"type":"Point","coordinates":[-93.34921,44.99893]},"properties":{"id":"ora-mn-1103","name":"MN 100: T.H.100 SB @ Duluth St","state":"MN","provider":"Minnesota DOT","hls":"https://video.dot.state.mn.us/public/C219.stream/playlist.m3u8","snapshot":"https://public.carsprogram.org/cameras/MN/C219","refreshMs":30000,"attribution":"Ora (Warner Varnado) · Minnesota DOT"}},{"type":"Feature","geometry":{"type":"Point","coordinates":[-93.34908,44.9855]},"properties":{"id":"ora-mn-1104","name":"MN 100: T.H.100 SB @ T.H.55","state":"MN","provider":"Minnesota DOT","hls":"https://video.dot.state.mn.us/public/C218.stream/playlist.m3u8","snapshot":"https://public.carsprogram.org/cameras/MN/C218","refreshMs":30000,"attribution":"Ora (Warner Varnado) · Minnesota DOT"}},{"type":"Feature","geometry":{"type":"Point","coordinates":[-93.345,44.9779]},"properties":{"id":"ora-mn-1105","name":"MN 100: T.H.100 SB @ Glenwood Ave","state":"MN","provider":"Minnesota DOT","hls":"https://video.dot.state.mn.us/public/C217.stream/playlist.m3u8","snapshot":"https://public.carsprogram.org/cameras/MN/C217","refreshMs":30000,"attribution":"Ora (Warner Varnado) · Minnesota DOT"}},{"type":"Feature","geometry":{"type":"Point","coordinates":[-93.34073,44.97123]},"properties":{"id":"ora-mn-1106","name":"MN 100: I-394 WB @ T.H.100","state":"MN","provider":"Minnesota DOT","hls":"https://video.dot.state.mn.us/public/C912.stream/playlist.m3u8","snapshot":"https://public.carsprogram.org/cameras/MN/C912","refreshMs":30000,"attribution":"Ora (Warner Varnado) · Minnesota DOT"}},{"type":"Feature","geometry":{"type":"Point","coordinates":[-93.34188,44.96798]},"properties":{"id":"ora-mn-1107","name":"MN 100: T.H.100 NB S of I-394","state":"MN","provider":"Minnesota DOT","hls":"https://video.dot.state.mn.us/public/C30718.stream/playlist.m3u8","snapshot":"https://public.carsprogram.org/cameras/MN/C30718","refreshMs":30000,"attribution":"Ora (Warner Varnado) · Minnesota DOT"}},{"type":"Feature","geometry":{"type":"Point","coordinates":[-93.34688,44.95684]},"properties":{"id":"ora-mn-1108","name":"MN 100: T.H.100 NB @ 25.5 St W (Barry St)","state":"MN","provider":"Minnesota DOT","hls":"https://video.dot.state.mn.us/public/C216.stream/playlist.m3u8","snapshot":"https://public.carsprogram.org/cameras/MN/C216","refreshMs":30000,"attribution":"Ora (Warner Varnado) · Minnesota DOT"}},{"type":"Feature","geometry":{"type":"Point","coordinates":[-93.34779,44.94834]},"properties":{"id":"ora-mn-1109","name":"MN 100: T.H.100 SB @ Minnetonka Blvd EB","state":"MN","provider":"Minnesota DOT","hls":"https://video.dot.state.mn.us/public/C2151.stream/playlist.m3u8","snapshot":"https://public.carsprogram.org/cameras/MN/C2151","refreshMs":30000,"attribution":"Ora (Warner Varnado) · Minnesota DOT"}},{"type":"Feature","geometry":{"type":"Point","coordinates":[-93.34783,44.94354]},"properties":{"id":"ora-mn-1110","name":"MN 100: T.H.100 NB @ T.H.7 EB","state":"MN","provider":"Minnesota DOT","hls":"https://video.dot.state.mn.us/public/C215.stream/playlist.m3u8","snapshot":"https://public.carsprogram.org/cameras/MN/C215","refreshMs":30000,"attribution":"Ora (Warner Varnado) · Minnesota DOT"}},{"type":"Feature","geometry":{"type":"Point","coordinates":[-93.34923,44.9378]},"properties":{"id":"ora-mn-1111","name":"MN 100: T.H.100 NB @ 36th St EB","state":"MN","provider":"Minnesota DOT","hls":"https://video.dot.state.mn.us/public/C2141.stream/playlist.m3u8","snapshot":"https://public.carsprogram.org/cameras/MN/C2141","refreshMs":30000,"attribution":"Ora (Warner Varnado) · Minnesota DOT"}},{"type":"Feature","geometry":{"type":"Point","coordinates":[-93.34986,44.92891]},"properties":{"id":"ora-mn-1112","name":"MN 100: T.H.100 SB @ Excelsior Blvd","state":"MN","provider":"Minnesota DOT","hls":"https://video.dot.state.mn.us/public/C214.stream/playlist.m3u8","snapshot":"https://public.carsprogram.org/cameras/MN/C214","refreshMs":30000,"attribution":"Ora (Warner Varnado) · Minnesota DOT"}},{"type":"Feature","geometry":{"type":"Point","coordinates":[-93.34936,44.92083]},"properties":{"id":"ora-mn-1113","name":"MN 100: T.H.100 NB N of 50th St","state":"MN","provider":"Minnesota DOT","hls":"https://video.dot.state.mn.us/public/C30564.stream/playlist.m3u8","snapshot":"https://public.carsprogram.org/cameras/MN/C30564","refreshMs":30000,"attribution":"Ora (Warner Varnado) · Minnesota DOT"}},{"type":"Feature","geometry":{"type":"Point","coordinates":[-93.35061,44.91314]},"properties":{"id":"ora-mn-1114","name":"MN 100: T.H.100 SB @ 50th St","state":"MN","provider":"Minnesota DOT","hls":"https://video.dot.state.mn.us/public/C213.stream/playlist.m3u8","snapshot":"https://public.carsprogram.org/cameras/MN/C213","refreshMs":30000,"attribution":"Ora (Warner Varnado) · Minnesota DOT"}},{"type":"Feature","geometry":{"type":"Point","coordinates":[-93.35067,44.91258]},"properties":{"id":"ora-mn-1115","name":"MN 100: T.H.100 SB @ Vernon Ave (W ramp)","state":"MN","provider":"Minnesota DOT","hls":"https://video.dot.state.mn.us/public/C30520.stream/playlist.m3u8","snapshot":"https://public.carsprogram.org/cameras/MN/C30520","refreshMs":30000,"attribution":"Ora (Warner Varnado) · Minnesota DOT"}},{"type":"Feature","geometry":{"type":"Point","coordinates":[-93.35069,44.91224]},"properties":{"id":"ora-mn-1116","name":"MN 100: T.H.100 NB @ Vernon Ave (E ramp)","state":"MN","provider":"Minnesota DOT","hls":"https://video.dot.state.mn.us/public/C30654.stream/playlist.m3u8","snapshot":"https://public.carsprogram.org/cameras/MN/C30654","refreshMs":30000,"attribution":"Ora (Warner Varnado) · Minnesota DOT"}},{"type":"Feature","geometry":{"type":"Point","coordinates":[-93.34996,44.90426]},"properties":{"id":"ora-mn-1117","name":"MN 100: T.H.100 SB @ Windsor Ave","state":"MN","provider":"Minnesota DOT","hls":"https://video.dot.state.mn.us/public/C30710.stream/playlist.m3u8","snapshot":"https://public.carsprogram.org/cameras/MN/C30710","refreshMs":30000,"attribution":"Ora (Warner Varnado) · Minnesota DOT"}},{"type":"Feature","geometry":{"type":"Point","coordinates":[-93.34991,44.89647]},"properties":{"id":"ora-mn-1118","name":"MN 100: T.H.100 SB @ Benton Ave","state":"MN","provider":"Minnesota DOT","hls":"https://video.dot.state.mn.us/public/C212.stream/playlist.m3u8","snapshot":"https://public.carsprogram.org/cameras/MN/C212","refreshMs":30000,"attribution":"Ora (Warner Varnado) · Minnesota DOT"}},{"type":"Feature","geometry":{"type":"Point","coordinates":[-93.34992,44.89]},"properties":{"id":"ora-mn-1119","name":"MN 100: T.H.62 WB @ T.H.100","state":"MN","provider":"Minnesota DOT","hls":"https://video.dot.state.mn.us/public/C117.stream/playlist.m3u8","snapshot":"https://public.carsprogram.org/cameras/MN/C117","refreshMs":30000,"attribution":"Ora (Warner Varnado) · Minnesota DOT"}},{"type":"Feature","geometry":{"type":"Point","coordinates":[-93.35025,44.88261]},"properties":{"id":"ora-mn-1120","name":"MN 100: T.H.100 SB @ 66th St","state":"MN","provider":"Minnesota DOT","hls":"https://video.dot.state.mn.us/public/C210.stream/playlist.m3u8","snapshot":"https://public.carsprogram.org/cameras/MN/C210","refreshMs":30000,"attribution":"Ora (Warner Varnado) · Minnesota DOT"}},{"type":"Feature","geometry":{"type":"Point","coordinates":[-93.35035,44.87648]},"properties":{"id":"ora-mn-1121","name":"MN 100: T.H.100 NB @ W 70th St WB","state":"MN","provider":"Minnesota DOT","hls":"https://video.dot.state.mn.us/public/C30145.stream/playlist.m3u8","snapshot":"https://public.carsprogram.org/cameras/MN/C30145","refreshMs":30000,"attribution":"Ora (Warner Varnado) · Minnesota DOT"}},{"type":"Feature","geometry":{"type":"Point","coordinates":[-93.3499,44.8643]},"properties":{"id":"ora-mn-1122","name":"MN 100: T.H.100 NB @ 77th St (Edina Industrial Blvd)","state":"MN","provider":"Minnesota DOT","hls":"https://video.dot.state.mn.us/public/C209.stream/playlist.m3u8","snapshot":"https://public.carsprogram.org/cameras/MN/C209","refreshMs":30000,"attribution":"Ora (Warner Varnado) · Minnesota DOT"}},{"type":"Feature","geometry":{"type":"Point","coordinates":[-93.0088,45.25232]},"properties":{"id":"ora-mn-1123","name":"MN 97: T.H.97 EB @ Everton Ave","state":"MN","provider":"Minnesota DOT","hls":null,"snapshot":"https://public.carsprogram.org/cameras/MN/C30663?1783724040000","refreshMs":30000,"attribution":"Ora (Warner Varnado) · Minnesota DOT"}},{"type":"Feature","geometry":{"type":"Point","coordinates":[-93.02189,45.25043]},"properties":{"id":"ora-mn-1124","name":"MN 97: T.H.97 WB @ Hornsby St","state":"MN","provider":"Minnesota DOT","hls":"https://video.dot.state.mn.us/public/C30208.stream/playlist.m3u8","snapshot":"https://public.carsprogram.org/cameras/MN/C30208","refreshMs":30000,"attribution":"Ora (Warner Varnado) · Minnesota DOT"}},{"type":"Feature","geometry":{"type":"Point","coordinates":[-93.02561,45.25058]},"properties":{"id":"ora-mn-1125","name":"MN 97: I-35 SB @ T.H.97 (Lake Dr NE)","state":"MN","provider":"Minnesota DOT","hls":"https://video.dot.state.mn.us/public/C057.stream/playlist.m3u8","snapshot":"https://public.carsprogram.org/cameras/MN/C057","refreshMs":30000,"attribution":"Ora (Warner Varnado) · Minnesota DOT"}},{"type":"Feature","geometry":{"type":"Point","coordinates":[-92.86395,44.77805]},"properties":{"id":"ora-mn-1126","name":"MN 95: T.H.61 NB @ T.H.95","state":"MN","provider":"Minnesota DOT","hls":"https://video.dot.state.mn.us/public/C1666.stream/playlist.m3u8","snapshot":"https://public.carsprogram.org/cameras/MN/C1666","refreshMs":30000,"attribution":"Ora (Warner Varnado) · Minnesota DOT"}},{"type":"Feature","geometry":{"type":"Point","coordinates":[-92.86275,44.94515]},"properties":{"id":"ora-mn-1127","name":"MN 95: T.H.95 NB @ Hudson Rd (Manning Av S)","state":"MN","provider":"Minnesota DOT","hls":"https://video.dot.state.mn.us/public/C30479.stream/playlist.m3u8","snapshot":"https://public.carsprogram.org/cameras/MN/C30479","refreshMs":30000,"attribution":"Ora (Warner Varnado) · Minnesota DOT"}},{"type":"Feature","geometry":{"type":"Point","coordinates":[-92.86277,44.94887]},"properties":{"id":"ora-mn-1128","name":"MN 95: I-94 WB @ Manning Ave (T.H.95 South)","state":"MN","provider":"Minnesota DOT","hls":"https://video.dot.state.mn.us/public/C865.stream/playlist.m3u8","snapshot":"https://public.carsprogram.org/cameras/MN/C865","refreshMs":30000,"attribution":"Ora (Warner Varnado) · Minnesota DOT"}},{"type":"Feature","geometry":{"type":"Point","coordinates":[-92.77915,44.98771]},"properties":{"id":"ora-mn-1129","name":"MN 95: T.H.95 SB S of Quant Ave N","state":"MN","provider":"Minnesota DOT","hls":null,"snapshot":"https://public.carsprogram.org/cameras/MN/C9501?1783724040000","refreshMs":30000,"attribution":"Ora (Warner Varnado) · Minnesota DOT"}},{"type":"Feature","geometry":{"type":"Point","coordinates":[-92.78263,45.02505]},"properties":{"id":"ora-mn-1130","name":"MN 95: T.H.95 NB @ 8th Ave N","state":"MN","provider":"Minnesota DOT","hls":null,"snapshot":"https://public.carsprogram.org/cameras/MN/C9502?1783724040000","refreshMs":30000,"attribution":"Ora (Warner Varnado) · Minnesota DOT"}},{"type":"Feature","geometry":{"type":"Point","coordinates":[-92.78597,45.02965]},"properties":{"id":"ora-mn-1131","name":"MN 95: T.H.95 NB @ C.S.A.H.21 (King Plant Dr/56th St)","state":"MN","provider":"Minnesota DOT","hls":"https://video.dot.state.mn.us/public/C9503.stream/playlist.m3u8","snapshot":"https://public.carsprogram.org/cameras/MN/C9503","refreshMs":30000,"attribution":"Ora (Warner Varnado) · Minnesota DOT"}},{"type":"Feature","geometry":{"type":"Point","coordinates":[-92.79104,45.0344]},"properties":{"id":"ora-mn-1132","name":"MN 95: T.H.95 NB S of T.H.36","state":"MN","provider":"Minnesota DOT","hls":"https://video.dot.state.mn.us/public/C9504.stream/playlist.m3u8","snapshot":"https://public.carsprogram.org/cameras/MN/C9504","refreshMs":30000,"attribution":"Ora (Warner Varnado) · Minnesota DOT"}},{"type":"Feature","geometry":{"type":"Point","coordinates":[-92.79146,45.03472]},"properties":{"id":"ora-mn-1133","name":"MN 95: T.H.36 EB @ T.H.95","state":"MN","provider":"Minnesota DOT","hls":"https://video.dot.state.mn.us/public/C3629.stream/playlist.m3u8","snapshot":"https://public.carsprogram.org/cameras/MN/C3629","refreshMs":30000,"attribution":"Ora (Warner Varnado) · Minnesota DOT"}},{"type":"Feature","geometry":{"type":"Point","coordinates":[-92.8052,45.05437]},"properties":{"id":"ora-mn-1134","name":"MN 95: T.H.95 @ Nelson St","state":"MN","provider":"Minnesota DOT","hls":"https://video.dot.state.mn.us/public/C9506.stream/playlist.m3u8","snapshot":"https://public.carsprogram.org/cameras/MN/C9506","refreshMs":30000,"attribution":"Ora (Warner Varnado) · Minnesota DOT"}},{"type":"Feature","geometry":{"type":"Point","coordinates":[-92.80579,45.05565]},"properties":{"id":"ora-mn-1135","name":"MN 95: T.H.95 NB @ Chestnut St","state":"MN","provider":"Minnesota DOT","hls":"https://video.dot.state.mn.us/public/C9507.stream/playlist.m3u8","snapshot":"https://public.carsprogram.org/cameras/MN/C9507","refreshMs":30000,"attribution":"Ora (Warner Varnado) · Minnesota DOT"}},{"type":"Feature","geometry":{"type":"Point","coordinates":[-92.80614,45.05649]},"properties":{"id":"ora-mn-1136","name":"MN 95: T.H.95 SB @ Myrtle St","state":"MN","provider":"Minnesota DOT","hls":"https://video.dot.state.mn.us/public/C9508.stream/playlist.m3u8","snapshot":"https://public.carsprogram.org/cameras/MN/C9508","refreshMs":30000,"attribution":"Ora (Warner Varnado) · Minnesota DOT"}},{"type":"Feature","geometry":{"type":"Point","coordinates":[-92.99148,45.51027]},"properties":{"id":"ora-mn-1137","name":"MN 95: I-35 NB @ T.H.95 (MP 147.8)","state":"MN","provider":"Minnesota DOT","hls":"https://video.dot.state.mn.us/public/C30539.stream/playlist.m3u8","snapshot":"https://public.carsprogram.org/cameras/MN/C30539","refreshMs":30000,"attribution":"Ora (Warner Varnado) · Minnesota DOT"}},{"type":"Feature","geometry":{"type":"Point","coordinates":[-92.99432,45.51009]},"properties":{"id":"ora-mn-1138","name":"MN 95: I-35 SB @ T.H.95 (MP 147.9)","state":"MN","provider":"Minnesota DOT","hls":"https://video.dot.state.mn.us/public/C30625.stream/playlist.m3u8","snapshot":"https://public.carsprogram.org/cameras/MN/C30625","refreshMs":30000,"attribution":"Ora (Warner Varnado) · Minnesota DOT"}},{"type":"Feature","geometry":{"type":"Point","coordinates":[-95.73095,48.4364]},"properties":{"id":"ora-mn-1139","name":"MN 89: T.H.89 (Gatzke - MP 96): T.H.89 (Gatzke - MP 96) View 1","state":"MN","provider":"Minnesota DOT","hls":null,"snapshot":"https://public.carsprogram.org/cameras/MN/C30389-v1?1783724040000","refreshMs":30000,"attribution":"Ora (Warner Varnado) · Minnesota DOT"}},{"type":"Feature","geometry":{"type":"Point","coordinates":[-95.00621,47.77647]},"properties":{"id":"ora-mn-1140","name":"MN 89: T.H.89 (Red Lake - MP 19.13): T.H.89 (Red Lake - MP 19.13) View 1","state":"MN","provider":"Minnesota DOT","hls":null,"snapshot":"https://public.carsprogram.org/cameras/MN/C30399-v1?1783724040000","refreshMs":30000,"attribution":"Ora (Warner Varnado) · Minnesota DOT"}},{"type":"Feature","geometry":{"type":"Point","coordinates":[-95.60206,46.4036]},"properties":{"id":"ora-mn-1141","name":"MN 78: T.H.78 (Ottertail - MP 34): T.H.78 (Ottertail - MP 34) View 1","state":"MN","provider":"Minnesota DOT","hls":null,"snapshot":"https://public.carsprogram.org/cameras/MN/C30388-v1?1783724040000","refreshMs":30000,"attribution":"Ora (Warner Varnado) · Minnesota DOT"}},{"type":"Feature","geometry":{"type":"Point","coordinates":[-93.24673,44.88342]},"properties":{"id":"ora-mn-1142","name":"MN 77: T.H.77 NB @ 66th St","state":"MN","provider":"Minnesota DOT","hls":"https://video.dot.state.mn.us/public/C512.stream/playlist.m3u8","snapshot":"https://public.carsprogram.org/cameras/MN/C512","refreshMs":30000,"attribution":"Ora (Warner Varnado) · Minnesota DOT"}},{"type":"Feature","geometry":{"type":"Point","coordinates":[-93.24688,44.87717]},"properties":{"id":"ora-mn-1143","name":"MN 77: T.H.77 SB N of Diagonal Blvd","state":"MN","provider":"Minnesota DOT","hls":"https://video.dot.state.mn.us/public/C30747.stream/playlist.m3u8","snapshot":"https://public.carsprogram.org/cameras/MN/C30747","refreshMs":30000,"attribution":"Ora (Warner Varnado) · Minnesota DOT"}},{"type":"Feature","geometry":{"type":"Point","coordinates":[-93.24727,44.85976]},"properties":{"id":"ora-mn-1144","name":"MN 77: T.H.77 N-S @ American Blvd","state":"MN","provider":"Minnesota DOT","hls":"https://video.dot.state.mn.us/public/C30686.stream/playlist.m3u8","snapshot":"https://public.carsprogram.org/cameras/MN/C30686","refreshMs":30000,"attribution":"Ora (Warner Varnado) · Minnesota DOT"}},{"type":"Feature","geometry":{"type":"Point","coordinates":[-93.24704,44.85496]},"properties":{"id":"ora-mn-1145","name":"MN 77: T.H.77 SB @ 84th St","state":"MN","provider":"Minnesota DOT","hls":"https://video.dot.state.mn.us/public/C511.stream/playlist.m3u8","snapshot":"https://public.carsprogram.org/cameras/MN/C511","refreshMs":30000,"attribution":"Ora (Warner Varnado) · Minnesota DOT"}},{"type":"Feature","geometry":{"type":"Point","coordinates":[-93.24721,44.85074]},"properties":{"id":"ora-mn-1146","name":"MN 77: T.H.77 SB S of Killebrew Dr","state":"MN","provider":"Minnesota DOT","hls":"https://video.dot.state.mn.us/public/C5111.stream/playlist.m3u8","snapshot":"https://public.carsprogram.org/cameras/MN/C5111","refreshMs":30000,"attribution":"Ora (Warner Varnado) · Minnesota DOT"}},{"type":"Feature","geometry":{"type":"Point","coordinates":[-93.24674,44.84434]},"properties":{"id":"ora-mn-1147","name":"MN 77: T.H.77 SB N of Old Shakopee Rd","state":"MN","provider":"Minnesota DOT","hls":"https://video.dot.state.mn.us/public/C30603.stream/playlist.m3u8","snapshot":"https://public.carsprogram.org/cameras/MN/C30603","refreshMs":30000,"attribution":"Ora (Warner Varnado) · Minnesota DOT"}},{"type":"Feature","geometry":{"type":"Point","coordinates":[-93.24376,44.84036]},"properties":{"id":"ora-mn-1148","name":"MN 77: T.H.77 SB @ Old Shakopee Rd","state":"MN","provider":"Minnesota DOT","hls":"https://video.dot.state.mn.us/public/C510.stream/playlist.m3u8","snapshot":"https://public.carsprogram.org/cameras/MN/C510","refreshMs":30000,"attribution":"Ora (Warner Varnado) · Minnesota DOT"}},{"type":"Feature","geometry":{"type":"Point","coordinates":[-93.23978,44.83559]},"properties":{"id":"ora-mn-1149","name":"MN 77: T.H.77 SB S of Old Shakopee Rd (Minnesota River)","state":"MN","provider":"Minnesota DOT","hls":"https://video.dot.state.mn.us/public/C30604.stream/playlist.m3u8","snapshot":"https://public.carsprogram.org/cameras/MN/C30604","refreshMs":30000,"attribution":"Ora (Warner Varnado) · Minnesota DOT"}},{"type":"Feature","geometry":{"type":"Point","coordinates":[-93.22701,44.82443]},"properties":{"id":"ora-mn-1150","name":"MN 77: T.H.77 SB (Minnesota River)","state":"MN","provider":"Minnesota DOT","hls":"https://video.dot.state.mn.us/public/C509.stream/playlist.m3u8","snapshot":"https://public.carsprogram.org/cameras/MN/C509","refreshMs":30000,"attribution":"Ora (Warner Varnado) · Minnesota DOT"}},{"type":"Feature","geometry":{"type":"Point","coordinates":[-93.22128,44.81564]},"properties":{"id":"ora-mn-1151","name":"MN 77: T.H.77 SB @ T.H.13","state":"MN","provider":"Minnesota DOT","hls":"https://video.dot.state.mn.us/public/C508.stream/playlist.m3u8","snapshot":"https://public.carsprogram.org/cameras/MN/C508","refreshMs":30000,"attribution":"Ora (Warner Varnado) · Minnesota DOT"}},{"type":"Feature","geometry":{"type":"Point","coordinates":[-93.21945,44.8123]},"properties":{"id":"ora-mn-1152","name":"MN 77: T.H.77 S of T.H.13","state":"MN","provider":"Minnesota DOT","hls":"https://video.dot.state.mn.us/public/C5071.stream/playlist.m3u8","snapshot":"https://public.carsprogram.org/cameras/MN/C5071","refreshMs":30000,"attribution":"Ora (Warner Varnado) · Minnesota DOT"}},{"type":"Feature","geometry":{"type":"Point","coordinates":[-93.22067,44.80505]},"properties":{"id":"ora-mn-1153","name":"MN 77: T.H.77 SB @ Diffley Rd","state":"MN","provider":"Minnesota DOT","hls":"https://video.dot.state.mn.us/public/C507.stream/playlist.m3u8","snapshot":"https://public.carsprogram.org/cameras/MN/C507","refreshMs":30000,"attribution":"Ora (Warner Varnado) · Minnesota DOT"}},{"type":"Feature","geometry":{"type":"Point","coordinates":[-93.22125,44.79055]},"properties":{"id":"ora-mn-1154","name":"MN 77: T.H.77 SB @ Cliff Rd","state":"MN","provider":"Minnesota DOT","hls":"https://video.dot.state.mn.us/public/C506.stream/playlist.m3u8","snapshot":"https://public.carsprogram.org/cameras/MN/C506","refreshMs":30000,"attribution":"Ora (Warner Varnado) · Minnesota DOT"}},{"type":"Feature","geometry":{"type":"Point","coordinates":[-93.21718,44.77911]},"properties":{"id":"ora-mn-1155","name":"MN 77: T.H.77 SB @ I-35E","state":"MN","provider":"Minnesota DOT","hls":"https://video.dot.state.mn.us/public/C505.stream/playlist.m3u8","snapshot":"https://public.carsprogram.org/cameras/MN/C505","refreshMs":30000,"attribution":"Ora (Warner Varnado) · Minnesota DOT"}},{"type":"Feature","geometry":{"type":"Point","coordinates":[-93.21707,44.77716]},"properties":{"id":"ora-mn-1156","name":"MN 77: I-35E NB @ T.H.77","state":"MN","provider":"Minnesota DOT","hls":"https://video.dot.state.mn.us/public/C014.stream/playlist.m3u8","snapshot":"https://public.carsprogram.org/cameras/MN/C014","refreshMs":30000,"attribution":"Ora (Warner Varnado) · Minnesota DOT"}},{"type":"Feature","geometry":{"type":"Point","coordinates":[-93.21741,44.766]},"properties":{"id":"ora-mn-1157","name":"MN 77: T.H.77 SB @ 127th St (Palomino Dr)","state":"MN","provider":"Minnesota DOT","hls":"https://video.dot.state.mn.us/public/C504.stream/playlist.m3u8","snapshot":"https://public.carsprogram.org/cameras/MN/C504","refreshMs":30000,"attribution":"Ora (Warner Varnado) · Minnesota DOT"}},{"type":"Feature","geometry":{"type":"Point","coordinates":[-93.2176,44.75995]},"properties":{"id":"ora-mn-1158","name":"MN 77: T.H.77 SB @ Co Rd 38 (McAndrews Rd)","state":"MN","provider":"Minnesota DOT","hls":"https://video.dot.state.mn.us/public/C503.stream/playlist.m3u8","snapshot":"https://public.carsprogram.org/cameras/MN/C503","refreshMs":30000,"attribution":"Ora (Warner Varnado) · Minnesota DOT"}},{"type":"Feature","geometry":{"type":"Point","coordinates":[-94.56069,48.61425]},"properties":{"id":"ora-mn-1159","name":"MN 72: T.H.72 (Baudette - MP 67.85): T.H.72 (Baudette - MP 67.85) View 1","state":"MN","provider":"Minnesota DOT","hls":null,"snapshot":"https://public.carsprogram.org/cameras/MN/C30398-v1?1783724040000","refreshMs":30000,"attribution":"Ora (Warner Varnado) · Minnesota DOT"}},{"type":"Feature","geometry":{"type":"Point","coordinates":[-94.55359,48.20727]},"properties":{"id":"ora-mn-1160","name":"MN 72: T.H.72 (Waskish - MP 40): T.H.72 (Waskish - MP 40) View 1","state":"MN","provider":"Minnesota DOT","hls":null,"snapshot":"https://public.carsprogram.org/cameras/MN/C30386-v1?1783724040000","refreshMs":30000,"attribution":"Ora (Warner Varnado) · Minnesota DOT"}},{"type":"Feature","geometry":{"type":"Point","coordinates":[-95.47245,44.39939]},"properties":{"id":"ora-mn-1161","name":"MN 68: T.H.68 (Milroy - MP 59.0): T.H.68 (Milroy - MP 59.0) View 1","state":"MN","provider":"Minnesota DOT","hls":null,"snapshot":"https://public.carsprogram.org/cameras/MN/C30347-v1?1783724040000","refreshMs":30000,"attribution":"Ora (Warner Varnado) · Minnesota DOT"}},{"type":"Feature","geometry":{"type":"Point","coordinates":[-96.05154,44.58708]},"properties":{"id":"ora-mn-1162","name":"MN 68: T.H.68 (Taunton - MP 22.9): T.H.68 (Taunton - MP 22.9) View 1","state":"MN","provider":"Minnesota DOT","hls":null,"snapshot":"https://public.carsprogram.org/cameras/MN/C30348-v1?1783724040000","refreshMs":30000,"attribution":"Ora (Warner Varnado) · Minnesota DOT"}},{"type":"Feature","geometry":{"type":"Point","coordinates":[-93.19414,47.61226]},"properties":{"id":"ora-mn-1163","name":"MN 65: T.H.65 (Buck Lake - MP 192.9): T.H.65 (Buck Lake - MP 192.9) View 1","state":"MN","provider":"Minnesota DOT","hls":null,"snapshot":"https://public.carsprogram.org/cameras/MN/C30437-v1?1783724040000","refreshMs":30000,"attribution":"Ora (Warner Varnado) · Minnesota DOT"}},{"type":"Feature","geometry":{"type":"Point","coordinates":[-93.27348,46.97845]},"properties":{"id":"ora-mn-1164","name":"MN 65: T.H.65 (Jacobson - MP 145): T.H.65 (Jacobson - MP 145) View 1","state":"MN","provider":"Minnesota DOT","hls":null,"snapshot":"https://public.carsprogram.org/cameras/MN/C30384-v1?1783724040000","refreshMs":30000,"attribution":"Ora (Warner Varnado) · Minnesota DOT"}},{"type":"Feature","geometry":{"type":"Point","coordinates":[-93.26189,46.33954]},"properties":{"id":"ora-mn-1165","name":"MN 65: T.H.65 (McGrath - MP 98): T.H.65 (McGrath - MP 98) View 1","state":"MN","provider":"Minnesota DOT","hls":null,"snapshot":"https://public.carsprogram.org/cameras/MN/C30383-v1?1783724040000","refreshMs":30000,"attribution":"Ora (Warner Varnado) · Minnesota DOT"}},{"type":"Feature","geometry":{"type":"Point","coordinates":[-93.23476,45.39906]},"properties":{"id":"ora-mn-1166","name":"MN 65: T.H.65 NB @ C.S.A.H.24 (237th Av)","state":"MN","provider":"Minnesota DOT","hls":"https://video.dot.state.mn.us/public/C1503.stream/playlist.m3u8","snapshot":"https://public.carsprogram.org/cameras/MN/C1503","refreshMs":30000,"attribution":"Ora (Warner Varnado) · Minnesota DOT"}},{"type":"Feature","geometry":{"type":"Point","coordinates":[-93.23645,45.3713]},"properties":{"id":"ora-mn-1167","name":"MN 65: T.H.65 SB @ Co Rd 74 (221st Av)","state":"MN","provider":"Minnesota DOT","hls":"https://video.dot.state.mn.us/public/C1507.stream/playlist.m3u8","snapshot":"https://public.carsprogram.org/cameras/MN/C1507","refreshMs":30000,"attribution":"Ora (Warner Varnado) · Minnesota DOT"}},{"type":"Feature","geometry":{"type":"Point","coordinates":[-93.23664,45.35638]},"properties":{"id":"ora-mn-1168","name":"MN 65: T.H.65 N-S @ 213th Ave (Sims Rd/Co Rd 86)","state":"MN","provider":"Minnesota DOT","hls":"https://video.dot.state.mn.us/public/C1502.stream/playlist.m3u8","snapshot":"https://public.carsprogram.org/cameras/MN/C1502","refreshMs":30000,"attribution":"Ora (Warner Varnado) · Minnesota DOT"}},{"type":"Feature","geometry":{"type":"Point","coordinates":[-93.23663,45.34667]},"properties":{"id":"ora-mn-1169","name":"MN 65: T.H.65 (East Bethel - MP 25.8): T.H.65 (East Bethel - MP 25.8) View 1","state":"MN","provider":"Minnesota DOT","hls":null,"snapshot":"https://public.carsprogram.org/cameras/MN/C30379-v1?1783724040000","refreshMs":30000,"attribution":"Ora (Warner Varnado) · Minnesota DOT"}},{"type":"Feature","geometry":{"type":"Point","coordinates":[-93.2361,45.3215]},"properties":{"id":"ora-mn-1170","name":"MN 65: T.H.65 SB N of Viking Blvd","state":"MN","provider":"Minnesota DOT","hls":"https://video.dot.state.mn.us/public/C30058.stream/playlist.m3u8","snapshot":"https://public.carsprogram.org/cameras/MN/C30058","refreshMs":30000,"attribution":"Ora (Warner Varnado) · Minnesota DOT"}},{"type":"Feature","geometry":{"type":"Point","coordinates":[-93.23599,45.31977]},"properties":{"id":"ora-mn-1171","name":"MN 65: T.H.65 NB @ Viking Blvd","state":"MN","provider":"Minnesota DOT","hls":"https://video.dot.state.mn.us/public/C30057.stream/playlist.m3u8","snapshot":"https://public.carsprogram.org/cameras/MN/C30057","refreshMs":30000,"attribution":"Ora (Warner Varnado) · Minnesota DOT"}},{"type":"Feature","geometry":{"type":"Point","coordinates":[-93.23588,45.31795]},"properties":{"id":"ora-mn-1172","name":"MN 65: T.H.65 S of Viking Blvd","state":"MN","provider":"Minnesota DOT","hls":"https://video.dot.state.mn.us/public/C30056.stream/playlist.m3u8","snapshot":"https://public.carsprogram.org/cameras/MN/C30056","refreshMs":30000,"attribution":"Ora (Warner Varnado) · Minnesota DOT"}},{"type":"Feature","geometry":{"type":"Point","coordinates":[-93.23418,45.2882]},"properties":{"id":"ora-mn-1173","name":"MN 65: T.H.65 NB @ Crosstown Blvd","state":"MN","provider":"Minnesota DOT","hls":"https://video.dot.state.mn.us/public/C1500.stream/playlist.m3u8","snapshot":"https://public.carsprogram.org/cameras/MN/C1500","refreshMs":30000,"attribution":"Ora (Warner Varnado) · Minnesota DOT"}},{"type":"Feature","geometry":{"type":"Point","coordinates":[-93.23447,45.26643]},"properties":{"id":"ora-mn-1174","name":"MN 65: T.H.65 NB @ Constance Blvd","state":"MN","provider":"Minnesota DOT","hls":"https://video.dot.state.mn.us/public/C1499.stream/playlist.m3u8","snapshot":"https://public.carsprogram.org/cameras/MN/C1499","refreshMs":30000,"attribution":"Ora (Warner Varnado) · Minnesota DOT"}},{"type":"Feature","geometry":{"type":"Point","coordinates":[-93.23459,45.2372]},"properties":{"id":"ora-mn-1175","name":"MN 65: T.H.65 N-S @ 147th Ave (Andover Blvd)","state":"MN","provider":"Minnesota DOT","hls":"https://video.dot.state.mn.us/public/C1498.stream/playlist.m3u8","snapshot":"https://public.carsprogram.org/cameras/MN/C1498","refreshMs":30000,"attribution":"Ora (Warner Varnado) · Minnesota DOT"}},{"type":"Feature","geometry":{"type":"Point","coordinates":[-93.23442,45.21916]},"properties":{"id":"ora-mn-1176","name":"MN 65: T.H.65 NB @ Bunker Lake Blvd","state":"MN","provider":"Minnesota DOT","hls":"https://video.dot.state.mn.us/public/C1497.stream/playlist.m3u8","snapshot":"https://public.carsprogram.org/cameras/MN/C1497","refreshMs":30000,"attribution":"Ora (Warner Varnado) · Minnesota DOT"}},{"type":"Feature","geometry":{"type":"Point","coordinates":[-93.23465,45.1832]},"properties":{"id":"ora-mn-1177","name":"MN 65: T.H.65 SB @ 117th Ave","state":"MN","provider":"Minnesota DOT","hls":"https://video.dot.state.mn.us/public/C1495.stream/playlist.m3u8","snapshot":"https://public.carsprogram.org/cameras/MN/C1495","refreshMs":30000,"attribution":"Ora (Warner Varnado) · Minnesota DOT"}},{"type":"Feature","geometry":{"type":"Point","coordinates":[-93.23488,45.16765]},"properties":{"id":"ora-mn-1178","name":"MN 65: T.H.65 SB @ 109th Ave","state":"MN","provider":"Minnesota DOT","hls":"https://video.dot.state.mn.us/public/C1494.stream/playlist.m3u8","snapshot":"https://public.carsprogram.org/cameras/MN/C1494","refreshMs":30000,"attribution":"Ora (Warner Varnado) · Minnesota DOT"}},{"type":"Feature","geometry":{"type":"Point","coordinates":[-93.2349,45.16104]},"properties":{"id":"ora-mn-1179","name":"MN 65: T.H.65 NB @ 105th Ave","state":"MN","provider":"Minnesota DOT","hls":"https://video.dot.state.mn.us/public/C1493.stream/playlist.m3u8","snapshot":"https://public.carsprogram.org/cameras/MN/C1493","refreshMs":30000,"attribution":"Ora (Warner Varnado) · Minnesota DOT"}},{"type":"Feature","geometry":{"type":"Point","coordinates":[-93.23511,45.14962]},"properties":{"id":"ora-mn-1180","name":"MN 65: T.H.65 SB @ 99th Ave","state":"MN","provider":"Minnesota DOT","hls":"https://video.dot.state.mn.us/public/C1492.stream/playlist.m3u8","snapshot":"https://public.carsprogram.org/cameras/MN/C1492","refreshMs":30000,"attribution":"Ora (Warner Varnado) · Minnesota DOT"}},{"type":"Feature","geometry":{"type":"Point","coordinates":[-93.23517,45.14034]},"properties":{"id":"ora-mn-1181","name":"MN 65: T.H.65 N-S @ 93rd Ln (Clover Leaf Pkwy)","state":"MN","provider":"Minnesota DOT","hls":"https://video.dot.state.mn.us/public/C1491.stream/playlist.m3u8","snapshot":"https://public.carsprogram.org/cameras/MN/C1491","refreshMs":30000,"attribution":"Ora (Warner Varnado) · Minnesota DOT"}},{"type":"Feature","geometry":{"type":"Point","coordinates":[-93.23518,45.12495]},"properties":{"id":"ora-mn-1182","name":"MN 65: T.H.65 NB @ 85th Ave NE","state":"MN","provider":"Minnesota DOT","hls":"https://video.dot.state.mn.us/public/C1490.stream/playlist.m3u8","snapshot":"https://public.carsprogram.org/cameras/MN/C1490","refreshMs":30000,"attribution":"Ora (Warner Varnado) · Minnesota DOT"}},{"type":"Feature","geometry":{"type":"Point","coordinates":[-93.24157,45.11495]},"properties":{"id":"ora-mn-1183","name":"MN 65: T.H.65 SB @ 81st Ave NE","state":"MN","provider":"Minnesota DOT","hls":"https://video.dot.state.mn.us/public/C1488.stream/playlist.m3u8","snapshot":"https://public.carsprogram.org/cameras/MN/C1488","refreshMs":30000,"attribution":"Ora (Warner Varnado) · Minnesota DOT"}},{"type":"Feature","geometry":{"type":"Point","coordinates":[-93.24355,45.10831]},"properties":{"id":"ora-mn-1184","name":"MN 65: T.H.65 NB @ Osborne Rd","state":"MN","provider":"Minnesota DOT","hls":"https://video.dot.state.mn.us/public/C1487.stream/playlist.m3u8","snapshot":"https://public.carsprogram.org/cameras/MN/C1487","refreshMs":30000,"attribution":"Ora (Warner Varnado) · Minnesota DOT"}},{"type":"Feature","geometry":{"type":"Point","coordinates":[-93.24358,45.10101]},"properties":{"id":"ora-mn-1185","name":"MN 65: T.H.65 SB @ 73rd Ave","state":"MN","provider":"Minnesota DOT","hls":"https://video.dot.state.mn.us/public/C1486.stream/playlist.m3u8","snapshot":"https://public.carsprogram.org/cameras/MN/C1486","refreshMs":30000,"attribution":"Ora (Warner Varnado) · Minnesota DOT"}},{"type":"Feature","geometry":{"type":"Point","coordinates":[-93.24321,45.08661]},"properties":{"id":"ora-mn-1186","name":"MN 65: T.H.65 NB @ Mississippi St","state":"MN","provider":"Minnesota DOT","hls":"https://video.dot.state.mn.us/public/C1485.stream/playlist.m3u8","snapshot":"https://public.carsprogram.org/cameras/MN/C1485","refreshMs":30000,"attribution":"Ora (Warner Varnado) · Minnesota DOT"}},{"type":"Feature","geometry":{"type":"Point","coordinates":[-93.24725,45.07169]},"properties":{"id":"ora-mn-1187","name":"MN 65: T.H.65 SB @ Medtronic Pkwy","state":"MN","provider":"Minnesota DOT","hls":"https://video.dot.state.mn.us/public/C1483.stream/playlist.m3u8","snapshot":"https://public.carsprogram.org/cameras/MN/C1483","refreshMs":30000,"attribution":"Ora (Warner Varnado) · Minnesota DOT"}},{"type":"Feature","geometry":{"type":"Point","coordinates":[-93.24744,45.0646]},"properties":{"id":"ora-mn-1188","name":"MN 65: T.H.65 SB @ 53rd Ave","state":"MN","provider":"Minnesota DOT","hls":"https://video.dot.state.mn.us/public/C1482.stream/playlist.m3u8","snapshot":"https://public.carsprogram.org/cameras/MN/C1482","refreshMs":30000,"attribution":"Ora (Warner Varnado) · Minnesota DOT"}},{"type":"Feature","geometry":{"type":"Point","coordinates":[-93.24749,45.06249]},"properties":{"id":"ora-mn-1189","name":"MN 65: T.H.65 SB @ 52nd Ave","state":"MN","provider":"Minnesota DOT","hls":"https://video.dot.state.mn.us/public/C1481.stream/playlist.m3u8","snapshot":"https://public.carsprogram.org/cameras/MN/C1481","refreshMs":30000,"attribution":"Ora (Warner Varnado) · Minnesota DOT"}},{"type":"Feature","geometry":{"type":"Point","coordinates":[-93.24746,45.05911]},"properties":{"id":"ora-mn-1190","name":"MN 65: T.H.65 SB @ 50th Ave","state":"MN","provider":"Minnesota DOT","hls":"https://video.dot.state.mn.us/public/C1480.stream/playlist.m3u8","snapshot":"https://public.carsprogram.org/cameras/MN/C1480","refreshMs":30000,"attribution":"Ora (Warner Varnado) · Minnesota DOT"}},{"type":"Feature","geometry":{"type":"Point","coordinates":[-93.24744,45.05728]},"properties":{"id":"ora-mn-1191","name":"MN 65: T.H.65 SB @ 49th Ave","state":"MN","provider":"Minnesota DOT","hls":"https://video.dot.state.mn.us/public/C1479.stream/playlist.m3u8","snapshot":"https://public.carsprogram.org/cameras/MN/C1479","refreshMs":30000,"attribution":"Ora (Warner Varnado) · Minnesota DOT"}},{"type":"Feature","geometry":{"type":"Point","coordinates":[-93.24745,45.05348]},"properties":{"id":"ora-mn-1192","name":"MN 65: T.H.65 NB @ 47th Ave","state":"MN","provider":"Minnesota DOT","hls":"https://video.dot.state.mn.us/public/C1478.stream/playlist.m3u8","snapshot":"https://public.carsprogram.org/cameras/MN/C1478","refreshMs":30000,"attribution":"Ora (Warner Varnado) · Minnesota DOT"}},{"type":"Feature","geometry":{"type":"Point","coordinates":[-93.24735,45.04986]},"properties":{"id":"ora-mn-1193","name":"MN 65: T.H.65 NB @ 45th Ave","state":"MN","provider":"Minnesota DOT","hls":"https://video.dot.state.mn.us/public/C1477.stream/playlist.m3u8","snapshot":"https://public.carsprogram.org/cameras/MN/C1477","refreshMs":30000,"attribution":"Ora (Warner Varnado) · Minnesota DOT"}},{"type":"Feature","geometry":{"type":"Point","coordinates":[-93.24733,45.04818]},"properties":{"id":"ora-mn-1194","name":"MN 65: T.H.65 SB @ 44th Ave","state":"MN","provider":"Minnesota DOT","hls":"https://video.dot.state.mn.us/public/C1476.stream/playlist.m3u8","snapshot":"https://public.carsprogram.org/cameras/MN/C1476","refreshMs":30000,"attribution":"Ora (Warner Varnado) · Minnesota DOT"}},{"type":"Feature","geometry":{"type":"Point","coordinates":[-93.24729,45.04265]},"properties":{"id":"ora-mn-1195","name":"MN 65: T.H.65 SB @ 41st Ave","state":"MN","provider":"Minnesota DOT","hls":"https://video.dot.state.mn.us/public/C1475.stream/playlist.m3u8","snapshot":"https://public.carsprogram.org/cameras/MN/C1475","refreshMs":30000,"attribution":"Ora (Warner Varnado) · Minnesota DOT"}},{"type":"Feature","geometry":{"type":"Point","coordinates":[-93.2473,45.0408]},"properties":{"id":"ora-mn-1196","name":"MN 65: T.H.65 NB @ 40th Ave","state":"MN","provider":"Minnesota DOT","hls":"https://video.dot.state.mn.us/public/C1474.stream/playlist.m3u8","snapshot":"https://public.carsprogram.org/cameras/MN/C1474","refreshMs":30000,"attribution":"Ora (Warner Varnado) · Minnesota DOT"}},{"type":"Feature","geometry":{"type":"Point","coordinates":[-94.72276,46.91178]},"properties":{"id":"ora-mn-1197","name":"MN 64: T.H.64 (Chamberlain - MP 42): T.H.64 (Chamberlain - MP 42) View 1","state":"MN","provider":"Minnesota DOT","hls":null,"snapshot":"https://public.carsprogram.org/cameras/MN/C30382-v1?1783724040000","refreshMs":30000,"attribution":"Ora (Warner Varnado) · Minnesota DOT"}},{"type":"Feature","geometry":{"type":"Point","coordinates":[-93.0769,44.87571]},"properties":{"id":"ora-mn-1198","name":"MN 62: I-494 WB @ T.H.62","state":"MN","provider":"Minnesota DOT","hls":"https://video.dot.state.mn.us/public/C409.stream/playlist.m3u8","snapshot":"https://public.carsprogram.org/cameras/MN/C409","refreshMs":30000,"attribution":"Ora (Warner Varnado) · Minnesota DOT"}},{"type":"Feature","geometry":{"type":"Point","coordinates":[-93.09106,44.88238]},"properties":{"id":"ora-mn-1199","name":"MN 62: T.H.62 EB @ Mendota Rd","state":"MN","provider":"Minnesota DOT","hls":"https://video.dot.state.mn.us/public/C1117.stream/playlist.m3u8","snapshot":"https://public.carsprogram.org/cameras/MN/C1117","refreshMs":30000,"attribution":"Ora (Warner Varnado) · Minnesota DOT"}},{"type":"Feature","geometry":{"type":"Point","coordinates":[-93.10686,44.88337]},"properties":{"id":"ora-mn-1200","name":"MN 62: T.H.62 EB @ Delaware Ave","state":"MN","provider":"Minnesota DOT","hls":"https://video.dot.state.mn.us/public/C1116.stream/playlist.m3u8","snapshot":"https://public.carsprogram.org/cameras/MN/C1116","refreshMs":30000,"attribution":"Ora (Warner Varnado) · Minnesota DOT"}},{"type":"Feature","geometry":{"type":"Point","coordinates":[-93.13933,44.88367]},"properties":{"id":"ora-mn-1201","name":"MN 62: I-35E SB @ T.H.62","state":"MN","provider":"Minnesota DOT","hls":"https://video.dot.state.mn.us/public/C023.stream/playlist.m3u8","snapshot":"https://public.carsprogram.org/cameras/MN/C023","refreshMs":30000,"attribution":"Ora (Warner Varnado) · Minnesota DOT"}},{"type":"Feature","geometry":{"type":"Point","coordinates":[-93.14668,44.88362]},"properties":{"id":"ora-mn-1202","name":"MN 62: T.H.62 EB @ Lexington Ave","state":"MN","provider":"Minnesota DOT","hls":"https://video.dot.state.mn.us/public/C30529.stream/playlist.m3u8","snapshot":"https://public.carsprogram.org/cameras/MN/C30529","refreshMs":30000,"attribution":"Ora (Warner Varnado) · Minnesota DOT"}},{"type":"Feature","geometry":{"type":"Point","coordinates":[-93.16507,44.88233]},"properties":{"id":"ora-mn-1203","name":"MN 62: T.H.62 EB @ T.H.55","state":"MN","provider":"Minnesota DOT","hls":"https://video.dot.state.mn.us/public/C104.stream/playlist.m3u8","snapshot":"https://public.carsprogram.org/cameras/MN/C104","refreshMs":30000,"attribution":"Ora (Warner Varnado) · Minnesota DOT"}},{"type":"Feature","geometry":{"type":"Point","coordinates":[-93.18534,44.89152]},"properties":{"id":"ora-mn-1204","name":"MN 62: T.H.62 WB @ T.H.5","state":"MN","provider":"Minnesota DOT","hls":"https://video.dot.state.mn.us/public/C105.stream/playlist.m3u8","snapshot":"https://public.carsprogram.org/cameras/MN/C105","refreshMs":30000,"attribution":"Ora (Warner Varnado) · Minnesota DOT"}},{"type":"Feature","geometry":{"type":"Point","coordinates":[-93.18826,44.89219]},"properties":{"id":"ora-mn-1205","name":"MN 62: T.H.62 EB @ Bloomington Rd","state":"MN","provider":"Minnesota DOT","hls":"https://video.dot.state.mn.us/public/C30598.stream/playlist.m3u8","snapshot":"https://public.carsprogram.org/cameras/MN/C30598","refreshMs":30000,"attribution":"Ora (Warner Varnado) · Minnesota DOT"}},{"type":"Feature","geometry":{"type":"Point","coordinates":[-93.21183,44.89828]},"properties":{"id":"ora-mn-1206","name":"MN 62: T.H.62 WB @ 43rd Ave","state":"MN","provider":"Minnesota DOT","hls":"https://video.dot.state.mn.us/public/C107.stream/playlist.m3u8","snapshot":"https://public.carsprogram.org/cameras/MN/C107","refreshMs":30000,"attribution":"Ora (Warner Varnado) · Minnesota DOT"}},{"type":"Feature","geometry":{"type":"Point","coordinates":[-93.23146,44.89735]},"properties":{"id":"ora-mn-1207","name":"MN 62: T.H.62 WB @ 28th Ave","state":"MN","provider":"Minnesota DOT","hls":"https://video.dot.state.mn.us/public/C108.stream/playlist.m3u8","snapshot":"https://public.carsprogram.org/cameras/MN/C108","refreshMs":30000,"attribution":"Ora (Warner Varnado) · Minnesota DOT"}},{"type":"Feature","geometry":{"type":"Point","coordinates":[-93.24766,44.89544]},"properties":{"id":"ora-mn-1208","name":"MN 62: T.H.62 EB @ T.H.77","state":"MN","provider":"Minnesota DOT","hls":"https://video.dot.state.mn.us/public/C513.stream/playlist.m3u8","snapshot":"https://public.carsprogram.org/cameras/MN/C513","refreshMs":30000,"attribution":"Ora (Warner Varnado) · Minnesota DOT"}},{"type":"Feature","geometry":{"type":"Point","coordinates":[-93.25036,44.89488]},"properties":{"id":"ora-mn-1209","name":"MN 62: T.H.62 WB @ Bloomington Ave","state":"MN","provider":"Minnesota DOT","hls":"https://video.dot.state.mn.us/public/C109.stream/playlist.m3u8","snapshot":"https://public.carsprogram.org/cameras/MN/C109","refreshMs":30000,"attribution":"Ora (Warner Varnado) · Minnesota DOT"}},{"type":"Feature","geometry":{"type":"Point","coordinates":[-93.25748,44.89059]},"properties":{"id":"ora-mn-1210","name":"MN 62: T.H.62 EB E of Portland Ave","state":"MN","provider":"Minnesota DOT","hls":"https://video.dot.state.mn.us/public/C30693.stream/playlist.m3u8","snapshot":"https://public.carsprogram.org/cameras/MN/C30693","refreshMs":30000,"attribution":"Ora (Warner Varnado) · Minnesota DOT"}},{"type":"Feature","geometry":{"type":"Point","coordinates":[-93.26737,44.89068]},"properties":{"id":"ora-mn-1211","name":"MN 62: T.H.62 WB @ Portland Ave","state":"MN","provider":"Minnesota DOT","hls":"https://video.dot.state.mn.us/public/C30499.stream/playlist.m3u8","snapshot":"https://public.carsprogram.org/cameras/MN/C30499","refreshMs":30000,"attribution":"Ora (Warner Varnado) · Minnesota DOT"}},{"type":"Feature","geometry":{"type":"Point","coordinates":[-93.26816,44.89068]},"properties":{"id":"ora-mn-1212","name":"MN 62: T.H.62 EB @ Portland Ave","state":"MN","provider":"Minnesota DOT","hls":"https://video.dot.state.mn.us/public/C110.stream/playlist.m3u8","snapshot":"https://public.carsprogram.org/cameras/MN/C110","refreshMs":30000,"attribution":"Ora (Warner Varnado) · Minnesota DOT"}},{"type":"Feature","geometry":{"type":"Point","coordinates":[-93.27435,44.89054]},"properties":{"id":"ora-mn-1213","name":"MN 62: I-35W NB E Jct T.H.62","state":"MN","provider":"Minnesota DOT","hls":"https://video.dot.state.mn.us/public/C616.stream/playlist.m3u8","snapshot":"https://public.carsprogram.org/cameras/MN/C616","refreshMs":30000,"attribution":"Ora (Warner Varnado) · Minnesota DOT"}},{"type":"Feature","geometry":{"type":"Point","coordinates":[-93.27575,44.89046]},"properties":{"id":"ora-mn-1214","name":"MN 62: T.H.62 EB @ I-35W","state":"MN","provider":"Minnesota DOT","hls":"https://video.dot.state.mn.us/public/C111.stream/playlist.m3u8","snapshot":"https://public.carsprogram.org/cameras/MN/C111","refreshMs":30000,"attribution":"Ora (Warner Varnado) · Minnesota DOT"}},{"type":"Feature","geometry":{"type":"Point","coordinates":[-93.29623,44.89014]},"properties":{"id":"ora-mn-1215","name":"MN 62: T.H.62 EB E of Penn Ave","state":"MN","provider":"Minnesota DOT","hls":"https://video.dot.state.mn.us/public/C113.stream/playlist.m3u8","snapshot":"https://public.carsprogram.org/cameras/MN/C113","refreshMs":30000,"attribution":"Ora (Warner Varnado) · Minnesota DOT"}},{"type":"Feature","geometry":{"type":"Point","coordinates":[-93.30843,44.89057]},"properties":{"id":"ora-mn-1216","name":"MN 62: T.H.62 WB @ Penn Ave","state":"MN","provider":"Minnesota DOT","hls":"https://video.dot.state.mn.us/public/C114.stream/playlist.m3u8","snapshot":"https://public.carsprogram.org/cameras/MN/C114","refreshMs":30000,"attribution":"Ora (Warner Varnado) · Minnesota DOT"}},{"type":"Feature","geometry":{"type":"Point","coordinates":[-93.31905,44.89068]},"properties":{"id":"ora-mn-1217","name":"MN 62: T.H.62 WB @ Xerxes Ave","state":"MN","provider":"Minnesota DOT","hls":"https://video.dot.state.mn.us/public/C115.stream/playlist.m3u8","snapshot":"https://public.carsprogram.org/cameras/MN/C115","refreshMs":30000,"attribution":"Ora (Warner Varnado) · Minnesota DOT"}},{"type":"Feature","geometry":{"type":"Point","coordinates":[-93.32873,44.88695]},"properties":{"id":"ora-mn-1218","name":"MN 62: T.H.62 EB @ France Ave","state":"MN","provider":"Minnesota DOT","hls":"https://video.dot.state.mn.us/public/C116.stream/playlist.m3u8","snapshot":"https://public.carsprogram.org/cameras/MN/C116","refreshMs":30000,"attribution":"Ora (Warner Varnado) · Minnesota DOT"}},{"type":"Feature","geometry":{"type":"Point","coordinates":[-93.34289,44.88696]},"properties":{"id":"ora-mn-1219","name":"MN 62: T.H.62 EB E of T.H.100","state":"MN","provider":"Minnesota DOT","hls":"https://video.dot.state.mn.us/public/C30482.stream/playlist.m3u8","snapshot":"https://public.carsprogram.org/cameras/MN/C30482","refreshMs":30000,"attribution":"Ora (Warner Varnado) · Minnesota DOT"}},{"type":"Feature","geometry":{"type":"Point","coordinates":[-93.36145,44.88867]},"properties":{"id":"ora-mn-1220","name":"MN 62: T.H.62 WB E of Tracy Ave","state":"MN","provider":"Minnesota DOT","hls":"https://video.dot.state.mn.us/public/C30694.stream/playlist.m3u8","snapshot":"https://public.carsprogram.org/cameras/MN/C30694","refreshMs":30000,"attribution":"Ora (Warner Varnado) · Minnesota DOT"}},{"type":"Feature","geometry":{"type":"Point","coordinates":[-93.36913,44.88728]},"properties":{"id":"ora-mn-1221","name":"MN 62: T.H.62 EB @ Tracy Ave","state":"MN","provider":"Minnesota DOT","hls":"https://video.dot.state.mn.us/public/C118.stream/playlist.m3u8","snapshot":"https://public.carsprogram.org/cameras/MN/C118","refreshMs":30000,"attribution":"Ora (Warner Varnado) · Minnesota DOT"}},{"type":"Feature","geometry":{"type":"Point","coordinates":[-93.38715,44.88942]},"properties":{"id":"ora-mn-1222","name":"MN 62: T.H.62 EB @ Gleason Rd","state":"MN","provider":"Minnesota DOT","hls":"https://video.dot.state.mn.us/public/C119.stream/playlist.m3u8","snapshot":"https://public.carsprogram.org/cameras/MN/C119","refreshMs":30000,"attribution":"Ora (Warner Varnado) · Minnesota DOT"}},{"type":"Feature","geometry":{"type":"Point","coordinates":[-93.41521,44.8927]},"properties":{"id":"ora-mn-1223","name":"MN 62: T.H.62 WB E of Shady Oak Rd","state":"MN","provider":"Minnesota DOT","hls":"https://video.dot.state.mn.us/public/C121.stream/playlist.m3u8","snapshot":"https://public.carsprogram.org/cameras/MN/C121","refreshMs":30000,"attribution":"Ora (Warner Varnado) · Minnesota DOT"}},{"type":"Feature","geometry":{"type":"Point","coordinates":[-93.42311,44.89236]},"properties":{"id":"ora-mn-1224","name":"MN 62: T.H.62 EB @ Shady Oak Rd","state":"MN","provider":"Minnesota DOT","hls":"https://video.dot.state.mn.us/public/C30750.stream/playlist.m3u8","snapshot":"https://public.carsprogram.org/cameras/MN/C30750","refreshMs":30000,"attribution":"Ora (Warner Varnado) · Minnesota DOT"}},{"type":"Feature","geometry":{"type":"Point","coordinates":[-93.4362,44.8919]},"properties":{"id":"ora-mn-1225","name":"MN 62: T.H.62 EB E of Clearwater Dr","state":"MN","provider":"Minnesota DOT","hls":"https://video.dot.state.mn.us/public/C122.stream/playlist.m3u8","snapshot":"https://public.carsprogram.org/cameras/MN/C122","refreshMs":30000,"attribution":"Ora (Warner Varnado) · Minnesota DOT"}},{"type":"Feature","geometry":{"type":"Point","coordinates":[-89.68326,47.97498]},"properties":{"id":"ora-mn-1226","name":"MN 61: T.H.61 (Grand Portage - MP 146): T.H.61 (Grand Portage - MP 146) View 1","state":"MN","provider":"Minnesota DOT","hls":null,"snapshot":"https://public.carsprogram.org/cameras/MN/C30381-v1?1783724040000","refreshMs":30000,"attribution":"Ora (Warner Varnado) · Minnesota DOT"}},{"type":"Feature","geometry":{"type":"Point","coordinates":[-90.31373,47.75805]},"properties":{"id":"ora-mn-1227","name":"MN 61: T.H.61 (Grand Marais - MP 110.8): T.H.61 (Grand Marais - MP 110.8) View 1","state":"MN","provider":"Minnesota DOT","hls":null,"snapshot":"https://public.carsprogram.org/cameras/MN/C30428-v1?1783724040000","refreshMs":30000,"attribution":"Ora (Warner Varnado) · Minnesota DOT"}},{"type":"Feature","geometry":{"type":"Point","coordinates":[-90.33286,47.75116]},"properties":{"id":"ora-mn-1228","name":"MN 61: T.H.61 @ Broadway Ave","state":"MN","provider":"Minnesota DOT","hls":null,"snapshot":"https://public.carsprogram.org/cameras/MN/C30209?1783724040000","refreshMs":30000,"attribution":"Ora (Warner Varnado) · Minnesota DOT"}},{"type":"Feature","geometry":{"type":"Point","coordinates":[-90.89598,47.54453]},"properties":{"id":"ora-mn-1229","name":"MN 61: T.H.61 (Schroeder - MP 78.9): T.H.61 (Schroeder - MP 78.9) View 1","state":"MN","provider":"Minnesota DOT","hls":null,"snapshot":"https://public.carsprogram.org/cameras/MN/C30436-v1?1783724040000","refreshMs":30000,"attribution":"Ora (Warner Varnado) · Minnesota DOT"}},{"type":"Feature","geometry":{"type":"Point","coordinates":[-91.59402,47.06771]},"properties":{"id":"ora-mn-1230","name":"MN 61: T.H.61 NB (Silver Cliff Tunnel 2)","state":"MN","provider":"Minnesota DOT","hls":null,"snapshot":"https://public.carsprogram.org/cameras/MN/C61-052?1783724040000","refreshMs":30000,"attribution":"Ora (Warner Varnado) · Minnesota DOT"}},{"type":"Feature","geometry":{"type":"Point","coordinates":[-91.59529,47.06677]},"properties":{"id":"ora-mn-1231","name":"MN 61: T.H.61 NB (Silver Cliff Tunnel 1)","state":"MN","provider":"Minnesota DOT","hls":null,"snapshot":"https://public.carsprogram.org/cameras/MN/C61-053?1783724040000","refreshMs":30000,"attribution":"Ora (Warner Varnado) · Minnesota DOT"}},{"type":"Feature","geometry":{"type":"Point","coordinates":[-91.66544,47.02601]},"properties":{"id":"ora-mn-1232","name":"MN 61: T.H.61 EB @ 4th St","state":"MN","provider":"Minnesota DOT","hls":null,"snapshot":"https://public.carsprogram.org/cameras/MN/C30102?1783724040000","refreshMs":30000,"attribution":"Ora (Warner Varnado) · Minnesota DOT"}},{"type":"Feature","geometry":{"type":"Point","coordinates":[-92.68492,44.29258]},"properties":{"id":"ora-mn-1233","name":"MN 60: T.H.52 SB @ T.H.60 WB (MP 78)","state":"MN","provider":"Minnesota DOT","hls":"https://video.dot.state.mn.us/public/C30090.stream/playlist.m3u8","snapshot":"https://public.carsprogram.org/cameras/MN/C30090","refreshMs":30000,"attribution":"Ora (Warner Varnado) · Minnesota DOT"}},{"type":"Feature","geometry":{"type":"Point","coordinates":[-93.30993,44.29141]},"properties":{"id":"ora-mn-1234","name":"MN 60: I-35 SB @ T.H.60 (MP 56.9)","state":"MN","provider":"Minnesota DOT","hls":"https://video.dot.state.mn.us/public/D6-C114.stream/playlist.m3u8","snapshot":"https://public.carsprogram.org/cameras/MN/D6-C114","refreshMs":30000,"attribution":"Ora (Warner Varnado) · Minnesota DOT"}},{"type":"Feature","geometry":{"type":"Point","coordinates":[-94.36787,44.0752]},"properties":{"id":"ora-mn-1235","name":"MN 60: U.S.61 (Madelia - MP 86): U.S.61 (Madelia - MP 86) View 1","state":"MN","provider":"Minnesota DOT","hls":null,"snapshot":"https://public.carsprogram.org/cameras/MN/C30365-v1?1783724040000","refreshMs":30000,"attribution":"Ora (Warner Varnado) · Minnesota DOT"}},{"type":"Feature","geometry":{"type":"Point","coordinates":[-94.99954,43.91848]},"properties":{"id":"ora-mn-1236","name":"MN 60: T.H.60 (Mountain Lake - MP 48.2): T.H.60 (Mountain Lake - MP 48.2) View 1","state":"MN","provider":"Minnesota DOT","hls":null,"snapshot":"https://public.carsprogram.org/cameras/MN/C30342-v1?1783724040000","refreshMs":30000,"attribution":"Ora (Warner Varnado) · Minnesota DOT"}},{"type":"Feature","geometry":{"type":"Point","coordinates":[-92.67053,44.28135]},"properties":{"id":"ora-mn-1237","name":"MN 58: T.H.52 SB @ T.H.58 (MP 77)","state":"MN","provider":"Minnesota DOT","hls":"https://video.dot.state.mn.us/public/C30089.stream/playlist.m3u8","snapshot":"https://public.carsprogram.org/cameras/MN/C30089","refreshMs":30000,"attribution":"Ora (Warner Varnado) · Minnesota DOT"}},{"type":"Feature","geometry":{"type":"Point","coordinates":[-92.86307,44.73825]},"properties":{"id":"ora-mn-1238","name":"MN 55: T.H.55 WB @ Pine St SB","state":"MN","provider":"Minnesota DOT","hls":"https://video.dot.state.mn.us/public/C30097.stream/playlist.m3u8","snapshot":"https://public.carsprogram.org/cameras/MN/C30097","refreshMs":30000,"attribution":"Ora (Warner Varnado) · Minnesota DOT"}},{"type":"Feature","geometry":{"type":"Point","coordinates":[-92.86536,44.73826]},"properties":{"id":"ora-mn-1239","name":"MN 55: T.H.55 WB @ River St SB","state":"MN","provider":"Minnesota DOT","hls":"https://video.dot.state.mn.us/public/C30098.stream/playlist.m3u8","snapshot":"https://public.carsprogram.org/cameras/MN/C30098","refreshMs":30000,"attribution":"Ora (Warner Varnado) · Minnesota DOT"}},{"type":"Feature","geometry":{"type":"Point","coordinates":[-92.87511,44.73823]},"properties":{"id":"ora-mn-1240","name":"MN 55: T.H.55 WB @ Westview Dr NB","state":"MN","provider":"Minnesota DOT","hls":"https://video.dot.state.mn.us/public/C30099.stream/playlist.m3u8","snapshot":"https://public.carsprogram.org/cameras/MN/C30099","refreshMs":30000,"attribution":"Ora (Warner Varnado) · Minnesota DOT"}},{"type":"Feature","geometry":{"type":"Point","coordinates":[-92.88252,44.73821]},"properties":{"id":"ora-mn-1241","name":"MN 55: T.H.55 EB @ Pleasant Dr NB","state":"MN","provider":"Minnesota DOT","hls":"https://video.dot.state.mn.us/public/C30100.stream/playlist.m3u8","snapshot":"https://public.carsprogram.org/cameras/MN/C30100","refreshMs":30000,"attribution":"Ora (Warner Varnado) · Minnesota DOT"}},{"type":"Feature","geometry":{"type":"Point","coordinates":[-92.88969,44.73827]},"properties":{"id":"ora-mn-1242","name":"MN 55: T.H.55 EB @ General Sieben Dr NB","state":"MN","provider":"Minnesota DOT","hls":"https://video.dot.state.mn.us/public/C30101.stream/playlist.m3u8","snapshot":"https://public.carsprogram.org/cameras/MN/C30101","refreshMs":30000,"attribution":"Ora (Warner Varnado) · Minnesota DOT"}},{"type":"Feature","geometry":{"type":"Point","coordinates":[-92.90299,44.73834]},"properties":{"id":"ora-mn-1243","name":"MN 55: T.H.55 WB @ Jacob Ave (MP 217.80)","state":"MN","provider":"Minnesota DOT","hls":"https://video.dot.state.mn.us/public/C30646.stream/playlist.m3u8","snapshot":"https://public.carsprogram.org/cameras/MN/C30646","refreshMs":30000,"attribution":"Ora (Warner Varnado) · Minnesota DOT"}},{"type":"Feature","geometry":{"type":"Point","coordinates":[-92.95364,44.74172]},"properties":{"id":"ora-mn-1244","name":"MN 55: T.H.55 WB @ Goodwin Ave (MP 215.31)","state":"MN","provider":"Minnesota DOT","hls":"https://video.dot.state.mn.us/public/C30645.stream/playlist.m3u8","snapshot":"https://public.carsprogram.org/cameras/MN/C30645","refreshMs":30000,"attribution":"Ora (Warner Varnado) · Minnesota DOT"}},{"type":"Feature","geometry":{"type":"Point","coordinates":[-92.98593,44.74262]},"properties":{"id":"ora-mn-1245","name":"MN 55: T.H.55 WB E of Co Rd 42 (MP 213.68)","state":"MN","provider":"Minnesota DOT","hls":"https://video.dot.state.mn.us/public/C30644.stream/playlist.m3u8","snapshot":"https://public.carsprogram.org/cameras/MN/C30644","refreshMs":30000,"attribution":"Ora (Warner Varnado) · Minnesota DOT"}},{"type":"Feature","geometry":{"type":"Point","coordinates":[-93.00965,44.75481]},"properties":{"id":"ora-mn-1246","name":"MN 55: T.H.55 WB @ Doyle Path (MP 212.2)","state":"MN","provider":"Minnesota DOT","hls":"https://video.dot.state.mn.us/public/C30643.stream/playlist.m3u8","snapshot":"https://public.carsprogram.org/cameras/MN/C30643","refreshMs":30000,"attribution":"Ora (Warner Varnado) · Minnesota DOT"}},{"type":"Feature","geometry":{"type":"Point","coordinates":[-93.05922,44.82405]},"properties":{"id":"ora-mn-1247","name":"MN 55: T.H.52 SB @ T.H.55","state":"MN","provider":"Minnesota DOT","hls":"https://video.dot.state.mn.us/public/C550.stream/playlist.m3u8","snapshot":"https://public.carsprogram.org/cameras/MN/C550","refreshMs":30000,"attribution":"Ora (Warner Varnado) · Minnesota DOT"}},{"type":"Feature","geometry":{"type":"Point","coordinates":[-93.09995,44.83907]},"properties":{"id":"ora-mn-1248","name":"MN 55: T.H.55 EB @ Argenta Tr","state":"MN","provider":"Minnesota DOT","hls":"https://video.dot.state.mn.us/public/C101.stream/playlist.m3u8","snapshot":"https://public.carsprogram.org/cameras/MN/C101","refreshMs":30000,"attribution":"Ora (Warner Varnado) · Minnesota DOT"}},{"type":"Feature","geometry":{"type":"Point","coordinates":[-93.12429,44.84607]},"properties":{"id":"ora-mn-1249","name":"MN 55: T.H.149 SB S Jct T.H.55","state":"MN","provider":"Minnesota DOT","hls":"https://video.dot.state.mn.us/public/C4949.stream/playlist.m3u8","snapshot":"https://public.carsprogram.org/cameras/MN/C4949","refreshMs":30000,"attribution":"Ora (Warner Varnado) · Minnesota DOT"}},{"type":"Feature","geometry":{"type":"Point","coordinates":[-93.12652,44.84791]},"properties":{"id":"ora-mn-1250","name":"MN 55: T.H.55 EB @ Lone Oak Rd","state":"MN","provider":"Minnesota DOT","hls":"https://video.dot.state.mn.us/public/C30541.stream/playlist.m3u8","snapshot":"https://public.carsprogram.org/cameras/MN/C30541","refreshMs":30000,"attribution":"Ora (Warner Varnado) · Minnesota DOT"}},{"type":"Feature","geometry":{"type":"Point","coordinates":[-93.12955,44.85174]},"properties":{"id":"ora-mn-1251","name":"MN 55: T.H.149 SB N Jct T.H.55","state":"MN","provider":"Minnesota DOT","hls":"https://video.dot.state.mn.us/public/C4950.stream/playlist.m3u8","snapshot":"https://public.carsprogram.org/cameras/MN/C4950","refreshMs":30000,"attribution":"Ora (Warner Varnado) · Minnesota DOT"}},{"type":"Feature","geometry":{"type":"Point","coordinates":[-93.1438,44.85798]},"properties":{"id":"ora-mn-1252","name":"MN 55: T.H.55 EB @ Lexington Ave","state":"MN","provider":"Minnesota DOT","hls":"https://video.dot.state.mn.us/public/C102.stream/playlist.m3u8","snapshot":"https://public.carsprogram.org/cameras/MN/C102","refreshMs":30000,"attribution":"Ora (Warner Varnado) · Minnesota DOT"}},{"type":"Feature","geometry":{"type":"Point","coordinates":[-93.15383,44.86557]},"properties":{"id":"ora-mn-1253","name":"MN 55: T.H.55 WB @ Mendota Heights Rd","state":"MN","provider":"Minnesota DOT","hls":"https://video.dot.state.mn.us/public/C103.stream/playlist.m3u8","snapshot":"https://public.carsprogram.org/cameras/MN/C103","refreshMs":30000,"attribution":"Ora (Warner Varnado) · Minnesota DOT"}},{"type":"Feature","geometry":{"type":"Point","coordinates":[-93.19979,44.89953]},"properties":{"id":"ora-mn-1254","name":"MN 55: T.H.62 WB @ T.H.55","state":"MN","provider":"Minnesota DOT","hls":"https://video.dot.state.mn.us/public/C106.stream/playlist.m3u8","snapshot":"https://public.carsprogram.org/cameras/MN/C106","refreshMs":30000,"attribution":"Ora (Warner Varnado) · Minnesota DOT"}},{"type":"Feature","geometry":{"type":"Point","coordinates":[-93.25304,44.96682]},"properties":{"id":"ora-mn-1255","name":"MN 55: I-35W NB @ Hiawatha Ave","state":"MN","provider":"Minnesota DOT","hls":"https://video.dot.state.mn.us/public/C626.stream/playlist.m3u8","snapshot":"https://public.carsprogram.org/cameras/MN/C626","refreshMs":30000,"attribution":"Ora (Warner Varnado) · Minnesota DOT"}},{"type":"Feature","geometry":{"type":"Point","coordinates":[-93.32843,44.98407]},"properties":{"id":"ora-mn-1256","name":"MN 55: T.H.55 WB @ Theodore Wirth Pkwy","state":"MN","provider":"Minnesota DOT","hls":"https://video.dot.state.mn.us/public/C1546.stream/playlist.m3u8","snapshot":"https://public.carsprogram.org/cameras/MN/C1546","refreshMs":30000,"attribution":"Ora (Warner Varnado) · Minnesota DOT"}},{"type":"Feature","geometry":{"type":"Point","coordinates":[-93.33145,44.9841]},"properties":{"id":"ora-mn-1257","name":"MN 55: T.H.55 WB @ Meadow Ln","state":"MN","provider":"Minnesota DOT","hls":"https://video.dot.state.mn.us/public/C1545.stream/playlist.m3u8","snapshot":"https://public.carsprogram.org/cameras/MN/C1545","refreshMs":30000,"attribution":"Ora (Warner Varnado) · Minnesota DOT"}},{"type":"Feature","geometry":{"type":"Point","coordinates":[-93.34252,44.98419]},"properties":{"id":"ora-mn-1258","name":"MN 55: T.H.55 WB @ Schaper Rd","state":"MN","provider":"Minnesota DOT","hls":"https://video.dot.state.mn.us/public/C1544.stream/playlist.m3u8","snapshot":"https://public.carsprogram.org/cameras/MN/C1544","refreshMs":30000,"attribution":"Ora (Warner Varnado) · Minnesota DOT"}},{"type":"Feature","geometry":{"type":"Point","coordinates":[-93.35415,44.98452]},"properties":{"id":"ora-mn-1259","name":"MN 55: T.H.55 WB W of T.H.100","state":"MN","provider":"Minnesota DOT","hls":"https://video.dot.state.mn.us/public/C1218.stream/playlist.m3u8","snapshot":"https://public.carsprogram.org/cameras/MN/C1218","refreshMs":30000,"attribution":"Ora (Warner Varnado) · Minnesota DOT"}},{"type":"Feature","geometry":{"type":"Point","coordinates":[-93.35984,44.98448]},"properties":{"id":"ora-mn-1260","name":"MN 55: T.H.55 WB @ Douglas Dr","state":"MN","provider":"Minnesota DOT","hls":"https://video.dot.state.mn.us/public/C5533.stream/playlist.m3u8","snapshot":"https://public.carsprogram.org/cameras/MN/C5533","refreshMs":30000,"attribution":"Ora (Warner Varnado) · Minnesota DOT"}},{"type":"Feature","geometry":{"type":"Point","coordinates":[-93.37045,44.98309]},"properties":{"id":"ora-mn-1261","name":"MN 55: T.H.55 WB @ Glenwood Ave","state":"MN","provider":"Minnesota DOT","hls":"https://video.dot.state.mn.us/public/C1543.stream/playlist.m3u8","snapshot":"https://public.carsprogram.org/cameras/MN/C1543","refreshMs":30000,"attribution":"Ora (Warner Varnado) · Minnesota DOT"}},{"type":"Feature","geometry":{"type":"Point","coordinates":[-93.37711,44.98302]},"properties":{"id":"ora-mn-1262","name":"MN 55: T.H.55 EB @ Rhode Island Ave","state":"MN","provider":"Minnesota DOT","hls":"https://video.dot.state.mn.us/public/C1542.stream/playlist.m3u8","snapshot":"https://public.carsprogram.org/cameras/MN/C1542","refreshMs":30000,"attribution":"Ora (Warner Varnado) · Minnesota DOT"}},{"type":"Feature","geometry":{"type":"Point","coordinates":[-93.38046,44.98359]},"properties":{"id":"ora-mn-1263","name":"MN 55: T.H.55 WB @ Winnetka Ave","state":"MN","provider":"Minnesota DOT","hls":"https://video.dot.state.mn.us/public/C5530.stream/playlist.m3u8","snapshot":"https://public.carsprogram.org/cameras/MN/C5530","refreshMs":30000,"attribution":"Ora (Warner Varnado) · Minnesota DOT"}},{"type":"Feature","geometry":{"type":"Point","coordinates":[-93.39059,44.98439]},"properties":{"id":"ora-mn-1264","name":"MN 55: T.H.55 WB @ Boone Ave (General Mills Blvd)","state":"MN","provider":"Minnesota DOT","hls":"https://video.dot.state.mn.us/public/C1541.stream/playlist.m3u8","snapshot":"https://public.carsprogram.org/cameras/MN/C1541","refreshMs":30000,"attribution":"Ora (Warner Varnado) · Minnesota DOT"}},{"type":"Feature","geometry":{"type":"Point","coordinates":[-93.3998,44.98304]},"properties":{"id":"ora-mn-1265","name":"MN 55: U.S.169 NB @ T.H.55","state":"MN","provider":"Minnesota DOT","hls":"https://video.dot.state.mn.us/public/C329.stream/playlist.m3u8","snapshot":"https://public.carsprogram.org/cameras/MN/C329","refreshMs":30000,"attribution":"Ora (Warner Varnado) · Minnesota DOT"}},{"type":"Feature","geometry":{"type":"Point","coordinates":[-93.41139,44.98443]},"properties":{"id":"ora-mn-1266","name":"MN 55: T.H.55 WB @ Revere Ln","state":"MN","provider":"Minnesota DOT","hls":"https://video.dot.state.mn.us/public/C1540.stream/playlist.m3u8","snapshot":"https://public.carsprogram.org/cameras/MN/C1540","refreshMs":30000,"attribution":"Ora (Warner Varnado) · Minnesota DOT"}},{"type":"Feature","geometry":{"type":"Point","coordinates":[-93.41959,44.98781]},"properties":{"id":"ora-mn-1267","name":"MN 55: T.H.55 WB @ South Shore Dr","state":"MN","provider":"Minnesota DOT","hls":"https://video.dot.state.mn.us/public/C1539.stream/playlist.m3u8","snapshot":"https://public.carsprogram.org/cameras/MN/C1539","refreshMs":30000,"attribution":"Ora (Warner Varnado) · Minnesota DOT"}},{"type":"Feature","geometry":{"type":"Point","coordinates":[-93.42374,44.9888]},"properties":{"id":"ora-mn-1268","name":"MN 55: T.H.55 WB @ W Medicine Lake Dr","state":"MN","provider":"Minnesota DOT","hls":"https://video.dot.state.mn.us/public/C5525.stream/playlist.m3u8","snapshot":"https://public.carsprogram.org/cameras/MN/C5525","refreshMs":30000,"attribution":"Ora (Warner Varnado) · Minnesota DOT"}},{"type":"Feature","geometry":{"type":"Point","coordinates":[-93.44188,44.99922]},"properties":{"id":"ora-mn-1269","name":"MN 55: T.H.55 EB @ Co Rd 6","state":"MN","provider":"Minnesota DOT","hls":"https://video.dot.state.mn.us/public/C1538.stream/playlist.m3u8","snapshot":"https://public.carsprogram.org/cameras/MN/C1538","refreshMs":30000,"attribution":"Ora (Warner Varnado) · Minnesota DOT"}},{"type":"Feature","geometry":{"type":"Point","coordinates":[-93.4445,45.00271]},"properties":{"id":"ora-mn-1270","name":"MN 55: T.H.55 WB @ Industrial Park Blvd","state":"MN","provider":"Minnesota DOT","hls":"https://video.dot.state.mn.us/public/C5523.stream/playlist.m3u8","snapshot":"https://public.carsprogram.org/cameras/MN/C5523","refreshMs":30000,"attribution":"Ora (Warner Varnado) · Minnesota DOT"}},{"type":"Feature","geometry":{"type":"Point","coordinates":[-93.45094,45.00815]},"properties":{"id":"ora-mn-1271","name":"MN 55: T.H.55 EB @ Xenium Ln (Northwest Blvd)","state":"MN","provider":"Minnesota DOT","hls":"https://video.dot.state.mn.us/public/C1537.stream/playlist.m3u8","snapshot":"https://public.carsprogram.org/cameras/MN/C1537","refreshMs":30000,"attribution":"Ora (Warner Varnado) · Minnesota DOT"}},{"type":"Feature","geometry":{"type":"Point","coordinates":[-93.45604,45.01029]},"properties":{"id":"ora-mn-1272","name":"MN 55: I-494 NB @ T.H.55 EB","state":"MN","provider":"Minnesota DOT","hls":"https://video.dot.state.mn.us/public/C30530.stream/playlist.m3u8","snapshot":"https://public.carsprogram.org/cameras/MN/C30530","refreshMs":30000,"attribution":"Ora (Warner Varnado) · Minnesota DOT"}},{"type":"Feature","geometry":{"type":"Point","coordinates":[-93.45782,45.01097]},"properties":{"id":"ora-mn-1273","name":"MN 55: I-494 SB @ T.H.55 EB","state":"MN","provider":"Minnesota DOT","hls":"https://video.dot.state.mn.us/public/C1438.stream/playlist.m3u8","snapshot":"https://public.carsprogram.org/cameras/MN/C1438","refreshMs":30000,"attribution":"Ora (Warner Varnado) · Minnesota DOT"}},{"type":"Feature","geometry":{"type":"Point","coordinates":[-93.46099,45.01189]},"properties":{"id":"ora-mn-1274","name":"MN 55: T.H.55 EB @ Fernbrook Ln","state":"MN","provider":"Minnesota DOT","hls":"https://video.dot.state.mn.us/public/C1535.stream/playlist.m3u8","snapshot":"https://public.carsprogram.org/cameras/MN/C1535","refreshMs":30000,"attribution":"Ora (Warner Varnado) · Minnesota DOT"}},{"type":"Feature","geometry":{"type":"Point","coordinates":[-93.47215,45.01557]},"properties":{"id":"ora-mn-1275","name":"MN 55: T.H.55 WB @ Niagara Ln","state":"MN","provider":"Minnesota DOT","hls":"https://video.dot.state.mn.us/public/C30528.stream/playlist.m3u8","snapshot":"https://public.carsprogram.org/cameras/MN/C30528","refreshMs":30000,"attribution":"Ora (Warner Varnado) · Minnesota DOT"}},{"type":"Feature","geometry":{"type":"Point","coordinates":[-93.48117,45.0184]},"properties":{"id":"ora-mn-1276","name":"MN 55: T.H.55 EB @ Vicksburg Ln","state":"MN","provider":"Minnesota DOT","hls":"https://video.dot.state.mn.us/public/C1534.stream/playlist.m3u8","snapshot":"https://public.carsprogram.org/cameras/MN/C1534","refreshMs":30000,"attribution":"Ora (Warner Varnado) · Minnesota DOT"}},{"type":"Feature","geometry":{"type":"Point","coordinates":[-93.49391,45.02252]},"properties":{"id":"ora-mn-1277","name":"MN 55: T.H.55 WB @ Rockford Rd","state":"MN","provider":"Minnesota DOT","hls":"https://video.dot.state.mn.us/public/C1533.stream/playlist.m3u8","snapshot":"https://public.carsprogram.org/cameras/MN/C1533","refreshMs":30000,"attribution":"Ora (Warner Varnado) · Minnesota DOT"}},{"type":"Feature","geometry":{"type":"Point","coordinates":[-93.50763,45.03207]},"properties":{"id":"ora-mn-1278","name":"MN 55: T.H.55 EB @ Peony Ln (CR-101 South)","state":"MN","provider":"Minnesota DOT","hls":"https://video.dot.state.mn.us/public/C1532.stream/playlist.m3u8","snapshot":"https://public.carsprogram.org/cameras/MN/C1532","refreshMs":30000,"attribution":"Ora (Warner Varnado) · Minnesota DOT"}},{"type":"Feature","geometry":{"type":"Point","coordinates":[-93.52531,45.04328]},"properties":{"id":"ora-mn-1279","name":"MN 55: T.H.55 WB @ Sioux Dr (CR-101 North)","state":"MN","provider":"Minnesota DOT","hls":"https://video.dot.state.mn.us/public/C1531.stream/playlist.m3u8","snapshot":"https://public.carsprogram.org/cameras/MN/C1531","refreshMs":30000,"attribution":"Ora (Warner Varnado) · Minnesota DOT"}},{"type":"Feature","geometry":{"type":"Point","coordinates":[-93.53252,45.04411]},"properties":{"id":"ora-mn-1280","name":"MN 55: T.H.55 WB @ Clydesdale Tr","state":"MN","provider":"Minnesota DOT","hls":"https://video.dot.state.mn.us/public/C5520.stream/playlist.m3u8","snapshot":"https://public.carsprogram.org/cameras/MN/C5520","refreshMs":30000,"attribution":"Ora (Warner Varnado) · Minnesota DOT"}},{"type":"Feature","geometry":{"type":"Point","coordinates":[-93.54222,45.04589]},"properties":{"id":"ora-mn-1281","name":"MN 55: T.H.55 EB @ Pinto Dr","state":"MN","provider":"Minnesota DOT","hls":"https://video.dot.state.mn.us/public/C1530.stream/playlist.m3u8","snapshot":"https://public.carsprogram.org/cameras/MN/C1530","refreshMs":30000,"attribution":"Ora (Warner Varnado) · Minnesota DOT"}},{"type":"Feature","geometry":{"type":"Point","coordinates":[-93.5636,45.0514]},"properties":{"id":"ora-mn-1282","name":"MN 55: T.H.55 EB @ Arrowhead Dr","state":"MN","provider":"Minnesota DOT","hls":"https://video.dot.state.mn.us/public/C1529.stream/playlist.m3u8","snapshot":"https://public.carsprogram.org/cameras/MN/C1529","refreshMs":30000,"attribution":"Ora (Warner Varnado) · Minnesota DOT"}},{"type":"Feature","geometry":{"type":"Point","coordinates":[-93.58896,45.05825]},"properties":{"id":"ora-mn-1283","name":"MN 55: T.H.55 WB @ Willow Dr","state":"MN","provider":"Minnesota DOT","hls":null,"snapshot":"https://public.carsprogram.org/cameras/MN/C30532?1783724040000","refreshMs":30000,"attribution":"Ora (Warner Varnado) · Minnesota DOT"}},{"type":"Feature","geometry":{"type":"Point","coordinates":[-93.6362,45.0654]},"properties":{"id":"ora-mn-1284","name":"MN 55: T.H.55 EB @ C.S.A.H.19","state":"MN","provider":"Minnesota DOT","hls":null,"snapshot":"https://public.carsprogram.org/cameras/MN/C30533?1783724040000","refreshMs":30000,"attribution":"Ora (Warner Varnado) · Minnesota DOT"}},{"type":"Feature","geometry":{"type":"Point","coordinates":[-93.87586,45.18181]},"properties":{"id":"ora-mn-1285","name":"MN 55: T.H.55 EB @ T.H.25 NB","state":"MN","provider":"Minnesota DOT","hls":null,"snapshot":"https://public.carsprogram.org/cameras/MN/C30017?1783724040000","refreshMs":30000,"attribution":"Ora (Warner Varnado) · Minnesota DOT"}},{"type":"Feature","geometry":{"type":"Point","coordinates":[-94.93227,45.43248]},"properties":{"id":"ora-mn-1286","name":"MN 55: T.H.55 (Regal - 98): T.H.55 (Regal - 98) View 1","state":"MN","provider":"Minnesota DOT","hls":null,"snapshot":"https://public.carsprogram.org/cameras/MN/C30363-v1?1783724040000","refreshMs":30000,"attribution":"Ora (Warner Varnado) · Minnesota DOT"}},{"type":"Feature","geometry":{"type":"Point","coordinates":[-93.15664,45.04998]},"properties":{"id":"ora-mn-1287","name":"MN 51: T.H.51 @ Co Rd E","state":"MN","provider":"Minnesota DOT","hls":null,"snapshot":"https://public.carsprogram.org/cameras/MN/C30540?1783724040000","refreshMs":30000,"attribution":"Ora (Warner Varnado) · Minnesota DOT"}},{"type":"Feature","geometry":{"type":"Point","coordinates":[-93.16656,45.03149]},"properties":{"id":"ora-mn-1288","name":"MN 51: T.H.51 SB @ Lydia Ave","state":"MN","provider":"Minnesota DOT","hls":"https://video.dot.state.mn.us/public/C5158.stream/playlist.m3u8","snapshot":"https://public.carsprogram.org/cameras/MN/C5158","refreshMs":30000,"attribution":"Ora (Warner Varnado) · Minnesota DOT"}},{"type":"Feature","geometry":{"type":"Point","coordinates":[-93.1669,45.02801]},"properties":{"id":"ora-mn-1289","name":"MN 51: T.H.51 NB @ Co Rd C2","state":"MN","provider":"Minnesota DOT","hls":"https://video.dot.state.mn.us/public/C5157.stream/playlist.m3u8","snapshot":"https://public.carsprogram.org/cameras/MN/C5157","refreshMs":30000,"attribution":"Ora (Warner Varnado) · Minnesota DOT"}},{"type":"Feature","geometry":{"type":"Point","coordinates":[-93.16682,45.02112]},"properties":{"id":"ora-mn-1290","name":"MN 51: T.H.51 NB @ Co Rd C","state":"MN","provider":"Minnesota DOT","hls":"https://video.dot.state.mn.us/public/C5156.stream/playlist.m3u8","snapshot":"https://public.carsprogram.org/cameras/MN/C5156","refreshMs":30000,"attribution":"Ora (Warner Varnado) · Minnesota DOT"}},{"type":"Feature","geometry":{"type":"Point","coordinates":[-93.16639,45.01059]},"properties":{"id":"ora-mn-1291","name":"MN 51: T.H.36 WB @ Snelling Ave","state":"MN","provider":"Minnesota DOT","hls":"https://video.dot.state.mn.us/public/C002.stream/playlist.m3u8","snapshot":"https://public.carsprogram.org/cameras/MN/C002","refreshMs":30000,"attribution":"Ora (Warner Varnado) · Minnesota DOT"}},{"type":"Feature","geometry":{"type":"Point","coordinates":[-93.16636,45.00635]},"properties":{"id":"ora-mn-1292","name":"MN 51: T.H.51 SB @ Co Rd B","state":"MN","provider":"Minnesota DOT","hls":"https://video.dot.state.mn.us/public/C5155.stream/playlist.m3u8","snapshot":"https://public.carsprogram.org/cameras/MN/C5155","refreshMs":30000,"attribution":"Ora (Warner Varnado) · Minnesota DOT"}},{"type":"Feature","geometry":{"type":"Point","coordinates":[-93.16639,45.00306]},"properties":{"id":"ora-mn-1293","name":"MN 51: T.H.51 SB (Har-Mar)","state":"MN","provider":"Minnesota DOT","hls":"https://video.dot.state.mn.us/public/C5154.stream/playlist.m3u8","snapshot":"https://public.carsprogram.org/cameras/MN/C5154","refreshMs":30000,"attribution":"Ora (Warner Varnado) · Minnesota DOT"}},{"type":"Feature","geometry":{"type":"Point","coordinates":[-93.16644,44.99911]},"properties":{"id":"ora-mn-1294","name":"MN 51: T.H.51 NB @ Roselawn Ave","state":"MN","provider":"Minnesota DOT","hls":"https://video.dot.state.mn.us/public/C5153.stream/playlist.m3u8","snapshot":"https://public.carsprogram.org/cameras/MN/C5153","refreshMs":30000,"attribution":"Ora (Warner Varnado) · Minnesota DOT"}},{"type":"Feature","geometry":{"type":"Point","coordinates":[-93.16652,44.99201]},"properties":{"id":"ora-mn-1295","name":"MN 51: T.H.51 NB @ Larpenteur Ave","state":"MN","provider":"Minnesota DOT","hls":"https://video.dot.state.mn.us/public/C5152.stream/playlist.m3u8","snapshot":"https://public.carsprogram.org/cameras/MN/C5152","refreshMs":30000,"attribution":"Ora (Warner Varnado) · Minnesota DOT"}},{"type":"Feature","geometry":{"type":"Point","coordinates":[-93.16673,44.98835]},"properties":{"id":"ora-mn-1296","name":"MN 51: T.H.51 NB @ Hoyt Ave","state":"MN","provider":"Minnesota DOT","hls":"https://video.dot.state.mn.us/public/C5151.stream/playlist.m3u8","snapshot":"https://public.carsprogram.org/cameras/MN/C5151","refreshMs":30000,"attribution":"Ora (Warner Varnado) · Minnesota DOT"}},{"type":"Feature","geometry":{"type":"Point","coordinates":[-93.16699,44.98127]},"properties":{"id":"ora-mn-1297","name":"MN 51: T.H.51 SB @ Midway Pkwy","state":"MN","provider":"Minnesota DOT","hls":"https://video.dot.state.mn.us/public/C5150.stream/playlist.m3u8","snapshot":"https://public.carsprogram.org/cameras/MN/C5150","refreshMs":30000,"attribution":"Ora (Warner Varnado) · Minnesota DOT"}},{"type":"Feature","geometry":{"type":"Point","coordinates":[-92.93158,46.01111]},"properties":{"id":"ora-mn-1298","name":"MN 48: I-35 NB @ T.H.48","state":"MN","provider":"Minnesota DOT","hls":null,"snapshot":"https://public.carsprogram.org/cameras/MN/C30275?1783724040000","refreshMs":30000,"attribution":"Ora (Warner Varnado) · Minnesota DOT"}},{"type":"Feature","geometry":{"type":"Point","coordinates":[-93.43284,46.11783]},"properties":{"id":"ora-mn-1299","name":"MN 47: T.H.47 (Isle - MP 89.0): T.H.47 (Isle - MP 89.0) View 1","state":"MN","provider":"Minnesota DOT","hls":null,"snapshot":"https://public.carsprogram.org/cameras/MN/C30409-v1?1783724040000","refreshMs":30000,"attribution":"Ora (Warner Varnado) · Minnesota DOT"}},{"type":"Feature","geometry":{"type":"Point","coordinates":[-93.36771,45.3881]},"properties":{"id":"ora-mn-1300","name":"MN 47: T.H.47 SB @ Pederson Dr NW","state":"MN","provider":"Minnesota DOT","hls":null,"snapshot":"https://public.carsprogram.org/cameras/MN/C30144?1783724040000","refreshMs":30000,"attribution":"Ora (Warner Varnado) · Minnesota DOT"}},{"type":"Feature","geometry":{"type":"Point","coordinates":[-93.39693,45.22495]},"properties":{"id":"ora-mn-1301","name":"MN 47: T.H.47 NB @ Bunker Lake Blvd","state":"MN","provider":"Minnesota DOT","hls":null,"snapshot":"https://public.carsprogram.org/cameras/MN/C30261?1783724040000","refreshMs":30000,"attribution":"Ora (Warner Varnado) · Minnesota DOT"}},{"type":"Feature","geometry":{"type":"Point","coordinates":[-93.39386,45.21647]},"properties":{"id":"ora-mn-1302","name":"MN 47: T.H.47 SB @ McKinley St","state":"MN","provider":"Minnesota DOT","hls":null,"snapshot":"https://public.carsprogram.org/cameras/MN/C30475?1783724040000","refreshMs":30000,"attribution":"Ora (Warner Varnado) · Minnesota DOT"}},{"type":"Feature","geometry":{"type":"Point","coordinates":[-93.38973,45.20671]},"properties":{"id":"ora-mn-1303","name":"MN 47: T.H.47 NB @ Pleasant St NB","state":"MN","provider":"Minnesota DOT","hls":"https://video.dot.state.mn.us/public/C30476.stream/playlist.m3u8","snapshot":"https://public.carsprogram.org/cameras/MN/C30476","refreshMs":30000,"attribution":"Ora (Warner Varnado) · Minnesota DOT"}},{"type":"Feature","geometry":{"type":"Point","coordinates":[-93.38974,45.20566]},"properties":{"id":"ora-mn-1304","name":"MN 47: T.H.10 WB @ T.H.47 N-S (U.S. 169/Ferry St)","state":"MN","provider":"Minnesota DOT","hls":"https://video.dot.state.mn.us/public/C30591.stream/playlist.m3u8","snapshot":"https://public.carsprogram.org/cameras/MN/C30591","refreshMs":30000,"attribution":"Ora (Warner Varnado) · Minnesota DOT"}},{"type":"Feature","geometry":{"type":"Point","coordinates":[-93.38975,45.2052]},"properties":{"id":"ora-mn-1305","name":"MN 47: T.H.10 WB @ U.S.169 WB (Ferry St)","state":"MN","provider":"Minnesota DOT","hls":"https://video.dot.state.mn.us/public/C661.stream/playlist.m3u8","snapshot":"https://public.carsprogram.org/cameras/MN/C661","refreshMs":30000,"attribution":"Ora (Warner Varnado) · Minnesota DOT"}},{"type":"Feature","geometry":{"type":"Point","coordinates":[-93.26723,45.12848]},"properties":{"id":"ora-mn-1306","name":"MN 47: T.H.47 NB @ University Ave","state":"MN","provider":"Minnesota DOT","hls":"https://video.dot.state.mn.us/public/C4716.stream/playlist.m3u8","snapshot":"https://public.carsprogram.org/cameras/MN/C4716","refreshMs":30000,"attribution":"Ora (Warner Varnado) · Minnesota DOT"}},{"type":"Feature","geometry":{"type":"Point","coordinates":[-93.26451,45.12524]},"properties":{"id":"ora-mn-1307","name":"MN 47: T.H.47 SB @ 85th Ave","state":"MN","provider":"Minnesota DOT","hls":"https://video.dot.state.mn.us/public/C4715.stream/playlist.m3u8","snapshot":"https://public.carsprogram.org/cameras/MN/C4715","refreshMs":30000,"attribution":"Ora (Warner Varnado) · Minnesota DOT"}},{"type":"Feature","geometry":{"type":"Point","coordinates":[-93.26362,45.11512]},"properties":{"id":"ora-mn-1308","name":"MN 47: T.H.47 SB @ 81st Ave NE","state":"MN","provider":"Minnesota DOT","hls":"https://video.dot.state.mn.us/public/C4714.stream/playlist.m3u8","snapshot":"https://public.carsprogram.org/cameras/MN/C4714","refreshMs":30000,"attribution":"Ora (Warner Varnado) · Minnesota DOT"}},{"type":"Feature","geometry":{"type":"Point","coordinates":[-93.26362,45.10728]},"properties":{"id":"ora-mn-1309","name":"MN 47: T.H.47 SB @ Osborne Rd","state":"MN","provider":"Minnesota DOT","hls":"https://video.dot.state.mn.us/public/C4713.stream/playlist.m3u8","snapshot":"https://public.carsprogram.org/cameras/MN/C4713","refreshMs":30000,"attribution":"Ora (Warner Varnado) · Minnesota DOT"}},{"type":"Feature","geometry":{"type":"Point","coordinates":[-93.26359,45.10072]},"properties":{"id":"ora-mn-1310","name":"MN 47: T.H.47 NB @ 73rd Ave","state":"MN","provider":"Minnesota DOT","hls":"https://video.dot.state.mn.us/public/C4712.stream/playlist.m3u8","snapshot":"https://public.carsprogram.org/cameras/MN/C4712","refreshMs":30000,"attribution":"Ora (Warner Varnado) · Minnesota DOT"}},{"type":"Feature","geometry":{"type":"Point","coordinates":[-93.26343,45.09361]},"properties":{"id":"ora-mn-1311","name":"MN 47: T.H.47 SB @ 69th Ave","state":"MN","provider":"Minnesota DOT","hls":"https://video.dot.state.mn.us/public/C4711.stream/playlist.m3u8","snapshot":"https://public.carsprogram.org/cameras/MN/C4711","refreshMs":30000,"attribution":"Ora (Warner Varnado) · Minnesota DOT"}},{"type":"Feature","geometry":{"type":"Point","coordinates":[-93.26347,45.086]},"properties":{"id":"ora-mn-1312","name":"MN 47: T.H.47 SB @ Mississippi St","state":"MN","provider":"Minnesota DOT","hls":"https://video.dot.state.mn.us/public/C4710.stream/playlist.m3u8","snapshot":"https://public.carsprogram.org/cameras/MN/C4710","refreshMs":30000,"attribution":"Ora (Warner Varnado) · Minnesota DOT"}},{"type":"Feature","geometry":{"type":"Point","coordinates":[-93.26343,45.07883]},"properties":{"id":"ora-mn-1313","name":"MN 47: T.H.47 SB @ 61st Ave","state":"MN","provider":"Minnesota DOT","hls":"https://video.dot.state.mn.us/public/C4709.stream/playlist.m3u8","snapshot":"https://public.carsprogram.org/cameras/MN/C4709","refreshMs":30000,"attribution":"Ora (Warner Varnado) · Minnesota DOT"}},{"type":"Feature","geometry":{"type":"Point","coordinates":[-93.26332,45.07159]},"properties":{"id":"ora-mn-1314","name":"MN 47: T.H.47 SB @ 57th Ave","state":"MN","provider":"Minnesota DOT","hls":"https://video.dot.state.mn.us/public/C4708.stream/playlist.m3u8","snapshot":"https://public.carsprogram.org/cameras/MN/C4708","refreshMs":30000,"attribution":"Ora (Warner Varnado) · Minnesota DOT"}},{"type":"Feature","geometry":{"type":"Point","coordinates":[-93.26324,45.06969]},"properties":{"id":"ora-mn-1315","name":"MN 47: T.H.47 SB N of I-694","state":"MN","provider":"Minnesota DOT","hls":"https://video.dot.state.mn.us/public/C4707.stream/playlist.m3u8","snapshot":"https://public.carsprogram.org/cameras/MN/C4707","refreshMs":30000,"attribution":"Ora (Warner Varnado) · Minnesota DOT"}},{"type":"Feature","geometry":{"type":"Point","coordinates":[-93.26319,45.06783]},"properties":{"id":"ora-mn-1316","name":"MN 47: T.H.47 NB S of I-694 EB","state":"MN","provider":"Minnesota DOT","hls":"https://video.dot.state.mn.us/public/C4706.stream/playlist.m3u8","snapshot":"https://public.carsprogram.org/cameras/MN/C4706","refreshMs":30000,"attribution":"Ora (Warner Varnado) · Minnesota DOT"}},{"type":"Feature","geometry":{"type":"Point","coordinates":[-93.26319,45.06433]},"properties":{"id":"ora-mn-1317","name":"MN 47: T.H.47 SB @ 53rd Ave","state":"MN","provider":"Minnesota DOT","hls":"https://video.dot.state.mn.us/public/C4705.stream/playlist.m3u8","snapshot":"https://public.carsprogram.org/cameras/MN/C4705","refreshMs":30000,"attribution":"Ora (Warner Varnado) · Minnesota DOT"}},{"type":"Feature","geometry":{"type":"Point","coordinates":[-93.26313,45.05711]},"properties":{"id":"ora-mn-1318","name":"MN 47: T.H.47 SB @ 49th Ave","state":"MN","provider":"Minnesota DOT","hls":"https://video.dot.state.mn.us/public/C4704.stream/playlist.m3u8","snapshot":"https://public.carsprogram.org/cameras/MN/C4704","refreshMs":30000,"attribution":"Ora (Warner Varnado) · Minnesota DOT"}},{"type":"Feature","geometry":{"type":"Point","coordinates":[-93.26311,45.04811]},"properties":{"id":"ora-mn-1319","name":"MN 47: T.H.47 SB @ 44th Ave","state":"MN","provider":"Minnesota DOT","hls":"https://video.dot.state.mn.us/public/C4703.stream/playlist.m3u8","snapshot":"https://public.carsprogram.org/cameras/MN/C4703","refreshMs":30000,"attribution":"Ora (Warner Varnado) · Minnesota DOT"}},{"type":"Feature","geometry":{"type":"Point","coordinates":[-93.26299,45.04081]},"properties":{"id":"ora-mn-1320","name":"MN 47: T.H.47 SB @ 40th Ave","state":"MN","provider":"Minnesota DOT","hls":"https://video.dot.state.mn.us/public/C4702.stream/playlist.m3u8","snapshot":"https://public.carsprogram.org/cameras/MN/C4702","refreshMs":30000,"attribution":"Ora (Warner Varnado) · Minnesota DOT"}},{"type":"Feature","geometry":{"type":"Point","coordinates":[-93.26267,45.03546]},"properties":{"id":"ora-mn-1321","name":"MN 47: T.H.47 SB @ 37th Ave","state":"MN","provider":"Minnesota DOT","hls":"https://video.dot.state.mn.us/public/C4701.stream/playlist.m3u8","snapshot":"https://public.carsprogram.org/cameras/MN/C4701","refreshMs":30000,"attribution":"Ora (Warner Varnado) · Minnesota DOT"}},{"type":"Feature","geometry":{"type":"Point","coordinates":[-94.12654,47.60356]},"properties":{"id":"ora-mn-1322","name":"MN 46: T.H.46 (Squaw Lake - MP 25): T.H.46 (Squaw Lake - MP 25) View 1","state":"MN","provider":"Minnesota DOT","hls":null,"snapshot":"https://public.carsprogram.org/cameras/MN/C30361-v1?1783724040000","refreshMs":30000,"attribution":"Ora (Warner Varnado) · Minnesota DOT"}},{"type":"Feature","geometry":{"type":"Point","coordinates":[-91.43664,43.71924]},"properties":{"id":"ora-mn-1323","name":"MN 44: T.H.44 (Hokah - MP 60): T.H.44 (Hokah - MP 60) View 1","state":"MN","provider":"Minnesota DOT","hls":null,"snapshot":"https://public.carsprogram.org/cameras/MN/C30360-v1?1783724040000","refreshMs":30000,"attribution":"Ora (Warner Varnado) · Minnesota DOT"}},{"type":"Feature","geometry":{"type":"Point","coordinates":[-93.59725,44.86379]},"properties":{"id":"ora-mn-1324","name":"MN 41: T.H.5 WB @ T.H.41 NB","state":"MN","provider":"Minnesota DOT","hls":"https://video.dot.state.mn.us/public/C5007.stream/playlist.m3u8","snapshot":"/images/icon-camera-closed-fill-solid-padded.svg","refreshMs":30000,"attribution":"Ora (Warner Varnado) · Minnesota DOT"}},{"type":"Feature","geometry":{"type":"Point","coordinates":[-93.59718,44.85637]},"properties":{"id":"ora-mn-1325","name":"MN 41: T.H.41 NB @ 82nd St","state":"MN","provider":"Minnesota DOT","hls":"https://video.dot.state.mn.us/public/C4116.stream/playlist.m3u8","snapshot":"https://public.carsprogram.org/cameras/MN/C4116","refreshMs":30000,"attribution":"Ora (Warner Varnado) · Minnesota DOT"}},{"type":"Feature","geometry":{"type":"Point","coordinates":[-93.6021,44.83474]},"properties":{"id":"ora-mn-1326","name":"MN 41: T.H.41 NB @ Hazeltine Blvd EB","state":"MN","provider":"Minnesota DOT","hls":"https://video.dot.state.mn.us/public/C30052.stream/playlist.m3u8","snapshot":"https://public.carsprogram.org/cameras/MN/C30052","refreshMs":30000,"attribution":"Ora (Warner Varnado) · Minnesota DOT"}},{"type":"Feature","geometry":{"type":"Point","coordinates":[-93.60231,44.82885]},"properties":{"id":"ora-mn-1327","name":"MN 41: T.H.41 SB @ Pioneer Tr WB","state":"MN","provider":"Minnesota DOT","hls":"https://video.dot.state.mn.us/public/C30051.stream/playlist.m3u8","snapshot":"https://public.carsprogram.org/cameras/MN/C30051","refreshMs":30000,"attribution":"Ora (Warner Varnado) · Minnesota DOT"}},{"type":"Feature","geometry":{"type":"Point","coordinates":[-93.60244,44.81972]},"properties":{"id":"ora-mn-1328","name":"MN 41: T.H.41 NB @ Hundertmark Rd WB","state":"MN","provider":"Minnesota DOT","hls":"https://video.dot.state.mn.us/public/C30050.stream/playlist.m3u8","snapshot":"https://public.carsprogram.org/cameras/MN/C30050","refreshMs":30000,"attribution":"Ora (Warner Varnado) · Minnesota DOT"}},{"type":"Feature","geometry":{"type":"Point","coordinates":[-93.60226,44.81511]},"properties":{"id":"ora-mn-1329","name":"MN 41: T.H.212 EB @ T.H.41","state":"MN","provider":"Minnesota DOT","hls":"https://video.dot.state.mn.us/public/C383.stream/playlist.m3u8","snapshot":"https://public.carsprogram.org/cameras/MN/C383","refreshMs":30000,"attribution":"Ora (Warner Varnado) · Minnesota DOT"}},{"type":"Feature","geometry":{"type":"Point","coordinates":[-93.60187,44.80542]},"properties":{"id":"ora-mn-1330","name":"MN 41: T.H.41 NB @ Engler Blvd WB","state":"MN","provider":"Minnesota DOT","hls":"https://video.dot.state.mn.us/public/C30049.stream/playlist.m3u8","snapshot":"https://public.carsprogram.org/cameras/MN/C30049","refreshMs":30000,"attribution":"Ora (Warner Varnado) · Minnesota DOT"}},{"type":"Feature","geometry":{"type":"Point","coordinates":[-93.60167,44.79926]},"properties":{"id":"ora-mn-1331","name":"MN 41: T.H.41 NB @ Victoria Dr WB (Crosstown Blvd)","state":"MN","provider":"Minnesota DOT","hls":"https://video.dot.state.mn.us/public/C30048.stream/playlist.m3u8","snapshot":"https://public.carsprogram.org/cameras/MN/C30048","refreshMs":30000,"attribution":"Ora (Warner Varnado) · Minnesota DOT"}},{"type":"Feature","geometry":{"type":"Point","coordinates":[-93.60189,44.7894]},"properties":{"id":"ora-mn-1332","name":"MN 41: T.H.41 NB @ Chaska Blvd (Co Rd 61)","state":"MN","provider":"Minnesota DOT","hls":"https://video.dot.state.mn.us/public/C30293.stream/playlist.m3u8","snapshot":"https://public.carsprogram.org/cameras/MN/C30293","refreshMs":30000,"attribution":"Ora (Warner Varnado) · Minnesota DOT"}},{"type":"Feature","geometry":{"type":"Point","coordinates":[-93.60108,44.78737]},"properties":{"id":"ora-mn-1333","name":"MN 41: T.H.41 NB @ 4th St","state":"MN","provider":"Minnesota DOT","hls":"https://video.dot.state.mn.us/public/C30292.stream/playlist.m3u8","snapshot":"https://public.carsprogram.org/cameras/MN/C30292","refreshMs":30000,"attribution":"Ora (Warner Varnado) · Minnesota DOT"}},{"type":"Feature","geometry":{"type":"Point","coordinates":[-93.60032,44.78537]},"properties":{"id":"ora-mn-1334","name":"MN 41: T.H.41 NB @ 2nd St","state":"MN","provider":"Minnesota DOT","hls":"https://video.dot.state.mn.us/public/C30291.stream/playlist.m3u8","snapshot":"https://public.carsprogram.org/cameras/MN/C30291","refreshMs":30000,"attribution":"Ora (Warner Varnado) · Minnesota DOT"}},{"type":"Feature","geometry":{"type":"Point","coordinates":[-93.58188,44.76862]},"properties":{"id":"ora-mn-1335","name":"MN 41: T.H.41 NB @ Dem Con Rd","state":"MN","provider":"Minnesota DOT","hls":"https://video.dot.state.mn.us/public/C30488.stream/playlist.m3u8","snapshot":"https://public.carsprogram.org/cameras/MN/C30488","refreshMs":30000,"attribution":"Ora (Warner Varnado) · Minnesota DOT"}},{"type":"Feature","geometry":{"type":"Point","coordinates":[-93.57886,44.76601]},"properties":{"id":"ora-mn-1336","name":"MN 41: U.S.169 SB @ T.H.41 (Co Rd 78 - MP 106.5)","state":"MN","provider":"Minnesota DOT","hls":"https://video.dot.state.mn.us/public/C30060.stream/playlist.m3u8","snapshot":"https://public.carsprogram.org/cameras/MN/C30060","refreshMs":30000,"attribution":"Ora (Warner Varnado) · Minnesota DOT"}},{"type":"Feature","geometry":{"type":"Point","coordinates":[-93.67513,47.58525]},"properties":{"id":"ora-mn-1337","name":"MN 38: T.H.38 (Marcell - MP 27.5): T.H.38 (Marcell - MP 27.5) View 1","state":"MN","provider":"Minnesota DOT","hls":null,"snapshot":"https://public.carsprogram.org/cameras/MN/C30429-v1?1783724040000","refreshMs":30000,"attribution":"Ora (Warner Varnado) · Minnesota DOT"}},{"type":"Feature","geometry":{"type":"Point","coordinates":[-92.9261,47.40086]},"properties":{"id":"ora-mn-1338","name":"MN 37: T.H.169 @ East Beltline","state":"MN","provider":"Minnesota DOT","hls":null,"snapshot":"https://public.carsprogram.org/cameras/MN/C30265?1783724040000","refreshMs":30000,"attribution":"Ora (Warner Varnado) · Minnesota DOT"}},{"type":"Feature","geometry":{"type":"Point","coordinates":[-92.78094,45.04653]},"properties":{"id":"ora-mn-1339","name":"MN 36: T.H.36 EB @ WI T.H. 35","state":"MN","provider":"Minnesota DOT","hls":"https://video.dot.state.mn.us/public/C3637.stream/playlist.m3u8","snapshot":"https://public.carsprogram.org/cameras/MN/C3637","refreshMs":30000,"attribution":"Ora (Warner Varnado) · Minnesota DOT"}},{"type":"Feature","geometry":{"type":"Point","coordinates":[-92.78168,45.04567]},"properties":{"id":"ora-mn-1340","name":"MN 36: T.H.36 WB @ WI T.H. 35","state":"MN","provider":"Minnesota DOT","hls":"https://video.dot.state.mn.us/public/C3636.stream/playlist.m3u8","snapshot":"https://public.carsprogram.org/cameras/MN/C3636","refreshMs":30000,"attribution":"Ora (Warner Varnado) · Minnesota DOT"}},{"type":"Feature","geometry":{"type":"Point","coordinates":[-92.79141,45.03623]},"properties":{"id":"ora-mn-1341","name":"MN 36: T.H.36 WB @ T.H.95","state":"MN","provider":"Minnesota DOT","hls":"https://video.dot.state.mn.us/public/C3630.stream/playlist.m3u8","snapshot":"https://public.carsprogram.org/cameras/MN/C3630","refreshMs":30000,"attribution":"Ora (Warner Varnado) · Minnesota DOT"}},{"type":"Feature","geometry":{"type":"Point","coordinates":[-92.79183,45.03612]},"properties":{"id":"ora-mn-1342","name":"MN 36: T.H.95 NB N of T.H.36","state":"MN","provider":"Minnesota DOT","hls":"https://video.dot.state.mn.us/public/C9505.stream/playlist.m3u8","snapshot":"https://public.carsprogram.org/cameras/MN/C9505","refreshMs":30000,"attribution":"Ora (Warner Varnado) · Minnesota DOT"}},{"type":"Feature","geometry":{"type":"Point","coordinates":[-92.80711,45.03577]},"properties":{"id":"ora-mn-1343","name":"MN 36: T.H.36 EB @ Osgood Ave","state":"MN","provider":"Minnesota DOT","hls":"https://video.dot.state.mn.us/public/C3627.stream/playlist.m3u8","snapshot":"https://public.carsprogram.org/cameras/MN/C3627","refreshMs":30000,"attribution":"Ora (Warner Varnado) · Minnesota DOT"}},{"type":"Feature","geometry":{"type":"Point","coordinates":[-92.82235,45.03586]},"properties":{"id":"ora-mn-1344","name":"MN 36: T.H.36 WB @ Oakgreen Ave (Greeley St)","state":"MN","provider":"Minnesota DOT","hls":"https://video.dot.state.mn.us/public/C3626.stream/playlist.m3u8","snapshot":"https://public.carsprogram.org/cameras/MN/C3626","refreshMs":30000,"attribution":"Ora (Warner Varnado) · Minnesota DOT"}},{"type":"Feature","geometry":{"type":"Point","coordinates":[-92.83317,45.03602]},"properties":{"id":"ora-mn-1345","name":"MN 36: T.H.36 EB @ Norell Ave (Washington Ave)","state":"MN","provider":"Minnesota DOT","hls":"https://video.dot.state.mn.us/public/C3625.stream/playlist.m3u8","snapshot":"https://public.carsprogram.org/cameras/MN/C3625","refreshMs":30000,"attribution":"Ora (Warner Varnado) · Minnesota DOT"}},{"type":"Feature","geometry":{"type":"Point","coordinates":[-92.84819,45.03596]},"properties":{"id":"ora-mn-1346","name":"MN 36: T.H.36 EB @ Stillwater Blvd","state":"MN","provider":"Minnesota DOT","hls":"https://video.dot.state.mn.us/public/C3624.stream/playlist.m3u8","snapshot":"https://public.carsprogram.org/cameras/MN/C3624","refreshMs":30000,"attribution":"Ora (Warner Varnado) · Minnesota DOT"}},{"type":"Feature","geometry":{"type":"Point","coordinates":[-92.84824,45.03595]},"properties":{"id":"ora-mn-1347","name":"MN 36: T.H.36 WB @ Stillwater Blvd","state":"MN","provider":"Minnesota DOT","hls":"https://video.dot.state.mn.us/public/C3623.stream/playlist.m3u8","snapshot":"https://public.carsprogram.org/cameras/MN/C3623","refreshMs":30000,"attribution":"Ora (Warner Varnado) · Minnesota DOT"}},{"type":"Feature","geometry":{"type":"Point","coordinates":[-92.86248,45.03561]},"properties":{"id":"ora-mn-1348","name":"MN 36: T.H.36 WB @ Manning Ave NB","state":"MN","provider":"Minnesota DOT","hls":"https://video.dot.state.mn.us/public/C30221.stream/playlist.m3u8","snapshot":"https://public.carsprogram.org/cameras/MN/C30221","refreshMs":30000,"attribution":"Ora (Warner Varnado) · Minnesota DOT"}},{"type":"Feature","geometry":{"type":"Point","coordinates":[-92.86277,45.03561]},"properties":{"id":"ora-mn-1349","name":"MN 36: T.H.36 WB @ Manning Ave","state":"MN","provider":"Minnesota DOT","hls":"https://video.dot.state.mn.us/public/C3622.stream/playlist.m3u8","snapshot":"https://public.carsprogram.org/cameras/MN/C3622","refreshMs":30000,"attribution":"Ora (Warner Varnado) · Minnesota DOT"}},{"type":"Feature","geometry":{"type":"Point","coordinates":[-92.8634,45.0356]},"properties":{"id":"ora-mn-1350","name":"MN 36: T.H.36 EB @ Manning Ave SB","state":"MN","provider":"Minnesota DOT","hls":"https://video.dot.state.mn.us/public/C30220.stream/playlist.m3u8","snapshot":"https://public.carsprogram.org/cameras/MN/C30220","refreshMs":30000,"attribution":"Ora (Warner Varnado) · Minnesota DOT"}},{"type":"Feature","geometry":{"type":"Point","coordinates":[-92.87097,45.03559]},"properties":{"id":"ora-mn-1351","name":"MN 36: T.H.36 WB W of Manning Ave","state":"MN","provider":"Minnesota DOT","hls":"https://video.dot.state.mn.us/public/C3621.stream/playlist.m3u8","snapshot":"https://public.carsprogram.org/cameras/MN/C3621","refreshMs":30000,"attribution":"Ora (Warner Varnado) · Minnesota DOT"}},{"type":"Feature","geometry":{"type":"Point","coordinates":[-92.88302,45.03557]},"properties":{"id":"ora-mn-1352","name":"MN 36: T.H.36 EB @ Lake Elmo Ave","state":"MN","provider":"Minnesota DOT","hls":"https://video.dot.state.mn.us/public/C3620.stream/playlist.m3u8","snapshot":"/images/icon-camera-closed-fill-solid-padded.svg","refreshMs":30000,"attribution":"Ora (Warner Varnado) · Minnesota DOT"}},{"type":"Feature","geometry":{"type":"Point","coordinates":[-92.894,45.03557]},"properties":{"id":"ora-mn-1353","name":"MN 36: T.H.36 WB E of Keats Ave","state":"MN","provider":"Minnesota DOT","hls":"https://video.dot.state.mn.us/public/C3619.stream/playlist.m3u8","snapshot":"https://public.carsprogram.org/cameras/MN/C3619","refreshMs":30000,"attribution":"Ora (Warner Varnado) · Minnesota DOT"}},{"type":"Feature","geometry":{"type":"Point","coordinates":[-92.91326,45.03552]},"properties":{"id":"ora-mn-1354","name":"MN 36: T.H.36 WB W of Keats Ave","state":"MN","provider":"Minnesota DOT","hls":"https://video.dot.state.mn.us/public/C3617.stream/playlist.m3u8","snapshot":"https://public.carsprogram.org/cameras/MN/C3617","refreshMs":30000,"attribution":"Ora (Warner Varnado) · Minnesota DOT"}},{"type":"Feature","geometry":{"type":"Point","coordinates":[-92.92711,45.03547]},"properties":{"id":"ora-mn-1355","name":"MN 36: T.H.36 WB E of Demontreville Tr","state":"MN","provider":"Minnesota DOT","hls":"https://video.dot.state.mn.us/public/C3616.stream/playlist.m3u8","snapshot":"https://public.carsprogram.org/cameras/MN/C3616","refreshMs":30000,"attribution":"Ora (Warner Varnado) · Minnesota DOT"}},{"type":"Feature","geometry":{"type":"Point","coordinates":[-92.95,45.03563]},"properties":{"id":"ora-mn-1356","name":"MN 36: T.H.36 WB @ Hilton Tr","state":"MN","provider":"Minnesota DOT","hls":"https://video.dot.state.mn.us/public/C3615.stream/playlist.m3u8","snapshot":"https://public.carsprogram.org/cameras/MN/C3615","refreshMs":30000,"attribution":"Ora (Warner Varnado) · Minnesota DOT"}},{"type":"Feature","geometry":{"type":"Point","coordinates":[-92.97145,45.02716]},"properties":{"id":"ora-mn-1357","name":"MN 36: T.H.36 WB @ Hadley Ave N WB","state":"MN","provider":"Minnesota DOT","hls":"https://video.dot.state.mn.us/public/C3614.stream/playlist.m3u8","snapshot":"https://public.carsprogram.org/cameras/MN/C3614","refreshMs":30000,"attribution":"Ora (Warner Varnado) · Minnesota DOT"}},{"type":"Feature","geometry":{"type":"Point","coordinates":[-92.99155,45.01594]},"properties":{"id":"ora-mn-1358","name":"MN 36: T.H.36 WB @ Margaret St","state":"MN","provider":"Minnesota DOT","hls":"https://video.dot.state.mn.us/public/C3612.stream/playlist.m3u8","snapshot":"https://public.carsprogram.org/cameras/MN/C3612","refreshMs":30000,"attribution":"Ora (Warner Varnado) · Minnesota DOT"}},{"type":"Feature","geometry":{"type":"Point","coordinates":[-93.00242,45.01212]},"properties":{"id":"ora-mn-1359","name":"MN 36: T.H.36 EB E of McKnight Rd","state":"MN","provider":"Minnesota DOT","hls":"https://video.dot.state.mn.us/public/C3611.stream/playlist.m3u8","snapshot":"https://public.carsprogram.org/cameras/MN/C3611","refreshMs":30000,"attribution":"Ora (Warner Varnado) · Minnesota DOT"}},{"type":"Feature","geometry":{"type":"Point","coordinates":[-93.00552,45.01206]},"properties":{"id":"ora-mn-1360","name":"MN 36: T.H.36 WB @ McKnight Rd","state":"MN","provider":"Minnesota DOT","hls":"https://video.dot.state.mn.us/public/C3610.stream/playlist.m3u8","snapshot":"https://public.carsprogram.org/cameras/MN/C3610","refreshMs":30000,"attribution":"Ora (Warner Varnado) · Minnesota DOT"}},{"type":"Feature","geometry":{"type":"Point","coordinates":[-93.02072,45.01163]},"properties":{"id":"ora-mn-1361","name":"MN 36: T.H.36 WB @ White Bear Ave NB","state":"MN","provider":"Minnesota DOT","hls":"https://video.dot.state.mn.us/public/C30104.stream/playlist.m3u8","snapshot":"https://public.carsprogram.org/cameras/MN/C30104","refreshMs":30000,"attribution":"Ora (Warner Varnado) · Minnesota DOT"}},{"type":"Feature","geometry":{"type":"Point","coordinates":[-93.02195,45.01162]},"properties":{"id":"ora-mn-1362","name":"MN 36: T.H.36 WB @ White Bear Ave","state":"MN","provider":"Minnesota DOT","hls":"https://video.dot.state.mn.us/public/C3609.stream/playlist.m3u8","snapshot":"https://public.carsprogram.org/cameras/MN/C3609","refreshMs":30000,"attribution":"Ora (Warner Varnado) · Minnesota DOT"}},{"type":"Feature","geometry":{"type":"Point","coordinates":[-93.04442,45.01163]},"properties":{"id":"ora-mn-1363","name":"MN 36: T.H.36 EB @ English St","state":"MN","provider":"Minnesota DOT","hls":"https://video.dot.state.mn.us/public/C3608.stream/playlist.m3u8","snapshot":"https://public.carsprogram.org/cameras/MN/C3608","refreshMs":30000,"attribution":"Ora (Warner Varnado) · Minnesota DOT"}},{"type":"Feature","geometry":{"type":"Point","coordinates":[-93.05555,45.01169]},"properties":{"id":"ora-mn-1364","name":"MN 36: T.H.36 WB @ T.H.61","state":"MN","provider":"Minnesota DOT","hls":"https://video.dot.state.mn.us/public/C009.stream/playlist.m3u8","snapshot":"https://public.carsprogram.org/cameras/MN/C009","refreshMs":30000,"attribution":"Ora (Warner Varnado) · Minnesota DOT"}},{"type":"Feature","geometry":{"type":"Point","coordinates":[-93.06593,45.01051]},"properties":{"id":"ora-mn-1365","name":"MN 36: T.H.36 EB @ Arcade St","state":"MN","provider":"Minnesota DOT","hls":"https://video.dot.state.mn.us/public/C008.stream/playlist.m3u8","snapshot":"https://public.carsprogram.org/cameras/MN/C008","refreshMs":30000,"attribution":"Ora (Warner Varnado) · Minnesota DOT"}},{"type":"Feature","geometry":{"type":"Point","coordinates":[-93.07653,45.00962]},"properties":{"id":"ora-mn-1366","name":"MN 36: T.H.36 EB @ Edgerton St","state":"MN","provider":"Minnesota DOT","hls":"https://video.dot.state.mn.us/public/C007.stream/playlist.m3u8","snapshot":"https://public.carsprogram.org/cameras/MN/C007","refreshMs":30000,"attribution":"Ora (Warner Varnado) · Minnesota DOT"}},{"type":"Feature","geometry":{"type":"Point","coordinates":[-93.09781,45.00859]},"properties":{"id":"ora-mn-1367","name":"MN 36: T.H.36 WB E of Rice St","state":"MN","provider":"Minnesota DOT","hls":null,"snapshot":"https://public.carsprogram.org/cameras/MN/C30730?1783724040000","refreshMs":30000,"attribution":"Ora (Warner Varnado) · Minnesota DOT"}},{"type":"Feature","geometry":{"type":"Point","coordinates":[-93.10572,45.0075]},"properties":{"id":"ora-mn-1368","name":"MN 36: T.H.36 WB @ Rice St NB","state":"MN","provider":"Minnesota DOT","hls":null,"snapshot":"https://public.carsprogram.org/cameras/MN/C30562?1783724040000","refreshMs":30000,"attribution":"Ora (Warner Varnado) · Minnesota DOT"}},{"type":"Feature","geometry":{"type":"Point","coordinates":[-93.10612,45.0075]},"properties":{"id":"ora-mn-1369","name":"MN 36: T.H.36 EB @ Rice St","state":"MN","provider":"Minnesota DOT","hls":"https://video.dot.state.mn.us/public/C005.stream/playlist.m3u8","snapshot":"https://public.carsprogram.org/cameras/MN/C005","refreshMs":30000,"attribution":"Ora (Warner Varnado) · Minnesota DOT"}},{"type":"Feature","geometry":{"type":"Point","coordinates":[-93.12599,45.00945]},"properties":{"id":"ora-mn-1370","name":"MN 36: T.H.36 EB @ Dale St NB","state":"MN","provider":"Minnesota DOT","hls":null,"snapshot":"https://public.carsprogram.org/cameras/MN/C30561?1783724040000","refreshMs":30000,"attribution":"Ora (Warner Varnado) · Minnesota DOT"}},{"type":"Feature","geometry":{"type":"Point","coordinates":[-93.12639,45.00944]},"properties":{"id":"ora-mn-1371","name":"MN 36: T.H.36 WB @ Dale St SB","state":"MN","provider":"Minnesota DOT","hls":null,"snapshot":"https://public.carsprogram.org/cameras/MN/C30560?1783724040000","refreshMs":30000,"attribution":"Ora (Warner Varnado) · Minnesota DOT"}},{"type":"Feature","geometry":{"type":"Point","coordinates":[-93.12717,45.00943]},"properties":{"id":"ora-mn-1372","name":"MN 36: T.H.36 WB @ Dale St","state":"MN","provider":"Minnesota DOT","hls":"https://video.dot.state.mn.us/public/C004.stream/playlist.m3u8","snapshot":"https://public.carsprogram.org/cameras/MN/C004","refreshMs":30000,"attribution":"Ora (Warner Varnado) · Minnesota DOT"}},{"type":"Feature","geometry":{"type":"Point","coordinates":[-93.13542,45.01001]},"properties":{"id":"ora-mn-1373","name":"MN 36: T.H.36 EB @ Victoria St","state":"MN","provider":"Minnesota DOT","hls":"https://video.dot.state.mn.us/public/C30592.stream/playlist.m3u8","snapshot":"https://public.carsprogram.org/cameras/MN/C30592","refreshMs":30000,"attribution":"Ora (Warner Varnado) · Minnesota DOT"}},{"type":"Feature","geometry":{"type":"Point","coordinates":[-93.14751,45.01033]},"properties":{"id":"ora-mn-1374","name":"MN 36: T.H.36 EB @ Lexington Ave","state":"MN","provider":"Minnesota DOT","hls":"https://video.dot.state.mn.us/public/C003.stream/playlist.m3u8","snapshot":"https://public.carsprogram.org/cameras/MN/C003","refreshMs":30000,"attribution":"Ora (Warner Varnado) · Minnesota DOT"}},{"type":"Feature","geometry":{"type":"Point","coordinates":[-93.15664,45.0102]},"properties":{"id":"ora-mn-1375","name":"MN 36: T.H.36 @ Hamline Ave","state":"MN","provider":"Minnesota DOT","hls":"https://video.dot.state.mn.us/public/C30252.stream/playlist.m3u8","snapshot":"https://public.carsprogram.org/cameras/MN/C30252","refreshMs":30000,"attribution":"Ora (Warner Varnado) · Minnesota DOT"}},{"type":"Feature","geometry":{"type":"Point","coordinates":[-93.17651,45.01004]},"properties":{"id":"ora-mn-1376","name":"MN 36: T.H.36 WB @ Fairview Ave","state":"MN","provider":"Minnesota DOT","hls":"https://video.dot.state.mn.us/public/C30295.stream/playlist.m3u8","snapshot":"https://public.carsprogram.org/cameras/MN/C30295","refreshMs":30000,"attribution":"Ora (Warner Varnado) · Minnesota DOT"}},{"type":"Feature","geometry":{"type":"Point","coordinates":[-93.17692,45.01004]},"properties":{"id":"ora-mn-1377","name":"MN 36: T.H.36 EB @ Fairview Ave","state":"MN","provider":"Minnesota DOT","hls":"https://video.dot.state.mn.us/public/C30296.stream/playlist.m3u8","snapshot":"https://public.carsprogram.org/cameras/MN/C30296","refreshMs":30000,"attribution":"Ora (Warner Varnado) · Minnesota DOT"}},{"type":"Feature","geometry":{"type":"Point","coordinates":[-93.186,45.01003]},"properties":{"id":"ora-mn-1378","name":"MN 36: T.H.36 WB @ Cleveland Ave","state":"MN","provider":"Minnesota DOT","hls":"https://video.dot.state.mn.us/public/C001.stream/playlist.m3u8","snapshot":"https://public.carsprogram.org/cameras/MN/C001","refreshMs":30000,"attribution":"Ora (Warner Varnado) · Minnesota DOT"}},{"type":"Feature","geometry":{"type":"Point","coordinates":[-93.18755,45.01002]},"properties":{"id":"ora-mn-1379","name":"MN 36: Cleveland Ave SB @ Co Rd B","state":"MN","provider":"Minnesota DOT","hls":null,"snapshot":"https://public.carsprogram.org/cameras/MN/C30559?1783724040000","refreshMs":30000,"attribution":"Ora (Warner Varnado) · Minnesota DOT"}},{"type":"Feature","geometry":{"type":"Point","coordinates":[-92.46148,46.7128]},"properties":{"id":"ora-mn-1380","name":"MN 33: T.H.33 NB @ Doddridge Ave (Big Lake Rd)","state":"MN","provider":"Minnesota DOT","hls":null,"snapshot":"https://public.carsprogram.org/cameras/MN/C30274?1783724040000","refreshMs":30000,"attribution":"Ora (Warner Varnado) · Minnesota DOT"}},{"type":"Feature","geometry":{"type":"Point","coordinates":[-92.45695,46.68982]},"properties":{"id":"ora-mn-1381","name":"MN 33: I-35 SB @ T.H.33","state":"MN","provider":"Minnesota DOT","hls":"https://video.dot.state.mn.us/public/C30273.stream/playlist.m3u8","snapshot":"https://public.carsprogram.org/cameras/MN/C30273","refreshMs":30000,"attribution":"Ora (Warner Varnado) · Minnesota DOT"}},{"type":"Feature","geometry":{"type":"Point","coordinates":[-92.47773,43.91685]},"properties":{"id":"ora-mn-1382","name":"MN 30: T.H.63 SB @ C.S.A.H.16 EB (MP 33.0)","state":"MN","provider":"Minnesota DOT","hls":"https://video.dot.state.mn.us/public/C30011.stream/playlist.m3u8","snapshot":"https://public.carsprogram.org/cameras/MN/C30011","refreshMs":30000,"attribution":"Ora (Warner Varnado) · Minnesota DOT"}},{"type":"Feature","geometry":{"type":"Point","coordinates":[-93.27656,43.87007]},"properties":{"id":"ora-mn-1383","name":"MN 30: I-35 NB @ T.H.30 EB (MP 26.4)","state":"MN","provider":"Minnesota DOT","hls":"https://video.dot.state.mn.us/public/C30020.stream/playlist.m3u8","snapshot":"https://public.carsprogram.org/cameras/MN/C30020","refreshMs":30000,"attribution":"Ora (Warner Varnado) · Minnesota DOT"}},{"type":"Feature","geometry":{"type":"Point","coordinates":[-93.91437,43.89895]},"properties":{"id":"ora-mn-1384","name":"MN 30: T.H.30 (Mapleton - MP 146.8): T.H.30 (Mapleton - MP 146.8) View 1","state":"MN","provider":"Minnesota DOT","hls":null,"snapshot":"https://public.carsprogram.org/cameras/MN/C30344-v1?1783724040000","refreshMs":30000,"attribution":"Ora (Warner Varnado) · Minnesota DOT"}},{"type":"Feature","geometry":{"type":"Point","coordinates":[-95.59735,44.05708]},"properties":{"id":"ora-mn-1385","name":"MN 30: T.H.30 (Dovray - MP 49): T.H.30 (Dovray - MP 49) View 1","state":"MN","provider":"Minnesota DOT","hls":null,"snapshot":"https://public.carsprogram.org/cameras/MN/C30358-v1?1783724040000","refreshMs":30000,"attribution":"Ora (Warner Varnado) · Minnesota DOT"}},{"type":"Feature","geometry":{"type":"Point","coordinates":[-95.56189,45.48847]},"properties":{"id":"ora-mn-1386","name":"MN 29: T.H.29 (Starbuck - MP 46): T.H.29 (Starbuck - MP 46) View 1","state":"MN","provider":"Minnesota DOT","hls":null,"snapshot":"https://public.carsprogram.org/cameras/MN/C30357-v1?1783724040000","refreshMs":30000,"attribution":"Ora (Warner Varnado) · Minnesota DOT"}},{"type":"Feature","geometry":{"type":"Point","coordinates":[-96.49387,45.5581]},"properties":{"id":"ora-mn-1387","name":"MN 28: T.H.28 (Graceville - MP 19): T.H.28 (Graceville - MP 19) View 1","state":"MN","provider":"Minnesota DOT","hls":null,"snapshot":"https://public.carsprogram.org/cameras/MN/C30356-v1?1783724040000","refreshMs":30000,"attribution":"Ora (Warner Varnado) · Minnesota DOT"}},{"type":"Feature","geometry":{"type":"Point","coordinates":[-96.2337,45.80338]},"properties":{"id":"ora-mn-1388","name":"MN 27: T.H.27 (Herman - MP 36.5): T.H.27 (Herman - MP 36.5) View 1","state":"MN","provider":"Minnesota DOT","hls":null,"snapshot":"https://public.carsprogram.org/cameras/MN/C30370-v1?1783724040000","refreshMs":30000,"attribution":"Ora (Warner Varnado) · Minnesota DOT"}},{"type":"Feature","geometry":{"type":"Point","coordinates":[-94.10384,46.14423]},"properties":{"id":"ora-mn-1389","name":"MN 25: T.H.25 (Lastrup - MP 140): T.H.25 (Lastrup - MP 140) View 1","state":"MN","provider":"Minnesota DOT","hls":null,"snapshot":"https://public.carsprogram.org/cameras/MN/C30332-v1?1783724040000","refreshMs":30000,"attribution":"Ora (Warner Varnado) · Minnesota DOT"}},{"type":"Feature","geometry":{"type":"Point","coordinates":[-93.79419,45.30573]},"properties":{"id":"ora-mn-1390","name":"MN 25: T.H.25 NB @ Co Rd 75","state":"MN","provider":"Minnesota DOT","hls":null,"snapshot":"https://public.carsprogram.org/cameras/MN/C1514?1783724040000","refreshMs":30000,"attribution":"Ora (Warner Varnado) · Minnesota DOT"}},{"type":"Feature","geometry":{"type":"Point","coordinates":[-93.79985,45.2977]},"properties":{"id":"ora-mn-1391","name":"MN 25: I-94 EB @ T.H.25 (MP 193)","state":"MN","provider":"Minnesota DOT","hls":"https://video.dot.state.mn.us/public/C786.stream/playlist.m3u8","snapshot":"https://public.carsprogram.org/cameras/MN/C786","refreshMs":30000,"attribution":"Ora (Warner Varnado) · Minnesota DOT"}},{"type":"Feature","geometry":{"type":"Point","coordinates":[-94.0571,45.41243]},"properties":{"id":"ora-mn-1393","name":"MN 24: I-94 WB @ T.H.24 (MP 178)","state":"MN","provider":"Minnesota DOT","hls":"https://video.dot.state.mn.us/public/C772.stream/playlist.m3u8","snapshot":"https://public.carsprogram.org/cameras/MN/C772","refreshMs":30000,"attribution":"Ora (Warner Varnado) · Minnesota DOT"}},{"type":"Feature","geometry":{"type":"Point","coordinates":[-94.03023,45.60768]},"properties":{"id":"ora-mn-1394","name":"MN 23: T.H.23 (Foley - MP 214): T.H.23 (Foley - MP 214) View 1","state":"MN","provider":"Minnesota DOT","hls":null,"snapshot":"https://public.carsprogram.org/cameras/MN/C30331-v1?1783724040000","refreshMs":30000,"attribution":"Ora (Warner Varnado) · Minnesota DOT"}},{"type":"Feature","geometry":{"type":"Point","coordinates":[-94.15635,45.55926]},"properties":{"id":"ora-mn-1395","name":"MN 23: T.H.23 EB @ 5th Ave","state":"MN","provider":"Minnesota DOT","hls":"https://video.dot.state.mn.us/public/C1506.stream/playlist.m3u8","snapshot":"https://public.carsprogram.org/cameras/MN/C1506","refreshMs":30000,"attribution":"Ora (Warner Varnado) · Minnesota DOT"}},{"type":"Feature","geometry":{"type":"Point","coordinates":[-94.2835,45.51588]},"properties":{"id":"ora-mn-1396","name":"MN 23: I-94 WB @ T.H.23 EB","state":"MN","provider":"Minnesota DOT","hls":"https://video.dot.state.mn.us/public/C30667.stream/playlist.m3u8","snapshot":"https://public.carsprogram.org/cameras/MN/C30667","refreshMs":30000,"attribution":"Ora (Warner Varnado) · Minnesota DOT"}},{"type":"Feature","geometry":{"type":"Point","coordinates":[-94.48588,45.45135]},"properties":{"id":"ora-mn-1397","name":"MN 23: T.H.23 (Richmond - MP 187.8): T.H.23 (Richmond - MP 187.8) View 1","state":"MN","provider":"Minnesota DOT","hls":null,"snapshot":"https://public.carsprogram.org/cameras/MN/C30407-v1?1783724040000","refreshMs":30000,"attribution":"Ora (Warner Varnado) · Minnesota DOT"}},{"type":"Feature","geometry":{"type":"Point","coordinates":[-95.61388,44.69156]},"properties":{"id":"ora-mn-1398","name":"MN 23: T.H.23 (Hanley Falls - MP 94): T.H.23 (Hanley Falls - MP 94) View 1","state":"MN","provider":"Minnesota DOT","hls":null,"snapshot":"https://public.carsprogram.org/cameras/MN/C30330-v1?1783724040000","refreshMs":30000,"attribution":"Ora (Warner Varnado) · Minnesota DOT"}},{"type":"Feature","geometry":{"type":"Point","coordinates":[-93.94888,44.16919]},"properties":{"id":"ora-mn-1399","name":"MN 22: T.H.22 SB N of Madison Ave","state":"MN","provider":"Minnesota DOT","hls":"https://video.dot.state.mn.us/public/C30151.stream/playlist.m3u8","snapshot":"https://public.carsprogram.org/cameras/MN/C30151","refreshMs":30000,"attribution":"Ora (Warner Varnado) · Minnesota DOT"}},{"type":"Feature","geometry":{"type":"Point","coordinates":[-93.2918,44.31119]},"properties":{"id":"ora-mn-1400","name":"MN 21: T.H.21 SB @ T.H.3","state":"MN","provider":"Minnesota DOT","hls":null,"snapshot":"https://public.carsprogram.org/cameras/MN/C30660?1783724040000","refreshMs":30000,"attribution":"Ora (Warner Varnado) · Minnesota DOT"}},{"type":"Feature","geometry":{"type":"Point","coordinates":[-93.28999,44.2946]},"properties":{"id":"ora-mn-1401","name":"MN 21: T.H.21 NB @ T.H.60","state":"MN","provider":"Minnesota DOT","hls":null,"snapshot":"https://public.carsprogram.org/cameras/MN/C30659?1783724040000","refreshMs":30000,"attribution":"Ora (Warner Varnado) · Minnesota DOT"}},{"type":"Feature","geometry":{"type":"Point","coordinates":[-92.91942,44.50694]},"properties":{"id":"ora-mn-1402","name":"MN 19: T.H.52 SB @ T.H.19 EB (MP 98)","state":"MN","provider":"Minnesota DOT","hls":"https://video.dot.state.mn.us/public/C30121.stream/playlist.m3u8","snapshot":"https://public.carsprogram.org/cameras/MN/C30121","refreshMs":30000,"attribution":"Ora (Warner Varnado) · Minnesota DOT"}},{"type":"Feature","geometry":{"type":"Point","coordinates":[-93.62483,44.54381]},"properties":{"id":"ora-mn-1403","name":"MN 19: T.H.19 (New Prague - MP 149): T.H.19 (New Prague - MP 149) View 1","state":"MN","provider":"Minnesota DOT","hls":null,"snapshot":"https://public.carsprogram.org/cameras/MN/C30451-v1?1783724040000","refreshMs":30000,"attribution":"Ora (Warner Varnado) · Minnesota DOT"}},{"type":"Feature","geometry":{"type":"Point","coordinates":[-94.41415,44.54306]},"properties":{"id":"ora-mn-1404","name":"MN 19: T.H.19 (Winthrop - MP 108): T.H.19 (Winthrop - MP 108) View 1","state":"MN","provider":"Minnesota DOT","hls":null,"snapshot":"https://public.carsprogram.org/cameras/MN/C30329-v1?1783724040000","refreshMs":30000,"attribution":"Ora (Warner Varnado) · Minnesota DOT"}},{"type":"Feature","geometry":{"type":"Point","coordinates":[-94.99556,44.54473]},"properties":{"id":"ora-mn-1405","name":"MN 19: T.H.19 (Morton - MP 78): T.H.19 (Morton - MP 78) View 1","state":"MN","provider":"Minnesota DOT","hls":null,"snapshot":"https://public.carsprogram.org/cameras/MN/C30328-v1?1783724040000","refreshMs":30000,"attribution":"Ora (Warner Varnado) · Minnesota DOT"}},{"type":"Feature","geometry":{"type":"Point","coordinates":[-96.43525,44.45873]},"properties":{"id":"ora-mn-1406","name":"MN 19: T.H.19 (Hendricks - MP 2): T.H.19 (Hendricks - MP 2) View 1","state":"MN","provider":"Minnesota DOT","hls":null,"snapshot":"https://public.carsprogram.org/cameras/MN/C30327-v1?1783724040000","refreshMs":30000,"attribution":"Ora (Warner Varnado) · Minnesota DOT"}},{"type":"Feature","geometry":{"type":"Point","coordinates":[-94.19962,45.58597]},"properties":{"id":"ora-mn-1407","name":"MN 15: T.H.15 SB @ Co Rd 120","state":"MN","provider":"Minnesota DOT","hls":"https://video.dot.state.mn.us/public/C1511.stream/playlist.m3u8","snapshot":"https://public.carsprogram.org/cameras/MN/C1511","refreshMs":30000,"attribution":"Ora (Warner Varnado) · Minnesota DOT"}},{"type":"Feature","geometry":{"type":"Point","coordinates":[-94.2057,45.56211]},"properties":{"id":"ora-mn-1408","name":"MN 15: T.H.15 N of 3rd St","state":"MN","provider":"Minnesota DOT","hls":"https://video.dot.state.mn.us/public/C1505.stream/playlist.m3u8","snapshot":"https://public.carsprogram.org/cameras/MN/C1505","refreshMs":30000,"attribution":"Ora (Warner Varnado) · Minnesota DOT"}},{"type":"Feature","geometry":{"type":"Point","coordinates":[-94.20515,45.54991]},"properties":{"id":"ora-mn-1409","name":"MN 15: T.H.15 NB @ 2nd St","state":"MN","provider":"Minnesota DOT","hls":"https://video.dot.state.mn.us/public/C1504.stream/playlist.m3u8","snapshot":"https://public.carsprogram.org/cameras/MN/C1504","refreshMs":30000,"attribution":"Ora (Warner Varnado) · Minnesota DOT"}},{"type":"Feature","geometry":{"type":"Point","coordinates":[-94.24004,45.4983]},"properties":{"id":"ora-mn-1410","name":"MN 15: I-94 WB @ T.H.15","state":"MN","provider":"Minnesota DOT","hls":"https://video.dot.state.mn.us/public/C30668.stream/playlist.m3u8","snapshot":"https://public.carsprogram.org/cameras/MN/C30668","refreshMs":30000,"attribution":"Ora (Warner Varnado) · Minnesota DOT"}},{"type":"Feature","geometry":{"type":"Point","coordinates":[-93.13632,44.9009]},"properties":{"id":"ora-mn-1411","name":"MN 13: I-35E SB @ T.H.13","state":"MN","provider":"Minnesota DOT","hls":"https://video.dot.state.mn.us/public/C026.stream/playlist.m3u8","snapshot":"https://public.carsprogram.org/cameras/MN/C026","refreshMs":30000,"attribution":"Ora (Warner Varnado) · Minnesota DOT"}},{"type":"Feature","geometry":{"type":"Point","coordinates":[-93.16276,44.87389]},"properties":{"id":"ora-mn-1412","name":"MN 13: T.H.55 WB @ T.H.13","state":"MN","provider":"Minnesota DOT","hls":"https://video.dot.state.mn.us/public/C1299.stream/playlist.m3u8","snapshot":"https://public.carsprogram.org/cameras/MN/C1299","refreshMs":30000,"attribution":"Ora (Warner Varnado) · Minnesota DOT"}},{"type":"Feature","geometry":{"type":"Point","coordinates":[-93.16744,44.87234]},"properties":{"id":"ora-mn-1413","name":"MN 13: T.H.13 NB @ Pilot Knob Rd","state":"MN","provider":"Minnesota DOT","hls":"https://video.dot.state.mn.us/public/C1300.stream/playlist.m3u8","snapshot":"https://public.carsprogram.org/cameras/MN/C1300","refreshMs":30000,"attribution":"Ora (Warner Varnado) · Minnesota DOT"}},{"type":"Feature","geometry":{"type":"Point","coordinates":[-93.18284,44.84789]},"properties":{"id":"ora-mn-1414","name":"MN 13: T.H.13 SB @ Lone Oak Rd","state":"MN","provider":"Minnesota DOT","hls":"https://video.dot.state.mn.us/public/C30243.stream/playlist.m3u8","snapshot":"https://public.carsprogram.org/cameras/MN/C30243","refreshMs":30000,"attribution":"Ora (Warner Varnado) · Minnesota DOT"}},{"type":"Feature","geometry":{"type":"Point","coordinates":[-93.19102,44.83375]},"properties":{"id":"ora-mn-1415","name":"MN 13: T.H.13 NB @ Yankee Doodle Rd","state":"MN","provider":"Minnesota DOT","hls":"https://video.dot.state.mn.us/public/C1303.stream/playlist.m3u8","snapshot":"https://public.carsprogram.org/cameras/MN/C1303","refreshMs":30000,"attribution":"Ora (Warner Varnado) · Minnesota DOT"}},{"type":"Feature","geometry":{"type":"Point","coordinates":[-93.19821,44.82719]},"properties":{"id":"ora-mn-1416","name":"MN 13: T.H.13 NB @ Blackhawk Rd","state":"MN","provider":"Minnesota DOT","hls":"https://video.dot.state.mn.us/public/C1304.stream/playlist.m3u8","snapshot":"https://public.carsprogram.org/cameras/MN/C1304","refreshMs":30000,"attribution":"Ora (Warner Varnado) · Minnesota DOT"}},{"type":"Feature","geometry":{"type":"Point","coordinates":[-93.20766,44.82043]},"properties":{"id":"ora-mn-1417","name":"MN 13: T.H.13 NB @ Silver Bell Rd","state":"MN","provider":"Minnesota DOT","hls":"https://video.dot.state.mn.us/public/C1305.stream/playlist.m3u8","snapshot":"https://public.carsprogram.org/cameras/MN/C1305","refreshMs":30000,"attribution":"Ora (Warner Varnado) · Minnesota DOT"}},{"type":"Feature","geometry":{"type":"Point","coordinates":[-93.22869,44.80485]},"properties":{"id":"ora-mn-1418","name":"MN 13: T.H.13 EB @ Diffley Rd","state":"MN","provider":"Minnesota DOT","hls":"https://video.dot.state.mn.us/public/C1306.stream/playlist.m3u8","snapshot":"https://public.carsprogram.org/cameras/MN/C1306","refreshMs":30000,"attribution":"Ora (Warner Varnado) · Minnesota DOT"}},{"type":"Feature","geometry":{"type":"Point","coordinates":[-93.2316,44.8017]},"properties":{"id":"ora-mn-1419","name":"MN 13: T.H.13 WB @ River Hills Dr","state":"MN","provider":"Minnesota DOT","hls":"https://video.dot.state.mn.us/public/C1307.stream/playlist.m3u8","snapshot":"https://public.carsprogram.org/cameras/MN/C1307","refreshMs":30000,"attribution":"Ora (Warner Varnado) · Minnesota DOT"}},{"type":"Feature","geometry":{"type":"Point","coordinates":[-93.2427,44.79021]},"properties":{"id":"ora-mn-1420","name":"MN 13: T.H.13 EB @ Cliff Rd","state":"MN","provider":"Minnesota DOT","hls":"https://video.dot.state.mn.us/public/C1308.stream/playlist.m3u8","snapshot":"https://public.carsprogram.org/cameras/MN/C1308","refreshMs":30000,"attribution":"Ora (Warner Varnado) · Minnesota DOT"}},{"type":"Feature","geometry":{"type":"Point","coordinates":[-93.2472,44.78766]},"properties":{"id":"ora-mn-1421","name":"MN 13: T.H.13 WB @ Co Rd 11 (W River Hills Dr)","state":"MN","provider":"Minnesota DOT","hls":"https://video.dot.state.mn.us/public/C1309.stream/playlist.m3u8","snapshot":"https://public.carsprogram.org/cameras/MN/C1309","refreshMs":30000,"attribution":"Ora (Warner Varnado) · Minnesota DOT"}},{"type":"Feature","geometry":{"type":"Point","coordinates":[-93.25796,44.78366]},"properties":{"id":"ora-mn-1422","name":"MN 13: T.H.13 EB @ Parkwood Dr","state":"MN","provider":"Minnesota DOT","hls":"https://video.dot.state.mn.us/public/C1310.stream/playlist.m3u8","snapshot":"https://public.carsprogram.org/cameras/MN/C1310","refreshMs":30000,"attribution":"Ora (Warner Varnado) · Minnesota DOT"}},{"type":"Feature","geometry":{"type":"Point","coordinates":[-93.26737,44.78177]},"properties":{"id":"ora-mn-1423","name":"MN 13: T.H.13 WB @ Portland Ave","state":"MN","provider":"Minnesota DOT","hls":"https://video.dot.state.mn.us/public/C1311.stream/playlist.m3u8","snapshot":"https://public.carsprogram.org/cameras/MN/C1311","refreshMs":30000,"attribution":"Ora (Warner Varnado) · Minnesota DOT"}},{"type":"Feature","geometry":{"type":"Point","coordinates":[-93.27172,44.78031]},"properties":{"id":"ora-mn-1424","name":"MN 13: Cliff Rd E-W @ Nicollet Ave (Temp Signal)","state":"MN","provider":"Minnesota DOT","hls":null,"snapshot":"https://public.carsprogram.org/cameras/MN/C30701?1783724040000","refreshMs":30000,"attribution":"Ora (Warner Varnado) · Minnesota DOT"}},{"type":"Feature","geometry":{"type":"Point","coordinates":[-93.27767,44.77707]},"properties":{"id":"ora-mn-1425","name":"MN 13: T.H.13 EB @ Nicollet Ave","state":"MN","provider":"Minnesota DOT","hls":"https://video.dot.state.mn.us/public/C1312.stream/playlist.m3u8","snapshot":"https://public.carsprogram.org/cameras/MN/C1312","refreshMs":30000,"attribution":"Ora (Warner Varnado) · Minnesota DOT"}},{"type":"Feature","geometry":{"type":"Point","coordinates":[-93.28898,44.77502]},"properties":{"id":"ora-mn-1426","name":"MN 13: I-35W SB @ T.H.13","state":"MN","provider":"Minnesota DOT","hls":"https://video.dot.state.mn.us/public/C608.stream/playlist.m3u8","snapshot":"https://public.carsprogram.org/cameras/MN/C608","refreshMs":30000,"attribution":"Ora (Warner Varnado) · Minnesota DOT"}},{"type":"Feature","geometry":{"type":"Point","coordinates":[-93.30499,44.77275]},"properties":{"id":"ora-mn-1427","name":"MN 13: T.H.13 EB @ Co Rd 5","state":"MN","provider":"Minnesota DOT","hls":"https://video.dot.state.mn.us/public/C1313.stream/playlist.m3u8","snapshot":"https://public.carsprogram.org/cameras/MN/C1313","refreshMs":30000,"attribution":"Ora (Warner Varnado) · Minnesota DOT"}},{"type":"Feature","geometry":{"type":"Point","coordinates":[-93.31843,44.77571]},"properties":{"id":"ora-mn-1428","name":"MN 13: T.H.13 WB @ Washburn Ave S","state":"MN","provider":"Minnesota DOT","hls":"https://video.dot.state.mn.us/public/C1314.stream/playlist.m3u8","snapshot":"https://public.carsprogram.org/cameras/MN/C1314","refreshMs":30000,"attribution":"Ora (Warner Varnado) · Minnesota DOT"}},{"type":"Feature","geometry":{"type":"Point","coordinates":[-93.33546,44.77898]},"properties":{"id":"ora-mn-1429","name":"MN 13: T.H.13 WB @ Lynn Ave","state":"MN","provider":"Minnesota DOT","hls":"https://video.dot.state.mn.us/public/C1315.stream/playlist.m3u8","snapshot":"https://public.carsprogram.org/cameras/MN/C1315","refreshMs":30000,"attribution":"Ora (Warner Varnado) · Minnesota DOT"}},{"type":"Feature","geometry":{"type":"Point","coordinates":[-93.34374,44.77893]},"properties":{"id":"ora-mn-1430","name":"MN 13: T.H.13 WB @ Quentin Ave","state":"MN","provider":"Minnesota DOT","hls":"https://video.dot.state.mn.us/public/C1316.stream/playlist.m3u8","snapshot":"https://public.carsprogram.org/cameras/MN/C1316","refreshMs":30000,"attribution":"Ora (Warner Varnado) · Minnesota DOT"}},{"type":"Feature","geometry":{"type":"Point","coordinates":[-93.35975,44.77794]},"properties":{"id":"ora-mn-1431","name":"MN 13: T.H.13 EB @ Dakota Ave","state":"MN","provider":"Minnesota DOT","hls":"https://video.dot.state.mn.us/public/C30260.stream/playlist.m3u8","snapshot":"https://public.carsprogram.org/cameras/MN/C30260","refreshMs":30000,"attribution":"Ora (Warner Varnado) · Minnesota DOT"}},{"type":"Feature","geometry":{"type":"Point","coordinates":[-93.37836,44.77546]},"properties":{"id":"ora-mn-1432","name":"MN 13: T.H.13 SB @ 126th St","state":"MN","provider":"Minnesota DOT","hls":"https://video.dot.state.mn.us/public/C1318.stream/playlist.m3u8","snapshot":"https://public.carsprogram.org/cameras/MN/C1318","refreshMs":30000,"attribution":"Ora (Warner Varnado) · Minnesota DOT"}},{"type":"Feature","geometry":{"type":"Point","coordinates":[-93.37958,44.76077]},"properties":{"id":"ora-mn-1433","name":"MN 13: T.H.13 SB @ McColl Dr","state":"MN","provider":"Minnesota DOT","hls":"https://video.dot.state.mn.us/public/C1321.stream/playlist.m3u8","snapshot":"https://public.carsprogram.org/cameras/MN/C1321","refreshMs":30000,"attribution":"Ora (Warner Varnado) · Minnesota DOT"}},{"type":"Feature","geometry":{"type":"Point","coordinates":[-93.37965,44.7498]},"properties":{"id":"ora-mn-1434","name":"MN 13: T.H.13 NB @ Connelly Pkwy","state":"MN","provider":"Minnesota DOT","hls":"https://video.dot.state.mn.us/public/C1322.stream/playlist.m3u8","snapshot":"https://public.carsprogram.org/cameras/MN/C1322","refreshMs":30000,"attribution":"Ora (Warner Varnado) · Minnesota DOT"}},{"type":"Feature","geometry":{"type":"Point","coordinates":[-93.37961,44.74636]},"properties":{"id":"ora-mn-1435","name":"MN 13: T.H.13 SB @ Egan Dr (Co Rd 42)","state":"MN","provider":"Minnesota DOT","hls":"https://video.dot.state.mn.us/public/C1323.stream/playlist.m3u8","snapshot":"https://public.carsprogram.org/cameras/MN/C1323","refreshMs":30000,"attribution":"Ora (Warner Varnado) · Minnesota DOT"}},{"type":"Feature","geometry":{"type":"Point","coordinates":[-93.37992,44.74215]},"properties":{"id":"ora-mn-1436","name":"MN 13: T.H.13 NB @ South Park Dr","state":"MN","provider":"Minnesota DOT","hls":"https://video.dot.state.mn.us/public/C1324.stream/playlist.m3u8","snapshot":"https://public.carsprogram.org/cameras/MN/C1324","refreshMs":30000,"attribution":"Ora (Warner Varnado) · Minnesota DOT"}},{"type":"Feature","geometry":{"type":"Point","coordinates":[-93.38984,44.73167]},"properties":{"id":"ora-mn-1437","name":"MN 13: T.H.13 SB @ 150th St","state":"MN","provider":"Minnesota DOT","hls":"https://video.dot.state.mn.us/public/C30547.stream/playlist.m3u8","snapshot":"https://public.carsprogram.org/cameras/MN/C30547","refreshMs":30000,"attribution":"Ora (Warner Varnado) · Minnesota DOT"}},{"type":"Feature","geometry":{"type":"Point","coordinates":[-93.4035,44.72578]},"properties":{"id":"ora-mn-1438","name":"MN 13: T.H.13 SB @ Fish Point Rd","state":"MN","provider":"Minnesota DOT","hls":null,"snapshot":"https://public.carsprogram.org/cameras/MN/C30563?1783724040000","refreshMs":30000,"attribution":"Ora (Warner Varnado) · Minnesota DOT"}},{"type":"Feature","geometry":{"type":"Point","coordinates":[-93.42002,44.71739]},"properties":{"id":"ora-mn-1439","name":"MN 13: T.H.13 NB @ Main St (160th St/Co Rd 44)","state":"MN","provider":"Minnesota DOT","hls":"https://video.dot.state.mn.us/public/C30546.stream/playlist.m3u8","snapshot":"https://public.carsprogram.org/cameras/MN/C30546","refreshMs":30000,"attribution":"Ora (Warner Varnado) · Minnesota DOT"}},{"type":"Feature","geometry":{"type":"Point","coordinates":[-93.44154,44.70301]},"properties":{"id":"ora-mn-1440","name":"MN 13: T.H.13 NB @ 170th St","state":"MN","provider":"Minnesota DOT","hls":null,"snapshot":"https://public.carsprogram.org/cameras/MN/C30170?1783724040000","refreshMs":30000,"attribution":"Ora (Warner Varnado) · Minnesota DOT"}},{"type":"Feature","geometry":{"type":"Point","coordinates":[-93.37353,48.60169]},"properties":{"id":"ora-mn-1441","name":"MN 11: T.H.11 (International Falls): T.H.11 (International Falls) View 1","state":"MN","provider":"Minnesota DOT","hls":null,"snapshot":"https://public.carsprogram.org/cameras/MN/C30324-v1?1783724040000","refreshMs":30000,"attribution":"Ora (Warner Varnado) · Minnesota DOT"}},{"type":"Feature","geometry":{"type":"Point","coordinates":[-94.06701,48.62757]},"properties":{"id":"ora-mn-1442","name":"MN 11: T.H.11 (Birchdale - MP 157): T.H.11 (Birchdale - MP 157) View 1","state":"MN","provider":"Minnesota DOT","hls":null,"snapshot":"https://public.carsprogram.org/cameras/MN/C30323-v1?1783724040000","refreshMs":30000,"attribution":"Ora (Warner Varnado) · Minnesota DOT"}},{"type":"Feature","geometry":{"type":"Point","coordinates":[-95.05091,48.78951]},"properties":{"id":"ora-mn-1443","name":"MN 11: T.H.11 (Roosevelt - MP 108): T.H.11 (Roosevelt - MP 108) View 1","state":"MN","provider":"Minnesota DOT","hls":null,"snapshot":"https://public.carsprogram.org/cameras/MN/C30450-v1?1783724040000","refreshMs":30000,"attribution":"Ora (Warner Varnado) · Minnesota DOT"}},{"type":"Feature","geometry":{"type":"Point","coordinates":[-95.42519,48.89432]},"properties":{"id":"ora-mn-1444","name":"MN 11: T.H.11 (Warroad - MP 87.1): T.H.11 (Warroad - MP 87.1) View 1","state":"MN","provider":"Minnesota DOT","hls":null,"snapshot":"https://public.carsprogram.org/cameras/MN/C30397-v1?1783724040000","refreshMs":30000,"attribution":"Ora (Warner Varnado) · Minnesota DOT"}},{"type":"Feature","geometry":{"type":"Point","coordinates":[-95.96087,48.81935]},"properties":{"id":"ora-mn-1445","name":"MN 11: T.H.11 (Badger - MP 62): T.H.11 (Badger - MP 62) View 1","state":"MN","provider":"Minnesota DOT","hls":null,"snapshot":"https://public.carsprogram.org/cameras/MN/C30322-v1?1783724040000","refreshMs":30000,"attribution":"Ora (Warner Varnado) · Minnesota DOT"}},{"type":"Feature","geometry":{"type":"Point","coordinates":[-96.38056,48.64688]},"properties":{"id":"ora-mn-1446","name":"MN 11: T.H.11 (MP 37.7 (Karlstad)): T.H.11 (MP 37.7 (Karlstad)) View 1","state":"MN","provider":"Minnesota DOT","hls":null,"snapshot":"https://public.carsprogram.org/cameras/MN/C30394-v1?1783724040000","refreshMs":30000,"attribution":"Ora (Warner Varnado) · Minnesota DOT"}},{"type":"Feature","geometry":{"type":"Point","coordinates":[-96.91494,48.57219]},"properties":{"id":"ora-mn-1447","name":"MN 11: T.H.11 (Donaldson - MP 11): T.H.11 (Donaldson - MP 11) View 1","state":"MN","provider":"Minnesota DOT","hls":null,"snapshot":"https://public.carsprogram.org/cameras/MN/C30321-v1?1783724040000","refreshMs":30000,"attribution":"Ora (Warner Varnado) · Minnesota DOT"}},{"type":"Feature","geometry":{"type":"Point","coordinates":[-96.53245,47.57137]},"properties":{"id":"ora-mn-1448","name":"MN 9: T.H.9 (Beltrami - MP 212.5): T.H.9 (Beltrami - MP 212.5) View 1","state":"MN","provider":"Minnesota DOT","hls":null,"snapshot":"https://public.carsprogram.org/cameras/MN/C30396-v1?1783724040000","refreshMs":30000,"attribution":"Ora (Warner Varnado) · Minnesota DOT"}},{"type":"Feature","geometry":{"type":"Point","coordinates":[-95.37902,45.32563]},"properties":{"id":"ora-mn-1449","name":"MN 9: T.H.9 (Murdock - MP 24.5): T.H.9 (Murdock - MP 24.5) View 1","state":"MN","provider":"Minnesota DOT","hls":null,"snapshot":"https://public.carsprogram.org/cameras/MN/C30375-v1?1783724040000","refreshMs":30000,"attribution":"Ora (Warner Varnado) · Minnesota DOT"}},{"type":"Feature","geometry":{"type":"Point","coordinates":[-93.35665,44.93904]},"properties":{"id":"ora-mn-1450","name":"MN 7: T.H.7 EB @ Wooddale Ave","state":"MN","provider":"Minnesota DOT","hls":"https://video.dot.state.mn.us/public/C1282.stream/playlist.m3u8","snapshot":"https://public.carsprogram.org/cameras/MN/C1282","refreshMs":30000,"attribution":"Ora (Warner Varnado) · Minnesota DOT"}},{"type":"Feature","geometry":{"type":"Point","coordinates":[-93.36829,44.93793]},"properties":{"id":"ora-mn-1451","name":"MN 7: T.H.7 EB @ Louisiana Ave","state":"MN","provider":"Minnesota DOT","hls":null,"snapshot":"https://public.carsprogram.org/cameras/MN/C1281?1783724040000","refreshMs":30000,"attribution":"Ora (Warner Varnado) · Minnesota DOT"}},{"type":"Feature","geometry":{"type":"Point","coordinates":[-93.38075,44.9362]},"properties":{"id":"ora-mn-1452","name":"MN 7: T.H.7 EB @ Texas Ave","state":"MN","provider":"Minnesota DOT","hls":"https://video.dot.state.mn.us/public/C7054.stream/playlist.m3u8","snapshot":"https://public.carsprogram.org/cameras/MN/C7054","refreshMs":30000,"attribution":"Ora (Warner Varnado) · Minnesota DOT"}},{"type":"Feature","geometry":{"type":"Point","coordinates":[-93.38502,44.93557]},"properties":{"id":"ora-mn-1453","name":"MN 7: T.H.7 EB @ Blake Rd (Aquila Av)","state":"MN","provider":"Minnesota DOT","hls":"https://video.dot.state.mn.us/public/C1280.stream/playlist.m3u8","snapshot":"https://public.carsprogram.org/cameras/MN/C1280","refreshMs":30000,"attribution":"Ora (Warner Varnado) · Minnesota DOT"}},{"type":"Feature","geometry":{"type":"Point","coordinates":[-93.39462,44.93456]},"properties":{"id":"ora-mn-1454","name":"MN 7: T.H.7 EB @ U.S.169","state":"MN","provider":"Minnesota DOT","hls":"https://video.dot.state.mn.us/public/C1279.stream/playlist.m3u8","snapshot":"https://public.carsprogram.org/cameras/MN/C1279","refreshMs":30000,"attribution":"Ora (Warner Varnado) · Minnesota DOT"}},{"type":"Feature","geometry":{"type":"Point","coordinates":[-93.39626,44.93449]},"properties":{"id":"ora-mn-1455","name":"MN 7: U.S.169 NB @ T.H.7","state":"MN","provider":"Minnesota DOT","hls":"https://video.dot.state.mn.us/public/C326.stream/playlist.m3u8","snapshot":"https://public.carsprogram.org/cameras/MN/C326","refreshMs":30000,"attribution":"Ora (Warner Varnado) · Minnesota DOT"}},{"type":"Feature","geometry":{"type":"Point","coordinates":[-93.40602,44.93347]},"properties":{"id":"ora-mn-1456","name":"MN 7: T.H.7 WB @ 5th Ave","state":"MN","provider":"Minnesota DOT","hls":"https://video.dot.state.mn.us/public/C7000.stream/playlist.m3u8","snapshot":"https://public.carsprogram.org/cameras/MN/C7000","refreshMs":30000,"attribution":"Ora (Warner Varnado) · Minnesota DOT"}},{"type":"Feature","geometry":{"type":"Point","coordinates":[-93.41468,44.9328]},"properties":{"id":"ora-mn-1457","name":"MN 7: T.H.7 EB @ 12th Ave","state":"MN","provider":"Minnesota DOT","hls":"https://video.dot.state.mn.us/public/C7049.stream/playlist.m3u8","snapshot":"https://public.carsprogram.org/cameras/MN/C7049","refreshMs":30000,"attribution":"Ora (Warner Varnado) · Minnesota DOT"}},{"type":"Feature","geometry":{"type":"Point","coordinates":[-93.4212,44.93274]},"properties":{"id":"ora-mn-1458","name":"MN 7: T.H.7 WB @ 17th Ave (Hopkins Xrd)","state":"MN","provider":"Minnesota DOT","hls":"https://video.dot.state.mn.us/public/C1278.stream/playlist.m3u8","snapshot":"https://public.carsprogram.org/cameras/MN/C1278","refreshMs":30000,"attribution":"Ora (Warner Varnado) · Minnesota DOT"}},{"type":"Feature","geometry":{"type":"Point","coordinates":[-93.43,44.92986]},"properties":{"id":"ora-mn-1459","name":"MN 7: T.H.7 EB @ Shady Oak Rd","state":"MN","provider":"Minnesota DOT","hls":"https://video.dot.state.mn.us/public/C1277.stream/playlist.m3u8","snapshot":"https://public.carsprogram.org/cameras/MN/C1277","refreshMs":30000,"attribution":"Ora (Warner Varnado) · Minnesota DOT"}},{"type":"Feature","geometry":{"type":"Point","coordinates":[-93.45081,44.925]},"properties":{"id":"ora-mn-1460","name":"MN 7: I-494 NB @ T.H.7","state":"MN","provider":"Minnesota DOT","hls":"https://video.dot.state.mn.us/public/C433.stream/playlist.m3u8","snapshot":"https://public.carsprogram.org/cameras/MN/C433","refreshMs":30000,"attribution":"Ora (Warner Varnado) · Minnesota DOT"}},{"type":"Feature","geometry":{"type":"Point","coordinates":[-93.46795,44.9218]},"properties":{"id":"ora-mn-1461","name":"MN 7: T.H.7 WB @ Williston Rd","state":"MN","provider":"Minnesota DOT","hls":"https://video.dot.state.mn.us/public/C1276.stream/playlist.m3u8","snapshot":"https://public.carsprogram.org/cameras/MN/C1276","refreshMs":30000,"attribution":"Ora (Warner Varnado) · Minnesota DOT"}},{"type":"Feature","geometry":{"type":"Point","coordinates":[-93.48253,44.91951]},"properties":{"id":"ora-mn-1462","name":"MN 7: T.H.7 EB @ Woodland Rd (Tonkawood Rd)","state":"MN","provider":"Minnesota DOT","hls":"https://video.dot.state.mn.us/public/C1275.stream/playlist.m3u8","snapshot":"https://public.carsprogram.org/cameras/MN/C1275","refreshMs":30000,"attribution":"Ora (Warner Varnado) · Minnesota DOT"}},{"type":"Feature","geometry":{"type":"Point","coordinates":[-93.50356,44.91341]},"properties":{"id":"ora-mn-1463","name":"MN 7: T.H.7 EB @ T.H.101","state":"MN","provider":"Minnesota DOT","hls":"https://video.dot.state.mn.us/public/C1274.stream/playlist.m3u8","snapshot":"https://public.carsprogram.org/cameras/MN/C1274","refreshMs":30000,"attribution":"Ora (Warner Varnado) · Minnesota DOT"}},{"type":"Feature","geometry":{"type":"Point","coordinates":[-93.52549,44.91047]},"properties":{"id":"ora-mn-1464","name":"MN 7: T.H.7 WB @ Vine Hill Rd","state":"MN","provider":"Minnesota DOT","hls":"https://video.dot.state.mn.us/public/C7035.stream/playlist.m3u8","snapshot":"https://public.carsprogram.org/cameras/MN/C7035","refreshMs":30000,"attribution":"Ora (Warner Varnado) · Minnesota DOT"}},{"type":"Feature","geometry":{"type":"Point","coordinates":[-93.53395,44.90744]},"properties":{"id":"ora-mn-1465","name":"MN 7: T.H.7 EB @ Old Market Rd","state":"MN","provider":"Minnesota DOT","hls":"https://video.dot.state.mn.us/public/C1273.stream/playlist.m3u8","snapshot":"https://public.carsprogram.org/cameras/MN/C1273","refreshMs":30000,"attribution":"Ora (Warner Varnado) · Minnesota DOT"}},{"type":"Feature","geometry":{"type":"Point","coordinates":[-93.55097,44.90209]},"properties":{"id":"ora-mn-1466","name":"MN 7: T.H.7 EB @ Christmas Lake Rd","state":"MN","provider":"Minnesota DOT","hls":"https://video.dot.state.mn.us/public/C1272.stream/playlist.m3u8","snapshot":"https://public.carsprogram.org/cameras/MN/C1272","refreshMs":30000,"attribution":"Ora (Warner Varnado) · Minnesota DOT"}},{"type":"Feature","geometry":{"type":"Point","coordinates":[-93.56779,44.89797]},"properties":{"id":"ora-mn-1467","name":"MN 7: T.H.7 EB @ Oak St","state":"MN","provider":"Minnesota DOT","hls":"https://video.dot.state.mn.us/public/C1271.stream/playlist.m3u8","snapshot":"https://public.carsprogram.org/cameras/MN/C1271","refreshMs":30000,"attribution":"Ora (Warner Varnado) · Minnesota DOT"}},{"type":"Feature","geometry":{"type":"Point","coordinates":[-93.57959,44.89188]},"properties":{"id":"ora-mn-1468","name":"MN 7: T.H.7 EB @ T.H.41","state":"MN","provider":"Minnesota DOT","hls":"https://video.dot.state.mn.us/public/C1270.stream/playlist.m3u8","snapshot":"https://public.carsprogram.org/cameras/MN/C1270","refreshMs":30000,"attribution":"Ora (Warner Varnado) · Minnesota DOT"}},{"type":"Feature","geometry":{"type":"Point","coordinates":[-93.64318,44.88242]},"properties":{"id":"ora-mn-1469","name":"MN 7: T.H.7 WB @ Rolling Acres Rd (Smithtown Rd)","state":"MN","provider":"Minnesota DOT","hls":null,"snapshot":"https://public.carsprogram.org/cameras/MN/C30548?1783724040000","refreshMs":30000,"attribution":"Ora (Warner Varnado) · Minnesota DOT"}},{"type":"Feature","geometry":{"type":"Point","coordinates":[-93.74776,44.90188]},"properties":{"id":"ora-mn-1470","name":"MN 7: T.H.7 WB @ Main St","state":"MN","provider":"Minnesota DOT","hls":null,"snapshot":"https://public.carsprogram.org/cameras/MN/C30534?1783724040000","refreshMs":30000,"attribution":"Ora (Warner Varnado) · Minnesota DOT"}},{"type":"Feature","geometry":{"type":"Point","coordinates":[-93.98645,44.90626]},"properties":{"id":"ora-mn-1471","name":"MN 7: T.H.7 (New Germany - MP 161): T.H.7 (New Germany - MP 161) View 1","state":"MN","provider":"Minnesota DOT","hls":null,"snapshot":"https://public.carsprogram.org/cameras/MN/C30319-v1?1783724040000","refreshMs":30000,"attribution":"Ora (Warner Varnado) · Minnesota DOT"}},{"type":"Feature","geometry":{"type":"Point","coordinates":[-94.1191,44.90658]},"properties":{"id":"ora-mn-1472","name":"MN 7: T.H.7 (Silver Lake - MP 155): T.H.7 (Silver Lake - MP 155) View 1","state":"MN","provider":"Minnesota DOT","hls":null,"snapshot":"https://public.carsprogram.org/cameras/MN/C30299-v1?1783724040000","refreshMs":30000,"attribution":"Ora (Warner Varnado) · Minnesota DOT"}},{"type":"Feature","geometry":{"type":"Point","coordinates":[-95.40953,44.94902]},"properties":{"id":"ora-mn-1473","name":"MN 7: T.H.7 (Clara City - MP 89): T.H.7 (Clara City - MP 89) View 1","state":"MN","provider":"Minnesota DOT","hls":null,"snapshot":"https://public.carsprogram.org/cameras/MN/C30318-v1?1783724040000","refreshMs":30000,"attribution":"Ora (Warner Varnado) · Minnesota DOT"}},{"type":"Feature","geometry":{"type":"Point","coordinates":[-93.95413,46.68826]},"properties":{"id":"ora-mn-1474","name":"MN 6: T.H.6 (Emily - MP 29): T.H.6 (Emily - MP 29) View 1","state":"MN","provider":"Minnesota DOT","hls":null,"snapshot":"https://public.carsprogram.org/cameras/MN/C30317-v1?1783724040000","refreshMs":30000,"attribution":"Ora (Warner Varnado) · Minnesota DOT"}},{"type":"Feature","geometry":{"type":"Point","coordinates":[-93.14509,44.91527]},"properties":{"id":"ora-mn-1475","name":"MN 5: I-35E SB @ W. 7th St","state":"MN","provider":"Minnesota DOT","hls":"https://video.dot.state.mn.us/public/C028.stream/playlist.m3u8","snapshot":"https://public.carsprogram.org/cameras/MN/C028","refreshMs":30000,"attribution":"Ora (Warner Varnado) · Minnesota DOT"}},{"type":"Feature","geometry":{"type":"Point","coordinates":[-93.18503,44.89084]},"properties":{"id":"ora-mn-1476","name":"MN 5: T.H.5 EB @ T.H.62","state":"MN","provider":"Minnesota DOT","hls":"https://video.dot.state.mn.us/public/C30689.stream/playlist.m3u8","snapshot":"https://public.carsprogram.org/cameras/MN/C30689","refreshMs":30000,"attribution":"Ora (Warner Varnado) · Minnesota DOT"}},{"type":"Feature","geometry":{"type":"Point","coordinates":[-93.19381,44.87631]},"properties":{"id":"ora-mn-1477","name":"MN 5: T.H.5 N-S @ Airport Rd","state":"MN","provider":"Minnesota DOT","hls":"https://video.dot.state.mn.us/public/C100.stream/playlist.m3u8","snapshot":"https://public.carsprogram.org/cameras/MN/C100","refreshMs":30000,"attribution":"Ora (Warner Varnado) · Minnesota DOT"}},{"type":"Feature","geometry":{"type":"Point","coordinates":[-93.19861,44.86982]},"properties":{"id":"ora-mn-1478","name":"MN 5: T.H.5 NB @ Post Rd","state":"MN","provider":"Minnesota DOT","hls":"https://video.dot.state.mn.us/public/C30277.stream/playlist.m3u8","snapshot":"https://public.carsprogram.org/cameras/MN/C30277","refreshMs":30000,"attribution":"Ora (Warner Varnado) · Minnesota DOT"}},{"type":"Feature","geometry":{"type":"Point","coordinates":[-93.21086,44.86236]},"properties":{"id":"ora-mn-1479","name":"MN 5: I-494 EB @ T.H.5","state":"MN","provider":"Minnesota DOT","hls":"https://video.dot.state.mn.us/public/C415.stream/playlist.m3u8","snapshot":"https://public.carsprogram.org/cameras/MN/C415","refreshMs":30000,"attribution":"Ora (Warner Varnado) · Minnesota DOT"}},{"type":"Feature","geometry":{"type":"Point","coordinates":[-93.47561,44.86125]},"properties":{"id":"ora-mn-1480","name":"MN 5: T.H.212 WB W of Wallace Rd","state":"MN","provider":"Minnesota DOT","hls":"https://video.dot.state.mn.us/public/C391.stream/playlist.m3u8","snapshot":"https://public.carsprogram.org/cameras/MN/C391","refreshMs":30000,"attribution":"Ora (Warner Varnado) · Minnesota DOT"}},{"type":"Feature","geometry":{"type":"Point","coordinates":[-93.47971,44.86139]},"properties":{"id":"ora-mn-1481","name":"MN 5: T.H.5 EB @ Fuller Rd (Venture Ln)","state":"MN","provider":"Minnesota DOT","hls":"https://video.dot.state.mn.us/public/C5017.stream/playlist.m3u8","snapshot":"https://public.carsprogram.org/cameras/MN/C5017","refreshMs":30000,"attribution":"Ora (Warner Varnado) · Minnesota DOT"}},{"type":"Feature","geometry":{"type":"Point","coordinates":[-93.48459,44.86196]},"properties":{"id":"ora-mn-1482","name":"MN 5: T.H.5 EB @ Eden Prairie Rd","state":"MN","provider":"Minnesota DOT","hls":"https://video.dot.state.mn.us/public/C5016.stream/playlist.m3u8","snapshot":"https://public.carsprogram.org/cameras/MN/C5016","refreshMs":30000,"attribution":"Ora (Warner Varnado) · Minnesota DOT"}},{"type":"Feature","geometry":{"type":"Point","coordinates":[-93.51192,44.86178]},"properties":{"id":"ora-mn-1483","name":"MN 5: T.H.5 WB @ Dell Rd","state":"MN","provider":"Minnesota DOT","hls":"https://video.dot.state.mn.us/public/C5015.stream/playlist.m3u8","snapshot":"https://public.carsprogram.org/cameras/MN/C5015","refreshMs":30000,"attribution":"Ora (Warner Varnado) · Minnesota DOT"}},{"type":"Feature","geometry":{"type":"Point","coordinates":[-93.53164,44.85873]},"properties":{"id":"ora-mn-1484","name":"MN 5: T.H.5 EB @ Great Plains Blvd","state":"MN","provider":"Minnesota DOT","hls":"https://video.dot.state.mn.us/public/C5013.stream/playlist.m3u8","snapshot":"https://public.carsprogram.org/cameras/MN/C5013","refreshMs":30000,"attribution":"Ora (Warner Varnado) · Minnesota DOT"}},{"type":"Feature","geometry":{"type":"Point","coordinates":[-93.53667,44.85807]},"properties":{"id":"ora-mn-1485","name":"MN 5: T.H.5 EB @ Market Blvd (Co Rd 101 SB)","state":"MN","provider":"Minnesota DOT","hls":"https://video.dot.state.mn.us/public/C5012.stream/playlist.m3u8","snapshot":"https://public.carsprogram.org/cameras/MN/C5012","refreshMs":30000,"attribution":"Ora (Warner Varnado) · Minnesota DOT"}},{"type":"Feature","geometry":{"type":"Point","coordinates":[-93.54817,44.86172]},"properties":{"id":"ora-mn-1486","name":"MN 5: T.H.5 WB @ Powers Blvd","state":"MN","provider":"Minnesota DOT","hls":"https://video.dot.state.mn.us/public/C5011.stream/playlist.m3u8","snapshot":"https://public.carsprogram.org/cameras/MN/C5011","refreshMs":30000,"attribution":"Ora (Warner Varnado) · Minnesota DOT"}},{"type":"Feature","geometry":{"type":"Point","coordinates":[-93.5625,44.86282]},"properties":{"id":"ora-mn-1487","name":"MN 5: T.H.5 WB @ Audubon Rd","state":"MN","provider":"Minnesota DOT","hls":"https://video.dot.state.mn.us/public/C5010.stream/playlist.m3u8","snapshot":"https://public.carsprogram.org/cameras/MN/C5010","refreshMs":30000,"attribution":"Ora (Warner Varnado) · Minnesota DOT"}},{"type":"Feature","geometry":{"type":"Point","coordinates":[-93.58033,44.8627]},"properties":{"id":"ora-mn-1488","name":"MN 5: T.H.5 EB @ Galpin Blvd","state":"MN","provider":"Minnesota DOT","hls":"https://video.dot.state.mn.us/public/C5009.stream/playlist.m3u8","snapshot":"https://public.carsprogram.org/cameras/MN/C5009","refreshMs":30000,"attribution":"Ora (Warner Varnado) · Minnesota DOT"}},{"type":"Feature","geometry":{"type":"Point","coordinates":[-93.5901,44.86337]},"properties":{"id":"ora-mn-1489","name":"MN 5: T.H.5 EB @ Century Blvd","state":"MN","provider":"Minnesota DOT","hls":"https://video.dot.state.mn.us/public/C5008.stream/playlist.m3u8","snapshot":"https://public.carsprogram.org/cameras/MN/C5008","refreshMs":30000,"attribution":"Ora (Warner Varnado) · Minnesota DOT"}},{"type":"Feature","geometry":{"type":"Point","coordinates":[-93.63673,44.86699]},"properties":{"id":"ora-mn-1490","name":"MN 5: T.H.5 WB @ Bavaria Rd (Rolling Acres Rd)","state":"MN","provider":"Minnesota DOT","hls":"https://video.dot.state.mn.us/public/C5006.stream/playlist.m3u8","snapshot":"https://public.carsprogram.org/cameras/MN/C5006","refreshMs":30000,"attribution":"Ora (Warner Varnado) · Minnesota DOT"}},{"type":"Feature","geometry":{"type":"Point","coordinates":[-93.66169,44.85874]},"properties":{"id":"ora-mn-1491","name":"MN 5: T.H.5 WB @ Victoria Dr","state":"MN","provider":"Minnesota DOT","hls":"https://video.dot.state.mn.us/public/C5005.stream/playlist.m3u8","snapshot":"https://public.carsprogram.org/cameras/MN/C5005","refreshMs":30000,"attribution":"Ora (Warner Varnado) · Minnesota DOT"}},{"type":"Feature","geometry":{"type":"Point","coordinates":[-93.77183,44.8461]},"properties":{"id":"ora-mn-1492","name":"MN 5: T.H.5 WB @ Main St","state":"MN","provider":"Minnesota DOT","hls":null,"snapshot":"https://public.carsprogram.org/cameras/MN/C30535?1783724040000","refreshMs":30000,"attribution":"Ora (Warner Varnado) · Minnesota DOT"}},{"type":"Feature","geometry":{"type":"Point","coordinates":[-93.79822,44.83897]},"properties":{"id":"ora-mn-1493","name":"MN 5: T.H.5 EB @ C.S.A.H.10","state":"MN","provider":"Minnesota DOT","hls":null,"snapshot":"https://public.carsprogram.org/cameras/MN/C30536?1783724040000","refreshMs":30000,"attribution":"Ora (Warner Varnado) · Minnesota DOT"}},{"type":"Feature","geometry":{"type":"Point","coordinates":[-93.08066,44.91947]},"properties":{"id":"ora-mn-1494","name":"MN 3: Robert St SB @ Annapolis St","state":"MN","provider":"Minnesota DOT","hls":"https://video.dot.state.mn.us/public/C3063.stream/playlist.m3u8","snapshot":"https://public.carsprogram.org/cameras/MN/C3063","refreshMs":30000,"attribution":"Ora (Warner Varnado) · Minnesota DOT"}},{"type":"Feature","geometry":{"type":"Point","coordinates":[-93.08059,44.9159]},"properties":{"id":"ora-mn-1495","name":"MN 3: Robert St SB @ Bernard St","state":"MN","provider":"Minnesota DOT","hls":"https://video.dot.state.mn.us/public/C3062.stream/playlist.m3u8","snapshot":"https://public.carsprogram.org/cameras/MN/C3062","refreshMs":30000,"attribution":"Ora (Warner Varnado) · Minnesota DOT"}},{"type":"Feature","geometry":{"type":"Point","coordinates":[-93.08056,44.91228]},"properties":{"id":"ora-mn-1496","name":"MN 3: Robert St NB @ Butler Ave","state":"MN","provider":"Minnesota DOT","hls":"https://video.dot.state.mn.us/public/C3061.stream/playlist.m3u8","snapshot":"https://public.carsprogram.org/cameras/MN/C3061","refreshMs":30000,"attribution":"Ora (Warner Varnado) · Minnesota DOT"}},{"type":"Feature","geometry":{"type":"Point","coordinates":[-93.08056,44.90866]},"properties":{"id":"ora-mn-1497","name":"MN 3: Robert St NB @ Moreland Ave","state":"MN","provider":"Minnesota DOT","hls":"https://video.dot.state.mn.us/public/C3060.stream/playlist.m3u8","snapshot":"https://public.carsprogram.org/cameras/MN/C3060","refreshMs":30000,"attribution":"Ora (Warner Varnado) · Minnesota DOT"}},{"type":"Feature","geometry":{"type":"Point","coordinates":[-93.08056,44.90502]},"properties":{"id":"ora-mn-1498","name":"MN 3: Robert St NB @ Emerson Ave","state":"MN","provider":"Minnesota DOT","hls":"https://video.dot.state.mn.us/public/C3059.stream/playlist.m3u8","snapshot":"https://public.carsprogram.org/cameras/MN/C3059","refreshMs":30000,"attribution":"Ora (Warner Varnado) · Minnesota DOT"}},{"type":"Feature","geometry":{"type":"Point","coordinates":[-93.08056,44.90139]},"properties":{"id":"ora-mn-1499","name":"MN 3: Robert St SB @ Thompson Ave","state":"MN","provider":"Minnesota DOT","hls":"https://video.dot.state.mn.us/public/C3058.stream/playlist.m3u8","snapshot":"https://public.carsprogram.org/cameras/MN/C3058","refreshMs":30000,"attribution":"Ora (Warner Varnado) · Minnesota DOT"}},{"type":"Feature","geometry":{"type":"Point","coordinates":[-93.08057,44.89793]},"properties":{"id":"ora-mn-1500","name":"MN 3: Robert St NB @ Wentworth Ave","state":"MN","provider":"Minnesota DOT","hls":"https://video.dot.state.mn.us/public/C3057.stream/playlist.m3u8","snapshot":"https://public.carsprogram.org/cameras/MN/C3057","refreshMs":30000,"attribution":"Ora (Warner Varnado) · Minnesota DOT"}},{"type":"Feature","geometry":{"type":"Point","coordinates":[-93.08054,44.89441]},"properties":{"id":"ora-mn-1501","name":"MN 3: Robert St SB @ Lothenbach Ave","state":"MN","provider":"Minnesota DOT","hls":"https://video.dot.state.mn.us/public/C3056.stream/playlist.m3u8","snapshot":"https://public.carsprogram.org/cameras/MN/C3056","refreshMs":30000,"attribution":"Ora (Warner Varnado) · Minnesota DOT"}},{"type":"Feature","geometry":{"type":"Point","coordinates":[-93.08051,44.89103]},"properties":{"id":"ora-mn-1502","name":"MN 3: Robert St NB @ Marie Ave","state":"MN","provider":"Minnesota DOT","hls":"https://video.dot.state.mn.us/public/C3055.stream/playlist.m3u8","snapshot":"https://public.carsprogram.org/cameras/MN/C3055","refreshMs":30000,"attribution":"Ora (Warner Varnado) · Minnesota DOT"}},{"type":"Feature","geometry":{"type":"Point","coordinates":[-93.0805,44.88734]},"properties":{"id":"ora-mn-1503","name":"MN 3: Robert St NB @ Crusader Ave","state":"MN","provider":"Minnesota DOT","hls":"https://video.dot.state.mn.us/public/C3054.stream/playlist.m3u8","snapshot":"https://public.carsprogram.org/cameras/MN/C3054","refreshMs":30000,"attribution":"Ora (Warner Varnado) · Minnesota DOT"}},{"type":"Feature","geometry":{"type":"Point","coordinates":[-93.08059,44.88345]},"properties":{"id":"ora-mn-1504","name":"MN 3: Robert St SB @ Mendota Rd","state":"MN","provider":"Minnesota DOT","hls":"https://video.dot.state.mn.us/public/C3053.stream/playlist.m3u8","snapshot":"https://public.carsprogram.org/cameras/MN/C3053","refreshMs":30000,"attribution":"Ora (Warner Varnado) · Minnesota DOT"}},{"type":"Feature","geometry":{"type":"Point","coordinates":[-93.08044,44.87939]},"properties":{"id":"ora-mn-1505","name":"MN 3: T.H.3 SB N of T.H.62","state":"MN","provider":"Minnesota DOT","hls":"https://video.dot.state.mn.us/public/C3051.stream/playlist.m3u8","snapshot":"https://public.carsprogram.org/cameras/MN/C3051","refreshMs":30000,"attribution":"Ora (Warner Varnado) · Minnesota DOT"}},{"type":"Feature","geometry":{"type":"Point","coordinates":[-93.08044,44.87622]},"properties":{"id":"ora-mn-1506","name":"MN 3: T.H.3 SB S of T.H.62","state":"MN","provider":"Minnesota DOT","hls":"https://video.dot.state.mn.us/public/C3050.stream/playlist.m3u8","snapshot":"https://public.carsprogram.org/cameras/MN/C3050","refreshMs":30000,"attribution":"Ora (Warner Varnado) · Minnesota DOT"}},{"type":"Feature","geometry":{"type":"Point","coordinates":[-93.08041,44.87108]},"properties":{"id":"ora-mn-1507","name":"MN 3: I-494 EB @ Robert St","state":"MN","provider":"Minnesota DOT","hls":"https://video.dot.state.mn.us/public/C30601.stream/playlist.m3u8","snapshot":"https://public.carsprogram.org/cameras/MN/C30601","refreshMs":30000,"attribution":"Ora (Warner Varnado) · Minnesota DOT"}},{"type":"Feature","geometry":{"type":"Point","coordinates":[-93.1091,44.7897]},"properties":{"id":"ora-mn-1508","name":"MN 3: T.H.3 SB @ Cliff Rd","state":"MN","provider":"Minnesota DOT","hls":null,"snapshot":"https://public.carsprogram.org/cameras/MN/C30542?1783724040000","refreshMs":30000,"attribution":"Ora (Warner Varnado) · Minnesota DOT"}},{"type":"Feature","geometry":{"type":"Point","coordinates":[-93.12468,44.75026]},"properties":{"id":"ora-mn-1509","name":"MN 3: T.H.3 @ Connemara Tr","state":"MN","provider":"Minnesota DOT","hls":null,"snapshot":"https://public.carsprogram.org/cameras/MN/C30543?1783724040000","refreshMs":30000,"attribution":"Ora (Warner Varnado) · Minnesota DOT"}},{"type":"Feature","geometry":{"type":"Point","coordinates":[-91.61783,47.67718]},"properties":{"id":"ora-mn-1510","name":"MN 1: T.H.1 (Stony River - MP 311.0): T.H.1 (Stony River - MP 311.0) View 1","state":"MN","provider":"Minnesota DOT","hls":null,"snapshot":"https://public.carsprogram.org/cameras/MN/C30433-v1?1783724040000","refreshMs":30000,"attribution":"Ora (Warner Varnado) · Minnesota DOT"}},{"type":"Feature","geometry":{"type":"Point","coordinates":[-92.04824,47.85449]},"properties":{"id":"ora-mn-1511","name":"MN 1: T.H.1 (Ely - MP 275): T.H.1 (Ely - MP 275) View 1","state":"MN","provider":"Minnesota DOT","hls":null,"snapshot":"https://public.carsprogram.org/cameras/MN/C30316-v1?1783724040000","refreshMs":30000,"attribution":"Ora (Warner Varnado) · Minnesota DOT"}},{"type":"Feature","geometry":{"type":"Point","coordinates":[-93.48527,47.84054]},"properties":{"id":"ora-mn-1512","name":"MN 1: T.H.1 (Effie - MP 194): T.H.1 (Effie - MP 194) View 1","state":"MN","provider":"Minnesota DOT","hls":null,"snapshot":"https://public.carsprogram.org/cameras/MN/C30385-v1?1783724040000","refreshMs":30000,"attribution":"Ora (Warner Varnado) · Minnesota DOT"}},{"type":"Feature","geometry":{"type":"Point","coordinates":[-94.43242,47.8745]},"properties":{"id":"ora-mn-1513","name":"MN 1: T.H.1 (Shooks - MP 146): T.H.1 (Shooks - MP 146) View 1","state":"MN","provider":"Minnesota DOT","hls":null,"snapshot":"https://public.carsprogram.org/cameras/MN/C30315-v1?1783724040000","refreshMs":30000,"attribution":"Ora (Warner Varnado) · Minnesota DOT"}},{"type":"Feature","geometry":{"type":"Point","coordinates":[-95.62496,48.12214]},"properties":{"id":"ora-mn-1514","name":"MN 1: T.H.1 (Goodridge - MP 71.8): T.H.1 (Goodridge - MP 71.8) View 1","state":"MN","provider":"Minnesota DOT","hls":null,"snapshot":"https://public.carsprogram.org/cameras/MN/C30400-v1?1783724040000","refreshMs":30000,"attribution":"Ora (Warner Varnado) · Minnesota DOT"}},{"type":"Feature","geometry":{"type":"Point","coordinates":[-96.89114,48.19507]},"properties":{"id":"ora-mn-1515","name":"MN 1: T.H.1 (Warren - MP 11.5): T.H.1 (Warren - MP 11.5) View 1","state":"MN","provider":"Minnesota DOT","hls":null,"snapshot":"https://public.carsprogram.org/cameras/MN/C30439-v1?1783724040000","refreshMs":30000,"attribution":"Ora (Warner Varnado) · Minnesota DOT"}},{"type":"Feature","geometry":{"type":"Point","coordinates":[-93.63999,44.67138]},"properties":{"id":"ora-mn-1516","name":"County Road 9 (Quaker Ave): U.S.169 SB @ Quaker Ave","state":"MN","provider":"Minnesota DOT","hls":"https://video.dot.state.mn.us/public/C30611.stream/playlist.m3u8","snapshot":"https://public.carsprogram.org/cameras/MN/C30611","refreshMs":30000,"attribution":"Ora (Warner Varnado) · Minnesota DOT"}},{"type":"Feature","geometry":{"type":"Point","coordinates":[-93.29378,44.64516]},"properties":{"id":"ora-mn-1517","name":"Kenrick Avenue: I-35 NB @ 210th St (Co Rd 70 - MP 81.9)","state":"MN","provider":"Minnesota DOT","hls":"https://video.dot.state.mn.us/public/C599.stream/playlist.m3u8","snapshot":"https://public.carsprogram.org/cameras/MN/C599","refreshMs":30000,"attribution":"Ora (Warner Varnado) · Minnesota DOT"}},{"type":"Feature","geometry":{"type":"Point","coordinates":[-93.70188,45.25776]},"properties":{"id":"ora-mn-1518","name":"MnRoad: I-94 WB (MP 199)","state":"MN","provider":"Minnesota DOT","hls":"https://video.dot.state.mn.us/public/C793.stream/playlist.m3u8","snapshot":"https://public.carsprogram.org/cameras/MN/C793","refreshMs":30000,"attribution":"Ora (Warner Varnado) · Minnesota DOT"}},{"type":"Feature","geometry":{"type":"Point","coordinates":[-93.71583,45.2656]},"properties":{"id":"ora-mn-1519","name":"MnRoad: I-94 WB (MP 198)","state":"MN","provider":"Minnesota DOT","hls":"https://video.dot.state.mn.us/public/C792.stream/playlist.m3u8","snapshot":"https://public.carsprogram.org/cameras/MN/C792","refreshMs":30000,"attribution":"Ora (Warner Varnado) · Minnesota DOT"}},{"type":"Feature","geometry":{"type":"Point","coordinates":[-92.4889,44.00248]},"properties":{"id":"ora-mn-1520","name":"Salem Road (County Road 25): C.S.A.H.22 EB @ 16th St SW","state":"MN","provider":"Minnesota DOT","hls":"https://video.dot.state.mn.us/public/D6-C014.stream/playlist.m3u8","snapshot":"https://public.carsprogram.org/cameras/MN/D6-C014","refreshMs":30000,"attribution":"Ora (Warner Varnado) · Minnesota DOT"}},{"type":"Feature","geometry":{"type":"Point","coordinates":[-92.0973,46.73459]},"properties":{"id":"ora-mn-1521","name":"Unknown: I-535 SB (Blatnik Approach)","state":"MN","provider":"Minnesota DOT","hls":"https://video.dot.state.mn.us/public/C535-160.stream/playlist.m3u8","snapshot":"https://public.carsprogram.org/cameras/MN/C535-160","refreshMs":30000,"attribution":"Ora (Warner Varnado) · Minnesota DOT"}},{"type":"Feature","geometry":{"type":"Point","coordinates":[-92.11861,46.72091]},"properties":{"id":"ora-mn-1522","name":"Unknown: T.H.2 EB W of Garfield Ave","state":"MN","provider":"Minnesota DOT","hls":"https://video.dot.state.mn.us/public/C2-216.stream/playlist.m3u8","snapshot":"https://public.carsprogram.org/cameras/MN/C2-216","refreshMs":30000,"attribution":"Ora (Warner Varnado) · Minnesota DOT"}},{"type":"Feature","geometry":{"type":"Point","coordinates":[-93.56061,45.10418]},"properties":{"id":"ora-mn-1523","name":"Unknown: I-35 SB @ MN 23","state":"MN","provider":"Minnesota DOT","hls":null,"snapshot":"https://public.carsprogram.org/cameras/MN/C9001?1783724040000","refreshMs":30000,"attribution":"Ora (Warner Varnado) · Minnesota DOT"}},{"type":"Feature","geometry":{"type":"Point","coordinates":[-92.09736,46.73352]},"properties":{"id":"ora-mn-1524","name":"Unknown: I-535 EB (Blatnik Approach)","state":"MN","provider":"Minnesota DOT","hls":"https://video.dot.state.mn.us/public/C535-168.stream/playlist.m3u8","snapshot":"https://public.carsprogram.org/cameras/MN/C535-168","refreshMs":30000,"attribution":"Ora (Warner Varnado) · Minnesota DOT"}},{"type":"Feature","geometry":{"type":"Point","coordinates":[-93.57304,45.10303]},"properties":{"id":"ora-mn-1525","name":"Unknown: (At Larp Shop)","state":"MN","provider":"Minnesota DOT","hls":null,"snapshot":"https://public.carsprogram.org/cameras/MN/C9003?1783724040000","refreshMs":30000,"attribution":"Ora (Warner Varnado) · Minnesota DOT"}},{"type":"Feature","geometry":{"type":"Point","coordinates":[-92.721,44.96394]},"properties":{"id":"ora-mn-1526","name":"Unknown: I-94 WB @ Carmichael Rd","state":"MN","provider":"Minnesota DOT","hls":"https://video.dot.state.mn.us/public/C871.stream/playlist.m3u8","snapshot":"https://public.carsprogram.org/cameras/MN/C871","refreshMs":30000,"attribution":"Ora (Warner Varnado) · Minnesota DOT"}}]}