{"type":"FeatureCollection","features":[{"type":"Feature","geometry":{"type":"Point","coordinates":[-95.96353,41.34457]},"properties":{"id":"ora-ne-0","name":"I-680: 31st St: Various","state":"NE","provider":"Nebraska DOT","hls":null,"snapshot":"https://dot511.nebraska.gov/images/VID-00268013070-00.jpg?1783724040000","refreshMs":30000,"attribution":"Ora (Warner Varnado) · Nebraska DOT"}},{"type":"Feature","geometry":{"type":"Point","coordinates":[-95.98197,41.34697]},"properties":{"id":"ora-ne-1","name":"I-680: 31st St in N Omaha: Various","state":"NE","provider":"Nebraska DOT","hls":null,"snapshot":"https://dot511.nebraska.gov/images/vid-00268001258-00.jpg?1783724040000","refreshMs":30000,"attribution":"Ora (Warner Varnado) · Nebraska DOT"}},{"type":"Feature","geometry":{"type":"Point","coordinates":[-96.0236,41.34132]},"properties":{"id":"ora-ne-2","name":"I-680: I-680 at 72nd St: Various","state":"NE","provider":"Nebraska DOT","hls":null,"snapshot":"https://dot511.nebraska.gov/images/vid-00268096800-00.jpg?1783724040000","refreshMs":30000,"attribution":"Ora (Warner Varnado) · Nebraska DOT"}},{"type":"Feature","geometry":{"type":"Point","coordinates":[-96.05008,41.33283]},"properties":{"id":"ora-ne-3","name":"I-680: Wenninghoff Rd: Various","state":"NE","provider":"Nebraska DOT","hls":null,"snapshot":"https://dot511.nebraska.gov/images/vid-00268087250-00.jpg?1783724040000","refreshMs":30000,"attribution":"Ora (Warner Varnado) · Nebraska DOT"}},{"type":"Feature","geometry":{"type":"Point","coordinates":[-96.06855,41.32262]},"properties":{"id":"ora-ne-4","name":"I-680: Hwy 133: Various","state":"NE","provider":"Nebraska DOT","hls":null,"snapshot":"https://dot511.nebraska.gov/images/vid-00268000716-00.jpg?1783724040000","refreshMs":30000,"attribution":"Ora (Warner Varnado) · Nebraska DOT"}},{"type":"Feature","geometry":{"type":"Point","coordinates":[-96.06911,41.32185]},"properties":{"id":"ora-ne-5","name":"I-680: Blair High Road: Various","state":"NE","provider":"Nebraska DOT","hls":null,"snapshot":"https://dot511.nebraska.gov/images/vid-00268000700-00.jpg?1783724040000","refreshMs":30000,"attribution":"Ora (Warner Varnado) · Nebraska DOT"}},{"type":"Feature","geometry":{"type":"Point","coordinates":[-96.07064,41.30622]},"properties":{"id":"ora-ne-6","name":"I-680: Fort Street: Various Views","state":"NE","provider":"Nebraska DOT","hls":null,"snapshot":"https://dot511.nebraska.gov/images/vid-002680006-00.jpg?1783724040000","refreshMs":30000,"attribution":"Ora (Warner Varnado) · Nebraska DOT"}},{"type":"Feature","geometry":{"type":"Point","coordinates":[-96.07557,41.28568]},"properties":{"id":"ora-ne-7","name":"I-680: Maple Street: Various Views","state":"NE","provider":"Nebraska DOT","hls":null,"snapshot":"https://dot511.nebraska.gov/images/vid-002680005-00.jpg?1783724040000","refreshMs":30000,"attribution":"Ora (Warner Varnado) · Nebraska DOT"}},{"type":"Feature","geometry":{"type":"Point","coordinates":[-96.07593,41.26504]},"properties":{"id":"ora-ne-8","name":"I-680: West Dodge: Various Views","state":"NE","provider":"Nebraska DOT","hls":null,"snapshot":"https://dot511.nebraska.gov/images/vid-002680003-00.jpg?1783724040000","refreshMs":30000,"attribution":"Ora (Warner Varnado) · Nebraska DOT"}},{"type":"Feature","geometry":{"type":"Point","coordinates":[-96.07789,41.25436]},"properties":{"id":"ora-ne-9","name":"I-680: N of Pacific: Various","state":"NE","provider":"Nebraska DOT","hls":null,"snapshot":"https://dot511.nebraska.gov/images/vid-00268000231-00.jpg?1783724040000","refreshMs":30000,"attribution":"Ora (Warner Varnado) · Nebraska DOT"}},{"type":"Feature","geometry":{"type":"Point","coordinates":[-96.08572,41.2414]},"properties":{"id":"ora-ne-10","name":"I-680: N of Center at Shirley: Various Views","state":"NE","provider":"Nebraska DOT","hls":null,"snapshot":"https://dot511.nebraska.gov/images/vid-002680001-00.jpg?1783724040000","refreshMs":30000,"attribution":"Ora (Warner Varnado) · Nebraska DOT"}},{"type":"Feature","geometry":{"type":"Point","coordinates":[-96.08681,41.22496]},"properties":{"id":"ora-ne-11","name":"I-680: Omaha: Various","state":"NE","provider":"Nebraska DOT","hls":null,"snapshot":"https://dot511.nebraska.gov/images/vid-002680000.150.jpg?1783724040000","refreshMs":30000,"attribution":"Ora (Warner Varnado) · Nebraska DOT"}},{"type":"Feature","geometry":{"type":"Point","coordinates":[-95.92467,41.25935]},"properties":{"id":"ora-ne-12","name":"I-480: Mo River Bridge: Various","state":"NE","provider":"Nebraska DOT","hls":null,"snapshot":"https://dot511.nebraska.gov/images/vid-00248000401.jpg?1783724040000","refreshMs":30000,"attribution":"Ora (Warner Varnado) · Nebraska DOT"}},{"type":"Feature","geometry":{"type":"Point","coordinates":[-95.94251,41.26304]},"properties":{"id":"ora-ne-13","name":"I-480: 20th St: Various","state":"NE","provider":"Nebraska DOT","hls":null,"snapshot":"https://dot511.nebraska.gov/images/vid-002480003-00.jpg?1783724040000","refreshMs":30000,"attribution":"Ora (Warner Varnado) · Nebraska DOT"}},{"type":"Feature","geometry":{"type":"Point","coordinates":[-95.95377,41.25977]},"properties":{"id":"ora-ne-14","name":"I-480: Dodge St.: Various Views","state":"NE","provider":"Nebraska DOT","hls":null,"snapshot":"https://dot511.nebraska.gov/images/vid-002480002-00.jpg?1783724040000","refreshMs":30000,"attribution":"Ora (Warner Varnado) · Nebraska DOT"}},{"type":"Feature","geometry":{"type":"Point","coordinates":[-95.9537,41.25253]},"properties":{"id":"ora-ne-15","name":"I-480: Leavenworth St: Various","state":"NE","provider":"Nebraska DOT","hls":null,"snapshot":"https://dot511.nebraska.gov/images/vid-002480001.78.jpg?1783724040000","refreshMs":30000,"attribution":"Ora (Warner Varnado) · Nebraska DOT"}},{"type":"Feature","geometry":{"type":"Point","coordinates":[-95.95378,41.23653]},"properties":{"id":"ora-ne-16","name":"I-480: Martha St: Various","state":"NE","provider":"Nebraska DOT","hls":null,"snapshot":"https://dot511.nebraska.gov/images/vid-002480.065-00.jpg?1783724040000","refreshMs":30000,"attribution":"Ora (Warner Varnado) · Nebraska DOT"}},{"type":"Feature","geometry":{"type":"Point","coordinates":[-96.71162,40.82363]},"properties":{"id":"ora-ne-17","name":"I-180: BNSF Downtown Lincoln: various views","state":"NE","provider":"Nebraska DOT","hls":null,"snapshot":"https://dot511.nebraska.gov/images/vid-001180002-00.jpg?1783724040000","refreshMs":30000,"attribution":"Ora (Warner Varnado) · Nebraska DOT"}},{"type":"Feature","geometry":{"type":"Point","coordinates":[-96.71212,40.83684]},"properties":{"id":"ora-ne-18","name":"I-180: Cornhusker Hwy : Various Views","state":"NE","provider":"Nebraska DOT","hls":null,"snapshot":"https://dot511.nebraska.gov/images/vid-001180003-00.jpg?1783724040000","refreshMs":30000,"attribution":"Ora (Warner Varnado) · Nebraska DOT"}},{"type":"Feature","geometry":{"type":"Point","coordinates":[-96.71307,40.85474]},"properties":{"id":"ora-ne-19","name":"I-180: Superior St.: Various Views","state":"NE","provider":"Nebraska DOT","hls":null,"snapshot":"https://dot511.nebraska.gov/images/vid-001180001-00.jpg?1783724040000","refreshMs":30000,"attribution":"Ora (Warner Varnado) · Nebraska DOT"}},{"type":"Feature","geometry":{"type":"Point","coordinates":[-96.43653,42.44901]},"properties":{"id":"ora-ne-20","name":"I-129: Kingsbury Interchange: Bridge Deck","state":"NE","provider":"Nebraska DOT","hls":null,"snapshot":"https://dot511.nebraska.gov/images/vid-003129000-06.jpg?1783724040000","refreshMs":30000,"attribution":"Ora (Warner Varnado) · Nebraska DOT"}},{"type":"Feature","geometry":{"type":"Point","coordinates":[-95.91085,41.23166]},"properties":{"id":"ora-ne-21","name":"I-80: Missouri River: Various","state":"NE","provider":"Nebraska DOT","hls":null,"snapshot":"https://dot511.nebraska.gov/images/vid-00208045500-00.jpg?1783724040000","refreshMs":30000,"attribution":"Ora (Warner Varnado) · Nebraska DOT"}},{"type":"Feature","geometry":{"type":"Point","coordinates":[-95.93318,41.22958]},"properties":{"id":"ora-ne-22","name":"I-80: 13th St: Various","state":"NE","provider":"Nebraska DOT","hls":null,"snapshot":"https://dot511.nebraska.gov/images/vid-00208045415-00.jpg?1783724040000","refreshMs":30000,"attribution":"Ora (Warner Varnado) · Nebraska DOT"}},{"type":"Feature","geometry":{"type":"Point","coordinates":[-95.94697,41.22606]},"properties":{"id":"ora-ne-23","name":"I-80: 24th St in Omaha: Various","state":"NE","provider":"Nebraska DOT","hls":null,"snapshot":"https://dot511.nebraska.gov/images/vid-00208045336-00.jpg?1783724040000","refreshMs":30000,"attribution":"Ora (Warner Varnado) · Nebraska DOT"}},{"type":"Feature","geometry":{"type":"Point","coordinates":[-95.9519,41.22608]},"properties":{"id":"ora-ne-24","name":"I-80: Kennedy Freeway : Various Views","state":"NE","provider":"Nebraska DOT","hls":null,"snapshot":"https://dot511.nebraska.gov/images/vid-002080453-00.jpg?1783724040000","refreshMs":30000,"attribution":"Ora (Warner Varnado) · Nebraska DOT"}},{"type":"Feature","geometry":{"type":"Point","coordinates":[-95.95573,41.22726]},"properties":{"id":"ora-ne-25","name":"I-80: Hwy 75 in Omaha: Various Views","state":"NE","provider":"Nebraska DOT","hls":null,"snapshot":"https://dot511.nebraska.gov/images/vid-002080452A-00.jpg?1783724040000","refreshMs":30000,"attribution":"Ora (Warner Varnado) · Nebraska DOT"}},{"type":"Feature","geometry":{"type":"Point","coordinates":[-95.9759,41.22445]},"properties":{"id":"ora-ne-26","name":"I-80: 42nd St in Omaha: Various","state":"NE","provider":"Nebraska DOT","hls":null,"snapshot":"https://dot511.nebraska.gov/images/vid-002080451-00.jpg?1783724040000","refreshMs":30000,"attribution":"Ora (Warner Varnado) · Nebraska DOT"}},{"type":"Feature","geometry":{"type":"Point","coordinates":[-95.99018,41.22247]},"properties":{"id":"ora-ne-27","name":"I-80: 51st St: Various","state":"NE","provider":"Nebraska DOT","hls":null,"snapshot":"https://dot511.nebraska.gov/images/vid-00208045050-00.jpg?1783724040000","refreshMs":30000,"attribution":"Ora (Warner Varnado) · Nebraska DOT"}},{"type":"Feature","geometry":{"type":"Point","coordinates":[-96.00448,41.2236]},"properties":{"id":"ora-ne-28","name":"I-80: 60th St in Omaha: Various Views","state":"NE","provider":"Nebraska DOT","hls":null,"snapshot":"https://dot511.nebraska.gov/images/vid-002080450-00.jpg?1783724040000","refreshMs":30000,"attribution":"Ora (Warner Varnado) · Nebraska DOT"}},{"type":"Feature","geometry":{"type":"Point","coordinates":[-96.02405,41.22371]},"properties":{"id":"ora-ne-29","name":"I-80: 72nd St in Omaha: Various Views","state":"NE","provider":"Nebraska DOT","hls":null,"snapshot":"https://dot511.nebraska.gov/images/vid-002080449-00.jpg?1783724040000","refreshMs":30000,"attribution":"Ora (Warner Varnado) · Nebraska DOT"}},{"type":"Feature","geometry":{"type":"Point","coordinates":[-96.04338,41.22381]},"properties":{"id":"ora-ne-30","name":"I-80: 84th St in Omaha: Various Views","state":"NE","provider":"Nebraska DOT","hls":null,"snapshot":"https://dot511.nebraska.gov/images/vid-00208044848-00.jpg?1783724040000","refreshMs":30000,"attribution":"Ora (Warner Varnado) · Nebraska DOT"}},{"type":"Feature","geometry":{"type":"Point","coordinates":[-96.06383,41.2222]},"properties":{"id":"ora-ne-31","name":"I-80: Omaha 96th St: E and W Interstate","state":"NE","provider":"Nebraska DOT","hls":null,"snapshot":"https://dot511.nebraska.gov/images/vid-00208044732-00.jpg?1783724040000","refreshMs":30000,"attribution":"Ora (Warner Varnado) · Nebraska DOT"}},{"type":"Feature","geometry":{"type":"Point","coordinates":[-96.08128,41.22381]},"properties":{"id":"ora-ne-32","name":"I-80: 108th St in Omaha: Interstate","state":"NE","provider":"Nebraska DOT","hls":null,"snapshot":"https://dot511.nebraska.gov/images/vid-002080446A-00.jpg?1783724040000","refreshMs":30000,"attribution":"Ora (Warner Varnado) · Nebraska DOT"}},{"type":"Feature","geometry":{"type":"Point","coordinates":[-96.08809,41.2236]},"properties":{"id":"ora-ne-33","name":"I-80: Omaha: Various","state":"NE","provider":"Nebraska DOT","hls":null,"snapshot":"https://dot511.nebraska.gov/images/vid-00208044604-00.jpg?1783724040000","refreshMs":30000,"attribution":"Ora (Warner Varnado) · Nebraska DOT"}},{"type":"Feature","geometry":{"type":"Point","coordinates":[-96.08938,41.22284]},"properties":{"id":"ora-ne-34","name":"I-80: North of I in Omaha: Various Views","state":"NE","provider":"Nebraska DOT","hls":null,"snapshot":"https://dot511.nebraska.gov/images/VID-00208044564-00.jpg?1783724040000","refreshMs":30000,"attribution":"Ora (Warner Varnado) · Nebraska DOT"}},{"type":"Feature","geometry":{"type":"Point","coordinates":[-96.09128,41.21222]},"properties":{"id":"ora-ne-35","name":"I-80: L Street in Omaha: Interstate Views","state":"NE","provider":"Nebraska DOT","hls":null,"snapshot":"https://dot511.nebraska.gov/images/VID-00208044505-00.jpg?1783724040000","refreshMs":30000,"attribution":"Ora (Warner Varnado) · Nebraska DOT"}},{"type":"Feature","geometry":{"type":"Point","coordinates":[-96.10865,41.18529]},"properties":{"id":"ora-ne-36","name":"I-80: Giles Road Exit: Interstate View","state":"NE","provider":"Nebraska DOT","hls":null,"snapshot":"https://dot511.nebraska.gov/images/vid-002080443-00.jpg?1783724040000","refreshMs":30000,"attribution":"Ora (Warner Varnado) · Nebraska DOT"}},{"type":"Feature","geometry":{"type":"Point","coordinates":[-96.13868,41.1619]},"properties":{"id":"ora-ne-37","name":"I-80: Exit 440 : Interstate","state":"NE","provider":"Nebraska DOT","hls":null,"snapshot":"https://dot511.nebraska.gov/images/VID-00208044070-00.jpg?1783724040000","refreshMs":30000,"attribution":"Ora (Warner Varnado) · Nebraska DOT"}},{"type":"Feature","geometry":{"type":"Point","coordinates":[-96.15846,41.147]},"properties":{"id":"ora-ne-38","name":"I-80: Exit 439 : Interstate View","state":"NE","provider":"Nebraska DOT","hls":null,"snapshot":"https://dot511.nebraska.gov/images/vid-002080439-00.jpg?1783724040000","refreshMs":30000,"attribution":"Ora (Warner Varnado) · Nebraska DOT"}},{"type":"Feature","geometry":{"type":"Point","coordinates":[-96.17803,41.13198]},"properties":{"id":"ora-ne-39","name":"I-80: I-80 at 168th St: Various","state":"NE","provider":"Nebraska DOT","hls":null,"snapshot":"https://dot511.nebraska.gov/images/vid-002080437.60.jpg?1783724040000","refreshMs":30000,"attribution":"Ora (Warner Varnado) · Nebraska DOT"}},{"type":"Feature","geometry":{"type":"Point","coordinates":[-96.21101,41.11999]},"properties":{"id":"ora-ne-40","name":"I-80: I-80 at Capehart Rd: Various","state":"NE","provider":"Nebraska DOT","hls":null,"snapshot":"https://dot511.nebraska.gov/images/vid-002080435-00.jpg?1783724040000","refreshMs":30000,"attribution":"Ora (Warner Varnado) · Nebraska DOT"}},{"type":"Feature","geometry":{"type":"Point","coordinates":[-96.25024,41.09599]},"properties":{"id":"ora-ne-41","name":"I-80: Gretna Exit 432: Various","state":"NE","provider":"Nebraska DOT","hls":null,"snapshot":"https://dot511.nebraska.gov/images/vid-00208043298-00.jpg?1783724040000","refreshMs":30000,"attribution":"Ora (Warner Varnado) · Nebraska DOT"}},{"type":"Feature","geometry":{"type":"Point","coordinates":[-96.25404,41.09411]},"properties":{"id":"ora-ne-42","name":"I-80: Gretna Jct : Various","state":"NE","provider":"Nebraska DOT","hls":null,"snapshot":"https://dot511.nebraska.gov/images/vid-00208043298-00.jpg?1783724040000","refreshMs":30000,"attribution":"Ora (Warner Varnado) · Nebraska DOT"}},{"type":"Feature","geometry":{"type":"Point","coordinates":[-96.27641,41.08178]},"properties":{"id":"ora-ne-43","name":"I-80: Melia Hill W of Omaha: Various","state":"NE","provider":"Nebraska DOT","hls":null,"snapshot":"https://dot511.nebraska.gov/images/vid-00208043204-00.jpg?1783724040000","refreshMs":30000,"attribution":"Ora (Warner Varnado) · Nebraska DOT"}},{"type":"Feature","geometry":{"type":"Point","coordinates":[-96.29358,41.0615]},"properties":{"id":"ora-ne-44","name":"I-80: I-80 at Ruff Rd: Various","state":"NE","provider":"Nebraska DOT","hls":null,"snapshot":"https://dot511.nebraska.gov/images/vid-002080429-00.jpg?1783724040000","refreshMs":30000,"attribution":"Ora (Warner Varnado) · Nebraska DOT"}},{"type":"Feature","geometry":{"type":"Point","coordinates":[-96.29144,41.0334]},"properties":{"id":"ora-ne-45","name":"I-80: I-80 at Fishery Rd: Various","state":"NE","provider":"Nebraska DOT","hls":null,"snapshot":"https://dot511.nebraska.gov/images/vid-00208042786-00.jpg?1783724040000","refreshMs":30000,"attribution":"Ora (Warner Varnado) · Nebraska DOT"}},{"type":"Feature","geometry":{"type":"Point","coordinates":[-96.29983,41.02337]},"properties":{"id":"ora-ne-46","name":"I-80: Mahoney Park W of Omaha: 80 east of exit","state":"NE","provider":"Nebraska DOT","hls":null,"snapshot":"https://dot511.nebraska.gov/images/vid-001080427-00.jpg?1783724040000","refreshMs":30000,"attribution":"Ora (Warner Varnado) · Nebraska DOT"}},{"type":"Feature","geometry":{"type":"Point","coordinates":[-96.30821,41.01104]},"properties":{"id":"ora-ne-47","name":"I-80: I 80 at Mahoney Interchange: Various Views","state":"NE","provider":"Nebraska DOT","hls":null,"snapshot":"https://dot511.nebraska.gov/images/vid-001080426-00.jpg?1783724040000","refreshMs":30000,"attribution":"Ora (Warner Varnado) · Nebraska DOT"}},{"type":"Feature","geometry":{"type":"Point","coordinates":[-96.31917,41.0037]},"properties":{"id":"ora-ne-48","name":"I-80: I 80 at EB Rest Area: Various Views","state":"NE","provider":"Nebraska DOT","hls":null,"snapshot":"https://dot511.nebraska.gov/images/vid-001080425-00.jpg?1783724040000","refreshMs":30000,"attribution":"Ora (Warner Varnado) · Nebraska DOT"}},{"type":"Feature","geometry":{"type":"Point","coordinates":[-96.35629,40.99153]},"properties":{"id":"ora-ne-49","name":"I-80: I 80 at 422: Various Views","state":"NE","provider":"Nebraska DOT","hls":null,"snapshot":"https://dot511.nebraska.gov/images/vid-001080422-00.jpg?1783724040000","refreshMs":30000,"attribution":"Ora (Warner Varnado) · Nebraska DOT"}},{"type":"Feature","geometry":{"type":"Point","coordinates":[-96.38826,40.97149]},"properties":{"id":"ora-ne-50","name":"I-80: I 80 at Greenwood Interchange: Various","state":"NE","provider":"Nebraska DOT","hls":null,"snapshot":"https://dot511.nebraska.gov/images/vid-001080420-00.jpg?1783724040000","refreshMs":30000,"attribution":"Ora (Warner Varnado) · Nebraska DOT"}},{"type":"Feature","geometry":{"type":"Point","coordinates":[-96.41795,40.95046]},"properties":{"id":"ora-ne-51","name":"I-80: I 80 at 418: Various Views","state":"NE","provider":"Nebraska DOT","hls":null,"snapshot":"https://dot511.nebraska.gov/images/vid-001080418-00.jpg?1783724040000","refreshMs":30000,"attribution":"Ora (Warner Varnado) · Nebraska DOT"}},{"type":"Feature","geometry":{"type":"Point","coordinates":[-96.44925,40.92796]},"properties":{"id":"ora-ne-52","name":"I-80: Scale E of Lincoln: Various Views","state":"NE","provider":"Nebraska DOT","hls":null,"snapshot":"https://dot511.nebraska.gov/images/vid-001080416-00.jpg?1783724040000","refreshMs":30000,"attribution":"Ora (Warner Varnado) · Nebraska DOT"}},{"type":"Feature","geometry":{"type":"Point","coordinates":[-96.48361,40.91222]},"properties":{"id":"ora-ne-53","name":"I-80: I 80 at Bluff Road: Various Views","state":"NE","provider":"Nebraska DOT","hls":null,"snapshot":"https://dot511.nebraska.gov/images/vid-001080414-00.jpg?1783724040000","refreshMs":30000,"attribution":"Ora (Warner Varnado) · Nebraska DOT"}},{"type":"Feature","geometry":{"type":"Point","coordinates":[-96.51471,40.90524]},"properties":{"id":"ora-ne-54","name":"I-80: I 80 at 412: Various","state":"NE","provider":"Nebraska DOT","hls":null,"snapshot":"https://dot511.nebraska.gov/images/vid-001080412-00.jpg?1783724040000","refreshMs":30000,"attribution":"Ora (Warner Varnado) · Nebraska DOT"}},{"type":"Feature","geometry":{"type":"Point","coordinates":[-96.56828,40.89579]},"properties":{"id":"ora-ne-55","name":"I-80: Waverly Exit : Interstate View","state":"NE","provider":"Nebraska DOT","hls":null,"snapshot":"https://dot511.nebraska.gov/images/vid-001080409-00.jpg?1783724040000","refreshMs":30000,"attribution":"Ora (Warner Varnado) · Nebraska DOT"}},{"type":"Feature","geometry":{"type":"Point","coordinates":[-96.6054,40.89686]},"properties":{"id":"ora-ne-56","name":"I-80: I 80 at 84th St: Various","state":"NE","provider":"Nebraska DOT","hls":null,"snapshot":"https://dot511.nebraska.gov/images/vid-001080407-00.jpg?1783724040000","refreshMs":30000,"attribution":"Ora (Warner Varnado) · Nebraska DOT"}},{"type":"Feature","geometry":{"type":"Point","coordinates":[-96.64457,40.89671]},"properties":{"id":"ora-ne-57","name":"I-80: N Jct 77 at Lincoln: Interstate View","state":"NE","provider":"Nebraska DOT","hls":null,"snapshot":"https://dot511.nebraska.gov/images/vid-001080406-00.jpg?1783724040000","refreshMs":30000,"attribution":"Ora (Warner Varnado) · Nebraska DOT"}},{"type":"Feature","geometry":{"type":"Point","coordinates":[-96.65975,40.89672]},"properties":{"id":"ora-ne-58","name":"I-80: I 80 at 404: Various Views","state":"NE","provider":"Nebraska DOT","hls":null,"snapshot":"https://dot511.nebraska.gov/images/vid-001080405-00.jpg?1783724040000","refreshMs":30000,"attribution":"Ora (Warner Varnado) · Nebraska DOT"}},{"type":"Feature","geometry":{"type":"Point","coordinates":[-96.68159,40.88648]},"properties":{"id":"ora-ne-59","name":"I-80: Lincoln Exit to 27th St.: Interstate View","state":"NE","provider":"Nebraska DOT","hls":null,"snapshot":"https://dot511.nebraska.gov/images/vid-001080403-00.jpg?1783724040000","refreshMs":30000,"attribution":"Ora (Warner Varnado) · Nebraska DOT"}},{"type":"Feature","geometry":{"type":"Point","coordinates":[-96.71576,40.8622]},"properties":{"id":"ora-ne-60","name":"I-80: Lincoln Interchange: Interstate View","state":"NE","provider":"Nebraska DOT","hls":null,"snapshot":"https://dot511.nebraska.gov/images/vid-001080402-00.jpg?1783724040000","refreshMs":30000,"attribution":"Ora (Warner Varnado) · Nebraska DOT"}},{"type":"Feature","geometry":{"type":"Point","coordinates":[-96.73817,40.84038]},"properties":{"id":"ora-ne-61","name":"I-80: Lincoln Airport Exit: Interstate View","state":"NE","provider":"Nebraska DOT","hls":null,"snapshot":"https://dot511.nebraska.gov/images/vid-001080399-00.jpg?1783724040000","refreshMs":30000,"attribution":"Ora (Warner Varnado) · Nebraska DOT"}},{"type":"Feature","geometry":{"type":"Point","coordinates":[-96.75626,40.81753]},"properties":{"id":"ora-ne-62","name":"I-80: US 77 South Exit in Lincoln: Interstate View","state":"NE","provider":"Nebraska DOT","hls":null,"snapshot":"https://dot511.nebraska.gov/images/vid-001080397-00.jpg?1783724040000","refreshMs":30000,"attribution":"Ora (Warner Varnado) · Nebraska DOT"}},{"type":"Feature","geometry":{"type":"Point","coordinates":[-96.77046,40.81564]},"properties":{"id":"ora-ne-63","name":"I-80: I80 at NW 24th: Various Views","state":"NE","provider":"Nebraska DOT","hls":null,"snapshot":"https://dot511.nebraska.gov/images/vid-001080396-00.jpg?1783724040000","refreshMs":30000,"attribution":"Ora (Warner Varnado) · Nebraska DOT"}},{"type":"Feature","geometry":{"type":"Point","coordinates":[-96.81795,40.82087]},"properties":{"id":"ora-ne-64","name":"I-80: Construction Trailer 8: Various","state":"NE","provider":"Nebraska DOT","hls":null,"snapshot":"https://dot511.nebraska.gov/images/vid-opstrailer8.jpg?1783724040000","refreshMs":30000,"attribution":"Ora (Warner Varnado) · Nebraska DOT"}},{"type":"Feature","geometry":{"type":"Point","coordinates":[-96.82248,40.82137]},"properties":{"id":"ora-ne-65","name":"I-80: I 80 at 393: Various","state":"NE","provider":"Nebraska DOT","hls":null,"snapshot":"https://dot511.nebraska.gov/images/vid-001080393-00.jpg?1783724040000","refreshMs":30000,"attribution":"Ora (Warner Varnado) · Nebraska DOT"}},{"type":"Feature","geometry":{"type":"Point","coordinates":[-96.87207,40.8201]},"properties":{"id":"ora-ne-66","name":"I-80: Construction Trailer 5: Various","state":"NE","provider":"Nebraska DOT","hls":null,"snapshot":"https://dot511.nebraska.gov/images/vid-opstrailer5.jpg?1783724040000","refreshMs":30000,"attribution":"Ora (Warner Varnado) · Nebraska DOT"}},{"type":"Feature","geometry":{"type":"Point","coordinates":[-96.89205,40.82027]},"properties":{"id":"ora-ne-67","name":"I-80: Construction Trailer 2: Various","state":"NE","provider":"Nebraska DOT","hls":null,"snapshot":"https://dot511.nebraska.gov/images/vid-opstrailer2.jpg?1783724040000","refreshMs":30000,"attribution":"Ora (Warner Varnado) · Nebraska DOT"}},{"type":"Feature","geometry":{"type":"Point","coordinates":[-96.91011,40.82045]},"properties":{"id":"ora-ne-68","name":"I-80: Construction Trailer 6: Various","state":"NE","provider":"Nebraska DOT","hls":null,"snapshot":"https://dot511.nebraska.gov/images/vid-opstrailer6.jpg?1783724040000","refreshMs":30000,"attribution":"Ora (Warner Varnado) · Nebraska DOT"}},{"type":"Feature","geometry":{"type":"Point","coordinates":[-96.93113,40.82128]},"properties":{"id":"ora-ne-69","name":"I-80: Construction Trailer 4: Various","state":"NE","provider":"Nebraska DOT","hls":null,"snapshot":"https://dot511.nebraska.gov/images/vid-opstrailer4.jpg?1783724040000","refreshMs":30000,"attribution":"Ora (Warner Varnado) · Nebraska DOT"}},{"type":"Feature","geometry":{"type":"Point","coordinates":[-97.04442,40.82122]},"properties":{"id":"ora-ne-70","name":"I-80: Milford Exit: East","state":"NE","provider":"Nebraska DOT","hls":null,"snapshot":"https://dot511.nebraska.gov/images/vid-001080382-01.jpg?1783724040000","refreshMs":30000,"attribution":"Ora (Warner Varnado) · Nebraska DOT"}},{"type":"Feature","geometry":{"type":"Point","coordinates":[-97.10182,40.82202]},"properties":{"id":"ora-ne-71","name":"I-80: Seward Exit: East","state":"NE","provider":"Nebraska DOT","hls":null,"snapshot":"https://dot511.nebraska.gov/images/vid-001080379-01.jpg?1783724040000","refreshMs":30000,"attribution":"Ora (Warner Varnado) · Nebraska DOT"}},{"type":"Feature","geometry":{"type":"Point","coordinates":[-97.21621,40.82232]},"properties":{"id":"ora-ne-72","name":"I-80: I 80 at Goehner Interchange: East","state":"NE","provider":"Nebraska DOT","hls":null,"snapshot":"https://dot511.nebraska.gov/images/vid-001080373-01.jpg?1783724040000","refreshMs":30000,"attribution":"Ora (Warner Varnado) · Nebraska DOT"}},{"type":"Feature","geometry":{"type":"Point","coordinates":[-97.29197,40.82191]},"properties":{"id":"ora-ne-73","name":"I-80: I 80 at Beaver Crossing: East","state":"NE","provider":"Nebraska DOT","hls":null,"snapshot":"https://dot511.nebraska.gov/images/vid-001080369-01.jpg?1783724040000","refreshMs":30000,"attribution":"Ora (Warner Varnado) · Nebraska DOT"}},{"type":"Feature","geometry":{"type":"Point","coordinates":[-97.3488,40.8214]},"properties":{"id":"ora-ne-74","name":"I-80: I 80 at Utica Interchange: East","state":"NE","provider":"Nebraska DOT","hls":null,"snapshot":"https://dot511.nebraska.gov/images/vid-001080366-01.jpg?1783724040000","refreshMs":30000,"attribution":"Ora (Warner Varnado) · Nebraska DOT"}},{"type":"Feature","geometry":{"type":"Point","coordinates":[-97.4639,40.82181]},"properties":{"id":"ora-ne-75","name":"I-80: Waco Exit: Various Views","state":"NE","provider":"Nebraska DOT","hls":null,"snapshot":"https://dot511.nebraska.gov/images/vid-004080360-00.jpg?1783724040000","refreshMs":30000,"attribution":"Ora (Warner Varnado) · Nebraska DOT"}},{"type":"Feature","geometry":{"type":"Point","coordinates":[-97.56449,40.82195]},"properties":{"id":"ora-ne-76","name":"I-80: E of York WB Restarea: Interstate View","state":"NE","provider":"Nebraska DOT","hls":null,"snapshot":"https://dot511.nebraska.gov/images/vid-004080355-00.jpg?1783724040000","refreshMs":30000,"attribution":"Ora (Warner Varnado) · Nebraska DOT"}},{"type":"Feature","geometry":{"type":"Point","coordinates":[-97.59767,40.8211]},"properties":{"id":"ora-ne-77","name":"I-80: York Overpass: 80 from 81 overpass","state":"NE","provider":"Nebraska DOT","hls":null,"snapshot":"https://dot511.nebraska.gov/images/vid-004080353-00.jpg?1783724040000","refreshMs":30000,"attribution":"Ora (Warner Varnado) · Nebraska DOT"}},{"type":"Feature","geometry":{"type":"Point","coordinates":[-97.62501,40.82112]},"properties":{"id":"ora-ne-78","name":"I-80: W of York: Interstate View","state":"NE","provider":"Nebraska DOT","hls":null,"snapshot":"https://dot511.nebraska.gov/images/vid-004080351-00.jpg?1783724040000","refreshMs":30000,"attribution":"Ora (Warner Varnado) · Nebraska DOT"}},{"type":"Feature","geometry":{"type":"Point","coordinates":[-97.69291,40.82125]},"properties":{"id":"ora-ne-79","name":"I-80: Bradshaw Exit: Various Views","state":"NE","provider":"Nebraska DOT","hls":null,"snapshot":"https://dot511.nebraska.gov/images/vid-004080348-00.jpg?1783724040000","refreshMs":30000,"attribution":"Ora (Warner Varnado) · Nebraska DOT"}},{"type":"Feature","geometry":{"type":"Point","coordinates":[-97.80706,40.82101]},"properties":{"id":"ora-ne-80","name":"I-80: Henderson Exit: Various Views","state":"NE","provider":"Nebraska DOT","hls":null,"snapshot":"https://dot511.nebraska.gov/images/vid-004080342-00.jpg?1783724040000","refreshMs":30000,"attribution":"Ora (Warner Varnado) · Nebraska DOT"}},{"type":"Feature","geometry":{"type":"Point","coordinates":[-97.88318,40.82097]},"properties":{"id":"ora-ne-81","name":"I-80: Hampton Exit: Various Views","state":"NE","provider":"Nebraska DOT","hls":null,"snapshot":"https://dot511.nebraska.gov/images/vid-004080338-00.jpg?1783724040000","refreshMs":30000,"attribution":"Ora (Warner Varnado) · Nebraska DOT"}},{"type":"Feature","geometry":{"type":"Point","coordinates":[-97.94027,40.82187]},"properties":{"id":"ora-ne-82","name":"I-80: Aurora WB DMS: Various","state":"NE","provider":"Nebraska DOT","hls":null,"snapshot":"https://dot511.nebraska.gov/images/vid-004080334-00.jpg?1783724040000","refreshMs":30000,"attribution":"Ora (Warner Varnado) · Nebraska DOT"}},{"type":"Feature","geometry":{"type":"Point","coordinates":[-97.99615,40.82194]},"properties":{"id":"ora-ne-83","name":"I-80: Aurora Jct 14: Interstate View","state":"NE","provider":"Nebraska DOT","hls":null,"snapshot":"https://dot511.nebraska.gov/images/vid-004080332-00.jpg?1783724040000","refreshMs":30000,"attribution":"Ora (Warner Varnado) · Nebraska DOT"}},{"type":"Feature","geometry":{"type":"Point","coordinates":[-98.02436,40.82183]},"properties":{"id":"ora-ne-84","name":"I-80: Aurora DMS: Interstate Views","state":"NE","provider":"Nebraska DOT","hls":null,"snapshot":"https://dot511.nebraska.gov/images/vid-004080330-00.jpg?1783724040000","refreshMs":30000,"attribution":"Ora (Warner Varnado) · Nebraska DOT"}},{"type":"Feature","geometry":{"type":"Point","coordinates":[-98.0645,40.82184]},"properties":{"id":"ora-ne-85","name":"I-80: Aurora Anti-Icing : BNSF Bridges","state":"NE","provider":"Nebraska DOT","hls":null,"snapshot":"https://dot511.nebraska.gov/images/vid-004080328-00.jpg?1783724040000","refreshMs":30000,"attribution":"Ora (Warner Varnado) · Nebraska DOT"}},{"type":"Feature","geometry":{"type":"Point","coordinates":[-98.15024,40.82207]},"properties":{"id":"ora-ne-86","name":"I-80: Giltner Exit: Various views","state":"NE","provider":"Nebraska DOT","hls":null,"snapshot":"https://dot511.nebraska.gov/images/vid-004080324-00.jpg?1783724040000","refreshMs":30000,"attribution":"Ora (Warner Varnado) · Nebraska DOT"}},{"type":"Feature","geometry":{"type":"Point","coordinates":[-98.26419,40.82099]},"properties":{"id":"ora-ne-87","name":"I-80: Phillips Exit: Various Views","state":"NE","provider":"Nebraska DOT","hls":null,"snapshot":"https://dot511.nebraska.gov/images/vid-004080318-00.jpg?1783724040000","refreshMs":30000,"attribution":"Ora (Warner Varnado) · Nebraska DOT"}},{"type":"Feature","geometry":{"type":"Point","coordinates":[-98.29909,40.82103]},"properties":{"id":"ora-ne-88","name":"I-80: Grand Island WB Rest Area: Exiting restarea","state":"NE","provider":"Nebraska DOT","hls":null,"snapshot":"https://dot511.nebraska.gov/images/vid-004080316-00.jpg?1783724040000","refreshMs":30000,"attribution":"Ora (Warner Varnado) · Nebraska DOT"}},{"type":"Feature","geometry":{"type":"Point","coordinates":[-98.34039,40.82561]},"properties":{"id":"ora-ne-89","name":"I-80: Grand Island Locust St Exit : Interstate View","state":"NE","provider":"Nebraska DOT","hls":null,"snapshot":"https://dot511.nebraska.gov/images/vid-004080314-00.jpg?1783724040000","refreshMs":30000,"attribution":"Ora (Warner Varnado) · Nebraska DOT"}},{"type":"Feature","geometry":{"type":"Point","coordinates":[-98.3782,40.8201]},"properties":{"id":"ora-ne-90","name":"I-80: Grand Island Exit 312: Interstate View","state":"NE","provider":"Nebraska DOT","hls":null,"snapshot":"https://dot511.nebraska.gov/images/vid-004080312-00.jpg?1783724040000","refreshMs":30000,"attribution":"Ora (Warner Varnado) · Nebraska DOT"}},{"type":"Feature","geometry":{"type":"Point","coordinates":[-98.41686,40.82014]},"properties":{"id":"ora-ne-91","name":"I-80: Grand Island EB DMS: Various","state":"NE","provider":"Nebraska DOT","hls":null,"snapshot":"https://dot511.nebraska.gov/images/vid-004080309-00.jpg?1783724040000","refreshMs":30000,"attribution":"Ora (Warner Varnado) · Nebraska DOT"}},{"type":"Feature","geometry":{"type":"Point","coordinates":[-98.49344,40.79851]},"properties":{"id":"ora-ne-92","name":"I-80: Alda Exit: Various","state":"NE","provider":"Nebraska DOT","hls":null,"snapshot":"https://dot511.nebraska.gov/images/vid-004080305-00.jpg?1783724040000","refreshMs":30000,"attribution":"Ora (Warner Varnado) · Nebraska DOT"}},{"type":"Feature","geometry":{"type":"Point","coordinates":[-98.58719,40.76294]},"properties":{"id":"ora-ne-93","name":"I-80: Wood River: Various","state":"NE","provider":"Nebraska DOT","hls":null,"snapshot":"https://dot511.nebraska.gov/images/vid-004080300-00.jpg?1783724040000","refreshMs":30000,"attribution":"Ora (Warner Varnado) · Nebraska DOT"}},{"type":"Feature","geometry":{"type":"Point","coordinates":[-98.74175,40.7226]},"properties":{"id":"ora-ne-94","name":"I-80: Shelton Exit: East","state":"NE","provider":"Nebraska DOT","hls":null,"snapshot":"https://dot511.nebraska.gov/images/vid-004080291-01.jpg?1783724040000","refreshMs":30000,"attribution":"Ora (Warner Varnado) · Nebraska DOT"}},{"type":"Feature","geometry":{"type":"Point","coordinates":[-98.84599,40.70181]},"properties":{"id":"ora-ne-95","name":"I-80: Gibbon Exit: Various","state":"NE","provider":"Nebraska DOT","hls":null,"snapshot":"https://dot511.nebraska.gov/images/vid-004080285-00.jpg?1783724040000","refreshMs":30000,"attribution":"Ora (Warner Varnado) · Nebraska DOT"}},{"type":"Feature","geometry":{"type":"Point","coordinates":[-98.95163,40.68652]},"properties":{"id":"ora-ne-96","name":"I-80: Minden Exit: Various","state":"NE","provider":"Nebraska DOT","hls":null,"snapshot":"https://dot511.nebraska.gov/images/vid-004080279-00.jpg?1783724040000","refreshMs":30000,"attribution":"Ora (Warner Varnado) · Nebraska DOT"}},{"type":"Feature","geometry":{"type":"Point","coordinates":[-98.98595,40.68038]},"properties":{"id":"ora-ne-97","name":"I-80: Kearney WB DMS: Various","state":"NE","provider":"Nebraska DOT","hls":null,"snapshot":"https://dot511.nebraska.gov/images/vid-004080278-00.jpg?1783724040000","refreshMs":30000,"attribution":"Ora (Warner Varnado) · Nebraska DOT"}},{"type":"Feature","geometry":{"type":"Point","coordinates":[-99.02882,40.66975]},"properties":{"id":"ora-ne-98","name":"I-80: Kearney exit 275: Various","state":"NE","provider":"Nebraska DOT","hls":null,"snapshot":"https://dot511.nebraska.gov/images/vid-004080275-00.jpg?1783724040000","refreshMs":30000,"attribution":"Ora (Warner Varnado) · Nebraska DOT"}},{"type":"Feature","geometry":{"type":"Point","coordinates":[-99.03189,40.66974]},"properties":{"id":"ora-ne-99","name":"I-80: Kearney Archway: Various","state":"NE","provider":"Nebraska DOT","hls":null,"snapshot":"https://dot511.nebraska.gov/images/vid-004080274-00.jpg?1783724040000","refreshMs":30000,"attribution":"Ora (Warner Varnado) · Nebraska DOT"}},{"type":"Feature","geometry":{"type":"Point","coordinates":[-99.08565,40.66917]},"properties":{"id":"ora-ne-100","name":"I-80: Kearney Exit 272: Various","state":"NE","provider":"Nebraska DOT","hls":null,"snapshot":"https://dot511.nebraska.gov/images/vid-004080272-00.jpg?1783724040000","refreshMs":30000,"attribution":"Ora (Warner Varnado) · Nebraska DOT"}},{"type":"Feature","geometry":{"type":"Point","coordinates":[-99.11971,40.67023]},"properties":{"id":"ora-ne-101","name":"I-80: W of Kearney: Various","state":"NE","provider":"Nebraska DOT","hls":null,"snapshot":"https://dot511.nebraska.gov/images/vid-004080270-00.jpg?1783724040000","refreshMs":30000,"attribution":"Ora (Warner Varnado) · Nebraska DOT"}},{"type":"Feature","geometry":{"type":"Point","coordinates":[-99.25609,40.67576]},"properties":{"id":"ora-ne-102","name":"I-80: Odessa Exit: Various","state":"NE","provider":"Nebraska DOT","hls":null,"snapshot":"https://dot511.nebraska.gov/images/vid-004080263-00.jpg?1783724040000","refreshMs":30000,"attribution":"Ora (Warner Varnado) · Nebraska DOT"}},{"type":"Feature","geometry":{"type":"Point","coordinates":[-99.38478,40.69004]},"properties":{"id":"ora-ne-103","name":"I-80: Holdrege-Elm Creek Exit: Various","state":"NE","provider":"Nebraska DOT","hls":null,"snapshot":"https://dot511.nebraska.gov/images/vid-004080257-00.jpg?1783724040000","refreshMs":30000,"attribution":"Ora (Warner Varnado) · Nebraska DOT"}},{"type":"Feature","geometry":{"type":"Point","coordinates":[-99.54026,40.69103]},"properties":{"id":"ora-ne-104","name":"I-80: Overton Exit: East","state":"NE","provider":"Nebraska DOT","hls":null,"snapshot":"https://dot511.nebraska.gov/images/vid-006080248-01.jpg?1783724040000","refreshMs":30000,"attribution":"Ora (Warner Varnado) · Nebraska DOT"}},{"type":"Feature","geometry":{"type":"Point","coordinates":[-99.74072,40.74168]},"properties":{"id":"ora-ne-105","name":"I-80: Lexington Exit: East","state":"NE","provider":"Nebraska DOT","hls":null,"snapshot":"https://dot511.nebraska.gov/images/vid-006080237-01.jpg?1783724040000","refreshMs":30000,"attribution":"Ora (Warner Varnado) · Nebraska DOT"}},{"type":"Feature","geometry":{"type":"Point","coordinates":[-99.84467,40.77983]},"properties":{"id":"ora-ne-106","name":"I-80: Darr Exit: East","state":"NE","provider":"Nebraska DOT","hls":null,"snapshot":"https://dot511.nebraska.gov/images/vid-006080231-01.jpg?1783724040000","refreshMs":30000,"attribution":"Ora (Warner Varnado) · Nebraska DOT"}},{"type":"Feature","geometry":{"type":"Point","coordinates":[-99.90917,40.81418]},"properties":{"id":"ora-ne-107","name":"I-80: Darr: East","state":"NE","provider":"Nebraska DOT","hls":null,"snapshot":"https://dot511.nebraska.gov/images/vid-006080227-01.jpg?1783724040000","refreshMs":30000,"attribution":"Ora (Warner Varnado) · Nebraska DOT"}},{"type":"Feature","geometry":{"type":"Point","coordinates":[-99.98575,40.84344]},"properties":{"id":"ora-ne-108","name":"I-80: Cozad Exit: East","state":"NE","provider":"Nebraska DOT","hls":null,"snapshot":"https://dot511.nebraska.gov/images/vid-006080222-01.jpg?1783724040000","refreshMs":30000,"attribution":"Ora (Warner Varnado) · Nebraska DOT"}},{"type":"Feature","geometry":{"type":"Point","coordinates":[-100.16692,40.9143]},"properties":{"id":"ora-ne-109","name":"I-80: Gothenburg: East","state":"NE","provider":"Nebraska DOT","hls":null,"snapshot":"https://dot511.nebraska.gov/images/vid-006080211-01.jpg?1783724040000","refreshMs":30000,"attribution":"Ora (Warner Varnado) · Nebraska DOT"}},{"type":"Feature","geometry":{"type":"Point","coordinates":[-100.25313,40.95397]},"properties":{"id":"ora-ne-110","name":"I-80: W Gothenburg: East","state":"NE","provider":"Nebraska DOT","hls":null,"snapshot":"https://dot511.nebraska.gov/images/vid-006080206-01.jpg?1783724040000","refreshMs":30000,"attribution":"Ora (Warner Varnado) · Nebraska DOT"}},{"type":"Feature","geometry":{"type":"Point","coordinates":[-100.33572,40.99332]},"properties":{"id":"ora-ne-111","name":"I-80: Brady at 201: East","state":"NE","provider":"Nebraska DOT","hls":null,"snapshot":"https://dot511.nebraska.gov/images/vid-006080201-01.jpg?1783724040000","refreshMs":30000,"attribution":"Ora (Warner Varnado) · Nebraska DOT"}},{"type":"Feature","geometry":{"type":"Point","coordinates":[-100.37541,41.00184]},"properties":{"id":"ora-ne-112","name":"I-80: I80 at Brady exit: East","state":"NE","provider":"Nebraska DOT","hls":null,"snapshot":"https://dot511.nebraska.gov/images/vid-006080199-01.jpg?1783724040000","refreshMs":30000,"attribution":"Ora (Warner Varnado) · Nebraska DOT"}},{"type":"Feature","geometry":{"type":"Point","coordinates":[-100.472,41.03473]},"properties":{"id":"ora-ne-113","name":"I-80: SE Maxwell: East","state":"NE","provider":"Nebraska DOT","hls":null,"snapshot":"https://dot511.nebraska.gov/images/vid-006080193-01.jpg?1783724040000","refreshMs":30000,"attribution":"Ora (Warner Varnado) · Nebraska DOT"}},{"type":"Feature","geometry":{"type":"Point","coordinates":[-100.52529,41.0514]},"properties":{"id":"ora-ne-114","name":"I-80: Maxwell Exit: East","state":"NE","provider":"Nebraska DOT","hls":null,"snapshot":"https://dot511.nebraska.gov/images/vid-006080190-01.jpg?1783724040000","refreshMs":30000,"attribution":"Ora (Warner Varnado) · Nebraska DOT"}},{"type":"Feature","geometry":{"type":"Point","coordinates":[-100.61543,41.08374]},"properties":{"id":"ora-ne-115","name":"I-80: 184 Platte River Bridge: I-80 East","state":"NE","provider":"Nebraska DOT","hls":null,"snapshot":"https://dot511.nebraska.gov/images/vid-006080184-01.jpg?1783724040000","refreshMs":30000,"attribution":"Ora (Warner Varnado) · Nebraska DOT"}},{"type":"Feature","geometry":{"type":"Point","coordinates":[-100.67629,41.09683]},"properties":{"id":"ora-ne-116","name":"I-80: Bridge 181 E of North Platte: East","state":"NE","provider":"Nebraska DOT","hls":null,"snapshot":"https://dot511.nebraska.gov/images/vid-006080181-01.jpg?1783724040000","refreshMs":30000,"attribution":"Ora (Warner Varnado) · Nebraska DOT"}},{"type":"Feature","geometry":{"type":"Point","coordinates":[-100.72589,41.10516]},"properties":{"id":"ora-ne-117","name":"I-80: North Platte Exit to L56G : East","state":"NE","provider":"Nebraska DOT","hls":null,"snapshot":"https://dot511.nebraska.gov/images/vid-006080179-01.jpg?1783724040000","refreshMs":30000,"attribution":"Ora (Warner Varnado) · Nebraska DOT"}},{"type":"Feature","geometry":{"type":"Point","coordinates":[-100.764,41.11122]},"properties":{"id":"ora-ne-118","name":"I-80: North Platte Exit 177: East","state":"NE","provider":"Nebraska DOT","hls":null,"snapshot":"https://dot511.nebraska.gov/images/vid-006080177-01.jpg?1783724040000","refreshMs":30000,"attribution":"Ora (Warner Varnado) · Nebraska DOT"}},{"type":"Feature","geometry":{"type":"Point","coordinates":[-101.0023,41.13707]},"properties":{"id":"ora-ne-119","name":"I-80: Hershey Exit: East","state":"NE","provider":"Nebraska DOT","hls":null,"snapshot":"https://dot511.nebraska.gov/images/vid-006080164-01.jpg?1783724040000","refreshMs":30000,"attribution":"Ora (Warner Varnado) · Nebraska DOT"}},{"type":"Feature","geometry":{"type":"Point","coordinates":[-101.14158,41.1383]},"properties":{"id":"ora-ne-120","name":"I-80: Sutherland Exit: East","state":"NE","provider":"Nebraska DOT","hls":null,"snapshot":"https://dot511.nebraska.gov/images/vid-006080158-01.jpg?1783724040000","refreshMs":30000,"attribution":"Ora (Warner Varnado) · Nebraska DOT"}},{"type":"Feature","geometry":{"type":"Point","coordinates":[-101.23021,41.13028]},"properties":{"id":"ora-ne-121","name":"I-80: Sutherland: East","state":"NE","provider":"Nebraska DOT","hls":null,"snapshot":"https://dot511.nebraska.gov/images/vid-006080152-01.jpg?1783724040000","refreshMs":30000,"attribution":"Ora (Warner Varnado) · Nebraska DOT"}},{"type":"Feature","geometry":{"type":"Point","coordinates":[-101.35678,41.11086]},"properties":{"id":"ora-ne-122","name":"I-80: Paxton Exit: East","state":"NE","provider":"Nebraska DOT","hls":null,"snapshot":"https://dot511.nebraska.gov/images/vid-006080145-01.jpg?1783724040000","refreshMs":30000,"attribution":"Ora (Warner Varnado) · Nebraska DOT"}},{"type":"Feature","geometry":{"type":"Point","coordinates":[-101.57637,41.11783]},"properties":{"id":"ora-ne-123","name":"I-80: Roscoe Interchange: East","state":"NE","provider":"Nebraska DOT","hls":null,"snapshot":"https://dot511.nebraska.gov/images/vid-006080133-01.jpg?1783724040000","refreshMs":30000,"attribution":"Ora (Warner Varnado) · Nebraska DOT"}},{"type":"Feature","geometry":{"type":"Point","coordinates":[-101.71509,41.11499]},"properties":{"id":"ora-ne-124","name":"I-80: Ogallala Exit: East ","state":"NE","provider":"Nebraska DOT","hls":null,"snapshot":"https://dot511.nebraska.gov/images/vid-006080126-01.jpg?1783724040000","refreshMs":30000,"attribution":"Ora (Warner Varnado) · Nebraska DOT"}},{"type":"Feature","geometry":{"type":"Point","coordinates":[-101.88815,41.07924]},"properties":{"id":"ora-ne-125","name":"I-80: Brule: East","state":"NE","provider":"Nebraska DOT","hls":null,"snapshot":"https://dot511.nebraska.gov/images/vid-006080117-01.jpg?1783724040000","refreshMs":30000,"attribution":"Ora (Warner Varnado) · Nebraska DOT"}},{"type":"Feature","geometry":{"type":"Point","coordinates":[-102.0713,41.04853]},"properties":{"id":"ora-ne-126","name":"I-80: Big Springs: East","state":"NE","provider":"Nebraska DOT","hls":null,"snapshot":"https://dot511.nebraska.gov/images/vid-006080107-01.jpg?1783724040000","refreshMs":30000,"attribution":"Ora (Warner Varnado) · Nebraska DOT"}},{"type":"Feature","geometry":{"type":"Point","coordinates":[-102.15091,41.02674]},"properties":{"id":"ora-ne-127","name":"I-80: Exit 102: I 76 East","state":"NE","provider":"Nebraska DOT","hls":null,"snapshot":"https://dot511.nebraska.gov/images/vid-006080102-01.jpg?1783724040000","refreshMs":30000,"attribution":"Ora (Warner Varnado) · Nebraska DOT"}},{"type":"Feature","geometry":{"type":"Point","coordinates":[-102.18045,41.03059]},"properties":{"id":"ora-ne-128","name":"I-80: Exit 101: East","state":"NE","provider":"Nebraska DOT","hls":null,"snapshot":"https://dot511.nebraska.gov/images/vid-005080101-01.jpg?1783724040000","refreshMs":30000,"attribution":"Ora (Warner Varnado) · Nebraska DOT"}},{"type":"Feature","geometry":{"type":"Point","coordinates":[-102.29813,41.04567]},"properties":{"id":"ora-ne-129","name":"I-80: Oshkosh Exit 95: East","state":"NE","provider":"Nebraska DOT","hls":null,"snapshot":"https://dot511.nebraska.gov/images/vid-005080095-01.jpg?1783724040000","refreshMs":30000,"attribution":"Ora (Warner Varnado) · Nebraska DOT"}},{"type":"Feature","geometry":{"type":"Point","coordinates":[-102.4748,41.08077]},"properties":{"id":"ora-ne-130","name":"I-80: I80 at Chappell: East","state":"NE","provider":"Nebraska DOT","hls":null,"snapshot":"https://dot511.nebraska.gov/images/vid-005080085-01.jpg?1783724040000","refreshMs":30000,"attribution":"Ora (Warner Varnado) · Nebraska DOT"}},{"type":"Feature","geometry":{"type":"Point","coordinates":[-102.62914,41.11354]},"properties":{"id":"ora-ne-131","name":"I-80: Lodgepole Exit: East","state":"NE","provider":"Nebraska DOT","hls":null,"snapshot":"https://dot511.nebraska.gov/images/vid-005080077-01.jpg?1783724040000","refreshMs":30000,"attribution":"Ora (Warner Varnado) · Nebraska DOT"}},{"type":"Feature","geometry":{"type":"Point","coordinates":[-102.76357,41.11292]},"properties":{"id":"ora-ne-132","name":"I-80: I80 at Sunol Exit 69: East","state":"NE","provider":"Nebraska DOT","hls":null,"snapshot":"https://dot511.nebraska.gov/images/vid-005080069-01.jpg?1783724040000","refreshMs":30000,"attribution":"Ora (Warner Varnado) · Nebraska DOT"}},{"type":"Feature","geometry":{"type":"Point","coordinates":[-102.94872,41.11281]},"properties":{"id":"ora-ne-133","name":"I-80: Sidney Exit: East","state":"NE","provider":"Nebraska DOT","hls":null,"snapshot":"https://dot511.nebraska.gov/images/vid-005080059-01.jpg?1783724040000","refreshMs":30000,"attribution":"Ora (Warner Varnado) · Nebraska DOT"}},{"type":"Feature","geometry":{"type":"Point","coordinates":[-103.03072,41.12587]},"properties":{"id":"ora-ne-134","name":"I-80: Sidney West Exit: East","state":"NE","provider":"Nebraska DOT","hls":null,"snapshot":"https://dot511.nebraska.gov/images/vid-005080055-01.jpg?1783724040000","refreshMs":30000,"attribution":"Ora (Warner Varnado) · Nebraska DOT"}},{"type":"Feature","geometry":{"type":"Point","coordinates":[-103.08446,41.15365]},"properties":{"id":"ora-ne-135","name":"I-80: Sidney Rest Area: East","state":"NE","provider":"Nebraska DOT","hls":null,"snapshot":"https://dot511.nebraska.gov/images/vid-005080052-01.jpg?1783724040000","refreshMs":30000,"attribution":"Ora (Warner Varnado) · Nebraska DOT"}},{"type":"Feature","geometry":{"type":"Point","coordinates":[-103.13342,41.18045]},"properties":{"id":"ora-ne-136","name":"I-80: I80 at Brownson exit 48: East","state":"NE","provider":"Nebraska DOT","hls":null,"snapshot":"https://dot511.nebraska.gov/images/vid-005080048-01.jpg?1783724040000","refreshMs":30000,"attribution":"Ora (Warner Varnado) · Nebraska DOT"}},{"type":"Feature","geometry":{"type":"Point","coordinates":[-103.31791,41.20575]},"properties":{"id":"ora-ne-137","name":"I-80: Potter Exit: East","state":"NE","provider":"Nebraska DOT","hls":null,"snapshot":"https://dot511.nebraska.gov/images/vid-005080039-01.jpg?1783724040000","refreshMs":30000,"attribution":"Ora (Warner Varnado) · Nebraska DOT"}},{"type":"Feature","geometry":{"type":"Point","coordinates":[-103.4898,41.22082]},"properties":{"id":"ora-ne-138","name":"I-80: Dix: East","state":"NE","provider":"Nebraska DOT","hls":null,"snapshot":"https://dot511.nebraska.gov/images/vid-005080029-01.jpg?1783724040000","refreshMs":30000,"attribution":"Ora (Warner Varnado) · Nebraska DOT"}},{"type":"Feature","geometry":{"type":"Point","coordinates":[-103.62565,41.22031]},"properties":{"id":"ora-ne-139","name":"I-80: Kimball East: East","state":"NE","provider":"Nebraska DOT","hls":null,"snapshot":"https://dot511.nebraska.gov/images/vid-005080022-01.jpg?1783724040000","refreshMs":30000,"attribution":"Ora (Warner Varnado) · Nebraska DOT"}},{"type":"Feature","geometry":{"type":"Point","coordinates":[-103.66361,41.21625]},"properties":{"id":"ora-ne-140","name":"I-80: Kimball: East","state":"NE","provider":"Nebraska DOT","hls":null,"snapshot":"https://dot511.nebraska.gov/images/vid-005080020-01.jpg?1783724040000","refreshMs":30000,"attribution":"Ora (Warner Varnado) · Nebraska DOT"}},{"type":"Feature","geometry":{"type":"Point","coordinates":[-103.72143,41.2049]},"properties":{"id":"ora-ne-141","name":"I-80: 3 Mi W of Kimball: East","state":"NE","provider":"Nebraska DOT","hls":null,"snapshot":"https://dot511.nebraska.gov/images/vid-005080017-01.jpg?1783724040000","refreshMs":30000,"attribution":"Ora (Warner Varnado) · Nebraska DOT"}},{"type":"Feature","geometry":{"type":"Point","coordinates":[-103.78703,41.19178]},"properties":{"id":"ora-ne-142","name":"I-80: West Kimball: East","state":"NE","provider":"Nebraska DOT","hls":null,"snapshot":"https://dot511.nebraska.gov/images/vid-005080014-02.jpg?1783724040000","refreshMs":30000,"attribution":"Ora (Warner Varnado) · Nebraska DOT"}},{"type":"Feature","geometry":{"type":"Point","coordinates":[-103.89428,41.19181]},"properties":{"id":"ora-ne-143","name":"I-80: Bushnell: East","state":"NE","provider":"Nebraska DOT","hls":null,"snapshot":"https://dot511.nebraska.gov/images/vid-005080008-01.jpg?1783724040000","refreshMs":30000,"attribution":"Ora (Warner Varnado) · Nebraska DOT"}},{"type":"Feature","geometry":{"type":"Point","coordinates":[-104.04458,41.18289]},"properties":{"id":"ora-ne-144","name":"I-80: WYO Line: East ","state":"NE","provider":"Nebraska DOT","hls":null,"snapshot":"https://dot511.nebraska.gov/images/vid-005080000-01.jpg?1783724040000","refreshMs":30000,"attribution":"Ora (Warner Varnado) · Nebraska DOT"}},{"type":"Feature","geometry":{"type":"Point","coordinates":[-102.18987,41.00231]},"properties":{"id":"ora-ne-145","name":"I-76: Nebraska / Colorado Border: East","state":"NE","provider":"Nebraska DOT","hls":null,"snapshot":"https://dot511.nebraska.gov/images/vid-006076000-01.jpg?1783724040000","refreshMs":30000,"attribution":"Ora (Warner Varnado) · Nebraska DOT"}},{"type":"Feature","geometry":{"type":"Point","coordinates":[-103.22416,43.00086]},"properties":{"id":"ora-ne-146","name":"US 385: NE-SD Line N of Chadron: Hwy 385 North","state":"NE","provider":"Nebraska DOT","hls":null,"snapshot":"https://dot511.nebraska.gov/images/vid-005385187-03.jpg?1783724040000","refreshMs":30000,"attribution":"Ora (Warner Varnado) · Nebraska DOT"}},{"type":"Feature","geometry":{"type":"Point","coordinates":[-103.01111,42.71811]},"properties":{"id":"ora-ne-147","name":"US 385: South Chadron: Hwy 385 Far North","state":"NE","provider":"Nebraska DOT","hls":null,"snapshot":"https://dot511.nebraska.gov/images/vid-005385154-06.jpg?1783724040000","refreshMs":30000,"attribution":"Ora (Warner Varnado) · Nebraska DOT"}},{"type":"Feature","geometry":{"type":"Point","coordinates":[-102.97473,42.32169]},"properties":{"id":"ora-ne-148","name":"US 385: Hemingford: Hwy 385 North","state":"NE","provider":"Nebraska DOT","hls":null,"snapshot":"https://dot511.nebraska.gov/images/vid-005385132-03.jpg?1783724040000","refreshMs":30000,"attribution":"Ora (Warner Varnado) · Nebraska DOT"}},{"type":"Feature","geometry":{"type":"Point","coordinates":[-102.97786,41.96964]},"properties":{"id":"ora-ne-149","name":"US 385: D5-385-99 South Aliance: Far North","state":"NE","provider":"Nebraska DOT","hls":null,"snapshot":"https://dot511.nebraska.gov/images/vid-005385099-06.jpg?1783724040000","refreshMs":30000,"attribution":"Ora (Warner Varnado) · Nebraska DOT"}},{"type":"Feature","geometry":{"type":"Point","coordinates":[-103.14878,41.81404]},"properties":{"id":"ora-ne-150","name":"US 385: Angora: Junction","state":"NE","provider":"Nebraska DOT","hls":null,"snapshot":"https://dot511.nebraska.gov/images/vid-005385085-05.jpg?1783724040000","refreshMs":30000,"attribution":"Ora (Warner Varnado) · Nebraska DOT"}},{"type":"Feature","geometry":{"type":"Point","coordinates":[-102.97291,41.3955]},"properties":{"id":"ora-ne-151","name":"US 385: S of Dalton: Hwy 385 North","state":"NE","provider":"Nebraska DOT","hls":null,"snapshot":"https://dot511.nebraska.gov/images/vid-005385052-03.jpg?1783724040000","refreshMs":30000,"attribution":"Ora (Warner Varnado) · Nebraska DOT"}},{"type":"Feature","geometry":{"type":"Point","coordinates":[-98.65147,42.84957]},"properties":{"id":"ora-ne-152","name":"US 281: South Spencer: East ","state":"NE","provider":"Nebraska DOT","hls":null,"snapshot":"https://dot511.nebraska.gov/images/vid-008281210-01.jpg?1783724040000","refreshMs":30000,"attribution":"Ora (Warner Varnado) · Nebraska DOT"}},{"type":"Feature","geometry":{"type":"Point","coordinates":[-98.65097,42.80708]},"properties":{"id":"ora-ne-153","name":"US 281: Portable Trailer: Various","state":"NE","provider":"Nebraska DOT","hls":null,"snapshot":"https://dot511.nebraska.gov/images/vid-opstrailer8.jpg?1783724040000","refreshMs":30000,"attribution":"Ora (Warner Varnado) · Nebraska DOT"}},{"type":"Feature","geometry":{"type":"Point","coordinates":[-98.65101,42.20464]},"properties":{"id":"ora-ne-154","name":"US 281: E of Chambers: Intersection","state":"NE","provider":"Nebraska DOT","hls":null,"snapshot":"https://dot511.nebraska.gov/images/vid-008281165-05.jpg?1783724040000","refreshMs":30000,"attribution":"Ora (Warner Varnado) · Nebraska DOT"}},{"type":"Feature","geometry":{"type":"Point","coordinates":[-98.5484,41.98635]},"properties":{"id":"ora-ne-155","name":"US 281: N of Bartlett: East","state":"NE","provider":"Nebraska DOT","hls":null,"snapshot":"https://dot511.nebraska.gov/images/vid-008281148-01.jpg?1783724040000","refreshMs":30000,"attribution":"Ora (Warner Varnado) · Nebraska DOT"}},{"type":"Feature","geometry":{"type":"Point","coordinates":[-98.54701,41.78389]},"properties":{"id":"ora-ne-156","name":"US 281: S of Barlett: East","state":"NE","provider":"Nebraska DOT","hls":null,"snapshot":"https://dot511.nebraska.gov/images/vid-008281134-01.jpg?1783724040000","refreshMs":30000,"attribution":"Ora (Warner Varnado) · Nebraska DOT"}},{"type":"Feature","geometry":{"type":"Point","coordinates":[-96.29503,41.29215]},"properties":{"id":"ora-ne-157","name":"US 275: Waterloo over NE-64 : Various","state":"NE","provider":"Nebraska DOT","hls":null,"snapshot":"https://dot511.nebraska.gov/images/vid-002275166-00.jpg?1783724040000","refreshMs":30000,"attribution":"Ora (Warner Varnado) · Nebraska DOT"}},{"type":"Feature","geometry":{"type":"Point","coordinates":[-96.7085,41.70526]},"properties":{"id":"ora-ne-158","name":"US 275: Scribner: Junction","state":"NE","provider":"Nebraska DOT","hls":null,"snapshot":"https://dot511.nebraska.gov/images/vid-002275128.860.jpg?1783724040000","refreshMs":30000,"attribution":"Ora (Warner Varnado) · Nebraska DOT"}},{"type":"Feature","geometry":{"type":"Point","coordinates":[-96.71088,41.86073]},"properties":{"id":"ora-ne-159","name":"US 275: N of West Point: Junction","state":"NE","provider":"Nebraska DOT","hls":null,"snapshot":"https://dot511.nebraska.gov/images/vid-003275116-05.jpg?1783724040000","refreshMs":30000,"attribution":"Ora (Warner Varnado) · Nebraska DOT"}},{"type":"Feature","geometry":{"type":"Point","coordinates":[-97.02348,42.01858]},"properties":{"id":"ora-ne-160","name":"US 275: E of Pilger: 15 looking north","state":"NE","provider":"Nebraska DOT","hls":null,"snapshot":"https://dot511.nebraska.gov/images/vid-003275096-003.jpg?1783724040000","refreshMs":30000,"attribution":"Ora (Warner Varnado) · Nebraska DOT"}},{"type":"Feature","geometry":{"type":"Point","coordinates":[-97.6015,42.02522]},"properties":{"id":"ora-ne-161","name":"US 275: W of Norfolk: East","state":"NE","provider":"Nebraska DOT","hls":null,"snapshot":"https://dot511.nebraska.gov/images/vid-003275066-01.jpg?1783724040000","refreshMs":30000,"attribution":"Ora (Warner Varnado) · Nebraska DOT"}},{"type":"Feature","geometry":{"type":"Point","coordinates":[-99.75098,42.89794]},"properties":{"id":"ora-ne-162","name":"US 183: Springview: East","state":"NE","provider":"Nebraska DOT","hls":null,"snapshot":"https://dot511.nebraska.gov/images/vid-008183218-01.jpg?1783724040000","refreshMs":30000,"attribution":"Ora (Warner Varnado) · Nebraska DOT"}},{"type":"Feature","geometry":{"type":"Point","coordinates":[-99.52633,42.22307]},"properties":{"id":"ora-ne-163","name":"US 183: Rose - S of Bassett: Looking North","state":"NE","provider":"Nebraska DOT","hls":null,"snapshot":"https://dot511.nebraska.gov/images/vid-008183157-03.jpg?1783724040000","refreshMs":30000,"attribution":"Ora (Warner Varnado) · Nebraska DOT"}},{"type":"Feature","geometry":{"type":"Point","coordinates":[-99.37816,41.75269]},"properties":{"id":"ora-ne-164","name":"US 183: S Taylor: East","state":"NE","provider":"Nebraska DOT","hls":null,"snapshot":"https://dot511.nebraska.gov/images/vid-008183122-01.jpg?1783724040000","refreshMs":30000,"attribution":"Ora (Warner Varnado) · Nebraska DOT"}},{"type":"Feature","geometry":{"type":"Point","coordinates":[-99.38546,41.55287]},"properties":{"id":"ora-ne-165","name":"US 183: Sargent/Comstock Rd: East","state":"NE","provider":"Nebraska DOT","hls":null,"snapshot":"https://dot511.nebraska.gov/images/vid-006183108-01.jpg?1783724040000","refreshMs":30000,"attribution":"Ora (Warner Varnado) · Nebraska DOT"}},{"type":"Feature","geometry":{"type":"Point","coordinates":[-99.38836,40.92855]},"properties":{"id":"ora-ne-166","name":"US 183: Miller: East","state":"NE","provider":"Nebraska DOT","hls":null,"snapshot":"https://dot511.nebraska.gov/images/vid-004183064-02.jpg?1783724040000","refreshMs":30000,"attribution":"Ora (Warner Varnado) · Nebraska DOT"}},{"type":"Feature","geometry":{"type":"Point","coordinates":[-96.9791,40.19151]},"properties":{"id":"ora-ne-167","name":"US 136: W of Harbine: East","state":"NE","provider":"Nebraska DOT","hls":null,"snapshot":"https://dot511.nebraska.gov/images/vid-001136161-01.jpg?1783724040000","refreshMs":30000,"attribution":"Ora (Warner Varnado) · Nebraska DOT"}},{"type":"Feature","geometry":{"type":"Point","coordinates":[-98.75812,40.08933]},"properties":{"id":"ora-ne-168","name":"US 136: E of Riverton: East","state":"NE","provider":"Nebraska DOT","hls":null,"snapshot":"https://dot511.nebraska.gov/images/vid-007136062-01.jpg?1783724040000","refreshMs":30000,"attribution":"Ora (Warner Varnado) · Nebraska DOT"}},{"type":"Feature","geometry":{"type":"Point","coordinates":[-99.36997,40.13271]},"properties":{"id":"ora-ne-169","name":"US 136: North of Alma: East","state":"NE","provider":"Nebraska DOT","hls":null,"snapshot":"https://dot511.nebraska.gov/images/vid-007136027-01.jpg?1783724040000","refreshMs":30000,"attribution":"Ora (Warner Varnado) · Nebraska DOT"}},{"type":"Feature","geometry":{"type":"Point","coordinates":[-100.57337,42.99095]},"properties":{"id":"ora-ne-170","name":"US 83: SD border N of Valentine: 83 looking north","state":"NE","provider":"Nebraska DOT","hls":null,"snapshot":"https://dot511.nebraska.gov/images/vid-008083222-03.jpg?1783724040000","refreshMs":30000,"attribution":"Ora (Warner Varnado) · Nebraska DOT"}},{"type":"Feature","geometry":{"type":"Point","coordinates":[-100.54475,42.37225]},"properties":{"id":"ora-ne-171","name":"US 83: Brownlee Rd N of Thedford: North","state":"NE","provider":"Nebraska DOT","hls":null,"snapshot":"https://dot511.nebraska.gov/images/vid-008083179-03.jpg?1783724040000","refreshMs":30000,"attribution":"Ora (Warner Varnado) · Nebraska DOT"}},{"type":"Feature","geometry":{"type":"Point","coordinates":[-100.56504,41.98077]},"properties":{"id":"ora-ne-172","name":"US 83: Thedford: Intersection","state":"NE","provider":"Nebraska DOT","hls":null,"snapshot":"https://dot511.nebraska.gov/images/vid-006083148-06.jpg?1783724040000","refreshMs":30000,"attribution":"Ora (Warner Varnado) · Nebraska DOT"}},{"type":"Feature","geometry":{"type":"Point","coordinates":[-100.56469,41.98111]},"properties":{"id":"ora-ne-173","name":"US 83: Thedford: Bridge","state":"NE","provider":"Nebraska DOT","hls":null,"snapshot":"https://dot511.nebraska.gov/images/vid-006083148-05.jpg?1783724040000","refreshMs":30000,"attribution":"Ora (Warner Varnado) · Nebraska DOT"}},{"type":"Feature","geometry":{"type":"Point","coordinates":[-100.52861,41.77772]},"properties":{"id":"ora-ne-174","name":"US 83: Dismal River Bridge: Bridge Deck","state":"NE","provider":"Nebraska DOT","hls":null,"snapshot":"https://dot511.nebraska.gov/images/vid-006083133-06.jpg?1783724040000","refreshMs":30000,"attribution":"Ora (Warner Varnado) · Nebraska DOT"}},{"type":"Feature","geometry":{"type":"Point","coordinates":[-100.75364,40.91564]},"properties":{"id":"ora-ne-175","name":"US 83: US 83 at MP 67: North","state":"NE","provider":"Nebraska DOT","hls":null,"snapshot":"https://dot511.nebraska.gov/images/vid-006083068-03.jpg?1783724040000","refreshMs":30000,"attribution":"Ora (Warner Varnado) · Nebraska DOT"}},{"type":"Feature","geometry":{"type":"Point","coordinates":[-100.71957,40.74011]},"properties":{"id":"ora-ne-176","name":"US 83: Hwy 83 Medicine Creek: 83 North","state":"NE","provider":"Nebraska DOT","hls":null,"snapshot":"https://dot511.nebraska.gov/images/vid-006083055-03.jpg?1783724040000","refreshMs":30000,"attribution":"Ora (Warner Varnado) · Nebraska DOT"}},{"type":"Feature","geometry":{"type":"Point","coordinates":[-100.57138,40.01595]},"properties":{"id":"ora-ne-177","name":"US 83: S of McCook: East","state":"NE","provider":"Nebraska DOT","hls":null,"snapshot":"https://dot511.nebraska.gov/images/vid-007083001-01.jpg?1783724040000","refreshMs":30000,"attribution":"Ora (Warner Varnado) · Nebraska DOT"}},{"type":"Feature","geometry":{"type":"Point","coordinates":[-97.40054,42.84464]},"properties":{"id":"ora-ne-178","name":"US 81: So Yankton: East","state":"NE","provider":"Nebraska DOT","hls":null,"snapshot":"https://dot511.nebraska.gov/images/vid-003081214-01.jpg?1783724040000","refreshMs":30000,"attribution":"Ora (Warner Varnado) · Nebraska DOT"}},{"type":"Feature","geometry":{"type":"Point","coordinates":[-97.42632,42.61282]},"properties":{"id":"ora-ne-179","name":"US 81: Hartington: East","state":"NE","provider":"Nebraska DOT","hls":null,"snapshot":"https://dot511.nebraska.gov/images/vid-003081197-01.jpg?1783724040000","refreshMs":30000,"attribution":"Ora (Warner Varnado) · Nebraska DOT"}},{"type":"Feature","geometry":{"type":"Point","coordinates":[-97.42633,42.46735]},"properties":{"id":"ora-ne-180","name":"US 81: Hwy 81 Magnet: Hwy 59 West","state":"NE","provider":"Nebraska DOT","hls":null,"snapshot":"https://dot511.nebraska.gov/images/vid-003081187-04.jpg?1783724040000","refreshMs":30000,"attribution":"Ora (Warner Varnado) · Nebraska DOT"}},{"type":"Feature","geometry":{"type":"Point","coordinates":[-97.42611,42.36554]},"properties":{"id":"ora-ne-181","name":"US 81: W of Randolph: 20 looking east","state":"NE","provider":"Nebraska DOT","hls":null,"snapshot":"https://dot511.nebraska.gov/images/vid-003081180-03.jpg?1783724040000","refreshMs":30000,"attribution":"Ora (Warner Varnado) · Nebraska DOT"}},{"type":"Feature","geometry":{"type":"Point","coordinates":[-97.44184,41.83418]},"properties":{"id":"ora-ne-182","name":"US 81: Madison: Junction","state":"NE","provider":"Nebraska DOT","hls":null,"snapshot":"https://dot511.nebraska.gov/images/vid-003081143-03.jpg?1783724040000","refreshMs":30000,"attribution":"Ora (Warner Varnado) · Nebraska DOT"}},{"type":"Feature","geometry":{"type":"Point","coordinates":[-97.46514,41.6132]},"properties":{"id":"ora-ne-183","name":"US 81: Tarnov: Junction","state":"NE","provider":"Nebraska DOT","hls":null,"snapshot":"https://dot511.nebraska.gov/images/vid-003081127-06.jpg?1783724040000","refreshMs":30000,"attribution":"Ora (Warner Varnado) · Nebraska DOT"}},{"type":"Feature","geometry":{"type":"Point","coordinates":[-97.44499,41.47638]},"properties":{"id":"ora-ne-184","name":"US 81: N of Columbus: Junction","state":"NE","provider":"Nebraska DOT","hls":null,"snapshot":"https://dot511.nebraska.gov/images/vid-003081117-06.jpg?1783724040000","refreshMs":30000,"attribution":"Ora (Warner Varnado) · Nebraska DOT"}},{"type":"Feature","geometry":{"type":"Point","coordinates":[-97.57645,40.25617]},"properties":{"id":"ora-ne-185","name":"US 81: W of Belvidere: Hwy 81 North","state":"NE","provider":"Nebraska DOT","hls":null,"snapshot":"https://dot511.nebraska.gov/images/vid-004081018-01.jpg?1783724040000","refreshMs":30000,"attribution":"Ora (Warner Varnado) · Nebraska DOT"}},{"type":"Feature","geometry":{"type":"Point","coordinates":[-97.61335,40.09517]},"properties":{"id":"ora-ne-186","name":"US 81: Hebron Scales: Various Views","state":"NE","provider":"Nebraska DOT","hls":null,"snapshot":"https://dot511.nebraska.gov/images/vid-004081006-00.jpg?1783724040000","refreshMs":30000,"attribution":"Ora (Warner Varnado) · Nebraska DOT"}},{"type":"Feature","geometry":{"type":"Point","coordinates":[-97.61047,40.00865]},"properties":{"id":"ora-ne-187","name":"US 81: Chester: N of NE-KS line","state":"NE","provider":"Nebraska DOT","hls":null,"snapshot":"https://dot511.nebraska.gov/images/vid-004081001-00.jpg?1783724040000","refreshMs":30000,"attribution":"Ora (Warner Varnado) · Nebraska DOT"}},{"type":"Feature","geometry":{"type":"Point","coordinates":[-96.42673,42.46246]},"properties":{"id":"ora-ne-188","name":"US 77: South Sioux City: East","state":"NE","provider":"Nebraska DOT","hls":null,"snapshot":"https://dot511.nebraska.gov/images/vid-003077187-01.jpg?1783724040000","refreshMs":30000,"attribution":"Ora (Warner Varnado) · Nebraska DOT"}},{"type":"Feature","geometry":{"type":"Point","coordinates":[-96.46313,42.00228]},"properties":{"id":"ora-ne-189","name":"US 77: Lyons: East","state":"NE","provider":"Nebraska DOT","hls":null,"snapshot":"https://dot511.nebraska.gov/images/vid-003077153-01.jpg?1783724040000","refreshMs":30000,"attribution":"Ora (Warner Varnado) · Nebraska DOT"}},{"type":"Feature","geometry":{"type":"Point","coordinates":[-96.46667,41.82371]},"properties":{"id":"ora-ne-190","name":"US 77: Oakland: East","state":"NE","provider":"Nebraska DOT","hls":null,"snapshot":"https://dot511.nebraska.gov/images/vid-003077141-01.jpg?1783724040000","refreshMs":30000,"attribution":"Ora (Warner Varnado) · Nebraska DOT"}},{"type":"Feature","geometry":{"type":"Point","coordinates":[-96.60058,41.23462]},"properties":{"id":"ora-ne-191","name":"US 77: Hwy 77 at Hwy 109 Wahoo: East","state":"NE","provider":"Nebraska DOT","hls":null,"snapshot":"https://dot511.nebraska.gov/images/vid-001077095-01.jpg?1783724040000","refreshMs":30000,"attribution":"Ora (Warner Varnado) · Nebraska DOT"}},{"type":"Feature","geometry":{"type":"Point","coordinates":[-96.636,41.20602]},"properties":{"id":"ora-ne-192","name":"US 77: Hwy 77 at Hwy 92 Wahoo: East","state":"NE","provider":"Nebraska DOT","hls":null,"snapshot":"https://dot511.nebraska.gov/images/vid-001077092-01.jpg?1783724040000","refreshMs":30000,"attribution":"Ora (Warner Varnado) · Nebraska DOT"}},{"type":"Feature","geometry":{"type":"Point","coordinates":[-96.64022,41.05802]},"properties":{"id":"ora-ne-193","name":"US 77: Ceresco: North","state":"NE","provider":"Nebraska DOT","hls":null,"snapshot":"https://dot511.nebraska.gov/images/vid-001077082-03.jpg?1783724040000","refreshMs":30000,"attribution":"Ora (Warner Varnado) · Nebraska DOT"}},{"type":"Feature","geometry":{"type":"Point","coordinates":[-96.64088,41.01114]},"properties":{"id":"ora-ne-194","name":"US 77: S of Ceresco: Intersection","state":"NE","provider":"Nebraska DOT","hls":null,"snapshot":"https://dot511.nebraska.gov/images/vid-001077079-06.jpg?1783724040000","refreshMs":30000,"attribution":"Ora (Warner Varnado) · Nebraska DOT"}},{"type":"Feature","geometry":{"type":"Point","coordinates":[-96.75064,40.80628]},"properties":{"id":"ora-ne-195","name":"US 77:  Lincoln BNSF Railyard: looking north","state":"NE","provider":"Nebraska DOT","hls":null,"snapshot":"https://dot511.nebraska.gov/images/vid-001077062-00.jpg?1783724040000","refreshMs":30000,"attribution":"Ora (Warner Varnado) · Nebraska DOT"}},{"type":"Feature","geometry":{"type":"Point","coordinates":[-96.73007,40.78751]},"properties":{"id":"ora-ne-196","name":"US 77: Van Dorn in Lincoln: Various Views","state":"NE","provider":"Nebraska DOT","hls":null,"snapshot":"https://dot511.nebraska.gov/images/vid-001077060-00.jpg?1783724040000","refreshMs":30000,"attribution":"Ora (Warner Varnado) · Nebraska DOT"}},{"type":"Feature","geometry":{"type":"Point","coordinates":[-96.72712,40.77093]},"properties":{"id":"ora-ne-197","name":"US 77: Pioneers blvd: Various Views","state":"NE","provider":"Nebraska DOT","hls":null,"snapshot":"https://dot511.nebraska.gov/images/vid-001077059-00.jpg?1783724040000","refreshMs":30000,"attribution":"Ora (Warner Varnado) · Nebraska DOT"}},{"type":"Feature","geometry":{"type":"Point","coordinates":[-96.71804,40.74305]},"properties":{"id":"ora-ne-198","name":"US 77: Ops Trailer 7: Various","state":"NE","provider":"Nebraska DOT","hls":null,"snapshot":"https://dot511.nebraska.gov/images/vid-opstrailer7.jpg?1783724040000","refreshMs":30000,"attribution":"Ora (Warner Varnado) · Nebraska DOT"}},{"type":"Feature","geometry":{"type":"Point","coordinates":[-96.70538,40.65385]},"properties":{"id":"ora-ne-199","name":"US 77: W of Roca: East","state":"NE","provider":"Nebraska DOT","hls":null,"snapshot":"https://dot511.nebraska.gov/images/vid-001077051-01.jpg?1783724040000","refreshMs":30000,"attribution":"Ora (Warner Varnado) · Nebraska DOT"}},{"type":"Feature","geometry":{"type":"Point","coordinates":[-96.73382,40.46516]},"properties":{"id":"ora-ne-200","name":"US 77: S of Cortland: North","state":"NE","provider":"Nebraska DOT","hls":null,"snapshot":"https://dot511.nebraska.gov/images/vid-001077037-03.jpg?1783724040000","refreshMs":30000,"attribution":"Ora (Warner Varnado) · Nebraska DOT"}},{"type":"Feature","geometry":{"type":"Point","coordinates":[-96.65218,40.04441]},"properties":{"id":"ora-ne-201","name":"US 77: S of Wymore: East","state":"NE","provider":"Nebraska DOT","hls":null,"snapshot":"https://dot511.nebraska.gov/images/vid-001077003-01.jpg?1783724040000","refreshMs":30000,"attribution":"Ora (Warner Varnado) · Nebraska DOT"}},{"type":"Feature","geometry":{"type":"Point","coordinates":[-96.47252,42.23118]},"properties":{"id":"ora-ne-202","name":"US 75: S of Winnebago: East","state":"NE","provider":"Nebraska DOT","hls":null,"snapshot":"https://dot511.nebraska.gov/images/vid-003075169-01.jpg?1783724040000","refreshMs":30000,"attribution":"Ora (Warner Varnado) · Nebraska DOT"}},{"type":"Feature","geometry":{"type":"Point","coordinates":[-96.22099,41.78552]},"properties":{"id":"ora-ne-203","name":"US 75: Tekamah: Looking north","state":"NE","provider":"Nebraska DOT","hls":null,"snapshot":"https://dot511.nebraska.gov/images/vid-003075133-03.jpg?1783724040000","refreshMs":30000,"attribution":"Ora (Warner Varnado) · Nebraska DOT"}},{"type":"Feature","geometry":{"type":"Point","coordinates":[-95.95216,41.26419]},"properties":{"id":"ora-ne-204","name":"US 75: Omaha: Various","state":"NE","provider":"Nebraska DOT","hls":null,"snapshot":"https://dot511.nebraska.gov/images/vid-0020759091-00.jpg?1783724040000","refreshMs":30000,"attribution":"Ora (Warner Varnado) · Nebraska DOT"}},{"type":"Feature","geometry":{"type":"Point","coordinates":[-95.95049,41.21238]},"properties":{"id":"ora-ne-205","name":"US 75: L St. in Omaha: Various Views","state":"NE","provider":"Nebraska DOT","hls":null,"snapshot":"https://dot511.nebraska.gov/images/vid-002075087-00.jpg?1783724040000","refreshMs":30000,"attribution":"Ora (Warner Varnado) · Nebraska DOT"}},{"type":"Feature","geometry":{"type":"Point","coordinates":[-95.94695,41.20098]},"properties":{"id":"ora-ne-206","name":"US 75: South Omaha: Various","state":"NE","provider":"Nebraska DOT","hls":null,"snapshot":"https://dot511.nebraska.gov/images/vid-00207508619-00.jpg?1783724040000","refreshMs":30000,"attribution":"Ora (Warner Varnado) · Nebraska DOT"}},{"type":"Feature","geometry":{"type":"Point","coordinates":[-95.94276,41.19697]},"properties":{"id":"ora-ne-207","name":"US 75: Gilmore Bridge in Omaha: Various Views","state":"NE","provider":"Nebraska DOT","hls":null,"snapshot":"https://dot511.nebraska.gov/images/vid-002075086-00.jpg?1783724040000","refreshMs":30000,"attribution":"Ora (Warner Varnado) · Nebraska DOT"}},{"type":"Feature","geometry":{"type":"Point","coordinates":[-95.93959,41.17648]},"properties":{"id":"ora-ne-208","name":"US 75: Childs Rd in Bellevue: Various","state":"NE","provider":"Nebraska DOT","hls":null,"snapshot":"https://dot511.nebraska.gov/images/vid-00207508445-00.jpg?1783724040000","refreshMs":30000,"attribution":"Ora (Warner Varnado) · Nebraska DOT"}},{"type":"Feature","geometry":{"type":"Point","coordinates":[-95.93871,41.15898]},"properties":{"id":"ora-ne-209","name":"US 75: Cornhusker Rd in Bellevue: Various","state":"NE","provider":"Nebraska DOT","hls":null,"snapshot":"https://dot511.nebraska.gov/images/vid-00207508324-00.jpg?1783724040000","refreshMs":30000,"attribution":"Ora (Warner Varnado) · Nebraska DOT"}},{"type":"Feature","geometry":{"type":"Point","coordinates":[-95.93701,41.14015]},"properties":{"id":"ora-ne-210","name":"US 75: Bellevue: Various","state":"NE","provider":"Nebraska DOT","hls":null,"snapshot":"https://dot511.nebraska.gov/images/vid-0020275081.96-00.jpg?1783724040000","refreshMs":30000,"attribution":"Ora (Warner Varnado) · Nebraska DOT"}},{"type":"Feature","geometry":{"type":"Point","coordinates":[-95.93452,41.11745]},"properties":{"id":"ora-ne-211","name":"US 75: Capehart Rd in Bellevue: Various","state":"NE","provider":"Nebraska DOT","hls":null,"snapshot":"https://dot511.nebraska.gov/images/VID-00207508032-00.jpg?1783724040000","refreshMs":30000,"attribution":"Ora (Warner Varnado) · Nebraska DOT"}},{"type":"Feature","geometry":{"type":"Point","coordinates":[-95.92929,41.101]},"properties":{"id":"ora-ne-212","name":"US 75: Fairview: Various","state":"NE","provider":"Nebraska DOT","hls":null,"snapshot":"https://dot511.nebraska.gov/images/vid-0020757900-01.jpg?1783724040000","refreshMs":30000,"attribution":"Ora (Warner Varnado) · Nebraska DOT"}},{"type":"Feature","geometry":{"type":"Point","coordinates":[-95.89601,40.66886]},"properties":{"id":"ora-ne-213","name":"US 75: NE City: East","state":"NE","provider":"Nebraska DOT","hls":null,"snapshot":"https://dot511.nebraska.gov/images/vid-001075048-01.jpg?1783724040000","refreshMs":30000,"attribution":"Ora (Warner Varnado) · Nebraska DOT"}},{"type":"Feature","geometry":{"type":"Point","coordinates":[-95.85947,40.6531]},"properties":{"id":"ora-ne-214","name":"US 75: Hwy 2 at 75 South: East","state":"NE","provider":"Nebraska DOT","hls":null,"snapshot":"https://dot511.nebraska.gov/images/vid-001075046-01.jpg?1783724040000","refreshMs":30000,"attribution":"Ora (Warner Varnado) · Nebraska DOT"}},{"type":"Feature","geometry":{"type":"Point","coordinates":[-95.85759,40.50884]},"properties":{"id":"ora-ne-215","name":"US 75: S of Julian Spur S64A: Hwy 75 North","state":"NE","provider":"Nebraska DOT","hls":null,"snapshot":"https://dot511.nebraska.gov/images/vid-001075036-03.jpg?1783724040000","refreshMs":30000,"attribution":"Ora (Warner Varnado) · Nebraska DOT"}},{"type":"Feature","geometry":{"type":"Point","coordinates":[-95.82282,40.05876]},"properties":{"id":"ora-ne-216","name":"US 75: S of Dawson: East","state":"NE","provider":"Nebraska DOT","hls":null,"snapshot":"https://dot511.nebraska.gov/images/vid-001075004-01.jpg?1783724040000","refreshMs":30000,"attribution":"Ora (Warner Varnado) · Nebraska DOT"}},{"type":"Feature","geometry":{"type":"Point","coordinates":[-95.88747,41.07351]},"properties":{"id":"ora-ne-217","name":"US 34: La Platte East: Various","state":"NE","provider":"Nebraska DOT","hls":null,"snapshot":"https://dot511.nebraska.gov/images/vid-002034387-00.jpg?1783724040000","refreshMs":30000,"attribution":"Ora (Warner Varnado) · Nebraska DOT"}},{"type":"Feature","geometry":{"type":"Point","coordinates":[-95.92801,41.08214]},"properties":{"id":"ora-ne-218","name":"US 34: La Platte: Various","state":"NE","provider":"Nebraska DOT","hls":null,"snapshot":"https://dot511.nebraska.gov/images/vid-002034385-00.jpg?1783724040000","refreshMs":30000,"attribution":"Ora (Warner Varnado) · Nebraska DOT"}},{"type":"Feature","geometry":{"type":"Point","coordinates":[-95.90926,41.00193]},"properties":{"id":"ora-ne-219","name":"US 34: Plattsmouth Yard: Various","state":"NE","provider":"Nebraska DOT","hls":null,"snapshot":"https://dot511.nebraska.gov/images/vid-002034379-00.jpg?1783724040000","refreshMs":30000,"attribution":"Ora (Warner Varnado) · Nebraska DOT"}},{"type":"Feature","geometry":{"type":"Point","coordinates":[-95.91207,40.81315]},"properties":{"id":"ora-ne-220","name":"US 34: US 34 at US 75: Home","state":"NE","provider":"Nebraska DOT","hls":null,"snapshot":"https://dot511.nebraska.gov/images/vid-001034366-06.jpg?1783724040000","refreshMs":30000,"attribution":"Ora (Warner Varnado) · Nebraska DOT"}},{"type":"Feature","geometry":{"type":"Point","coordinates":[-96.17861,40.81302]},"properties":{"id":"ora-ne-221","name":"US 34: US 34 at Hwy 50: East","state":"NE","provider":"Nebraska DOT","hls":null,"snapshot":"https://dot511.nebraska.gov/images/vid-001034352-01.jpg?1783724040000","refreshMs":30000,"attribution":"Ora (Warner Varnado) · Nebraska DOT"}},{"type":"Feature","geometry":{"type":"Point","coordinates":[-101.5451,40.02178]},"properties":{"id":"ora-ne-222","name":"US 34: Benkelman: North","state":"NE","provider":"Nebraska DOT","hls":null,"snapshot":"https://dot511.nebraska.gov/images/vid-007034028-03.jpg?1783724040000","refreshMs":30000,"attribution":"Ora (Warner Varnado) · Nebraska DOT"}},{"type":"Feature","geometry":{"type":"Point","coordinates":[-101.9674,40.02876]},"properties":{"id":"ora-ne-223","name":"US 34: Arikaree River W of Haigler: Bridge Deck","state":"NE","provider":"Nebraska DOT","hls":null,"snapshot":"https://dot511.nebraska.gov/images/vid-007034005-06.jpg?1783724040000","refreshMs":30000,"attribution":"Ora (Warner Varnado) · Nebraska DOT"}},{"type":"Feature","geometry":{"type":"Point","coordinates":[-96.14569,41.51948]},"properties":{"id":"ora-ne-224","name":"US 30: Blair Roundabout: Various","state":"NE","provider":"Nebraska DOT","hls":null,"snapshot":"https://dot511.nebraska.gov/images/vid-002034465-00.jpg?1783724040000","refreshMs":30000,"attribution":"Ora (Warner Varnado) · Nebraska DOT"}},{"type":"Feature","geometry":{"type":"Point","coordinates":[-96.92169,41.46684]},"properties":{"id":"ora-ne-225","name":"US 30: W of Rogers: East","state":"NE","provider":"Nebraska DOT","hls":null,"snapshot":"https://dot511.nebraska.gov/images/vid-003030404-01.jpg?1783724040000","refreshMs":30000,"attribution":"Ora (Warner Varnado) · Nebraska DOT"}},{"type":"Feature","geometry":{"type":"Point","coordinates":[-97.36822,41.43873]},"properties":{"id":"ora-ne-226","name":"US 30: Columbus: East","state":"NE","provider":"Nebraska DOT","hls":null,"snapshot":"https://dot511.nebraska.gov/images/vid-003030379-01.jpg?1783724040000","refreshMs":30000,"attribution":"Ora (Warner Varnado) · Nebraska DOT"}},{"type":"Feature","geometry":{"type":"Point","coordinates":[-99.52293,40.73647]},"properties":{"id":"ora-ne-227","name":"US 30: Overton: Bridge","state":"NE","provider":"Nebraska DOT","hls":null,"snapshot":"https://dot511.nebraska.gov/images/vid-006030248-05.jpg?1783724040000","refreshMs":30000,"attribution":"Ora (Warner Varnado) · Nebraska DOT"}},{"type":"Feature","geometry":{"type":"Point","coordinates":[-100.3735,41.02647]},"properties":{"id":"ora-ne-228","name":"US 30: West Brady: East","state":"NE","provider":"Nebraska DOT","hls":null,"snapshot":"https://dot511.nebraska.gov/images/vid-006030200-01.jpg?1783724040000","refreshMs":30000,"attribution":"Ora (Warner Varnado) · Nebraska DOT"}},{"type":"Feature","geometry":{"type":"Point","coordinates":[-100.523,41.07848]},"properties":{"id":"ora-ne-229","name":"US 30: West Maxwell: Bridge","state":"NE","provider":"Nebraska DOT","hls":null,"snapshot":"https://dot511.nebraska.gov/images/vid-006030190-05.jpg?1783724040000","refreshMs":30000,"attribution":"Ora (Warner Varnado) · Nebraska DOT"}},{"type":"Feature","geometry":{"type":"Point","coordinates":[-101.00936,41.1625]},"properties":{"id":"ora-ne-230","name":"US 30: W of Hershey: East","state":"NE","provider":"Nebraska DOT","hls":null,"snapshot":"https://dot511.nebraska.gov/images/vid-006030164-01.jpg?1783724040000","refreshMs":30000,"attribution":"Ora (Warner Varnado) · Nebraska DOT"}},{"type":"Feature","geometry":{"type":"Point","coordinates":[-101.12103,41.15734]},"properties":{"id":"ora-ne-231","name":"US 30: Sutherland: Bridge","state":"NE","provider":"Nebraska DOT","hls":null,"snapshot":"https://dot511.nebraska.gov/images/vid-006030157-06.jpg?1783724040000","refreshMs":30000,"attribution":"Ora (Warner Varnado) · Nebraska DOT"}},{"type":"Feature","geometry":{"type":"Point","coordinates":[-101.12103,41.15734]},"properties":{"id":"ora-ne-232","name":"US 30: Sutherland: Bridge","state":"NE","provider":"Nebraska DOT","hls":null,"snapshot":"https://dot511.nebraska.gov/images/vid-006030157-06.jpg?1783724040000","refreshMs":30000,"attribution":"Ora (Warner Varnado) · Nebraska DOT"}},{"type":"Feature","geometry":{"type":"Point","coordinates":[-102.09041,41.23728]},"properties":{"id":"ora-ne-233","name":"US 26: E. Lewellen: East","state":"NE","provider":"Nebraska DOT","hls":null,"snapshot":"https://dot511.nebraska.gov/images/vid-006026125-01.jpg?1783724040000","refreshMs":30000,"attribution":"Ora (Warner Varnado) · Nebraska DOT"}},{"type":"Feature","geometry":{"type":"Point","coordinates":[-102.12551,41.31101]},"properties":{"id":"ora-ne-234","name":"US 26: Ash Hollow: 26 North","state":"NE","provider":"Nebraska DOT","hls":null,"snapshot":"https://dot511.nebraska.gov/images/vid-006026119-03.jpg?1783724040000","refreshMs":30000,"attribution":"Ora (Warner Varnado) · Nebraska DOT"}},{"type":"Feature","geometry":{"type":"Point","coordinates":[-102.37273,41.41861]},"properties":{"id":"ora-ne-235","name":"US 26: Oshkosh: Hwy 26 West","state":"NE","provider":"Nebraska DOT","hls":null,"snapshot":"https://dot511.nebraska.gov/images/vid-005026104-02.jpg?1783724040000","refreshMs":30000,"attribution":"Ora (Warner Varnado) · Nebraska DOT"}},{"type":"Feature","geometry":{"type":"Point","coordinates":[-102.75412,41.56417]},"properties":{"id":"ora-ne-236","name":"US 26: Lisco: East","state":"NE","provider":"Nebraska DOT","hls":null,"snapshot":"https://dot511.nebraska.gov/images/vid-005026082-01.jpg?1783724040000","refreshMs":30000,"attribution":"Ora (Warner Varnado) · Nebraska DOT"}},{"type":"Feature","geometry":{"type":"Point","coordinates":[-103.32825,41.81651]},"properties":{"id":"ora-ne-237","name":"US 26: N of Bayard: Hwy 26 South","state":"NE","provider":"Nebraska DOT","hls":null,"snapshot":"https://dot511.nebraska.gov/images/vid-005026042-04.jpg?1783724040000","refreshMs":30000,"attribution":"Ora (Warner Varnado) · Nebraska DOT"}},{"type":"Feature","geometry":{"type":"Point","coordinates":[-103.73977,41.91425]},"properties":{"id":"ora-ne-238","name":"US 26: Hwy 26 W of Scottsbluff: Hwy 26 East","state":"NE","provider":"Nebraska DOT","hls":null,"snapshot":"https://dot511.nebraska.gov/images/vid-005026018-01.jpg?1783724040000","refreshMs":30000,"attribution":"Ora (Warner Varnado) · Nebraska DOT"}},{"type":"Feature","geometry":{"type":"Point","coordinates":[-104.04849,42.00111]},"properties":{"id":"ora-ne-239","name":"US 26: Hwy 26 NE-WY Line: Hwy 26 East","state":"NE","provider":"Nebraska DOT","hls":null,"snapshot":"https://dot511.nebraska.gov/images/vid-005026000-01.jpg?1783724040000","refreshMs":30000,"attribution":"Ora (Warner Varnado) · Nebraska DOT"}},{"type":"Feature","geometry":{"type":"Point","coordinates":[-96.84403,42.46698]},"properties":{"id":"ora-ne-240","name":"US 20: Allen: East","state":"NE","provider":"Nebraska DOT","hls":null,"snapshot":"https://dot511.nebraska.gov/images/vid-003020407-01.jpg?1783724040000","refreshMs":30000,"attribution":"Ora (Warner Varnado) · Nebraska DOT"}},{"type":"Feature","geometry":{"type":"Point","coordinates":[-98.02908,42.34701]},"properties":{"id":"ora-ne-241","name":"US 20: E of Royal: 14 looking north","state":"NE","provider":"Nebraska DOT","hls":null,"snapshot":"https://dot511.nebraska.gov/images/vid-003020343-06.jpg?1783724040000","refreshMs":30000,"attribution":"Ora (Warner Varnado) · Nebraska DOT"}},{"type":"Feature","geometry":{"type":"Point","coordinates":[-98.46214,42.33842]},"properties":{"id":"ora-ne-242","name":"US 20: Inman: East","state":"NE","provider":"Nebraska DOT","hls":null,"snapshot":"https://dot511.nebraska.gov/images/vid-008020320-01.jpg?1783724040000","refreshMs":30000,"attribution":"Ora (Warner Varnado) · Nebraska DOT"}},{"type":"Feature","geometry":{"type":"Point","coordinates":[-99.28465,42.59387]},"properties":{"id":"ora-ne-243","name":"US 20: E of Newport: 20 looking east","state":"NE","provider":"Nebraska DOT","hls":null,"snapshot":"https://dot511.nebraska.gov/images/vid-008020272-01.jpg?1783724040000","refreshMs":30000,"attribution":"Ora (Warner Varnado) · Nebraska DOT"}},{"type":"Feature","geometry":{"type":"Point","coordinates":[-99.70165,42.54731]},"properties":{"id":"ora-ne-244","name":"US 20: Long Pine: Bridge","state":"NE","provider":"Nebraska DOT","hls":null,"snapshot":"https://dot511.nebraska.gov/images/vid-008020250-06.jpg?1783724040000","refreshMs":30000,"attribution":"Ora (Warner Varnado) · Nebraska DOT"}},{"type":"Feature","geometry":{"type":"Point","coordinates":[-100.24571,42.63829]},"properties":{"id":"ora-ne-245","name":"US 20: Wood Lake: East","state":"NE","provider":"Nebraska DOT","hls":null,"snapshot":"https://dot511.nebraska.gov/images/vid-008020221-01.jpg?1783724040000","refreshMs":30000,"attribution":"Ora (Warner Varnado) · Nebraska DOT"}},{"type":"Feature","geometry":{"type":"Point","coordinates":[-100.50422,42.80735]},"properties":{"id":"ora-ne-246","name":"US 20: East Valentne: East","state":"NE","provider":"Nebraska DOT","hls":null,"snapshot":"https://dot511.nebraska.gov/images/vid-008020202-01.jpg?1783724040000","refreshMs":30000,"attribution":"Ora (Warner Varnado) · Nebraska DOT"}},{"type":"Feature","geometry":{"type":"Point","coordinates":[-101.10469,42.92777]},"properties":{"id":"ora-ne-247","name":"US 20: Nenzel: East","state":"NE","provider":"Nebraska DOT","hls":null,"snapshot":"https://dot511.nebraska.gov/images/vid-008020167-01.jpg?1783724040000","refreshMs":30000,"attribution":"Ora (Warner Varnado) · Nebraska DOT"}},{"type":"Feature","geometry":{"type":"Point","coordinates":[-102.07727,42.79992]},"properties":{"id":"ora-ne-248","name":"US 20: Gordon: 20 looking far West","state":"NE","provider":"Nebraska DOT","hls":null,"snapshot":"https://dot511.nebraska.gov/images/vid-008020112-06.jpg?1783724040000","refreshMs":30000,"attribution":"Ora (Warner Varnado) · Nebraska DOT"}},{"type":"Feature","geometry":{"type":"Point","coordinates":[-102.49657,42.71525]},"properties":{"id":"ora-ne-249","name":"US 20: Rushville: Hwy 20 East","state":"NE","provider":"Nebraska DOT","hls":null,"snapshot":"https://dot511.nebraska.gov/images/vid-005020090-01.jpg?1783724040000","refreshMs":30000,"attribution":"Ora (Warner Varnado) · Nebraska DOT"}},{"type":"Feature","geometry":{"type":"Point","coordinates":[-102.77086,42.72551]},"properties":{"id":"ora-ne-250","name":"US 20: W of Hay Springs: Hwy 20 East","state":"NE","provider":"Nebraska DOT","hls":null,"snapshot":"https://dot511.nebraska.gov/images/vid-005020074-01.jpg?1783724040000","refreshMs":30000,"attribution":"Ora (Warner Varnado) · Nebraska DOT"}},{"type":"Feature","geometry":{"type":"Point","coordinates":[-103.25652,42.75623]},"properties":{"id":"ora-ne-251","name":"US 20: Whitney Spur: Hwy 20 East","state":"NE","provider":"Nebraska DOT","hls":null,"snapshot":"https://dot511.nebraska.gov/images/vid-005020045-01.jpg?1783724040000","refreshMs":30000,"attribution":"Ora (Warner Varnado) · Nebraska DOT"}},{"type":"Feature","geometry":{"type":"Point","coordinates":[-103.70622,42.68325]},"properties":{"id":"ora-ne-252","name":"US 20: E of Harrison: Hwy 20 East","state":"NE","provider":"Nebraska DOT","hls":null,"snapshot":"https://dot511.nebraska.gov/images/vid-005020019-01.jpg?1783724040000","refreshMs":30000,"attribution":"Ora (Warner Varnado) · Nebraska DOT"}},{"type":"Feature","geometry":{"type":"Point","coordinates":[-103.89478,42.69027]},"properties":{"id":"ora-ne-253","name":"US 20: Harrison : Hwy 20 East","state":"NE","provider":"Nebraska DOT","hls":null,"snapshot":"https://dot511.nebraska.gov/images/vid-005020008-01.jpg?1783724040000","refreshMs":30000,"attribution":"Ora (Warner Varnado) · Nebraska DOT"}},{"type":"Feature","geometry":{"type":"Point","coordinates":[-96.07673,41.26328]},"properties":{"id":"ora-ne-254","name":"US 6: West Dodge at 102nd: Various vies","state":"NE","provider":"Nebraska DOT","hls":null,"snapshot":"https://dot511.nebraska.gov/images/vid-002006365-00.jpg?1783724040000","refreshMs":30000,"attribution":"Ora (Warner Varnado) · Nebraska DOT"}},{"type":"Feature","geometry":{"type":"Point","coordinates":[-96.0971,41.26301]},"properties":{"id":"ora-ne-255","name":"US 6: West Dodge at 118th: Various","state":"NE","provider":"Nebraska DOT","hls":null,"snapshot":"https://dot511.nebraska.gov/images/vid-00200636420-00.jpg?1783724040000","refreshMs":30000,"attribution":"Ora (Warner Varnado) · Nebraska DOT"}},{"type":"Feature","geometry":{"type":"Point","coordinates":[-96.1124,41.26305]},"properties":{"id":"ora-ne-256","name":"US 6: W Dodge at 128th: Various","state":"NE","provider":"Nebraska DOT","hls":null,"snapshot":"https://dot511.nebraska.gov/images/vid-002006363-00.jpg?1783724040000","refreshMs":30000,"attribution":"Ora (Warner Varnado) · Nebraska DOT"}},{"type":"Feature","geometry":{"type":"Point","coordinates":[-96.13861,41.26305]},"properties":{"id":"ora-ne-257","name":"US 6: Dodge St at 144th: various views","state":"NE","provider":"Nebraska DOT","hls":null,"snapshot":"https://dot511.nebraska.gov/images/vid-00200636193-00.jpg?1783724040000","refreshMs":30000,"attribution":"Ora (Warner Varnado) · Nebraska DOT"}},{"type":"Feature","geometry":{"type":"Point","coordinates":[-96.15801,41.26297]},"properties":{"id":"ora-ne-258","name":"US 6: Dodge St at 156th : Various Views","state":"NE","provider":"Nebraska DOT","hls":null,"snapshot":"https://dot511.nebraska.gov/images/vid-002006361-00.jpg?1783724040000","refreshMs":30000,"attribution":"Ora (Warner Varnado) · Nebraska DOT"}},{"type":"Feature","geometry":{"type":"Point","coordinates":[-96.17929,41.26292]},"properties":{"id":"ora-ne-259","name":"US 6: Dodge St at 168th: Various","state":"NE","provider":"Nebraska DOT","hls":null,"snapshot":"https://dot511.nebraska.gov/images/vid-002006360-00.jpg?1783724040000","refreshMs":30000,"attribution":"Ora (Warner Varnado) · Nebraska DOT"}},{"type":"Feature","geometry":{"type":"Point","coordinates":[-96.2156,41.26288]},"properties":{"id":"ora-ne-260","name":"US 6: 192nd St: Various","state":"NE","provider":"Nebraska DOT","hls":null,"snapshot":"https://dot511.nebraska.gov/images/vid-00200635820-00.jpg?1783724040000","refreshMs":30000,"attribution":"Ora (Warner Varnado) · Nebraska DOT"}},{"type":"Feature","geometry":{"type":"Point","coordinates":[-96.23426,41.2622]},"properties":{"id":"ora-ne-261","name":"US 6: Dodge St at 204th St Underpass: Various","state":"NE","provider":"Nebraska DOT","hls":null,"snapshot":"https://dot511.nebraska.gov/images/vid-00200635691-00.jpg?1783724040000","refreshMs":30000,"attribution":"Ora (Warner Varnado) · Nebraska DOT"}},{"type":"Feature","geometry":{"type":"Point","coordinates":[-96.2343,41.2621]},"properties":{"id":"ora-ne-262","name":"US 6: 204th St Upper: Various","state":"NE","provider":"Nebraska DOT","hls":null,"snapshot":"https://dot511.nebraska.gov/images/vid-00200635693-00.jpg?1783724040000","refreshMs":30000,"attribution":"Ora (Warner Varnado) · Nebraska DOT"}},{"type":"Feature","geometry":{"type":"Point","coordinates":[-96.92946,40.8139]},"properties":{"id":"ora-ne-263","name":"US 6: US 6 at Hwy 103: East","state":"NE","provider":"Nebraska DOT","hls":null,"snapshot":"https://dot511.nebraska.gov/images/vid-001006302-01.jpg?1783724040000","refreshMs":30000,"attribution":"Ora (Warner Varnado) · Nebraska DOT"}},{"type":"Feature","geometry":{"type":"Point","coordinates":[-99.08467,40.48404]},"properties":{"id":"ora-ne-264","name":"US 6: Axtell: East","state":"NE","provider":"Nebraska DOT","hls":null,"snapshot":"https://dot511.nebraska.gov/images/vid-007006174-01.jpg?1783724040000","refreshMs":30000,"attribution":"Ora (Warner Varnado) · Nebraska DOT"}},{"type":"Feature","geometry":{"type":"Point","coordinates":[-99.63022,40.30721]},"properties":{"id":"ora-ne-265","name":"US 6: Oxford Intersection: East","state":"NE","provider":"Nebraska DOT","hls":null,"snapshot":"https://dot511.nebraska.gov/images/vid-007006140-01.jpg?1783724040000","refreshMs":30000,"attribution":"Ora (Warner Varnado) · Nebraska DOT"}},{"type":"Feature","geometry":{"type":"Point","coordinates":[-100.88653,40.23436]},"properties":{"id":"ora-ne-266","name":"US 6: W of Culbertson: 6 looking east","state":"NE","provider":"Nebraska DOT","hls":null,"snapshot":"https://dot511.nebraska.gov/images/vid-007006072-01.jpg?1783724040000","refreshMs":30000,"attribution":"Ora (Warner Varnado) · Nebraska DOT"}},{"type":"Feature","geometry":{"type":"Point","coordinates":[-101.51737,40.43298]},"properties":{"id":"ora-ne-267","name":"US 6: Near Enders: North","state":"NE","provider":"Nebraska DOT","hls":null,"snapshot":"https://dot511.nebraska.gov/images/vid-007006034-03.jpg?1783724040000","refreshMs":30000,"attribution":"Ora (Warner Varnado) · Nebraska DOT"}},{"type":"Feature","geometry":{"type":"Point","coordinates":[-95.96748,41.13929]},"properties":{"id":"ora-ne-268","name":"NE 370: Hwy 370 @ 36 St: Various","state":"NE","provider":"Nebraska DOT","hls":null,"snapshot":"https://dot511.nebraska.gov/images/vid-00237014370-00.jpg?1783724040000","refreshMs":30000,"attribution":"Ora (Warner Varnado) · Nebraska DOT"}},{"type":"Feature","geometry":{"type":"Point","coordinates":[-95.98593,41.14005]},"properties":{"id":"ora-ne-269","name":"NE 370: Hwy 370 @ 48 St: Various","state":"NE","provider":"Nebraska DOT","hls":null,"snapshot":"https://dot511.nebraska.gov/images/vid-002370134100-00.jpg?1783724040000","refreshMs":30000,"attribution":"Ora (Warner Varnado) · Nebraska DOT"}},{"type":"Feature","geometry":{"type":"Point","coordinates":[-96.02387,41.13736]},"properties":{"id":"ora-ne-270","name":"NE 370: NE 370 @ 72nd St: Various","state":"NE","provider":"Nebraska DOT","hls":null,"snapshot":"https://dot511.nebraska.gov/images/vid-0023701140-00.jpg?1783724040000","refreshMs":30000,"attribution":"Ora (Warner Varnado) · Nebraska DOT"}},{"type":"Feature","geometry":{"type":"Point","coordinates":[-96.04347,41.13992]},"properties":{"id":"ora-ne-271","name":"NE 370: Papillion 84th St: Intersection","state":"NE","provider":"Nebraska DOT","hls":null,"snapshot":"https://dot511.nebraska.gov/images/vid-0023701039-00.jpg?1783724040000","refreshMs":30000,"attribution":"Ora (Warner Varnado) · Nebraska DOT"}},{"type":"Feature","geometry":{"type":"Point","coordinates":[-96.1046,41.14723]},"properties":{"id":"ora-ne-272","name":"NE 370: 120th St: Various","state":"NE","provider":"Nebraska DOT","hls":null,"snapshot":"https://dot511.nebraska.gov/images/vid-00237000700-00.jpg?1783724040000","refreshMs":30000,"attribution":"Ora (Warner Varnado) · Nebraska DOT"}},{"type":"Feature","geometry":{"type":"Point","coordinates":[-96.11911,41.14731]},"properties":{"id":"ora-ne-273","name":"NE 370: Hwy 370 @ 132 St: Various","state":"NE","provider":"Nebraska DOT","hls":null,"snapshot":"https://dot511.nebraska.gov/images/vid-0023700624-00.jpg?1783724040000","refreshMs":30000,"attribution":"Ora (Warner Varnado) · Nebraska DOT"}},{"type":"Feature","geometry":{"type":"Point","coordinates":[-96.11911,41.14731]},"properties":{"id":"ora-ne-274","name":"NE 370: NE 370 @ 132nd St: Various","state":"NE","provider":"Nebraska DOT","hls":null,"snapshot":"https://dot511.nebraska.gov/images/vid-0023700624-00.jpg?1783724040000","refreshMs":30000,"attribution":"Ora (Warner Varnado) · Nebraska DOT"}},{"type":"Feature","geometry":{"type":"Point","coordinates":[-96.13938,41.1473]},"properties":{"id":"ora-ne-275","name":"NE 370: E of Gretna: North","state":"NE","provider":"Nebraska DOT","hls":null,"snapshot":"https://dot511.nebraska.gov/images/vid-002370519-00.jpg?1783724040000","refreshMs":30000,"attribution":"Ora (Warner Varnado) · Nebraska DOT"}},{"type":"Feature","geometry":{"type":"Point","coordinates":[-96.15649,41.14702]},"properties":{"id":"ora-ne-276","name":"NE 370: Hwy 370 @ I80: Various","state":"NE","provider":"Nebraska DOT","hls":null,"snapshot":"https://dot511.nebraska.gov/images/vid-00237000410-00.jpg?1783724040000","refreshMs":30000,"attribution":"Ora (Warner Varnado) · Nebraska DOT"}},{"type":"Feature","geometry":{"type":"Point","coordinates":[-96.16058,41.147]},"properties":{"id":"ora-ne-277","name":"NE 370: NE 370 @ I-80 WB: Various","state":"NE","provider":"Nebraska DOT","hls":null,"snapshot":"https://dot511.nebraska.gov/images/vid-00237000408-00.jpg?1783724040000","refreshMs":30000,"attribution":"Ora (Warner Varnado) · Nebraska DOT"}},{"type":"Feature","geometry":{"type":"Point","coordinates":[-96.16212,41.14699]},"properties":{"id":"ora-ne-278","name":"NE 370: Wickersham Blvd: Various","state":"NE","provider":"Nebraska DOT","hls":null,"snapshot":"https://dot511.nebraska.gov/images/vid-00237003980-00.jpg?1783724040000","refreshMs":30000,"attribution":"Ora (Warner Varnado) · Nebraska DOT"}},{"type":"Feature","geometry":{"type":"Point","coordinates":[-96.1868,41.14685]},"properties":{"id":"ora-ne-279","name":"NE 370: 174 St: Various","state":"NE","provider":"Nebraska DOT","hls":null,"snapshot":"https://dot511.nebraska.gov/images/vid-00237000272-00.jpg?1783724040000","refreshMs":30000,"attribution":"Ora (Warner Varnado) · Nebraska DOT"}},{"type":"Feature","geometry":{"type":"Point","coordinates":[-102.44284,42.40806]},"properties":{"id":"ora-ne-280","name":"NE 250: Smith Lake","state":"NE","provider":"Nebraska DOT","hls":null,"snapshot":"https://dot511.nebraska.gov/images/vid-005250026-06.jpg?1783724040000","refreshMs":30000,"attribution":"Ora (Warner Varnado) · Nebraska DOT"}},{"type":"Feature","geometry":{"type":"Point","coordinates":[-100.89663,42.46752]},"properties":{"id":"ora-ne-281","name":"NE 97: Brownlee Rd S of Valentine : 97 looking north","state":"NE","provider":"Nebraska DOT","hls":null,"snapshot":"https://dot511.nebraska.gov/images/vid-006097102-03.jpg?1783724040000","refreshMs":30000,"attribution":"Ora (Warner Varnado) · Nebraska DOT"}},{"type":"Feature","geometry":{"type":"Point","coordinates":[-101.03669,41.84164]},"properties":{"id":"ora-ne-282","name":"NE 97: Dismal River S of Mullen: Bridge","state":"NE","provider":"Nebraska DOT","hls":null,"snapshot":"https://dot511.nebraska.gov/images/vid-006097053-06.jpg?1783724040000","refreshMs":30000,"attribution":"Ora (Warner Varnado) · Nebraska DOT"}},{"type":"Feature","geometry":{"type":"Point","coordinates":[-100.07892,41.48025]},"properties":{"id":"ora-ne-283","name":"NE 92: Arnold East: Hwy 92 East","state":"NE","provider":"Nebraska DOT","hls":null,"snapshot":"https://dot511.nebraska.gov/images/vid-006092257-01.jpg?1783724040000","refreshMs":30000,"attribution":"Ora (Warner Varnado) · Nebraska DOT"}},{"type":"Feature","geometry":{"type":"Point","coordinates":[-100.85124,41.52367]},"properties":{"id":"ora-ne-284","name":"NE 92: Ringgold: East","state":"NE","provider":"Nebraska DOT","hls":null,"snapshot":"https://dot511.nebraska.gov/images/vid-006092213-01.jpg?1783724040000","refreshMs":30000,"attribution":"Ora (Warner Varnado) · Nebraska DOT"}},{"type":"Feature","geometry":{"type":"Point","coordinates":[-100.96312,41.55313]},"properties":{"id":"ora-ne-285","name":"NE 92: Tryon: 92 surface","state":"NE","provider":"Nebraska DOT","hls":null,"snapshot":"https://dot511.nebraska.gov/images/vid-006092203-05.jpg?1783724040000","refreshMs":30000,"attribution":"Ora (Warner Varnado) · Nebraska DOT"}},{"type":"Feature","geometry":{"type":"Point","coordinates":[-101.38169,41.57014]},"properties":{"id":"ora-ne-286","name":"NE 92: Bucktail (Arthur East): 92 East","state":"NE","provider":"Nebraska DOT","hls":null,"snapshot":"https://dot511.nebraska.gov/images/vid-006092184-01.jpg?1783724040000","refreshMs":30000,"attribution":"Ora (Warner Varnado) · Nebraska DOT"}},{"type":"Feature","geometry":{"type":"Point","coordinates":[-99.86054,41.93179]},"properties":{"id":"ora-ne-287","name":"NE 91: E of Brewster: East","state":"NE","provider":"Nebraska DOT","hls":null,"snapshot":"https://dot511.nebraska.gov/images/vid-008091015-01.jpg?1783724040000","refreshMs":30000,"attribution":"Ora (Warner Varnado) · Nebraska DOT"}},{"type":"Feature","geometry":{"type":"Point","coordinates":[-100.15536,40.1039]},"properties":{"id":"ora-ne-288","name":"NE 89: Near Wilsonville: East","state":"NE","provider":"Nebraska DOT","hls":null,"snapshot":"https://dot511.nebraska.gov/images/vid-007089023-01.jpg?1783724040000","refreshMs":30000,"attribution":"Ora (Warner Varnado) · Nebraska DOT"}},{"type":"Feature","geometry":{"type":"Point","coordinates":[-103.98537,41.63977]},"properties":{"id":"ora-ne-289","name":"NE 88: 88 at 3.5: East","state":"NE","provider":"Nebraska DOT","hls":null,"snapshot":"https://dot511.nebraska.gov/images/vid-005088003-01.jpg?1783724040000","refreshMs":30000,"attribution":"Ora (Warner Varnado) · Nebraska DOT"}},{"type":"Feature","geometry":{"type":"Point","coordinates":[-102.55215,42.96635]},"properties":{"id":"ora-ne-290","name":"NE 87: S of Whiteclay: Hwy 87 North","state":"NE","provider":"Nebraska DOT","hls":null,"snapshot":"https://dot511.nebraska.gov/images/vid-005087073-03.jpg?1783724040000","refreshMs":30000,"attribution":"Ora (Warner Varnado) · Nebraska DOT"}},{"type":"Feature","geometry":{"type":"Point","coordinates":[-102.69445,42.44992]},"properties":{"id":"ora-ne-291","name":"NE 87: S of Hay Springs: Hwy 87 North","state":"NE","provider":"Nebraska DOT","hls":null,"snapshot":"https://dot511.nebraska.gov/images/vid-005087028-03.jpg?1783724040000","refreshMs":30000,"attribution":"Ora (Warner Varnado) · Nebraska DOT"}},{"type":"Feature","geometry":{"type":"Point","coordinates":[-103.62118,42.99996]},"properties":{"id":"ora-ne-292","name":"NE 71: NE-SD Line: Hwy 71 North","state":"NE","provider":"Nebraska DOT","hls":null,"snapshot":"https://dot511.nebraska.gov/images/vid-005071164-03.jpg?1783724040000","refreshMs":30000,"attribution":"Ora (Warner Varnado) · Nebraska DOT"}},{"type":"Feature","geometry":{"type":"Point","coordinates":[-103.30679,42.32329]},"properties":{"id":"ora-ne-293","name":"NE 71: Hwy 71 & Hwy 2 Junction: East","state":"NE","provider":"Nebraska DOT","hls":null,"snapshot":"https://dot511.nebraska.gov/images/vid-005071110-01.jpg","refreshMs":30000,"attribution":"Ora (Warner Varnado) · Nebraska DOT"}},{"type":"Feature","geometry":{"type":"Point","coordinates":[-103.67665,41.56823]},"properties":{"id":"ora-ne-294","name":"NE 71: Harrisburg : Hwy 71 North","state":"NE","provider":"Nebraska DOT","hls":null,"snapshot":"https://dot511.nebraska.gov/images/vid-005071040-03.jpg?1783724040000","refreshMs":30000,"attribution":"Ora (Warner Varnado) · Nebraska DOT"}},{"type":"Feature","geometry":{"type":"Point","coordinates":[-103.65815,41.525]},"properties":{"id":"ora-ne-295","name":"NE 71: N of Kimball: Intersection","state":"NE","provider":"Nebraska DOT","hls":null,"snapshot":"https://dot511.nebraska.gov/images/vid-005071035-06.jpg?1783724040000","refreshMs":30000,"attribution":"Ora (Warner Varnado) · Nebraska DOT"}},{"type":"Feature","geometry":{"type":"Point","coordinates":[-103.68776,41.00179]},"properties":{"id":"ora-ne-296","name":"NE 71: South Kimball: North","state":"NE","provider":"Nebraska DOT","hls":null,"snapshot":"https://dot511.nebraska.gov/images/vid-005071001-03.jpg?1783724040000","refreshMs":30000,"attribution":"Ora (Warner Varnado) · Nebraska DOT"}},{"type":"Feature","geometry":{"type":"Point","coordinates":[-99.21125,41.39491]},"properties":{"id":"ora-ne-297","name":"NE 70: W of Arcadia: East","state":"NE","provider":"Nebraska DOT","hls":null,"snapshot":"https://dot511.nebraska.gov/images/vid-004070097-01.jpg?1783724040000","refreshMs":30000,"attribution":"Ora (Warner Varnado) · Nebraska DOT"}},{"type":"Feature","geometry":{"type":"Point","coordinates":[-101.70578,42.49492]},"properties":{"id":"ora-ne-298","name":"NE 61: S of Merriman: North","state":"NE","provider":"Nebraska DOT","hls":null,"snapshot":"https://dot511.nebraska.gov/images/vid-008061194-03.jpg?1783724040000","refreshMs":30000,"attribution":"Ora (Warner Varnado) · Nebraska DOT"}},{"type":"Feature","geometry":{"type":"Point","coordinates":[-101.75464,42.0435]},"properties":{"id":"ora-ne-299","name":"NE 61: N of Hyannis: North","state":"NE","provider":"Nebraska DOT","hls":null,"snapshot":"https://dot511.nebraska.gov/images/vid-008061165-03.jpg?1783724040000","refreshMs":30000,"attribution":"Ora (Warner Varnado) · Nebraska DOT"}},{"type":"Feature","geometry":{"type":"Point","coordinates":[-101.75989,41.82032]},"properties":{"id":"ora-ne-300","name":"NE 61: N of Arthur: North","state":"NE","provider":"Nebraska DOT","hls":null,"snapshot":"https://dot511.nebraska.gov/images/vid-006061144-03.jpg?1783724040000","refreshMs":30000,"attribution":"Ora (Warner Varnado) · Nebraska DOT"}},{"type":"Feature","geometry":{"type":"Point","coordinates":[-101.71605,41.4299]},"properties":{"id":"ora-ne-301","name":"NE 61: Arthur South: 61 North","state":"NE","provider":"Nebraska DOT","hls":null,"snapshot":"https://dot511.nebraska.gov/images/vid-006061113-03.jpg?1783724040000","refreshMs":30000,"attribution":"Ora (Warner Varnado) · Nebraska DOT"}},{"type":"Feature","geometry":{"type":"Point","coordinates":[-101.68304,41.25]},"properties":{"id":"ora-ne-302","name":"NE 61: Martin Bay at Ogallala: 61 looking north","state":"NE","provider":"Nebraska DOT","hls":null,"snapshot":"https://dot511.nebraska.gov/images/vid-006061099-03.jpg?1783724040000","refreshMs":30000,"attribution":"Ora (Warner Varnado) · Nebraska DOT"}},{"type":"Feature","geometry":{"type":"Point","coordinates":[-98.1721,41.55229]},"properties":{"id":"ora-ne-303","name":"NE 56: W of Cedar Rapids: East","state":"NE","provider":"Nebraska DOT","hls":null,"snapshot":"https://dot511.nebraska.gov/images/vid-003056020-01.jpg?1783724040000","refreshMs":30000,"attribution":"Ora (Warner Varnado) · Nebraska DOT"}},{"type":"Feature","geometry":{"type":"Point","coordinates":[-96.17817,40.91423]},"properties":{"id":"ora-ne-304","name":"NE 50: Manley: East","state":"NE","provider":"Nebraska DOT","hls":null,"snapshot":"https://dot511.nebraska.gov/images/vid-002050070-01.jpg?1783724040000","refreshMs":30000,"attribution":"Ora (Warner Varnado) · Nebraska DOT"}},{"type":"Feature","geometry":{"type":"Point","coordinates":[-100.17854,41.06251]},"properties":{"id":"ora-ne-305","name":"NE 47: North Gothenburg: North","state":"NE","provider":"Nebraska DOT","hls":null,"snapshot":"https://dot511.nebraska.gov/images/vid-006047072-03.jpg?1783724040000","refreshMs":30000,"attribution":"Ora (Warner Varnado) · Nebraska DOT"}},{"type":"Feature","geometry":{"type":"Point","coordinates":[-100.16264,40.76878]},"properties":{"id":"ora-ne-306","name":"NE 47: South Gothenburg: Intersection","state":"NE","provider":"Nebraska DOT","hls":null,"snapshot":"https://dot511.nebraska.gov/images/vid-006047051-05.jpg?1783724040000","refreshMs":30000,"attribution":"Ora (Warner Varnado) · Nebraska DOT"}},{"type":"Feature","geometry":{"type":"Point","coordinates":[-121,38]},"properties":{"id":"ora-ne-307","name":"NE 47: S. Gothenburg: Intersection","state":"NE","provider":"Nebraska DOT","hls":null,"snapshot":"https://dot511.nebraska.gov/images/vid-006047051-05.jpg?1783724040000","refreshMs":30000,"attribution":"Ora (Warner Varnado) · Nebraska DOT"}},{"type":"Feature","geometry":{"type":"Point","coordinates":[-97.77508,41.82903]},"properties":{"id":"ora-ne-308","name":"NE 45: Newman Grove: East","state":"NE","provider":"Nebraska DOT","hls":null,"snapshot":"https://dot511.nebraska.gov/images/vid-003032183-01.jpg?1783724040000","refreshMs":30000,"attribution":"Ora (Warner Varnado) · Nebraska DOT"}},{"type":"Feature","geometry":{"type":"Point","coordinates":[-99.63094,41.01078]},"properties":{"id":"ora-ne-309","name":"NE 40: Eddyville: East","state":"NE","provider":"Nebraska DOT","hls":null,"snapshot":"https://dot511.nebraska.gov/images/vid-006040050-01.jpg?1783724040000","refreshMs":30000,"attribution":"Ora (Warner Varnado) · Nebraska DOT"}},{"type":"Feature","geometry":{"type":"Point","coordinates":[-99.92654,41.27745]},"properties":{"id":"ora-ne-310","name":"NE 40: Callaway: East","state":"NE","provider":"Nebraska DOT","hls":null,"snapshot":"https://dot511.nebraska.gov/images/vid-006040026-01.jpg?1783724040000","refreshMs":30000,"attribution":"Ora (Warner Varnado) · Nebraska DOT"}},{"type":"Feature","geometry":{"type":"Point","coordinates":[-100.19681,41.26301]},"properties":{"id":"ora-ne-311","name":"NE 40: S of Arnold: East","state":"NE","provider":"Nebraska DOT","hls":null,"snapshot":"https://dot511.nebraska.gov/images/vid-006040011-01.jpg?1783724040000","refreshMs":30000,"attribution":"Ora (Warner Varnado) · Nebraska DOT"}},{"type":"Feature","geometry":{"type":"Point","coordinates":[-96.72329,42.29297]},"properties":{"id":"ora-ne-312","name":"NE 35: Emerson: East","state":"NE","provider":"Nebraska DOT","hls":null,"snapshot":"https://dot511.nebraska.gov/images/vid-003035048-01.jpg?1783724040000","refreshMs":30000,"attribution":"Ora (Warner Varnado) · Nebraska DOT"}},{"type":"Feature","geometry":{"type":"Point","coordinates":[-97.17379,42.2351]},"properties":{"id":"ora-ne-313","name":"NE 35: W of Wayne: East","state":"NE","provider":"Nebraska DOT","hls":null,"snapshot":"https://dot511.nebraska.gov/images/vid-003035022-01.jpg?1783724040000","refreshMs":30000,"attribution":"Ora (Warner Varnado) · Nebraska DOT"}},{"type":"Feature","geometry":{"type":"Point","coordinates":[-103.78244,42.25242]},"properties":{"id":"ora-ne-314","name":"NE 29: N of Mitchell: Hwy 29 North","state":"NE","provider":"Nebraska DOT","hls":null,"snapshot":"https://dot511.nebraska.gov/images/vid-005029035-03.jpg?1783724040000","refreshMs":30000,"attribution":"Ora (Warner Varnado) · Nebraska DOT"}},{"type":"Feature","geometry":{"type":"Point","coordinates":[-102.22509,42.25514]},"properties":{"id":"ora-ne-315","name":"NE 27: Gordon: North","state":"NE","provider":"Nebraska DOT","hls":null,"snapshot":"https://dot511.nebraska.gov/images/vid-005027182-03.jpg?1783724040000","refreshMs":30000,"attribution":"Ora (Warner Varnado) · Nebraska DOT"}},{"type":"Feature","geometry":{"type":"Point","coordinates":[-101.15219,40.71931]},"properties":{"id":"ora-ne-316","name":"NE 25: S of Wallace: 25 looking north","state":"NE","provider":"Nebraska DOT","hls":null,"snapshot":"https://dot511.nebraska.gov/images/vid-006025055-03.jpg?1783724040000","refreshMs":30000,"attribution":"Ora (Warner Varnado) · Nebraska DOT"}},{"type":"Feature","geometry":{"type":"Point","coordinates":[-100.00078,40.66296]},"properties":{"id":"ora-ne-317","name":"NE 23: Eustis East: East","state":"NE","provider":"Nebraska DOT","hls":null,"snapshot":"https://dot511.nebraska.gov/images/vid-007023122-01.jpg?1783724040000","refreshMs":30000,"attribution":"Ora (Warner Varnado) · Nebraska DOT"}},{"type":"Feature","geometry":{"type":"Point","coordinates":[-101.66503,40.8412]},"properties":{"id":"ora-ne-318","name":"NE 23: East of Grant: East","state":"NE","provider":"Nebraska DOT","hls":null,"snapshot":"https://dot511.nebraska.gov/images/vid-007023021-04.jpg?1783724040000","refreshMs":30000,"attribution":"Ora (Warner Varnado) · Nebraska DOT"}},{"type":"Feature","geometry":{"type":"Point","coordinates":[-102.01989,40.77328]},"properties":{"id":"ora-ne-319","name":"NE 23: Venango: Hwy 23 East","state":"NE","provider":"Nebraska DOT","hls":null,"snapshot":"https://dot511.nebraska.gov/images/vid-007023002-01.jpg?1783724040000","refreshMs":30000,"attribution":"Ora (Warner Varnado) · Nebraska DOT"}},{"type":"Feature","geometry":{"type":"Point","coordinates":[-99.67429,41.24794]},"properties":{"id":"ora-ne-320","name":"NE 21: N Oconto: Bridge","state":"NE","provider":"Nebraska DOT","hls":null,"snapshot":"https://dot511.nebraska.gov/images/vid-006021062-05.jpg?1783724040000","refreshMs":30000,"attribution":"Ora (Warner Varnado) · Nebraska DOT"}},{"type":"Feature","geometry":{"type":"Point","coordinates":[-99.74963,41.01776]},"properties":{"id":"ora-ne-321","name":"NE 21: Oconto South: North","state":"NE","provider":"Nebraska DOT","hls":null,"snapshot":"https://dot511.nebraska.gov/images/vid-006021045-03.jpg?1783724040000","refreshMs":30000,"attribution":"Ora (Warner Varnado) · Nebraska DOT"}},{"type":"Feature","geometry":{"type":"Point","coordinates":[-99.99525,40.74589]},"properties":{"id":"ora-ne-322","name":"NE 21: Cozad South: 21 North","state":"NE","provider":"Nebraska DOT","hls":null,"snapshot":"https://dot511.nebraska.gov/images/vid-006021005-03.jpg?1783724040000","refreshMs":30000,"attribution":"Ora (Warner Varnado) · Nebraska DOT"}},{"type":"Feature","geometry":{"type":"Point","coordinates":[-96.70983,42.11929]},"properties":{"id":"ora-ne-323","name":"NE 16: Pender: North","state":"NE","provider":"Nebraska DOT","hls":null,"snapshot":"https://dot511.nebraska.gov/images/vid-003016012-03.jpg?1783724040000","refreshMs":30000,"attribution":"Ora (Warner Varnado) · Nebraska DOT"}},{"type":"Feature","geometry":{"type":"Point","coordinates":[-97.05941,41.71378]},"properties":{"id":"ora-ne-324","name":"NE 15: E of Clarkson: East","state":"NE","provider":"Nebraska DOT","hls":null,"snapshot":"https://dot511.nebraska.gov/images/vid-003015127-01.jpg?1783724040000","refreshMs":30000,"attribution":"Ora (Warner Varnado) · Nebraska DOT"}},{"type":"Feature","geometry":{"type":"Point","coordinates":[-97.12987,41.20724]},"properties":{"id":"ora-ne-325","name":"NE 15: Near David City: East","state":"NE","provider":"Nebraska DOT","hls":null,"snapshot":"https://dot511.nebraska.gov/images/vid-001015089-01.jpg?1783724040000","refreshMs":30000,"attribution":"Ora (Warner Varnado) · Nebraska DOT"}},{"type":"Feature","geometry":{"type":"Point","coordinates":[-97.17915,40.48081]},"properties":{"id":"ora-ne-326","name":"NE 15: W of Wilber: East","state":"NE","provider":"Nebraska DOT","hls":null,"snapshot":"https://dot511.nebraska.gov/images/vid-001015033-01.jpg?1783724040000","refreshMs":30000,"attribution":"Ora (Warner Varnado) · Nebraska DOT"}},{"type":"Feature","geometry":{"type":"Point","coordinates":[-98.02616,42.5927]},"properties":{"id":"ora-ne-327","name":"NE 14: Verdigre Spur S54A: 14 looking north ","state":"NE","provider":"Nebraska DOT","hls":null,"snapshot":"https://dot511.nebraska.gov/images/vid-003014188-03.jpg?1783724040000","refreshMs":30000,"attribution":"Ora (Warner Varnado) · Nebraska DOT"}},{"type":"Feature","geometry":{"type":"Point","coordinates":[-98.08394,41.85022]},"properties":{"id":"ora-ne-328","name":"NE 14: Petersburg: East","state":"NE","provider":"Nebraska DOT","hls":null,"snapshot":"https://dot511.nebraska.gov/images/vid-003014136-01.jpg?1783724040000","refreshMs":30000,"attribution":"Ora (Warner Varnado) · Nebraska DOT"}},{"type":"Feature","geometry":{"type":"Point","coordinates":[-98.05149,40.42314]},"properties":{"id":"ora-ne-329","name":"NE 14: S of Clay Center: East","state":"NE","provider":"Nebraska DOT","hls":null,"snapshot":"https://dot511.nebraska.gov/images/vid-004014030-05.jpg?1783724040000","refreshMs":30000,"attribution":"Ora (Warner Varnado) · Nebraska DOT"}},{"type":"Feature","geometry":{"type":"Point","coordinates":[-96.70507,42.54738]},"properties":{"id":"ora-ne-330","name":"NE 12: S of Ponca: East","state":"NE","provider":"Nebraska DOT","hls":null,"snapshot":"https://dot511.nebraska.gov/images/vid-003012235-01.jpg?1783724040000","refreshMs":30000,"attribution":"Ora (Warner Varnado) · Nebraska DOT"}},{"type":"Feature","geometry":{"type":"Point","coordinates":[-97.09377,42.7029]},"properties":{"id":"ora-ne-331","name":"NE 12: Obert: Hwy 12 looking east","state":"NE","provider":"Nebraska DOT","hls":null,"snapshot":"https://dot511.nebraska.gov/images/vid-003012211-04.jpg?1783724040000","refreshMs":30000,"attribution":"Ora (Warner Varnado) · Nebraska DOT"}},{"type":"Feature","geometry":{"type":"Point","coordinates":[-99.33458,42.91855]},"properties":{"id":"ora-ne-332","name":"NE 12: Brocksburg: North","state":"NE","provider":"Nebraska DOT","hls":null,"snapshot":"https://dot511.nebraska.gov/images/vid-008012080-03.jpg?1783724040000","refreshMs":30000,"attribution":"Ora (Warner Varnado) · Nebraska DOT"}},{"type":"Feature","geometry":{"type":"Point","coordinates":[-100.1032,42.86887]},"properties":{"id":"ora-ne-333","name":"NE 12: W of Norden: Looking east","state":"NE","provider":"Nebraska DOT","hls":null,"snapshot":"https://dot511.nebraska.gov/images/vid-008012029-01.jpg?1783724040000","refreshMs":30000,"attribution":"Ora (Warner Varnado) · Nebraska DOT"}},{"type":"Feature","geometry":{"type":"Point","coordinates":[-98.8408,42.91546]},"properties":{"id":"ora-ne-334","name":"NE 11: East Butte: East","state":"NE","provider":"Nebraska DOT","hls":null,"snapshot":"https://dot511.nebraska.gov/images/vid-008011182-01.jpg?1783724040000","refreshMs":30000,"attribution":"Ora (Warner Varnado) · Nebraska DOT"}},{"type":"Feature","geometry":{"type":"Point","coordinates":[-98.97898,42.20429]},"properties":{"id":"ora-ne-335","name":"NE 11: W of Chambers: East","state":"NE","provider":"Nebraska DOT","hls":null,"snapshot":"https://dot511.nebraska.gov/images/vid-008011125-01.jpg?1783724040000","refreshMs":30000,"attribution":"Ora (Warner Varnado) · Nebraska DOT"}},{"type":"Feature","geometry":{"type":"Point","coordinates":[-99.11233,41.78425]},"properties":{"id":"ora-ne-336","name":"NE 11: Hwy 11 East of Burwell: East","state":"NE","provider":"Nebraska DOT","hls":null,"snapshot":"https://dot511.nebraska.gov/images/vid-008011093-01.jpg?1783724040000","refreshMs":30000,"attribution":"Ora (Warner Varnado) · Nebraska DOT"}},{"type":"Feature","geometry":{"type":"Point","coordinates":[-99.86684,42.2811]},"properties":{"id":"ora-ne-337","name":"NE 7: Elsmere Rd: Hwy 7 Surface","state":"NE","provider":"Nebraska DOT","hls":null,"snapshot":"https://dot511.nebraska.gov/images/vid-008007024-06.jpg?1783724040000","refreshMs":30000,"attribution":"Ora (Warner Varnado) · Nebraska DOT"}},{"type":"Feature","geometry":{"type":"Point","coordinates":[-98.70868,40.29188]},"properties":{"id":"ora-ne-338","name":"NE 4: E of Campbell: East","state":"NE","provider":"Nebraska DOT","hls":null,"snapshot":"https://dot511.nebraska.gov/images/vid-004004049-01.jpg?1783724040000","refreshMs":30000,"attribution":"Ora (Warner Varnado) · Nebraska DOT"}},{"type":"Feature","geometry":{"type":"Point","coordinates":[-95.83145,40.66969]},"properties":{"id":"ora-ne-339","name":"NE 2: Ne City River Bridge: East","state":"NE","provider":"Nebraska DOT","hls":null,"snapshot":"https://dot511.nebraska.gov/images/vid-001002508-01.jpg?1783724040000","refreshMs":30000,"attribution":"Ora (Warner Varnado) · Nebraska DOT"}},{"type":"Feature","geometry":{"type":"Point","coordinates":[-95.85182,40.65405]},"properties":{"id":"ora-ne-340","name":"NE 2: Hwy 2 NE City: East","state":"NE","provider":"Nebraska DOT","hls":null,"snapshot":"https://dot511.nebraska.gov/images/vid-001002503-01.jpg?1783724040000","refreshMs":30000,"attribution":"Ora (Warner Varnado) · Nebraska DOT"}},{"type":"Feature","geometry":{"type":"Point","coordinates":[-96.17939,40.67191]},"properties":{"id":"ora-ne-341","name":"NE 2: Hwy 2 at Syracuse: East","state":"NE","provider":"Nebraska DOT","hls":null,"snapshot":"https://dot511.nebraska.gov/images/vid-001002488-01.jpg?1783724040000","refreshMs":30000,"attribution":"Ora (Warner Varnado) · Nebraska DOT"}},{"type":"Feature","geometry":{"type":"Point","coordinates":[-96.4077,40.71141]},"properties":{"id":"ora-ne-342","name":"NE 2: Palmyra: East","state":"NE","provider":"Nebraska DOT","hls":null,"snapshot":"https://dot511.nebraska.gov/images/vid-001002475-01.jpg?1783724040000","refreshMs":30000,"attribution":"Ora (Warner Varnado) · Nebraska DOT"}},{"type":"Feature","geometry":{"type":"Point","coordinates":[-96.50669,40.71162]},"properties":{"id":"ora-ne-343","name":"NE 2: Bennet Corner: East","state":"NE","provider":"Nebraska DOT","hls":null,"snapshot":"https://dot511.nebraska.gov/images/vid-001002470-01.jpg?1783724040000","refreshMs":30000,"attribution":"Ora (Warner Varnado) · Nebraska DOT"}},{"type":"Feature","geometry":{"type":"Point","coordinates":[-99.23052,41.19737]},"properties":{"id":"ora-ne-344","name":"NE 2: Mason City: Bridge","state":"NE","provider":"Nebraska DOT","hls":null,"snapshot":"https://dot511.nebraska.gov/images/vid-006002306-05.jpg?1783724040000","refreshMs":30000,"attribution":"Ora (Warner Varnado) · Nebraska DOT"}},{"type":"Feature","geometry":{"type":"Point","coordinates":[-99.91318,41.66091]},"properties":{"id":"ora-ne-345","name":"NE 2: Anselmo: East","state":"NE","provider":"Nebraska DOT","hls":null,"snapshot":"https://dot511.nebraska.gov/images/vid-006002254-01.jpg?1783724040000","refreshMs":30000,"attribution":"Ora (Warner Varnado) · Nebraska DOT"}},{"type":"Feature","geometry":{"type":"Point","coordinates":[-100.1004,41.83068]},"properties":{"id":"ora-ne-346","name":"NE 2: Dunning: Bridge","state":"NE","provider":"Nebraska DOT","hls":null,"snapshot":"https://dot511.nebraska.gov/images/vid-006002237-06.jpg?1783724040000","refreshMs":30000,"attribution":"Ora (Warner Varnado) · Nebraska DOT"}},{"type":"Feature","geometry":{"type":"Point","coordinates":[-100.4308,41.94948]},"properties":{"id":"ora-ne-347","name":"NE 2: Natick: East","state":"NE","provider":"Nebraska DOT","hls":null,"snapshot":"https://dot511.nebraska.gov/images/vid-006002218-01.jpg?1783724040000","refreshMs":30000,"attribution":"Ora (Warner Varnado) · Nebraska DOT"}},{"type":"Feature","geometry":{"type":"Point","coordinates":[-100.43094,41.94958]},"properties":{"id":"ora-ne-348","name":"NE 2: W of Halsey: Looking East","state":"NE","provider":"Nebraska DOT","hls":null,"snapshot":"https://dot511.nebraska.gov/images/vid-006002218-01.jpg?1783724040000","refreshMs":30000,"attribution":"Ora (Warner Varnado) · Nebraska DOT"}},{"type":"Feature","geometry":{"type":"Point","coordinates":[-100.82132,42.03327]},"properties":{"id":"ora-ne-349","name":"NE 2: Seneca: East","state":"NE","provider":"Nebraska DOT","hls":null,"snapshot":"https://dot511.nebraska.gov/images/vid-006002196-01.jpg?1783724040000","refreshMs":30000,"attribution":"Ora (Warner Varnado) · Nebraska DOT"}},{"type":"Feature","geometry":{"type":"Point","coordinates":[-102.0183,42.01881]},"properties":{"id":"ora-ne-350","name":"NE 2: NE 2 East of Bingham: East","state":"NE","provider":"Nebraska DOT","hls":null,"snapshot":"https://dot511.nebraska.gov/images/vid-005002132-01.jpg?1783724040000","refreshMs":30000,"attribution":"Ora (Warner Varnado) · Nebraska DOT"}},{"type":"Feature","geometry":{"type":"Point","coordinates":[-102.28164,42.05853]},"properties":{"id":"ora-ne-351","name":"NE 2: Ellsworth: East","state":"NE","provider":"Nebraska DOT","hls":null,"snapshot":"https://dot511.nebraska.gov/images/vid-005002118-01.jpg?1783724040000","refreshMs":30000,"attribution":"Ora (Warner Varnado) · Nebraska DOT"}},{"type":"Feature","geometry":{"type":"Point","coordinates":[-102.58932,42.06918]},"properties":{"id":"ora-ne-352","name":"NE 2: Hwy 2 at Antioch: East","state":"NE","provider":"Nebraska DOT","hls":null,"snapshot":"https://dot511.nebraska.gov/images/vid-005002101-01.jpg?1783724040000","refreshMs":30000,"attribution":"Ora (Warner Varnado) · Nebraska DOT"}}]}