{"type":"FeatureCollection","features":[{"type":"Feature","geometry":{"type":"Point","coordinates":[-74.284697,41.354555]},"properties":{"id":"ora-ny-0","name":"NY 17 at Exit 126 (NY 94)","state":"NY","provider":"NYSDOT","hls":null,"snapshot":"https://511ny.org/map/Cctv/4","refreshMs":30000,"attribution":"Ora (Warner Varnado) · NYSDOT"}},{"type":"Feature","geometry":{"type":"Point","coordinates":[-78.84394,42.9073]},"properties":{"id":"ora-ny-1","name":"NY 33 at Northampton Street","state":"NY","provider":"NYSDOT","hls":"https://s51.nysdot.skyvdn.com:443/rtplive/R5_007/playlist.m3u8","snapshot":"https://511ny.org/map/Cctv/4435","refreshMs":30000,"attribution":"Ora (Warner Varnado) · NYSDOT"}},{"type":"Feature","geometry":{"type":"Point","coordinates":[-73.690416,43.237344]},"properties":{"id":"ora-ny-2","name":"US 9 SB @ I-87 Exit 17","state":"NY","provider":"NYSDOT","hls":"https://s51.nysdot.skyvdn.com:443/rtplive/R1_033/playlist.m3u8","snapshot":"https://511ny.org/map/Cctv/4438","refreshMs":30000,"attribution":"Ora (Warner Varnado) · NYSDOT"}},{"type":"Feature","geometry":{"type":"Point","coordinates":[-75.239611,43.106347]},"properties":{"id":"ora-ny-3","name":"NY 5A WB at NY 12 NB South Interchange","state":"NY","provider":"NYSDOT","hls":"https://s53.nysdot.skyvdn.com:443/rtplive/R2_029/playlist.m3u8","snapshot":"https://511ny.org/map/Cctv/4439","refreshMs":30000,"attribution":"Ora (Warner Varnado) · NYSDOT"}},{"type":"Feature","geometry":{"type":"Point","coordinates":[-78.83446,42.929]},"properties":{"id":"ora-ny-4","name":"NY 33 between Fillmore Ave and Grider St","state":"NY","provider":"NYSDOT","hls":"https://s52.nysdot.skyvdn.com:443/rtplive/R5_011/playlist.m3u8","snapshot":"https://511ny.org/map/Cctv/4440","refreshMs":30000,"attribution":"Ora (Warner Varnado) · NYSDOT"}},{"type":"Feature","geometry":{"type":"Point","coordinates":[-78.82311,42.92992]},"properties":{"id":"ora-ny-5","name":"NY 33 between Grider St and Olympic Ave","state":"NY","provider":"NYSDOT","hls":"https://s52.nysdot.skyvdn.com:443/rtplive/R5_012/playlist.m3u8","snapshot":"https://511ny.org/map/Cctv/4441","refreshMs":30000,"attribution":"Ora (Warner Varnado) · NYSDOT"}},{"type":"Feature","geometry":{"type":"Point","coordinates":[-78.79924,42.99067]},"properties":{"id":"ora-ny-6","name":"I-290 between Exit 4 (I-990 Interchange) and Exit 5 (Millersport Highway)","state":"NY","provider":"NYSDOT","hls":"https://s53.nysdot.skyvdn.com:443/rtplive/R5_029/playlist.m3u8","snapshot":"https://511ny.org/map/Cctv/4443","refreshMs":30000,"attribution":"Ora (Warner Varnado) · NYSDOT"}},{"type":"Feature","geometry":{"type":"Point","coordinates":[-73.85127,41.00857]},"properties":{"id":"ora-ny-7","name":"I-87 MP 007.84 SB at Interchange 7 (Ardsley)","state":"NY","provider":"NYSDOT","hls":"https://s53.nysdot.skyvdn.com:443/rtplive/TA_021/playlist.m3u8","snapshot":"https://511ny.org/map/Cctv/4444","refreshMs":30000,"attribution":"Ora (Warner Varnado) · NYSDOT"}},{"type":"Feature","geometry":{"type":"Point","coordinates":[-73.83591,41.04137]},"properties":{"id":"ora-ny-8","name":"I-87 MP 010.30 NB at Interchange 7A (Saw Mill River Parkway)","state":"NY","provider":"NYSDOT","hls":"https://s53.nysdot.skyvdn.com:443/rtplive/TA_022/playlist.m3u8","snapshot":"https://511ny.org/map/Cctv/4445","refreshMs":30000,"attribution":"Ora (Warner Varnado) · NYSDOT"}},{"type":"Feature","geometry":{"type":"Point","coordinates":[-73.83504,41.05692]},"properties":{"id":"ora-ny-9","name":"I-87 MP 011.40 NB Near Interchange 8 (I-287)","state":"NY","provider":"NYSDOT","hls":"https://s53.nysdot.skyvdn.com:443/rtplive/TA_023/playlist.m3u8","snapshot":"https://511ny.org/map/Cctv/4446","refreshMs":30000,"attribution":"Ora (Warner Varnado) · NYSDOT"}},{"type":"Feature","geometry":{"type":"Point","coordinates":[-73.84306,41.06074]},"properties":{"id":"ora-ny-10","name":"I-87 MP 011.80 NB Between Interchange 8 (I-287) and Interchange 9 (Tarrytown)","state":"NY","provider":"NYSDOT","hls":"https://s53.nysdot.skyvdn.com:443/rtplive/TA_024/playlist.m3u8","snapshot":"https://511ny.org/map/Cctv/4447","refreshMs":30000,"attribution":"Ora (Warner Varnado) · NYSDOT"}},{"type":"Feature","geometry":{"type":"Point","coordinates":[-73.85643,41.0605]},"properties":{"id":"ora-ny-11","name":"I-87 MP 012.45 SB Just South of Interchange 9 (Tarrytown)","state":"NY","provider":"NYSDOT","hls":"https://s53.nysdot.skyvdn.com:443/rtplive/TA_025/playlist.m3u8","snapshot":"https://511ny.org/map/Cctv/4448","refreshMs":30000,"attribution":"Ora (Warner Varnado) · NYSDOT"}},{"type":"Feature","geometry":{"type":"Point","coordinates":[-73.89642,41.07144]},"properties":{"id":"ora-ny-12","name":"I-87 MP 014.90a NB Gov. Mario M. Cuomo Bridge View 1","state":"NY","provider":"NYSDOT","hls":"https://s53.nysdot.skyvdn.com:443/rtplive/TA_028/playlist.m3u8","snapshot":"https://511ny.org/map/Cctv/4449","refreshMs":30000,"attribution":"Ora (Warner Varnado) · NYSDOT"}},{"type":"Feature","geometry":{"type":"Point","coordinates":[-73.90788,41.07126]},"properties":{"id":"ora-ny-13","name":"I-87 MP 015.50 NB Gov. Mario M. Cuomo Bridge","state":"NY","provider":"NYSDOT","hls":"https://s53.nysdot.skyvdn.com:443/rtplive/TA_030/playlist.m3u8","snapshot":"https://511ny.org/map/Cctv/4450","refreshMs":30000,"attribution":"Ora (Warner Varnado) · NYSDOT"}},{"type":"Feature","geometry":{"type":"Point","coordinates":[-73.81127,40.88688]},"properties":{"id":"ora-ny-14","name":"I-95 MP 003.12 SB at Interchange 14 (Hutchinson River Parkway)","state":"NY","provider":"NYSDOT","hls":"https://s53.nysdot.skyvdn.com:443/rtplive/TA_051/playlist.m3u8","snapshot":"https://511ny.org/map/Cctv/4451","refreshMs":30000,"attribution":"Ora (Warner Varnado) · NYSDOT"}},{"type":"Feature","geometry":{"type":"Point","coordinates":[-73.79586,40.89966]},"properties":{"id":"ora-ny-15","name":"I-95 at Interchange 15 (New Rochelle)","state":"NY","provider":"NYSDOT","hls":"https://s53.nysdot.skyvdn.com:443/rtplive/TA_052/playlist.m3u8","snapshot":"https://511ny.org/map/Cctv/4452","refreshMs":30000,"attribution":"Ora (Warner Varnado) · NYSDOT"}},{"type":"Feature","geometry":{"type":"Point","coordinates":[-73.7809,40.91765]},"properties":{"id":"ora-ny-16","name":"I-95 MP 006.00 SB at Interchange 16 (Cedar Street)","state":"NY","provider":"NYSDOT","hls":"https://s53.nysdot.skyvdn.com:443/rtplive/TA_053/playlist.m3u8","snapshot":"https://511ny.org/map/Cctv/4453","refreshMs":30000,"attribution":"Ora (Warner Varnado) · NYSDOT"}},{"type":"Feature","geometry":{"type":"Point","coordinates":[-73.7699,40.92667]},"properties":{"id":"ora-ny-17","name":"I-95 MP 006.94 NB at the New Rochelle Toll Gantry","state":"NY","provider":"NYSDOT","hls":"https://s53.nysdot.skyvdn.com:443/rtplive/TA_054/playlist.m3u8","snapshot":"https://511ny.org/map/Cctv/4454","refreshMs":30000,"attribution":"Ora (Warner Varnado) · NYSDOT"}},{"type":"Feature","geometry":{"type":"Point","coordinates":[-73.7455,40.95226]},"properties":{"id":"ora-ny-18","name":"I-95 MP 009.15 SB at Interchange 18A (Fenimore Road)","state":"NY","provider":"NYSDOT","hls":"https://s53.nysdot.skyvdn.com:443/rtplive/TA_055/playlist.m3u8","snapshot":"https://511ny.org/map/Cctv/4455","refreshMs":30000,"attribution":"Ora (Warner Varnado) · NYSDOT"}},{"type":"Feature","geometry":{"type":"Point","coordinates":[-73.73892,40.96154]},"properties":{"id":"ora-ny-19","name":"I-95 MP 009.90 SB at Interchange 18A (Mamaroneck Ave)","state":"NY","provider":"NYSDOT","hls":"https://s53.nysdot.skyvdn.com:443/rtplive/TA_056/playlist.m3u8","snapshot":"https://511ny.org/map/Cctv/4456","refreshMs":30000,"attribution":"Ora (Warner Varnado) · NYSDOT"}},{"type":"Feature","geometry":{"type":"Point","coordinates":[-73.69899,40.97686]},"properties":{"id":"ora-ny-20","name":"I-95 MP 012.50 NB at Interchange 19 (Playland Parkway)","state":"NY","provider":"NYSDOT","hls":"https://s53.nysdot.skyvdn.com:443/rtplive/TA_057/playlist.m3u8","snapshot":"https://511ny.org/map/Cctv/4457","refreshMs":30000,"attribution":"Ora (Warner Varnado) · NYSDOT"}},{"type":"Feature","geometry":{"type":"Point","coordinates":[-73.68029,40.9874]},"properties":{"id":"ora-ny-21","name":"I-95 MP 013.80 SB at Interchange 21 (Route1/I-287)","state":"NY","provider":"NYSDOT","hls":"https://s53.nysdot.skyvdn.com:443/rtplive/TA_058/playlist.m3u8","snapshot":"https://511ny.org/map/Cctv/4458","refreshMs":30000,"attribution":"Ora (Warner Varnado) · NYSDOT"}},{"type":"Feature","geometry":{"type":"Point","coordinates":[-73.67013,40.98718]},"properties":{"id":"ora-ny-22","name":"I-95 MP 014.20 NB at I-287 East Bound Ramp to I-95","state":"NY","provider":"NYSDOT","hls":"https://s53.nysdot.skyvdn.com:443/rtplive/TA_059/playlist.m3u8","snapshot":"https://511ny.org/map/Cctv/4459","refreshMs":30000,"attribution":"Ora (Warner Varnado) · NYSDOT"}},{"type":"Feature","geometry":{"type":"Point","coordinates":[-73.66322,40.99098]},"properties":{"id":"ora-ny-23","name":"I-95 MP 014.70 NB Just Before the Connecticut State Line","state":"NY","provider":"NYSDOT","hls":"https://s53.nysdot.skyvdn.com:443/rtplive/TA_060/playlist.m3u8","snapshot":"https://511ny.org/map/Cctv/4460","refreshMs":30000,"attribution":"Ora (Warner Varnado) · NYSDOT"}},{"type":"Feature","geometry":{"type":"Point","coordinates":[-74.56261,42.90684]},"properties":{"id":"ora-ny-24","name":"I-90 MP 194.10 EB at Interchange 29 (Canajoharie)","state":"NY","provider":"NYSDOT","hls":"https://s53.nysdot.skyvdn.com:443/rtplive/TA_081/playlist.m3u8","snapshot":"https://511ny.org/map/Cctv/4461","refreshMs":30000,"attribution":"Ora (Warner Varnado) · NYSDOT"}},{"type":"Feature","geometry":{"type":"Point","coordinates":[-74.81593,43.01687]},"properties":{"id":"ora-ny-25","name":"I-90 MP 210.70 WB at Interchange 29A (Little Falls)","state":"NY","provider":"NYSDOT","hls":"https://s53.nysdot.skyvdn.com:443/rtplive/TA_082/playlist.m3u8","snapshot":"https://511ny.org/map/Cctv/4462","refreshMs":30000,"attribution":"Ora (Warner Varnado) · NYSDOT"}},{"type":"Feature","geometry":{"type":"Point","coordinates":[-74.85859,43.01184]},"properties":{"id":"ora-ny-26","name":"I-90 MP 212.80 WB Between Interchange 29A (Little Falls) and Interchange 30 (Herkimer)","state":"NY","provider":"NYSDOT","hls":"https://s53.nysdot.skyvdn.com:443/rtplive/TA_083/playlist.m3u8","snapshot":"https://511ny.org/map/Cctv/4463","refreshMs":30000,"attribution":"Ora (Warner Varnado) · NYSDOT"}},{"type":"Feature","geometry":{"type":"Point","coordinates":[-74.99021,43.01797]},"properties":{"id":"ora-ny-27","name":"I-90 MP 219.70 WB at Interchange 30 (Herkimer/Mohawk)","state":"NY","provider":"NYSDOT","hls":"https://s53.nysdot.skyvdn.com:443/rtplive/TA_084/playlist.m3u8","snapshot":"https://511ny.org/map/Cctv/4464","refreshMs":30000,"attribution":"Ora (Warner Varnado) · NYSDOT"}},{"type":"Feature","geometry":{"type":"Point","coordinates":[-75.20727,43.11232]},"properties":{"id":"ora-ny-28","name":"I-90 MP 232.95 EB at Interchange 31 (Utica)","state":"NY","provider":"NYSDOT","hls":"https://s53.nysdot.skyvdn.com:443/rtplive/TA_085/playlist.m3u8","snapshot":"https://511ny.org/map/Cctv/4465","refreshMs":30000,"attribution":"Ora (Warner Varnado) · NYSDOT"}},{"type":"Feature","geometry":{"type":"Point","coordinates":[-75.40132,43.12368]},"properties":{"id":"ora-ny-29","name":"I-90 MP 243.37 EB at Interchange 32 (Westmoreland/Rome)","state":"NY","provider":"NYSDOT","hls":"https://s53.nysdot.skyvdn.com:443/rtplive/TA_086/playlist.m3u8","snapshot":"https://511ny.org/map/Cctv/4466","refreshMs":30000,"attribution":"Ora (Warner Varnado) · NYSDOT"}},{"type":"Feature","geometry":{"type":"Point","coordinates":[-75.53225,43.12968]},"properties":{"id":"ora-ny-30","name":"I-90 MP 250.12 EB Parking Area Between Interchange 32 (Westmoreland/Rome) and 33 (Verona)","state":"NY","provider":"NYSDOT","hls":"https://s53.nysdot.skyvdn.com:443/rtplive/TA_087/playlist.m3u8","snapshot":"https://511ny.org/map/Cctv/4467","refreshMs":30000,"attribution":"Ora (Warner Varnado) · NYSDOT"}},{"type":"Feature","geometry":{"type":"Point","coordinates":[-75.58999,43.1239]},"properties":{"id":"ora-ny-31","name":"I-90 MP 252.96 EB at Interchange 33 (Verona)","state":"NY","provider":"NYSDOT","hls":"https://s53.nysdot.skyvdn.com:443/rtplive/TA_088/playlist.m3u8","snapshot":"https://511ny.org/map/Cctv/4468","refreshMs":30000,"attribution":"Ora (Warner Varnado) · NYSDOT"}},{"type":"Feature","geometry":{"type":"Point","coordinates":[-75.64489,43.11666]},"properties":{"id":"ora-ny-32","name":"I-90 MP 256.00 WB Parking Area Between Interchange 33 (Verona) and 34 (Canastota)","state":"NY","provider":"NYSDOT","hls":"https://s53.nysdot.skyvdn.com:443/rtplive/TA_089/playlist.m3u8","snapshot":"https://511ny.org/map/Cctv/4469","refreshMs":30000,"attribution":"Ora (Warner Varnado) · NYSDOT"}},{"type":"Feature","geometry":{"type":"Point","coordinates":[-75.74675,43.09238]},"properties":{"id":"ora-ny-33","name":"I-90 MP 261.50 EB at Interchange 34 (Canastota)","state":"NY","provider":"NYSDOT","hls":"https://s53.nysdot.skyvdn.com:443/rtplive/TA_090/playlist.m3u8","snapshot":"https://511ny.org/map/Cctv/4470","refreshMs":30000,"attribution":"Ora (Warner Varnado) · NYSDOT"}},{"type":"Feature","geometry":{"type":"Point","coordinates":[-78.76545,42.94747]},"properties":{"id":"ora-ny-34","name":"I-90 MP 420.50 WB East of Interchange 50A (Cleveland Drive)","state":"NY","provider":"NYSDOT","hls":"https://s53.nysdot.skyvdn.com:443/rtplive/TA_111/playlist.m3u8","snapshot":"https://511ny.org/map/Cctv/4471","refreshMs":30000,"attribution":"Ora (Warner Varnado) · NYSDOT"}},{"type":"Feature","geometry":{"type":"Point","coordinates":[-78.76678,42.94099]},"properties":{"id":"ora-ny-35","name":"I-90 MP 421.00 WB East of Interchange 51 (Buffalo/Airport)","state":"NY","provider":"NYSDOT","hls":"https://s53.nysdot.skyvdn.com:443/rtplive/TA_112/playlist.m3u8","snapshot":"https://511ny.org/map/Cctv/4472","refreshMs":30000,"attribution":"Ora (Warner Varnado) · NYSDOT"}},{"type":"Feature","geometry":{"type":"Point","coordinates":[-78.76674,42.93226]},"properties":{"id":"ora-ny-36","name":"I-90 MP 421.60 WB at Route 33","state":"NY","provider":"NYSDOT","hls":"https://s53.nysdot.skyvdn.com:443/rtplive/TA_114/playlist.m3u8","snapshot":"https://511ny.org/map/Cctv/4473","refreshMs":30000,"attribution":"Ora (Warner Varnado) · NYSDOT"}},{"type":"Feature","geometry":{"type":"Point","coordinates":[-78.76589,42.92121]},"properties":{"id":"ora-ny-37","name":"I-90 MP 422.34 EB Between Interchange 52 (Walden Ave) and 51 (Route 33)","state":"NY","provider":"NYSDOT","hls":"https://s53.nysdot.skyvdn.com:443/rtplive/TA_115/playlist.m3u8","snapshot":"https://511ny.org/map/Cctv/4474","refreshMs":30000,"attribution":"Ora (Warner Varnado) · NYSDOT"}},{"type":"Feature","geometry":{"type":"Point","coordinates":[-78.76703,42.9099]},"properties":{"id":"ora-ny-38","name":"I-90 MP 423.16 WB at Interchange 52 (Walden Avenue)","state":"NY","provider":"NYSDOT","hls":"https://s53.nysdot.skyvdn.com:443/rtplive/TA_116/playlist.m3u8","snapshot":"https://511ny.org/map/Cctv/4475","refreshMs":30000,"attribution":"Ora (Warner Varnado) · NYSDOT"}},{"type":"Feature","geometry":{"type":"Point","coordinates":[-78.76815,42.88352]},"properties":{"id":"ora-ny-39","name":"I-90 MP 425.00 EB at Interchange 52A (William Street)","state":"NY","provider":"NYSDOT","hls":"https://s53.nysdot.skyvdn.com:443/rtplive/TA_117/playlist.m3u8","snapshot":"https://511ny.org/map/Cctv/4476","refreshMs":30000,"attribution":"Ora (Warner Varnado) · NYSDOT"}},{"type":"Feature","geometry":{"type":"Point","coordinates":[-78.77383,42.87882]},"properties":{"id":"ora-ny-40","name":"I-90 MP 425.41 EB West of Interchange 52A (William St)","state":"NY","provider":"NYSDOT","hls":"https://s53.nysdot.skyvdn.com:443/rtplive/TA_118/playlist.m3u8","snapshot":"https://511ny.org/map/Cctv/4477","refreshMs":30000,"attribution":"Ora (Warner Varnado) · NYSDOT"}},{"type":"Feature","geometry":{"type":"Point","coordinates":[-78.78889,42.87542]},"properties":{"id":"ora-ny-41","name":"I-90 MP 426.17W WB at Interchange 53 (I-190 Junction) View 2","state":"NY","provider":"NYSDOT","hls":"https://s53.nysdot.skyvdn.com:443/rtplive/TA_119/playlist.m3u8","snapshot":"https://511ny.org/map/Cctv/4478","refreshMs":30000,"attribution":"Ora (Warner Varnado) · NYSDOT"}},{"type":"Feature","geometry":{"type":"Point","coordinates":[-78.78889,42.87542]},"properties":{"id":"ora-ny-42","name":"I-90 MP 426.17C WB at Interchange 53 (I-190 Junction) View 1","state":"NY","provider":"NYSDOT","hls":"https://s53.nysdot.skyvdn.com:443/rtplive/TA_120/playlist.m3u8","snapshot":"https://511ny.org/map/Cctv/4479","refreshMs":30000,"attribution":"Ora (Warner Varnado) · NYSDOT"}},{"type":"Feature","geometry":{"type":"Point","coordinates":[-78.85812,42.8733]},"properties":{"id":"ora-ny-43","name":"I-190 MP 003.80 SB at Interchange 5 (Hamburg Street)","state":"NY","provider":"NYSDOT","hls":"https://s53.nysdot.skyvdn.com:443/rtplive/TA_141/playlist.m3u8","snapshot":"https://511ny.org/map/Cctv/4480","refreshMs":30000,"attribution":"Ora (Warner Varnado) · NYSDOT"}},{"type":"Feature","geometry":{"type":"Point","coordinates":[-78.87882,42.88001]},"properties":{"id":"ora-ny-44","name":"I-190 MP 005.05 NB at Interchange 7 (Route 5 Skyway)","state":"NY","provider":"NYSDOT","hls":"https://s53.nysdot.skyvdn.com:443/rtplive/TA_142/playlist.m3u8","snapshot":"https://511ny.org/map/Cctv/4481","refreshMs":30000,"attribution":"Ora (Warner Varnado) · NYSDOT"}},{"type":"Feature","geometry":{"type":"Point","coordinates":[-78.8846,42.88529]},"properties":{"id":"ora-ny-45","name":"I-190 MP 005.50 NB at Interchange 7 (Church Street)","state":"NY","provider":"NYSDOT","hls":"https://s53.nysdot.skyvdn.com:443/rtplive/TA_143/playlist.m3u8","snapshot":"https://511ny.org/map/Cctv/4482","refreshMs":30000,"attribution":"Ora (Warner Varnado) · NYSDOT"}},{"type":"Feature","geometry":{"type":"Point","coordinates":[-78.88921,42.8902]},"properties":{"id":"ora-ny-46","name":"I-190 MP 005.90 NB at Interchange 8 (Niagara Street)","state":"NY","provider":"NYSDOT","hls":"https://s53.nysdot.skyvdn.com:443/rtplive/TA_144/playlist.m3u8","snapshot":"https://511ny.org/map/Cctv/4483","refreshMs":30000,"attribution":"Ora (Warner Varnado) · NYSDOT"}},{"type":"Feature","geometry":{"type":"Point","coordinates":[-78.89302,42.89378]},"properties":{"id":"ora-ny-47","name":"I-190 MP 006.18 NB at Hudson Street Pedestrian Bridge","state":"NY","provider":"NYSDOT","hls":"https://s53.nysdot.skyvdn.com:443/rtplive/TA_145/playlist.m3u8","snapshot":"https://511ny.org/map/Cctv/4484","refreshMs":30000,"attribution":"Ora (Warner Varnado) · NYSDOT"}},{"type":"Feature","geometry":{"type":"Point","coordinates":[-78.90086,42.90198]},"properties":{"id":"ora-ny-48","name":"I-190 MP 006.87 SB South of the Peace Bridge","state":"NY","provider":"NYSDOT","hls":"https://s53.nysdot.skyvdn.com:443/rtplive/TA_147/playlist.m3u8","snapshot":"https://511ny.org/map/Cctv/4485","refreshMs":30000,"attribution":"Ora (Warner Varnado) · NYSDOT"}},{"type":"Feature","geometry":{"type":"Point","coordinates":[-78.89989,42.92106]},"properties":{"id":"ora-ny-49","name":"I-190 MP 008.00 SB Near Breckenridge Street","state":"NY","provider":"NYSDOT","hls":"https://s53.nysdot.skyvdn.com:443/rtplive/TA_148/playlist.m3u8","snapshot":"https://511ny.org/map/Cctv/4486","refreshMs":30000,"attribution":"Ora (Warner Varnado) · NYSDOT"}},{"type":"Feature","geometry":{"type":"Point","coordinates":[-78.8983,42.9278]},"properties":{"id":"ora-ny-50","name":"I-190 MP 008.65 NB Just South of Interchange 11 (Scajaquada Expressway Route 198)","state":"NY","provider":"NYSDOT","hls":"https://s53.nysdot.skyvdn.com:443/rtplive/TA_149/playlist.m3u8","snapshot":"https://511ny.org/map/Cctv/4487","refreshMs":30000,"attribution":"Ora (Warner Varnado) · NYSDOT"}},{"type":"Feature","geometry":{"type":"Point","coordinates":[-78.8985,42.92842]},"properties":{"id":"ora-ny-51","name":"I-190 MP 008.70 NB at Interchange 11 (Scajaquada Expressway Route 198)","state":"NY","provider":"NYSDOT","hls":"https://s53.nysdot.skyvdn.com:443/rtplive/TA_150/playlist.m3u8","snapshot":"https://511ny.org/map/Cctv/4488","refreshMs":30000,"attribution":"Ora (Warner Varnado) · NYSDOT"}},{"type":"Feature","geometry":{"type":"Point","coordinates":[-78.89748,42.89837]},"properties":{"id":"ora-ny-52","name":"I-190 MP 006.56 NB at Interchange 9 (Porter Avenue - Peace Bridge)","state":"NY","provider":"NYSDOT","hls":"https://s53.nysdot.skyvdn.com:443/rtplive/TA_146/playlist.m3u8","snapshot":"https://511ny.org/map/Cctv/4489","refreshMs":30000,"attribution":"Ora (Warner Varnado) · NYSDOT"}},{"type":"Feature","geometry":{"type":"Point","coordinates":[-73.83243,41.05757]},"properties":{"id":"ora-ny-53","name":"I-287 MP 000.00 EB CWE at I-87 Interchange 8","state":"NY","provider":"NYSDOT","hls":"https://s51.nysdot.skyvdn.com:443/rtplive/TA_001/playlist.m3u8","snapshot":"https://511ny.org/map/Cctv/4491","refreshMs":30000,"attribution":"Ora (Warner Varnado) · NYSDOT"}},{"type":"Feature","geometry":{"type":"Point","coordinates":[-73.82328,41.05911]},"properties":{"id":"ora-ny-54","name":"I-287 MP 000.40 WB at Interchange 1 (Saw Mill River Parkway)","state":"NY","provider":"NYSDOT","hls":"https://s51.nysdot.skyvdn.com:443/rtplive/TA_002/playlist.m3u8","snapshot":"https://511ny.org/map/Cctv/4492","refreshMs":30000,"attribution":"Ora (Warner Varnado) · NYSDOT"}},{"type":"Feature","geometry":{"type":"Point","coordinates":[-73.81012,41.05563]},"properties":{"id":"ora-ny-55","name":"I-287 MP 001.20 WB at Interchange 3 (Sprain Brook Pkwy)","state":"NY","provider":"NYSDOT","hls":"https://s51.nysdot.skyvdn.com:443/rtplive/TA_003/playlist.m3u8","snapshot":"https://511ny.org/map/Cctv/4493","refreshMs":30000,"attribution":"Ora (Warner Varnado) · NYSDOT"}},{"type":"Feature","geometry":{"type":"Point","coordinates":[-73.80424,41.04707]},"properties":{"id":"ora-ny-56","name":"I-287 MP 001.80 EB at Interchange 4 (Knollwood Road)","state":"NY","provider":"NYSDOT","hls":"https://s51.nysdot.skyvdn.com:443/rtplive/TA_004/playlist.m3u8","snapshot":"https://511ny.org/map/Cctv/4494","refreshMs":30000,"attribution":"Ora (Warner Varnado) · NYSDOT"}},{"type":"Feature","geometry":{"type":"Point","coordinates":[-73.79263,41.04579]},"properties":{"id":"ora-ny-57","name":"I-287 MP 002.50 WB at Interchange 5 (Hillside Ave)","state":"NY","provider":"NYSDOT","hls":"https://s51.nysdot.skyvdn.com:443/rtplive/TA_005/playlist.m3u8","snapshot":"https://511ny.org/map/Cctv/4495","refreshMs":30000,"attribution":"Ora (Warner Varnado) · NYSDOT"}},{"type":"Feature","geometry":{"type":"Point","coordinates":[-73.78608,41.04242]},"properties":{"id":"ora-ny-58","name":"I-287 MP 002.70 EB Just East of Interchange 5 (Route 119)","state":"NY","provider":"NYSDOT","hls":"https://s51.nysdot.skyvdn.com:443/rtplive/TA_006/playlist.m3u8","snapshot":"https://511ny.org/map/Cctv/4496","refreshMs":30000,"attribution":"Ora (Warner Varnado) · NYSDOT"}},{"type":"Feature","geometry":{"type":"Point","coordinates":[-73.77176,41.04503]},"properties":{"id":"ora-ny-59","name":"I-287 MP 003.60 EB at Interchange 6 (North White Plains - Broadway)","state":"NY","provider":"NYSDOT","hls":"https://s51.nysdot.skyvdn.com:443/rtplive/TA_007/playlist.m3u8","snapshot":"https://511ny.org/map/Cctv/4497","refreshMs":30000,"attribution":"Ora (Warner Varnado) · NYSDOT"}},{"type":"Feature","geometry":{"type":"Point","coordinates":[-73.76441,41.0448]},"properties":{"id":"ora-ny-60","name":"I-287 MP 004.00 WB at Interchange 7 (North White Plains - Taconic State Parkway)","state":"NY","provider":"NYSDOT","hls":"https://s51.nysdot.skyvdn.com:443/rtplive/TA_008/playlist.m3u8","snapshot":"https://511ny.org/map/Cctv/4498","refreshMs":30000,"attribution":"Ora (Warner Varnado) · NYSDOT"}},{"type":"Feature","geometry":{"type":"Point","coordinates":[-73.76253,41.04093]},"properties":{"id":"ora-ny-61","name":"I-287 MP 004.30 EB East of Interchange 7 (North White Plains - Taconic State Parkway)","state":"NY","provider":"NYSDOT","hls":"https://s51.nysdot.skyvdn.com:443/rtplive/TA_009/playlist.m3u8","snapshot":"https://511ny.org/map/Cctv/4499","refreshMs":30000,"attribution":"Ora (Warner Varnado) · NYSDOT"}},{"type":"Feature","geometry":{"type":"Point","coordinates":[-73.75333,41.03282]},"properties":{"id":"ora-ny-62","name":"I-287 MP 005.20 EB at Interchange 8 (White Plains - Westchester Ave)","state":"NY","provider":"NYSDOT","hls":"https://s51.nysdot.skyvdn.com:443/rtplive/TA_010/playlist.m3u8","snapshot":"https://511ny.org/map/Cctv/4500","refreshMs":30000,"attribution":"Ora (Warner Varnado) · NYSDOT"}},{"type":"Feature","geometry":{"type":"Point","coordinates":[-73.91165,41.07144]},"properties":{"id":"ora-ny-63","name":"I-87 MP 015.70 NB Gov. Mario M. Cuomo Bridge","state":"NY","provider":"NYSDOT","hls":"https://s51.nysdot.skyvdn.com:443/rtplive/TA_031/playlist.m3u8","snapshot":"https://511ny.org/map/Cctv/4501","refreshMs":30000,"attribution":"Ora (Warner Varnado) · NYSDOT"}},{"type":"Feature","geometry":{"type":"Point","coordinates":[-73.93162,41.09369]},"properties":{"id":"ora-ny-64","name":"I-87 MP 017.40 NB at Interchange 11 (Nyack/Route 9W)","state":"NY","provider":"NYSDOT","hls":"https://s51.nysdot.skyvdn.com:443/rtplive/TA_033/playlist.m3u8","snapshot":"https://511ny.org/map/Cctv/4502","refreshMs":30000,"attribution":"Ora (Warner Varnado) · NYSDOT"}},{"type":"Feature","geometry":{"type":"Point","coordinates":[-73.95606,41.10093]},"properties":{"id":"ora-ny-65","name":"I-87 MP 018.80 NB at Interchange 12 (West Nyack)","state":"NY","provider":"NYSDOT","hls":"https://s51.nysdot.skyvdn.com:443/rtplive/TA_034/playlist.m3u8","snapshot":"https://511ny.org/map/Cctv/4503","refreshMs":30000,"attribution":"Ora (Warner Varnado) · NYSDOT"}},{"type":"Feature","geometry":{"type":"Point","coordinates":[-73.98879,41.10115]},"properties":{"id":"ora-ny-66","name":"I-87 MP 020.70 SB at Interchange 13 (Palisades Parkway)","state":"NY","provider":"NYSDOT","hls":"https://s51.nysdot.skyvdn.com:443/rtplive/TA_035/playlist.m3u8","snapshot":"https://511ny.org/map/Cctv/4504","refreshMs":30000,"attribution":"Ora (Warner Varnado) · NYSDOT"}},{"type":"Feature","geometry":{"type":"Point","coordinates":[-74.02351,41.10399]},"properties":{"id":"ora-ny-67","name":"I-87 MP 022.55 NB at Interchange 14 (Spring Valley)","state":"NY","provider":"NYSDOT","hls":"https://s51.nysdot.skyvdn.com:443/rtplive/TA_036/playlist.m3u8","snapshot":"https://511ny.org/map/Cctv/4505","refreshMs":30000,"attribution":"Ora (Warner Varnado) · NYSDOT"}},{"type":"Feature","geometry":{"type":"Point","coordinates":[-74.03863,41.0978]},"properties":{"id":"ora-ny-68","name":"I-87 MP 023.50 SB at Interchange 14A (Garden State Parkway)","state":"NY","provider":"NYSDOT","hls":"https://s51.nysdot.skyvdn.com:443/rtplive/TA_037/playlist.m3u8","snapshot":"https://511ny.org/map/Cctv/4506","refreshMs":30000,"attribution":"Ora (Warner Varnado) · NYSDOT"}},{"type":"Feature","geometry":{"type":"Point","coordinates":[-74.05453,41.0985]},"properties":{"id":"ora-ny-69","name":"I-87 MP 024.30 NB at Interchange 14 (Spring Valley Toll Gantry)","state":"NY","provider":"NYSDOT","hls":"https://s51.nysdot.skyvdn.com:443/rtplive/TA_038/playlist.m3u8","snapshot":"https://511ny.org/map/Cctv/4507","refreshMs":30000,"attribution":"Ora (Warner Varnado) · NYSDOT"}},{"type":"Feature","geometry":{"type":"Point","coordinates":[-74.16194,41.11739]},"properties":{"id":"ora-ny-70","name":"I-87 SB MP 30.2 SB @ Exit 15","state":"NY","provider":"NYSDOT","hls":"https://s51.nysdot.skyvdn.com:443/rtplive/TA_039/playlist.m3u8","snapshot":"https://511ny.org/map/Cctv/4508","refreshMs":30000,"attribution":"Ora (Warner Varnado) · NYSDOT"}},{"type":"Feature","geometry":{"type":"Point","coordinates":[-74.16684,41.12695]},"properties":{"id":"ora-ny-71","name":"I-87 MP 030.80 SB Just South of Interchange 15A","state":"NY","provider":"NYSDOT","hls":"https://s51.nysdot.skyvdn.com:443/rtplive/TA_040/playlist.m3u8","snapshot":"https://511ny.org/map/Cctv/4509","refreshMs":30000,"attribution":"Ora (Warner Varnado) · NYSDOT"}},{"type":"Feature","geometry":{"type":"Point","coordinates":[-73.66856,42.48272]},"properties":{"id":"ora-ny-72","name":"I-90 MP 006.50 WB Berkshire Connector at Interchange B1 (Albany/Hudson/Rensselaer)","state":"NY","provider":"NYSDOT","hls":"https://s51.nysdot.skyvdn.com:443/rtplive/TA_061/playlist.m3u8","snapshot":"https://511ny.org/map/Cctv/4510","refreshMs":30000,"attribution":"Ora (Warner Varnado) · NYSDOT"}},{"type":"Feature","geometry":{"type":"Point","coordinates":[-73.54852,42.41988]},"properties":{"id":"ora-ny-73","name":"I-90 MP 015.05 EB Berkshire Connector at Interchange B2 (Taconic State Parkway)","state":"NY","provider":"NYSDOT","hls":"https://s51.nysdot.skyvdn.com:443/rtplive/TA_062/playlist.m3u8","snapshot":"https://511ny.org/map/Cctv/4511","refreshMs":30000,"attribution":"Ora (Warner Varnado) · NYSDOT"}},{"type":"Feature","geometry":{"type":"Point","coordinates":[-73.5048,42.39744]},"properties":{"id":"ora-ny-74","name":"I-90 MP 017.80 WB Berkshire Connector at Canaan Toll Gantry","state":"NY","provider":"NYSDOT","hls":"https://s51.nysdot.skyvdn.com:443/rtplive/TA_063/playlist.m3u8","snapshot":"https://511ny.org/map/Cctv/4512","refreshMs":30000,"attribution":"Ora (Warner Varnado) · NYSDOT"}},{"type":"Feature","geometry":{"type":"Point","coordinates":[-73.42631,42.35664]},"properties":{"id":"ora-ny-75","name":"I-90 MP 023.35 EB Berkshire Connector at Interchange B3 (Austerlitz/New Lebanon)","state":"NY","provider":"NYSDOT","hls":"https://s51.nysdot.skyvdn.com:443/rtplive/TA_064/playlist.m3u8","snapshot":"https://511ny.org/map/Cctv/4513","refreshMs":30000,"attribution":"Ora (Warner Varnado) · NYSDOT"}},{"type":"Feature","geometry":{"type":"Point","coordinates":[-74.02934,41.94542]},"properties":{"id":"ora-ny-76","name":"I-87 MP 091.70 NB Just North of Interchange 19 (Kingston)","state":"NY","provider":"NYSDOT","hls":"https://s51.nysdot.skyvdn.com:443/rtplive/TA_065/playlist.m3u8","snapshot":"https://511ny.org/map/Cctv/4514","refreshMs":30000,"attribution":"Ora (Warner Varnado) · NYSDOT"}},{"type":"Feature","geometry":{"type":"Point","coordinates":[-73.97349,42.08352]},"properties":{"id":"ora-ny-77","name":"I-87 MP 101.20 SB at Interchange 20 (Saugerties)","state":"NY","provider":"NYSDOT","hls":"https://s51.nysdot.skyvdn.com:443/rtplive/TA_066/playlist.m3u8","snapshot":"https://511ny.org/map/Cctv/4515","refreshMs":30000,"attribution":"Ora (Warner Varnado) · NYSDOT"}},{"type":"Feature","geometry":{"type":"Point","coordinates":[-73.8837,42.25029]},"properties":{"id":"ora-ny-78","name":"I-87 MP 113.90 NB at Interchange 21 (Catskill)","state":"NY","provider":"NYSDOT","hls":"https://s51.nysdot.skyvdn.com:443/rtplive/TA_067/playlist.m3u8","snapshot":"https://511ny.org/map/Cctv/4516","refreshMs":30000,"attribution":"Ora (Warner Varnado) · NYSDOT"}},{"type":"Feature","geometry":{"type":"Point","coordinates":[-73.82531,42.39369]},"properties":{"id":"ora-ny-79","name":"I-87 MP 124.50 SB at Interchange 21B (Coxsackie)","state":"NY","provider":"NYSDOT","hls":"https://s51.nysdot.skyvdn.com:443/rtplive/TA_068/playlist.m3u8","snapshot":"https://511ny.org/map/Cctv/4517","refreshMs":30000,"attribution":"Ora (Warner Varnado) · NYSDOT"}},{"type":"Feature","geometry":{"type":"Point","coordinates":[-73.78917,42.51567]},"properties":{"id":"ora-ny-80","name":"I-87 MP 133.60 NB at Interchange 21A (Berkshire Connector)","state":"NY","provider":"NYSDOT","hls":"https://s51.nysdot.skyvdn.com:443/rtplive/TA_069/playlist.m3u8","snapshot":"https://511ny.org/map/Cctv/4518","refreshMs":30000,"attribution":"Ora (Warner Varnado) · NYSDOT"}},{"type":"Feature","geometry":{"type":"Point","coordinates":[-73.78364,42.53454]},"properties":{"id":"ora-ny-81","name":"I-87 MP 134.90 NB at Interchange 22 (Selkirk)","state":"NY","provider":"NYSDOT","hls":"https://s51.nysdot.skyvdn.com:443/rtplive/TA_070/playlist.m3u8","snapshot":"https://511ny.org/map/Cctv/4519","refreshMs":30000,"attribution":"Ora (Warner Varnado) · NYSDOT"}},{"type":"Feature","geometry":{"type":"Point","coordinates":[-76.04384,43.09509]},"properties":{"id":"ora-ny-82","name":"I-90 MP 276.58 WB at Interchange 34A","state":"NY","provider":"NYSDOT","hls":"https://s51.nysdot.skyvdn.com:443/rtplive/TA_091/playlist.m3u8","snapshot":"https://511ny.org/map/Cctv/4520","refreshMs":30000,"attribution":"Ora (Warner Varnado) · NYSDOT"}},{"type":"Feature","geometry":{"type":"Point","coordinates":[-76.08988,43.09255]},"properties":{"id":"ora-ny-83","name":"I-90 MP 278.93 EB at Interchange 35","state":"NY","provider":"NYSDOT","hls":"https://s51.nysdot.skyvdn.com:443/rtplive/TA_092/playlist.m3u8","snapshot":"https://511ny.org/map/Cctv/4521","refreshMs":30000,"attribution":"Ora (Warner Varnado) · NYSDOT"}},{"type":"Feature","geometry":{"type":"Point","coordinates":[-76.16775,43.09421]},"properties":{"id":"ora-ny-84","name":"I-90 MP 282.93 EB at Interchange 36 (Watertown)","state":"NY","provider":"NYSDOT","hls":"https://s51.nysdot.skyvdn.com:443/rtplive/TA_093/playlist.m3u8","snapshot":"https://511ny.org/map/Cctv/4522","refreshMs":30000,"attribution":"Ora (Warner Varnado) · NYSDOT"}},{"type":"Feature","geometry":{"type":"Point","coordinates":[-76.18137,43.10238]},"properties":{"id":"ora-ny-85","name":"I-90 MP 283.79 WB at Interchange 37","state":"NY","provider":"NYSDOT","hls":"https://s51.nysdot.skyvdn.com:443/rtplive/TA_094/playlist.m3u8","snapshot":"https://511ny.org/map/Cctv/4523","refreshMs":30000,"attribution":"Ora (Warner Varnado) · NYSDOT"}},{"type":"Feature","geometry":{"type":"Point","coordinates":[-76.21368,43.11607]},"properties":{"id":"ora-ny-86","name":"I-90 MP 285.67 WB at Interchange 38","state":"NY","provider":"NYSDOT","hls":"https://s51.nysdot.skyvdn.com:443/rtplive/TA_095/playlist.m3u8","snapshot":"https://511ny.org/map/Cctv/4524","refreshMs":30000,"attribution":"Ora (Warner Varnado) · NYSDOT"}},{"type":"Feature","geometry":{"type":"Point","coordinates":[-76.28718,43.10783]},"properties":{"id":"ora-ny-87","name":"I-90 MP 289.50 WB at Interchange 39","state":"NY","provider":"NYSDOT","hls":"https://s51.nysdot.skyvdn.com:443/rtplive/TA_096/playlist.m3u8","snapshot":"https://511ny.org/map/Cctv/4525","refreshMs":30000,"attribution":"Ora (Warner Varnado) · NYSDOT"}},{"type":"Feature","geometry":{"type":"Point","coordinates":[-76.56413,43.0608]},"properties":{"id":"ora-ny-88","name":"I-90 MP 304.20 EB at Interchange 40 (Weedsport)","state":"NY","provider":"NYSDOT","hls":"https://s51.nysdot.skyvdn.com:443/rtplive/TA_097/playlist.m3u8","snapshot":"https://511ny.org/map/Cctv/4526","refreshMs":30000,"attribution":"Ora (Warner Varnado) · NYSDOT"}},{"type":"Feature","geometry":{"type":"Point","coordinates":[-76.85257,42.96719]},"properties":{"id":"ora-ny-89","name":"I-90 MP 320.41 EB at Interchange 41 (Waterloo)","state":"NY","provider":"NYSDOT","hls":"https://s51.nysdot.skyvdn.com:443/rtplive/TA_098/playlist.m3u8","snapshot":"https://511ny.org/map/Cctv/4527","refreshMs":30000,"attribution":"Ora (Warner Varnado) · NYSDOT"}},{"type":"Feature","geometry":{"type":"Point","coordinates":[-76.98203,42.95468]},"properties":{"id":"ora-ny-90","name":"I-90 MP 327.10 EB at Interchange 42 (Geneva)","state":"NY","provider":"NYSDOT","hls":"https://s51.nysdot.skyvdn.com:443/rtplive/TA_099/playlist.m3u8","snapshot":"https://511ny.org/map/Cctv/4528","refreshMs":30000,"attribution":"Ora (Warner Varnado) · NYSDOT"}},{"type":"Feature","geometry":{"type":"Point","coordinates":[-77.23241,42.97839]},"properties":{"id":"ora-ny-91","name":"I-90 MP 340.15 EB at Interchange 43 (Manchester)","state":"NY","provider":"NYSDOT","hls":"https://s51.nysdot.skyvdn.com:443/rtplive/TA_100/playlist.m3u8","snapshot":"https://511ny.org/map/Cctv/4529","refreshMs":30000,"attribution":"Ora (Warner Varnado) · NYSDOT"}},{"type":"Feature","geometry":{"type":"Point","coordinates":[-78.7911,42.86921]},"properties":{"id":"ora-ny-92","name":"I-90 MP 426.60 WB at Interchange 53 (I-190 Junction) 4th Lane Section","state":"NY","provider":"NYSDOT","hls":"https://s51.nysdot.skyvdn.com:443/rtplive/TA_121/playlist.m3u8","snapshot":"https://511ny.org/map/Cctv/4530","refreshMs":30000,"attribution":"Ora (Warner Varnado) · NYSDOT"}},{"type":"Feature","geometry":{"type":"Point","coordinates":[-78.792,42.85617]},"properties":{"id":"ora-ny-93","name":"I-90 MP 427.47 WB Between Interchange 53 (I-190 Junction) and 54 (Route 400)","state":"NY","provider":"NYSDOT","hls":"https://s51.nysdot.skyvdn.com:443/rtplive/TA_122/playlist.m3u8","snapshot":"https://511ny.org/map/Cctv/4531","refreshMs":30000,"attribution":"Ora (Warner Varnado) · NYSDOT"}},{"type":"Feature","geometry":{"type":"Point","coordinates":[-78.78992,42.84964]},"properties":{"id":"ora-ny-94","name":"I-90 MP 427.90 EB at Interchange 54 (Route 400)","state":"NY","provider":"NYSDOT","hls":"https://s51.nysdot.skyvdn.com:443/rtplive/TA_123/playlist.m3u8","snapshot":"https://511ny.org/map/Cctv/4532","refreshMs":30000,"attribution":"Ora (Warner Varnado) · NYSDOT"}},{"type":"Feature","geometry":{"type":"Point","coordinates":[-78.79293,42.84484]},"properties":{"id":"ora-ny-95","name":"I-90 MP 428.30 WB Between Interchange 54 (Rt 400) and 55 (Lackawanna)","state":"NY","provider":"NYSDOT","hls":"https://s51.nysdot.skyvdn.com:443/rtplive/TA_124/playlist.m3u8","snapshot":"https://511ny.org/map/Cctv/4533","refreshMs":30000,"attribution":"Ora (Warner Varnado) · NYSDOT"}},{"type":"Feature","geometry":{"type":"Point","coordinates":[-78.7915,42.82857]},"properties":{"id":"ora-ny-96","name":"I-90 MP 429.50 WB at Interchange 55 (Lackawanna Gantry and Ridge Road)","state":"NY","provider":"NYSDOT","hls":"https://s51.nysdot.skyvdn.com:443/rtplive/TA_125/playlist.m3u8","snapshot":"https://511ny.org/map/Cctv/4534","refreshMs":30000,"attribution":"Ora (Warner Varnado) · NYSDOT"}},{"type":"Feature","geometry":{"type":"Point","coordinates":[-78.7928,42.8141]},"properties":{"id":"ora-ny-97","name":"I-90 MP 430.40 EB at Interchange 55 (Lackawanna Toll Gantry) View 1","state":"NY","provider":"NYSDOT","hls":"https://s51.nysdot.skyvdn.com:443/rtplive/TA_126/playlist.m3u8","snapshot":"https://511ny.org/map/Cctv/4535","refreshMs":30000,"attribution":"Ora (Warner Varnado) · NYSDOT"}},{"type":"Feature","geometry":{"type":"Point","coordinates":[-78.7928,42.8141]},"properties":{"id":"ora-ny-98","name":"I-90 MP 430.40 EB at Interchange 55 (Lackawanna Toll Gantry) View 2","state":"NY","provider":"NYSDOT","hls":"https://s51.nysdot.skyvdn.com:443/rtplive/TA_127/playlist.m3u8","snapshot":"https://511ny.org/map/Cctv/4536","refreshMs":30000,"attribution":"Ora (Warner Varnado) · NYSDOT"}},{"type":"Feature","geometry":{"type":"Point","coordinates":[-78.80577,42.80846]},"properties":{"id":"ora-ny-99","name":"I-90 MP 431.20 WB Between Interchange 55 (Lackawanna) and 56 (Blasdell)","state":"NY","provider":"NYSDOT","hls":"https://s51.nysdot.skyvdn.com:443/rtplive/TA_128/playlist.m3u8","snapshot":"https://511ny.org/map/Cctv/4537","refreshMs":30000,"attribution":"Ora (Warner Varnado) · NYSDOT"}},{"type":"Feature","geometry":{"type":"Point","coordinates":[-78.81487,42.80227]},"properties":{"id":"ora-ny-100","name":"I-90 MP 431.84 WB Between Interchange 56 (Blasdell) and 55 (Lackawanna)","state":"NY","provider":"NYSDOT","hls":"https://s51.nysdot.skyvdn.com:443/rtplive/TA_129/playlist.m3u8","snapshot":"https://511ny.org/map/Cctv/4538","refreshMs":30000,"attribution":"Ora (Warner Varnado) · NYSDOT"}},{"type":"Feature","geometry":{"type":"Point","coordinates":[-78.81745,42.79323]},"properties":{"id":"ora-ny-101","name":"I-90 MP 432.50 WB at Interchange 56 (Blasdell)","state":"NY","provider":"NYSDOT","hls":"https://s51.nysdot.skyvdn.com:443/rtplive/TA_130/playlist.m3u8","snapshot":"https://511ny.org/map/Cctv/4539","refreshMs":30000,"attribution":"Ora (Warner Varnado) · NYSDOT"}},{"type":"Feature","geometry":{"type":"Point","coordinates":[-78.90335,42.93482]},"properties":{"id":"ora-ny-102","name":"I-190 MP 009.25 NB at Interchange 13 (Austin Street)","state":"NY","provider":"NYSDOT","hls":"https://s51.nysdot.skyvdn.com:443/rtplive/TA_151/playlist.m3u8","snapshot":"https://511ny.org/map/Cctv/4540","refreshMs":30000,"attribution":"Ora (Warner Varnado) · NYSDOT"}},{"type":"Feature","geometry":{"type":"Point","coordinates":[-78.90804,42.9443]},"properties":{"id":"ora-ny-103","name":"I-190 MP 010.00 NB at Interchange 14 (Ontario Street)","state":"NY","provider":"NYSDOT","hls":"https://s51.nysdot.skyvdn.com:443/rtplive/TA_152/playlist.m3u8","snapshot":"https://511ny.org/map/Cctv/4541","refreshMs":30000,"attribution":"Ora (Warner Varnado) · NYSDOT"}},{"type":"Feature","geometry":{"type":"Point","coordinates":[-78.91179,42.97312]},"properties":{"id":"ora-ny-104","name":"I-190 MP 012.35 NB at Interchange 15 (Sheridan Drive)","state":"NY","provider":"NYSDOT","hls":"https://s51.nysdot.skyvdn.com:443/rtplive/TA_153/playlist.m3u8","snapshot":"https://511ny.org/map/Cctv/4542","refreshMs":30000,"attribution":"Ora (Warner Varnado) · NYSDOT"}},{"type":"Feature","geometry":{"type":"Point","coordinates":[-78.9139,42.9876]},"properties":{"id":"ora-ny-105","name":"I-190 MP 013.37 NB Junction of I-190 and I-290 View 1","state":"NY","provider":"NYSDOT","hls":"https://s51.nysdot.skyvdn.com:443/rtplive/TA_154/playlist.m3u8","snapshot":"https://511ny.org/map/Cctv/4543","refreshMs":30000,"attribution":"Ora (Warner Varnado) · NYSDOT"}},{"type":"Feature","geometry":{"type":"Point","coordinates":[-78.9139,42.9876]},"properties":{"id":"ora-ny-106","name":"I-190 MP 013.37 NB Junction of I-190 and I-290 View 2","state":"NY","provider":"NYSDOT","hls":"https://s51.nysdot.skyvdn.com:443/rtplive/TA_155/playlist.m3u8","snapshot":"https://511ny.org/map/Cctv/4544","refreshMs":30000,"attribution":"Ora (Warner Varnado) · NYSDOT"}},{"type":"Feature","geometry":{"type":"Point","coordinates":[-78.9307,42.9949]},"properties":{"id":"ora-ny-107","name":"I-190 MP 014.25 NB at Interchange 17 (River Road) South Grand Island Bridge Toll Gantry","state":"NY","provider":"NYSDOT","hls":"https://s51.nysdot.skyvdn.com:443/rtplive/TA_156/playlist.m3u8","snapshot":"https://511ny.org/map/Cctv/4545","refreshMs":30000,"attribution":"Ora (Warner Varnado) · NYSDOT"}},{"type":"Feature","geometry":{"type":"Point","coordinates":[-78.97371,43.02117]},"properties":{"id":"ora-ny-108","name":"I-190 MP 017.25 NB at Interchange 19 (Whitehaven Road)","state":"NY","provider":"NYSDOT","hls":"https://s51.nysdot.skyvdn.com:443/rtplive/TA_158/playlist.m3u8","snapshot":"https://511ny.org/map/Cctv/4547","refreshMs":30000,"attribution":"Ora (Warner Varnado) · NYSDOT"}},{"type":"Feature","geometry":{"type":"Point","coordinates":[-78.99087,43.04827]},"properties":{"id":"ora-ny-109","name":"I-190 MP 019.30 SB at Interchange 20 (Long Road)","state":"NY","provider":"NYSDOT","hls":"https://s51.nysdot.skyvdn.com:443/rtplive/TA_159/playlist.m3u8","snapshot":"https://511ny.org/map/Cctv/4548","refreshMs":30000,"attribution":"Ora (Warner Varnado) · NYSDOT"}},{"type":"Feature","geometry":{"type":"Point","coordinates":[-78.99095,43.05314]},"properties":{"id":"ora-ny-110","name":"I-190 MP 019.69 SB at Interchange 20A (West River Parkway)","state":"NY","provider":"NYSDOT","hls":"https://s51.nysdot.skyvdn.com:443/rtplive/TA_160/playlist.m3u8","snapshot":"https://511ny.org/map/Cctv/4549","refreshMs":30000,"attribution":"Ora (Warner Varnado) · NYSDOT"}},{"type":"Feature","geometry":{"type":"Point","coordinates":[-78.9911,43.0615]},"properties":{"id":"ora-ny-111","name":"I-190 MP 020.21 SB at the Niagara Toll Gantry (Base of the North Grand Island Bridge)","state":"NY","provider":"NYSDOT","hls":"https://s51.nysdot.skyvdn.com:443/rtplive/TA_161/playlist.m3u8","snapshot":"https://511ny.org/map/Cctv/4550","refreshMs":30000,"attribution":"Ora (Warner Varnado) · NYSDOT"}},{"type":"Feature","geometry":{"type":"Point","coordinates":[-78.99074,43.0754]},"properties":{"id":"ora-ny-112","name":"I-190 MP 021.20 NB/SB at Interchange 21 (Buffalo Avenue Route 384)","state":"NY","provider":"NYSDOT","hls":"https://s51.nysdot.skyvdn.com:443/rtplive/TA_162/playlist.m3u8","snapshot":"https://511ny.org/map/Cctv/4551","refreshMs":30000,"attribution":"Ora (Warner Varnado) · NYSDOT"}},{"type":"Feature","geometry":{"type":"Point","coordinates":[-77.052832,42.154819]},"properties":{"id":"ora-ny-113","name":"NY 414 @ Exit 46","state":"NY","provider":"NYSDOT","hls":"https://s7.nysdot.skyvdn.com:443/rtplive/R6_005/playlist.m3u8","snapshot":"https://511ny.org/map/Cctv/4552","refreshMs":30000,"attribution":"Ora (Warner Varnado) · NYSDOT"}},{"type":"Feature","geometry":{"type":"Point","coordinates":[-73.813121,41.529714]},"properties":{"id":"ora-ny-114","name":"I-84 West of Exit 50 (Lime Kiln Rd.)","state":"NY","provider":"NYSDOT","hls":"https://s7.nysdot.skyvdn.com:443/rtplive/R8_002/playlist.m3u8","snapshot":"https://511ny.org/map/Cctv/4553","refreshMs":30000,"attribution":"Ora (Warner Varnado) · NYSDOT"}},{"type":"Feature","geometry":{"type":"Point","coordinates":[-73.774562,41.538471]},"properties":{"id":"ora-ny-115","name":"I-84 at Exit 52A (TSP SB)","state":"NY","provider":"NYSDOT","hls":"https://s7.nysdot.skyvdn.com:443/rtplive/R8_004/playlist.m3u8","snapshot":"https://511ny.org/map/Cctv/4555","refreshMs":30000,"attribution":"Ora (Warner Varnado) · NYSDOT"}},{"type":"Feature","geometry":{"type":"Point","coordinates":[-73.639344,41.452589]},"properties":{"id":"ora-ny-116","name":"I-84 West of Exit 65 (NY 312)","state":"NY","provider":"NYSDOT","hls":"https://s7.nysdot.skyvdn.com:443/rtplive/R8_008/playlist.m3u8","snapshot":"https://511ny.org/map/Cctv/4558","refreshMs":30000,"attribution":"Ora (Warner Varnado) · NYSDOT"}},{"type":"Feature","geometry":{"type":"Point","coordinates":[-73.93116,40.80397]},"properties":{"id":"ora-ny-117","name":"Harlem River Drive at 127 Street","state":"NY","provider":"NYSDOT","hls":"https://s7.nysdot.skyvdn.com:443/rtplive/R11_153/playlist.m3u8","snapshot":"https://511ny.org/map/Cctv/4564","refreshMs":30000,"attribution":"Ora (Warner Varnado) · NYSDOT"}},{"type":"Feature","geometry":{"type":"Point","coordinates":[-73.75828,40.74907]},"properties":{"id":"ora-ny-118","name":"I-495 at 220th Street","state":"NY","provider":"NYSDOT","hls":"https://s7.nysdot.skyvdn.com:443/rtplive/R11_154/playlist.m3u8","snapshot":"https://511ny.org/map/Cctv/4565","refreshMs":30000,"attribution":"Ora (Warner Varnado) · NYSDOT"}},{"type":"Feature","geometry":{"type":"Point","coordinates":[-73.72657,40.76378]},"properties":{"id":"ora-ny-119","name":"I-495 at 254th Street","state":"NY","provider":"NYSDOT","hls":"https://s7.nysdot.skyvdn.com:443/rtplive/R11_155/playlist.m3u8","snapshot":"https://511ny.org/map/Cctv/4566","refreshMs":30000,"attribution":"Ora (Warner Varnado) · NYSDOT"}},{"type":"Feature","geometry":{"type":"Point","coordinates":[-73.8027,40.66655]},"properties":{"id":"ora-ny-120","name":"I-678 at W/B Belt Parkway","state":"NY","provider":"NYSDOT","hls":"https://s7.nysdot.skyvdn.com:443/rtplive/R11_157/playlist.m3u8","snapshot":"https://511ny.org/map/Cctv/4567","refreshMs":30000,"attribution":"Ora (Warner Varnado) · NYSDOT"}},{"type":"Feature","geometry":{"type":"Point","coordinates":[-73.80072,40.66923]},"properties":{"id":"ora-ny-121","name":"I-678 at 133rd Avenue Northbound","state":"NY","provider":"NYSDOT","hls":"https://s7.nysdot.skyvdn.com:443/rtplive/R11_159/playlist.m3u8","snapshot":"https://511ny.org/map/Cctv/4569","refreshMs":30000,"attribution":"Ora (Warner Varnado) · NYSDOT"}},{"type":"Feature","geometry":{"type":"Point","coordinates":[-73.8016,40.66933]},"properties":{"id":"ora-ny-122","name":"I-678 at 133rd Avenue Southbound","state":"NY","provider":"NYSDOT","hls":"https://s7.nysdot.skyvdn.com:443/rtplive/R11_160/playlist.m3u8","snapshot":"https://511ny.org/map/Cctv/4570","refreshMs":30000,"attribution":"Ora (Warner Varnado) · NYSDOT"}},{"type":"Feature","geometry":{"type":"Point","coordinates":[-76.088607,43.008045]},"properties":{"id":"ora-ny-123","name":"I-481 south of Exit 2 (Stonehouse)","state":"NY","provider":"NYSDOT","hls":"https://s7.nysdot.skyvdn.com:443/rtplive/R3_038/playlist.m3u8","snapshot":"https://511ny.org/map/Cctv/4571","refreshMs":30000,"attribution":"Ora (Warner Varnado) · NYSDOT"}},{"type":"Feature","geometry":{"type":"Point","coordinates":[-76.138945,43.12218]},"properties":{"id":"ora-ny-124","name":"I-81 north of Exit 27 (EM Shop)","state":"NY","provider":"NYSDOT","hls":"https://s7.nysdot.skyvdn.com:443/rtplive/R3_039/playlist.m3u8","snapshot":"https://511ny.org/map/Cctv/4572","refreshMs":30000,"attribution":"Ora (Warner Varnado) · NYSDOT"}},{"type":"Feature","geometry":{"type":"Point","coordinates":[-73.197041,40.831437]},"properties":{"id":"ora-ny-125","name":"NY 111 at NY347  North Jug Handle","state":"NY","provider":"NYSDOT","hls":"https://s7.nysdot.skyvdn.com:443/rtplive/R10_248/playlist.m3u8","snapshot":"https://511ny.org/map/Cctv/4573","refreshMs":30000,"attribution":"Ora (Warner Varnado) · NYSDOT"}},{"type":"Feature","geometry":{"type":"Point","coordinates":[-73.73529,40.624078]},"properties":{"id":"ora-ny-126","name":"NY878 at Burnside Avenue","state":"NY","provider":"NYSDOT","hls":"https://s7.nysdot.skyvdn.com:443/rtplive/R10_301/playlist.m3u8","snapshot":"https://511ny.org/map/Cctv/4574","refreshMs":30000,"attribution":"Ora (Warner Varnado) · NYSDOT"}},{"type":"Feature","geometry":{"type":"Point","coordinates":[-73.743394,40.613987]},"properties":{"id":"ora-ny-127","name":"NY878 at Bayview Avenue","state":"NY","provider":"NYSDOT","hls":"https://s7.nysdot.skyvdn.com:443/rtplive/R10_302/playlist.m3u8","snapshot":"https://511ny.org/map/Cctv/4575","refreshMs":30000,"attribution":"Ora (Warner Varnado) · NYSDOT"}},{"type":"Feature","geometry":{"type":"Point","coordinates":[-73.743211,40.610543]},"properties":{"id":"ora-ny-128","name":"NY878 at Central Avenue","state":"NY","provider":"NYSDOT","hls":"https://s7.nysdot.skyvdn.com:443/rtplive/R10_303/playlist.m3u8","snapshot":"https://511ny.org/map/Cctv/4576","refreshMs":30000,"attribution":"Ora (Warner Varnado) · NYSDOT"}},{"type":"Feature","geometry":{"type":"Point","coordinates":[-73.739671,40.606072]},"properties":{"id":"ora-ny-129","name":"NY878 at Cedarlawn Ave / Rock Hill Rd","state":"NY","provider":"NYSDOT","hls":"https://s7.nysdot.skyvdn.com:443/rtplive/R10_304/playlist.m3u8","snapshot":"https://511ny.org/map/Cctv/4577","refreshMs":30000,"attribution":"Ora (Warner Varnado) · NYSDOT"}},{"type":"Feature","geometry":{"type":"Point","coordinates":[-73.160516,40.8089]},"properties":{"id":"ora-ny-130","name":"495 Eastbound at Nichols Road","state":"NY","provider":"NYSDOT","hls":"https://s7.nysdot.skyvdn.com:443/rtplive/R10_305/playlist.m3u8","snapshot":"https://511ny.org/map/Cctv/4578","refreshMs":30000,"attribution":"Ora (Warner Varnado) · NYSDOT"}},{"type":"Feature","geometry":{"type":"Point","coordinates":[-73.144596,40.748196]},"properties":{"id":"ora-ny-131","name":"NY27 at Oakdale Merge - Camera1","state":"NY","provider":"NYSDOT","hls":"https://s7.nysdot.skyvdn.com:443/rtplive/R10_306/playlist.m3u8","snapshot":"https://511ny.org/map/Cctv/4579","refreshMs":30000,"attribution":"Ora (Warner Varnado) · NYSDOT"}},{"type":"Feature","geometry":{"type":"Point","coordinates":[-73.144596,40.748196]},"properties":{"id":"ora-ny-132","name":"NY27 at Oakdale Merge - Camera2","state":"NY","provider":"NYSDOT","hls":"https://s7.nysdot.skyvdn.com:443/rtplive/R10_307/playlist.m3u8","snapshot":"https://511ny.org/map/Cctv/4580","refreshMs":30000,"attribution":"Ora (Warner Varnado) · NYSDOT"}},{"type":"Feature","geometry":{"type":"Point","coordinates":[-73.169976,40.747664]},"properties":{"id":"ora-ny-133","name":"NY27 at Connetquot Avenue","state":"NY","provider":"NYSDOT","hls":"https://s7.nysdot.skyvdn.com:443/rtplive/R10_308/playlist.m3u8","snapshot":"https://511ny.org/map/Cctv/4581","refreshMs":30000,"attribution":"Ora (Warner Varnado) · NYSDOT"}},{"type":"Feature","geometry":{"type":"Point","coordinates":[-73.178915,40.746047]},"properties":{"id":"ora-ny-134","name":"OVD - Westbound NY27 to Westbound Heckscher State Parkway","state":"NY","provider":"NYSDOT","hls":"https://s7.nysdot.skyvdn.com:443/rtplive/R10_309/playlist.m3u8","snapshot":"https://511ny.org/map/Cctv/4582","refreshMs":30000,"attribution":"Ora (Warner Varnado) · NYSDOT"}},{"type":"Feature","geometry":{"type":"Point","coordinates":[-73.632086,40.657364]},"properties":{"id":"ora-ny-135","name":"NY 27 at Long Beach Road","state":"NY","provider":"NYSDOT","hls":"https://s7.nysdot.skyvdn.com:443/rtplive/R10_335/playlist.m3u8","snapshot":"https://511ny.org/map/Cctv/4584","refreshMs":30000,"attribution":"Ora (Warner Varnado) · NYSDOT"}},{"type":"Feature","geometry":{"type":"Point","coordinates":[-73.647524,40.65741]},"properties":{"id":"ora-ny-136","name":"NY 27 at North Village Ave","state":"NY","provider":"NYSDOT","hls":"https://s7.nysdot.skyvdn.com:443/rtplive/R10_334/playlist.m3u8","snapshot":"https://511ny.org/map/Cctv/4585","refreshMs":30000,"attribution":"Ora (Warner Varnado) · NYSDOT"}},{"type":"Feature","geometry":{"type":"Point","coordinates":[-73.657503,40.657096]},"properties":{"id":"ora-ny-137","name":"NY 27 at Ocean Ave","state":"NY","provider":"NYSDOT","hls":"https://s7.nysdot.skyvdn.com:443/rtplive/R10_333/playlist.m3u8","snapshot":"https://511ny.org/map/Cctv/4586","refreshMs":30000,"attribution":"Ora (Warner Varnado) · NYSDOT"}},{"type":"Feature","geometry":{"type":"Point","coordinates":[-73.671912,40.655066]},"properties":{"id":"ora-ny-138","name":"NY 27 at Atlantic Ave","state":"NY","provider":"NYSDOT","hls":"https://s7.nysdot.skyvdn.com:443/rtplive/R10_332/playlist.m3u8","snapshot":"https://511ny.org/map/Cctv/4587","refreshMs":30000,"attribution":"Ora (Warner Varnado) · NYSDOT"}},{"type":"Feature","geometry":{"type":"Point","coordinates":[-73.677555,40.655867]},"properties":{"id":"ora-ny-139","name":"NY 27 at Peninsula Blvd","state":"NY","provider":"NYSDOT","hls":"https://s7.nysdot.skyvdn.com:443/rtplive/R10_331/playlist.m3u8","snapshot":"https://511ny.org/map/Cctv/4588","refreshMs":30000,"attribution":"Ora (Warner Varnado) · NYSDOT"}},{"type":"Feature","geometry":{"type":"Point","coordinates":[-77.570611,43.151516]},"properties":{"id":"ora-ny-140","name":"Culver Rd at University Ave","state":"NY","provider":"NYSDOT","hls":"https://s7.nysdot.skyvdn.com:443/rtplive/R4_200/playlist.m3u8","snapshot":"https://511ny.org/map/Cctv/4589","refreshMs":30000,"attribution":"Ora (Warner Varnado) · NYSDOT"}},{"type":"Feature","geometry":{"type":"Point","coordinates":[-77.603193,43.155226]},"properties":{"id":"ora-ny-141","name":"Broad St at Chestnut St","state":"NY","provider":"NYSDOT","hls":"https://s7.nysdot.skyvdn.com:443/rtplive/R4_201/playlist.m3u8","snapshot":"https://511ny.org/map/Cctv/4590","refreshMs":30000,"attribution":"Ora (Warner Varnado) · NYSDOT"}},{"type":"Feature","geometry":{"type":"Point","coordinates":[-77.59284,43.125655]},"properties":{"id":"ora-ny-142","name":"Clinton Ave at Elmwood Ave","state":"NY","provider":"NYSDOT","hls":"https://s7.nysdot.skyvdn.com:443/rtplive/R4_202/playlist.m3u8","snapshot":"https://511ny.org/map/Cctv/4591","refreshMs":30000,"attribution":"Ora (Warner Varnado) · NYSDOT"}},{"type":"Feature","geometry":{"type":"Point","coordinates":[-77.611041,43.161207]},"properties":{"id":"ora-ny-143","name":"St. Paul St at Inner Loop","state":"NY","provider":"NYSDOT","hls":"https://s7.nysdot.skyvdn.com:443/rtplive/R4_204/playlist.m3u8","snapshot":"https://511ny.org/map/Cctv/4592","refreshMs":30000,"attribution":"Ora (Warner Varnado) · NYSDOT"}},{"type":"Feature","geometry":{"type":"Point","coordinates":[-77.58656,43.142345]},"properties":{"id":"ora-ny-144","name":"Monroe Ave at I-490","state":"NY","provider":"NYSDOT","hls":"https://s7.nysdot.skyvdn.com:443/rtplive/R4_207/playlist.m3u8","snapshot":"https://511ny.org/map/Cctv/4593","refreshMs":30000,"attribution":"Ora (Warner Varnado) · NYSDOT"}},{"type":"Feature","geometry":{"type":"Point","coordinates":[-77.609655,43.15854]},"properties":{"id":"ora-ny-145","name":"St. Paul St at Pleasant St","state":"NY","provider":"NYSDOT","hls":"https://s7.nysdot.skyvdn.com:443/rtplive/R4_209/playlist.m3u8","snapshot":"https://511ny.org/map/Cctv/4594","refreshMs":30000,"attribution":"Ora (Warner Varnado) · NYSDOT"}},{"type":"Feature","geometry":{"type":"Point","coordinates":[-77.576173,43.175853]},"properties":{"id":"ora-ny-146","name":"Goodman St at Clifford Ave","state":"NY","provider":"NYSDOT","hls":"https://s7.nysdot.skyvdn.com:443/rtplive/R4_231/playlist.m3u8","snapshot":"https://511ny.org/map/Cctv/4595","refreshMs":30000,"attribution":"Ora (Warner Varnado) · NYSDOT"}},{"type":"Feature","geometry":{"type":"Point","coordinates":[-77.588819,43.15348]},"properties":{"id":"ora-ny-147","name":"Goodman St at East Ave","state":"NY","provider":"NYSDOT","hls":"https://s7.nysdot.skyvdn.com:443/rtplive/R4_232/playlist.m3u8","snapshot":"https://511ny.org/map/Cctv/4596","refreshMs":30000,"attribution":"Ora (Warner Varnado) · NYSDOT"}},{"type":"Feature","geometry":{"type":"Point","coordinates":[-77.586608,43.156417]},"properties":{"id":"ora-ny-148","name":"Goodman St at University Ave","state":"NY","provider":"NYSDOT","hls":"https://s7.nysdot.skyvdn.com:443/rtplive/R4_233/playlist.m3u8","snapshot":"https://511ny.org/map/Cctv/4597","refreshMs":30000,"attribution":"Ora (Warner Varnado) · NYSDOT"}},{"type":"Feature","geometry":{"type":"Point","coordinates":[-77.583606,43.162065]},"properties":{"id":"ora-ny-149","name":"Main St at Goodman St","state":"NY","provider":"NYSDOT","hls":"https://s7.nysdot.skyvdn.com:443/rtplive/R4_234/playlist.m3u8","snapshot":"https://511ny.org/map/Cctv/4598","refreshMs":30000,"attribution":"Ora (Warner Varnado) · NYSDOT"}},{"type":"Feature","geometry":{"type":"Point","coordinates":[-77.57548,43.136219]},"properties":{"id":"ora-ny-150","name":"Monroe Ave at Highland Ave","state":"NY","provider":"NYSDOT","hls":"https://s7.nysdot.skyvdn.com:443/rtplive/R4_235/playlist.m3u8","snapshot":"https://511ny.org/map/Cctv/4599","refreshMs":30000,"attribution":"Ora (Warner Varnado) · NYSDOT"}},{"type":"Feature","geometry":{"type":"Point","coordinates":[-77.629452,43.122976]},"properties":{"id":"ora-ny-151","name":"Elmwood at Kendrick","state":"NY","provider":"NYSDOT","hls":"https://s7.nysdot.skyvdn.com:443/rtplive/R4_236/playlist.m3u8","snapshot":"https://511ny.org/map/Cctv/4600","refreshMs":30000,"attribution":"Ora (Warner Varnado) · NYSDOT"}},{"type":"Feature","geometry":{"type":"Point","coordinates":[-77.63603,43.131075]},"properties":{"id":"ora-ny-152","name":"Genesee St at Brooks Ave","state":"NY","provider":"NYSDOT","hls":"https://s7.nysdot.skyvdn.com:443/rtplive/R4_237/playlist.m3u8","snapshot":"https://511ny.org/map/Cctv/4601","refreshMs":30000,"attribution":"Ora (Warner Varnado) · NYSDOT"}},{"type":"Feature","geometry":{"type":"Point","coordinates":[-77.555235,43.1454]},"properties":{"id":"ora-ny-153","name":"Winton Rd at East Ave","state":"NY","provider":"NYSDOT","hls":"https://s7.nysdot.skyvdn.com:443/rtplive/R4_238/playlist.m3u8","snapshot":"https://511ny.org/map/Cctv/4602","refreshMs":30000,"attribution":"Ora (Warner Varnado) · NYSDOT"}},{"type":"Feature","geometry":{"type":"Point","coordinates":[-77.638783,43.200433]},"properties":{"id":"ora-ny-154","name":"West Ridge Rd at Dewey Ave","state":"NY","provider":"NYSDOT","hls":"https://s7.nysdot.skyvdn.com:443/rtplive/R4_239/playlist.m3u8","snapshot":"https://511ny.org/map/Cctv/4603","refreshMs":30000,"attribution":"Ora (Warner Varnado) · NYSDOT"}},{"type":"Feature","geometry":{"type":"Point","coordinates":[-77.577024,43.199063]},"properties":{"id":"ora-ny-155","name":"East Ridge Rd at Goodman St/Kings Hwy","state":"NY","provider":"NYSDOT","hls":"https://s7.nysdot.skyvdn.com:443/rtplive/R4_240/playlist.m3u8","snapshot":"https://511ny.org/map/Cctv/4604","refreshMs":30000,"attribution":"Ora (Warner Varnado) · NYSDOT"}},{"type":"Feature","geometry":{"type":"Point","coordinates":[-77.592425,43.197062]},"properties":{"id":"ora-ny-156","name":"East Ridge Rd at Carter/Stanton Ln","state":"NY","provider":"NYSDOT","hls":"https://s7.nysdot.skyvdn.com:443/rtplive/R4_261/playlist.m3u8","snapshot":"https://511ny.org/map/Cctv/4605","refreshMs":30000,"attribution":"Ora (Warner Varnado) · NYSDOT"}},{"type":"Feature","geometry":{"type":"Point","coordinates":[-77.561799,43.203422]},"properties":{"id":"ora-ny-157","name":"East Ridge Rd at Culver Rd","state":"NY","provider":"NYSDOT","hls":"https://s7.nysdot.skyvdn.com:443/rtplive/R4_262/playlist.m3u8","snapshot":"https://511ny.org/map/Cctv/4606","refreshMs":30000,"attribution":"Ora (Warner Varnado) · NYSDOT"}},{"type":"Feature","geometry":{"type":"Point","coordinates":[-77.61843437,43.2439778]},"properties":{"id":"ora-ny-158","name":"Lake Ave at River St","state":"NY","provider":"NYSDOT","hls":"https://s7.nysdot.skyvdn.com:443/rtplive/R4_263/playlist.m3u8","snapshot":"https://511ny.org/map/Cctv/4607","refreshMs":30000,"attribution":"Ora (Warner Varnado) · NYSDOT"}},{"type":"Feature","geometry":{"type":"Point","coordinates":[-77.61044464,43.2557501]},"properties":{"id":"ora-ny-159","name":"Lake Ave at Portside Dr","state":"NY","provider":"NYSDOT","hls":"https://s7.nysdot.skyvdn.com:443/rtplive/R4_264/playlist.m3u8","snapshot":"https://511ny.org/map/Cctv/4608","refreshMs":30000,"attribution":"Ora (Warner Varnado) · NYSDOT"}},{"type":"Feature","geometry":{"type":"Point","coordinates":[-77.60836579,43.25829799]},"properties":{"id":"ora-ny-160","name":"Lake Ave at Beach Ave","state":"NY","provider":"NYSDOT","hls":"https://s7.nysdot.skyvdn.com:443/rtplive/R4_265/playlist.m3u8","snapshot":"https://511ny.org/map/Cctv/4609","refreshMs":30000,"attribution":"Ora (Warner Varnado) · NYSDOT"}},{"type":"Feature","geometry":{"type":"Point","coordinates":[-77.611793,43.170176]},"properties":{"id":"ora-ny-161","name":"Clinton Ave at Upper Falls Blvd","state":"NY","provider":"NYSDOT","hls":"https://s7.nysdot.skyvdn.com:443/rtplive/R4_266/playlist.m3u8","snapshot":"https://511ny.org/map/Cctv/4610","refreshMs":30000,"attribution":"Ora (Warner Varnado) · NYSDOT"}},{"type":"Feature","geometry":{"type":"Point","coordinates":[-77.55581638,43.14488902]},"properties":{"id":"ora-ny-162","name":"Winton Rd at I-490","state":"NY","provider":"NYSDOT","hls":"https://s7.nysdot.skyvdn.com:443/rtplive/R4_267/playlist.m3u8","snapshot":"https://511ny.org/map/Cctv/4611","refreshMs":30000,"attribution":"Ora (Warner Varnado) · NYSDOT"}},{"type":"Feature","geometry":{"type":"Point","coordinates":[-77.59697,43.115314]},"properties":{"id":"ora-ny-163","name":"Clinton Ave at Westfall Rd","state":"NY","provider":"NYSDOT","hls":"https://s7.nysdot.skyvdn.com:443/rtplive/R4_268/playlist.m3u8","snapshot":"https://511ny.org/map/Cctv/4612","refreshMs":30000,"attribution":"Ora (Warner Varnado) · NYSDOT"}},{"type":"Feature","geometry":{"type":"Point","coordinates":[-77.617413,43.124711]},"properties":{"id":"ora-ny-164","name":"Mt Hope Ave at Elmwood Ave","state":"NY","provider":"NYSDOT","hls":"https://s7.nysdot.skyvdn.com:443/rtplive/R4_269/playlist.m3u8","snapshot":"https://511ny.org/map/Cctv/4613","refreshMs":30000,"attribution":"Ora (Warner Varnado) · NYSDOT"}},{"type":"Feature","geometry":{"type":"Point","coordinates":[-77.636129,43.15028]},"properties":{"id":"ora-ny-165","name":"Main St at Brown St/Genesee St","state":"NY","provider":"NYSDOT","hls":"https://s7.nysdot.skyvdn.com:443/rtplive/R4_270/playlist.m3u8","snapshot":"https://511ny.org/map/Cctv/4614","refreshMs":30000,"attribution":"Ora (Warner Varnado) · NYSDOT"}},{"type":"Feature","geometry":{"type":"Point","coordinates":[-77.598244,43.210683]},"properties":{"id":"ora-ny-166","name":"Titus Ave at Cooper Rd","state":"NY","provider":"NYSDOT","hls":"https://s7.nysdot.skyvdn.com:443/rtplive/R4_291/playlist.m3u8","snapshot":"https://511ny.org/map/Cctv/4615","refreshMs":30000,"attribution":"Ora (Warner Varnado) · NYSDOT"}},{"type":"Feature","geometry":{"type":"Point","coordinates":[-77.658997,43.223796]},"properties":{"id":"ora-ny-167","name":"Mt Read Blvd at Maiden Ln","state":"NY","provider":"NYSDOT","hls":"https://s7.nysdot.skyvdn.com:443/rtplive/R4_292/playlist.m3u8","snapshot":"https://511ny.org/map/Cctv/4616","refreshMs":30000,"attribution":"Ora (Warner Varnado) · NYSDOT"}},{"type":"Feature","geometry":{"type":"Point","coordinates":[-77.659082,43.231118]},"properties":{"id":"ora-ny-168","name":"Mt Read Blvd at Vintage Ln/Dorsey Rd","state":"NY","provider":"NYSDOT","hls":"https://s7.nysdot.skyvdn.com:443/rtplive/R4_293/playlist.m3u8","snapshot":"https://511ny.org/map/Cctv/4617","refreshMs":30000,"attribution":"Ora (Warner Varnado) · NYSDOT"}},{"type":"Feature","geometry":{"type":"Point","coordinates":[-77.584119,43.187361]},"properties":{"id":"ora-ny-169","name":"Portand Ave at Norton St","state":"NY","provider":"NYSDOT","hls":"https://s7.nysdot.skyvdn.com:443/rtplive/R4_294/playlist.m3u8","snapshot":"https://511ny.org/map/Cctv/4618","refreshMs":30000,"attribution":"Ora (Warner Varnado) · NYSDOT"}},{"type":"Feature","geometry":{"type":"Point","coordinates":[-77.475693,43.121263]},"properties":{"id":"ora-ny-170","name":"Whitney Rd at Linden Ave","state":"NY","provider":"NYSDOT","hls":"https://s7.nysdot.skyvdn.com:443/rtplive/R4_295/playlist.m3u8","snapshot":"https://511ny.org/map/Cctv/4619","refreshMs":30000,"attribution":"Ora (Warner Varnado) · NYSDOT"}},{"type":"Feature","geometry":{"type":"Point","coordinates":[-77.666242,43.205159]},"properties":{"id":"ora-ny-171","name":"West Ridge Rd and Stone/Corona","state":"NY","provider":"NYSDOT","hls":"https://s7.nysdot.skyvdn.com:443/rtplive/R4_296/playlist.m3u8","snapshot":"https://511ny.org/map/Cctv/4620","refreshMs":30000,"attribution":"Ora (Warner Varnado) · NYSDOT"}},{"type":"Feature","geometry":{"type":"Point","coordinates":[-77.432126,43.079092]},"properties":{"id":"ora-ny-172","name":"Ayrault Rd at Turk Hill Rd","state":"NY","provider":"NYSDOT","hls":"https://s7.nysdot.skyvdn.com:443/rtplive/R4_297/playlist.m3u8","snapshot":"https://511ny.org/map/Cctv/4621","refreshMs":30000,"attribution":"Ora (Warner Varnado) · NYSDOT"}},{"type":"Feature","geometry":{"type":"Point","coordinates":[-77.56576,43.126428]},"properties":{"id":"ora-ny-173","name":"Winton Rd at Elmwood Ave","state":"NY","provider":"NYSDOT","hls":"https://s7.nysdot.skyvdn.com:443/rtplive/R4_298/playlist.m3u8","snapshot":"https://511ny.org/map/Cctv/4622","refreshMs":30000,"attribution":"Ora (Warner Varnado) · NYSDOT"}},{"type":"Feature","geometry":{"type":"Point","coordinates":[-77.590216,43.131711]},"properties":{"id":"ora-ny-174","name":"Clinton Ave at Highland Ave","state":"NY","provider":"NYSDOT","hls":"https://s7.nysdot.skyvdn.com:443/rtplive/R4_299/playlist.m3u8","snapshot":"https://511ny.org/map/Cctv/4623","refreshMs":30000,"attribution":"Ora (Warner Varnado) · NYSDOT"}},{"type":"Feature","geometry":{"type":"Point","coordinates":[-75.937751,42.115451]},"properties":{"id":"ora-ny-175","name":"NY 17 East of Glenwood Road","state":"NY","provider":"NYSDOT","hls":"https://s7.nysdot.skyvdn.com:443/rtplive/R9_007/playlist.m3u8","snapshot":"https://511ny.org/map/Cctv/4624","refreshMs":30000,"attribution":"Ora (Warner Varnado) · NYSDOT"}},{"type":"Feature","geometry":{"type":"Point","coordinates":[-73.82825,40.72394]},"properties":{"id":"ora-ny-176","name":"I-678 at 73rd Terrace","state":"NY","provider":"NYSDOT","hls":"https://s7.nysdot.skyvdn.com:443/rtplive/R11_181/playlist.m3u8","snapshot":"https://511ny.org/map/Cctv/4625","refreshMs":30000,"attribution":"Ora (Warner Varnado) · NYSDOT"}},{"type":"Feature","geometry":{"type":"Point","coordinates":[-73.8358,40.73315]},"properties":{"id":"ora-ny-177","name":"I-678 at 67th Road","state":"NY","provider":"NYSDOT","hls":"https://s7.nysdot.skyvdn.com:443/rtplive/R11_182/playlist.m3u8","snapshot":"https://511ny.org/map/Cctv/4626","refreshMs":30000,"attribution":"Ora (Warner Varnado) · NYSDOT"}},{"type":"Feature","geometry":{"type":"Point","coordinates":[-73.83784,40.74343]},"properties":{"id":"ora-ny-178","name":"I-678 at LIE","state":"NY","provider":"NYSDOT","hls":"https://s7.nysdot.skyvdn.com:443/rtplive/R11_183/playlist.m3u8","snapshot":"https://511ny.org/map/Cctv/4627","refreshMs":30000,"attribution":"Ora (Warner Varnado) · NYSDOT"}},{"type":"Feature","geometry":{"type":"Point","coordinates":[-73.83451,40.74843]},"properties":{"id":"ora-ny-179","name":"I-678 at College Point Blvd.","state":"NY","provider":"NYSDOT","hls":"https://s7.nysdot.skyvdn.com:443/rtplive/R11_184/playlist.m3u8","snapshot":"https://511ny.org/map/Cctv/4628","refreshMs":30000,"attribution":"Ora (Warner Varnado) · NYSDOT"}},{"type":"Feature","geometry":{"type":"Point","coordinates":[-73.83761,40.75362]},"properties":{"id":"ora-ny-180","name":"I-678 at Avery Avenue","state":"NY","provider":"NYSDOT","hls":"https://s7.nysdot.skyvdn.com:443/rtplive/R11_185/playlist.m3u8","snapshot":"https://511ny.org/map/Cctv/4629","refreshMs":30000,"attribution":"Ora (Warner Varnado) · NYSDOT"}},{"type":"Feature","geometry":{"type":"Point","coordinates":[-73.83913,40.76235]},"properties":{"id":"ora-ny-181","name":"I-678 at Northern Blvd.","state":"NY","provider":"NYSDOT","hls":"https://s7.nysdot.skyvdn.com:443/rtplive/R11_186/playlist.m3u8","snapshot":"https://511ny.org/map/Cctv/4630","refreshMs":30000,"attribution":"Ora (Warner Varnado) · NYSDOT"}},{"type":"Feature","geometry":{"type":"Point","coordinates":[-73.82817,40.77613]},"properties":{"id":"ora-ny-182","name":"I-678 at 25th road","state":"NY","provider":"NYSDOT","hls":"https://s7.nysdot.skyvdn.com:443/rtplive/R11_187/playlist.m3u8","snapshot":"https://511ny.org/map/Cctv/4631","refreshMs":30000,"attribution":"Ora (Warner Varnado) · NYSDOT"}},{"type":"Feature","geometry":{"type":"Point","coordinates":[-73.82406,40.78663]},"properties":{"id":"ora-ny-183","name":"I-678 at 14th Avenue","state":"NY","provider":"NYSDOT","hls":"https://s7.nysdot.skyvdn.com:443/rtplive/R11_188/playlist.m3u8","snapshot":"https://511ny.org/map/Cctv/4632","refreshMs":30000,"attribution":"Ora (Warner Varnado) · NYSDOT"}},{"type":"Feature","geometry":{"type":"Point","coordinates":[-74.23019,40.52545]},"properties":{"id":"ora-ny-184","name":"909C at Tyrellan Avenue","state":"NY","provider":"NYSDOT","hls":"https://s7.nysdot.skyvdn.com:443/rtplive/R11_189/playlist.m3u8","snapshot":"https://511ny.org/map/Cctv/4633","refreshMs":30000,"attribution":"Ora (Warner Varnado) · NYSDOT"}},{"type":"Feature","geometry":{"type":"Point","coordinates":[-74.21673,40.52807]},"properties":{"id":"ora-ny-185","name":"909C Bloomingdale Road","state":"NY","provider":"NYSDOT","hls":"https://s7.nysdot.skyvdn.com:443/rtplive/R11_190/playlist.m3u8","snapshot":"https://511ny.org/map/Cctv/4634","refreshMs":30000,"attribution":"Ora (Warner Varnado) · NYSDOT"}},{"type":"Feature","geometry":{"type":"Point","coordinates":[-74.15778,40.61569]},"properties":{"id":"ora-ny-186","name":"I-278 at Richmond Avenue","state":"NY","provider":"NYSDOT","hls":"https://s7.nysdot.skyvdn.com:443/rtplive/R11_211/playlist.m3u8","snapshot":"https://511ny.org/map/Cctv/4635","refreshMs":30000,"attribution":"Ora (Warner Varnado) · NYSDOT"}},{"type":"Feature","geometry":{"type":"Point","coordinates":[-74.15387,40.61265]},"properties":{"id":"ora-ny-187","name":"I-278 at SIE/MLK Interchange","state":"NY","provider":"NYSDOT","hls":"https://s7.nysdot.skyvdn.com:443/rtplive/R11_212/playlist.m3u8","snapshot":"https://511ny.org/map/Cctv/4636","refreshMs":30000,"attribution":"Ora (Warner Varnado) · NYSDOT"}},{"type":"Feature","geometry":{"type":"Point","coordinates":[-74.15041,40.60933]},"properties":{"id":"ora-ny-188","name":"I-278 at Victory Blvd.","state":"NY","provider":"NYSDOT","hls":"https://s7.nysdot.skyvdn.com:443/rtplive/R11_213/playlist.m3u8","snapshot":"https://511ny.org/map/Cctv/4637","refreshMs":30000,"attribution":"Ora (Warner Varnado) · NYSDOT"}},{"type":"Feature","geometry":{"type":"Point","coordinates":[-74.14231,40.60736]},"properties":{"id":"ora-ny-189","name":"I-278 at Crafton Avenue","state":"NY","provider":"NYSDOT","hls":"https://s7.nysdot.skyvdn.com:443/rtplive/R11_214/playlist.m3u8","snapshot":"https://511ny.org/map/Cctv/4638","refreshMs":30000,"attribution":"Ora (Warner Varnado) · NYSDOT"}},{"type":"Feature","geometry":{"type":"Point","coordinates":[-74.14071,40.60749]},"properties":{"id":"ora-ny-190","name":"I-278 at Woolley Avenue","state":"NY","provider":"NYSDOT","hls":"https://s7.nysdot.skyvdn.com:443/rtplive/R11_215/playlist.m3u8","snapshot":"https://511ny.org/map/Cctv/4639","refreshMs":30000,"attribution":"Ora (Warner Varnado) · NYSDOT"}},{"type":"Feature","geometry":{"type":"Point","coordinates":[-74.1319,40.60797]},"properties":{"id":"ora-ny-191","name":"I-278 at Bradley Avenue","state":"NY","provider":"NYSDOT","hls":"https://s7.nysdot.skyvdn.com:443/rtplive/R11_216/playlist.m3u8","snapshot":"https://511ny.org/map/Cctv/4640","refreshMs":30000,"attribution":"Ora (Warner Varnado) · NYSDOT"}},{"type":"Feature","geometry":{"type":"Point","coordinates":[-74.10594,40.61009]},"properties":{"id":"ora-ny-192","name":"I-278 at Renwick Avenue","state":"NY","provider":"NYSDOT","hls":"https://s7.nysdot.skyvdn.com:443/rtplive/R11_217/playlist.m3u8","snapshot":"https://511ny.org/map/Cctv/4641","refreshMs":30000,"attribution":"Ora (Warner Varnado) · NYSDOT"}},{"type":"Feature","geometry":{"type":"Point","coordinates":[-74.09382,40.61057]},"properties":{"id":"ora-ny-193","name":"I-278 at Clove Road","state":"NY","provider":"NYSDOT","hls":"https://s7.nysdot.skyvdn.com:443/rtplive/R11_218/playlist.m3u8","snapshot":"https://511ny.org/map/Cctv/4642","refreshMs":30000,"attribution":"Ora (Warner Varnado) · NYSDOT"}},{"type":"Feature","geometry":{"type":"Point","coordinates":[-74.07783,40.60651]},"properties":{"id":"ora-ny-194","name":"I-278 at Hylan Blvd","state":"NY","provider":"NYSDOT","hls":"https://s7.nysdot.skyvdn.com:443/rtplive/R11_219/playlist.m3u8","snapshot":"https://511ny.org/map/Cctv/4643","refreshMs":30000,"attribution":"Ora (Warner Varnado) · NYSDOT"}},{"type":"Feature","geometry":{"type":"Point","coordinates":[-74.08443,40.60651]},"properties":{"id":"ora-ny-195","name":"I-278 at Mosel Avenue","state":"NY","provider":"NYSDOT","hls":"https://s7.nysdot.skyvdn.com:443/rtplive/R11_220/playlist.m3u8","snapshot":"https://511ny.org/map/Cctv/4644","refreshMs":30000,"attribution":"Ora (Warner Varnado) · NYSDOT"}},{"type":"Feature","geometry":{"type":"Point","coordinates":[-75.279792,43.119605]},"properties":{"id":"ora-ny-196","name":"NY 5A EB at Sauquoit Creek at CSX Bridge","state":"NY","provider":"NYSDOT","hls":"https://s7.nysdot.skyvdn.com:443/rtplive/R2_035/playlist.m3u8","snapshot":"https://511ny.org/map/Cctv/4646","refreshMs":30000,"attribution":"Ora (Warner Varnado) · NYSDOT"}},{"type":"Feature","geometry":{"type":"Point","coordinates":[-73.71132,42.64556]},"properties":{"id":"ora-ny-197","name":"I-90 Between Exits 8-9","state":"NY","provider":"NYSDOT","hls":"https://s7.nysdot.skyvdn.com:443/rtplive/R1_061/playlist.m3u8","snapshot":"https://511ny.org/map/Cctv/4647","refreshMs":30000,"attribution":"Ora (Warner Varnado) · NYSDOT"}},{"type":"Feature","geometry":{"type":"Point","coordinates":[-73.68135,42.60105]},"properties":{"id":"ora-ny-198","name":"I-90 Between Exits 10-9","state":"NY","provider":"NYSDOT","hls":"https://s7.nysdot.skyvdn.com:443/rtplive/R1_062/playlist.m3u8","snapshot":"https://511ny.org/map/Cctv/4648","refreshMs":30000,"attribution":"Ora (Warner Varnado) · NYSDOT"}},{"type":"Feature","geometry":{"type":"Point","coordinates":[-73.803444,42.995289]},"properties":{"id":"ora-ny-199","name":"I-87 Northbound Before Exit 13S","state":"NY","provider":"NYSDOT","hls":"https://s7.nysdot.skyvdn.com:443/rtplive/R1_063/playlist.m3u8","snapshot":"https://511ny.org/map/Cctv/4649","refreshMs":30000,"attribution":"Ora (Warner Varnado) · NYSDOT"}},{"type":"Feature","geometry":{"type":"Point","coordinates":[-73.779909,42.891503]},"properties":{"id":"ora-ny-200","name":"I-87 Between Exits 10-9","state":"NY","provider":"NYSDOT","hls":"https://s7.nysdot.skyvdn.com:443/rtplive/R1_064/playlist.m3u8","snapshot":"https://511ny.org/map/Cctv/4650","refreshMs":30000,"attribution":"Ora (Warner Varnado) · NYSDOT"}},{"type":"Feature","geometry":{"type":"Point","coordinates":[-76.245781,43.12489]},"properties":{"id":"ora-ny-201","name":"NY-370 south of John Glenn Blvd (John Glenn Blvd)","state":"NY","provider":"NYSDOT","hls":"https://s7.nysdot.skyvdn.com:443/rtplive/R3_040/playlist.m3u8","snapshot":"https://511ny.org/map/Cctv/4651","refreshMs":30000,"attribution":"Ora (Warner Varnado) · NYSDOT"}},{"type":"Feature","geometry":{"type":"Point","coordinates":[-73.80374,42.996229]},"properties":{"id":"ora-ny-202","name":"I-87 Southbound South of Exit 13S","state":"NY","provider":"NYSDOT","hls":"https://s7.nysdot.skyvdn.com:443/rtplive/R1_065/playlist.m3u8","snapshot":"https://511ny.org/map/Cctv/4652","refreshMs":30000,"attribution":"Ora (Warner Varnado) · NYSDOT"}},{"type":"Feature","geometry":{"type":"Point","coordinates":[-73.687849,42.506838]},"properties":{"id":"ora-ny-203","name":"I-90 Westbound at Schodack Text Area","state":"NY","provider":"NYSDOT","hls":"https://s7.nysdot.skyvdn.com:443/rtplive/R1_066/playlist.m3u8","snapshot":"https://511ny.org/map/Cctv/4653","refreshMs":30000,"attribution":"Ora (Warner Varnado) · NYSDOT"}},{"type":"Feature","geometry":{"type":"Point","coordinates":[-73.698269,42.761237]},"properties":{"id":"ora-ny-204","name":"NY 787 at Dyke Ave","state":"NY","provider":"NYSDOT","hls":"https://s7.nysdot.skyvdn.com:443/rtplive/R1_068/playlist.m3u8","snapshot":"https://511ny.org/map/Cctv/4654","refreshMs":30000,"attribution":"Ora (Warner Varnado) · NYSDOT"}},{"type":"Feature","geometry":{"type":"Point","coordinates":[-73.699007,42.749962]},"properties":{"id":"ora-ny-205","name":"NY 787 at Tibbits Ave","state":"NY","provider":"NYSDOT","hls":"https://s7.nysdot.skyvdn.com:443/rtplive/R1_067/playlist.m3u8","snapshot":"https://511ny.org/map/Cctv/4655","refreshMs":30000,"attribution":"Ora (Warner Varnado) · NYSDOT"}},{"type":"Feature","geometry":{"type":"Point","coordinates":[-74.243191,42.722974]},"properties":{"id":"ora-ny-206","name":"I-88 Median - Between Exits 23 & 24 at Sheldon Rd Delanson","state":"NY","provider":"NYSDOT","hls":"https://s7.nysdot.skyvdn.com:443/rtplive/R1_069/playlist.m3u8","snapshot":"https://511ny.org/map/Cctv/4656","refreshMs":30000,"attribution":"Ora (Warner Varnado) · NYSDOT"}},{"type":"Feature","geometry":{"type":"Point","coordinates":[-73.751912,43.8789]},"properties":{"id":"ora-ny-207","name":"I-87 Southbound - North of Exit 28 Schroon","state":"NY","provider":"NYSDOT","hls":"https://s7.nysdot.skyvdn.com:443/rtplive/R1_070/playlist.m3u8","snapshot":"https://511ny.org/map/Cctv/4657","refreshMs":30000,"attribution":"Ora (Warner Varnado) · NYSDOT"}},{"type":"Feature","geometry":{"type":"Point","coordinates":[-76.140983,43.2428]},"properties":{"id":"ora-ny-208","name":"NY-11 at CR-37 (Brewerton)","state":"NY","provider":"NYSDOT","hls":"https://s7.nysdot.skyvdn.com:443/rtplive/R3_061/playlist.m3u8","snapshot":"https://511ny.org/map/Cctv/4658","refreshMs":30000,"attribution":"Ora (Warner Varnado) · NYSDOT"}},{"type":"Feature","geometry":{"type":"Point","coordinates":[-76.13962,43.232565]},"properties":{"id":"ora-ny-209","name":"NY-11 at Bartell (Brewerton)","state":"NY","provider":"NYSDOT","hls":"https://s7.nysdot.skyvdn.com:443/rtplive/R3_062/playlist.m3u8","snapshot":"https://511ny.org/map/Cctv/4659","refreshMs":30000,"attribution":"Ora (Warner Varnado) · NYSDOT"}},{"type":"Feature","geometry":{"type":"Point","coordinates":[-76.105441,42.892099]},"properties":{"id":"ora-ny-210","name":"NY-11 at US-20 (Lafayette)","state":"NY","provider":"NYSDOT","hls":"https://s7.nysdot.skyvdn.com:443/rtplive/R3_063/playlist.m3u8","snapshot":"https://511ny.org/map/Cctv/4660","refreshMs":30000,"attribution":"Ora (Warner Varnado) · NYSDOT"}},{"type":"Feature","geometry":{"type":"Point","coordinates":[-76.122117,42.799011]},"properties":{"id":"ora-ny-211","name":"NY-11 at NY-281/80 (Tully)","state":"NY","provider":"NYSDOT","hls":"https://s7.nysdot.skyvdn.com:443/rtplive/R3_064/playlist.m3u8","snapshot":"https://511ny.org/map/Cctv/4661","refreshMs":30000,"attribution":"Ora (Warner Varnado) · NYSDOT"}},{"type":"Feature","geometry":{"type":"Point","coordinates":[-75.834256,44.053203]},"properties":{"id":"ora-ny-212","name":"US 11 South of Fort Drum Main Gate","state":"NY","provider":"NYSDOT","hls":"https://s7.nysdot.skyvdn.com:443/rtplive/R7_001/playlist.m3u8","snapshot":"https://511ny.org/map/Cctv/4662","refreshMs":30000,"attribution":"Ora (Warner Varnado) · NYSDOT"}},{"type":"Feature","geometry":{"type":"Point","coordinates":[-75.834225,44.054775]},"properties":{"id":"ora-ny-213","name":"US 11 North of Fort Drum Main Gate","state":"NY","provider":"NYSDOT","hls":"https://s7.nysdot.skyvdn.com:443/rtplive/R7_002/playlist.m3u8","snapshot":"https://511ny.org/map/Cctv/4663","refreshMs":30000,"attribution":"Ora (Warner Varnado) · NYSDOT"}},{"type":"Feature","geometry":{"type":"Point","coordinates":[-75.830531,44.053111]},"properties":{"id":"ora-ny-214","name":"I-781 East of US 11NY near Fort Drum Main Gate","state":"NY","provider":"NYSDOT","hls":"https://s7.nysdot.skyvdn.com:443/rtplive/R7_003/playlist.m3u8","snapshot":"https://511ny.org/map/Cctv/4664","refreshMs":30000,"attribution":"Ora (Warner Varnado) · NYSDOT"}},{"type":"Feature","geometry":{"type":"Point","coordinates":[-75.950549,43.975218]},"properties":{"id":"ora-ny-215","name":"NY 3 at I-81","state":"NY","provider":"NYSDOT","hls":"https://s7.nysdot.skyvdn.com:443/rtplive/R7_004/playlist.m3u8","snapshot":"https://511ny.org/map/Cctv/4665","refreshMs":30000,"attribution":"Ora (Warner Varnado) · NYSDOT"}},{"type":"Feature","geometry":{"type":"Point","coordinates":[-76.024523,43.809305]},"properties":{"id":"ora-ny-216","name":"US 11 at NY 178","state":"NY","provider":"NYSDOT","hls":"https://s7.nysdot.skyvdn.com:443/rtplive/R7_005/playlist.m3u8","snapshot":"https://511ny.org/map/Cctv/4666","refreshMs":30000,"attribution":"Ora (Warner Varnado) · NYSDOT"}},{"type":"Feature","geometry":{"type":"Point","coordinates":[-76.034626,43.811311]},"properties":{"id":"ora-ny-217","name":"I-81 at NY 178 (Exit 41)","state":"NY","provider":"NYSDOT","hls":"https://s7.nysdot.skyvdn.com:443/rtplive/R7_006/playlist.m3u8","snapshot":"https://511ny.org/map/Cctv/4667","refreshMs":30000,"attribution":"Ora (Warner Varnado) · NYSDOT"}},{"type":"Feature","geometry":{"type":"Point","coordinates":[-75.970898,44.289664]},"properties":{"id":"ora-ny-218","name":"I-81 at Exit 50","state":"NY","provider":"NYSDOT","hls":"https://s7.nysdot.skyvdn.com:443/rtplive/R7_007/playlist.m3u8","snapshot":"https://511ny.org/map/Cctv/4668","refreshMs":30000,"attribution":"Ora (Warner Varnado) · NYSDOT"}},{"type":"Feature","geometry":{"type":"Point","coordinates":[-76.100789,43.59567]},"properties":{"id":"ora-ny-219","name":"I-81 south of Exit 37 (Sandy Creek)","state":"NY","provider":"NYSDOT","hls":"https://s7.nysdot.skyvdn.com:443/rtplive/R3_065/playlist.m3u8","snapshot":"https://511ny.org/map/Cctv/4679","refreshMs":30000,"attribution":"Ora (Warner Varnado) · NYSDOT"}},{"type":"Feature","geometry":{"type":"Point","coordinates":[-76.120311,43.483059]},"properties":{"id":"ora-ny-220","name":"I-81 north of Exit 34 (Richland)","state":"NY","provider":"NYSDOT","hls":"https://s7.nysdot.skyvdn.com:443/rtplive/R3_066/playlist.m3u8","snapshot":"https://511ny.org/map/Cctv/4680","refreshMs":30000,"attribution":"Ora (Warner Varnado) · NYSDOT"}},{"type":"Feature","geometry":{"type":"Point","coordinates":[-76.1427,43.0323]},"properties":{"id":"ora-ny-221","name":"I-81 north of Exit 17 (Brighton)","state":"NY","provider":"NYSDOT","hls":"https://s7.nysdot.skyvdn.com:443/rtplive/R3_068/playlist.m3u8","snapshot":"https://511ny.org/map/Cctv/4681","refreshMs":30000,"attribution":"Ora (Warner Varnado) · NYSDOT"}},{"type":"Feature","geometry":{"type":"Point","coordinates":[-76.114676,42.905305]},"properties":{"id":"ora-ny-222","name":"I-81 south of Exit 16 (Nedrow)","state":"NY","provider":"NYSDOT","hls":"https://s7.nysdot.skyvdn.com:443/rtplive/R3_069/playlist.m3u8","snapshot":"https://511ny.org/map/Cctv/4682","refreshMs":30000,"attribution":"Ora (Warner Varnado) · NYSDOT"}},{"type":"Feature","geometry":{"type":"Point","coordinates":[-76.11257,42.868948]},"properties":{"id":"ora-ny-223","name":"I-81 south of Exit 15 (Lafayette)","state":"NY","provider":"NYSDOT","hls":"https://s7.nysdot.skyvdn.com:443/rtplive/R3_070/playlist.m3u8","snapshot":"https://511ny.org/map/Cctv/4683","refreshMs":30000,"attribution":"Ora (Warner Varnado) · NYSDOT"}},{"type":"Feature","geometry":{"type":"Point","coordinates":[-78.100372,42.224633]},"properties":{"id":"ora-ny-224","name":"I-86 at Friendship Rest Area","state":"NY","provider":"NYSDOT","hls":"https://s7.nysdot.skyvdn.com:443/rtplive/R6_029/playlist.m3u8","snapshot":"https://511ny.org/map/Cctv/4687","refreshMs":30000,"attribution":"Ora (Warner Varnado) · NYSDOT"}},{"type":"Feature","geometry":{"type":"Point","coordinates":[-76.806345,42.147616]},"properties":{"id":"ora-ny-225","name":"I-86 Exit 54 @ NY 13","state":"NY","provider":"NYSDOT","hls":"https://s7.nysdot.skyvdn.com:443/rtplive/R6_030/playlist.m3u8","snapshot":"https://511ny.org/map/Cctv/4688","refreshMs":30000,"attribution":"Ora (Warner Varnado) · NYSDOT"}},{"type":"Feature","geometry":{"type":"Point","coordinates":[-73.582327,40.656368]},"properties":{"id":"ora-ny-226","name":"NY 27 at Main Street","state":"NY","provider":"NYSDOT","hls":"https://s7.nysdot.skyvdn.com:443/rtplive/R10_338/playlist.m3u8","snapshot":"https://511ny.org/map/Cctv/4691","refreshMs":30000,"attribution":"Ora (Warner Varnado) · NYSDOT"}},{"type":"Feature","geometry":{"type":"Point","coordinates":[-73.59048,40.65619]},"properties":{"id":"ora-ny-227","name":"NY 27 at South Long Beach Ave","state":"NY","provider":"NYSDOT","hls":"https://s7.nysdot.skyvdn.com:443/rtplive/R10_337/playlist.m3u8","snapshot":"https://511ny.org/map/Cctv/4692","refreshMs":30000,"attribution":"Ora (Warner Varnado) · NYSDOT"}},{"type":"Feature","geometry":{"type":"Point","coordinates":[-73.609568,40.65643]},"properties":{"id":"ora-ny-228","name":"NY 27 at Grand Ave","state":"NY","provider":"NYSDOT","hls":"https://s7.nysdot.skyvdn.com:443/rtplive/R10_336/playlist.m3u8","snapshot":"https://511ny.org/map/Cctv/4693","refreshMs":30000,"attribution":"Ora (Warner Varnado) · NYSDOT"}},{"type":"Feature","geometry":{"type":"Point","coordinates":[-73.92713,40.72997]},"properties":{"id":"ora-ny-229","name":"I-278 at 56th Road","state":"NY","provider":"NYSDOT","hls":"https://s7.nysdot.skyvdn.com:443/rtplive/R11_222/playlist.m3u8","snapshot":"https://511ny.org/map/Cctv/4694","refreshMs":30000,"attribution":"Ora (Warner Varnado) · NYSDOT"}},{"type":"Feature","geometry":{"type":"Point","coordinates":[-73.05949,40.769652]},"properties":{"id":"ora-ny-230","name":"NY27 at Vets Hwy","state":"NY","provider":"NYSDOT","hls":"https://s7.nysdot.skyvdn.com:443/rtplive/R10_367/playlist.m3u8","snapshot":"https://511ny.org/map/Cctv/4695","refreshMs":30000,"attribution":"Ora (Warner Varnado) · NYSDOT"}},{"type":"Feature","geometry":{"type":"Point","coordinates":[-73.92397,40.73494]},"properties":{"id":"ora-ny-231","name":"I-495 ramp to W/B I-278","state":"NY","provider":"NYSDOT","hls":"https://s7.nysdot.skyvdn.com:443/rtplive/R11_232/playlist.m3u8","snapshot":"https://511ny.org/map/Cctv/4696","refreshMs":30000,"attribution":"Ora (Warner Varnado) · NYSDOT"}},{"type":"Feature","geometry":{"type":"Point","coordinates":[-73.99875,40.67174]},"properties":{"id":"ora-ny-232","name":"I-278 at Gowanus Canal","state":"NY","provider":"NYSDOT","hls":"https://s7.nysdot.skyvdn.com:443/rtplive/R11_234/playlist.m3u8","snapshot":"https://511ny.org/map/Cctv/4697","refreshMs":30000,"attribution":"Ora (Warner Varnado) · NYSDOT"}},{"type":"Feature","geometry":{"type":"Point","coordinates":[-75.287674,43.073326]},"properties":{"id":"ora-ny-233","name":"Genesee St at Oxford Rd","state":"NY","provider":"NYSDOT","hls":"https://s7.nysdot.skyvdn.com:443/rtplive/R2_047/playlist.m3u8","snapshot":"https://511ny.org/map/Cctv/4698","refreshMs":30000,"attribution":"Ora (Warner Varnado) · NYSDOT"}},{"type":"Feature","geometry":{"type":"Point","coordinates":[-75.597312,43.1152]},"properties":{"id":"ora-ny-234","name":"NY 365 at Patrick Rd","state":"NY","provider":"NYSDOT","hls":"https://s7.nysdot.skyvdn.com:443/rtplive/R2_045/playlist.m3u8","snapshot":"https://511ny.org/map/Cctv/4699","refreshMs":30000,"attribution":"Ora (Warner Varnado) · NYSDOT"}},{"type":"Feature","geometry":{"type":"Point","coordinates":[-74.376889,42.954324]},"properties":{"id":"ora-ny-235","name":"NY 5 at NY 30A Broadway","state":"NY","provider":"NYSDOT","hls":"https://s7.nysdot.skyvdn.com:443/rtplive/R2_046/playlist.m3u8","snapshot":"https://511ny.org/map/Cctv/4700","refreshMs":30000,"attribution":"Ora (Warner Varnado) · NYSDOT"}},{"type":"Feature","geometry":{"type":"Point","coordinates":[-75.2162,43.112055]},"properties":{"id":"ora-ny-236","name":"North Genesee St High Mast at Fleet#2","state":"NY","provider":"NYSDOT","hls":"https://s7.nysdot.skyvdn.com:443/rtplive/R2_044/playlist.m3u8","snapshot":"https://511ny.org/map/Cctv/4701","refreshMs":30000,"attribution":"Ora (Warner Varnado) · NYSDOT"}},{"type":"Feature","geometry":{"type":"Point","coordinates":[-73.87133,40.8483]},"properties":{"id":"ora-ny-237","name":"Bronx River Parkway at Sagamore Street","state":"NY","provider":"NYSDOT","hls":"https://s7.nysdot.skyvdn.com:443/rtplive/R11_236/playlist.m3u8","snapshot":"https://511ny.org/map/Cctv/4702","refreshMs":30000,"attribution":"Ora (Warner Varnado) · NYSDOT"}},{"type":"Feature","geometry":{"type":"Point","coordinates":[-73.87018,40.87852]},"properties":{"id":"ora-ny-238","name":"Bronx River Parkway at Gun Hill Road","state":"NY","provider":"NYSDOT","hls":"https://s7.nysdot.skyvdn.com:443/rtplive/R11_238/playlist.m3u8","snapshot":"https://511ny.org/map/Cctv/4703","refreshMs":30000,"attribution":"Ora (Warner Varnado) · NYSDOT"}},{"type":"Feature","geometry":{"type":"Point","coordinates":[-74.06939,40.60381]},"properties":{"id":"ora-ny-239","name":"I-278 at Fingerboard Road","state":"NY","provider":"NYSDOT","hls":"https://s7.nysdot.skyvdn.com:443/rtplive/R11_243/playlist.m3u8","snapshot":"https://511ny.org/map/Cctv/4704","refreshMs":30000,"attribution":"Ora (Warner Varnado) · NYSDOT"}},{"type":"Feature","geometry":{"type":"Point","coordinates":[-73.87465,40.77202]},"properties":{"id":"ora-ny-240","name":"907M at 94 Street","state":"NY","provider":"NYSDOT","hls":"https://s7.nysdot.skyvdn.com:443/rtplive/R11_244/playlist.m3u8","snapshot":"https://511ny.org/map/Cctv/4705","refreshMs":30000,"attribution":"Ora (Warner Varnado) · NYSDOT"}},{"type":"Feature","geometry":{"type":"Point","coordinates":[-73.8914,40.76647]},"properties":{"id":"ora-ny-241","name":"907M at W/B I-278/BQE Ramp","state":"NY","provider":"NYSDOT","hls":"https://s7.nysdot.skyvdn.com:443/rtplive/R11_245/playlist.m3u8","snapshot":"https://511ny.org/map/Cctv/4706","refreshMs":30000,"attribution":"Ora (Warner Varnado) · NYSDOT"}},{"type":"Feature","geometry":{"type":"Point","coordinates":[-73.86752,40.77008]},"properties":{"id":"ora-ny-242","name":"907M at 102 Street","state":"NY","provider":"NYSDOT","hls":"https://s7.nysdot.skyvdn.com:443/rtplive/R11_246/playlist.m3u8","snapshot":"https://511ny.org/map/Cctv/4707","refreshMs":30000,"attribution":"Ora (Warner Varnado) · NYSDOT"}},{"type":"Feature","geometry":{"type":"Point","coordinates":[-74.0219,40.64071]},"properties":{"id":"ora-ny-243","name":"I-278 at 63rd Street","state":"NY","provider":"NYSDOT","hls":"https://s7.nysdot.skyvdn.com:443/rtplive/R11_247/playlist.m3u8","snapshot":"https://511ny.org/map/Cctv/4708","refreshMs":30000,"attribution":"Ora (Warner Varnado) · NYSDOT"}},{"type":"Feature","geometry":{"type":"Point","coordinates":[-74.12229,40.60928]},"properties":{"id":"ora-ny-244","name":"I-278 at Manor Road","state":"NY","provider":"NYSDOT","hls":"https://s7.nysdot.skyvdn.com:443/rtplive/R11_248/playlist.m3u8","snapshot":"https://511ny.org/map/Cctv/4709","refreshMs":30000,"attribution":"Ora (Warner Varnado) · NYSDOT"}},{"type":"Feature","geometry":{"type":"Point","coordinates":[-73.90725,40.76853]},"properties":{"id":"ora-ny-245","name":"907M at 44th Street","state":"NY","provider":"NYSDOT","hls":"https://s7.nysdot.skyvdn.com:443/rtplive/R11_249/playlist.m3u8","snapshot":"https://511ny.org/map/Cctv/4710","refreshMs":30000,"attribution":"Ora (Warner Varnado) · NYSDOT"}},{"type":"Feature","geometry":{"type":"Point","coordinates":[-73.87125,40.85244]},"properties":{"id":"ora-ny-246","name":"Bronx River Parkway at Boston Road","state":"NY","provider":"NYSDOT","hls":"https://s7.nysdot.skyvdn.com:443/rtplive/R11_250/playlist.m3u8","snapshot":"https://511ny.org/map/Cctv/4711","refreshMs":30000,"attribution":"Ora (Warner Varnado) · NYSDOT"}},{"type":"Feature","geometry":{"type":"Point","coordinates":[-77.597088,43.247226]},"properties":{"id":"ora-ny-247","name":"St Paul Blvd and Lakeshore Blvd","state":"NY","provider":"NYSDOT","hls":"https://s7.nysdot.skyvdn.com:443/rtplive/R4_300/playlist.m3u8","snapshot":"https://511ny.org/map/Cctv/4712","refreshMs":30000,"attribution":"Ora (Warner Varnado) · NYSDOT"}},{"type":"Feature","geometry":{"type":"Point","coordinates":[-77.616874,43.167233]},"properties":{"id":"ora-ny-248","name":"St. Paul St at Upper Falls Blvd","state":"NY","provider":"NYSDOT","hls":"https://s7.nysdot.skyvdn.com:443/rtplive/R4_205/playlist.m3u8","snapshot":"https://511ny.org/map/Cctv/4713","refreshMs":30000,"attribution":"Ora (Warner Varnado) · NYSDOT"}},{"type":"Feature","geometry":{"type":"Point","coordinates":[-77.625284,43.181032]},"properties":{"id":"ora-ny-249","name":"St. Paul at East Avenue","state":"NY","provider":"NYSDOT","hls":"https://s7.nysdot.skyvdn.com:443/rtplive/R4_206/playlist.m3u8","snapshot":"https://511ny.org/map/Cctv/4714","refreshMs":30000,"attribution":"Ora (Warner Varnado) · NYSDOT"}},{"type":"Feature","geometry":{"type":"Point","coordinates":[-77.592488,43.145866]},"properties":{"id":"ora-ny-250","name":"Monroe Ave at S Goodman St","state":"NY","provider":"NYSDOT","hls":"https://s7.nysdot.skyvdn.com:443/rtplive/R4_208/playlist.m3u8","snapshot":"https://511ny.org/map/Cctv/4715","refreshMs":30000,"attribution":"Ora (Warner Varnado) · NYSDOT"}},{"type":"Feature","geometry":{"type":"Point","coordinates":[-77.613234,43.141077]},"properties":{"id":"ora-ny-251","name":"Mt Hope Ave at Ford St / Wilson St","state":"NY","provider":"NYSDOT","hls":"https://s7.nysdot.skyvdn.com:443/rtplive/R4_210/playlist.m3u8","snapshot":"https://511ny.org/map/Cctv/4716","refreshMs":30000,"attribution":"Ora (Warner Varnado) · NYSDOT"}},{"type":"Feature","geometry":{"type":"Point","coordinates":[-73.75017,40.75058]},"properties":{"id":"ora-ny-252","name":"I-495 at 228 Street","state":"NY","provider":"NYSDOT","hls":"https://s7.nysdot.skyvdn.com:443/rtplive/R11_255/playlist.m3u8","snapshot":"https://511ny.org/map/Cctv/4717","refreshMs":30000,"attribution":"Ora (Warner Varnado) · NYSDOT"}},{"type":"Feature","geometry":{"type":"Point","coordinates":[-74.11515,40.61152]},"properties":{"id":"ora-ny-253","name":"I-278 at Slosson Ave","state":"NY","provider":"NYSDOT","hls":"https://s7.nysdot.skyvdn.com:443/rtplive/R11_256/playlist.m3u8","snapshot":"https://511ny.org/map/Cctv/4718","refreshMs":30000,"attribution":"Ora (Warner Varnado) · NYSDOT"}},{"type":"Feature","geometry":{"type":"Point","coordinates":[-73.96364,40.81592]},"properties":{"id":"ora-ny-254","name":"Henry Hudson Pkwy at La Salle Street","state":"NY","provider":"NYSDOT","hls":"https://s7.nysdot.skyvdn.com:443/rtplive/R11_258/playlist.m3u8","snapshot":"https://511ny.org/map/Cctv/4719","refreshMs":30000,"attribution":"Ora (Warner Varnado) · NYSDOT"}},{"type":"Feature","geometry":{"type":"Point","coordinates":[-73.94744,40.83851]},"properties":{"id":"ora-ny-255","name":"Henry Hudson Pkwy at W. 163 Street","state":"NY","provider":"NYSDOT","hls":"https://s7.nysdot.skyvdn.com:443/rtplive/R11_259/playlist.m3u8","snapshot":"https://511ny.org/map/Cctv/4720","refreshMs":30000,"attribution":"Ora (Warner Varnado) · NYSDOT"}},{"type":"Feature","geometry":{"type":"Point","coordinates":[-73.82459,40.71332]},"properties":{"id":"ora-ny-256","name":"I-678 at 82 Ave","state":"NY","provider":"NYSDOT","hls":"https://s7.nysdot.skyvdn.com:443/rtplive/R11_265/playlist.m3u8","snapshot":"https://511ny.org/map/Cctv/4721","refreshMs":30000,"attribution":"Ora (Warner Varnado) · NYSDOT"}},{"type":"Feature","geometry":{"type":"Point","coordinates":[-73.94339,40.84807]},"properties":{"id":"ora-ny-257","name":"Henry Hudson Pkwy at W. 177 Street","state":"NY","provider":"NYSDOT","hls":"https://s7.nysdot.skyvdn.com:443/rtplive/R11_267/playlist.m3u8","snapshot":"https://511ny.org/map/Cctv/4722","refreshMs":30000,"attribution":"Ora (Warner Varnado) · NYSDOT"}},{"type":"Feature","geometry":{"type":"Point","coordinates":[-76.132081,43.246601]},"properties":{"id":"ora-ny-258","name":"I-81 south of Exit 32 (Hastings)","state":"NY","provider":"NYSDOT","hls":"https://s7.nysdot.skyvdn.com:443/rtplive/R3_067/playlist.m3u8","snapshot":"https://511ny.org/map/Cctv/4724","refreshMs":30000,"attribution":"Ora (Warner Varnado) · NYSDOT"}},{"type":"Feature","geometry":{"type":"Point","coordinates":[-73.83168,40.72585]},"properties":{"id":"ora-ny-259","name":"I-678 at Jewel Avenue","state":"NY","provider":"NYSDOT","hls":"https://s7.nysdot.skyvdn.com:443/rtplive/R11_299/playlist.m3u8","snapshot":"https://511ny.org/map/Cctv/4725","refreshMs":30000,"attribution":"Ora (Warner Varnado) · NYSDOT"}},{"type":"Feature","geometry":{"type":"Point","coordinates":[-73.878106,41.190242]},"properties":{"id":"ora-ny-260","name":"US9/NY9A at Croton Point Ave. (Croton-on-Hudson)","state":"NY","provider":"NYSDOT","hls":"https://s7.nysdot.skyvdn.com:443/rtplive/R8_117/playlist.m3u8","snapshot":"https://511ny.org/map/Cctv/4726","refreshMs":30000,"attribution":"Ora (Warner Varnado) · NYSDOT"}},{"type":"Feature","geometry":{"type":"Point","coordinates":[-73.718895,41.009604]},"properties":{"id":"ora-ny-261","name":"Hutchinson River Parkway South of Exit 15A (I-287)","state":"NY","provider":"NYSDOT","hls":"https://s7.nysdot.skyvdn.com:443/rtplive/R8_113/playlist.m3u8","snapshot":"https://511ny.org/map/Cctv/4727","refreshMs":30000,"attribution":"Ora (Warner Varnado) · NYSDOT"}},{"type":"Feature","geometry":{"type":"Point","coordinates":[-73.722431,41.034631]},"properties":{"id":"ora-ny-262","name":"I-684 North of Anderson Hill Road","state":"NY","provider":"NYSDOT","hls":"https://s7.nysdot.skyvdn.com:443/rtplive/R8_118/playlist.m3u8","snapshot":"https://511ny.org/map/Cctv/4728","refreshMs":30000,"attribution":"Ora (Warner Varnado) · NYSDOT"}},{"type":"Feature","geometry":{"type":"Point","coordinates":[-73.95367,40.82727]},"properties":{"id":"ora-ny-263","name":"Henry Hudson Pkwy at W. 145 Street","state":"NY","provider":"NYSDOT","hls":"https://s7.nysdot.skyvdn.com:443/rtplive/R11_300/playlist.m3u8","snapshot":"https://511ny.org/map/Cctv/4729","refreshMs":30000,"attribution":"Ora (Warner Varnado) · NYSDOT"}},{"type":"Feature","geometry":{"type":"Point","coordinates":[-73.85071,40.959703]},"properties":{"id":"ora-ny-264","name":"Sprain Brook Parkway NB North of Tuckahoe Rd. ","state":"NY","provider":"NYSDOT","hls":"https://s7.nysdot.skyvdn.com:443/rtplive/R8_124/playlist.m3u8","snapshot":"https://511ny.org/map/Cctv/4732","refreshMs":30000,"attribution":"Ora (Warner Varnado) · NYSDOT"}},{"type":"Feature","geometry":{"type":"Point","coordinates":[-73.851933,40.95979]},"properties":{"id":"ora-ny-265","name":"Sprain Brook Parkway SB North of Tuckahoe Rd.","state":"NY","provider":"NYSDOT","hls":"https://s7.nysdot.skyvdn.com:443/rtplive/R8_125/playlist.m3u8","snapshot":"https://511ny.org/map/Cctv/4733","refreshMs":30000,"attribution":"Ora (Warner Varnado) · NYSDOT"}},{"type":"Feature","geometry":{"type":"Point","coordinates":[-75.37916,42.914001]},"properties":{"id":"ora-ny-266","name":"US 20 at NY 12","state":"NY","provider":"NYSDOT","hls":"https://s7.nysdot.skyvdn.com:443/rtplive/R2_039/playlist.m3u8","snapshot":"https://511ny.org/map/Cctv/4737","refreshMs":30000,"attribution":"Ora (Warner Varnado) · NYSDOT"}},{"type":"Feature","geometry":{"type":"Point","coordinates":[-74.99543,43.014494]},"properties":{"id":"ora-ny-267","name":"NY 5S EB at NY 28 Mohawk Station","state":"NY","provider":"NYSDOT","hls":"https://s7.nysdot.skyvdn.com:443/rtplive/R2_037/playlist.m3u8","snapshot":"https://511ny.org/map/Cctv/4738","refreshMs":30000,"attribution":"Ora (Warner Varnado) · NYSDOT"}},{"type":"Feature","geometry":{"type":"Point","coordinates":[-75.250974,42.879282]},"properties":{"id":"ora-ny-268","name":"US 20 at NY 8","state":"NY","provider":"NYSDOT","hls":"https://s7.nysdot.skyvdn.com:443/rtplive/R2_038/playlist.m3u8","snapshot":"https://511ny.org/map/Cctv/4739","refreshMs":30000,"attribution":"Ora (Warner Varnado) · NYSDOT"}},{"type":"Feature","geometry":{"type":"Point","coordinates":[-75.228598,43.102777]},"properties":{"id":"ora-ny-269","name":"NY 5S at N Genesee St","state":"NY","provider":"NYSDOT","hls":"https://s7.nysdot.skyvdn.com:443/rtplive/R2_040/playlist.m3u8","snapshot":"https://511ny.org/map/Cctv/4740","refreshMs":30000,"attribution":"Ora (Warner Varnado) · NYSDOT"}},{"type":"Feature","geometry":{"type":"Point","coordinates":[-75.318352,43.476953]},"properties":{"id":"ora-ny-270","name":"NY 12 at Woodgate","state":"NY","provider":"NYSDOT","hls":"https://s7.nysdot.skyvdn.com:443/rtplive/R2_048/playlist.m3u8","snapshot":"https://511ny.org/map/Cctv/4741","refreshMs":30000,"attribution":"Ora (Warner Varnado) · NYSDOT"}},{"type":"Feature","geometry":{"type":"Point","coordinates":[-77.528908,43.128576]},"properties":{"id":"ora-ny-271","name":"East Ave at Elmwood Ave","state":"NY","provider":"NYSDOT","hls":"https://s7.nysdot.skyvdn.com:443/rtplive/R4_099/playlist.m3u8","snapshot":"https://511ny.org/map/Cctv/4742","refreshMs":30000,"attribution":"Ora (Warner Varnado) · NYSDOT"}},{"type":"Feature","geometry":{"type":"Point","coordinates":[-73.774562,41.538471]},"properties":{"id":"ora-ny-272","name":"I-84 at Exit 52B (TSP NB)","state":"NY","provider":"NYSDOT","hls":"https://s7.nysdot.skyvdn.com:443/rtplive/R8_005/playlist.m3u8","snapshot":"https://511ny.org/map/Cctv/4743","refreshMs":30000,"attribution":"Ora (Warner Varnado) · NYSDOT"}},{"type":"Feature","geometry":{"type":"Point","coordinates":[-77.608874,43.156652]},"properties":{"id":"ora-ny-273","name":"Main St & St Paul/South","state":"NY","provider":"NYSDOT","hls":"https://s7.nysdot.skyvdn.com:443/rtplive/R4_272/playlist.m3u8","snapshot":"https://511ny.org/map/Cctv/4744","refreshMs":30000,"attribution":"Ora (Warner Varnado) · NYSDOT"}},{"type":"Feature","geometry":{"type":"Point","coordinates":[-77.606393,43.157096]},"properties":{"id":"ora-ny-274","name":"Main St at Clinton Ave","state":"NY","provider":"NYSDOT","hls":"https://s7.nysdot.skyvdn.com:443/rtplive/R4_273/playlist.m3u8","snapshot":"https://511ny.org/map/Cctv/4745","refreshMs":30000,"attribution":"Ora (Warner Varnado) · NYSDOT"}},{"type":"Feature","geometry":{"type":"Point","coordinates":[-77.606328,43.148678]},"properties":{"id":"ora-ny-275","name":"South Ave at Byron/Mt. Hope","state":"NY","provider":"NYSDOT","hls":"https://s7.nysdot.skyvdn.com:443/rtplive/R4_274/playlist.m3u8","snapshot":"https://511ny.org/map/Cctv/4746","refreshMs":30000,"attribution":"Ora (Warner Varnado) · NYSDOT"}},{"type":"Feature","geometry":{"type":"Point","coordinates":[-77.620638,43.153821]},"properties":{"id":"ora-ny-276","name":"Main St at Broad/Ford","state":"NY","provider":"NYSDOT","hls":"https://s7.nysdot.skyvdn.com:443/rtplive/R4_275/playlist.m3u8","snapshot":"https://511ny.org/map/Cctv/4747","refreshMs":30000,"attribution":"Ora (Warner Varnado) · NYSDOT"}},{"type":"Feature","geometry":{"type":"Point","coordinates":[-77.627536,43.068345]},"properties":{"id":"ora-ny-277","name":"Calkins Rd at Hylan Dr","state":"NY","provider":"NYSDOT","hls":"https://s7.nysdot.skyvdn.com:443/rtplive/R4_276/playlist.m3u8","snapshot":"https://511ny.org/map/Cctv/4748","refreshMs":30000,"attribution":"Ora (Warner Varnado) · NYSDOT"}},{"type":"Feature","geometry":{"type":"Point","coordinates":[-77.58020117,43.09955778]},"properties":{"id":"ora-ny-278","name":"Winton Rd at Canal Bridge","state":"NY","provider":"NYSDOT","hls":"https://s7.nysdot.skyvdn.com:443/rtplive/R4_301/playlist.m3u8","snapshot":"https://511ny.org/map/Cctv/4753","refreshMs":30000,"attribution":"Ora (Warner Varnado) · NYSDOT"}},{"type":"Feature","geometry":{"type":"Point","coordinates":[-77.61517905,43.24970786]},"properties":{"id":"ora-ny-279","name":"Lake Ave at LOSP","state":"NY","provider":"NYSDOT","hls":"https://s7.nysdot.skyvdn.com:443/rtplive/R4_302/playlist.m3u8","snapshot":"https://511ny.org/map/Cctv/4754","refreshMs":30000,"attribution":"Ora (Warner Varnado) · NYSDOT"}},{"type":"Feature","geometry":{"type":"Point","coordinates":[-77.60223764,43.15142928]},"properties":{"id":"ora-ny-280","name":"Monroe Ave/Chestnut at Howell","state":"NY","provider":"NYSDOT","hls":"https://s7.nysdot.skyvdn.com:443/rtplive/R4_304/playlist.m3u8","snapshot":"https://511ny.org/map/Cctv/4756","refreshMs":30000,"attribution":"Ora (Warner Varnado) · NYSDOT"}},{"type":"Feature","geometry":{"type":"Point","coordinates":[-77.61407365,43.12489337]},"properties":{"id":"ora-ny-281","name":"South Ave at Elmwood Ave CAM 2","state":"NY","provider":"NYSDOT","hls":"https://s7.nysdot.skyvdn.com:443/rtplive/R4_308/playlist.m3u8","snapshot":"https://511ny.org/map/Cctv/4759","refreshMs":30000,"attribution":"Ora (Warner Varnado) · NYSDOT"}},{"type":"Feature","geometry":{"type":"Point","coordinates":[-74.17604,40.55455]},"properties":{"id":"ora-ny-282","name":"909C at Annadale Road","state":"NY","provider":"NYSDOT","hls":"https://s7.nysdot.skyvdn.com:443/rtplive/R11_191/playlist.m3u8","snapshot":"https://511ny.org/map/Cctv/4760","refreshMs":30000,"attribution":"Ora (Warner Varnado) · NYSDOT"}},{"type":"Feature","geometry":{"type":"Point","coordinates":[-74.15147,40.61851]},"properties":{"id":"ora-ny-283","name":"NY440 at Watchogue Road","state":"NY","provider":"NYSDOT","hls":"https://s7.nysdot.skyvdn.com:443/rtplive/R11_192/playlist.m3u8","snapshot":"https://511ny.org/map/Cctv/4761","refreshMs":30000,"attribution":"Ora (Warner Varnado) · NYSDOT"}},{"type":"Feature","geometry":{"type":"Point","coordinates":[-74.14613,40.62468]},"properties":{"id":"ora-ny-284","name":"NY440 at Forest Avenue","state":"NY","provider":"NYSDOT","hls":"https://s7.nysdot.skyvdn.com:443/rtplive/R11_193/playlist.m3u8","snapshot":"https://511ny.org/map/Cctv/4762","refreshMs":30000,"attribution":"Ora (Warner Varnado) · NYSDOT"}},{"type":"Feature","geometry":{"type":"Point","coordinates":[-74.14554,40.63076]},"properties":{"id":"ora-ny-285","name":"NY440 at Walker Street / Bayonne Br.","state":"NY","provider":"NYSDOT","hls":"https://s7.nysdot.skyvdn.com:443/rtplive/R11_194/playlist.m3u8","snapshot":"https://511ny.org/map/Cctv/4763","refreshMs":30000,"attribution":"Ora (Warner Varnado) · NYSDOT"}},{"type":"Feature","geometry":{"type":"Point","coordinates":[-74.22363,40.5324]},"properties":{"id":"ora-ny-286","name":"NY440 at Englewood Avenue","state":"NY","provider":"NYSDOT","hls":"https://s7.nysdot.skyvdn.com:443/rtplive/R11_195/playlist.m3u8","snapshot":"https://511ny.org/map/Cctv/4764","refreshMs":30000,"attribution":"Ora (Warner Varnado) · NYSDOT"}},{"type":"Feature","geometry":{"type":"Point","coordinates":[-74.22431,40.54096]},"properties":{"id":"ora-ny-287","name":"NY440 at Woodrow Road","state":"NY","provider":"NYSDOT","hls":"https://s7.nysdot.skyvdn.com:443/rtplive/R11_196/playlist.m3u8","snapshot":"https://511ny.org/map/Cctv/4765","refreshMs":30000,"attribution":"Ora (Warner Varnado) · NYSDOT"}},{"type":"Feature","geometry":{"type":"Point","coordinates":[-74.22083,40.54856]},"properties":{"id":"ora-ny-288","name":"NY440 at Bloomingdale Road","state":"NY","provider":"NYSDOT","hls":"https://s7.nysdot.skyvdn.com:443/rtplive/R11_197/playlist.m3u8","snapshot":"https://511ny.org/map/Cctv/4766","refreshMs":30000,"attribution":"Ora (Warner Varnado) · NYSDOT"}},{"type":"Feature","geometry":{"type":"Point","coordinates":[-74.21335,40.55488]},"properties":{"id":"ora-ny-289","name":"NY440 at Rossville Avenue","state":"NY","provider":"NYSDOT","hls":"https://s7.nysdot.skyvdn.com:443/rtplive/R11_198/playlist.m3u8","snapshot":"https://511ny.org/map/Cctv/4767","refreshMs":30000,"attribution":"Ora (Warner Varnado) · NYSDOT"}},{"type":"Feature","geometry":{"type":"Point","coordinates":[-74.19917,40.56043]},"properties":{"id":"ora-ny-290","name":"NY440 at Arden Avenue","state":"NY","provider":"NYSDOT","hls":"https://s7.nysdot.skyvdn.com:443/rtplive/R11_199/playlist.m3u8","snapshot":"https://511ny.org/map/Cctv/4768","refreshMs":30000,"attribution":"Ora (Warner Varnado) · NYSDOT"}},{"type":"Feature","geometry":{"type":"Point","coordinates":[-74.19103,40.56889]},"properties":{"id":"ora-ny-291","name":"NY440 at Muldoon Avenue","state":"NY","provider":"NYSDOT","hls":"https://s7.nysdot.skyvdn.com:443/rtplive/R11_200/playlist.m3u8","snapshot":"https://511ny.org/map/Cctv/4769","refreshMs":30000,"attribution":"Ora (Warner Varnado) · NYSDOT"}},{"type":"Feature","geometry":{"type":"Point","coordinates":[-77.627589,43.194027]},"properties":{"id":"ora-ny-292","name":"Lake Ave at Ridgeway Ave","state":"NY","provider":"NYSDOT","hls":"https://s7.nysdot.skyvdn.com:443/rtplive/R4_079/playlist.m3u8","snapshot":"https://511ny.org/map/Cctv/4770","refreshMs":30000,"attribution":"Ora (Warner Varnado) · NYSDOT"}},{"type":"Feature","geometry":{"type":"Point","coordinates":[-77.094477,42.157244]},"properties":{"id":"ora-ny-293","name":"Hamilton St at Exit 44 Westbound","state":"NY","provider":"NYSDOT","hls":"https://s7.nysdot.skyvdn.com:443/rtplive/R6_011/playlist.m3u8","snapshot":"https://511ny.org/map/Cctv/4772","refreshMs":30000,"attribution":"Ora (Warner Varnado) · NYSDOT"}},{"type":"Feature","geometry":{"type":"Point","coordinates":[-77.099381,42.153833]},"properties":{"id":"ora-ny-294","name":"Canada Rd at I-99 Southbound","state":"NY","provider":"NYSDOT","hls":"https://s7.nysdot.skyvdn.com:443/rtplive/R6_013/playlist.m3u8","snapshot":"https://511ny.org/map/Cctv/4774","refreshMs":30000,"attribution":"Ora (Warner Varnado) · NYSDOT"}},{"type":"Feature","geometry":{"type":"Point","coordinates":[-76.877472,42.154088]},"properties":{"id":"ora-ny-295","name":"CR 35 at CR 64","state":"NY","provider":"NYSDOT","hls":"https://s7.nysdot.skyvdn.com:443/rtplive/R6_015/playlist.m3u8","snapshot":"https://511ny.org/map/Cctv/4775","refreshMs":30000,"attribution":"Ora (Warner Varnado) · NYSDOT"}},{"type":"Feature","geometry":{"type":"Point","coordinates":[-73.7542,42.7603]},"properties":{"id":"ora-ny-296","name":"US 7 at Old Loudon Road","state":"NY","provider":"NYSDOT","hls":"https://s7.nysdot.skyvdn.com:443/rtplive/R1_048/playlist.m3u8","snapshot":"https://511ny.org/map/Cctv/4777","refreshMs":30000,"attribution":"Ora (Warner Varnado) · NYSDOT"}},{"type":"Feature","geometry":{"type":"Point","coordinates":[-73.75005,42.66883]},"properties":{"id":"ora-ny-297","name":"I-90 at Lark/Dove Bridge","state":"NY","provider":"NYSDOT","hls":"https://s7.nysdot.skyvdn.com:443/rtplive/R1_049/playlist.m3u8","snapshot":"https://511ny.org/map/Cctv/4778","refreshMs":30000,"attribution":"Ora (Warner Varnado) · NYSDOT"}},{"type":"Feature","geometry":{"type":"Point","coordinates":[-73.81951,42.71071]},"properties":{"id":"ora-ny-298","name":"Wolf Rd South at Colonie Center","state":"NY","provider":"NYSDOT","hls":"https://s7.nysdot.skyvdn.com:443/rtplive/R1_050/playlist.m3u8","snapshot":"https://511ny.org/map/Cctv/4779","refreshMs":30000,"attribution":"Ora (Warner Varnado) · NYSDOT"}},{"type":"Feature","geometry":{"type":"Point","coordinates":[-76.13054,43.05129]},"properties":{"id":"ora-ny-299","name":"I-690 west of Exit 14 (Lodi)","state":"NY","provider":"NYSDOT","hls":"https://s7.nysdot.skyvdn.com:443/rtplive/R3_041/playlist.m3u8","snapshot":"https://511ny.org/map/Cctv/4780","refreshMs":30000,"attribution":"Ora (Warner Varnado) · NYSDOT"}},{"type":"Feature","geometry":{"type":"Point","coordinates":[-76.20679,43.072776]},"properties":{"id":"ora-ny-300","name":"I-690 at Exit 12B (Signal 314)","state":"NY","provider":"NYSDOT","hls":"https://s7.nysdot.skyvdn.com:443/rtplive/R3_042/playlist.m3u8","snapshot":"https://511ny.org/map/Cctv/4781","refreshMs":30000,"attribution":"Ora (Warner Varnado) · NYSDOT"}},{"type":"Feature","geometry":{"type":"Point","coordinates":[-76.19139,43.08806]},"properties":{"id":"ora-ny-301","name":"NY-370 east of Railroad Bridge (Parkway)","state":"NY","provider":"NYSDOT","hls":"https://s7.nysdot.skyvdn.com:443/rtplive/R3_043/playlist.m3u8","snapshot":"https://511ny.org/map/Cctv/4782","refreshMs":30000,"attribution":"Ora (Warner Varnado) · NYSDOT"}},{"type":"Feature","geometry":{"type":"Point","coordinates":[-76.18216,43.08155]},"properties":{"id":"ora-ny-302","name":"NY-370 east of Railroad Bridge-City (Parkway)","state":"NY","provider":"NYSDOT","hls":"https://s7.nysdot.skyvdn.com:443/rtplive/R3_044/playlist.m3u8","snapshot":"https://511ny.org/map/Cctv/4783","refreshMs":30000,"attribution":"Ora (Warner Varnado) · NYSDOT"}},{"type":"Feature","geometry":{"type":"Point","coordinates":[-76.135302,42.966387]},"properties":{"id":"ora-ny-303","name":"I-81 north of Exit 16 (Nedrow)","state":"NY","provider":"NYSDOT","hls":"https://s7.nysdot.skyvdn.com:443/rtplive/R3_046/playlist.m3u8","snapshot":"https://511ny.org/map/Cctv/4784","refreshMs":30000,"attribution":"Ora (Warner Varnado) · NYSDOT"}},{"type":"Feature","geometry":{"type":"Point","coordinates":[-77.683375,43.1645]},"properties":{"id":"ora-ny-304","name":"390 at Lyell Ave","state":"NY","provider":"NYSDOT","hls":"https://s7.nysdot.skyvdn.com:443/rtplive/R4_014/playlist.m3u8","snapshot":"https://511ny.org/map/Cctv/4787","refreshMs":30000,"attribution":"Ora (Warner Varnado) · NYSDOT"}},{"type":"Feature","geometry":{"type":"Point","coordinates":[-76.822627,42.157296]},"properties":{"id":"ora-ny-305","name":"I-86 Exit 53 Eastbound (Fairport Ln) at Center St","state":"NY","provider":"NYSDOT","hls":"https://s7.nysdot.skyvdn.com:443/rtplive/R6_017/playlist.m3u8","snapshot":"https://511ny.org/map/Cctv/4788","refreshMs":30000,"attribution":"Ora (Warner Varnado) · NYSDOT"}},{"type":"Feature","geometry":{"type":"Point","coordinates":[-76.839505,42.162678]},"properties":{"id":"ora-ny-306","name":"NY 14 (Westinghouse) at CR 64","state":"NY","provider":"NYSDOT","hls":"https://s7.nysdot.skyvdn.com:443/rtplive/R6_019/playlist.m3u8","snapshot":"https://511ny.org/map/Cctv/4790","refreshMs":30000,"attribution":"Ora (Warner Varnado) · NYSDOT"}},{"type":"Feature","geometry":{"type":"Point","coordinates":[-73.777763,43.822554]},"properties":{"id":"ora-ny-307","name":"I-87 Northbound at Charley Hill Rd Schroon (South of Exit 28)","state":"NY","provider":"NYSDOT","hls":"https://s7.nysdot.skyvdn.com:443/rtplive/R1_071/playlist.m3u8","snapshot":"https://511ny.org/map/Cctv/4792","refreshMs":30000,"attribution":"Ora (Warner Varnado) · NYSDOT"}},{"type":"Feature","geometry":{"type":"Point","coordinates":[-73.686119,43.335719]},"properties":{"id":"ora-ny-308","name":"I-87 Northbound at Weeks Rd Queensbury","state":"NY","provider":"NYSDOT","hls":"https://s7.nysdot.skyvdn.com:443/rtplive/R1_072/playlist.m3u8","snapshot":"https://511ny.org/map/Cctv/4793","refreshMs":30000,"attribution":"Ora (Warner Varnado) · NYSDOT"}},{"type":"Feature","geometry":{"type":"Point","coordinates":[-73.674411,43.269417]},"properties":{"id":"ora-ny-309","name":"I-87 Median - North of Hudson River Queensbury","state":"NY","provider":"NYSDOT","hls":"https://s7.nysdot.skyvdn.com:443/rtplive/R1_073/playlist.m3u8","snapshot":"https://511ny.org/map/Cctv/4794","refreshMs":30000,"attribution":"Ora (Warner Varnado) · NYSDOT"}},{"type":"Feature","geometry":{"type":"Point","coordinates":[-74.051676,42.774864]},"properties":{"id":"ora-ny-310","name":"I-88 Median - Between Exits 24 & 25 at Birchwood Dr Princetown","state":"NY","provider":"NYSDOT","hls":"https://s7.nysdot.skyvdn.com:443/rtplive/R1_074/playlist.m3u8","snapshot":"https://511ny.org/map/Cctv/4795","refreshMs":30000,"attribution":"Ora (Warner Varnado) · NYSDOT"}},{"type":"Feature","geometry":{"type":"Point","coordinates":[-73.676267,43.309423]},"properties":{"id":"ora-ny-311","name":"I-87 Southbound at Upper Sherman Ave (South of Exit 19 on ramp) Queensbury","state":"NY","provider":"NYSDOT","hls":"https://s7.nysdot.skyvdn.com:443/rtplive/R1_075/playlist.m3u8","snapshot":"https://511ny.org/map/Cctv/4796","refreshMs":30000,"attribution":"Ora (Warner Varnado) · NYSDOT"}},{"type":"Feature","geometry":{"type":"Point","coordinates":[-73.721917,43.410878]},"properties":{"id":"ora-ny-312","name":"I-87 Southbound at Prospect Mtn Hwy Lake George","state":"NY","provider":"NYSDOT","hls":"https://s7.nysdot.skyvdn.com:443/rtplive/R1_076/playlist.m3u8","snapshot":"https://511ny.org/map/Cctv/4797","refreshMs":30000,"attribution":"Ora (Warner Varnado) · NYSDOT"}},{"type":"Feature","geometry":{"type":"Point","coordinates":[-76.110656,43.583496]},"properties":{"id":"ora-ny-313","name":"I-81 north of Exit 36 (Pulaski)","state":"NY","provider":"NYSDOT","hls":"https://s7.nysdot.skyvdn.com:443/rtplive/R3_049/playlist.m3u8","snapshot":"https://511ny.org/map/Cctv/4798","refreshMs":30000,"attribution":"Ora (Warner Varnado) · NYSDOT"}},{"type":"Feature","geometry":{"type":"Point","coordinates":[-76.120216,43.519547]},"properties":{"id":"ora-ny-314","name":"I-81 south of Exit 36 (Pulaski)","state":"NY","provider":"NYSDOT","hls":"https://s7.nysdot.skyvdn.com:443/rtplive/R3_050/playlist.m3u8","snapshot":"https://511ny.org/map/Cctv/4799","refreshMs":30000,"attribution":"Ora (Warner Varnado) · NYSDOT"}},{"type":"Feature","geometry":{"type":"Point","coordinates":[-76.123214,42.81132]},"properties":{"id":"ora-ny-315","name":"I-81 north of Exit 14 (Tully)","state":"NY","provider":"NYSDOT","hls":"https://s7.nysdot.skyvdn.com:443/rtplive/R3_071/playlist.m3u8","snapshot":"https://511ny.org/map/Cctv/4810","refreshMs":30000,"attribution":"Ora (Warner Varnado) · NYSDOT"}},{"type":"Feature","geometry":{"type":"Point","coordinates":[-76.170789,42.609205]},"properties":{"id":"ora-ny-316","name":"I-81 south of Exit 12 (Cortlandville)","state":"NY","provider":"NYSDOT","hls":"https://s7.nysdot.skyvdn.com:443/rtplive/R3_072/playlist.m3u8","snapshot":"https://511ny.org/map/Cctv/4811","refreshMs":30000,"attribution":"Ora (Warner Varnado) · NYSDOT"}},{"type":"Feature","geometry":{"type":"Point","coordinates":[-76.046324,42.464447]},"properties":{"id":"ora-ny-317","name":"I-81 north of Exit 9 (Marathon)","state":"NY","provider":"NYSDOT","hls":"https://s7.nysdot.skyvdn.com:443/rtplive/R3_073/playlist.m3u8","snapshot":"https://511ny.org/map/Cctv/4812","refreshMs":30000,"attribution":"Ora (Warner Varnado) · NYSDOT"}},{"type":"Feature","geometry":{"type":"Point","coordinates":[-76.014848,42.409517]},"properties":{"id":"ora-ny-318","name":"I-81 south of Exit 9 (Marathon)","state":"NY","provider":"NYSDOT","hls":"https://s7.nysdot.skyvdn.com:443/rtplive/R3_074/playlist.m3u8","snapshot":"https://511ny.org/map/Cctv/4813","refreshMs":30000,"attribution":"Ora (Warner Varnado) · NYSDOT"}},{"type":"Feature","geometry":{"type":"Point","coordinates":[-76.510482,42.439205]},"properties":{"id":"ora-ny-319","name":"NY-13 (Fulton) at State (Ithaca)","state":"NY","provider":"NYSDOT","hls":"https://s7.nysdot.skyvdn.com:443/rtplive/R3_075/playlist.m3u8","snapshot":"https://511ny.org/map/Cctv/4814","refreshMs":30000,"attribution":"Ora (Warner Varnado) · NYSDOT"}},{"type":"Feature","geometry":{"type":"Point","coordinates":[-76.510631,42.440948]},"properties":{"id":"ora-ny-320","name":"NY-13 (Fulton) at Buffalo (Ithaca)","state":"NY","provider":"NYSDOT","hls":"https://s7.nysdot.skyvdn.com:443/rtplive/R3_076/playlist.m3u8","snapshot":"https://511ny.org/map/Cctv/4815","refreshMs":30000,"attribution":"Ora (Warner Varnado) · NYSDOT"}},{"type":"Feature","geometry":{"type":"Point","coordinates":[-76.506706,42.448382]},"properties":{"id":"ora-ny-321","name":"NY-13 at Third (Ithaca)","state":"NY","provider":"NYSDOT","hls":"https://s7.nysdot.skyvdn.com:443/rtplive/R3_077/playlist.m3u8","snapshot":"https://511ny.org/map/Cctv/4816","refreshMs":30000,"attribution":"Ora (Warner Varnado) · NYSDOT"}},{"type":"Feature","geometry":{"type":"Point","coordinates":[-73.9955,40.66675]},"properties":{"id":"ora-ny-322","name":"I-278 at NY27","state":"NY","provider":"NYSDOT","hls":"https://s7.nysdot.skyvdn.com:443/rtplive/R11_224/playlist.m3u8","snapshot":"https://511ny.org/map/Cctv/4821","refreshMs":30000,"attribution":"Ora (Warner Varnado) · NYSDOT"}},{"type":"Feature","geometry":{"type":"Point","coordinates":[-77.609335,43.08743]},"properties":{"id":"ora-ny-323","name":"Jefferson Rd at East Henrietta Rd","state":"NY","provider":"NYSDOT","hls":"https://s7.nysdot.skyvdn.com:443/rtplive/R4_096/playlist.m3u8","snapshot":"https://511ny.org/map/Cctv/4822","refreshMs":30000,"attribution":"Ora (Warner Varnado) · NYSDOT"}},{"type":"Feature","geometry":{"type":"Point","coordinates":[-77.601979,43.095348]},"properties":{"id":"ora-ny-324","name":"390 at BHTL CCTV","state":"NY","provider":"NYSDOT","hls":"https://s7.nysdot.skyvdn.com:443/rtplive/R4_095/playlist.m3u8","snapshot":"https://511ny.org/map/Cctv/4823","refreshMs":30000,"attribution":"Ora (Warner Varnado) · NYSDOT"}},{"type":"Feature","geometry":{"type":"Point","coordinates":[-77.618908,43.121588]},"properties":{"id":"ora-ny-325","name":"Mt. Hope at East Henrietta Rd","state":"NY","provider":"NYSDOT","hls":"https://s7.nysdot.skyvdn.com:443/rtplive/R4_203/playlist.m3u8","snapshot":"https://511ny.org/map/Cctv/4824","refreshMs":30000,"attribution":"Ora (Warner Varnado) · NYSDOT"}},{"type":"Feature","geometry":{"type":"Point","coordinates":[-78.87244,42.87732]},"properties":{"id":"ora-ny-326","name":"I-190 MP 004.60 NB at Interchange 6 (Elm Street)","state":"NY","provider":"NYSDOT","hls":"https://s7.nysdot.skyvdn.com:443/rtplive/TA_163/playlist.m3u8","snapshot":"https://511ny.org/map/Cctv/4825","refreshMs":30000,"attribution":"Ora (Warner Varnado) · NYSDOT"}},{"type":"Feature","geometry":{"type":"Point","coordinates":[-78.9476,43.00511]},"properties":{"id":"ora-ny-327","name":"I-190 MP 015.40 NB at Interchange 18B (Beaver Island Parkway)","state":"NY","provider":"NYSDOT","hls":"https://s7.nysdot.skyvdn.com:443/rtplive/TA_167/playlist.m3u8","snapshot":"https://511ny.org/map/Cctv/4826","refreshMs":30000,"attribution":"Ora (Warner Varnado) · NYSDOT"}},{"type":"Feature","geometry":{"type":"Point","coordinates":[-78.328695,43.01161]},"properties":{"id":"ora-ny-328","name":"I-90 MP 397.40 EB at Pembroke Service Area Truck Park 2","state":"NY","provider":"NYSDOT","hls":"https://s7.nysdot.skyvdn.com:443/rtplive/TA_191/playlist.m3u8","snapshot":"https://511ny.org/map/Cctv/4827","refreshMs":30000,"attribution":"Ora (Warner Varnado) · NYSDOT"}},{"type":"Feature","geometry":{"type":"Point","coordinates":[-74.80186,43.01685]},"properties":{"id":"ora-ny-329","name":"I-90 MP 209.90 EB at Iroquois Service Area Truck Park 1","state":"NY","provider":"NYSDOT","hls":"https://s7.nysdot.skyvdn.com:443/rtplive/TA_193/playlist.m3u8","snapshot":"https://511ny.org/map/Cctv/4828","refreshMs":30000,"attribution":"Ora (Warner Varnado) · NYSDOT"}},{"type":"Feature","geometry":{"type":"Point","coordinates":[-74.80186,43.01692]},"properties":{"id":"ora-ny-330","name":"I-90 MP 209.90 EB at Iroquois Service Area Truck Park 2","state":"NY","provider":"NYSDOT","hls":"https://s7.nysdot.skyvdn.com:443/rtplive/TA_194/playlist.m3u8","snapshot":"https://511ny.org/map/Cctv/4829","refreshMs":30000,"attribution":"Ora (Warner Varnado) · NYSDOT"}},{"type":"Feature","geometry":{"type":"Point","coordinates":[-73.85282,40.98475]},"properties":{"id":"ora-ny-331","name":"I-87 MP 006.00 NB Ardsley Service Area Truck Park 1","state":"NY","provider":"NYSDOT","hls":"https://s7.nysdot.skyvdn.com:443/rtplive/TA_195/playlist.m3u8","snapshot":"https://511ny.org/map/Cctv/4830","refreshMs":30000,"attribution":"Ora (Warner Varnado) · NYSDOT"}},{"type":"Feature","geometry":{"type":"Point","coordinates":[-73.85289,40.98513]},"properties":{"id":"ora-ny-332","name":"I-87 MP 006.00 NB Ardsley Service Area Truck Park 2","state":"NY","provider":"NYSDOT","hls":"https://s7.nysdot.skyvdn.com:443/rtplive/TA_196/playlist.m3u8","snapshot":"https://511ny.org/map/Cctv/4831","refreshMs":30000,"attribution":"Ora (Warner Varnado) · NYSDOT"}},{"type":"Feature","geometry":{"type":"Point","coordinates":[-73.8057,42.4277]},"properties":{"id":"ora-ny-333","name":"I-87 MP 127.10 SB New Baltimore Service Area Truck Park 1","state":"NY","provider":"NYSDOT","hls":"https://s7.nysdot.skyvdn.com:443/rtplive/TA_197/playlist.m3u8","snapshot":"https://511ny.org/map/Cctv/4832","refreshMs":30000,"attribution":"Ora (Warner Varnado) · NYSDOT"}},{"type":"Feature","geometry":{"type":"Point","coordinates":[-73.8059,42.4277]},"properties":{"id":"ora-ny-334","name":"I-87 MP 127.10 SB New Baltimore Service Area Truck Park 2","state":"NY","provider":"NYSDOT","hls":"https://s7.nysdot.skyvdn.com:443/rtplive/TA_198/playlist.m3u8","snapshot":"https://511ny.org/map/Cctv/4833","refreshMs":30000,"attribution":"Ora (Warner Varnado) · NYSDOT"}},{"type":"Feature","geometry":{"type":"Point","coordinates":[-73.8057,42.4281]},"properties":{"id":"ora-ny-335","name":"I-87 MP 127.10 SB New Baltimore Service Area Truck Park 3","state":"NY","provider":"NYSDOT","hls":"https://s7.nysdot.skyvdn.com:443/rtplive/TA_199/playlist.m3u8","snapshot":"https://511ny.org/map/Cctv/4834","refreshMs":30000,"attribution":"Ora (Warner Varnado) · NYSDOT"}},{"type":"Feature","geometry":{"type":"Point","coordinates":[-73.8055,42.4281]},"properties":{"id":"ora-ny-336","name":"I-87 MP 127.10 SB New Baltimore Service Area Truck Park 4","state":"NY","provider":"NYSDOT","hls":"https://s7.nysdot.skyvdn.com:443/rtplive/TA_200/playlist.m3u8","snapshot":"https://511ny.org/map/Cctv/4835","refreshMs":30000,"attribution":"Ora (Warner Varnado) · NYSDOT"}},{"type":"Feature","geometry":{"type":"Point","coordinates":[-74.08496,41.57762]},"properties":{"id":"ora-ny-337","name":"I-90 MP 227.10 WB Plattekill Service Area Truck Park 1","state":"NY","provider":"NYSDOT","hls":"https://s7.nysdot.skyvdn.com:443/rtplive/TA_209/playlist.m3u8","snapshot":"https://511ny.org/map/Cctv/4836","refreshMs":30000,"attribution":"Ora (Warner Varnado) · NYSDOT"}},{"type":"Feature","geometry":{"type":"Point","coordinates":[-74.08512,41.57809]},"properties":{"id":"ora-ny-338","name":"I-90 MP 227.10 WB Plattekill Service Area Truck Park 2","state":"NY","provider":"NYSDOT","hls":"https://s7.nysdot.skyvdn.com:443/rtplive/TA_210/playlist.m3u8","snapshot":"https://511ny.org/map/Cctv/4837","refreshMs":30000,"attribution":"Ora (Warner Varnado) · NYSDOT"}},{"type":"Feature","geometry":{"type":"Point","coordinates":[-76.31913,43.09206]},"properties":{"id":"ora-ny-339","name":"I-90 MP 291.50 WB Warners Service Area Truck Park 1","state":"NY","provider":"NYSDOT","hls":"https://s7.nysdot.skyvdn.com:443/rtplive/TA_215/playlist.m3u8","snapshot":"https://511ny.org/map/Cctv/4838","refreshMs":30000,"attribution":"Ora (Warner Varnado) · NYSDOT"}},{"type":"Feature","geometry":{"type":"Point","coordinates":[-76.31927,43.09198]},"properties":{"id":"ora-ny-340","name":"I-90 MP 291.50 WB Warners Service Area Truck Park 2","state":"NY","provider":"NYSDOT","hls":"https://s7.nysdot.skyvdn.com:443/rtplive/TA_216/playlist.m3u8","snapshot":"https://511ny.org/map/Cctv/4839","refreshMs":30000,"attribution":"Ora (Warner Varnado) · NYSDOT"}},{"type":"Feature","geometry":{"type":"Point","coordinates":[-76.31924,43.09185]},"properties":{"id":"ora-ny-341","name":"I-90 MP 291.50 WB Warners Service Area Truck Park 3","state":"NY","provider":"NYSDOT","hls":"https://s7.nysdot.skyvdn.com:443/rtplive/TA_217/playlist.m3u8","snapshot":"https://511ny.org/map/Cctv/4840","refreshMs":30000,"attribution":"Ora (Warner Varnado) · NYSDOT"}},{"type":"Feature","geometry":{"type":"Point","coordinates":[-73.87328,41.07064]},"properties":{"id":"ora-ny-342","name":"I-87 MP 013.60a SB Gov. Mario M. Cuomo Bridge View 1","state":"NY","provider":"NYSDOT","hls":"https://s7.nysdot.skyvdn.com:443/rtplive/TA_164/playlist.m3u8","snapshot":"https://511ny.org/map/Cctv/4841","refreshMs":30000,"attribution":"Ora (Warner Varnado) · NYSDOT"}},{"type":"Feature","geometry":{"type":"Point","coordinates":[-73.90785,41.07093]},"properties":{"id":"ora-ny-343","name":"I-87 MP 015.50 SB Gov. Mario M. Cuomo Bridge","state":"NY","provider":"NYSDOT","hls":"https://s7.nysdot.skyvdn.com:443/rtplive/TA_165/playlist.m3u8","snapshot":"https://511ny.org/map/Cctv/4842","refreshMs":30000,"attribution":"Ora (Warner Varnado) · NYSDOT"}},{"type":"Feature","geometry":{"type":"Point","coordinates":[-73.91839,41.07311]},"properties":{"id":"ora-ny-344","name":"I-87 MP 016.10b SB Gov. Mario M. Cuomo Bridge View 2","state":"NY","provider":"NYSDOT","hls":"https://s7.nysdot.skyvdn.com:443/rtplive/TA_166/playlist.m3u8","snapshot":"https://511ny.org/map/Cctv/4843","refreshMs":30000,"attribution":"Ora (Warner Varnado) · NYSDOT"}},{"type":"Feature","geometry":{"type":"Point","coordinates":[-78.91254,42.95641]},"properties":{"id":"ora-ny-345","name":"I-190 MP 010.80 SB Between Interchange 14 (Ontario Street) and 15 (Route 324)","state":"NY","provider":"NYSDOT","hls":"https://s7.nysdot.skyvdn.com:443/rtplive/TA_208/playlist.m3u8","snapshot":"https://511ny.org/map/Cctv/4844","refreshMs":30000,"attribution":"Ora (Warner Varnado) · NYSDOT"}},{"type":"Feature","geometry":{"type":"Point","coordinates":[-77.54698428,43.15951391]},"properties":{"id":"ora-ny-346","name":"Winton RD at Merchants st / Elm","state":"NY","provider":"NYSDOT","hls":"https://s52.nysdot.skyvdn.com:443/rtplive/R4_213/playlist.m3u8","snapshot":"https://511ny.org/map/Cctv/4845","refreshMs":30000,"attribution":"Ora (Warner Varnado) · NYSDOT"}},{"type":"Feature","geometry":{"type":"Point","coordinates":[-73.72309,41.01503]},"properties":{"id":"ora-ny-347","name":"I-287 MP 007.20 EB at Interchange 9 (Hutchinson River Parkway)","state":"NY","provider":"NYSDOT","hls":"https://s52.nysdot.skyvdn.com:443/rtplive/TA_011/playlist.m3u8","snapshot":"https://511ny.org/map/Cctv/4846","refreshMs":30000,"attribution":"Ora (Warner Varnado) · NYSDOT"}},{"type":"Feature","geometry":{"type":"Point","coordinates":[-73.7092,41.01429]},"properties":{"id":"ora-ny-348","name":"I-287 MP 007.80 WB Just East of Interchange 9 (Hutchinson River Parkway)","state":"NY","provider":"NYSDOT","hls":"https://s52.nysdot.skyvdn.com:443/rtplive/TA_012/playlist.m3u8","snapshot":"https://511ny.org/map/Cctv/4847","refreshMs":30000,"attribution":"Ora (Warner Varnado) · NYSDOT"}},{"type":"Feature","geometry":{"type":"Point","coordinates":[-74.03941,41.0929]},"properties":{"id":"ora-ny-349","name":"GSP MP 000.35 NB/SB Garden State Parkway Connector","state":"NY","provider":"NYSDOT","hls":"https://s52.nysdot.skyvdn.com:443/rtplive/TA_013/playlist.m3u8","snapshot":"https://511ny.org/map/Cctv/4848","refreshMs":30000,"attribution":"Ora (Warner Varnado) · NYSDOT"}},{"type":"Feature","geometry":{"type":"Point","coordinates":[-73.87841,40.90645]},"properties":{"id":"ora-ny-350","name":"I-87 MP 000.20 SB Just South of Interchange 1 (Yonkers)","state":"NY","provider":"NYSDOT","hls":"https://s52.nysdot.skyvdn.com:443/rtplive/TA_014/playlist.m3u8","snapshot":"https://511ny.org/map/Cctv/4849","refreshMs":30000,"attribution":"Ora (Warner Varnado) · NYSDOT"}},{"type":"Feature","geometry":{"type":"Point","coordinates":[-73.87181,40.9167]},"properties":{"id":"ora-ny-351","name":"I-87 MP 000.82 NB South of Interchange 1 (Yonkers)","state":"NY","provider":"NYSDOT","hls":"https://s52.nysdot.skyvdn.com:443/rtplive/TA_015/playlist.m3u8","snapshot":"https://511ny.org/map/Cctv/4850","refreshMs":30000,"attribution":"Ora (Warner Varnado) · NYSDOT"}},{"type":"Feature","geometry":{"type":"Point","coordinates":[-73.8586,40.92465]},"properties":{"id":"ora-ny-352","name":"I-87 MP 001.70 NB at Interchange 3 (Yonkers/Mile Square Road)","state":"NY","provider":"NYSDOT","hls":"https://s52.nysdot.skyvdn.com:443/rtplive/TA_016/playlist.m3u8","snapshot":"https://511ny.org/map/Cctv/4851","refreshMs":30000,"attribution":"Ora (Warner Varnado) · NYSDOT"}},{"type":"Feature","geometry":{"type":"Point","coordinates":[-73.85536,40.93813]},"properties":{"id":"ora-ny-353","name":"I-87 MP 002.70 NB at Interchange 5 (Yonkers)","state":"NY","provider":"NYSDOT","hls":"https://s52.nysdot.skyvdn.com:443/rtplive/TA_017/playlist.m3u8","snapshot":"https://511ny.org/map/Cctv/4852","refreshMs":30000,"attribution":"Ora (Warner Varnado) · NYSDOT"}},{"type":"Feature","geometry":{"type":"Point","coordinates":[-74.11361,41.11618]},"properties":{"id":"ora-ny-354","name":"I-87 MP 027.60 SB at Interchange 14B (Airmont Road)","state":"NY","provider":"NYSDOT","hls":"https://s52.nysdot.skyvdn.com:443/rtplive/TA_018/playlist.m3u8","snapshot":"https://511ny.org/map/Cctv/4853","refreshMs":30000,"attribution":"Ora (Warner Varnado) · NYSDOT"}},{"type":"Feature","geometry":{"type":"Point","coordinates":[-73.86142,40.95576]},"properties":{"id":"ora-ny-355","name":"I-87 MP 004.01 SB at Interchange 6 (Yonkers)","state":"NY","provider":"NYSDOT","hls":"https://s52.nysdot.skyvdn.com:443/rtplive/TA_019/playlist.m3u8","snapshot":"https://511ny.org/map/Cctv/4854","refreshMs":30000,"attribution":"Ora (Warner Varnado) · NYSDOT"}},{"type":"Feature","geometry":{"type":"Point","coordinates":[-73.86148,40.97186]},"properties":{"id":"ora-ny-356","name":"I-87 MP 005.10 SB at Interchange 6A (Ridge Hill)","state":"NY","provider":"NYSDOT","hls":"https://s52.nysdot.skyvdn.com:443/rtplive/TA_020/playlist.m3u8","snapshot":"https://511ny.org/map/Cctv/4855","refreshMs":30000,"attribution":"Ora (Warner Varnado) · NYSDOT"}},{"type":"Feature","geometry":{"type":"Point","coordinates":[-74.18237,41.19486]},"properties":{"id":"ora-ny-357","name":"I-87 MP 036.30 SB Between Interchange 15A (Sloatsburg/Suffern) and 16 (Harriman)","state":"NY","provider":"NYSDOT","hls":"https://s52.nysdot.skyvdn.com:443/rtplive/TA_041/playlist.m3u8","snapshot":"https://511ny.org/map/Cctv/4856","refreshMs":30000,"attribution":"Ora (Warner Varnado) · NYSDOT"}},{"type":"Feature","geometry":{"type":"Point","coordinates":[-74.12826,41.30746]},"properties":{"id":"ora-ny-358","name":"I-87 MP 044.70 SB at Woodbury Toll Gantry","state":"NY","provider":"NYSDOT","hls":"https://s52.nysdot.skyvdn.com:443/rtplive/TA_042/playlist.m3u8","snapshot":"https://511ny.org/map/Cctv/4857","refreshMs":30000,"attribution":"Ora (Warner Varnado) · NYSDOT"}},{"type":"Feature","geometry":{"type":"Point","coordinates":[-74.1218,41.31077]},"properties":{"id":"ora-ny-359","name":"I-87 MP 045.20 NB at Interchange 16 (Harriman)","state":"NY","provider":"NYSDOT","hls":"https://s52.nysdot.skyvdn.com:443/rtplive/TA_043/playlist.m3u8","snapshot":"https://511ny.org/map/Cctv/4858","refreshMs":30000,"attribution":"Ora (Warner Varnado) · NYSDOT"}},{"type":"Feature","geometry":{"type":"Point","coordinates":[-74.07198,41.51338]},"properties":{"id":"ora-ny-360","name":"I-87 MP 060.30 NB at Interchange 17 (Newburgh)","state":"NY","provider":"NYSDOT","hls":"https://s52.nysdot.skyvdn.com:443/rtplive/TA_044/playlist.m3u8","snapshot":"https://511ny.org/map/Cctv/4859","refreshMs":30000,"attribution":"Ora (Warner Varnado) · NYSDOT"}},{"type":"Feature","geometry":{"type":"Point","coordinates":[-74.07015,41.50982]},"properties":{"id":"ora-ny-361","name":"I-87 MP 060.10 SB at Interchange 17 (Newburgh)","state":"NY","provider":"NYSDOT","hls":"https://s52.nysdot.skyvdn.com:443/rtplive/TA_045/playlist.m3u8","snapshot":"https://511ny.org/map/Cctv/4860","refreshMs":30000,"attribution":"Ora (Warner Varnado) · NYSDOT"}},{"type":"Feature","geometry":{"type":"Point","coordinates":[-74.0733,41.51472]},"properties":{"id":"ora-ny-362","name":"I-87 MP 060.40 NB Just North of Interchange 17 (Newburgh/I-84)","state":"NY","provider":"NYSDOT","hls":"https://s52.nysdot.skyvdn.com:443/rtplive/TA_046/playlist.m3u8","snapshot":"https://511ny.org/map/Cctv/4861","refreshMs":30000,"attribution":"Ora (Warner Varnado) · NYSDOT"}},{"type":"Feature","geometry":{"type":"Point","coordinates":[-74.06532,41.73613]},"properties":{"id":"ora-ny-363","name":"I-87 MP 076.00 NB at Interchange 18 (New Paltz)","state":"NY","provider":"NYSDOT","hls":"https://s52.nysdot.skyvdn.com:443/rtplive/TA_047/playlist.m3u8","snapshot":"https://511ny.org/map/Cctv/4862","refreshMs":30000,"attribution":"Ora (Warner Varnado) · NYSDOT"}},{"type":"Feature","geometry":{"type":"Point","coordinates":[-73.82826,40.86105]},"properties":{"id":"ora-ny-364","name":"I-95 MP 000.50 NB at Interchange 9 (Hutchinson River Parkway North)","state":"NY","provider":"NYSDOT","hls":"https://s52.nysdot.skyvdn.com:443/rtplive/TA_048/playlist.m3u8","snapshot":"https://511ny.org/map/Cctv/4863","refreshMs":30000,"attribution":"Ora (Warner Varnado) · NYSDOT"}},{"type":"Feature","geometry":{"type":"Point","coordinates":[-73.83258,40.86897]},"properties":{"id":"ora-ny-365","name":"I-95 MP 001.10 NB at Interchange 11 (Bartow Avenue)","state":"NY","provider":"NYSDOT","hls":"https://s52.nysdot.skyvdn.com:443/rtplive/TA_049/playlist.m3u8","snapshot":"https://511ny.org/map/Cctv/4864","refreshMs":30000,"attribution":"Ora (Warner Varnado) · NYSDOT"}},{"type":"Feature","geometry":{"type":"Point","coordinates":[-73.82572,40.88419]},"properties":{"id":"ora-ny-366","name":"I-95 MP 002.40 SB at Interchange 13 (Conner Street)","state":"NY","provider":"NYSDOT","hls":"https://s52.nysdot.skyvdn.com:443/rtplive/TA_050/playlist.m3u8","snapshot":"https://511ny.org/map/Cctv/4865","refreshMs":30000,"attribution":"Ora (Warner Varnado) · NYSDOT"}},{"type":"Feature","geometry":{"type":"Point","coordinates":[-73.77849,42.63093]},"properties":{"id":"ora-ny-367","name":"I-87 MP 141.90 NB at Interchange 23 (Albany /I-787)","state":"NY","provider":"NYSDOT","hls":"https://s52.nysdot.skyvdn.com:443/rtplive/TA_071/playlist.m3u8","snapshot":"https://511ny.org/map/Cctv/4866","refreshMs":30000,"attribution":"Ora (Warner Varnado) · NYSDOT"}},{"type":"Feature","geometry":{"type":"Point","coordinates":[-73.79064,42.63723]},"properties":{"id":"ora-ny-368","name":"I-87 MP 142.45 SB North of Interchange 23","state":"NY","provider":"NYSDOT","hls":"https://s52.nysdot.skyvdn.com:443/rtplive/TA_072/playlist.m3u8","snapshot":"https://511ny.org/map/Cctv/4867","refreshMs":30000,"attribution":"Ora (Warner Varnado) · NYSDOT"}},{"type":"Feature","geometry":{"type":"Point","coordinates":[-73.84414,42.69611]},"properties":{"id":"ora-ny-369","name":"I-87 MP 147.80 NB Just South of Interchange 24 (Albany/I-90/I-87)","state":"NY","provider":"NYSDOT","hls":"https://s52.nysdot.skyvdn.com:443/rtplive/TA_073/playlist.m3u8","snapshot":"https://511ny.org/map/Cctv/4868","refreshMs":30000,"attribution":"Ora (Warner Varnado) · NYSDOT"}},{"type":"Feature","geometry":{"type":"Point","coordinates":[-73.85944,42.70738]},"properties":{"id":"ora-ny-370","name":"I-90 MP 148.80 EB Just West of Interchange 24 (Albany/I-90/I-87)","state":"NY","provider":"NYSDOT","hls":"https://s52.nysdot.skyvdn.com:443/rtplive/TA_074/playlist.m3u8","snapshot":"https://511ny.org/map/Cctv/4869","refreshMs":30000,"attribution":"Ora (Warner Varnado) · NYSDOT"}},{"type":"Feature","geometry":{"type":"Point","coordinates":[-73.91938,42.74476]},"properties":{"id":"ora-ny-371","name":"I-90 MP 153.00 EB Between Interchange 24 (Albany/I-90/I-87) and 25 (Schenectady/I-890)","state":"NY","provider":"NYSDOT","hls":"https://s52.nysdot.skyvdn.com:443/rtplive/TA_075/playlist.m3u8","snapshot":"https://511ny.org/map/Cctv/4870","refreshMs":30000,"attribution":"Ora (Warner Varnado) · NYSDOT"}},{"type":"Feature","geometry":{"type":"Point","coordinates":[-73.9335,42.75434]},"properties":{"id":"ora-ny-372","name":"I-90 MP 153.80 WB at Interchange 25 (Schenectady/I-890)","state":"NY","provider":"NYSDOT","hls":"https://s52.nysdot.skyvdn.com:443/rtplive/TA_076/playlist.m3u8","snapshot":"https://511ny.org/map/Cctv/4871","refreshMs":30000,"attribution":"Ora (Warner Varnado) · NYSDOT"}},{"type":"Feature","geometry":{"type":"Point","coordinates":[-74.01626,42.79013]},"properties":{"id":"ora-ny-373","name":"I-90 MP 158.80 EB at Interchange 25A (Schenectady/Binghamton/I-88)","state":"NY","provider":"NYSDOT","hls":"https://s52.nysdot.skyvdn.com:443/rtplive/TA_077/playlist.m3u8","snapshot":"https://511ny.org/map/Cctv/4872","refreshMs":30000,"attribution":"Ora (Warner Varnado) · NYSDOT"}},{"type":"Feature","geometry":{"type":"Point","coordinates":[-74.01306,42.83936]},"properties":{"id":"ora-ny-374","name":"I-90 MP 162.20 WB at Interchange 26 (Schenectady/I-890/Route 5S)","state":"NY","provider":"NYSDOT","hls":"https://s52.nysdot.skyvdn.com:443/rtplive/TA_078/playlist.m3u8","snapshot":"https://511ny.org/map/Cctv/4873","refreshMs":30000,"attribution":"Ora (Warner Varnado) · NYSDOT"}},{"type":"Feature","geometry":{"type":"Point","coordinates":[-74.19655,42.92321]},"properties":{"id":"ora-ny-375","name":"I-90 MP 173.60 WB at Interchange 27 (Amsterdam)","state":"NY","provider":"NYSDOT","hls":"https://s52.nysdot.skyvdn.com:443/rtplive/TA_079/playlist.m3u8","snapshot":"https://511ny.org/map/Cctv/4874","refreshMs":30000,"attribution":"Ora (Warner Varnado) · NYSDOT"}},{"type":"Feature","geometry":{"type":"Point","coordinates":[-74.35961,42.94537]},"properties":{"id":"ora-ny-376","name":"I-90 MP 182.19 WB at Interchange 28 (Fultonville)","state":"NY","provider":"NYSDOT","hls":"https://s52.nysdot.skyvdn.com:443/rtplive/TA_080/playlist.m3u8","snapshot":"https://511ny.org/map/Cctv/4875","refreshMs":30000,"attribution":"Ora (Warner Varnado) · NYSDOT"}},{"type":"Feature","geometry":{"type":"Point","coordinates":[-77.36722,42.99528]},"properties":{"id":"ora-ny-377","name":"I-90 MP 347.10 EB at Interchange 44 (Canandaigua)","state":"NY","provider":"NYSDOT","hls":"https://s52.nysdot.skyvdn.com:443/rtplive/TA_101/playlist.m3u8","snapshot":"https://511ny.org/map/Cctv/4876","refreshMs":30000,"attribution":"Ora (Warner Varnado) · NYSDOT"}},{"type":"Feature","geometry":{"type":"Point","coordinates":[-77.43917,43.00942]},"properties":{"id":"ora-ny-378","name":"I-90 MP 351.00 WB at Interchange 45 (Victor)","state":"NY","provider":"NYSDOT","hls":"https://s52.nysdot.skyvdn.com:443/rtplive/TA_102/playlist.m3u8","snapshot":"https://511ny.org/map/Cctv/4877","refreshMs":30000,"attribution":"Ora (Warner Varnado) · NYSDOT"}},{"type":"Feature","geometry":{"type":"Point","coordinates":[-77.65161,43.04809]},"properties":{"id":"ora-ny-379","name":"I-90 MP 362.41 WB at Interchange 46 (Henrietta)","state":"NY","provider":"NYSDOT","hls":"https://s52.nysdot.skyvdn.com:443/rtplive/TA_103/playlist.m3u8","snapshot":"https://511ny.org/map/Cctv/4878","refreshMs":30000,"attribution":"Ora (Warner Varnado) · NYSDOT"}},{"type":"Feature","geometry":{"type":"Point","coordinates":[-77.96506,43.02926]},"properties":{"id":"ora-ny-380","name":"I-90 MP 378.60 WB at Interchange 47 (Leroy)","state":"NY","provider":"NYSDOT","hls":"https://s52.nysdot.skyvdn.com:443/rtplive/TA_104/playlist.m3u8","snapshot":"https://511ny.org/map/Cctv/4879","refreshMs":30000,"attribution":"Ora (Warner Varnado) · NYSDOT"}},{"type":"Feature","geometry":{"type":"Point","coordinates":[-78.18627,43.01839]},"properties":{"id":"ora-ny-381","name":"I-90 MP 390.13 EB at Interchange 48 (Batavia)","state":"NY","provider":"NYSDOT","hls":"https://s52.nysdot.skyvdn.com:443/rtplive/TA_105/playlist.m3u8","snapshot":"https://511ny.org/map/Cctv/4880","refreshMs":30000,"attribution":"Ora (Warner Varnado) · NYSDOT"}},{"type":"Feature","geometry":{"type":"Point","coordinates":[-78.41222,43.00336]},"properties":{"id":"ora-ny-382","name":"I-90 MP 401.70 EB at Interchange 48A (Pembroke)","state":"NY","provider":"NYSDOT","hls":"https://s52.nysdot.skyvdn.com:443/rtplive/TA_106/playlist.m3u8","snapshot":"https://511ny.org/map/Cctv/4881","refreshMs":30000,"attribution":"Ora (Warner Varnado) · NYSDOT"}},{"type":"Feature","geometry":{"type":"Point","coordinates":[-78.69663,42.95007]},"properties":{"id":"ora-ny-383","name":"I-90 MP 416.91 WB at Transit Road","state":"NY","provider":"NYSDOT","hls":"https://s52.nysdot.skyvdn.com:443/rtplive/TA_107/playlist.m3u8","snapshot":"https://511ny.org/map/Cctv/4882","refreshMs":30000,"attribution":"Ora (Warner Varnado) · NYSDOT"}},{"type":"Feature","geometry":{"type":"Point","coordinates":[-78.72461,42.95058]},"properties":{"id":"ora-ny-384","name":"I-90 MP 418.30 EB Between Interchange 50 (Williamsville) and 49 (Depew)","state":"NY","provider":"NYSDOT","hls":"https://s52.nysdot.skyvdn.com:443/rtplive/TA_108/playlist.m3u8","snapshot":"https://511ny.org/map/Cctv/4883","refreshMs":30000,"attribution":"Ora (Warner Varnado) · NYSDOT"}},{"type":"Feature","geometry":{"type":"Point","coordinates":[-78.75065,42.95241]},"properties":{"id":"ora-ny-385","name":"I-90 MP 419.65 WB at Interchange 50 (Williamsville Toll Gantry)","state":"NY","provider":"NYSDOT","hls":"https://s52.nysdot.skyvdn.com:443/rtplive/TA_109/playlist.m3u8","snapshot":"https://511ny.org/map/Cctv/4884","refreshMs":30000,"attribution":"Ora (Warner Varnado) · NYSDOT"}},{"type":"Feature","geometry":{"type":"Point","coordinates":[-78.75938,42.95179]},"properties":{"id":"ora-ny-386","name":"I-90 MP 420.10 WB West of Interchange 50 (Niagara Falls/I-290)","state":"NY","provider":"NYSDOT","hls":"https://s52.nysdot.skyvdn.com:443/rtplive/TA_110/playlist.m3u8","snapshot":"https://511ny.org/map/Cctv/4885","refreshMs":30000,"attribution":"Ora (Warner Varnado) · NYSDOT"}},{"type":"Feature","geometry":{"type":"Point","coordinates":[-78.83962,42.74378]},"properties":{"id":"ora-ny-387","name":"I-90 MP 436.24 EB at Interchange 57 (Hamburg)","state":"NY","provider":"NYSDOT","hls":"https://s52.nysdot.skyvdn.com:443/rtplive/TA_131/playlist.m3u8","snapshot":"https://511ny.org/map/Cctv/4886","refreshMs":30000,"attribution":"Ora (Warner Varnado) · NYSDOT"}},{"type":"Feature","geometry":{"type":"Point","coordinates":[-78.96066,42.65924]},"properties":{"id":"ora-ny-388","name":"I-90 MP 444.90 EB/WB at Interchange 57A (Eden/Angola)","state":"NY","provider":"NYSDOT","hls":"https://s52.nysdot.skyvdn.com:443/rtplive/TA_132/playlist.m3u8","snapshot":"https://511ny.org/map/Cctv/4887","refreshMs":30000,"attribution":"Ora (Warner Varnado) · NYSDOT"}},{"type":"Feature","geometry":{"type":"Point","coordinates":[-79.10762,42.55086]},"properties":{"id":"ora-ny-389","name":"I-90 MP 455.50 EB at Interchange 58 (Silver Creek)","state":"NY","provider":"NYSDOT","hls":"https://s52.nysdot.skyvdn.com:443/rtplive/TA_133/playlist.m3u8","snapshot":"https://511ny.org/map/Cctv/4888","refreshMs":30000,"attribution":"Ora (Warner Varnado) · NYSDOT"}},{"type":"Feature","geometry":{"type":"Point","coordinates":[-79.30563,42.46166]},"properties":{"id":"ora-ny-390","name":"I-90 MP 467.74 EB at Interchange 59 (Dunkirk)","state":"NY","provider":"NYSDOT","hls":"https://s52.nysdot.skyvdn.com:443/rtplive/TA_134/playlist.m3u8","snapshot":"https://511ny.org/map/Cctv/4889","refreshMs":30000,"attribution":"Ora (Warner Varnado) · NYSDOT"}},{"type":"Feature","geometry":{"type":"Point","coordinates":[-79.58399,42.33897]},"properties":{"id":"ora-ny-391","name":"I-90 MP 485.00 WB at Interchange 60 (Westfield)","state":"NY","provider":"NYSDOT","hls":"https://s52.nysdot.skyvdn.com:443/rtplive/TA_135/playlist.m3u8","snapshot":"https://511ny.org/map/Cctv/4890","refreshMs":30000,"attribution":"Ora (Warner Varnado) · NYSDOT"}},{"type":"Feature","geometry":{"type":"Point","coordinates":[-79.73876,42.26574]},"properties":{"id":"ora-ny-392","name":"I-90 MP 494.55 WB at Ripley Toll Gantry","state":"NY","provider":"NYSDOT","hls":"https://s52.nysdot.skyvdn.com:443/rtplive/TA_136/playlist.m3u8","snapshot":"https://511ny.org/map/Cctv/4891","refreshMs":30000,"attribution":"Ora (Warner Varnado) · NYSDOT"}},{"type":"Feature","geometry":{"type":"Point","coordinates":[-78.79731,42.8766]},"properties":{"id":"ora-ny-393","name":"I-190 MP 000.55 SB at Interchange 1 (South Ogden Street)","state":"NY","provider":"NYSDOT","hls":"https://s52.nysdot.skyvdn.com:443/rtplive/TA_137/playlist.m3u8","snapshot":"https://511ny.org/map/Cctv/4892","refreshMs":30000,"attribution":"Ora (Warner Varnado) · NYSDOT"}},{"type":"Feature","geometry":{"type":"Point","coordinates":[-78.81479,42.87354]},"properties":{"id":"ora-ny-394","name":"I-190 MP 001.44 NB at Interchange 2 (Clinton Street Route 354)","state":"NY","provider":"NYSDOT","hls":"https://s52.nysdot.skyvdn.com:443/rtplive/TA_138/playlist.m3u8","snapshot":"https://511ny.org/map/Cctv/4893","refreshMs":30000,"attribution":"Ora (Warner Varnado) · NYSDOT"}},{"type":"Feature","geometry":{"type":"Point","coordinates":[-78.82966,42.86784]},"properties":{"id":"ora-ny-395","name":"I-190 MP 002.28 SB at Interchange 3 (Seneca Street Route 16)","state":"NY","provider":"NYSDOT","hls":"https://s52.nysdot.skyvdn.com:443/rtplive/TA_139/playlist.m3u8","snapshot":"https://511ny.org/map/Cctv/4894","refreshMs":30000,"attribution":"Ora (Warner Varnado) · NYSDOT"}},{"type":"Feature","geometry":{"type":"Point","coordinates":[-78.84682,42.87141]},"properties":{"id":"ora-ny-396","name":"I-190 MP 003.25 NB at Interchange 4 (Smith Street)","state":"NY","provider":"NYSDOT","hls":"https://s52.nysdot.skyvdn.com:443/rtplive/TA_140/playlist.m3u8","snapshot":"https://511ny.org/map/Cctv/4895","refreshMs":30000,"attribution":"Ora (Warner Varnado) · NYSDOT"}},{"type":"Feature","geometry":{"type":"Point","coordinates":[-74.369051,42.949608]},"properties":{"id":"ora-ny-397","name":"NY 920P at Riverside Dr","state":"NY","provider":"NYSDOT","hls":"https://s9.nysdot.skyvdn.com:443/rtplive/R2_041/playlist.m3u8","snapshot":"https://511ny.org/map/Cctv/4897","refreshMs":30000,"attribution":"Ora (Warner Varnado) · NYSDOT"}},{"type":"Feature","geometry":{"type":"Point","coordinates":[-76.805569,42.090502]},"properties":{"id":"ora-ny-398","name":"Clemens Center Pkwy (NY 14) @ Church St (NY 352)","state":"NY","provider":"NYSDOT","hls":"https://s9.nysdot.skyvdn.com:443/rtplive/R6_031/playlist.m3u8","snapshot":"https://511ny.org/map/Cctv/4898","refreshMs":30000,"attribution":"Ora (Warner Varnado) · NYSDOT"}},{"type":"Feature","geometry":{"type":"Point","coordinates":[-76.783075,42.090579]},"properties":{"id":"ora-ny-399","name":"Jerusalem Hill/Water St @ I-86 Exit 56","state":"NY","provider":"NYSDOT","hls":"https://s9.nysdot.skyvdn.com:443/rtplive/R6_032/playlist.m3u8","snapshot":"https://511ny.org/map/Cctv/4899","refreshMs":30000,"attribution":"Ora (Warner Varnado) · NYSDOT"}},{"type":"Feature","geometry":{"type":"Point","coordinates":[-74.268057,43.109147]},"properties":{"id":"ora-ny-400","name":"NY 30 NB at School St","state":"NY","provider":"NYSDOT","hls":"https://s9.nysdot.skyvdn.com:443/rtplive/R2_042/playlist.m3u8","snapshot":"https://511ny.org/map/Cctv/4900","refreshMs":30000,"attribution":"Ora (Warner Varnado) · NYSDOT"}},{"type":"Feature","geometry":{"type":"Point","coordinates":[-76.806253,42.058224]},"properties":{"id":"ora-ny-401","name":"NY 14 (Clemens Center Pkwy) @ NY 427 (Cedar St)","state":"NY","provider":"NYSDOT","hls":"https://s9.nysdot.skyvdn.com:443/rtplive/R6_033/playlist.m3u8","snapshot":"https://511ny.org/map/Cctv/4901","refreshMs":30000,"attribution":"Ora (Warner Varnado) · NYSDOT"}},{"type":"Feature","geometry":{"type":"Point","coordinates":[-73.695022,41.023311]},"properties":{"id":"ora-ny-402","name":"At Exit 17 on Lincoln Avenue","state":"NY","provider":"NYSDOT","hls":"https://s9.nysdot.skyvdn.com:443/rtplive/R8_CAMHRP4081/playlist.m3u8","snapshot":"https://511ny.org/map/Cctv/4902","refreshMs":30000,"attribution":"Ora (Warner Varnado) · NYSDOT"}},{"type":"Feature","geometry":{"type":"Point","coordinates":[-75.216271,43.112024]},"properties":{"id":"ora-ny-403","name":"North Genesee St High Mast at Fleet#1","state":"NY","provider":"NYSDOT","hls":"https://s9.nysdot.skyvdn.com:443/rtplive/R2_043/playlist.m3u8","snapshot":"https://511ny.org/map/Cctv/4903","refreshMs":30000,"attribution":"Ora (Warner Varnado) · NYSDOT"}},{"type":"Feature","geometry":{"type":"Point","coordinates":[-78.6974,42.83431]},"properties":{"id":"ora-ny-404","name":"NY 400 at Transit Road","state":"NY","provider":"NYSDOT","hls":"https://s9.nysdot.skyvdn.com:443/rtplive/R5_048/playlist.m3u8","snapshot":"https://511ny.org/map/Cctv/4905","refreshMs":30000,"attribution":"Ora (Warner Varnado) · NYSDOT"}},{"type":"Feature","geometry":{"type":"Point","coordinates":[-74.158258,41.513894]},"properties":{"id":"ora-ny-405","name":"I-84 West of Exit 32 (NY 747)","state":"NY","provider":"NYSDOT","hls":"https://s9.nysdot.skyvdn.com:443/rtplive/R8_011/playlist.m3u8","snapshot":"https://511ny.org/map/Cctv/4906","refreshMs":30000,"attribution":"Ora (Warner Varnado) · NYSDOT"}},{"type":"Feature","geometry":{"type":"Point","coordinates":[-74.030774,41.519701]},"properties":{"id":"ora-ny-406","name":"I-84 East of Exit 37 (NY 52 - Walden)","state":"NY","provider":"NYSDOT","hls":"https://s9.nysdot.skyvdn.com:443/rtplive/R8_012/playlist.m3u8","snapshot":"https://511ny.org/map/Cctv/4907","refreshMs":30000,"attribution":"Ora (Warner Varnado) · NYSDOT"}},{"type":"Feature","geometry":{"type":"Point","coordinates":[-73.829253,41.006966]},"properties":{"id":"ora-ny-407","name":"Sprain Brook Parkway North of Jackson Ave.","state":"NY","provider":"NYSDOT","hls":"https://s9.nysdot.skyvdn.com:443/rtplive/R8_014/playlist.m3u8","snapshot":"https://511ny.org/map/Cctv/4908","refreshMs":30000,"attribution":"Ora (Warner Varnado) · NYSDOT"}},{"type":"Feature","geometry":{"type":"Point","coordinates":[-73.88369,40.76784]},"properties":{"id":"ora-ny-408","name":"907M at 86 St","state":"NY","provider":"NYSDOT","hls":"https://s9.nysdot.skyvdn.com:443/rtplive/R11_223/playlist.m3u8","snapshot":"https://511ny.org/map/Cctv/4914","refreshMs":30000,"attribution":"Ora (Warner Varnado) · NYSDOT"}},{"type":"Feature","geometry":{"type":"Point","coordinates":[-73.91717,40.73122]},"properties":{"id":"ora-ny-409","name":"I-495 at 50 St (Lower Level)","state":"NY","provider":"NYSDOT","hls":"https://s9.nysdot.skyvdn.com:443/rtplive/R11_230/playlist.m3u8","snapshot":"https://511ny.org/map/Cctv/4915","refreshMs":30000,"attribution":"Ora (Warner Varnado) · NYSDOT"}},{"type":"Feature","geometry":{"type":"Point","coordinates":[-79.048387,43.153909]},"properties":{"id":"ora-ny-410","name":"I-190 (Niagara Expy) at Canadian Toll Plaza","state":"NY","provider":"NYSDOT","hls":"https://s9.nysdot.skyvdn.com:443/rtplive/R5_100/playlist.m3u8","snapshot":"https://511ny.org/map/Cctv/4916","refreshMs":30000,"attribution":"Ora (Warner Varnado) · NYSDOT"}},{"type":"Feature","geometry":{"type":"Point","coordinates":[-79.04287,43.15271]},"properties":{"id":"ora-ny-411","name":"I-190 (Niagara Expy) at US Toll Plaza","state":"NY","provider":"NYSDOT","hls":"https://s9.nysdot.skyvdn.com:443/rtplive/R5_101/playlist.m3u8","snapshot":"https://511ny.org/map/Cctv/4917","refreshMs":30000,"attribution":"Ora (Warner Varnado) · NYSDOT"}},{"type":"Feature","geometry":{"type":"Point","coordinates":[-76.2278,43.07671]},"properties":{"id":"ora-ny-412","name":"Route 695 south of I-690","state":"NY","provider":"NYSDOT","hls":"https://s9.nysdot.skyvdn.com:443/rtplive/R3_078/playlist.m3u8","snapshot":"https://511ny.org/map/Cctv/4918","refreshMs":30000,"attribution":"Ora (Warner Varnado) · NYSDOT"}},{"type":"Feature","geometry":{"type":"Point","coordinates":[-76.23337,43.090668]},"properties":{"id":"ora-ny-413","name":"I-690 west of Exit 10 (Route 695)","state":"NY","provider":"NYSDOT","hls":"https://s9.nysdot.skyvdn.com:443/rtplive/R3_079/playlist.m3u8","snapshot":"https://511ny.org/map/Cctv/4919","refreshMs":30000,"attribution":"Ora (Warner Varnado) · NYSDOT"}},{"type":"Feature","geometry":{"type":"Point","coordinates":[-73.761963,42.736925]},"properties":{"id":"ora-ny-414","name":"US 9 at NY 155","state":"NY","provider":"NYSDOT","hls":"https://s9.nysdot.skyvdn.com:443/rtplive/R1_2109/playlist.m3u8","snapshot":"https://511ny.org/map/Cctv/4920","refreshMs":30000,"attribution":"Ora (Warner Varnado) · NYSDOT"}},{"type":"Feature","geometry":{"type":"Point","coordinates":[-79.06948,43.09151]},"properties":{"id":"ora-ny-415","name":"Rainbow Bridge View to US","state":"NY","provider":"NYSDOT","hls":"https://s9.nysdot.skyvdn.com:443/rtplive/R5_103/playlist.m3u8","snapshot":"https://511ny.org/map/Cctv/4921","refreshMs":30000,"attribution":"Ora (Warner Varnado) · NYSDOT"}},{"type":"Feature","geometry":{"type":"Point","coordinates":[-79.066384,43.089056]},"properties":{"id":"ora-ny-416","name":"River Road at Rainbow Bridge","state":"NY","provider":"NYSDOT","hls":"https://s9.nysdot.skyvdn.com:443/rtplive/R5_102/playlist.m3u8","snapshot":"https://511ny.org/map/Cctv/4922","refreshMs":30000,"attribution":"Ora (Warner Varnado) · NYSDOT"}},{"type":"Feature","geometry":{"type":"Point","coordinates":[-73.99012,40.77733]},"properties":{"id":"ora-ny-417","name":"Henry Hudson Pkwy at W. 66 Street","state":"NY","provider":"NYSDOT","hls":"https://s9.nysdot.skyvdn.com:443/rtplive/R11_242/playlist.m3u8","snapshot":"https://511ny.org/map/Cctv/4923","refreshMs":30000,"attribution":"Ora (Warner Varnado) · NYSDOT"}},{"type":"Feature","geometry":{"type":"Point","coordinates":[-73.83317,40.77125]},"properties":{"id":"ora-ny-418","name":"I-678 at Linden Place","state":"NY","provider":"NYSDOT","hls":"https://s9.nysdot.skyvdn.com:443/rtplive/R11_241/playlist.m3u8","snapshot":"https://511ny.org/map/Cctv/4924","refreshMs":30000,"attribution":"Ora (Warner Varnado) · NYSDOT"}},{"type":"Feature","geometry":{"type":"Point","coordinates":[-76.138365,43.122252]},"properties":{"id":"ora-ny-419","name":"Willis Ave Park-N-Ride Lot","state":"NY","provider":"NYSDOT","hls":"https://s9.nysdot.skyvdn.com:443/rtplive/R3_080/playlist.m3u8","snapshot":"https://511ny.org/map/Cctv/4925","refreshMs":30000,"attribution":"Ora (Warner Varnado) · NYSDOT"}},{"type":"Feature","geometry":{"type":"Point","coordinates":[-73.93467,40.8244]},"properties":{"id":"ora-ny-420","name":"Harlem River Drive at 150 Street","state":"NY","provider":"NYSDOT","hls":"https://s9.nysdot.skyvdn.com:443/rtplive/R11_253/playlist.m3u8","snapshot":"https://511ny.org/map/Cctv/4926","refreshMs":30000,"attribution":"Ora (Warner Varnado) · NYSDOT"}},{"type":"Feature","geometry":{"type":"Point","coordinates":[-73.93503,40.83606]},"properties":{"id":"ora-ny-421","name":"Harlem River Drive at 164 Street","state":"NY","provider":"NYSDOT","hls":"https://s9.nysdot.skyvdn.com:443/rtplive/R11_252/playlist.m3u8","snapshot":"https://511ny.org/map/Cctv/4927","refreshMs":30000,"attribution":"Ora (Warner Varnado) · NYSDOT"}},{"type":"Feature","geometry":{"type":"Point","coordinates":[-73.93484,40.81168]},"properties":{"id":"ora-ny-422","name":"Harlem River Drive at 135 Street","state":"NY","provider":"NYSDOT","hls":"https://s9.nysdot.skyvdn.com:443/rtplive/R11_251/playlist.m3u8","snapshot":"https://511ny.org/map/Cctv/4928","refreshMs":30000,"attribution":"Ora (Warner Varnado) · NYSDOT"}},{"type":"Feature","geometry":{"type":"Point","coordinates":[-77.63409,43.164681]},"properties":{"id":"ora-ny-423","name":"Lyell ave and Broad St","state":"NY","provider":"NYSDOT","hls":"https://s9.nysdot.skyvdn.com:443/rtplive/R4_309/playlist.m3u8","snapshot":"https://511ny.org/map/Cctv/4930","refreshMs":30000,"attribution":"Ora (Warner Varnado) · NYSDOT"}},{"type":"Feature","geometry":{"type":"Point","coordinates":[-73.74305,40.75482]},"properties":{"id":"ora-ny-424","name":"I-495 at Cross Island Parkway","state":"NY","provider":"NYSDOT","hls":"https://s9.nysdot.skyvdn.com:443/rtplive/R11_254/playlist.m3u8","snapshot":"https://511ny.org/map/Cctv/4931","refreshMs":30000,"attribution":"Ora (Warner Varnado) · NYSDOT"}},{"type":"Feature","geometry":{"type":"Point","coordinates":[-76.112464,43.14211]},"properties":{"id":"ora-ny-425","name":"I-81 north of Exit 29 (I-481-2)","state":"NY","provider":"NYSDOT","hls":"https://s9.nysdot.skyvdn.com:443/rtplive/R3_081/playlist.m3u8","snapshot":"https://511ny.org/map/Cctv/4935","refreshMs":30000,"attribution":"Ora (Warner Varnado) · NYSDOT"}},{"type":"Feature","geometry":{"type":"Point","coordinates":[-76.118887,42.857899]},"properties":{"id":"ora-ny-426","name":"I-81 north of Exit 14 (Inspection)","state":"NY","provider":"NYSDOT","hls":"https://s9.nysdot.skyvdn.com:443/rtplive/R3_084/playlist.m3u8","snapshot":"https://511ny.org/map/Cctv/4936","refreshMs":30000,"attribution":"Ora (Warner Varnado) · NYSDOT"}},{"type":"Feature","geometry":{"type":"Point","coordinates":[-76.284747,43.111962]},"properties":{"id":"ora-ny-427","name":"I-690 east of Exit 7A (Jones)","state":"NY","provider":"NYSDOT","hls":"https://s9.nysdot.skyvdn.com:443/rtplive/R3_083/playlist.m3u8","snapshot":"https://511ny.org/map/Cctv/4937","refreshMs":30000,"attribution":"Ora (Warner Varnado) · NYSDOT"}},{"type":"Feature","geometry":{"type":"Point","coordinates":[-76.12408,43.12399]},"properties":{"id":"ora-ny-428","name":"I-81 north of Exit 28 (Taft Rd)","state":"NY","provider":"NYSDOT","hls":"https://s9.nysdot.skyvdn.com:443/rtplive/R3_085/playlist.m3u8","snapshot":"https://511ny.org/map/Cctv/4938","refreshMs":30000,"attribution":"Ora (Warner Varnado) · NYSDOT"}},{"type":"Feature","geometry":{"type":"Point","coordinates":[-73.817712,41.058399]},"properties":{"id":"ora-ny-429","name":"I-287 WB at Exit 2 Saw Mill River Rd MM 0.80","state":"NY","provider":"NYSDOT","hls":"https://s9.nysdot.skyvdn.com:443/rtplive/R8_159/playlist.m3u8","snapshot":"https://511ny.org/map/Cctv/4940","refreshMs":30000,"attribution":"Ora (Warner Varnado) · NYSDOT"}},{"type":"Feature","geometry":{"type":"Point","coordinates":[-73.755772,41.037342]},"properties":{"id":"ora-ny-430","name":"I-287 WB West of Exit 7 Westchester Mall MM 4.75","state":"NY","provider":"NYSDOT","hls":"https://s9.nysdot.skyvdn.com:443/rtplive/R8_160/playlist.m3u8","snapshot":"https://511ny.org/map/Cctv/4941","refreshMs":30000,"attribution":"Ora (Warner Varnado) · NYSDOT"}},{"type":"Feature","geometry":{"type":"Point","coordinates":[-73.728128,41.028106]},"properties":{"id":"ora-ny-431","name":"I-684 at I-287 WB Exit Ramp","state":"NY","provider":"NYSDOT","hls":"https://s9.nysdot.skyvdn.com:443/rtplive/R8_162/playlist.m3u8","snapshot":"https://511ny.org/map/Cctv/4943","refreshMs":30000,"attribution":"Ora (Warner Varnado) · NYSDOT"}},{"type":"Feature","geometry":{"type":"Point","coordinates":[-73.725,41.04213]},"properties":{"id":"ora-ny-432","name":"I-684 North of Exit 1 HRP/I-287","state":"NY","provider":"NYSDOT","hls":"https://s9.nysdot.skyvdn.com:443/rtplive/R8_163/playlist.m3u8","snapshot":"https://511ny.org/map/Cctv/4944","refreshMs":30000,"attribution":"Ora (Warner Varnado) · NYSDOT"}},{"type":"Feature","geometry":{"type":"Point","coordinates":[-73.819903,41.054945]},"properties":{"id":"ora-ny-433","name":"NY 119 at NY 9A (Elmsford)","state":"NY","provider":"NYSDOT","hls":"https://s9.nysdot.skyvdn.com:443/rtplive/R8_164/playlist.m3u8","snapshot":"https://511ny.org/map/Cctv/4945","refreshMs":30000,"attribution":"Ora (Warner Varnado) · NYSDOT"}},{"type":"Feature","geometry":{"type":"Point","coordinates":[-73.805042,41.045432]},"properties":{"id":"ora-ny-434","name":"NY 119 at NY 100A/Knollwood Rd. (Greenburgh)","state":"NY","provider":"NYSDOT","hls":"https://s9.nysdot.skyvdn.com:443/rtplive/R8_165/playlist.m3u8","snapshot":"https://511ny.org/map/Cctv/4946","refreshMs":30000,"attribution":"Ora (Warner Varnado) · NYSDOT"}},{"type":"Feature","geometry":{"type":"Point","coordinates":[-73.857427,41.063892]},"properties":{"id":"ora-ny-435","name":"NY 119 at I-87 Exit 9 Ramp (Tarrytown)","state":"NY","provider":"NYSDOT","hls":"https://s9.nysdot.skyvdn.com:443/rtplive/R8_166/playlist.m3u8","snapshot":"https://511ny.org/map/Cctv/4947","refreshMs":30000,"attribution":"Ora (Warner Varnado) · NYSDOT"}},{"type":"Feature","geometry":{"type":"Point","coordinates":[-73.8625,41.063528]},"properties":{"id":"ora-ny-436","name":"NY 119 at US 9/S. Broadway (Tarrytown)","state":"NY","provider":"NYSDOT","hls":"https://s9.nysdot.skyvdn.com:443/rtplive/R8_168/playlist.m3u8","snapshot":"https://511ny.org/map/Cctv/4949","refreshMs":30000,"attribution":"Ora (Warner Varnado) · NYSDOT"}},{"type":"Feature","geometry":{"type":"Point","coordinates":[-73.812818,41.05138]},"properties":{"id":"ora-ny-437","name":"NY 119 at Van Wart St. (Elmsford)","state":"NY","provider":"NYSDOT","hls":"https://s9.nysdot.skyvdn.com:443/rtplive/R8_169/playlist.m3u8","snapshot":"https://511ny.org/map/Cctv/4950","refreshMs":30000,"attribution":"Ora (Warner Varnado) · NYSDOT"}},{"type":"Feature","geometry":{"type":"Point","coordinates":[-73.791024,41.041365]},"properties":{"id":"ora-ny-438","name":"NY 119 at NY 100/Hillside Ave. (Greenburgh)","state":"NY","provider":"NYSDOT","hls":"https://s9.nysdot.skyvdn.com:443/rtplive/R8_170/playlist.m3u8","snapshot":"https://511ny.org/map/Cctv/4951","refreshMs":30000,"attribution":"Ora (Warner Varnado) · NYSDOT"}},{"type":"Feature","geometry":{"type":"Point","coordinates":[-73.943652,41.092629]},"properties":{"id":"ora-ny-439","name":"NY-59 EB East of NY-303 MM 13.22","state":"NY","provider":"NYSDOT","hls":"https://s9.nysdot.skyvdn.com:443/rtplive/R8_171/playlist.m3u8","snapshot":"https://511ny.org/map/Cctv/4952","refreshMs":30000,"attribution":"Ora (Warner Varnado) · NYSDOT"}},{"type":"Feature","geometry":{"type":"Point","coordinates":[-73.949942,41.093584]},"properties":{"id":"ora-ny-440","name":"NY-59 EB East of NY-303 MM 12.89","state":"NY","provider":"NYSDOT","hls":"https://s9.nysdot.skyvdn.com:443/rtplive/R8_172/playlist.m3u8","snapshot":"https://511ny.org/map/Cctv/4953","refreshMs":30000,"attribution":"Ora (Warner Varnado) · NYSDOT"}},{"type":"Feature","geometry":{"type":"Point","coordinates":[-73.999579,41.092498]},"properties":{"id":"ora-ny-441","name":"NY-59 EB at Smith Street MM 6.50","state":"NY","provider":"NYSDOT","hls":"https://s9.nysdot.skyvdn.com:443/rtplive/R8_173/playlist.m3u8","snapshot":"https://511ny.org/map/Cctv/4954","refreshMs":30000,"attribution":"Ora (Warner Varnado) · NYSDOT"}},{"type":"Feature","geometry":{"type":"Point","coordinates":[-74.040278,41.108378]},"properties":{"id":"ora-ny-442","name":"NY-59 EB at Dutch Lane MM 7.84","state":"NY","provider":"NYSDOT","hls":"https://s9.nysdot.skyvdn.com:443/rtplive/R8_174/playlist.m3u8","snapshot":"https://511ny.org/map/Cctv/4955","refreshMs":30000,"attribution":"Ora (Warner Varnado) · NYSDOT"}},{"type":"Feature","geometry":{"type":"Point","coordinates":[-74.099692,41.110942]},"properties":{"id":"ora-ny-443","name":"NY-59 EB at Cherry Lane MM 4.65","state":"NY","provider":"NYSDOT","hls":"https://s9.nysdot.skyvdn.com:443/rtplive/R8_175/playlist.m3u8","snapshot":"https://511ny.org/map/Cctv/4956","refreshMs":30000,"attribution":"Ora (Warner Varnado) · NYSDOT"}},{"type":"Feature","geometry":{"type":"Point","coordinates":[-74.137291,41.112421]},"properties":{"id":"ora-ny-444","name":"NY-59 EB at Hillcrest Road MM 6.18","state":"NY","provider":"NYSDOT","hls":"https://s9.nysdot.skyvdn.com:443/rtplive/R8_176/playlist.m3u8","snapshot":"https://511ny.org/map/Cctv/4957","refreshMs":30000,"attribution":"Ora (Warner Varnado) · NYSDOT"}},{"type":"Feature","geometry":{"type":"Point","coordinates":[-74.012037,41.096836]},"properties":{"id":"ora-ny-445","name":"NY-59 EB at Middletown Road MM 6.47","state":"NY","provider":"NYSDOT","hls":"https://s9.nysdot.skyvdn.com:443/rtplive/R8_177/playlist.m3u8","snapshot":"https://511ny.org/map/Cctv/4958","refreshMs":30000,"attribution":"Ora (Warner Varnado) · NYSDOT"}},{"type":"Feature","geometry":{"type":"Point","coordinates":[-73.777996,41.043734]},"properties":{"id":"ora-ny-446","name":"I-287 WB at Int 5 at VMS161 MM 2.40","state":"NY","provider":"NYSDOT","hls":"https://s9.nysdot.skyvdn.com:443/rtplive/R8_178/playlist.m3u8","snapshot":"https://511ny.org/map/Cctv/4959","refreshMs":30000,"attribution":"Ora (Warner Varnado) · NYSDOT"}},{"type":"Feature","geometry":{"type":"Point","coordinates":[-74.030472,41.102722]},"properties":{"id":"ora-ny-447","name":"NY-59 EB at Forman Drive MM 8.47 CAM (A)","state":"NY","provider":"NYSDOT","hls":"https://s9.nysdot.skyvdn.com:443/rtplive/R8_179/playlist.m3u8","snapshot":"https://511ny.org/map/Cctv/4960","refreshMs":30000,"attribution":"Ora (Warner Varnado) · NYSDOT"}},{"type":"Feature","geometry":{"type":"Point","coordinates":[-74.030053,41.103826]},"properties":{"id":"ora-ny-448","name":"NY-59 EB at Forman Drive MM 8.47 CAM (B)","state":"NY","provider":"NYSDOT","hls":"https://s9.nysdot.skyvdn.com:443/rtplive/R8_180/playlist.m3u8","snapshot":"https://511ny.org/map/Cctv/4961","refreshMs":30000,"attribution":"Ora (Warner Varnado) · NYSDOT"}},{"type":"Feature","geometry":{"type":"Point","coordinates":[-74.048438,41.109684]},"properties":{"id":"ora-ny-449","name":"NY-59 WB at West Central Ave MM 6.67","state":"NY","provider":"NYSDOT","hls":"https://s9.nysdot.skyvdn.com:443/rtplive/R8_181/playlist.m3u8","snapshot":"https://511ny.org/map/Cctv/4962","refreshMs":30000,"attribution":"Ora (Warner Varnado) · NYSDOT"}},{"type":"Feature","geometry":{"type":"Point","coordinates":[-73.803672,41.090133]},"properties":{"id":"ora-ny-450","name":"Sprain Brook Parkway at Hospital Rd MM 11.5 SB","state":"NY","provider":"NYSDOT","hls":"https://s9.nysdot.skyvdn.com:443/rtplive/R8_183/playlist.m3u8","snapshot":"https://511ny.org/map/Cctv/4964","refreshMs":30000,"attribution":"Ora (Warner Varnado) · NYSDOT"}},{"type":"Feature","geometry":{"type":"Point","coordinates":[-73.579944,43.099803]},"properties":{"id":"ora-ny-451","name":"VMS 159 Mobile Camera","state":"NY","provider":"NYSDOT","hls":"https://s9.nysdot.skyvdn.com:443/rtplive/R1_090/playlist.m3u8","snapshot":"https://511ny.org/map/Cctv/4970","refreshMs":30000,"attribution":"Ora (Warner Varnado) · NYSDOT"}},{"type":"Feature","geometry":{"type":"Point","coordinates":[-73.82871,42.69339]},"properties":{"id":"ora-ny-452","name":"I-90 at Exit 2","state":"NY","provider":"NYSDOT","hls":"https://s9.nysdot.skyvdn.com:443/rtplive/R1_054/playlist.m3u8","snapshot":"https://511ny.org/map/Cctv/4979","refreshMs":30000,"attribution":"Ora (Warner Varnado) · NYSDOT"}},{"type":"Feature","geometry":{"type":"Point","coordinates":[-73.81156,42.71568]},"properties":{"id":"ora-ny-453","name":"Wolf Rd at Sand Creek Rd","state":"NY","provider":"NYSDOT","hls":"https://s9.nysdot.skyvdn.com:443/rtplive/R1_055/playlist.m3u8","snapshot":"https://511ny.org/map/Cctv/4980","refreshMs":30000,"attribution":"Ora (Warner Varnado) · NYSDOT"}},{"type":"Feature","geometry":{"type":"Point","coordinates":[-73.96432,42.81336]},"properties":{"id":"ora-ny-454","name":"I-890 Eastbound Exit 3","state":"NY","provider":"NYSDOT","hls":"https://s9.nysdot.skyvdn.com:443/rtplive/R1_056/playlist.m3u8","snapshot":"https://511ny.org/map/Cctv/4981","refreshMs":30000,"attribution":"Ora (Warner Varnado) · NYSDOT"}},{"type":"Feature","geometry":{"type":"Point","coordinates":[-73.92451,42.7887]},"properties":{"id":"ora-ny-455","name":"I-890 Westbound Exit 7","state":"NY","provider":"NYSDOT","hls":"https://s9.nysdot.skyvdn.com:443/rtplive/R1_057/playlist.m3u8","snapshot":"https://511ny.org/map/Cctv/4982","refreshMs":30000,"attribution":"Ora (Warner Varnado) · NYSDOT"}},{"type":"Feature","geometry":{"type":"Point","coordinates":[-73.80374,42.67505]},"properties":{"id":"ora-ny-456","name":"NY 85 at State Office Campus","state":"NY","provider":"NYSDOT","hls":"https://s9.nysdot.skyvdn.com:443/rtplive/R1_058/playlist.m3u8","snapshot":"https://511ny.org/map/Cctv/4983","refreshMs":30000,"attribution":"Ora (Warner Varnado) · NYSDOT"}},{"type":"Feature","geometry":{"type":"Point","coordinates":[-73.77044,42.8402]},"properties":{"id":"ora-ny-457","name":"I-87 NB Exit 8A at Grooms Rd","state":"NY","provider":"NYSDOT","hls":"https://s9.nysdot.skyvdn.com:443/rtplive/R1_059/playlist.m3u8","snapshot":"https://511ny.org/map/Cctv/4984","refreshMs":30000,"attribution":"Ora (Warner Varnado) · NYSDOT"}},{"type":"Feature","geometry":{"type":"Point","coordinates":[-73.721066,42.659225]},"properties":{"id":"ora-ny-458","name":"I-90 Between Exits 8-6A","state":"NY","provider":"NYSDOT","hls":"https://s9.nysdot.skyvdn.com:443/rtplive/R1_060/playlist.m3u8","snapshot":"https://511ny.org/map/Cctv/4985","refreshMs":30000,"attribution":"Ora (Warner Varnado) · NYSDOT"}},{"type":"Feature","geometry":{"type":"Point","coordinates":[-73.568045,40.60482]},"properties":{"id":"ora-ny-459","name":"Loop Pkwy Drawbridge","state":"NY","provider":"NYSDOT","hls":"https://s9.nysdot.skyvdn.com:443/rtplive/R10_353/playlist.m3u8","snapshot":"https://511ny.org/map/Cctv/4986","refreshMs":30000,"attribution":"Ora (Warner Varnado) · NYSDOT"}},{"type":"Feature","geometry":{"type":"Point","coordinates":[-76.837852,42.158597]},"properties":{"id":"ora-ny-460","name":"NY 14 (Westinghouse) at Chemung St","state":"NY","provider":"NYSDOT","hls":"https://s9.nysdot.skyvdn.com:443/rtplive/R6_022/playlist.m3u8","snapshot":"https://511ny.org/map/Cctv/4988","refreshMs":30000,"attribution":"Ora (Warner Varnado) · NYSDOT"}},{"type":"Feature","geometry":{"type":"Point","coordinates":[-76.821738,42.157784]},"properties":{"id":"ora-ny-461","name":"I-86 Exit 53 Westbound (Brickyard Ln) at Grand Central Ave","state":"NY","provider":"NYSDOT","hls":"https://s9.nysdot.skyvdn.com:443/rtplive/R6_024/playlist.m3u8","snapshot":"https://511ny.org/map/Cctv/4990","refreshMs":30000,"attribution":"Ora (Warner Varnado) · NYSDOT"}},{"type":"Feature","geometry":{"type":"Point","coordinates":[-77.068808,42.163181]},"properties":{"id":"ora-ny-462","name":"I-86 at Corning Rock Cut (between Exit 45-46 Westbound)","state":"NY","provider":"NYSDOT","hls":"https://s9.nysdot.skyvdn.com:443/rtplive/R6_027/playlist.m3u8","snapshot":"https://511ny.org/map/Cctv/4993","refreshMs":30000,"attribution":"Ora (Warner Varnado) · NYSDOT"}},{"type":"Feature","geometry":{"type":"Point","coordinates":[-76.120986,43.377925]},"properties":{"id":"ora-ny-463","name":"I-81 south of Exit 33 (Parish)","state":"NY","provider":"NYSDOT","hls":"https://s9.nysdot.skyvdn.com:443/rtplive/R3_051/playlist.m3u8","snapshot":"https://511ny.org/map/Cctv/4994","refreshMs":30000,"attribution":"Ora (Warner Varnado) · NYSDOT"}},{"type":"Feature","geometry":{"type":"Point","coordinates":[-76.124315,43.19891]},"properties":{"id":"ora-ny-464","name":"I-81 south of Exit 31 (Brewerton)","state":"NY","provider":"NYSDOT","hls":"https://s9.nysdot.skyvdn.com:443/rtplive/R3_052/playlist.m3u8","snapshot":"https://511ny.org/map/Cctv/4995","refreshMs":30000,"attribution":"Ora (Warner Varnado) · NYSDOT"}},{"type":"Feature","geometry":{"type":"Point","coordinates":[-76.110161,43.154229]},"properties":{"id":"ora-ny-465","name":"I-81 south of Exit 30 (Cicero)","state":"NY","provider":"NYSDOT","hls":"https://s9.nysdot.skyvdn.com:443/rtplive/R3_053/playlist.m3u8","snapshot":"https://511ny.org/map/Cctv/4996","refreshMs":30000,"attribution":"Ora (Warner Varnado) · NYSDOT"}},{"type":"Feature","geometry":{"type":"Point","coordinates":[-76.086483,43.644383]},"properties":{"id":"ora-ny-466","name":"NY-11 at County Route 15 (Sandy Creek)","state":"NY","provider":"NYSDOT","hls":"https://s9.nysdot.skyvdn.com:443/rtplive/R3_054/playlist.m3u8","snapshot":"https://511ny.org/map/Cctv/4997","refreshMs":30000,"attribution":"Ora (Warner Varnado) · NYSDOT"}},{"type":"Feature","geometry":{"type":"Point","coordinates":[-76.12665,43.5681]},"properties":{"id":"ora-ny-467","name":"NY-11 at Park/Maple (Pulaski)","state":"NY","provider":"NYSDOT","hls":"https://s9.nysdot.skyvdn.com:443/rtplive/R3_055/playlist.m3u8","snapshot":"https://511ny.org/map/Cctv/4998","refreshMs":30000,"attribution":"Ora (Warner Varnado) · NYSDOT"}},{"type":"Feature","geometry":{"type":"Point","coordinates":[-76.126667,43.562267]},"properties":{"id":"ora-ny-468","name":"NY-11 at NY-13 (Pulaski)","state":"NY","provider":"NYSDOT","hls":"https://s9.nysdot.skyvdn.com:443/rtplive/R3_056/playlist.m3u8","snapshot":"https://511ny.org/map/Cctv/4999","refreshMs":30000,"attribution":"Ora (Warner Varnado) · NYSDOT"}},{"type":"Feature","geometry":{"type":"Point","coordinates":[-76.145221,43.457272]},"properties":{"id":"ora-ny-469","name":"NY-11 at NY-104 (Mapleview)","state":"NY","provider":"NYSDOT","hls":"https://s9.nysdot.skyvdn.com:443/rtplive/R3_057/playlist.m3u8","snapshot":"https://511ny.org/map/Cctv/5000","refreshMs":30000,"attribution":"Ora (Warner Varnado) · NYSDOT"}},{"type":"Feature","geometry":{"type":"Point","coordinates":[-76.147,43.28765]},"properties":{"id":"ora-ny-470","name":"NY-11 at NY 49 (Central Square)","state":"NY","provider":"NYSDOT","hls":"https://s9.nysdot.skyvdn.com:443/rtplive/R3_058/playlist.m3u8","snapshot":"https://511ny.org/map/Cctv/5001","refreshMs":30000,"attribution":"Ora (Warner Varnado) · NYSDOT"}},{"type":"Feature","geometry":{"type":"Point","coordinates":[-76.12424,43.28608]},"properties":{"id":"ora-ny-471","name":"NY-49 at I-81 NB (Central Square)","state":"NY","provider":"NYSDOT","hls":"https://s9.nysdot.skyvdn.com:443/rtplive/R3_059/playlist.m3u8","snapshot":"https://511ny.org/map/Cctv/5002","refreshMs":30000,"attribution":"Ora (Warner Varnado) · NYSDOT"}},{"type":"Feature","geometry":{"type":"Point","coordinates":[-76.12615,43.28645]},"properties":{"id":"ora-ny-472","name":"NY-49 at I-81 SB (Central Square)","state":"NY","provider":"NYSDOT","hls":"https://s9.nysdot.skyvdn.com:443/rtplive/R3_060/playlist.m3u8","snapshot":"https://511ny.org/map/Cctv/5003","refreshMs":30000,"attribution":"Ora (Warner Varnado) · NYSDOT"}},{"type":"Feature","geometry":{"type":"Point","coordinates":[-77.65138,43.12146]},"properties":{"id":"ora-ny-473","name":"I-390 at Scottsville","state":"NY","provider":"NYSDOT","hls":"https://s9.nysdot.skyvdn.com:443/rtplive/R4_029/playlist.m3u8","snapshot":"https://511ny.org/map/Cctv/5008","refreshMs":30000,"attribution":"Ora (Warner Varnado) · NYSDOT"}},{"type":"Feature","geometry":{"type":"Point","coordinates":[-73.91766,40.77087]},"properties":{"id":"ora-ny-474","name":"907M at 31 St","state":"NY","provider":"NYSDOT","hls":"https://s9.nysdot.skyvdn.com:443/rtplive/R11_227/playlist.m3u8","snapshot":"https://511ny.org/map/Cctv/5009","refreshMs":30000,"attribution":"Ora (Warner Varnado) · NYSDOT"}},{"type":"Feature","geometry":{"type":"Point","coordinates":[-73.90884,40.86722]},"properties":{"id":"ora-ny-475","name":"I-87 at Heath Avenue","state":"NY","provider":"NYSDOT","hls":"https://s9.nysdot.skyvdn.com:443/rtplive/R11_229/playlist.m3u8","snapshot":"https://511ny.org/map/Cctv/5011","refreshMs":30000,"attribution":"Ora (Warner Varnado) · NYSDOT"}},{"type":"Feature","geometry":{"type":"Point","coordinates":[-73.178895,40.746028]},"properties":{"id":"ora-ny-476","name":"NY 27 at Heckscher State Pkwy","state":"NY","provider":"NYSDOT","hls":"https://s9.nysdot.skyvdn.com:443/rtplive/R10_351/playlist.m3u8","snapshot":"https://511ny.org/map/Cctv/5012","refreshMs":30000,"attribution":"Ora (Warner Varnado) · NYSDOT"}},{"type":"Feature","geometry":{"type":"Point","coordinates":[-72.939646,40.828568]},"properties":{"id":"ora-ny-477","name":"LIE West of CR101 Sills Rd","state":"NY","provider":"NYSDOT","hls":"https://s9.nysdot.skyvdn.com:443/rtplive/R10_356/playlist.m3u8","snapshot":"https://511ny.org/map/Cctv/5013","refreshMs":30000,"attribution":"Ora (Warner Varnado) · NYSDOT"}},{"type":"Feature","geometry":{"type":"Point","coordinates":[-72.974927,40.822446]},"properties":{"id":"ora-ny-478","name":"LIE at Horse Block Rd","state":"NY","provider":"NYSDOT","hls":"https://s9.nysdot.skyvdn.com:443/rtplive/R10_355/playlist.m3u8","snapshot":"https://511ny.org/map/Cctv/5014","refreshMs":30000,"attribution":"Ora (Warner Varnado) · NYSDOT"}},{"type":"Feature","geometry":{"type":"Point","coordinates":[-73.739702,40.628058]},"properties":{"id":"ora-ny-479","name":"NY878 at Peninsula/Bay Blvd","state":"NY","provider":"NYSDOT","hls":"https://s9.nysdot.skyvdn.com:443/rtplive/R10_386/playlist.m3u8","snapshot":"https://511ny.org/map/Cctv/5015","refreshMs":30000,"attribution":"Ora (Warner Varnado) · NYSDOT"}},{"type":"Feature","geometry":{"type":"Point","coordinates":[-73.738334,40.630635]},"properties":{"id":"ora-ny-480","name":"NY878 at Rockaway Tpke","state":"NY","provider":"NYSDOT","hls":"https://s9.nysdot.skyvdn.com:443/rtplive/R10_387/playlist.m3u8","snapshot":"https://511ny.org/map/Cctv/5016","refreshMs":30000,"attribution":"Ora (Warner Varnado) · NYSDOT"}},{"type":"Feature","geometry":{"type":"Point","coordinates":[-73.755563,42.762814]},"properties":{"id":"ora-ny-481","name":"US 9 at Columbia Street Ext","state":"NY","provider":"NYSDOT","hls":"https://s9.nysdot.skyvdn.com:443/rtplive/R1_077/playlist.m3u8","snapshot":"https://511ny.org/map/Cctv/5018","refreshMs":30000,"attribution":"Ora (Warner Varnado) · NYSDOT"}},{"type":"Feature","geometry":{"type":"Point","coordinates":[-73.84426,42.68368]},"properties":{"id":"ora-ny-482","name":"I-87 NB/SB in Median @ US 20","state":"NY","provider":"NYSDOT","hls":"https://s9.nysdot.skyvdn.com:443/rtplive/R1_078/playlist.m3u8","snapshot":"https://511ny.org/map/Cctv/5019","refreshMs":30000,"attribution":"Ora (Warner Varnado) · NYSDOT"}},{"type":"Feature","geometry":{"type":"Point","coordinates":[-73.69767,42.769003]},"properties":{"id":"ora-ny-483","name":"NY 787 at Bridge Avenue","state":"NY","provider":"NYSDOT","hls":"https://s9.nysdot.skyvdn.com:443/rtplive/R1_079/playlist.m3u8","snapshot":"https://511ny.org/map/Cctv/5020","refreshMs":30000,"attribution":"Ora (Warner Varnado) · NYSDOT"}},{"type":"Feature","geometry":{"type":"Point","coordinates":[-73.6964,42.77422]},"properties":{"id":"ora-ny-484","name":"NY 787 at Ontario Street","state":"NY","provider":"NYSDOT","hls":"https://s9.nysdot.skyvdn.com:443/rtplive/R1_080/playlist.m3u8","snapshot":"https://511ny.org/map/Cctv/5021","refreshMs":30000,"attribution":"Ora (Warner Varnado) · NYSDOT"}},{"type":"Feature","geometry":{"type":"Point","coordinates":[-73.697469,42.77547]},"properties":{"id":"ora-ny-485","name":"NY 787 at New Courtland Street","state":"NY","provider":"NYSDOT","hls":"https://s9.nysdot.skyvdn.com:443/rtplive/R1_081/playlist.m3u8","snapshot":"https://511ny.org/map/Cctv/5022","refreshMs":30000,"attribution":"Ora (Warner Varnado) · NYSDOT"}},{"type":"Feature","geometry":{"type":"Point","coordinates":[-73.558625,41.38513]},"properties":{"id":"ora-ny-486","name":"I-84 East of Exit 69 (NY 121)","state":"NY","provider":"NYSDOT","hls":"https://s9.nysdot.skyvdn.com:443/rtplive/R8_092/playlist.m3u8","snapshot":"https://511ny.org/map/Cctv/5023","refreshMs":30000,"attribution":"Ora (Warner Varnado) · NYSDOT"}},{"type":"Feature","geometry":{"type":"Point","coordinates":[-73.742116,42.838154]},"properties":{"id":"ora-ny-487","name":"US 9 at Grooms Rd and Guideboard Rd","state":"NY","provider":"NYSDOT","hls":"https://s9.nysdot.skyvdn.com:443/rtplive/R1_082/playlist.m3u8","snapshot":"https://511ny.org/map/Cctv/5024","refreshMs":30000,"attribution":"Ora (Warner Varnado) · NYSDOT"}},{"type":"Feature","geometry":{"type":"Point","coordinates":[-73.95056,40.83139]},"properties":{"id":"ora-ny-488","name":"Henry Hudson Pkwy at W. 150 St","state":"NY","provider":"NYSDOT","hls":"https://s9.nysdot.skyvdn.com:443/rtplive/R11_235/playlist.m3u8","snapshot":"https://511ny.org/map/Cctv/5025","refreshMs":30000,"attribution":"Ora (Warner Varnado) · NYSDOT"}},{"type":"Feature","geometry":{"type":"Point","coordinates":[-73.94323,40.84599]},"properties":{"id":"ora-ny-489","name":"Henry Hudson Pkwy at W. 173 St","state":"NY","provider":"NYSDOT","hls":"https://s9.nysdot.skyvdn.com:443/rtplive/R11_237/playlist.m3u8","snapshot":"https://511ny.org/map/Cctv/5026","refreshMs":30000,"attribution":"Ora (Warner Varnado) · NYSDOT"}},{"type":"Feature","geometry":{"type":"Point","coordinates":[-73.87217,40.85945]},"properties":{"id":"ora-ny-490","name":"Bronx River Parkway at Pelham Parkway","state":"NY","provider":"NYSDOT","hls":"https://s9.nysdot.skyvdn.com:443/rtplive/R11_239/playlist.m3u8","snapshot":"https://511ny.org/map/Cctv/5027","refreshMs":30000,"attribution":"Ora (Warner Varnado) · NYSDOT"}},{"type":"Feature","geometry":{"type":"Point","coordinates":[-73.8719,40.86356]},"properties":{"id":"ora-ny-491","name":"Bronx River Parkway at Mace Avenue","state":"NY","provider":"NYSDOT","hls":"https://s9.nysdot.skyvdn.com:443/rtplive/R11_240/playlist.m3u8","snapshot":"https://511ny.org/map/Cctv/5028","refreshMs":30000,"attribution":"Ora (Warner Varnado) · NYSDOT"}},{"type":"Feature","geometry":{"type":"Point","coordinates":[-77.624972,43.087286]},"properties":{"id":"ora-ny-492","name":"Jefferson Road at Marketplace Drive","state":"NY","provider":"NYSDOT","hls":"https://s9.nysdot.skyvdn.com:443/rtplive/R4_089/playlist.m3u8","snapshot":"https://511ny.org/map/Cctv/5029","refreshMs":30000,"attribution":"Ora (Warner Varnado) · NYSDOT"}},{"type":"Feature","geometry":{"type":"Point","coordinates":[-77.543775,43.141669]},"properties":{"id":"ora-ny-493","name":"490 at East Avenue","state":"NY","provider":"NYSDOT","hls":"https://s9.nysdot.skyvdn.com:443/rtplive/R4_085/playlist.m3u8","snapshot":"https://511ny.org/map/Cctv/5030","refreshMs":30000,"attribution":"Ora (Warner Varnado) · NYSDOT"}},{"type":"Feature","geometry":{"type":"Point","coordinates":[-77.389,43.2226]},"properties":{"id":"ora-ny-494","name":"104 at Basket Road","state":"NY","provider":"NYSDOT","hls":"https://s9.nysdot.skyvdn.com:443/rtplive/R4_082/playlist.m3u8","snapshot":"https://511ny.org/map/Cctv/5032","refreshMs":30000,"attribution":"Ora (Warner Varnado) · NYSDOT"}},{"type":"Feature","geometry":{"type":"Point","coordinates":[-77.488839,43.214669]},"properties":{"id":"ora-ny-495","name":"104 at Gravel Road","state":"NY","provider":"NYSDOT","hls":"https://s9.nysdot.skyvdn.com:443/rtplive/R4_083/playlist.m3u8","snapshot":"https://511ny.org/map/Cctv/5033","refreshMs":30000,"attribution":"Ora (Warner Varnado) · NYSDOT"}},{"type":"Feature","geometry":{"type":"Point","coordinates":[-77.683306,43.179122]},"properties":{"id":"ora-ny-496","name":"390 at Lexington Avenue","state":"NY","provider":"NYSDOT","hls":"https://s9.nysdot.skyvdn.com:443/rtplive/R4_084/playlist.m3u8","snapshot":"https://511ny.org/map/Cctv/5036","refreshMs":30000,"attribution":"Ora (Warner Varnado) · NYSDOT"}},{"type":"Feature","geometry":{"type":"Point","coordinates":[-77.653717,43.092967]},"properties":{"id":"ora-ny-497","name":"Jefferson at BHTL-John","state":"NY","provider":"NYSDOT","hls":"https://s9.nysdot.skyvdn.com:443/rtplive/R4_090/playlist.m3u8","snapshot":"https://511ny.org/map/Cctv/5038","refreshMs":30000,"attribution":"Ora (Warner Varnado) · NYSDOT"}},{"type":"Feature","geometry":{"type":"Point","coordinates":[-73.96616,40.81219]},"properties":{"id":"ora-ny-498","name":"Henry Hudson Pkwy at W. 119 Street","state":"NY","provider":"NYSDOT","hls":"https://s9.nysdot.skyvdn.com:443/rtplive/R11_260/playlist.m3u8","snapshot":"https://511ny.org/map/Cctv/5040","refreshMs":30000,"attribution":"Ora (Warner Varnado) · NYSDOT"}},{"type":"Feature","geometry":{"type":"Point","coordinates":[-73.89438,40.74498]},"properties":{"id":"ora-ny-499","name":"I-278 at 41 ave","state":"NY","provider":"NYSDOT","hls":"https://s9.nysdot.skyvdn.com:443/rtplive/R11_261/playlist.m3u8","snapshot":"https://511ny.org/map/Cctv/5041","refreshMs":30000,"attribution":"Ora (Warner Varnado) · NYSDOT"}},{"type":"Feature","geometry":{"type":"Point","coordinates":[-73.911139,40.736028]},"properties":{"id":"ora-ny-500","name":"I-278 at 58 Street","state":"NY","provider":"NYSDOT","hls":"https://s9.nysdot.skyvdn.com:443/rtplive/R11_262/playlist.m3u8","snapshot":"https://511ny.org/map/Cctv/5042","refreshMs":30000,"attribution":"Ora (Warner Varnado) · NYSDOT"}},{"type":"Feature","geometry":{"type":"Point","coordinates":[-73.82389,40.7933]},"properties":{"id":"ora-ny-501","name":"I-678 at 7 ave","state":"NY","provider":"NYSDOT","hls":"https://s9.nysdot.skyvdn.com:443/rtplive/R11_263/playlist.m3u8","snapshot":"https://511ny.org/map/Cctv/5043","refreshMs":30000,"attribution":"Ora (Warner Varnado) · NYSDOT"}},{"type":"Feature","geometry":{"type":"Point","coordinates":[-73.90153,40.8812]},"properties":{"id":"ora-ny-502","name":"I-87 at 234th Street","state":"NY","provider":"NYSDOT","hls":"https://s9.nysdot.skyvdn.com:443/rtplive/R11_264/playlist.m3u8","snapshot":"https://511ny.org/map/Cctv/5044","refreshMs":30000,"attribution":"Ora (Warner Varnado) · NYSDOT"}},{"type":"Feature","geometry":{"type":"Point","coordinates":[-73.776043,42.756339]},"properties":{"id":"ora-ny-503","name":"NY 7 WB at Wade Road","state":"NY","provider":"NYSDOT","hls":"https://s9.nysdot.skyvdn.com:443/rtplive/R1_083/playlist.m3u8","snapshot":"https://511ny.org/map/Cctv/5045","refreshMs":30000,"attribution":"Ora (Warner Varnado) · NYSDOT"}},{"type":"Feature","geometry":{"type":"Point","coordinates":[-73.74837,42.63755]},"properties":{"id":"ora-ny-504","name":"US 9 & 20 EB at the Dunn Memorial Bridge","state":"NY","provider":"NYSDOT","hls":"https://s9.nysdot.skyvdn.com:443/rtplive/R1_084/playlist.m3u8","snapshot":"https://511ny.org/map/Cctv/5046","refreshMs":30000,"attribution":"Ora (Warner Varnado) · NYSDOT"}},{"type":"Feature","geometry":{"type":"Point","coordinates":[-73.76995,40.74517]},"properties":{"id":"ora-ny-505","name":"I-495 at I-295/CVE","state":"NY","provider":"NYSDOT","hls":"https://s9.nysdot.skyvdn.com:443/rtplive/R11_269/playlist.m3u8","snapshot":"https://511ny.org/map/Cctv/5048","refreshMs":30000,"attribution":"Ora (Warner Varnado) · NYSDOT"}},{"type":"Feature","geometry":{"type":"Point","coordinates":[-73.799444,41.107979]},"properties":{"id":"ora-ny-506","name":"Taconic State Parkway Ramp to Exit 3 SMRP NB","state":"NY","provider":"NYSDOT","hls":"https://s9.nysdot.skyvdn.com:443/rtplive/R8_093/playlist.m3u8","snapshot":"https://511ny.org/map/Cctv/5051","refreshMs":30000,"attribution":"Ora (Warner Varnado) · NYSDOT"}},{"type":"Feature","geometry":{"type":"Point","coordinates":[-73.815182,41.130417]},"properties":{"id":"ora-ny-507","name":"Taconic State Parkway at Exit 5 Ramp NY 9A/100","state":"NY","provider":"NYSDOT","hls":"https://s9.nysdot.skyvdn.com:443/rtplive/R8_096/playlist.m3u8","snapshot":"https://511ny.org/map/Cctv/5052","refreshMs":30000,"attribution":"Ora (Warner Varnado) · NYSDOT"}},{"type":"Feature","geometry":{"type":"Point","coordinates":[-74.01066,40.72925]},"properties":{"id":"ora-ny-508","name":"West St at West Houston St.","state":"NY","provider":"NYSDOT","hls":"https://s9.nysdot.skyvdn.com:443/rtplive/R11_271/playlist.m3u8","snapshot":"https://511ny.org/map/Cctv/5055","refreshMs":30000,"attribution":"Ora (Warner Varnado) · NYSDOT"}},{"type":"Feature","geometry":{"type":"Point","coordinates":[-74.00479,40.75715]},"properties":{"id":"ora-ny-509","name":"West Street at W. 34 St","state":"NY","provider":"NYSDOT","hls":"https://s9.nysdot.skyvdn.com:443/rtplive/R11_272/playlist.m3u8","snapshot":"https://511ny.org/map/Cctv/5056","refreshMs":30000,"attribution":"Ora (Warner Varnado) · NYSDOT"}},{"type":"Feature","geometry":{"type":"Point","coordinates":[-73.99434,40.77152]},"properties":{"id":"ora-ny-510","name":"West Street at W. 57 St","state":"NY","provider":"NYSDOT","hls":"https://s9.nysdot.skyvdn.com:443/rtplive/R11_273/playlist.m3u8","snapshot":"https://511ny.org/map/Cctv/5057","refreshMs":30000,"attribution":"Ora (Warner Varnado) · NYSDOT"}},{"type":"Feature","geometry":{"type":"Point","coordinates":[-74.00102,40.76214]},"properties":{"id":"ora-ny-511","name":"West Street at W. 42 St","state":"NY","provider":"NYSDOT","hls":"https://s9.nysdot.skyvdn.com:443/rtplive/R11_274/playlist.m3u8","snapshot":"https://511ny.org/map/Cctv/5058","refreshMs":30000,"attribution":"Ora (Warner Varnado) · NYSDOT"}},{"type":"Feature","geometry":{"type":"Point","coordinates":[-74.00774,40.74826]},"properties":{"id":"ora-ny-512","name":"West Street at W. 23 St","state":"NY","provider":"NYSDOT","hls":"https://s9.nysdot.skyvdn.com:443/rtplive/R11_275/playlist.m3u8","snapshot":"https://511ny.org/map/Cctv/5059","refreshMs":30000,"attribution":"Ora (Warner Varnado) · NYSDOT"}},{"type":"Feature","geometry":{"type":"Point","coordinates":[-74.00882,40.74229]},"properties":{"id":"ora-ny-513","name":"West Street at W. 14 St","state":"NY","provider":"NYSDOT","hls":"https://s9.nysdot.skyvdn.com:443/rtplive/R11_276/playlist.m3u8","snapshot":"https://511ny.org/map/Cctv/5060","refreshMs":30000,"attribution":"Ora (Warner Varnado) · NYSDOT"}},{"type":"Feature","geometry":{"type":"Point","coordinates":[-74.01164,40.72291]},"properties":{"id":"ora-ny-514","name":"West Street at Vestry St","state":"NY","provider":"NYSDOT","hls":"https://s9.nysdot.skyvdn.com:443/rtplive/R11_277/playlist.m3u8","snapshot":"https://511ny.org/map/Cctv/5061","refreshMs":30000,"attribution":"Ora (Warner Varnado) · NYSDOT"}},{"type":"Feature","geometry":{"type":"Point","coordinates":[-74.01102,40.7259]},"properties":{"id":"ora-ny-515","name":"West Street median/at Spring St","state":"NY","provider":"NYSDOT","hls":"https://s9.nysdot.skyvdn.com:443/rtplive/R11_278/playlist.m3u8","snapshot":"https://511ny.org/map/Cctv/5062","refreshMs":30000,"attribution":"Ora (Warner Varnado) · NYSDOT"}},{"type":"Feature","geometry":{"type":"Point","coordinates":[-73.667438,41.496911]},"properties":{"id":"ora-ny-516","name":"I-84 East of Exit 58 (Ludingtonville Rd.)","state":"NY","provider":"NYSDOT","hls":"https://s9.nysdot.skyvdn.com:443/rtplive/R8_103/playlist.m3u8","snapshot":"https://511ny.org/map/Cctv/5065","refreshMs":30000,"attribution":"Ora (Warner Varnado) · NYSDOT"}},{"type":"Feature","geometry":{"type":"Point","coordinates":[-73.628178,41.425606]},"properties":{"id":"ora-ny-517","name":"I-84 at Exit 65 (NY 312)","state":"NY","provider":"NYSDOT","hls":"https://s9.nysdot.skyvdn.com:443/rtplive/R8_104/playlist.m3u8","snapshot":"https://511ny.org/map/Cctv/5066","refreshMs":30000,"attribution":"Ora (Warner Varnado) · NYSDOT"}},{"type":"Feature","geometry":{"type":"Point","coordinates":[-73.595111,41.388607]},"properties":{"id":"ora-ny-518","name":"I-84 at Exit 68B (NY 22 NB)","state":"NY","provider":"NYSDOT","hls":"https://s9.nysdot.skyvdn.com:443/rtplive/R8_105/playlist.m3u8","snapshot":"https://511ny.org/map/Cctv/5067","refreshMs":30000,"attribution":"Ora (Warner Varnado) · NYSDOT"}},{"type":"Feature","geometry":{"type":"Point","coordinates":[-73.600239,41.393352]},"properties":{"id":"ora-ny-519","name":"I-84 at Exit 68A (I-684 SB)","state":"NY","provider":"NYSDOT","hls":"https://s9.nysdot.skyvdn.com:443/rtplive/R8_106/playlist.m3u8","snapshot":"https://511ny.org/map/Cctv/5068","refreshMs":30000,"attribution":"Ora (Warner Varnado) · NYSDOT"}},{"type":"Feature","geometry":{"type":"Point","coordinates":[-73.790479,41.402584]},"properties":{"id":"ora-ny-520","name":"Taconic State Parkway South of Peekskill Hollow Rd.","state":"NY","provider":"NYSDOT","hls":"https://s9.nysdot.skyvdn.com:443/rtplive/R8_109/playlist.m3u8","snapshot":"https://511ny.org/map/Cctv/5071","refreshMs":30000,"attribution":"Ora (Warner Varnado) · NYSDOT"}},{"type":"Feature","geometry":{"type":"Point","coordinates":[-73.9749,40.64751]},"properties":{"id":"ora-ny-521","name":"Prospect Expressway at Caton Ave","state":"NY","provider":"NYSDOT","hls":"https://s9.nysdot.skyvdn.com:443/rtplive/R11_280/playlist.m3u8","snapshot":"https://511ny.org/map/Cctv/5073","refreshMs":30000,"attribution":"Ora (Warner Varnado) · NYSDOT"}},{"type":"Feature","geometry":{"type":"Point","coordinates":[-73.97561,40.64993]},"properties":{"id":"ora-ny-522","name":"Prospect Expressway at Fort Hamilton Pkwy","state":"NY","provider":"NYSDOT","hls":"https://s9.nysdot.skyvdn.com:443/rtplive/R11_281/playlist.m3u8","snapshot":"https://511ny.org/map/Cctv/5074","refreshMs":30000,"attribution":"Ora (Warner Varnado) · NYSDOT"}},{"type":"Feature","geometry":{"type":"Point","coordinates":[-73.98869,40.66268]},"properties":{"id":"ora-ny-523","name":"Prospect Expressway at 6 Ave","state":"NY","provider":"NYSDOT","hls":"https://s9.nysdot.skyvdn.com:443/rtplive/R11_283/playlist.m3u8","snapshot":"https://511ny.org/map/Cctv/5075","refreshMs":30000,"attribution":"Ora (Warner Varnado) · NYSDOT"}},{"type":"Feature","geometry":{"type":"Point","coordinates":[-73.987,40.66006]},"properties":{"id":"ora-ny-524","name":"Prospect Expressway at 7 Ave","state":"NY","provider":"NYSDOT","hls":"https://s9.nysdot.skyvdn.com:443/rtplive/R11_284/playlist.m3u8","snapshot":"https://511ny.org/map/Cctv/5076","refreshMs":30000,"attribution":"Ora (Warner Varnado) · NYSDOT"}},{"type":"Feature","geometry":{"type":"Point","coordinates":[-73.76162,40.74746]},"properties":{"id":"ora-ny-525","name":"I-495 at Bell Blvd","state":"NY","provider":"NYSDOT","hls":"https://s9.nysdot.skyvdn.com:443/rtplive/R11_287/playlist.m3u8","snapshot":"https://511ny.org/map/Cctv/5078","refreshMs":30000,"attribution":"Ora (Warner Varnado) · NYSDOT"}},{"type":"Feature","geometry":{"type":"Point","coordinates":[-73.809905,43.054496]},"properties":{"id":"ora-ny-526","name":"NY 50 NB @ SPAC","state":"NY","provider":"NYSDOT","hls":"https://s9.nysdot.skyvdn.com:443/rtplive/R1_2107/playlist.m3u8","snapshot":"https://511ny.org/map/Cctv/5079","refreshMs":30000,"attribution":"Ora (Warner Varnado) · NYSDOT"}},{"type":"Feature","geometry":{"type":"Point","coordinates":[-73.790157,43.045602]},"properties":{"id":"ora-ny-527","name":"US 9 SB @ E West Road","state":"NY","provider":"NYSDOT","hls":"https://s9.nysdot.skyvdn.com:443/rtplive/R1_2105/playlist.m3u8","snapshot":"https://511ny.org/map/Cctv/5080","refreshMs":30000,"attribution":"Ora (Warner Varnado) · NYSDOT"}},{"type":"Feature","geometry":{"type":"Point","coordinates":[-73.827,40.71655]},"properties":{"id":"ora-ny-528","name":"907M at J.R.P","state":"NY","provider":"NYSDOT","hls":"https://s9.nysdot.skyvdn.com:443/rtplive/R11_288/playlist.m3u8","snapshot":"https://511ny.org/map/Cctv/5081","refreshMs":30000,"attribution":"Ora (Warner Varnado) · NYSDOT"}},{"type":"Feature","geometry":{"type":"Point","coordinates":[-73.81983,40.7163]},"properties":{"id":"ora-ny-529","name":"907M at Union Turnpike","state":"NY","provider":"NYSDOT","hls":"https://s9.nysdot.skyvdn.com:443/rtplive/R11_289/playlist.m3u8","snapshot":"https://511ny.org/map/Cctv/5082","refreshMs":30000,"attribution":"Ora (Warner Varnado) · NYSDOT"}},{"type":"Feature","geometry":{"type":"Point","coordinates":[-73.82133,40.71706]},"properties":{"id":"ora-ny-530","name":"907M ramp to Queens Blvd","state":"NY","provider":"NYSDOT","hls":"https://s9.nysdot.skyvdn.com:443/rtplive/R11_290/playlist.m3u8","snapshot":"https://511ny.org/map/Cctv/5083","refreshMs":30000,"attribution":"Ora (Warner Varnado) · NYSDOT"}},{"type":"Feature","geometry":{"type":"Point","coordinates":[-73.93479,40.80845]},"properties":{"id":"ora-ny-531","name":"Harlem River Drive at 130 Street","state":"NY","provider":"NYSDOT","hls":"https://s9.nysdot.skyvdn.com:443/rtplive/R11_291/playlist.m3u8","snapshot":"https://511ny.org/map/Cctv/5084","refreshMs":30000,"attribution":"Ora (Warner Varnado) · NYSDOT"}},{"type":"Feature","geometry":{"type":"Point","coordinates":[-73.88562,40.82289]},"properties":{"id":"ora-ny-532","name":"I-278 at Whittier St","state":"NY","provider":"NYSDOT","hls":"https://s9.nysdot.skyvdn.com:443/rtplive/R11_292/playlist.m3u8","snapshot":"https://511ny.org/map/Cctv/5085","refreshMs":30000,"attribution":"Ora (Warner Varnado) · NYSDOT"}},{"type":"Feature","geometry":{"type":"Point","coordinates":[-73.82499,40.71589]},"properties":{"id":"ora-ny-533","name":"907M at I-678/VWE","state":"NY","provider":"NYSDOT","hls":"https://s9.nysdot.skyvdn.com:443/rtplive/R11_294/playlist.m3u8","snapshot":"https://511ny.org/map/Cctv/5086","refreshMs":30000,"attribution":"Ora (Warner Varnado) · NYSDOT"}},{"type":"Feature","geometry":{"type":"Point","coordinates":[-73.82747,40.71598]},"properties":{"id":"ora-ny-534","name":"907M at JRP","state":"NY","provider":"NYSDOT","hls":"https://s9.nysdot.skyvdn.com:443/rtplive/R11_293/playlist.m3u8","snapshot":"https://511ny.org/map/Cctv/5087","refreshMs":30000,"attribution":"Ora (Warner Varnado) · NYSDOT"}},{"type":"Feature","geometry":{"type":"Point","coordinates":[-74.073132,41.514808]},"properties":{"id":"ora-ny-535","name":"I-84 at Exit 36A/B (I-87/Union Ave)","state":"NY","provider":"NYSDOT","hls":"https://s9.nysdot.skyvdn.com:443/rtplive/R8_110/playlist.m3u8","snapshot":"https://511ny.org/map/Cctv/5088","refreshMs":30000,"attribution":"Ora (Warner Varnado) · NYSDOT"}},{"type":"Feature","geometry":{"type":"Point","coordinates":[-74.361725,41.441649]},"properties":{"id":"ora-ny-536","name":"NY 17 at Exit 122 (Crystal Run Rd.)","state":"NY","provider":"NYSDOT","hls":"https://s9.nysdot.skyvdn.com:443/rtplive/R8_112/playlist.m3u8","snapshot":"https://511ny.org/map/Cctv/5091","refreshMs":30000,"attribution":"Ora (Warner Varnado) · NYSDOT"}},{"type":"Feature","geometry":{"type":"Point","coordinates":[-73.773147,42.852525]},"properties":{"id":"ora-ny-537","name":"I-87 NB @ Sitterly Road","state":"NY","provider":"NYSDOT","hls":"https://s9.nysdot.skyvdn.com:443/rtplive/R1_027/playlist.m3u8","snapshot":"https://511ny.org/map/Cctv/5092","refreshMs":30000,"attribution":"Ora (Warner Varnado) · NYSDOT"}},{"type":"Feature","geometry":{"type":"Point","coordinates":[-73.599851,41.386593]},"properties":{"id":"ora-ny-538","name":"I-684 at Exit 9E (I-84 Danbury)","state":"NY","provider":"NYSDOT","hls":"https://s9.nysdot.skyvdn.com:443/rtplive/R8_116/playlist.m3u8","snapshot":"https://511ny.org/map/Cctv/5095","refreshMs":30000,"attribution":"Ora (Warner Varnado) · NYSDOT"}},{"type":"Feature","geometry":{"type":"Point","coordinates":[-76.230641,42.090485]},"properties":{"id":"ora-ny-539","name":"NY 17 WB Exit 65","state":"NY","provider":"NYSDOT","hls":"https://s9.nysdot.skyvdn.com:443/rtplive/R9_035/playlist.m3u8","snapshot":"https://511ny.org/map/Cctv/5096","refreshMs":30000,"attribution":"Ora (Warner Varnado) · NYSDOT"}},{"type":"Feature","geometry":{"type":"Point","coordinates":[-77.544467,43.141919]},"properties":{"id":"ora-ny-540","name":"I-490 at East Avenue","state":"NY","provider":"NYSDOT","hls":"https://s9.nysdot.skyvdn.com:443/rtplive/R4_091/playlist.m3u8","snapshot":"https://511ny.org/map/Cctv/5097","refreshMs":30000,"attribution":"Ora (Warner Varnado) · NYSDOT"}},{"type":"Feature","geometry":{"type":"Point","coordinates":[-77.640513,43.05917]},"properties":{"id":"ora-ny-541","name":"I-390 at Lehigh Station","state":"NY","provider":"NYSDOT","hls":"https://s9.nysdot.skyvdn.com:443/rtplive/R4_094/playlist.m3u8","snapshot":"https://511ny.org/map/Cctv/5098","refreshMs":30000,"attribution":"Ora (Warner Varnado) · NYSDOT"}},{"type":"Feature","geometry":{"type":"Point","coordinates":[-77.547845,43.111339]},"properties":{"id":"ora-ny-542","name":"Monroe Ave at Clover St","state":"NY","provider":"NYSDOT","hls":"https://s9.nysdot.skyvdn.com:443/rtplive/R4_093/playlist.m3u8","snapshot":"https://511ny.org/map/Cctv/5099","refreshMs":30000,"attribution":"Ora (Warner Varnado) · NYSDOT"}},{"type":"Feature","geometry":{"type":"Point","coordinates":[-75.652661,43.093374]},"properties":{"id":"ora-ny-543","name":"NY 365A EB at Broad St","state":"NY","provider":"NYSDOT","hls":"https://s9.nysdot.skyvdn.com:443/rtplive/R2_032/playlist.m3u8","snapshot":"https://511ny.org/map/Cctv/5100","refreshMs":30000,"attribution":"Ora (Warner Varnado) · NYSDOT"}},{"type":"Feature","geometry":{"type":"Point","coordinates":[-74.005894,42.84053]},"properties":{"id":"ora-ny-544","name":"I-890 EB/WB Exit 1 / TWY Exit 26","state":"NY","provider":"NYSDOT","hls":"https://s9.nysdot.skyvdn.com:443/rtplive/R1_031/playlist.m3u8","snapshot":"https://511ny.org/map/Cctv/5101","refreshMs":30000,"attribution":"Ora (Warner Varnado) · NYSDOT"}},{"type":"Feature","geometry":{"type":"Point","coordinates":[-74.028019,42.783504]},"properties":{"id":"ora-ny-545","name":"I-88 EB Exit 25 / TWY Exit 25A","state":"NY","provider":"NYSDOT","hls":"https://s9.nysdot.skyvdn.com:443/rtplive/R1_032/playlist.m3u8","snapshot":"https://511ny.org/map/Cctv/5102","refreshMs":30000,"attribution":"Ora (Warner Varnado) · NYSDOT"}},{"type":"Feature","geometry":{"type":"Point","coordinates":[-73.9572,40.82319]},"properties":{"id":"ora-ny-546","name":"Henry Hudson Pkwy at W. 138 Street","state":"NY","provider":"NYSDOT","hls":"https://s9.nysdot.skyvdn.com:443/rtplive/R11_231/playlist.m3u8","snapshot":"https://511ny.org/map/Cctv/5103","refreshMs":30000,"attribution":"Ora (Warner Varnado) · NYSDOT"}},{"type":"Feature","geometry":{"type":"Point","coordinates":[-73.9032,42.8671]},"properties":{"id":"ora-ny-547","name":"Glenridge Rd EB | West of Bridge","state":"NY","provider":"NYSDOT","hls":"https://s9.nysdot.skyvdn.com:443/rtplive/R1_086/playlist.m3u8","snapshot":"https://511ny.org/map/Cctv/5105","refreshMs":30000,"attribution":"Ora (Warner Varnado) · NYSDOT"}},{"type":"Feature","geometry":{"type":"Point","coordinates":[-73.9017,42.8673]},"properties":{"id":"ora-ny-548","name":"Glenridge Rd WB | East of Bridge","state":"NY","provider":"NYSDOT","hls":"https://s9.nysdot.skyvdn.com:443/rtplive/R1_087/playlist.m3u8","snapshot":"https://511ny.org/map/Cctv/5106","refreshMs":30000,"attribution":"Ora (Warner Varnado) · NYSDOT"}},{"type":"Feature","geometry":{"type":"Point","coordinates":[-75.271249,43.090021]},"properties":{"id":"ora-ny-549","name":"NY 5/8/12 NB at Burrstone Rd VMS","state":"NY","provider":"NYSDOT","hls":"https://s9.nysdot.skyvdn.com:443/rtplive/R2_023/playlist.m3u8","snapshot":"https://511ny.org/map/Cctv/5107","refreshMs":30000,"attribution":"Ora (Warner Varnado) · NYSDOT"}},{"type":"Feature","geometry":{"type":"Point","coordinates":[-75.306298,43.077414]},"properties":{"id":"ora-ny-550","name":"NY 5 EB at Genesee St","state":"NY","provider":"NYSDOT","hls":"https://s9.nysdot.skyvdn.com:443/rtplive/R2_019/playlist.m3u8","snapshot":"https://511ny.org/map/Cctv/5108","refreshMs":30000,"attribution":"Ora (Warner Varnado) · NYSDOT"}},{"type":"Feature","geometry":{"type":"Point","coordinates":[-75.315644,43.086244]},"properties":{"id":"ora-ny-551","name":"NY 5A WB at Hannaford Driveway","state":"NY","provider":"NYSDOT","hls":"https://s9.nysdot.skyvdn.com:443/rtplive/R2_026/playlist.m3u8","snapshot":"https://511ny.org/map/Cctv/5109","refreshMs":30000,"attribution":"Ora (Warner Varnado) · NYSDOT"}},{"type":"Feature","geometry":{"type":"Point","coordinates":[-73.90518,40.80777]},"properties":{"id":"ora-ny-552","name":"I-278 at 144 St","state":"NY","provider":"NYSDOT","hls":"https://s9.nysdot.skyvdn.com:443/rtplive/R11_302/playlist.m3u8","snapshot":"https://511ny.org/map/Cctv/5110","refreshMs":30000,"attribution":"Ora (Warner Varnado) · NYSDOT"}},{"type":"Feature","geometry":{"type":"Point","coordinates":[-76.396179,43.306958]},"properties":{"id":"ora-ny-553","name":"NY 481 north of CR 57","state":"NY","provider":"NYSDOT","hls":"https://s9.nysdot.skyvdn.com:443/rtplive/R3_082/playlist.m3u8","snapshot":"https://511ny.org/map/Cctv/5111","refreshMs":30000,"attribution":"Ora (Warner Varnado) · NYSDOT"}},{"type":"Feature","geometry":{"type":"Point","coordinates":[-77.617194,43.087282]},"properties":{"id":"ora-ny-554","name":"Jefferson Rd and Clay Rd","state":"NY","provider":"NYSDOT","hls":"https://s9.nysdot.skyvdn.com:443/rtplive/R4_098/playlist.m3u8","snapshot":"https://511ny.org/map/Cctv/5112","refreshMs":30000,"attribution":"Ora (Warner Varnado) · NYSDOT"}},{"type":"Feature","geometry":{"type":"Point","coordinates":[-73.806145,41.048235]},"properties":{"id":"ora-ny-555","name":"I-287 EB 369 at NY-100A Exit 4 MM 1.77","state":"NY","provider":"NYSDOT","hls":"https://s9.nysdot.skyvdn.com:443/rtplive/R8_130/playlist.m3u8","snapshot":"https://511ny.org/map/Cctv/5114","refreshMs":30000,"attribution":"Ora (Warner Varnado) · NYSDOT"}},{"type":"Feature","geometry":{"type":"Point","coordinates":[-74.028191,41.102306]},"properties":{"id":"ora-ny-556","name":"NY-59 EB 090B at I-287 MM 8.60","state":"NY","provider":"NYSDOT","hls":"https://s9.nysdot.skyvdn.com:443/rtplive/R8_131/playlist.m3u8","snapshot":"https://511ny.org/map/Cctv/5115","refreshMs":30000,"attribution":"Ora (Warner Varnado) · NYSDOT"}},{"type":"Feature","geometry":{"type":"Point","coordinates":[-73.921766,41.089935]},"properties":{"id":"ora-ny-557","name":"NY-59 EB 280 at Depew Ave Franklin St MM 00.0","state":"NY","provider":"NYSDOT","hls":"https://s9.nysdot.skyvdn.com:443/rtplive/R8_132/playlist.m3u8","snapshot":"https://511ny.org/map/Cctv/5116","refreshMs":30000,"attribution":"Ora (Warner Varnado) · NYSDOT"}},{"type":"Feature","geometry":{"type":"Point","coordinates":[-73.973446,41.517612]},"properties":{"id":"ora-ny-558","name":"I-84 at Exit 41 (NY 9D)","state":"NY","provider":"NYSDOT","hls":"https://s9.nysdot.skyvdn.com:443/rtplive/R8_133/playlist.m3u8","snapshot":"https://511ny.org/map/Cctv/5117","refreshMs":30000,"attribution":"Ora (Warner Varnado) · NYSDOT"}},{"type":"Feature","geometry":{"type":"Point","coordinates":[-73.928736,41.091047]},"properties":{"id":"ora-ny-559","name":"I-287 WB at Exit 11 US9W Nyack MM 17.63","state":"NY","provider":"NYSDOT","hls":"https://s9.nysdot.skyvdn.com:443/rtplive/R8_134/playlist.m3u8","snapshot":"https://511ny.org/map/Cctv/5118","refreshMs":30000,"attribution":"Ora (Warner Varnado) · NYSDOT"}},{"type":"Feature","geometry":{"type":"Point","coordinates":[-73.861908,41.062923]},"properties":{"id":"ora-ny-560","name":"I-287 WB at Broadway Overpass MM 12.87","state":"NY","provider":"NYSDOT","hls":"https://s9.nysdot.skyvdn.com:443/rtplive/R8_135/playlist.m3u8","snapshot":"https://511ny.org/map/Cctv/5119","refreshMs":30000,"attribution":"Ora (Warner Varnado) · NYSDOT"}},{"type":"Feature","geometry":{"type":"Point","coordinates":[-73.922917,41.082139]},"properties":{"id":"ora-ny-561","name":"I-287 WB East of Exit 11 MM 15.7 (S.Nyack)","state":"NY","provider":"NYSDOT","hls":"https://s9.nysdot.skyvdn.com:443/rtplive/R8_136/playlist.m3u8","snapshot":"https://511ny.org/map/Cctv/5120","refreshMs":30000,"attribution":"Ora (Warner Varnado) · NYSDOT"}},{"type":"Feature","geometry":{"type":"Point","coordinates":[-73.9389,41.096186]},"properties":{"id":"ora-ny-562","name":"I-87 SB at Exit 11 US 9W NY59 MM 18.0","state":"NY","provider":"NYSDOT","hls":"https://s9.nysdot.skyvdn.com:443/rtplive/R8_137/playlist.m3u8","snapshot":"https://511ny.org/map/Cctv/5121","refreshMs":30000,"attribution":"Ora (Warner Varnado) · NYSDOT"}},{"type":"Feature","geometry":{"type":"Point","coordinates":[-74.019,41.103833]},"properties":{"id":"ora-ny-563","name":"I87 EB Grandview Ave (Exit 14) and NY-59","state":"NY","provider":"NYSDOT","hls":"https://s9.nysdot.skyvdn.com:443/rtplive/R8_138/playlist.m3u8","snapshot":"https://511ny.org/map/Cctv/5122","refreshMs":30000,"attribution":"Ora (Warner Varnado) · NYSDOT"}},{"type":"Feature","geometry":{"type":"Point","coordinates":[-73.924138,41.08343]},"properties":{"id":"ora-ny-564","name":"I-87SB/I-287EB at South Franklin St MM16.49","state":"NY","provider":"NYSDOT","hls":"https://s9.nysdot.skyvdn.com:443/rtplive/R8_139/playlist.m3u8","snapshot":"https://511ny.org/map/Cctv/5123","refreshMs":30000,"attribution":"Ora (Warner Varnado) · NYSDOT"}},{"type":"Feature","geometry":{"type":"Point","coordinates":[-73.850955,41.064317]},"properties":{"id":"ora-ny-565","name":"NY 119 at Crescent Dr. (Tarrytown)","state":"NY","provider":"NYSDOT","hls":"https://s9.nysdot.skyvdn.com:443/rtplive/R8_140/playlist.m3u8","snapshot":"https://511ny.org/map/Cctv/5124","refreshMs":30000,"attribution":"Ora (Warner Varnado) · NYSDOT"}},{"type":"Feature","geometry":{"type":"Point","coordinates":[-74.042528,41.108856]},"properties":{"id":"ora-ny-566","name":"NY-59 WB NY45 Dutch Lane MM 6.37","state":"NY","provider":"NYSDOT","hls":"https://s9.nysdot.skyvdn.com:443/rtplive/R8_142/playlist.m3u8","snapshot":"https://511ny.org/map/Cctv/5126","refreshMs":30000,"attribution":"Ora (Warner Varnado) · NYSDOT"}},{"type":"Feature","geometry":{"type":"Point","coordinates":[-73.710403,41.539928]},"properties":{"id":"ora-ny-567","name":"I-84 East of Exit 52B (TSP NB)","state":"NY","provider":"NYSDOT","hls":"https://s9.nysdot.skyvdn.com:443/rtplive/R8_143/playlist.m3u8","snapshot":"https://511ny.org/map/Cctv/5127","refreshMs":30000,"attribution":"Ora (Warner Varnado) · NYSDOT"}},{"type":"Feature","geometry":{"type":"Point","coordinates":[-74.046398,41.514014]},"properties":{"id":"ora-ny-568","name":"I-84 at Exit 37 (NY 52 - Walden)","state":"NY","provider":"NYSDOT","hls":"https://s9.nysdot.skyvdn.com:443/rtplive/R8_144/playlist.m3u8","snapshot":"https://511ny.org/map/Cctv/5128","refreshMs":30000,"attribution":"Ora (Warner Varnado) · NYSDOT"}},{"type":"Feature","geometry":{"type":"Point","coordinates":[-74.109225,41.520124]},"properties":{"id":"ora-ny-569","name":"I-84 at Exit 34 (NY 17K)","state":"NY","provider":"NYSDOT","hls":"https://s9.nysdot.skyvdn.com:443/rtplive/R8_145/playlist.m3u8","snapshot":"https://511ny.org/map/Cctv/5129","refreshMs":30000,"attribution":"Ora (Warner Varnado) · NYSDOT"}},{"type":"Feature","geometry":{"type":"Point","coordinates":[-74.131198,41.512797]},"properties":{"id":"ora-ny-570","name":"I-84 at Exit 32 (NY 747 - Stewart Airport)","state":"NY","provider":"NYSDOT","hls":"https://s9.nysdot.skyvdn.com:443/rtplive/R8_146/playlist.m3u8","snapshot":"https://511ny.org/map/Cctv/5130","refreshMs":30000,"attribution":"Ora (Warner Varnado) · NYSDOT"}},{"type":"Feature","geometry":{"type":"Point","coordinates":[-74.333317,41.466972]},"properties":{"id":"ora-ny-571","name":"I-84 East of Exit 19 (NY 17)","state":"NY","provider":"NYSDOT","hls":"https://s9.nysdot.skyvdn.com:443/rtplive/R8_148/playlist.m3u8","snapshot":"https://511ny.org/map/Cctv/5132","refreshMs":30000,"attribution":"Ora (Warner Varnado) · NYSDOT"}},{"type":"Feature","geometry":{"type":"Point","coordinates":[-74.360628,41.452674]},"properties":{"id":"ora-ny-572","name":"I-84 Before Exit 19 (NY 17)","state":"NY","provider":"NYSDOT","hls":"https://s9.nysdot.skyvdn.com:443/rtplive/R8_149/playlist.m3u8","snapshot":"https://511ny.org/map/Cctv/5133","refreshMs":30000,"attribution":"Ora (Warner Varnado) · NYSDOT"}},{"type":"Feature","geometry":{"type":"Point","coordinates":[-74.375813,41.441901]},"properties":{"id":"ora-ny-573","name":"I-84 West of Exit 19 (NY 17)","state":"NY","provider":"NYSDOT","hls":"https://s9.nysdot.skyvdn.com:443/rtplive/R8_150/playlist.m3u8","snapshot":"https://511ny.org/map/Cctv/5134","refreshMs":30000,"attribution":"Ora (Warner Varnado) · NYSDOT"}},{"type":"Feature","geometry":{"type":"Point","coordinates":[-74.44383,41.40951]},"properties":{"id":"ora-ny-574","name":"I-84 West of Exit 15A (US 6 / NY 17M)","state":"NY","provider":"NYSDOT","hls":"https://s9.nysdot.skyvdn.com:443/rtplive/R8_151/playlist.m3u8","snapshot":"https://511ny.org/map/Cctv/5135","refreshMs":30000,"attribution":"Ora (Warner Varnado) · NYSDOT"}},{"type":"Feature","geometry":{"type":"Point","coordinates":[-74.625219,41.373669]},"properties":{"id":"ora-ny-575","name":"I-84 West of Exit 4 (Mountain Rd.) ","state":"NY","provider":"NYSDOT","hls":"https://s9.nysdot.skyvdn.com:443/rtplive/R8_152/playlist.m3u8","snapshot":"https://511ny.org/map/Cctv/5136","refreshMs":30000,"attribution":"Ora (Warner Varnado) · NYSDOT"}},{"type":"Feature","geometry":{"type":"Point","coordinates":[-74.684527,41.354463]},"properties":{"id":"ora-ny-576","name":"I-84 at Exit 1 (US 6 - Port Jervis)","state":"NY","provider":"NYSDOT","hls":"https://s9.nysdot.skyvdn.com:443/rtplive/R8_153/playlist.m3u8","snapshot":"https://511ny.org/map/Cctv/5137","refreshMs":30000,"attribution":"Ora (Warner Varnado) · NYSDOT"}},{"type":"Feature","geometry":{"type":"Point","coordinates":[-73.801772,41.07345]},"properties":{"id":"ora-ny-577","name":"Sprain Brook Parkway at NY 100C","state":"NY","provider":"NYSDOT","hls":"https://s9.nysdot.skyvdn.com:443/rtplive/R8_155/playlist.m3u8","snapshot":"https://511ny.org/map/Cctv/5138","refreshMs":30000,"attribution":"Ora (Warner Varnado) · NYSDOT"}},{"type":"Feature","geometry":{"type":"Point","coordinates":[-74.026843,41.103206]},"properties":{"id":"ora-ny-578","name":"NY-59 WB at I-287 Exit 14 Ent Rmp MM 22.7","state":"NY","provider":"NYSDOT","hls":"https://s9.nysdot.skyvdn.com:443/rtplive/R8_154/playlist.m3u8","snapshot":"https://511ny.org/map/Cctv/5142","refreshMs":30000,"attribution":"Ora (Warner Varnado) · NYSDOT"}},{"type":"Feature","geometry":{"type":"Point","coordinates":[-73.8378,40.84267]},"properties":{"id":"ora-ny-579","name":"908A at Westchester Avenue","state":"NY","provider":"NYSDOT","hls":"https://s9.nysdot.skyvdn.com:443/rtplive/R11_303/playlist.m3u8","snapshot":"https://511ny.org/map/Cctv/5143","refreshMs":30000,"attribution":"Ora (Warner Varnado) · NYSDOT"}},{"type":"Feature","geometry":{"type":"Point","coordinates":[-75.10349,43.07645]},"properties":{"id":"ora-ny-580","name":"I-90 MP 227.10 WB Schuyler Service Area Truck Park 1","state":"NY","provider":"NYSDOT","hls":"https://s9.nysdot.skyvdn.com:443/rtplive/TA_205/playlist.m3u8","snapshot":"https://511ny.org/map/Cctv/5144","refreshMs":30000,"attribution":"Ora (Warner Varnado) · NYSDOT"}},{"type":"Feature","geometry":{"type":"Point","coordinates":[-75.10368,43.07658]},"properties":{"id":"ora-ny-581","name":"I-90 MP 227.10 WB Schuyler Service Area Truck Park 2","state":"NY","provider":"NYSDOT","hls":"https://s9.nysdot.skyvdn.com:443/rtplive/TA_206/playlist.m3u8","snapshot":"https://511ny.org/map/Cctv/5145","refreshMs":30000,"attribution":"Ora (Warner Varnado) · NYSDOT"}},{"type":"Feature","geometry":{"type":"Point","coordinates":[-75.41471,43.12517]},"properties":{"id":"ora-ny-582","name":"I-90 MP 243.90 EB Oneida Service Area Truck Park 1","state":"NY","provider":"NYSDOT","hls":"https://s9.nysdot.skyvdn.com:443/rtplive/TA_203/playlist.m3u8","snapshot":"https://511ny.org/map/Cctv/5146","refreshMs":30000,"attribution":"Ora (Warner Varnado) · NYSDOT"}},{"type":"Feature","geometry":{"type":"Point","coordinates":[-75.414488,43.12515]},"properties":{"id":"ora-ny-583","name":"I-90 MP 243.90 EB Oneida Service Area Truck Park 2","state":"NY","provider":"NYSDOT","hls":"https://s9.nysdot.skyvdn.com:443/rtplive/TA_204/playlist.m3u8","snapshot":"https://511ny.org/map/Cctv/5147","refreshMs":30000,"attribution":"Ora (Warner Varnado) · NYSDOT"}},{"type":"Feature","geometry":{"type":"Point","coordinates":[-74.0733,41.51472]},"properties":{"id":"ora-ny-584","name":"I-87 MP 060.47 NB at Interchange 17 (I-84)","state":"NY","provider":"NYSDOT","hls":"https://s9.nysdot.skyvdn.com:443/rtplive/TA_207/playlist.m3u8","snapshot":"https://511ny.org/map/Cctv/5148","refreshMs":30000,"attribution":"Ora (Warner Varnado) · NYSDOT"}},{"type":"Feature","geometry":{"type":"Point","coordinates":[-76.10106,43.09121]},"properties":{"id":"ora-ny-585","name":"I-90 MP 279.5 EB Dewitt Service Area Truck Park 1","state":"NY","provider":"NYSDOT","hls":"https://s9.nysdot.skyvdn.com:443/rtplive/TA_227/playlist.m3u8","snapshot":"https://511ny.org/map/Cctv/5149","refreshMs":30000,"attribution":"Ora (Warner Varnado) · NYSDOT"}},{"type":"Feature","geometry":{"type":"Point","coordinates":[-76.10059,43.0912]},"properties":{"id":"ora-ny-586","name":"I-90 MP 279.5 EB Dewitt Service Area Truck Park 2","state":"NY","provider":"NYSDOT","hls":"https://s9.nysdot.skyvdn.com:443/rtplive/TA_228/playlist.m3u8","snapshot":"https://511ny.org/map/Cctv/5150","refreshMs":30000,"attribution":"Ora (Warner Varnado) · NYSDOT"}},{"type":"Feature","geometry":{"type":"Point","coordinates":[-73.91839,41.07311]},"properties":{"id":"ora-ny-587","name":"I-87 MP 016.10a SB Gov. Mario M. Cuomo Bridge View 1","state":"NY","provider":"NYSDOT","hls":"https://s9.nysdot.skyvdn.com:443/rtplive/TA_168/playlist.m3u8","snapshot":"https://511ny.org/map/Cctv/5151","refreshMs":30000,"attribution":"Ora (Warner Varnado) · NYSDOT"}},{"type":"Feature","geometry":{"type":"Point","coordinates":[-73.86712,41.0681]},"properties":{"id":"ora-ny-588","name":"I-87 MP 013.30 NB Gov. Mario M. Cuomo Bridge","state":"NY","provider":"NYSDOT","hls":"https://s9.nysdot.skyvdn.com:443/rtplive/TA_169/playlist.m3u8","snapshot":"https://511ny.org/map/Cctv/5152","refreshMs":30000,"attribution":"Ora (Warner Varnado) · NYSDOT"}},{"type":"Feature","geometry":{"type":"Point","coordinates":[-73.92146,41.07769]},"properties":{"id":"ora-ny-589","name":"I-87 MP 016.30a SB Gov. Mario M. Cuomo Bridge View 1","state":"NY","provider":"NYSDOT","hls":"https://s9.nysdot.skyvdn.com:443/rtplive/TA_175/playlist.m3u8","snapshot":"https://511ny.org/map/Cctv/5153","refreshMs":30000,"attribution":"Ora (Warner Varnado) · NYSDOT"}},{"type":"Feature","geometry":{"type":"Point","coordinates":[-73.86308,41.06387]},"properties":{"id":"ora-ny-590","name":"I-87 MP 012.80a NB Gov. Mario M. Cuomo Bridge View 1","state":"NY","provider":"NYSDOT","hls":"https://s9.nysdot.skyvdn.com:443/rtplive/TA_176/playlist.m3u8","snapshot":"https://511ny.org/map/Cctv/5154","refreshMs":30000,"attribution":"Ora (Warner Varnado) · NYSDOT"}},{"type":"Feature","geometry":{"type":"Point","coordinates":[-73.86308,41.06387]},"properties":{"id":"ora-ny-591","name":"I-87 MP 012.80b NB Gov. Mario M. Cuomo Bridge View 2","state":"NY","provider":"NYSDOT","hls":"https://s9.nysdot.skyvdn.com:443/rtplive/TA_177/playlist.m3u8","snapshot":"https://511ny.org/map/Cctv/5155","refreshMs":30000,"attribution":"Ora (Warner Varnado) · NYSDOT"}},{"type":"Feature","geometry":{"type":"Point","coordinates":[-73.80424,41.04707]},"properties":{"id":"ora-ny-592","name":"I-287 MP 001.80 WB at Interchange 4 (Knollwood Road)","state":"NY","provider":"NYSDOT","hls":"https://s9.nysdot.skyvdn.com:443/rtplive/TA_178/playlist.m3u8","snapshot":"https://511ny.org/map/Cctv/5156","refreshMs":30000,"attribution":"Ora (Warner Varnado) · NYSDOT"}},{"type":"Feature","geometry":{"type":"Point","coordinates":[-74.80443,43.01609]},"properties":{"id":"ora-ny-593","name":"I-90 MP 210.00 EB at Indian Castle Service Area Truck Park 1","state":"NY","provider":"NYSDOT","hls":"https://s9.nysdot.skyvdn.com:443/rtplive/TA_179/playlist.m3u8","snapshot":"https://511ny.org/map/Cctv/5157","refreshMs":30000,"attribution":"Ora (Warner Varnado) · NYSDOT"}},{"type":"Feature","geometry":{"type":"Point","coordinates":[-74.80422,43.01606]},"properties":{"id":"ora-ny-594","name":"I-90 MP 210.00 EB at Indian Castle Service Area Truck Park 2","state":"NY","provider":"NYSDOT","hls":"https://s9.nysdot.skyvdn.com:443/rtplive/TA_180/playlist.m3u8","snapshot":"https://511ny.org/map/Cctv/5158","refreshMs":30000,"attribution":"Ora (Warner Varnado) · NYSDOT"}},{"type":"Feature","geometry":{"type":"Point","coordinates":[-75.84075,43.09598]},"properties":{"id":"ora-ny-595","name":"I-90 MP 266.30 WB at Chittenango Service Area Truck Park 1","state":"NY","provider":"NYSDOT","hls":"https://s9.nysdot.skyvdn.com:443/rtplive/TA_181/playlist.m3u8","snapshot":"https://511ny.org/map/Cctv/5159","refreshMs":30000,"attribution":"Ora (Warner Varnado) · NYSDOT"}},{"type":"Feature","geometry":{"type":"Point","coordinates":[-75.84075,43.09598]},"properties":{"id":"ora-ny-596","name":"I-90 MP 266.30 WB at Chittenango Service Area Truck Park 2","state":"NY","provider":"NYSDOT","hls":"https://s9.nysdot.skyvdn.com:443/rtplive/TA_182/playlist.m3u8","snapshot":"https://511ny.org/map/Cctv/5160","refreshMs":30000,"attribution":"Ora (Warner Varnado) · NYSDOT"}},{"type":"Feature","geometry":{"type":"Point","coordinates":[-76.91785,42.95899]},"properties":{"id":"ora-ny-597","name":"I-90 MP 323.80 WB at Junius Ponds Service Area Truck Park 1","state":"NY","provider":"NYSDOT","hls":"https://s9.nysdot.skyvdn.com:443/rtplive/TA_183/playlist.m3u8","snapshot":"https://511ny.org/map/Cctv/5161","refreshMs":30000,"attribution":"Ora (Warner Varnado) · NYSDOT"}},{"type":"Feature","geometry":{"type":"Point","coordinates":[-76.9183,42.95899]},"properties":{"id":"ora-ny-598","name":"I-90 MP 323.80 WB at Junius Ponds Service Area Truck Park 2","state":"NY","provider":"NYSDOT","hls":"https://s9.nysdot.skyvdn.com:443/rtplive/TA_184/playlist.m3u8","snapshot":"https://511ny.org/map/Cctv/5162","refreshMs":30000,"attribution":"Ora (Warner Varnado) · NYSDOT"}},{"type":"Feature","geometry":{"type":"Point","coordinates":[-77.17473,42.97287]},"properties":{"id":"ora-ny-599","name":"I-90 MP 336.80 EB at Clifton Springs Service Area Truck Park 1","state":"NY","provider":"NYSDOT","hls":"https://s9.nysdot.skyvdn.com:443/rtplive/TA_185/playlist.m3u8","snapshot":"https://511ny.org/map/Cctv/5163","refreshMs":30000,"attribution":"Ora (Warner Varnado) · NYSDOT"}},{"type":"Feature","geometry":{"type":"Point","coordinates":[-77.41331,42.99901]},"properties":{"id":"ora-ny-600","name":"I-90 MP 349.50 WB Seneca Service Area Truck Park 1","state":"NY","provider":"NYSDOT","hls":"https://s9.nysdot.skyvdn.com:443/rtplive/TA_201/playlist.m3u8","snapshot":"https://511ny.org/map/Cctv/5164","refreshMs":30000,"attribution":"Ora (Warner Varnado) · NYSDOT"}},{"type":"Feature","geometry":{"type":"Point","coordinates":[-77.41384,42.99908]},"properties":{"id":"ora-ny-601","name":"I-90 MP 349.50 WB Seneca Service Area Truck Park 2","state":"NY","provider":"NYSDOT","hls":"https://s9.nysdot.skyvdn.com:443/rtplive/TA_202/playlist.m3u8","snapshot":"https://511ny.org/map/Cctv/5165","refreshMs":30000,"attribution":"Ora (Warner Varnado) · NYSDOT"}},{"type":"Feature","geometry":{"type":"Point","coordinates":[-73.9182,42.7435]},"properties":{"id":"ora-ny-602","name":"I-90 MP 153.00 EB Guilderland Service Area Truck Park 1","state":"NY","provider":"NYSDOT","hls":"https://s9.nysdot.skyvdn.com:443/rtplive/TA_211/playlist.m3u8","snapshot":"https://511ny.org/map/Cctv/5166","refreshMs":30000,"attribution":"Ora (Warner Varnado) · NYSDOT"}},{"type":"Feature","geometry":{"type":"Point","coordinates":[-73.9183,42.7435]},"properties":{"id":"ora-ny-603","name":"I-90 MP 153.00 EB Guilderland Service Area Truck Park 2","state":"NY","provider":"NYSDOT","hls":"https://s9.nysdot.skyvdn.com:443/rtplive/TA_212/playlist.m3u8","snapshot":"https://511ny.org/map/Cctv/5167","refreshMs":30000,"attribution":"Ora (Warner Varnado) · NYSDOT"}},{"type":"Feature","geometry":{"type":"Point","coordinates":[-73.9186,42.7437]},"properties":{"id":"ora-ny-604","name":"I-90 MP 153.00 EB Guilderland Service Area Truck Park 3","state":"NY","provider":"NYSDOT","hls":"https://s9.nysdot.skyvdn.com:443/rtplive/TA_213/playlist.m3u8","snapshot":"https://511ny.org/map/Cctv/5168","refreshMs":30000,"attribution":"Ora (Warner Varnado) · NYSDOT"}},{"type":"Feature","geometry":{"type":"Point","coordinates":[-73.9185,42.7437]},"properties":{"id":"ora-ny-605","name":"I-90 MP 153.00 EB Guilderland Service Area Truck Park 4","state":"NY","provider":"NYSDOT","hls":"https://s9.nysdot.skyvdn.com:443/rtplive/TA_214/playlist.m3u8","snapshot":"https://511ny.org/map/Cctv/5169","refreshMs":30000,"attribution":"Ora (Warner Varnado) · NYSDOT"}},{"type":"Feature","geometry":{"type":"Point","coordinates":[-74.189839,41.153894]},"properties":{"id":"ora-ny-606","name":"I-87 MP 33.0 SB Ramapo Service Area Truck Park 1","state":"NY","provider":"NYSDOT","hls":"https://s9.nysdot.skyvdn.com:443/rtplive/TA_218/playlist.m3u8","snapshot":"https://511ny.org/map/Cctv/5170","refreshMs":30000,"attribution":"Ora (Warner Varnado) · NYSDOT"}},{"type":"Feature","geometry":{"type":"Point","coordinates":[-74.189867,41.153885]},"properties":{"id":"ora-ny-607","name":"I-87 MP 33.0 SB Ramapo Service Area Truck Park 2","state":"NY","provider":"NYSDOT","hls":"https://s9.nysdot.skyvdn.com:443/rtplive/TA_219/playlist.m3u8","snapshot":"https://511ny.org/map/Cctv/5171","refreshMs":30000,"attribution":"Ora (Warner Varnado) · NYSDOT"}},{"type":"Feature","geometry":{"type":"Point","coordinates":[-74.189955,41.153508]},"properties":{"id":"ora-ny-608","name":"I-87 MP 33.0 SB Ramapo Service Area Truck Park 3","state":"NY","provider":"NYSDOT","hls":"https://s9.nysdot.skyvdn.com:443/rtplive/TA_220/playlist.m3u8","snapshot":"https://511ny.org/map/Cctv/5172","refreshMs":30000,"attribution":"Ora (Warner Varnado) · NYSDOT"}},{"type":"Feature","geometry":{"type":"Point","coordinates":[-77.715,43.040833]},"properties":{"id":"ora-ny-609","name":"I-90 MP 365.7 EB Scottsville Service Area Truck Park 1","state":"NY","provider":"NYSDOT","hls":"https://s9.nysdot.skyvdn.com:443/rtplive/TA_221/playlist.m3u8","snapshot":"https://511ny.org/map/Cctv/5173","refreshMs":30000,"attribution":"Ora (Warner Varnado) · NYSDOT"}},{"type":"Feature","geometry":{"type":"Point","coordinates":[-77.715556,43.040833]},"properties":{"id":"ora-ny-610","name":"I-90 MP 365.7 EB Scottsville Service Area Truck Park 2","state":"NY","provider":"NYSDOT","hls":"https://s9.nysdot.skyvdn.com:443/rtplive/TA_222/playlist.m3u8","snapshot":"https://511ny.org/map/Cctv/5174","refreshMs":30000,"attribution":"Ora (Warner Varnado) · NYSDOT"}},{"type":"Feature","geometry":{"type":"Point","coordinates":[-77.715278,43.040833]},"properties":{"id":"ora-ny-611","name":"I-90 MP 365.7 EB Scottsville Service Area Truck Park 3","state":"NY","provider":"NYSDOT","hls":"https://s9.nysdot.skyvdn.com:443/rtplive/TA_223/playlist.m3u8","snapshot":"https://511ny.org/map/Cctv/5175","refreshMs":30000,"attribution":"Ora (Warner Varnado) · NYSDOT"}},{"type":"Feature","geometry":{"type":"Point","coordinates":[-76.67109,43.02383]},"properties":{"id":"ora-ny-612","name":"I-90 MP 310.3 EB Port Byron Service Area Truck Park 1","state":"NY","provider":"NYSDOT","hls":"https://s9.nysdot.skyvdn.com:443/rtplive/TA_224/playlist.m3u8","snapshot":"https://511ny.org/map/Cctv/5176","refreshMs":30000,"attribution":"Ora (Warner Varnado) · NYSDOT"}},{"type":"Feature","geometry":{"type":"Point","coordinates":[-76.67112,43.02373]},"properties":{"id":"ora-ny-613","name":"I-90 MP 310.3 EB Port Byron Service Area Truck Park 2","state":"NY","provider":"NYSDOT","hls":"https://s9.nysdot.skyvdn.com:443/rtplive/TA_225/playlist.m3u8","snapshot":"https://511ny.org/map/Cctv/5177","refreshMs":30000,"attribution":"Ora (Warner Varnado) · NYSDOT"}},{"type":"Feature","geometry":{"type":"Point","coordinates":[-76.67091,43.02387]},"properties":{"id":"ora-ny-614","name":"I-90 MP 310.3 EB Port Byron Service Area Truck Park 3","state":"NY","provider":"NYSDOT","hls":"https://s9.nysdot.skyvdn.com:443/rtplive/TA_226/playlist.m3u8","snapshot":"https://511ny.org/map/Cctv/5178","refreshMs":30000,"attribution":"Ora (Warner Varnado) · NYSDOT"}},{"type":"Feature","geometry":{"type":"Point","coordinates":[-74.097454,42.896873]},"properties":{"id":"ora-ny-615","name":"I-90 MP 168.10 WB Pattersonville Service Area Truck Park 1","state":"NY","provider":"NYSDOT","hls":"https://s9.nysdot.skyvdn.com:443/rtplive/TA_229/playlist.m3u8","snapshot":"https://511ny.org/map/Cctv/5179","refreshMs":30000,"attribution":"Ora (Warner Varnado) · NYSDOT"}},{"type":"Feature","geometry":{"type":"Point","coordinates":[-74.097407,42.896932]},"properties":{"id":"ora-ny-616","name":"I-90 MP 168.10 WB Pattersonville Service Area Truck Park 2","state":"NY","provider":"NYSDOT","hls":"https://s9.nysdot.skyvdn.com:443/rtplive/TA_230/playlist.m3u8","snapshot":"https://511ny.org/map/Cctv/5180","refreshMs":30000,"attribution":"Ora (Warner Varnado) · NYSDOT"}},{"type":"Feature","geometry":{"type":"Point","coordinates":[-74.097019,42.896882]},"properties":{"id":"ora-ny-617","name":"I-90 MP 168.10 WB Pattersonville Service Area Truck Park 3","state":"NY","provider":"NYSDOT","hls":"https://s9.nysdot.skyvdn.com:443/rtplive/TA_231/playlist.m3u8","snapshot":"https://511ny.org/map/Cctv/5181","refreshMs":30000,"attribution":"Ora (Warner Varnado) · NYSDOT"}},{"type":"Feature","geometry":{"type":"Point","coordinates":[-78.76664,42.93655]},"properties":{"id":"ora-ny-618","name":"I-90 MP 421.30 WB East of Interchange 51 (Buffalo/Airport)","state":"NY","provider":"NYSDOT","hls":"https://s9.nysdot.skyvdn.com:443/rtplive/TA_113/playlist.m3u8","snapshot":"https://511ny.org/map/Cctv/5182","refreshMs":30000,"attribution":"Ora (Warner Varnado) · NYSDOT"}},{"type":"Feature","geometry":{"type":"Point","coordinates":[-73.87328,41.07064]},"properties":{"id":"ora-ny-619","name":"I-87 MP 013.60b SB Gov. Mario M. Cuomo Bridge View 2","state":"NY","provider":"NYSDOT","hls":"https://s9.nysdot.skyvdn.com:443/rtplive/TA_170/playlist.m3u8","snapshot":"https://511ny.org/map/Cctv/5183","refreshMs":30000,"attribution":"Ora (Warner Varnado) · NYSDOT"}},{"type":"Feature","geometry":{"type":"Point","coordinates":[-73.89642,41.07144]},"properties":{"id":"ora-ny-620","name":"I-87 MP 014.90b NB Gov. Mario M. Cuomo Bridge View 2","state":"NY","provider":"NYSDOT","hls":"https://s9.nysdot.skyvdn.com:443/rtplive/TA_171/playlist.m3u8","snapshot":"https://511ny.org/map/Cctv/5184","refreshMs":30000,"attribution":"Ora (Warner Varnado) · NYSDOT"}},{"type":"Feature","geometry":{"type":"Point","coordinates":[-73.88881,41.07088]},"properties":{"id":"ora-ny-621","name":"I-87 MP 014.50 SB Gov. Mario M. Cuomo Bridge","state":"NY","provider":"NYSDOT","hls":"https://s9.nysdot.skyvdn.com:443/rtplive/TA_172/playlist.m3u8","snapshot":"https://511ny.org/map/Cctv/5185","refreshMs":30000,"attribution":"Ora (Warner Varnado) · NYSDOT"}},{"type":"Feature","geometry":{"type":"Point","coordinates":[-73.90404,41.07093]},"properties":{"id":"ora-ny-622","name":"I-87 MP 015.30 SB Gov. Mario M. Cuomo Bridge","state":"NY","provider":"NYSDOT","hls":"https://s9.nysdot.skyvdn.com:443/rtplive/TA_173/playlist.m3u8","snapshot":"https://511ny.org/map/Cctv/5186","refreshMs":30000,"attribution":"Ora (Warner Varnado) · NYSDOT"}},{"type":"Feature","geometry":{"type":"Point","coordinates":[-73.91165,41.07097]},"properties":{"id":"ora-ny-623","name":"I-87 MP 015.70 SB Gov. Mario M. Cuomo Bridge","state":"NY","provider":"NYSDOT","hls":"https://s9.nysdot.skyvdn.com:443/rtplive/TA_174/playlist.m3u8","snapshot":"https://511ny.org/map/Cctv/5187","refreshMs":30000,"attribution":"Ora (Warner Varnado) · NYSDOT"}},{"type":"Feature","geometry":{"type":"Point","coordinates":[-78.329316,43.011681]},"properties":{"id":"ora-ny-624","name":"I-90 MP 397.40 EB at Pembroke Service Area Truck Park 1","state":"NY","provider":"NYSDOT","hls":"https://s9.nysdot.skyvdn.com:443/rtplive/TA_190/playlist.m3u8","snapshot":"https://511ny.org/map/Cctv/5188","refreshMs":30000,"attribution":"Ora (Warner Varnado) · NYSDOT"}},{"type":"Feature","geometry":{"type":"Point","coordinates":[-77.1745,42.97287]},"properties":{"id":"ora-ny-625","name":"I-90 MP 336.80 EB at Clifton Springs Service Area Truck Park 2","state":"NY","provider":"NYSDOT","hls":"https://s9.nysdot.skyvdn.com:443/rtplive/TA_186/playlist.m3u8","snapshot":"https://511ny.org/map/Cctv/5189","refreshMs":30000,"attribution":"Ora (Warner Varnado) · NYSDOT"}},{"type":"Feature","geometry":{"type":"Point","coordinates":[-78.60324,42.95265]},"properties":{"id":"ora-ny-626","name":"I-90 MP 412.10 WB at Clarence Service Area Truck Park 1","state":"NY","provider":"NYSDOT","hls":"https://s9.nysdot.skyvdn.com:443/rtplive/TA_187/playlist.m3u8","snapshot":"https://511ny.org/map/Cctv/5190","refreshMs":30000,"attribution":"Ora (Warner Varnado) · NYSDOT"}},{"type":"Feature","geometry":{"type":"Point","coordinates":[-78.60336,42.95261]},"properties":{"id":"ora-ny-627","name":"I-90 MP 412.10 WB at Clarence Service Area Truck Park 2","state":"NY","provider":"NYSDOT","hls":"https://s9.nysdot.skyvdn.com:443/rtplive/TA_188/playlist.m3u8","snapshot":"https://511ny.org/map/Cctv/5191","refreshMs":30000,"attribution":"Ora (Warner Varnado) · NYSDOT"}},{"type":"Feature","geometry":{"type":"Point","coordinates":[-78.60266,42.95276]},"properties":{"id":"ora-ny-628","name":"I-90 MP 412.10 WB at Clarence Service Area Truck Park 3","state":"NY","provider":"NYSDOT","hls":"https://s9.nysdot.skyvdn.com:443/rtplive/TA_189/playlist.m3u8","snapshot":"https://511ny.org/map/Cctv/5192","refreshMs":30000,"attribution":"Ora (Warner Varnado) · NYSDOT"}},{"type":"Feature","geometry":{"type":"Point","coordinates":[-73.92146,41.07769]},"properties":{"id":"ora-ny-629","name":"I-87 MP 016.30b SB Gov. Mario M. Cuomo Bridge View 2","state":"NY","provider":"NYSDOT","hls":"https://s9.nysdot.skyvdn.com:443/rtplive/TA_192/playlist.m3u8","snapshot":"https://511ny.org/map/Cctv/5193","refreshMs":30000,"attribution":"Ora (Warner Varnado) · NYSDOT"}},{"type":"Feature","geometry":{"type":"Point","coordinates":[-73.99682,40.66954]},"properties":{"id":"ora-ny-630","name":"I-278 at 15 Street","state":"NY","provider":"NYSDOT","hls":"https://s7.nysdot.skyvdn.com:443/rtplive/R11_286/playlist.m3u8","snapshot":"https://511ny.org/map/Cctv/5194","refreshMs":30000,"attribution":"Ora (Warner Varnado) · NYSDOT"}},{"type":"Feature","geometry":{"type":"Point","coordinates":[-73.703441,43.190903]},"properties":{"id":"ora-ny-631","name":"I-87 NB Between Exits 16 & 17","state":"NY","provider":"NYSDOT","hls":"https://s9.nysdot.skyvdn.com:443/rtplive/R1_088/playlist.m3u8","snapshot":"https://511ny.org/map/Cctv/5197","refreshMs":30000,"attribution":"Ora (Warner Varnado) · NYSDOT"}},{"type":"Feature","geometry":{"type":"Point","coordinates":[-73.704305,43.191315]},"properties":{"id":"ora-ny-632","name":"I-87 SB Between Exits 17 & 16","state":"NY","provider":"NYSDOT","hls":"https://s9.nysdot.skyvdn.com:443/rtplive/R1_089/playlist.m3u8","snapshot":"https://511ny.org/map/Cctv/5198","refreshMs":30000,"attribution":"Ora (Warner Varnado) · NYSDOT"}},{"type":"Feature","geometry":{"type":"Point","coordinates":[-76.09988,43.09033]},"properties":{"id":"ora-ny-633","name":"I-90 MP 279.5 EB Dewitt Service Area Truck Park 3","state":"NY","provider":"NYSDOT","hls":"https://s51.nysdot.skyvdn.com:443/rtplive/TA_232/playlist.m3u8","snapshot":"https://511ny.org/map/Cctv/5199","refreshMs":30000,"attribution":"Ora (Warner Varnado) · NYSDOT"}},{"type":"Feature","geometry":{"type":"Point","coordinates":[-73.85053,40.7497]},"properties":{"id":"ora-ny-634","name":"907M at 44th Avenue","state":"NY","provider":"NYSDOT","hls":"https://s9.nysdot.skyvdn.com:443/rtplive/R11_305/playlist.m3u8","snapshot":"https://511ny.org/map/Cctv/5201","refreshMs":30000,"attribution":"Ora (Warner Varnado) · NYSDOT"}},{"type":"Feature","geometry":{"type":"Point","coordinates":[-73.95647,42.11087]},"properties":{"id":"ora-ny-635","name":"I-87 MP 103.30 NB Malden Service Area Truck Park 1","state":"NY","provider":"NYSDOT","hls":"https://s51.nysdot.skyvdn.com:443/rtplive/TA_233/playlist.m3u8","snapshot":"https://511ny.org/map/Cctv/5202","refreshMs":30000,"attribution":"Ora (Warner Varnado) · NYSDOT"}},{"type":"Feature","geometry":{"type":"Point","coordinates":[-73.95645,42.11059]},"properties":{"id":"ora-ny-636","name":"I-87 MP 103.30 NB Malden Service Area Truck Park 2","state":"NY","provider":"NYSDOT","hls":"https://s51.nysdot.skyvdn.com:443/rtplive/TA_234/playlist.m3u8","snapshot":"https://511ny.org/map/Cctv/5203","refreshMs":30000,"attribution":"Ora (Warner Varnado) · NYSDOT"}},{"type":"Feature","geometry":{"type":"Point","coordinates":[-73.9565,42.11045]},"properties":{"id":"ora-ny-637","name":"I-87 MP 103.30 NB Malden Service Area Truck Park 3","state":"NY","provider":"NYSDOT","hls":"https://s51.nysdot.skyvdn.com:443/rtplive/TA_235/playlist.m3u8","snapshot":"https://511ny.org/map/Cctv/5204","refreshMs":30000,"attribution":"Ora (Warner Varnado) · NYSDOT"}},{"type":"Feature","geometry":{"type":"Point","coordinates":[-74.188297,41.151467]},"properties":{"id":"ora-ny-638","name":"I-87 MP 033.00 NB Sloatsburg Service Area Truck Park 1","state":"NY","provider":"NYSDOT","hls":"https://s51.nysdot.skyvdn.com:443/rtplive/TA_236/playlist.m3u8","snapshot":"https://511ny.org/map/Cctv/5205","refreshMs":30000,"attribution":"Ora (Warner Varnado) · NYSDOT"}},{"type":"Feature","geometry":{"type":"Point","coordinates":[-74.188217,41.150019]},"properties":{"id":"ora-ny-639","name":"I-87 MP 033.00 NB Sloatsburg Service Area Truck Park 2","state":"NY","provider":"NYSDOT","hls":"https://s51.nysdot.skyvdn.com:443/rtplive/TA_237/playlist.m3u8","snapshot":"https://511ny.org/map/Cctv/5206","refreshMs":30000,"attribution":"Ora (Warner Varnado) · NYSDOT"}},{"type":"Feature","geometry":{"type":"Point","coordinates":[-74.188244,41.150683]},"properties":{"id":"ora-ny-640","name":"I-87 MP 033.00 NB Sloatsburg Service Area Truck Park 3","state":"NY","provider":"NYSDOT","hls":"https://s51.nysdot.skyvdn.com:443/rtplive/TA_238/playlist.m3u8","snapshot":"https://511ny.org/map/Cctv/5207","refreshMs":30000,"attribution":"Ora (Warner Varnado) · NYSDOT"}},{"type":"Feature","geometry":{"type":"Point","coordinates":[-74.187902,41.151011]},"properties":{"id":"ora-ny-641","name":"I-87 MP 033.00 NB Sloatsburg Service Area Truck Park 4","state":"NY","provider":"NYSDOT","hls":"https://s51.nysdot.skyvdn.com:443/rtplive/TA_239/playlist.m3u8","snapshot":"https://511ny.org/map/Cctv/5208","refreshMs":30000,"attribution":"Ora (Warner Varnado) · NYSDOT"}},{"type":"Feature","geometry":{"type":"Point","coordinates":[-75.317424,42.994994]},"properties":{"id":"ora-ny-642","name":"NY12 at Paris Hill Weather Station","state":"NY","provider":"NYSDOT","hls":"https://s51.nysdot.skyvdn.com:443/rtplive/R2_049/playlist.m3u8","snapshot":"https://511ny.org/map/Cctv/5211","refreshMs":30000,"attribution":"Ora (Warner Varnado) · NYSDOT"}},{"type":"Feature","geometry":{"type":"Point","coordinates":[-75.229213,43.123532]},"properties":{"id":"ora-ny-643","name":"NY 12 NB At Riverside Mall, Utica","state":"NY","provider":"NYSDOT","hls":"https://s51.nysdot.skyvdn.com:443/rtplive/R2_050/playlist.m3u8","snapshot":"https://511ny.org/map/Cctv/5212","refreshMs":30000,"attribution":"Ora (Warner Varnado) · NYSDOT"}},{"type":"Feature","geometry":{"type":"Point","coordinates":[-75.229413,43.123532]},"properties":{"id":"ora-ny-644","name":"NY 12 SB At Riverside Mall, Utica","state":"NY","provider":"NYSDOT","hls":"https://s51.nysdot.skyvdn.com:443/rtplive/R2_051/playlist.m3u8","snapshot":"https://511ny.org/map/Cctv/5213","refreshMs":30000,"attribution":"Ora (Warner Varnado) · NYSDOT"}},{"type":"Feature","geometry":{"type":"Point","coordinates":[-73.999793,42.014318]},"properties":{"id":"ora-ny-645","name":"I-87 MP 096.30 SB Ulster Service Area Truck Park 1","state":"NY","provider":"NYSDOT","hls":"https://s51.nysdot.skyvdn.com:443/rtplive/TA_240/playlist.m3u8","snapshot":"https://511ny.org/map/Cctv/5214","refreshMs":30000,"attribution":"Ora (Warner Varnado) · NYSDOT"}},{"type":"Feature","geometry":{"type":"Point","coordinates":[-73.999903,42.014]},"properties":{"id":"ora-ny-646","name":"I-87 MP 096.30 SB Ulster Service Area Truck Park 2","state":"NY","provider":"NYSDOT","hls":"https://s51.nysdot.skyvdn.com:443/rtplive/TA_241/playlist.m3u8","snapshot":"https://511ny.org/map/Cctv/5215","refreshMs":30000,"attribution":"Ora (Warner Varnado) · NYSDOT"}},{"type":"Feature","geometry":{"type":"Point","coordinates":[-73.999864,42.014328]},"properties":{"id":"ora-ny-647","name":"I-87 MP 096.30 SB Ulster Service Area Truck Park 3","state":"NY","provider":"NYSDOT","hls":"https://s51.nysdot.skyvdn.com:443/rtplive/TA_242/playlist.m3u8","snapshot":"https://511ny.org/map/Cctv/5216","refreshMs":30000,"attribution":"Ora (Warner Varnado) · NYSDOT"}},{"type":"Feature","geometry":{"type":"Point","coordinates":[-73.999986,42.014019]},"properties":{"id":"ora-ny-648","name":"I-87 MP 096.30 SB Ulster Service Area Truck Park 4","state":"NY","provider":"NYSDOT","hls":"https://s51.nysdot.skyvdn.com:443/rtplive/TA_243/playlist.m3u8","snapshot":"https://511ny.org/map/Cctv/5217","refreshMs":30000,"attribution":"Ora (Warner Varnado) · NYSDOT"}},{"type":"Feature","geometry":{"type":"Point","coordinates":[-77.906388,43.03111]},"properties":{"id":"ora-ny-649","name":"I-90 MP 375.60 WB Ontario Service Area Truck Park 1","state":"NY","provider":"NYSDOT","hls":"https://s51.nysdot.skyvdn.com:443/rtplive/TA_244/playlist.m3u8","snapshot":"https://511ny.org/map/Cctv/5218","refreshMs":30000,"attribution":"Ora (Warner Varnado) · NYSDOT"}},{"type":"Feature","geometry":{"type":"Point","coordinates":[-77.906666,43.03111]},"properties":{"id":"ora-ny-650","name":"I-90 MP 375.60 WB Ontario Service Area Truck Park 2","state":"NY","provider":"NYSDOT","hls":"https://s51.nysdot.skyvdn.com:443/rtplive/TA_245/playlist.m3u8","snapshot":"https://511ny.org/map/Cctv/5219","refreshMs":30000,"attribution":"Ora (Warner Varnado) · NYSDOT"}},{"type":"Feature","geometry":{"type":"Point","coordinates":[-77.906944,43.03111]},"properties":{"id":"ora-ny-651","name":"I-90 MP 375.60 WB Ontario Service Area Truck Park 3","state":"NY","provider":"NYSDOT","hls":"https://s51.nysdot.skyvdn.com:443/rtplive/TA_246/playlist.m3u8","snapshot":"https://511ny.org/map/Cctv/5220","refreshMs":30000,"attribution":"Ora (Warner Varnado) · NYSDOT"}},{"type":"Feature","geometry":{"type":"Point","coordinates":[-73.72844,41.058428]},"properties":{"id":"ora-ny-652","name":"I-684 South of Exit 2 NY120 Westchester County Airport","state":"NY","provider":"NYSDOT","hls":"https://s9.nysdot.skyvdn.com:443/rtplive/R8_196/playlist.m3u8","snapshot":"https://511ny.org/map/Cctv/5221","refreshMs":30000,"attribution":"Ora (Warner Varnado) · NYSDOT"}},{"type":"Feature","geometry":{"type":"Point","coordinates":[-73.717661,41.080547]},"properties":{"id":"ora-ny-653","name":"I-684 at Exit 2 NY120 Westchester County Airport","state":"NY","provider":"NYSDOT","hls":"https://s9.nysdot.skyvdn.com:443/rtplive/R8_197/playlist.m3u8","snapshot":"https://511ny.org/map/Cctv/5222","refreshMs":30000,"attribution":"Ora (Warner Varnado) · NYSDOT"}},{"type":"Feature","geometry":{"type":"Point","coordinates":[-73.697896,41.142786]},"properties":{"id":"ora-ny-654","name":"I-684 North of Exit 3 NY 22","state":"NY","provider":"NYSDOT","hls":"https://s9.nysdot.skyvdn.com:443/rtplive/R8_200/playlist.m3u8","snapshot":"https://511ny.org/map/Cctv/5224","refreshMs":30000,"attribution":"Ora (Warner Varnado) · NYSDOT"}},{"type":"Feature","geometry":{"type":"Point","coordinates":[-73.664221,41.317291]},"properties":{"id":"ora-ny-655","name":"I-684 South of Exit 7 NY 116","state":"NY","provider":"NYSDOT","hls":"https://s9.nysdot.skyvdn.com:443/rtplive/R8_204/playlist.m3u8","snapshot":"https://511ny.org/map/Cctv/5226","refreshMs":30000,"attribution":"Ora (Warner Varnado) · NYSDOT"}},{"type":"Feature","geometry":{"type":"Point","coordinates":[-73.64895,41.347809]},"properties":{"id":"ora-ny-656","name":"I-684 at Exit 8 Hardscrabble Road","state":"NY","provider":"NYSDOT","hls":"https://s9.nysdot.skyvdn.com:443/rtplive/R8_205/playlist.m3u8","snapshot":"https://511ny.org/map/Cctv/5227","refreshMs":30000,"attribution":"Ora (Warner Varnado) · NYSDOT"}},{"type":"Feature","geometry":{"type":"Point","coordinates":[-73.613188,41.372471]},"properties":{"id":"ora-ny-657","name":"I-684 South of Exit 9 I-84(Danbury)","state":"NY","provider":"NYSDOT","hls":"https://s9.nysdot.skyvdn.com:443/rtplive/R8_206/playlist.m3u8","snapshot":"https://511ny.org/map/Cctv/5228","refreshMs":30000,"attribution":"Ora (Warner Varnado) · NYSDOT"}},{"type":"Feature","geometry":{"type":"Point","coordinates":[-78.697402,42.834307]},"properties":{"id":"ora-ny-658","name":"NY 400 (Aurora Expressway) at Transit Rd","state":"NY","provider":"NYSDOT","hls":"https://s9.nysdot.skyvdn.com/rtplive/R5_048/playlist.m3u8","snapshot":"https://511ny.org/map/Cctv/1991","refreshMs":30000,"attribution":"Ora (Warner Varnado) · NYSDOT"}},{"type":"Feature","geometry":{"type":"Point","coordinates":[-78.80406,43.00787]},"properties":{"id":"ora-ny-659","name":"I-990 at Exit 1 (University at Buffalo)","state":"NY","provider":"NYSDOT","hls":"https://s52.nysdot.skyvdn.com:443/rtplive/R5_079/playlist.m3u8","snapshot":"https://511ny.org/map/Cctv/5230","refreshMs":30000,"attribution":"Ora (Warner Varnado) · NYSDOT"}},{"type":"Feature","geometry":{"type":"Point","coordinates":[-78.79929,43.01744]},"properties":{"id":"ora-ny-660","name":"I-990 at Exit 2 (Sweet Home Rd.)","state":"NY","provider":"NYSDOT","hls":"https://s52.nysdot.skyvdn.com:443/rtplive/R5_080/playlist.m3u8","snapshot":"https://511ny.org/map/Cctv/5231","refreshMs":30000,"attribution":"Ora (Warner Varnado) · NYSDOT"}},{"type":"Feature","geometry":{"type":"Point","coordinates":[-74.089779,41.11003]},"properties":{"id":"ora-ny-661","name":"NY59 EB at College Rd MM 5.17","state":"NY","provider":"NYSDOT","hls":"https://s9.nysdot.skyvdn.com:443/rtplive/R8_056/playlist.m3u8","snapshot":"https://511ny.org/map/Cctv/5235","refreshMs":30000,"attribution":"Ora (Warner Varnado) · NYSDOT"}},{"type":"Feature","geometry":{"type":"Point","coordinates":[-73.72844,41.058428]},"properties":{"id":"ora-ny-662","name":"I684 SB North of Barnes Lane MM 2.9","state":"NY","provider":"NYSDOT","hls":"https://s9.nysdot.skyvdn.com:443/rtplive/R8_057/playlist.m3u8","snapshot":"https://511ny.org/map/Cctv/5236","refreshMs":30000,"attribution":"Ora (Warner Varnado) · NYSDOT"}},{"type":"Feature","geometry":{"type":"Point","coordinates":[-73.867207,41.067938]},"properties":{"id":"ora-ny-663","name":"I87 NB NYSTA Gov. Cuomo Bridge MM 13.3","state":"NY","provider":"NYSDOT","hls":"https://s9.nysdot.skyvdn.com:443/rtplive/R8_083/playlist.m3u8","snapshot":"https://511ny.org/map/Cctv/5238","refreshMs":30000,"attribution":"Ora (Warner Varnado) · NYSDOT"}},{"type":"Feature","geometry":{"type":"Point","coordinates":[-74.154788,41.117103]},"properties":{"id":"ora-ny-664","name":"NY59 WB at Orange/Wayne Ave MM 5.93","state":"NY","provider":"NYSDOT","hls":"https://s9.nysdot.skyvdn.com:443/rtplive/R8_088/playlist.m3u8","snapshot":"https://511ny.org/map/Cctv/5241","refreshMs":30000,"attribution":"Ora (Warner Varnado) · NYSDOT"}},{"type":"Feature","geometry":{"type":"Point","coordinates":[-73.921682,41.091633]},"properties":{"id":"ora-ny-665","name":"NY59 WB North of Franklin St","state":"NY","provider":"NYSDOT","hls":"https://s9.nysdot.skyvdn.com:443/rtplive/R8_091/playlist.m3u8","snapshot":"https://511ny.org/map/Cctv/5242","refreshMs":30000,"attribution":"Ora (Warner Varnado) · NYSDOT"}},{"type":"Feature","geometry":{"type":"Point","coordinates":[-74.08808,41.109953]},"properties":{"id":"ora-ny-666","name":"NY59 WB East of College Rd MM 8.81","state":"NY","provider":"NYSDOT","hls":"https://s9.nysdot.skyvdn.com:443/rtplive/R8_095/playlist.m3u8","snapshot":"https://511ny.org/map/Cctv/5243","refreshMs":30000,"attribution":"Ora (Warner Varnado) · NYSDOT"}},{"type":"Feature","geometry":{"type":"Point","coordinates":[-74.019458,41.099404]},"properties":{"id":"ora-ny-667","name":"NY59 WB at Hutton Ave MM 6.00","state":"NY","provider":"NYSDOT","hls":"https://s9.nysdot.skyvdn.com:443/rtplive/R8_102/playlist.m3u8","snapshot":"https://511ny.org/map/Cctv/5244","refreshMs":30000,"attribution":"Ora (Warner Varnado) · NYSDOT"}},{"type":"Feature","geometry":{"type":"Point","coordinates":[-73.959032,41.094699]},"properties":{"id":"ora-ny-668","name":"NY59 WB at Cemetery Lane MM 6.51","state":"NY","provider":"NYSDOT","hls":"https://s9.nysdot.skyvdn.com:443/rtplive/R8_119/playlist.m3u8","snapshot":"https://511ny.org/map/Cctv/5246","refreshMs":30000,"attribution":"Ora (Warner Varnado) · NYSDOT"}},{"type":"Feature","geometry":{"type":"Point","coordinates":[-74.008059,41.095912]},"properties":{"id":"ora-ny-669","name":"NY59 WB at College MM 6.48","state":"NY","provider":"NYSDOT","hls":"https://s9.nysdot.skyvdn.com:443/rtplive/R8_193/playlist.m3u8","snapshot":"https://511ny.org/map/Cctv/5247","refreshMs":30000,"attribution":"Ora (Warner Varnado) · NYSDOT"}},{"type":"Feature","geometry":{"type":"Point","coordinates":[-74.044291,41.108926]},"properties":{"id":"ora-ny-670","name":"NY59 EB at South Main St MM 7.61","state":"NY","provider":"NYSDOT","hls":"https://s9.nysdot.skyvdn.com:443/rtplive/R8_208/playlist.m3u8","snapshot":"https://511ny.org/map/Cctv/5249","refreshMs":30000,"attribution":"Ora (Warner Varnado) · NYSDOT"}},{"type":"Feature","geometry":{"type":"Point","coordinates":[-74.154886,41.11714]},"properties":{"id":"ora-ny-671","name":"NY59 EB at Orange/Wayne Ave MM 6.84","state":"NY","provider":"NYSDOT","hls":"https://s9.nysdot.skyvdn.com:443/rtplive/R8_209/playlist.m3u8","snapshot":"https://511ny.org/map/Cctv/5250","refreshMs":30000,"attribution":"Ora (Warner Varnado) · NYSDOT"}},{"type":"Feature","geometry":{"type":"Point","coordinates":[-74.028167,41.102306]},"properties":{"id":"ora-ny-672","name":"NY59 EB at I87/I287 MM 8.60","state":"NY","provider":"NYSDOT","hls":"https://s9.nysdot.skyvdn.com:443/rtplive/R8_210/playlist.m3u8","snapshot":"https://511ny.org/map/Cctv/5251","refreshMs":30000,"attribution":"Ora (Warner Varnado) · NYSDOT"}},{"type":"Feature","geometry":{"type":"Point","coordinates":[-73.991655,41.101466]},"properties":{"id":"ora-ny-673","name":"I-87 at Exit 13 SB MM 20.95 (A)","state":"NY","provider":"NYSDOT","hls":"https://s9.nysdot.skyvdn.com:443/rtplive/R8_215/playlist.m3u8","snapshot":"https://511ny.org/map/Cctv/5256","refreshMs":30000,"attribution":"Ora (Warner Varnado) · NYSDOT"}},{"type":"Feature","geometry":{"type":"Point","coordinates":[-73.991586,41.10146]},"properties":{"id":"ora-ny-674","name":"I-87 at Exit 13 SB MM 20.95 (B)","state":"NY","provider":"NYSDOT","hls":"https://s9.nysdot.skyvdn.com:443/rtplive/R8_216/playlist.m3u8","snapshot":"https://511ny.org/map/Cctv/5257","refreshMs":30000,"attribution":"Ora (Warner Varnado) · NYSDOT"}},{"type":"Feature","geometry":{"type":"Point","coordinates":[-73.99614,41.102192]},"properties":{"id":"ora-ny-675","name":"I-87 WB at Exit 13N Ent Ramp MM 21.15","state":"NY","provider":"NYSDOT","hls":"https://s9.nysdot.skyvdn.com:443/rtplive/R8_218/playlist.m3u8","snapshot":"https://511ny.org/map/Cctv/5258","refreshMs":30000,"attribution":"Ora (Warner Varnado) · NYSDOT"}},{"type":"Feature","geometry":{"type":"Point","coordinates":[-73.992153,41.101973]},"properties":{"id":"ora-ny-676","name":"I87 NB at Exit 13N at PIP NB MM 20.97","state":"NY","provider":"NYSDOT","hls":"https://s9.nysdot.skyvdn.com:443/rtplive/R8_220/playlist.m3u8","snapshot":"https://511ny.org/map/Cctv/5260","refreshMs":30000,"attribution":"Ora (Warner Varnado) · NYSDOT"}},{"type":"Feature","geometry":{"type":"Point","coordinates":[-73.951862,41.09976]},"properties":{"id":"ora-ny-677","name":"I87 NB 249A at Exit 12 at North Palisades Center Dr MM 18.91","state":"NY","provider":"NYSDOT","hls":"https://s9.nysdot.skyvdn.com:443/rtplive/R8_221/playlist.m3u8","snapshot":"https://511ny.org/map/Cctv/5261","refreshMs":30000,"attribution":"Ora (Warner Varnado) · NYSDOT"}},{"type":"Feature","geometry":{"type":"Point","coordinates":[-73.953411,41.10041]},"properties":{"id":"ora-ny-678","name":"I87 NB 249B at Exit 12 at North Palisades Center Dr MM 18.91","state":"NY","provider":"NYSDOT","hls":"https://s9.nysdot.skyvdn.com:443/rtplive/R8_222/playlist.m3u8","snapshot":"https://511ny.org/map/Cctv/5262","refreshMs":30000,"attribution":"Ora (Warner Varnado) · NYSDOT"}},{"type":"Feature","geometry":{"type":"Point","coordinates":[-73.954048,41.100507]},"properties":{"id":"ora-ny-679","name":"I87 NB Ramp to North Palisades Center Dr. (West Nyack)","state":"NY","provider":"NYSDOT","hls":"https://s9.nysdot.skyvdn.com:443/rtplive/R8_223/playlist.m3u8","snapshot":"https://511ny.org/map/Cctv/5263","refreshMs":30000,"attribution":"Ora (Warner Varnado) · NYSDOT"}},{"type":"Feature","geometry":{"type":"Point","coordinates":[-73.84621,41.023801]},"properties":{"id":"ora-ny-680","name":"SMRP NB South of Exit 20 at I-87 MM 8.35","state":"NY","provider":"NYSDOT","hls":"https://s9.nysdot.skyvdn.com:443/rtplive/R8_055/playlist.m3u8","snapshot":"https://511ny.org/map/Cctv/5265","refreshMs":30000,"attribution":"Ora (Warner Varnado) · NYSDOT"}},{"type":"Feature","geometry":{"type":"Point","coordinates":[-74.16226,42.91463]},"properties":{"id":"ora-ny-681","name":"I-90 MP171.8 EB Mohawk Service Area Truck Park 1","state":"NY","provider":"NYSDOT","hls":"https://s52.nysdot.skyvdn.com:443/rtplive/TA_247/playlist.m3u8","snapshot":"https://511ny.org/map/Cctv/5267","refreshMs":30000,"attribution":"Ora (Warner Varnado) · NYSDOT"}},{"type":"Feature","geometry":{"type":"Point","coordinates":[-74.16256,42.9147]},"properties":{"id":"ora-ny-682","name":"I-90 MP 171.80 EB Mohawk Service Area Truck Park 2","state":"NY","provider":"NYSDOT","hls":"https://s52.nysdot.skyvdn.com:443/rtplive/TA_248/playlist.m3u8","snapshot":"https://511ny.org/map/Cctv/5268","refreshMs":30000,"attribution":"Ora (Warner Varnado) · NYSDOT"}},{"type":"Feature","geometry":{"type":"Point","coordinates":[-74.16259,42.914665]},"properties":{"id":"ora-ny-683","name":"I-90 MP 171.80 EB Mohawk Service Area Truck Park 3","state":"NY","provider":"NYSDOT","hls":"https://s52.nysdot.skyvdn.com:443/rtplive/TA_249/playlist.m3u8","snapshot":"https://511ny.org/map/Cctv/5269","refreshMs":30000,"attribution":"Ora (Warner Varnado) · NYSDOT"}},{"type":"Feature","geometry":{"type":"Point","coordinates":[-74.00081,40.66116]},"properties":{"id":"ora-ny-684","name":"I-278 at 26th Street","state":"NY","provider":"NYSDOT","hls":"https://s51.nysdot.skyvdn.com:443/rtplive/R11_095/playlist.m3u8","snapshot":"https://511ny.org/map/Cctv/5270","refreshMs":30000,"attribution":"Ora (Warner Varnado) · NYSDOT"}},{"type":"Feature","geometry":{"type":"Point","coordinates":[-73.91962,40.73214]},"properties":{"id":"ora-ny-685","name":"I-495 at 48 St (Upper Level)","state":"NY","provider":"NYSDOT","hls":"https://s9.nysdot.skyvdn.com:443/rtplive/R11_225/playlist.m3u8","snapshot":"https://511ny.org/map/Cctv/5271","refreshMs":30000,"attribution":"Ora (Warner Varnado) · NYSDOT"}},{"type":"Feature","geometry":{"type":"Point","coordinates":[-73.824722,41.307531]},"properties":{"id":"ora-ny-686","name":"Taconic State Parkway at Exit 17A (US 202/NY35)","state":"NY","provider":"NYSDOT","hls":"https://s9.nysdot.skyvdn.com:443/rtplive/R8_225/playlist.m3u8","snapshot":"https://511ny.org/map/Cctv/5273","refreshMs":30000,"attribution":"Ora (Warner Varnado) · NYSDOT"}},{"type":"Feature","geometry":{"type":"Point","coordinates":[-73.809172,41.124193]},"properties":{"id":"ora-ny-687","name":"Taconic State Parkway at Exit 4 NY 117 (Bedford Rd.)","state":"NY","provider":"NYSDOT","hls":"https://s9.nysdot.skyvdn.com:443/rtplive/R8_226/playlist.m3u8","snapshot":"https://511ny.org/map/Cctv/5274","refreshMs":30000,"attribution":"Ora (Warner Varnado) · NYSDOT"}},{"type":"Feature","geometry":{"type":"Point","coordinates":[-73.806112,40.939443]},"properties":{"id":"ora-ny-688","name":"Hutchinson River Parkway North of the Cross County Parkway at MM 8.46","state":"NY","provider":"NYSDOT","hls":"https://s9.nysdot.skyvdn.com:443/rtplive/R8_228/playlist.m3u8","snapshot":"https://511ny.org/map/Cctv/5276","refreshMs":30000,"attribution":"Ora (Warner Varnado) · NYSDOT"}},{"type":"Feature","geometry":{"type":"Point","coordinates":[-73.724792,41.027667]},"properties":{"id":"ora-ny-689","name":"I-684/HRP Connector North of Manhattanville Road","state":"NY","provider":"NYSDOT","hls":"https://s9.nysdot.skyvdn.com:443/rtplive/R8_229/playlist.m3u8","snapshot":"https://511ny.org/map/Cctv/5277","refreshMs":30000,"attribution":"Ora (Warner Varnado) · NYSDOT"}},{"type":"Feature","geometry":{"type":"Point","coordinates":[-73.788269,41.086781]},"properties":{"id":"ora-ny-690","name":"Taconic State Parkway at Commerce St.","state":"NY","provider":"NYSDOT","hls":"https://s9.nysdot.skyvdn.com:443/rtplive/R8_231/playlist.m3u8","snapshot":"https://511ny.org/map/Cctv/5279","refreshMs":30000,"attribution":"Ora (Warner Varnado) · NYSDOT"}},{"type":"Feature","geometry":{"type":"Point","coordinates":[-78.84355,42.92221]},"properties":{"id":"ora-ny-691","name":"NY 33 at NY 198 Interchange","state":"NY","provider":"NYSDOT","hls":"https://s51.nysdot.skyvdn.com:443/rtplive/R5_009/playlist.m3u8","snapshot":"https://511ny.org/map/Cctv/5282","refreshMs":30000,"attribution":"Ora (Warner Varnado) · NYSDOT"}},{"type":"Feature","geometry":{"type":"Point","coordinates":[-78.83931,42.92634]},"properties":{"id":"ora-ny-692","name":"NY 33 at Fillmore Avenue","state":"NY","provider":"NYSDOT","hls":"https://s51.nysdot.skyvdn.com:443/rtplive/R5_010/playlist.m3u8","snapshot":"https://511ny.org/map/Cctv/5283","refreshMs":30000,"attribution":"Ora (Warner Varnado) · NYSDOT"}},{"type":"Feature","geometry":{"type":"Point","coordinates":[-79.30924,43.17939]},"properties":{"id":"ora-ny-693","name":"QEW Seventh St.","state":"NY","provider":"NYSDOT","hls":null,"snapshot":"https://511ny.org/map/Cctv/2101","refreshMs":30000,"attribution":"Ora (Warner Varnado) · NYSDOT"}},{"type":"Feature","geometry":{"type":"Point","coordinates":[-79.2853,43.17803]},"properties":{"id":"ora-ny-694","name":"406 N/B Ramp","state":"NY","provider":"NYSDOT","hls":null,"snapshot":"https://511ny.org/map/Cctv/2102","refreshMs":30000,"attribution":"Ora (Warner Varnado) · NYSDOT"}},{"type":"Feature","geometry":{"type":"Point","coordinates":[-79.28522,43.17576]},"properties":{"id":"ora-ny-695","name":"406 S/B Ramp","state":"NY","provider":"NYSDOT","hls":null,"snapshot":"https://511ny.org/map/Cctv/2103","refreshMs":30000,"attribution":"Ora (Warner Varnado) · NYSDOT"}},{"type":"Feature","geometry":{"type":"Point","coordinates":[-79.267473,43.180521]},"properties":{"id":"ora-ny-696","name":"QEW near Ontario St.","state":"NY","provider":"NYSDOT","hls":null,"snapshot":"https://511ny.org/map/Cctv/2104","refreshMs":30000,"attribution":"Ora (Warner Varnado) · NYSDOT"}},{"type":"Feature","geometry":{"type":"Point","coordinates":[-79.246273,43.175264]},"properties":{"id":"ora-ny-697","name":"QEW Lake St./Geneva St.","state":"NY","provider":"NYSDOT","hls":null,"snapshot":"https://511ny.org/map/Cctv/2105","refreshMs":30000,"attribution":"Ora (Warner Varnado) · NYSDOT"}},{"type":"Feature","geometry":{"type":"Point","coordinates":[-79.232454,43.172635]},"properties":{"id":"ora-ny-698","name":"QEW near Niagara St","state":"NY","provider":"NYSDOT","hls":null,"snapshot":"https://511ny.org/map/Cctv/2106","refreshMs":30000,"attribution":"Ora (Warner Varnado) · NYSDOT"}},{"type":"Feature","geometry":{"type":"Point","coordinates":[-79.22373,43.17114]},"properties":{"id":"ora-ny-699","name":"QEW near Welland Ave","state":"NY","provider":"NYSDOT","hls":null,"snapshot":"https://511ny.org/map/Cctv/2107","refreshMs":30000,"attribution":"Ora (Warner Varnado) · NYSDOT"}},{"type":"Feature","geometry":{"type":"Point","coordinates":[-79.187994,43.16531]},"properties":{"id":"ora-ny-700","name":"QEW E/Welland Canal","state":"NY","provider":"NYSDOT","hls":null,"snapshot":"https://511ny.org/map/Cctv/2108","refreshMs":30000,"attribution":"Ora (Warner Varnado) · NYSDOT"}},{"type":"Feature","geometry":{"type":"Point","coordinates":[-79.164047,43.158048]},"properties":{"id":"ora-ny-701","name":"QEW near Glendale Ave.","state":"NY","provider":"NYSDOT","hls":null,"snapshot":"https://511ny.org/map/Cctv/2109","refreshMs":30000,"attribution":"Ora (Warner Varnado) · NYSDOT"}},{"type":"Feature","geometry":{"type":"Point","coordinates":[-79.147997,43.152162]},"properties":{"id":"ora-ny-702","name":"QEW HWY 405","state":"NY","provider":"NYSDOT","hls":null,"snapshot":"https://511ny.org/map/Cctv/2110","refreshMs":30000,"attribution":"Ora (Warner Varnado) · NYSDOT"}},{"type":"Feature","geometry":{"type":"Point","coordinates":[-79.129715,43.134439]},"properties":{"id":"ora-ny-703","name":"QEW Mountain Rd.","state":"NY","provider":"NYSDOT","hls":null,"snapshot":"https://511ny.org/map/Cctv/2111","refreshMs":30000,"attribution":"Ora (Warner Varnado) · NYSDOT"}},{"type":"Feature","geometry":{"type":"Point","coordinates":[-79.134264,43.152413]},"properties":{"id":"ora-ny-704","name":"405 Concession 6 Rd.","state":"NY","provider":"NYSDOT","hls":null,"snapshot":"https://511ny.org/map/Cctv/2112","refreshMs":30000,"attribution":"Ora (Warner Varnado) · NYSDOT"}},{"type":"Feature","geometry":{"type":"Point","coordinates":[-79.125166,43.152256]},"properties":{"id":"ora-ny-705","name":"405 Warner Rd.","state":"NY","provider":"NYSDOT","hls":null,"snapshot":"https://511ny.org/map/Cctv/2113","refreshMs":30000,"attribution":"Ora (Warner Varnado) · NYSDOT"}},{"type":"Feature","geometry":{"type":"Point","coordinates":[-79.10079,43.145525]},"properties":{"id":"ora-ny-706","name":"405 St. Paul Ave.","state":"NY","provider":"NYSDOT","hls":null,"snapshot":"https://511ny.org/map/Cctv/2114","refreshMs":30000,"attribution":"Ora (Warner Varnado) · NYSDOT"}},{"type":"Feature","geometry":{"type":"Point","coordinates":[-79.088001,43.147716]},"properties":{"id":"ora-ny-707","name":"405 Stanley Ave.","state":"NY","provider":"NYSDOT","hls":null,"snapshot":"https://511ny.org/map/Cctv/2115","refreshMs":30000,"attribution":"Ora (Warner Varnado) · NYSDOT"}},{"type":"Feature","geometry":{"type":"Point","coordinates":[-79.072895,43.154229]},"properties":{"id":"ora-ny-708","name":"405 Stanley Ave./Niagara","state":"NY","provider":"NYSDOT","hls":null,"snapshot":"https://511ny.org/map/Cctv/2116","refreshMs":30000,"attribution":"Ora (Warner Varnado) · NYSDOT"}},{"type":"Feature","geometry":{"type":"Point","coordinates":[-79.051352,43.157234]},"properties":{"id":"ora-ny-709","name":"405 Niagara River","state":"NY","provider":"NYSDOT","hls":null,"snapshot":"https://511ny.org/map/Cctv/2117","refreshMs":30000,"attribution":"Ora (Warner Varnado) · NYSDOT"}},{"type":"Feature","geometry":{"type":"Point","coordinates":[-79.18484,43.115129]},"properties":{"id":"ora-ny-710","name":"WB Thorold Tunnel (1)","state":"NY","provider":"NYSDOT","hls":null,"snapshot":"https://511ny.org/map/Cctv/2120","refreshMs":30000,"attribution":"Ora (Warner Varnado) · NYSDOT"}},{"type":"Feature","geometry":{"type":"Point","coordinates":[-79.185569,43.11509]},"properties":{"id":"ora-ny-711","name":"WB Thorold Tunnel (2)","state":"NY","provider":"NYSDOT","hls":null,"snapshot":"https://511ny.org/map/Cctv/2121","refreshMs":30000,"attribution":"Ora (Warner Varnado) · NYSDOT"}},{"type":"Feature","geometry":{"type":"Point","coordinates":[-79.187264,43.11574]},"properties":{"id":"ora-ny-712","name":"WB Thorold Tunnel (3)","state":"NY","provider":"NYSDOT","hls":null,"snapshot":"https://511ny.org/map/Cctv/2122","refreshMs":30000,"attribution":"Ora (Warner Varnado) · NYSDOT"}},{"type":"Feature","geometry":{"type":"Point","coordinates":[-79.191449,43.11599]},"properties":{"id":"ora-ny-713","name":"WB Thorold Tunnel (4)","state":"NY","provider":"NYSDOT","hls":null,"snapshot":"https://511ny.org/map/Cctv/2123","refreshMs":30000,"attribution":"Ora (Warner Varnado) · NYSDOT"}},{"type":"Feature","geometry":{"type":"Point","coordinates":[-79.196362,43.116022]},"properties":{"id":"ora-ny-714","name":"WB Thorold Tunnel (5)","state":"NY","provider":"NYSDOT","hls":null,"snapshot":"https://511ny.org/map/Cctv/2124","refreshMs":30000,"attribution":"Ora (Warner Varnado) · NYSDOT"}},{"type":"Feature","geometry":{"type":"Point","coordinates":[-79.202456,43.11556]},"properties":{"id":"ora-ny-715","name":"EB Thorold Tunnel (1)","state":"NY","provider":"NYSDOT","hls":null,"snapshot":"https://511ny.org/map/Cctv/2125","refreshMs":30000,"attribution":"Ora (Warner Varnado) · NYSDOT"}},{"type":"Feature","geometry":{"type":"Point","coordinates":[-79.200171,43.115873]},"properties":{"id":"ora-ny-716","name":"EB Thorold Tunnel (2)","state":"NY","provider":"NYSDOT","hls":null,"snapshot":"https://511ny.org/map/Cctv/2126","refreshMs":30000,"attribution":"Ora (Warner Varnado) · NYSDOT"}},{"type":"Feature","geometry":{"type":"Point","coordinates":[-79.198058,43.115708]},"properties":{"id":"ora-ny-717","name":"EB Thorold Tunnel (3)","state":"NY","provider":"NYSDOT","hls":null,"snapshot":"https://511ny.org/map/Cctv/2127","refreshMs":30000,"attribution":"Ora (Warner Varnado) · NYSDOT"}},{"type":"Feature","geometry":{"type":"Point","coordinates":[-79.195,43.115661]},"properties":{"id":"ora-ny-718","name":"EB Thorold Tunnel (4)","state":"NY","provider":"NYSDOT","hls":null,"snapshot":"https://511ny.org/map/Cctv/2128","refreshMs":30000,"attribution":"Ora (Warner Varnado) · NYSDOT"}},{"type":"Feature","geometry":{"type":"Point","coordinates":[-79.190494,43.115567]},"properties":{"id":"ora-ny-719","name":"EB Thorold Tunnel (5)","state":"NY","provider":"NYSDOT","hls":null,"snapshot":"https://511ny.org/map/Cctv/2129","refreshMs":30000,"attribution":"Ora (Warner Varnado) · NYSDOT"}},{"type":"Feature","geometry":{"type":"Point","coordinates":[-73.762142,42.76262]},"properties":{"id":"ora-ny-720","name":"I-87 NB at Exit 7 - NY 7","state":"NY","provider":"NYSDOT","hls":"https://s52.nysdot.skyvdn.com:443/rtplive/R1_011/playlist.m3u8","snapshot":"https://511ny.org/map/Cctv/5284","refreshMs":30000,"attribution":"Ora (Warner Varnado) · NYSDOT"}},{"type":"Feature","geometry":{"type":"Point","coordinates":[-73.807952,42.723345]},"properties":{"id":"ora-ny-721","name":"I-87 SB Between Exits 3 & 2","state":"NY","provider":"NYSDOT","hls":"https://s52.nysdot.skyvdn.com:443/rtplive/R1_012/playlist.m3u8","snapshot":"https://511ny.org/map/Cctv/5285","refreshMs":30000,"attribution":"Ora (Warner Varnado) · NYSDOT"}},{"type":"Feature","geometry":{"type":"Point","coordinates":[-73.809789,42.687355]},"properties":{"id":"ora-ny-722","name":"I-90 at Exit 3 (State Office Campus)","state":"NY","provider":"NYSDOT","hls":"https://s52.nysdot.skyvdn.com:443/rtplive/R1_013/playlist.m3u8","snapshot":"https://511ny.org/map/Cctv/5286","refreshMs":30000,"attribution":"Ora (Warner Varnado) · NYSDOT"}},{"type":"Feature","geometry":{"type":"Point","coordinates":[-73.775567,42.86211]},"properties":{"id":"ora-ny-723","name":"I-87 at Exit 9 NY 146 (Clifton Park)","state":"NY","provider":"NYSDOT","hls":"https://s52.nysdot.skyvdn.com:443/rtplive/R1_014/playlist.m3u8","snapshot":"https://511ny.org/map/Cctv/5287","refreshMs":30000,"attribution":"Ora (Warner Varnado) · NYSDOT"}},{"type":"Feature","geometry":{"type":"Point","coordinates":[-73.824542,42.710574]},"properties":{"id":"ora-ny-724","name":"I-87 at Exit 2 (NY 5 - Central Avenue)","state":"NY","provider":"NYSDOT","hls":"https://s52.nysdot.skyvdn.com:443/rtplive/R1_015/playlist.m3u8","snapshot":"https://511ny.org/map/Cctv/5288","refreshMs":30000,"attribution":"Ora (Warner Varnado) · NYSDOT"}},{"type":"Feature","geometry":{"type":"Point","coordinates":[-73.790625,42.730574]},"properties":{"id":"ora-ny-725","name":"I-87 NB at Exit 4 (NY 155, Airport)","state":"NY","provider":"NYSDOT","hls":"https://s52.nysdot.skyvdn.com:443/rtplive/R1_016/playlist.m3u8","snapshot":"https://511ny.org/map/Cctv/5289","refreshMs":30000,"attribution":"Ora (Warner Varnado) · NYSDOT"}},{"type":"Feature","geometry":{"type":"Point","coordinates":[-73.761153,42.635035]},"properties":{"id":"ora-ny-726","name":"I-787 SB at Exit 2 (Port of Albany)","state":"NY","provider":"NYSDOT","hls":"https://s52.nysdot.skyvdn.com:443/rtplive/R1_017/playlist.m3u8","snapshot":"https://511ny.org/map/Cctv/5290","refreshMs":30000,"attribution":"Ora (Warner Varnado) · NYSDOT"}},{"type":"Feature","geometry":{"type":"Point","coordinates":[-73.704796,42.712505]},"properties":{"id":"ora-ny-727","name":"I-787 SB Between Exits 8 & 7 (Watervliet Arsenal)","state":"NY","provider":"NYSDOT","hls":"https://s52.nysdot.skyvdn.com:443/rtplive/R1_018/playlist.m3u8","snapshot":"https://511ny.org/map/Cctv/5291","refreshMs":30000,"attribution":"Ora (Warner Varnado) · NYSDOT"}},{"type":"Feature","geometry":{"type":"Point","coordinates":[-73.770778,42.633325]},"properties":{"id":"ora-ny-728","name":"I-787 SB at Exit 1 (Thruway/US 9W)","state":"NY","provider":"NYSDOT","hls":"https://s52.nysdot.skyvdn.com:443/rtplive/R1_019/playlist.m3u8","snapshot":"https://511ny.org/map/Cctv/5292","refreshMs":30000,"attribution":"Ora (Warner Varnado) · NYSDOT"}},{"type":"Feature","geometry":{"type":"Point","coordinates":[-73.6995,42.7297]},"properties":{"id":"ora-ny-729","name":"I-787 at Congress Street Bridge (NY 2)","state":"NY","provider":"NYSDOT","hls":"https://s52.nysdot.skyvdn.com:443/rtplive/R1_020/playlist.m3u8","snapshot":"https://511ny.org/map/Cctv/5293","refreshMs":30000,"attribution":"Ora (Warner Varnado) · NYSDOT"}},{"type":"Feature","geometry":{"type":"Point","coordinates":[-73.799457,42.723987]},"properties":{"id":"ora-ny-730","name":"Wolf Rd NB at Marcus Blvd","state":"NY","provider":"NYSDOT","hls":"https://s52.nysdot.skyvdn.com:443/rtplive/R1_041/playlist.m3u8","snapshot":"https://511ny.org/map/Cctv/5294","refreshMs":30000,"attribution":"Ora (Warner Varnado) · NYSDOT"}},{"type":"Feature","geometry":{"type":"Point","coordinates":[-73.746028,42.63967]},"properties":{"id":"ora-ny-731","name":"NY 151 (3rd Avenue) at Dunn Bridge Ramp","state":"NY","provider":"NYSDOT","hls":"https://s52.nysdot.skyvdn.com:443/rtplive/R1_043/playlist.m3u8","snapshot":"https://511ny.org/map/Cctv/5295","refreshMs":30000,"attribution":"Ora (Warner Varnado) · NYSDOT"}},{"type":"Feature","geometry":{"type":"Point","coordinates":[-73.694057,42.65483]},"properties":{"id":"ora-ny-732","name":"US 4 at NY 43","state":"NY","provider":"NYSDOT","hls":"https://s52.nysdot.skyvdn.com:443/rtplive/R1_044/playlist.m3u8","snapshot":"https://511ny.org/map/Cctv/5296","refreshMs":30000,"attribution":"Ora (Warner Varnado) · NYSDOT"}},{"type":"Feature","geometry":{"type":"Point","coordinates":[-73.699422,42.65426]},"properties":{"id":"ora-ny-733","name":"NY 43 at Washington Avenue","state":"NY","provider":"NYSDOT","hls":"https://s52.nysdot.skyvdn.com:443/rtplive/R1_045/playlist.m3u8","snapshot":"https://511ny.org/map/Cctv/5297","refreshMs":30000,"attribution":"Ora (Warner Varnado) · NYSDOT"}},{"type":"Feature","geometry":{"type":"Point","coordinates":[-73.747573,42.67587]},"properties":{"id":"ora-ny-734","name":"US 9 at NY 377 (Northern Boulevard)","state":"NY","provider":"NYSDOT","hls":"https://s52.nysdot.skyvdn.com:443/rtplive/R1_046/playlist.m3u8","snapshot":"https://511ny.org/map/Cctv/5298","refreshMs":30000,"attribution":"Ora (Warner Varnado) · NYSDOT"}},{"type":"Feature","geometry":{"type":"Point","coordinates":[-75.306606,43.093728]},"properties":{"id":"ora-ny-735","name":"NY 5A at Consumer Square","state":"NY","provider":"NYSDOT","hls":"https://s52.nysdot.skyvdn.com:443/rtplive/R2_011/playlist.m3u8","snapshot":"https://511ny.org/map/Cctv/5299","refreshMs":30000,"attribution":"Ora (Warner Varnado) · NYSDOT"}},{"type":"Feature","geometry":{"type":"Point","coordinates":[-75.293672,43.120519]},"properties":{"id":"ora-ny-736","name":"NY 69 WB at Clinton St","state":"NY","provider":"NYSDOT","hls":"https://s52.nysdot.skyvdn.com:443/rtplive/R2_012/playlist.m3u8","snapshot":"https://511ny.org/map/Cctv/5300","refreshMs":30000,"attribution":"Ora (Warner Varnado) · NYSDOT"}},{"type":"Feature","geometry":{"type":"Point","coordinates":[-75.324878,43.082433]},"properties":{"id":"ora-ny-737","name":"NY 5 WB at NY 5A (Jay K)","state":"NY","provider":"NYSDOT","hls":"https://s52.nysdot.skyvdn.com:443/rtplive/R2_013/playlist.m3u8","snapshot":"https://511ny.org/map/Cctv/5301","refreshMs":30000,"attribution":"Ora (Warner Varnado) · NYSDOT"}},{"type":"Feature","geometry":{"type":"Point","coordinates":[-75.267531,43.112706]},"properties":{"id":"ora-ny-738","name":"NY 5A WB at Whitesboro St","state":"NY","provider":"NYSDOT","hls":"https://s52.nysdot.skyvdn.com:443/rtplive/R2_014/playlist.m3u8","snapshot":"https://511ny.org/map/Cctv/5302","refreshMs":30000,"attribution":"Ora (Warner Varnado) · NYSDOT"}},{"type":"Feature","geometry":{"type":"Point","coordinates":[-75.2446,43.107542]},"properties":{"id":"ora-ny-739","name":"NY 5A WB at Schuyler St","state":"NY","provider":"NYSDOT","hls":"https://s52.nysdot.skyvdn.com:443/rtplive/R2_015/playlist.m3u8","snapshot":"https://511ny.org/map/Cctv/5303","refreshMs":30000,"attribution":"Ora (Warner Varnado) · NYSDOT"}},{"type":"Feature","geometry":{"type":"Point","coordinates":[-75.239492,43.106304]},"properties":{"id":"ora-ny-740","name":"NY 5A WB at NY 12 South Interchange","state":"NY","provider":"NYSDOT","hls":"https://s52.nysdot.skyvdn.com:443/rtplive/R2_016/playlist.m3u8","snapshot":"https://511ny.org/map/Cctv/5304","refreshMs":30000,"attribution":"Ora (Warner Varnado) · NYSDOT"}},{"type":"Feature","geometry":{"type":"Point","coordinates":[-75.292265,43.080189]},"properties":{"id":"ora-ny-741","name":"NY 840 EB/WB at NY 5/8/12","state":"NY","provider":"NYSDOT","hls":"https://s52.nysdot.skyvdn.com:443/rtplive/R2_018/playlist.m3u8","snapshot":"https://511ny.org/map/Cctv/5306","refreshMs":30000,"attribution":"Ora (Warner Varnado) · NYSDOT"}},{"type":"Feature","geometry":{"type":"Point","coordinates":[-75.292381,43.080189]},"properties":{"id":"ora-ny-742","name":"NY 840 NB/SB at NY 5/8/12","state":"NY","provider":"NYSDOT","hls":"https://s52.nysdot.skyvdn.com:443/rtplive/R2_020/playlist.m3u8","snapshot":"https://511ny.org/map/Cctv/5307","refreshMs":30000,"attribution":"Ora (Warner Varnado) · NYSDOT"}},{"type":"Feature","geometry":{"type":"Point","coordinates":[-76.103888,43.057551]},"properties":{"id":"ora-ny-743","name":"I-690 east of Exit 15 (Midler Ave)","state":"NY","provider":"NYSDOT","hls":"https://s52.nysdot.skyvdn.com:443/rtplive/R3_011/playlist.m3u8","snapshot":"https://511ny.org/map/Cctv/5308","refreshMs":30000,"attribution":"Ora (Warner Varnado) · NYSDOT"}},{"type":"Feature","geometry":{"type":"Point","coordinates":[-76.121407,43.053656]},"properties":{"id":"ora-ny-744","name":"I-690 west of Exit 14 (Teall Ave)","state":"NY","provider":"NYSDOT","hls":"https://s52.nysdot.skyvdn.com:443/rtplive/R3_012/playlist.m3u8","snapshot":"https://511ny.org/map/Cctv/5309","refreshMs":30000,"attribution":"Ora (Warner Varnado) · NYSDOT"}},{"type":"Feature","geometry":{"type":"Point","coordinates":[-76.140831,43.038991]},"properties":{"id":"ora-ny-745","name":"I-81 south of Exit 18 (Almond St)","state":"NY","provider":"NYSDOT","hls":"https://s52.nysdot.skyvdn.com:443/rtplive/R3_013/playlist.m3u8","snapshot":"https://511ny.org/map/Cctv/5310","refreshMs":30000,"attribution":"Ora (Warner Varnado) · NYSDOT"}},{"type":"Feature","geometry":{"type":"Point","coordinates":[-76.15373,43.055939]},"properties":{"id":"ora-ny-746","name":"I-81 south of Exit 20 (Butternut St)","state":"NY","provider":"NYSDOT","hls":"https://s52.nysdot.skyvdn.com:443/rtplive/R3_014/playlist.m3u8","snapshot":"https://511ny.org/map/Cctv/5311","refreshMs":30000,"attribution":"Ora (Warner Varnado) · NYSDOT"}},{"type":"Feature","geometry":{"type":"Point","coordinates":[-76.14766,43.049851]},"properties":{"id":"ora-ny-747","name":"I-81 south of I-690 (State Office East)","state":"NY","provider":"NYSDOT","hls":"https://s52.nysdot.skyvdn.com:443/rtplive/R3_015/playlist.m3u8","snapshot":"https://511ny.org/map/Cctv/5312","refreshMs":30000,"attribution":"Ora (Warner Varnado) · NYSDOT"}},{"type":"Feature","geometry":{"type":"Point","coordinates":[-76.160644,43.065366]},"properties":{"id":"ora-ny-748","name":"I-81 north of Exit 22 (Court St)","state":"NY","provider":"NYSDOT","hls":"https://s52.nysdot.skyvdn.com:443/rtplive/R3_016/playlist.m3u8","snapshot":"https://511ny.org/map/Cctv/5313","refreshMs":30000,"attribution":"Ora (Warner Varnado) · NYSDOT"}},{"type":"Feature","geometry":{"type":"Point","coordinates":[-76.170614,43.072277]},"properties":{"id":"ora-ny-749","name":"I-81 north of Exit 22 (Hiawatha Blvd)","state":"NY","provider":"NYSDOT","hls":"https://s52.nysdot.skyvdn.com:443/rtplive/R3_017/playlist.m3u8","snapshot":"https://511ny.org/map/Cctv/5314","refreshMs":30000,"attribution":"Ora (Warner Varnado) · NYSDOT"}},{"type":"Feature","geometry":{"type":"Point","coordinates":[-76.182984,43.058351]},"properties":{"id":"ora-ny-750","name":"I-690 west of Exit 13 (Hiawatha Blvd)","state":"NY","provider":"NYSDOT","hls":"https://s52.nysdot.skyvdn.com:443/rtplive/R3_018/playlist.m3u8","snapshot":"https://511ny.org/map/Cctv/5315","refreshMs":30000,"attribution":"Ora (Warner Varnado) · NYSDOT"}},{"type":"Feature","geometry":{"type":"Point","coordinates":[-76.213242,43.073068]},"properties":{"id":"ora-ny-751","name":"I-690 west of Exit 11 (Route 297)","state":"NY","provider":"NYSDOT","hls":"https://s52.nysdot.skyvdn.com:443/rtplive/R3_019/playlist.m3u8","snapshot":"https://511ny.org/map/Cctv/5316","refreshMs":30000,"attribution":"Ora (Warner Varnado) · NYSDOT"}},{"type":"Feature","geometry":{"type":"Point","coordinates":[-76.219312,43.080661]},"properties":{"id":"ora-ny-752","name":"I-690 west of Exit 12A (Route 695)","state":"NY","provider":"NYSDOT","hls":"https://s52.nysdot.skyvdn.com:443/rtplive/R3_020/playlist.m3u8","snapshot":"https://511ny.org/map/Cctv/5317","refreshMs":30000,"attribution":"Ora (Warner Varnado) · NYSDOT"}},{"type":"Feature","geometry":{"type":"Point","coordinates":[-77.623559,43.111897]},"properties":{"id":"ora-ny-753","name":"I-390 at NY-15 (W.Henrietta Rd)","state":"NY","provider":"NYSDOT","hls":"https://s52.nysdot.skyvdn.com:443/rtplive/R4_011/playlist.m3u8","snapshot":"https://511ny.org/map/Cctv/5318","refreshMs":30000,"attribution":"Ora (Warner Varnado) · NYSDOT"}},{"type":"Feature","geometry":{"type":"Point","coordinates":[-77.615695,43.107484]},"properties":{"id":"ora-ny-754","name":"I-390 at NY-15A (E.Henrietta Rd)","state":"NY","provider":"NYSDOT","hls":"https://s52.nysdot.skyvdn.com:443/rtplive/R4_012/playlist.m3u8","snapshot":"https://511ny.org/map/Cctv/5319","refreshMs":30000,"attribution":"Ora (Warner Varnado) · NYSDOT"}},{"type":"Feature","geometry":{"type":"Point","coordinates":[-77.600199,43.109857]},"properties":{"id":"ora-ny-755","name":"I-390 Northbound Over I-590","state":"NY","provider":"NYSDOT","hls":"https://s52.nysdot.skyvdn.com:443/rtplive/R4_013/playlist.m3u8","snapshot":"https://511ny.org/map/Cctv/5320","refreshMs":30000,"attribution":"Ora (Warner Varnado) · NYSDOT"}},{"type":"Feature","geometry":{"type":"Point","coordinates":[-77.632141,43.115933]},"properties":{"id":"ora-ny-756","name":"I-390 at Kendrick Rd","state":"NY","provider":"NYSDOT","hls":"https://s52.nysdot.skyvdn.com:443/rtplive/R4_015/playlist.m3u8","snapshot":"https://511ny.org/map/Cctv/5321","refreshMs":30000,"attribution":"Ora (Warner Varnado) · NYSDOT"}},{"type":"Feature","geometry":{"type":"Point","coordinates":[-77.67509,43.223474]},"properties":{"id":"ora-ny-757","name":"390 at Maiden Lane","state":"NY","provider":"NYSDOT","hls":"https://s52.nysdot.skyvdn.com:443/rtplive/R4_016/playlist.m3u8","snapshot":"https://511ny.org/map/Cctv/5322","refreshMs":30000,"attribution":"Ora (Warner Varnado) · NYSDOT"}},{"type":"Feature","geometry":{"type":"Point","coordinates":[-77.676524,43.206584]},"properties":{"id":"ora-ny-758","name":"NY-390 at NY-104 (Ridge Road)","state":"NY","provider":"NYSDOT","hls":"https://s52.nysdot.skyvdn.com:443/rtplive/R4_017/playlist.m3u8","snapshot":"https://511ny.org/map/Cctv/5323","refreshMs":30000,"attribution":"Ora (Warner Varnado) · NYSDOT"}},{"type":"Feature","geometry":{"type":"Point","coordinates":[-77.647024,43.121639]},"properties":{"id":"ora-ny-759","name":"I-390 at Scottsville Rd","state":"NY","provider":"NYSDOT","hls":"https://s52.nysdot.skyvdn.com:443/rtplive/R4_018/playlist.m3u8","snapshot":"https://511ny.org/map/Cctv/5324","refreshMs":30000,"attribution":"Ora (Warner Varnado) · NYSDOT"}},{"type":"Feature","geometry":{"type":"Point","coordinates":[-77.543784,43.141628]},"properties":{"id":"ora-ny-760","name":"I-490 at East Ave","state":"NY","provider":"NYSDOT","hls":"https://s52.nysdot.skyvdn.com:443/rtplive/R4_019/playlist.m3u8","snapshot":"https://511ny.org/map/Cctv/5325","refreshMs":30000,"attribution":"Ora (Warner Varnado) · NYSDOT"}},{"type":"Feature","geometry":{"type":"Point","coordinates":[-77.657744,43.156801]},"properties":{"id":"ora-ny-761","name":"I-490 at Mt. Read Blvd","state":"NY","provider":"NYSDOT","hls":"https://s52.nysdot.skyvdn.com:443/rtplive/R4_042/playlist.m3u8","snapshot":"https://511ny.org/map/Cctv/5327","refreshMs":30000,"attribution":"Ora (Warner Varnado) · NYSDOT"}},{"type":"Feature","geometry":{"type":"Point","coordinates":[-77.641981,43.15709]},"properties":{"id":"ora-ny-762","name":"I-490 at Ames Street","state":"NY","provider":"NYSDOT","hls":"https://s52.nysdot.skyvdn.com:443/rtplive/R4_043/playlist.m3u8","snapshot":"https://511ny.org/map/Cctv/5328","refreshMs":30000,"attribution":"Ora (Warner Varnado) · NYSDOT"}},{"type":"Feature","geometry":{"type":"Point","coordinates":[-77.620609,43.155453]},"properties":{"id":"ora-ny-763","name":"I-490 at Inner Loop","state":"NY","provider":"NYSDOT","hls":"https://s52.nysdot.skyvdn.com:443/rtplive/R4_045/playlist.m3u8","snapshot":"https://511ny.org/map/Cctv/5330","refreshMs":30000,"attribution":"Ora (Warner Varnado) · NYSDOT"}},{"type":"Feature","geometry":{"type":"Point","coordinates":[-77.614705,43.15162]},"properties":{"id":"ora-ny-764","name":"I-490 at Plymouth Avenue","state":"NY","provider":"NYSDOT","hls":"https://s52.nysdot.skyvdn.com:443/rtplive/R4_046/playlist.m3u8","snapshot":"https://511ny.org/map/Cctv/5331","refreshMs":30000,"attribution":"Ora (Warner Varnado) · NYSDOT"}},{"type":"Feature","geometry":{"type":"Point","coordinates":[-77.597105,43.142207]},"properties":{"id":"ora-ny-765","name":"I-490 at Meigs Street","state":"NY","provider":"NYSDOT","hls":"https://s52.nysdot.skyvdn.com:443/rtplive/R4_047/playlist.m3u8","snapshot":"https://511ny.org/map/Cctv/5332","refreshMs":30000,"attribution":"Ora (Warner Varnado) · NYSDOT"}},{"type":"Feature","geometry":{"type":"Point","coordinates":[-77.551167,43.143707]},"properties":{"id":"ora-ny-766","name":"I-590 Northbound Ramp to I-490 Westbound","state":"NY","provider":"NYSDOT","hls":"https://s52.nysdot.skyvdn.com:443/rtplive/R4_048/playlist.m3u8","snapshot":"https://511ny.org/map/Cctv/5333","refreshMs":30000,"attribution":"Ora (Warner Varnado) · NYSDOT"}},{"type":"Feature","geometry":{"type":"Point","coordinates":[-77.542817,43.176433]},"properties":{"id":"ora-ny-767","name":"NY-590 Southbound at Empire Blvd","state":"NY","provider":"NYSDOT","hls":"https://s52.nysdot.skyvdn.com:443/rtplive/R4_049/playlist.m3u8","snapshot":"https://511ny.org/map/Cctv/5334","refreshMs":30000,"attribution":"Ora (Warner Varnado) · NYSDOT"}},{"type":"Feature","geometry":{"type":"Point","coordinates":[-78.905899,42.991586]},"properties":{"id":"ora-ny-768","name":"I-290 at I-190 Interchange","state":"NY","provider":"NYSDOT","hls":"https://s52.nysdot.skyvdn.com:443/rtplive/R5_020/playlist.m3u8","snapshot":"https://511ny.org/map/Cctv/5342","refreshMs":30000,"attribution":"Ora (Warner Varnado) · NYSDOT"}},{"type":"Feature","geometry":{"type":"Point","coordinates":[-79.003124,43.119579]},"properties":{"id":"ora-ny-769","name":"I-190 between Porter Road and Exit 24 (Witmer Road)","state":"NY","provider":"NYSDOT","hls":"https://s52.nysdot.skyvdn.com:443/rtplive/R5_041/playlist.m3u8","snapshot":"https://511ny.org/map/Cctv/5343","refreshMs":30000,"attribution":"Ora (Warner Varnado) · NYSDOT"}},{"type":"Feature","geometry":{"type":"Point","coordinates":[-79.018512,43.130157]},"properties":{"id":"ora-ny-770","name":"I-190 at Exit 24 (Witmer Road)","state":"NY","provider":"NYSDOT","hls":"https://s52.nysdot.skyvdn.com:443/rtplive/R5_042/playlist.m3u8","snapshot":"https://511ny.org/map/Cctv/5344","refreshMs":30000,"attribution":"Ora (Warner Varnado) · NYSDOT"}},{"type":"Feature","geometry":{"type":"Point","coordinates":[-79.02776,43.15145]},"properties":{"id":"ora-ny-771","name":"I-190 at Exit 25B (Upper Mountain Road)","state":"NY","provider":"NYSDOT","hls":"https://s52.nysdot.skyvdn.com:443/rtplive/R5_043/playlist.m3u8","snapshot":"https://511ny.org/map/Cctv/5345","refreshMs":30000,"attribution":"Ora (Warner Varnado) · NYSDOT"}},{"type":"Feature","geometry":{"type":"Point","coordinates":[-78.781811,42.84817]},"properties":{"id":"ora-ny-772","name":"NY 400 at Seneca Street","state":"NY","provider":"NYSDOT","hls":"https://s52.nysdot.skyvdn.com:443/rtplive/R5_044/playlist.m3u8","snapshot":"https://511ny.org/map/Cctv/5346","refreshMs":30000,"attribution":"Ora (Warner Varnado) · NYSDOT"}},{"type":"Feature","geometry":{"type":"Point","coordinates":[-78.754956,42.84299]},"properties":{"id":"ora-ny-773","name":"NY 400 at Union Road (1)","state":"NY","provider":"NYSDOT","hls":"https://s52.nysdot.skyvdn.com:443/rtplive/R5_045/playlist.m3u8","snapshot":"https://511ny.org/map/Cctv/5347","refreshMs":30000,"attribution":"Ora (Warner Varnado) · NYSDOT"}},{"type":"Feature","geometry":{"type":"Point","coordinates":[-78.754956,42.84299]},"properties":{"id":"ora-ny-774","name":"NY 400 at Union Road (2)","state":"NY","provider":"NYSDOT","hls":"https://s52.nysdot.skyvdn.com:443/rtplive/R5_046/playlist.m3u8","snapshot":"https://511ny.org/map/Cctv/5348","refreshMs":30000,"attribution":"Ora (Warner Varnado) · NYSDOT"}},{"type":"Feature","geometry":{"type":"Point","coordinates":[-78.736306,42.842056]},"properties":{"id":"ora-ny-775","name":"NY 400 between Union Road and Transit Road","state":"NY","provider":"NYSDOT","hls":"https://s52.nysdot.skyvdn.com/rtplive/R5_047/playlist.m3u8","snapshot":"https://511ny.org/map/Cctv/5349","refreshMs":30000,"attribution":"Ora (Warner Varnado) · NYSDOT"}},{"type":"Feature","geometry":{"type":"Point","coordinates":[-78.79218,42.811919]},"properties":{"id":"ora-ny-776","name":"NY 219 between I-90 and Milestrip Road (1)","state":"NY","provider":"NYSDOT","hls":"https://s52.nysdot.skyvdn.com:443/rtplive/R5_049/playlist.m3u8","snapshot":"https://511ny.org/map/Cctv/5350","refreshMs":30000,"attribution":"Ora (Warner Varnado) · NYSDOT"}},{"type":"Feature","geometry":{"type":"Point","coordinates":[-78.79218,42.811919]},"properties":{"id":"ora-ny-777","name":"NY 219 between I-90 and Milestrip Road (2)","state":"NY","provider":"NYSDOT","hls":"https://s52.nysdot.skyvdn.com:443/rtplive/R5_050/playlist.m3u8","snapshot":"https://511ny.org/map/Cctv/5351","refreshMs":30000,"attribution":"Ora (Warner Varnado) · NYSDOT"}},{"type":"Feature","geometry":{"type":"Point","coordinates":[-78.882272,42.93667]},"properties":{"id":"ora-ny-778","name":"NY 198 between Grant Street and Elmwood Avenue (2)","state":"NY","provider":"NYSDOT","hls":"https://s52.nysdot.skyvdn.com:443/rtplive/R5_071/playlist.m3u8","snapshot":"https://511ny.org/map/Cctv/5352","refreshMs":30000,"attribution":"Ora (Warner Varnado) · NYSDOT"}},{"type":"Feature","geometry":{"type":"Point","coordinates":[-78.888718,42.937003]},"properties":{"id":"ora-ny-779","name":"NY 198 at Grant Street (1)","state":"NY","provider":"NYSDOT","hls":"https://s52.nysdot.skyvdn.com:443/rtplive/R5_072/playlist.m3u8","snapshot":"https://511ny.org/map/Cctv/5353","refreshMs":30000,"attribution":"Ora (Warner Varnado) · NYSDOT"}},{"type":"Feature","geometry":{"type":"Point","coordinates":[-78.888718,42.937003]},"properties":{"id":"ora-ny-780","name":"NY 198 at Grant Street (2)","state":"NY","provider":"NYSDOT","hls":"https://s52.nysdot.skyvdn.com:443/rtplive/R5_073/playlist.m3u8","snapshot":"https://511ny.org/map/Cctv/5354","refreshMs":30000,"attribution":"Ora (Warner Varnado) · NYSDOT"}},{"type":"Feature","geometry":{"type":"Point","coordinates":[-78.896526,42.9286]},"properties":{"id":"ora-ny-781","name":"NY 198 at Niagara Street","state":"NY","provider":"NYSDOT","hls":"https://s52.nysdot.skyvdn.com:443/rtplive/R5_074/playlist.m3u8","snapshot":"https://511ny.org/map/Cctv/5355","refreshMs":30000,"attribution":"Ora (Warner Varnado) · NYSDOT"}},{"type":"Feature","geometry":{"type":"Point","coordinates":[-78.807781,42.998276]},"properties":{"id":"ora-ny-782","name":"I-990 at I-290 Interchange","state":"NY","provider":"NYSDOT","hls":"https://s52.nysdot.skyvdn.com:443/rtplive/R5_075/playlist.m3u8","snapshot":"https://511ny.org/map/Cctv/5356","refreshMs":30000,"attribution":"Ora (Warner Varnado) · NYSDOT"}},{"type":"Feature","geometry":{"type":"Point","coordinates":[-74.160168,41.327654]},"properties":{"id":"ora-ny-783","name":"NY 17 West of Exit 130A (US 6)","state":"NY","provider":"NYSDOT","hls":"https://s52.nysdot.skyvdn.com:443/rtplive/R8_044/playlist.m3u8","snapshot":"https://511ny.org/map/Cctv/5360","refreshMs":30000,"attribution":"Ora (Warner Varnado) · NYSDOT"}},{"type":"Feature","geometry":{"type":"Point","coordinates":[-73.696306,40.767013]},"properties":{"id":"ora-ny-784","name":"I-495 West of New Hyde Park Rd","state":"NY","provider":"NYSDOT","hls":"https://s52.nysdot.skyvdn.com:443/rtplive/R10_011/playlist.m3u8","snapshot":"https://511ny.org/map/Cctv/5365","refreshMs":30000,"attribution":"Ora (Warner Varnado) · NYSDOT"}},{"type":"Feature","geometry":{"type":"Point","coordinates":[-73.687524,40.770817]},"properties":{"id":"ora-ny-785","name":"I-495 East of New Hyde Park Rd","state":"NY","provider":"NYSDOT","hls":"https://s52.nysdot.skyvdn.com:443/rtplive/R10_012/playlist.m3u8","snapshot":"https://511ny.org/map/Cctv/5366","refreshMs":30000,"attribution":"Ora (Warner Varnado) · NYSDOT"}},{"type":"Feature","geometry":{"type":"Point","coordinates":[-73.670624,40.774248]},"properties":{"id":"ora-ny-786","name":"I-495 at Shelter Rock Rd","state":"NY","provider":"NYSDOT","hls":"https://s52.nysdot.skyvdn.com:443/rtplive/R10_013/playlist.m3u8","snapshot":"https://511ny.org/map/Cctv/5367","refreshMs":30000,"attribution":"Ora (Warner Varnado) · NYSDOT"}},{"type":"Feature","geometry":{"type":"Point","coordinates":[-73.66222,40.779792]},"properties":{"id":"ora-ny-787","name":"I-495 at Searingtown Road","state":"NY","provider":"NYSDOT","hls":"https://s52.nysdot.skyvdn.com:443/rtplive/R10_014/playlist.m3u8","snapshot":"https://511ny.org/map/Cctv/5368","refreshMs":30000,"attribution":"Ora (Warner Varnado) · NYSDOT"}},{"type":"Feature","geometry":{"type":"Point","coordinates":[-73.649408,40.785093]},"properties":{"id":"ora-ny-788","name":"I-495 at Willis Ave","state":"NY","provider":"NYSDOT","hls":"https://s52.nysdot.skyvdn.com:443/rtplive/R10_015/playlist.m3u8","snapshot":"https://511ny.org/map/Cctv/5369","refreshMs":30000,"attribution":"Ora (Warner Varnado) · NYSDOT"}},{"type":"Feature","geometry":{"type":"Point","coordinates":[-73.637802,40.784926]},"properties":{"id":"ora-ny-789","name":"I-495 at Roslyn Rd","state":"NY","provider":"NYSDOT","hls":"https://s52.nysdot.skyvdn.com:443/rtplive/R10_016/playlist.m3u8","snapshot":"https://511ny.org/map/Cctv/5370","refreshMs":30000,"attribution":"Ora (Warner Varnado) · NYSDOT"}},{"type":"Feature","geometry":{"type":"Point","coordinates":[-73.622855,40.782931]},"properties":{"id":"ora-ny-790","name":"I-495 at Glen Cove Rd","state":"NY","provider":"NYSDOT","hls":"https://s52.nysdot.skyvdn.com:443/rtplive/R10_017/playlist.m3u8","snapshot":"https://511ny.org/map/Cctv/5371","refreshMs":30000,"attribution":"Ora (Warner Varnado) · NYSDOT"}},{"type":"Feature","geometry":{"type":"Point","coordinates":[-73.611989,40.782156]},"properties":{"id":"ora-ny-791","name":"I-495 Exits 40-39 w/of Wheatley Rd","state":"NY","provider":"NYSDOT","hls":"https://s52.nysdot.skyvdn.com:443/rtplive/R10_018/playlist.m3u8","snapshot":"https://511ny.org/map/Cctv/5372","refreshMs":30000,"attribution":"Ora (Warner Varnado) · NYSDOT"}},{"type":"Feature","geometry":{"type":"Point","coordinates":[-73.596263,40.782477]},"properties":{"id":"ora-ny-792","name":"I-495 between Exits 40 and 39","state":"NY","provider":"NYSDOT","hls":"https://s52.nysdot.skyvdn.com:443/rtplive/R10_019/playlist.m3u8","snapshot":"https://511ny.org/map/Cctv/5373","refreshMs":30000,"attribution":"Ora (Warner Varnado) · NYSDOT"}},{"type":"Feature","geometry":{"type":"Point","coordinates":[-73.581407,40.780277]},"properties":{"id":"ora-ny-793","name":"I-495 at Powells Lane","state":"NY","provider":"NYSDOT","hls":"https://s52.nysdot.skyvdn.com:443/rtplive/R10_020/playlist.m3u8","snapshot":"https://511ny.org/map/Cctv/5374","refreshMs":30000,"attribution":"Ora (Warner Varnado) · NYSDOT"}},{"type":"Feature","geometry":{"type":"Point","coordinates":[-73.186422,40.809263]},"properties":{"id":"ora-ny-794","name":"I-495 at Veterans Memorial Hwy(Exit 57)","state":"NY","provider":"NYSDOT","hls":"https://s52.nysdot.skyvdn.com:443/rtplive/R10_041/playlist.m3u8","snapshot":"https://511ny.org/map/Cctv/5375","refreshMs":30000,"attribution":"Ora (Warner Varnado) · NYSDOT"}},{"type":"Feature","geometry":{"type":"Point","coordinates":[-73.137576,40.81205]},"properties":{"id":"ora-ny-795","name":"I-495 at Terry Road (Exits 59-58)","state":"NY","provider":"NYSDOT","hls":"https://s52.nysdot.skyvdn.com:443/rtplive/R10_042/playlist.m3u8","snapshot":"https://511ny.org/map/Cctv/5376","refreshMs":30000,"attribution":"Ora (Warner Varnado) · NYSDOT"}},{"type":"Feature","geometry":{"type":"Point","coordinates":[-73.108309,40.813286]},"properties":{"id":"ora-ny-796","name":"I-495 at Hawkins Ave","state":"NY","provider":"NYSDOT","hls":"https://s52.nysdot.skyvdn.com:443/rtplive/R10_043/playlist.m3u8","snapshot":"https://511ny.org/map/Cctv/5377","refreshMs":30000,"attribution":"Ora (Warner Varnado) · NYSDOT"}},{"type":"Feature","geometry":{"type":"Point","coordinates":[-73.084111,40.815508]},"properties":{"id":"ora-ny-797","name":"I-495 at Patchogue-Holbrook Rd","state":"NY","provider":"NYSDOT","hls":"https://s52.nysdot.skyvdn.com:443/rtplive/R10_044/playlist.m3u8","snapshot":"https://511ny.org/map/Cctv/5378","refreshMs":30000,"attribution":"Ora (Warner Varnado) · NYSDOT"}},{"type":"Feature","geometry":{"type":"Point","coordinates":[-73.077754,40.816612]},"properties":{"id":"ora-ny-798","name":"I-495 at Holbrook Rd","state":"NY","provider":"NYSDOT","hls":"https://s52.nysdot.skyvdn.com:443/rtplive/R10_045/playlist.m3u8","snapshot":"https://511ny.org/map/Cctv/5379","refreshMs":30000,"attribution":"Ora (Warner Varnado) · NYSDOT"}},{"type":"Feature","geometry":{"type":"Point","coordinates":[-73.053581,40.819958]},"properties":{"id":"ora-ny-799","name":"I-495 at Nicolls Rd","state":"NY","provider":"NYSDOT","hls":"https://s52.nysdot.skyvdn.com:443/rtplive/R10_046/playlist.m3u8","snapshot":"https://511ny.org/map/Cctv/5380","refreshMs":30000,"attribution":"Ora (Warner Varnado) · NYSDOT"}},{"type":"Feature","geometry":{"type":"Point","coordinates":[-73.04601,40.821554]},"properties":{"id":"ora-ny-800","name":"I-495 at Waverly Ave","state":"NY","provider":"NYSDOT","hls":"https://s52.nysdot.skyvdn.com:443/rtplive/R10_047/playlist.m3u8","snapshot":"https://511ny.org/map/Cctv/5381","refreshMs":30000,"attribution":"Ora (Warner Varnado) · NYSDOT"}},{"type":"Feature","geometry":{"type":"Point","coordinates":[-73.034889,40.822026]},"properties":{"id":"ora-ny-801","name":"I-495 at Blue Point Rd","state":"NY","provider":"NYSDOT","hls":"https://s52.nysdot.skyvdn.com:443/rtplive/R10_048/playlist.m3u8","snapshot":"https://511ny.org/map/Cctv/5382","refreshMs":30000,"attribution":"Ora (Warner Varnado) · NYSDOT"}},{"type":"Feature","geometry":{"type":"Point","coordinates":[-73.019984,40.823704]},"properties":{"id":"ora-ny-802","name":"I-495 at North Ocean Ave (Exit 63)","state":"NY","provider":"NYSDOT","hls":"https://s52.nysdot.skyvdn.com:443/rtplive/R10_049/playlist.m3u8","snapshot":"https://511ny.org/map/Cctv/5383","refreshMs":30000,"attribution":"Ora (Warner Varnado) · NYSDOT"}},{"type":"Feature","geometry":{"type":"Point","coordinates":[-72.996935,40.824024]},"properties":{"id":"ora-ny-803","name":"I-495 at NY 112 (Exit 64)","state":"NY","provider":"NYSDOT","hls":"https://s52.nysdot.skyvdn.com:443/rtplive/R10_050/playlist.m3u8","snapshot":"https://511ny.org/map/Cctv/5384","refreshMs":30000,"attribution":"Ora (Warner Varnado) · NYSDOT"}},{"type":"Feature","geometry":{"type":"Point","coordinates":[-73.566631,40.771209]},"properties":{"id":"ora-ny-804","name":"NSP at Wantagh Pkwy","state":"NY","provider":"NYSDOT","hls":"https://s52.nysdot.skyvdn.com:443/rtplive/R10_071/playlist.m3u8","snapshot":"https://511ny.org/map/Cctv/5385","refreshMs":30000,"attribution":"Ora (Warner Varnado) · NYSDOT"}},{"type":"Feature","geometry":{"type":"Point","coordinates":[-73.555731,40.773295]},"properties":{"id":"ora-ny-805","name":"NSP at Brush Hollow Rd","state":"NY","provider":"NYSDOT","hls":"https://s52.nysdot.skyvdn.com:443/rtplive/R10_072/playlist.m3u8","snapshot":"https://511ny.org/map/Cctv/5386","refreshMs":30000,"attribution":"Ora (Warner Varnado) · NYSDOT"}},{"type":"Feature","geometry":{"type":"Point","coordinates":[-73.53134,40.783932]},"properties":{"id":"ora-ny-806","name":"NSP at Rt 106/107","state":"NY","provider":"NYSDOT","hls":"https://s52.nysdot.skyvdn.com:443/rtplive/R10_073/playlist.m3u8","snapshot":"https://511ny.org/map/Cctv/5387","refreshMs":30000,"attribution":"Ora (Warner Varnado) · NYSDOT"}},{"type":"Feature","geometry":{"type":"Point","coordinates":[-73.51812,40.790828]},"properties":{"id":"ora-ny-807","name":"NSP West of South Oyster Bay Rd.","state":"NY","provider":"NYSDOT","hls":"https://s52.nysdot.skyvdn.com:443/rtplive/R10_074/playlist.m3u8","snapshot":"https://511ny.org/map/Cctv/5388","refreshMs":30000,"attribution":"Ora (Warner Varnado) · NYSDOT"}},{"type":"Feature","geometry":{"type":"Point","coordinates":[-73.503844,40.793222]},"properties":{"id":"ora-ny-808","name":"NSP at East of LIE Connector","state":"NY","provider":"NYSDOT","hls":"https://s52.nysdot.skyvdn.com:443/rtplive/R10_075/playlist.m3u8","snapshot":"https://511ny.org/map/Cctv/5389","refreshMs":30000,"attribution":"Ora (Warner Varnado) · NYSDOT"}},{"type":"Feature","geometry":{"type":"Point","coordinates":[-73.486887,40.794721]},"properties":{"id":"ora-ny-809","name":"NSP at Rt 135(Seaford Oyster Bay Expwy)","state":"NY","provider":"NYSDOT","hls":"https://s52.nysdot.skyvdn.com:443/rtplive/R10_076/playlist.m3u8","snapshot":"https://511ny.org/map/Cctv/5390","refreshMs":30000,"attribution":"Ora (Warner Varnado) · NYSDOT"}},{"type":"Feature","geometry":{"type":"Point","coordinates":[-73.468299,40.799033]},"properties":{"id":"ora-ny-810","name":"NSP West of Sunnyside Blvd","state":"NY","provider":"NYSDOT","hls":"https://s52.nysdot.skyvdn.com:443/rtplive/R10_077/playlist.m3u8","snapshot":"https://511ny.org/map/Cctv/5391","refreshMs":30000,"attribution":"Ora (Warner Varnado) · NYSDOT"}},{"type":"Feature","geometry":{"type":"Point","coordinates":[-73.441167,40.801919]},"properties":{"id":"ora-ny-811","name":"NSP East of Round Swamp Rd","state":"NY","provider":"NYSDOT","hls":"https://s52.nysdot.skyvdn.com:443/rtplive/R10_078/playlist.m3u8","snapshot":"https://511ny.org/map/Cctv/5392","refreshMs":30000,"attribution":"Ora (Warner Varnado) · NYSDOT"}},{"type":"Feature","geometry":{"type":"Point","coordinates":[-73.413512,40.795816]},"properties":{"id":"ora-ny-812","name":"NSP at NY 110","state":"NY","provider":"NYSDOT","hls":"https://s52.nysdot.skyvdn.com:443/rtplive/R10_079/playlist.m3u8","snapshot":"https://511ny.org/map/Cctv/5393","refreshMs":30000,"attribution":"Ora (Warner Varnado) · NYSDOT"}},{"type":"Feature","geometry":{"type":"Point","coordinates":[-73.37706,40.812751]},"properties":{"id":"ora-ny-813","name":"NSP at Wolf Hill Road","state":"NY","provider":"NYSDOT","hls":"https://s52.nysdot.skyvdn.com:443/rtplive/R10_080/playlist.m3u8","snapshot":"https://511ny.org/map/Cctv/5394","refreshMs":30000,"attribution":"Ora (Warner Varnado) · NYSDOT"}},{"type":"Feature","geometry":{"type":"Point","coordinates":[-73.614826,40.687433]},"properties":{"id":"ora-ny-814","name":"SSP at Exit 20 - Grand Ave.","state":"NY","provider":"NYSDOT","hls":"https://s52.nysdot.skyvdn.com:443/rtplive/R10_101/playlist.m3u8","snapshot":"https://511ny.org/map/Cctv/5395","refreshMs":30000,"attribution":"Ora (Warner Varnado) · NYSDOT"}},{"type":"Feature","geometry":{"type":"Point","coordinates":[-73.606796,40.683703]},"properties":{"id":"ora-ny-815","name":"SSP between Exits 20(Grand Ave.) and Exit 21(Nassau Rd.)","state":"NY","provider":"NYSDOT","hls":"https://s52.nysdot.skyvdn.com:443/rtplive/R10_102/playlist.m3u8","snapshot":"https://511ny.org/map/Cctv/5396","refreshMs":30000,"attribution":"Ora (Warner Varnado) · NYSDOT"}},{"type":"Feature","geometry":{"type":"Point","coordinates":[-73.594738,40.686274]},"properties":{"id":"ora-ny-816","name":"SSP between Exit 21 (Nassau Rd.) and Exit 22 (MSP)","state":"NY","provider":"NYSDOT","hls":"https://s52.nysdot.skyvdn.com:443/rtplive/R10_103/playlist.m3u8","snapshot":"https://511ny.org/map/Cctv/5397","refreshMs":30000,"attribution":"Ora (Warner Varnado) · NYSDOT"}},{"type":"Feature","geometry":{"type":"Point","coordinates":[-73.58686,40.691271]},"properties":{"id":"ora-ny-817","name":"SSP between Exit 22 (MSP) and Exit 21 (Nassau Rd)","state":"NY","provider":"NYSDOT","hls":"https://s52.nysdot.skyvdn.com:443/rtplive/R10_104/playlist.m3u8","snapshot":"https://511ny.org/map/Cctv/5398","refreshMs":30000,"attribution":"Ora (Warner Varnado) · NYSDOT"}},{"type":"Feature","geometry":{"type":"Point","coordinates":[-73.57406,40.690927]},"properties":{"id":"ora-ny-818","name":"SSP at Exit 22 (MSP)","state":"NY","provider":"NYSDOT","hls":"https://s52.nysdot.skyvdn.com:443/rtplive/R10_105/playlist.m3u8","snapshot":"https://511ny.org/map/Cctv/5399","refreshMs":30000,"attribution":"Ora (Warner Varnado) · NYSDOT"}},{"type":"Feature","geometry":{"type":"Point","coordinates":[-73.565803,40.689561]},"properties":{"id":"ora-ny-819","name":"SSP at Exit 24 (Merrick Ave)","state":"NY","provider":"NYSDOT","hls":"https://s52.nysdot.skyvdn.com:443/rtplive/R10_106/playlist.m3u8","snapshot":"https://511ny.org/map/Cctv/5400","refreshMs":30000,"attribution":"Ora (Warner Varnado) · NYSDOT"}},{"type":"Feature","geometry":{"type":"Point","coordinates":[-73.5462,40.693248]},"properties":{"id":"ora-ny-820","name":"SSP between Exit 24(Merrick Ave) and Exit 25 (NY 106)","state":"NY","provider":"NYSDOT","hls":"https://s52.nysdot.skyvdn.com:443/rtplive/R10_107/playlist.m3u8","snapshot":"https://511ny.org/map/Cctv/5401","refreshMs":30000,"attribution":"Ora (Warner Varnado) · NYSDOT"}},{"type":"Feature","geometry":{"type":"Point","coordinates":[-73.549277,40.693503]},"properties":{"id":"ora-ny-821","name":"SSP West of Exit 25 - NY 106","state":"NY","provider":"NYSDOT","hls":"https://s52.nysdot.skyvdn.com:443/rtplive/R10_108/playlist.m3u8","snapshot":"https://511ny.org/map/Cctv/5402","refreshMs":30000,"attribution":"Ora (Warner Varnado) · NYSDOT"}},{"type":"Feature","geometry":{"type":"Point","coordinates":[-73.534119,40.698273]},"properties":{"id":"ora-ny-822","name":"SSP East of Exit 25 - NY 106","state":"NY","provider":"NYSDOT","hls":"https://s52.nysdot.skyvdn.com:443/rtplive/R10_109/playlist.m3u8","snapshot":"https://511ny.org/map/Cctv/5403","refreshMs":30000,"attribution":"Ora (Warner Varnado) · NYSDOT"}},{"type":"Feature","geometry":{"type":"Point","coordinates":[-73.53058,40.70003]},"properties":{"id":"ora-ny-823","name":"SSP East of Exit 25 N/S - NY 106","state":"NY","provider":"NYSDOT","hls":"https://s52.nysdot.skyvdn.com:443/rtplive/R10_110/playlist.m3u8","snapshot":"https://511ny.org/map/Cctv/5404","refreshMs":30000,"attribution":"Ora (Warner Varnado) · NYSDOT"}},{"type":"Feature","geometry":{"type":"Point","coordinates":[-73.296538,40.733299]},"properties":{"id":"ora-ny-824","name":"SSP at Exit 40 (RMC) to Exit 41 (Bayshore Rd)","state":"NY","provider":"NYSDOT","hls":"https://s52.nysdot.skyvdn.com:443/rtplive/R10_131/playlist.m3u8","snapshot":"https://511ny.org/map/Cctv/5405","refreshMs":30000,"attribution":"Ora (Warner Varnado) · NYSDOT"}},{"type":"Feature","geometry":{"type":"Point","coordinates":[-73.28744,40.735658]},"properties":{"id":"ora-ny-825","name":"SSP at Exit 40S (RMC) to Exit 41 (Bayshore Rd)","state":"NY","provider":"NYSDOT","hls":"https://s52.nysdot.skyvdn.com:443/rtplive/R10_132/playlist.m3u8","snapshot":"https://511ny.org/map/Cctv/5406","refreshMs":30000,"attribution":"Ora (Warner Varnado) · NYSDOT"}},{"type":"Feature","geometry":{"type":"Point","coordinates":[-73.282012,40.740958]},"properties":{"id":"ora-ny-826","name":"SSP Center Median at Exit 41A (SAG and HSP)","state":"NY","provider":"NYSDOT","hls":"https://s52.nysdot.skyvdn.com:443/rtplive/R10_133/playlist.m3u8","snapshot":"https://511ny.org/map/Cctv/5407","refreshMs":30000,"attribution":"Ora (Warner Varnado) · NYSDOT"}},{"type":"Feature","geometry":{"type":"Point","coordinates":[-73.279782,40.745297]},"properties":{"id":"ora-ny-827","name":"SSP at SAG","state":"NY","provider":"NYSDOT","hls":"https://s52.nysdot.skyvdn.com:443/rtplive/R10_134/playlist.m3u8","snapshot":"https://511ny.org/map/Cctv/5408","refreshMs":30000,"attribution":"Ora (Warner Varnado) · NYSDOT"}},{"type":"Feature","geometry":{"type":"Point","coordinates":[-73.125155,40.751626]},"properties":{"id":"ora-ny-828","name":"NY27(Sunrise Hwy.) at Oakdale-Bohemia Rd.","state":"NY","provider":"NYSDOT","hls":"https://s52.nysdot.skyvdn.com:443/rtplive/R10_137/playlist.m3u8","snapshot":"https://511ny.org/map/Cctv/5411","refreshMs":30000,"attribution":"Ora (Warner Varnado) · NYSDOT"}},{"type":"Feature","geometry":{"type":"Point","coordinates":[-73.106743,40.757247]},"properties":{"id":"ora-ny-829","name":"NY27(Sunrise Hwy.) at Smithtown Ave.","state":"NY","provider":"NYSDOT","hls":"https://s52.nysdot.skyvdn.com:443/rtplive/R10_138/playlist.m3u8","snapshot":"https://511ny.org/map/Cctv/5412","refreshMs":30000,"attribution":"Ora (Warner Varnado) · NYSDOT"}},{"type":"Feature","geometry":{"type":"Point","coordinates":[-73.090227,40.76386]},"properties":{"id":"ora-ny-830","name":"NY27(Sunrise Hwy.) at Johnson Ave","state":"NY","provider":"NYSDOT","hls":"https://s52.nysdot.skyvdn.com:443/rtplive/R10_139/playlist.m3u8","snapshot":"https://511ny.org/map/Cctv/5413","refreshMs":30000,"attribution":"Ora (Warner Varnado) · NYSDOT"}},{"type":"Feature","geometry":{"type":"Point","coordinates":[-73.580078,40.72208]},"properties":{"id":"ora-ny-831","name":"NY 24 at MSP","state":"NY","provider":"NYSDOT","hls":"https://s52.nysdot.skyvdn.com:443/rtplive/R10_140/playlist.m3u8","snapshot":"https://511ny.org/map/Cctv/5414","refreshMs":30000,"attribution":"Ora (Warner Varnado) · NYSDOT"}},{"type":"Feature","geometry":{"type":"Point","coordinates":[-73.423984,40.766545]},"properties":{"id":"ora-ny-832","name":"NY 110 at Duryea Road","state":"NY","provider":"NYSDOT","hls":"https://s52.nysdot.skyvdn.com:443/rtplive/R10_161/playlist.m3u8","snapshot":"https://511ny.org/map/Cctv/5415","refreshMs":30000,"attribution":"Ora (Warner Varnado) · NYSDOT"}},{"type":"Feature","geometry":{"type":"Point","coordinates":[-73.422863,40.739059]},"properties":{"id":"ora-ny-833","name":"NY 110 at Conklin St","state":"NY","provider":"NYSDOT","hls":"https://s52.nysdot.skyvdn.com:443/rtplive/R10_162/playlist.m3u8","snapshot":"https://511ny.org/map/Cctv/5416","refreshMs":30000,"attribution":"Ora (Warner Varnado) · NYSDOT"}},{"type":"Feature","geometry":{"type":"Point","coordinates":[-73.42492,40.722351]},"properties":{"id":"ora-ny-834","name":"NY 110 at NY 109","state":"NY","provider":"NYSDOT","hls":"https://s52.nysdot.skyvdn.com:443/rtplive/R10_163/playlist.m3u8","snapshot":"https://511ny.org/map/Cctv/5417","refreshMs":30000,"attribution":"Ora (Warner Varnado) · NYSDOT"}},{"type":"Feature","geometry":{"type":"Point","coordinates":[-73.421804,40.754322]},"properties":{"id":"ora-ny-835","name":"NY 110 at Smith St.-SUNY Farmingdale entrance","state":"NY","provider":"NYSDOT","hls":"https://s52.nysdot.skyvdn.com:443/rtplive/R10_164/playlist.m3u8","snapshot":"https://511ny.org/map/Cctv/5418","refreshMs":30000,"attribution":"Ora (Warner Varnado) · NYSDOT"}},{"type":"Feature","geometry":{"type":"Point","coordinates":[-73.237411,40.825391]},"properties":{"id":"ora-ny-836","name":"NY 454 At New Highway","state":"NY","provider":"NYSDOT","hls":"https://s52.nysdot.skyvdn.com:443/rtplive/R10_165/playlist.m3u8","snapshot":"https://511ny.org/map/Cctv/5419","refreshMs":30000,"attribution":"Ora (Warner Varnado) · NYSDOT"}},{"type":"Feature","geometry":{"type":"Point","coordinates":[-73.211472,40.824237]},"properties":{"id":"ora-ny-837","name":"NY 454 (Veterans Highway) at NY 347","state":"NY","provider":"NYSDOT","hls":"https://s52.nysdot.skyvdn.com:443/rtplive/R10_166/playlist.m3u8","snapshot":"https://511ny.org/map/Cctv/5420","refreshMs":30000,"attribution":"Ora (Warner Varnado) · NYSDOT"}},{"type":"Feature","geometry":{"type":"Point","coordinates":[-73.21849,40.82481]},"properties":{"id":"ora-ny-838","name":"NY 454 (Veterans Highway) at NYS Office Bldg East Entrance","state":"NY","provider":"NYSDOT","hls":"https://s52.nysdot.skyvdn.com:443/rtplive/R10_167/playlist.m3u8","snapshot":"https://511ny.org/map/Cctv/5421","refreshMs":30000,"attribution":"Ora (Warner Varnado) · NYSDOT"}},{"type":"Feature","geometry":{"type":"Point","coordinates":[-73.282811,40.808203]},"properties":{"id":"ora-ny-839","name":"SAG North of I-495 at Exit S1","state":"NY","provider":"NYSDOT","hls":"https://s52.nysdot.skyvdn.com:443/rtplive/R10_168/playlist.m3u8","snapshot":"https://511ny.org/map/Cctv/5422","refreshMs":30000,"attribution":"Ora (Warner Varnado) · NYSDOT"}},{"type":"Feature","geometry":{"type":"Point","coordinates":[-73.278401,40.797521]},"properties":{"id":"ora-ny-840","name":"SAG South of I-495 at Exit S2","state":"NY","provider":"NYSDOT","hls":"https://s52.nysdot.skyvdn.com:443/rtplive/R10_169/playlist.m3u8","snapshot":"https://511ny.org/map/Cctv/5423","refreshMs":30000,"attribution":"Ora (Warner Varnado) · NYSDOT"}},{"type":"Feature","geometry":{"type":"Point","coordinates":[-73.279156,40.789325]},"properties":{"id":"ora-ny-841","name":"SAG at Exit S2 (Crooked Hill Rd)","state":"NY","provider":"NYSDOT","hls":"https://s52.nysdot.skyvdn.com:443/rtplive/R10_170/playlist.m3u8","snapshot":"https://511ny.org/map/Cctv/5424","refreshMs":30000,"attribution":"Ora (Warner Varnado) · NYSDOT"}},{"type":"Feature","geometry":{"type":"Point","coordinates":[-73.568013,40.665467]},"properties":{"id":"ora-ny-842","name":"MSP between M7 and M6 (at Babylon Tpke. Interchange)","state":"NY","provider":"NYSDOT","hls":"https://s52.nysdot.skyvdn.com:443/rtplive/R10_191/playlist.m3u8","snapshot":"https://511ny.org/map/Cctv/5425","refreshMs":30000,"attribution":"Ora (Warner Varnado) · NYSDOT"}},{"type":"Feature","geometry":{"type":"Point","coordinates":[-73.56629,40.653355]},"properties":{"id":"ora-ny-843","name":"MSP between M10 and M9 (at Merrick Rd. Interchange)","state":"NY","provider":"NYSDOT","hls":"https://s52.nysdot.skyvdn.com:443/rtplive/R10_192/playlist.m3u8","snapshot":"https://511ny.org/map/Cctv/5426","refreshMs":30000,"attribution":"Ora (Warner Varnado) · NYSDOT"}},{"type":"Feature","geometry":{"type":"Point","coordinates":[-73.549573,40.610512]},"properties":{"id":"ora-ny-844","name":"MSP at Loop Pkwy Exit Ramp (near toll plaza)","state":"NY","provider":"NYSDOT","hls":"https://s52.nysdot.skyvdn.com:443/rtplive/R10_193/playlist.m3u8","snapshot":"https://511ny.org/map/Cctv/5427","refreshMs":30000,"attribution":"Ora (Warner Varnado) · NYSDOT"}},{"type":"Feature","geometry":{"type":"Point","coordinates":[-73.586846,40.593032]},"properties":{"id":"ora-ny-845","name":"Loop Pkwy. Northeast corner at Lido Blvd in Point Lookout","state":"NY","provider":"NYSDOT","hls":"https://s52.nysdot.skyvdn.com:443/rtplive/R10_194/playlist.m3u8","snapshot":"https://511ny.org/map/Cctv/5428","refreshMs":30000,"attribution":"Ora (Warner Varnado) · NYSDOT"}},{"type":"Feature","geometry":{"type":"Point","coordinates":[-73.550257,40.756666]},"properties":{"id":"ora-ny-846","name":"WSP Exits W02-W01 at Prospect Ave.","state":"NY","provider":"NYSDOT","hls":"https://s52.nysdot.skyvdn.com:443/rtplive/R10_195/playlist.m3u8","snapshot":"https://511ny.org/map/Cctv/5429","refreshMs":30000,"attribution":"Ora (Warner Varnado) · NYSDOT"}},{"type":"Feature","geometry":{"type":"Point","coordinates":[-73.547683,40.748053]},"properties":{"id":"ora-ny-847","name":"WSP Exits W02-W03 at Stewart Ave.","state":"NY","provider":"NYSDOT","hls":"https://s52.nysdot.skyvdn.com:443/rtplive/R10_196/playlist.m3u8","snapshot":"https://511ny.org/map/Cctv/5430","refreshMs":30000,"attribution":"Ora (Warner Varnado) · NYSDOT"}},{"type":"Feature","geometry":{"type":"Point","coordinates":[-73.543237,40.733979]},"properties":{"id":"ora-ny-848","name":"WSP Exits W02-W03 at Salisbury Park Drive","state":"NY","provider":"NYSDOT","hls":"https://s52.nysdot.skyvdn.com:443/rtplive/R10_197/playlist.m3u8","snapshot":"https://511ny.org/map/Cctv/5431","refreshMs":30000,"attribution":"Ora (Warner Varnado) · NYSDOT"}},{"type":"Feature","geometry":{"type":"Point","coordinates":[-73.526294,40.707509]},"properties":{"id":"ora-ny-849","name":"WSP Exits W03-W04 at North Jerusalem Road","state":"NY","provider":"NYSDOT","hls":"https://s52.nysdot.skyvdn.com:443/rtplive/R10_198/playlist.m3u8","snapshot":"https://511ny.org/map/Cctv/5432","refreshMs":30000,"attribution":"Ora (Warner Varnado) · NYSDOT"}},{"type":"Feature","geometry":{"type":"Point","coordinates":[-73.51864,40.692317]},"properties":{"id":"ora-ny-850","name":"WSP Exits W05-W04 at Jerusalem Road","state":"NY","provider":"NYSDOT","hls":"https://s52.nysdot.skyvdn.com:443/rtplive/R10_199/playlist.m3u8","snapshot":"https://511ny.org/map/Cctv/5433","refreshMs":30000,"attribution":"Ora (Warner Varnado) · NYSDOT"}},{"type":"Feature","geometry":{"type":"Point","coordinates":[-73.514038,40.68652]},"properties":{"id":"ora-ny-851","name":"WSP Exits W05-W04 South of the Pedestrian Bridge","state":"NY","provider":"NYSDOT","hls":"https://s52.nysdot.skyvdn.com:443/rtplive/R10_200/playlist.m3u8","snapshot":"https://511ny.org/map/Cctv/5434","refreshMs":30000,"attribution":"Ora (Warner Varnado) · NYSDOT"}},{"type":"Feature","geometry":{"type":"Point","coordinates":[-73.011128,40.884052]},"properties":{"id":"ora-ny-852","name":"NY 112 at CR83; Southeast","state":"NY","provider":"NYSDOT","hls":"https://s52.nysdot.skyvdn.com:443/rtplive/R10_221/playlist.m3u8","snapshot":"https://511ny.org/map/Cctv/5435","refreshMs":30000,"attribution":"Ora (Warner Varnado) · NYSDOT"}},{"type":"Feature","geometry":{"type":"Point","coordinates":[-73.023379,40.868024]},"properties":{"id":"ora-ny-853","name":"NY 25 at CR83; Northeast","state":"NY","provider":"NYSDOT","hls":"https://s52.nysdot.skyvdn.com:443/rtplive/R10_222/playlist.m3u8","snapshot":"https://511ny.org/map/Cctv/5436","refreshMs":30000,"attribution":"Ora (Warner Varnado) · NYSDOT"}},{"type":"Feature","geometry":{"type":"Point","coordinates":[-73.023833,40.867484]},"properties":{"id":"ora-ny-854","name":"NY 25 at CR 83 ; Southwest","state":"NY","provider":"NYSDOT","hls":"https://s52.nysdot.skyvdn.com:443/rtplive/R10_223/playlist.m3u8","snapshot":"https://511ny.org/map/Cctv/5437","refreshMs":30000,"attribution":"Ora (Warner Varnado) · NYSDOT"}},{"type":"Feature","geometry":{"type":"Point","coordinates":[-73.208052,40.822875]},"properties":{"id":"ora-ny-855","name":"NY 454 at NY 111; Northwest","state":"NY","provider":"NYSDOT","hls":"https://s52.nysdot.skyvdn.com:443/rtplive/R10_224/playlist.m3u8","snapshot":"https://511ny.org/map/Cctv/5438","refreshMs":30000,"attribution":"Ora (Warner Varnado) · NYSDOT"}},{"type":"Feature","geometry":{"type":"Point","coordinates":[-73.173088,40.799069]},"properties":{"id":"ora-ny-856","name":"NY 454 at Suffolk Ave; Northwest","state":"NY","provider":"NYSDOT","hls":"https://s52.nysdot.skyvdn.com:443/rtplive/R10_225/playlist.m3u8","snapshot":"https://511ny.org/map/Cctv/5439","refreshMs":30000,"attribution":"Ora (Warner Varnado) · NYSDOT"}},{"type":"Feature","geometry":{"type":"Point","coordinates":[-73.167574,40.793101]},"properties":{"id":"ora-ny-857","name":"NY 454 at Connetquot Ave; Southwest","state":"NY","provider":"NYSDOT","hls":"https://s52.nysdot.skyvdn.com:443/rtplive/R10_226/playlist.m3u8","snapshot":"https://511ny.org/map/Cctv/5440","refreshMs":30000,"attribution":"Ora (Warner Varnado) · NYSDOT"}},{"type":"Feature","geometry":{"type":"Point","coordinates":[-73.113936,40.785803]},"properties":{"id":"ora-ny-858","name":"NY 454 at Lakeland Ave; Northeast","state":"NY","provider":"NYSDOT","hls":"https://s52.nysdot.skyvdn.com:443/rtplive/R10_227/playlist.m3u8","snapshot":"https://511ny.org/map/Cctv/5441","refreshMs":30000,"attribution":"Ora (Warner Varnado) · NYSDOT"}},{"type":"Feature","geometry":{"type":"Point","coordinates":[-73.066494,40.774296]},"properties":{"id":"ora-ny-859","name":"NY 454 at Broadway Ave; Northeast","state":"NY","provider":"NYSDOT","hls":"https://s52.nysdot.skyvdn.com:443/rtplive/R10_228/playlist.m3u8","snapshot":"https://511ny.org/map/Cctv/5442","refreshMs":30000,"attribution":"Ora (Warner Varnado) · NYSDOT"}},{"type":"Feature","geometry":{"type":"Point","coordinates":[-73.292741,40.843144]},"properties":{"id":"ora-ny-860","name":"NY 25 at Commack Road","state":"NY","provider":"NYSDOT","hls":"https://s52.nysdot.skyvdn.com:443/rtplive/R10_229/playlist.m3u8","snapshot":"https://511ny.org/map/Cctv/5443","refreshMs":30000,"attribution":"Ora (Warner Varnado) · NYSDOT"}},{"type":"Feature","geometry":{"type":"Point","coordinates":[-73.313322,40.840652]},"properties":{"id":"ora-ny-861","name":"NY 25 at Larkfield Road","state":"NY","provider":"NYSDOT","hls":"https://s52.nysdot.skyvdn.com:443/rtplive/R10_230/playlist.m3u8","snapshot":"https://511ny.org/map/Cctv/5444","refreshMs":30000,"attribution":"Ora (Warner Varnado) · NYSDOT"}},{"type":"Feature","geometry":{"type":"Point","coordinates":[-73.089292,40.858154]},"properties":{"id":"ora-ny-862","name":"NY 25 Eastbound at South Washington Avenue","state":"NY","provider":"NYSDOT","hls":"https://s52.nysdot.skyvdn.com:443/rtplive/R10_251/playlist.m3u8","snapshot":"https://511ny.org/map/Cctv/5445","refreshMs":30000,"attribution":"Ora (Warner Varnado) · NYSDOT"}},{"type":"Feature","geometry":{"type":"Point","coordinates":[-73.080702,40.858463]},"properties":{"id":"ora-ny-863","name":"NY 25 Eastbound at Mall Road B (Signal 74.33P)","state":"NY","provider":"NYSDOT","hls":"https://s52.nysdot.skyvdn.com:443/rtplive/R10_252/playlist.m3u8","snapshot":"https://511ny.org/map/Cctv/5446","refreshMs":30000,"attribution":"Ora (Warner Varnado) · NYSDOT"}},{"type":"Feature","geometry":{"type":"Point","coordinates":[-73.627765,40.753479]},"properties":{"id":"ora-ny-864","name":"NY 25 Eastbound at Sheridan Blvd.","state":"NY","provider":"NYSDOT","hls":"https://s52.nysdot.skyvdn.com:443/rtplive/R10_253/playlist.m3u8","snapshot":"https://511ny.org/map/Cctv/5447","refreshMs":30000,"attribution":"Ora (Warner Varnado) · NYSDOT"}},{"type":"Feature","geometry":{"type":"Point","coordinates":[-73.634483,40.751241]},"properties":{"id":"ora-ny-865","name":"NY 25 Eastbound at Roslyn Road","state":"NY","provider":"NYSDOT","hls":"https://s52.nysdot.skyvdn.com:443/rtplive/R10_254/playlist.m3u8","snapshot":"https://511ny.org/map/Cctv/5448","refreshMs":30000,"attribution":"Ora (Warner Varnado) · NYSDOT"}},{"type":"Feature","geometry":{"type":"Point","coordinates":[-73.619662,40.757191]},"properties":{"id":"ora-ny-866","name":"NY25eb at Glen Cove Rd","state":"NY","provider":"NYSDOT","hls":"https://s52.nysdot.skyvdn.com:443/rtplive/R10_255/playlist.m3u8","snapshot":"https://511ny.org/map/Cctv/5449","refreshMs":30000,"attribution":"Ora (Warner Varnado) · NYSDOT"}},{"type":"Feature","geometry":{"type":"Point","coordinates":[-73.065043,40.86121]},"properties":{"id":"ora-ny-867","name":"NY 25 Westbound at North Coleman Road","state":"NY","provider":"NYSDOT","hls":"https://s52.nysdot.skyvdn.com:443/rtplive/R10_257/playlist.m3u8","snapshot":"https://511ny.org/map/Cctv/5451","refreshMs":30000,"attribution":"Ora (Warner Varnado) · NYSDOT"}},{"type":"Feature","geometry":{"type":"Point","coordinates":[-73.049648,40.863698]},"properties":{"id":"ora-ny-868","name":"NY 25 Westbound at Boyle Road","state":"NY","provider":"NYSDOT","hls":"https://s52.nysdot.skyvdn.com:443/rtplive/R10_258/playlist.m3u8","snapshot":"https://511ny.org/map/Cctv/5452","refreshMs":30000,"attribution":"Ora (Warner Varnado) · NYSDOT"}},{"type":"Feature","geometry":{"type":"Point","coordinates":[-73.035561,40.86666]},"properties":{"id":"ora-ny-869","name":"NY 25 Westbound at Blue Point Road","state":"NY","provider":"NYSDOT","hls":"https://s52.nysdot.skyvdn.com:443/rtplive/R10_259/playlist.m3u8","snapshot":"https://511ny.org/map/Cctv/5453","refreshMs":30000,"attribution":"Ora (Warner Varnado) · NYSDOT"}},{"type":"Feature","geometry":{"type":"Point","coordinates":[-73.001244,40.868916]},"properties":{"id":"ora-ny-870","name":"NY 25 Eastbound at NY 112 Southbound","state":"NY","provider":"NYSDOT","hls":"https://s52.nysdot.skyvdn.com:443/rtplive/R10_260/playlist.m3u8","snapshot":"https://511ny.org/map/Cctv/5454","refreshMs":30000,"attribution":"Ora (Warner Varnado) · NYSDOT"}},{"type":"Feature","geometry":{"type":"Point","coordinates":[-73.412201,40.800697]},"properties":{"id":"ora-ny-871","name":"NY 110 Northbound at Melville Mall North Driveway","state":"NY","provider":"NYSDOT","hls":"https://s52.nysdot.skyvdn.com:443/rtplive/R10_281/playlist.m3u8","snapshot":"https://511ny.org/map/Cctv/5455","refreshMs":30000,"attribution":"Ora (Warner Varnado) · NYSDOT"}},{"type":"Feature","geometry":{"type":"Point","coordinates":[-73.41528,40.788545]},"properties":{"id":"ora-ny-872","name":"NY 110 Northbound at Pinelawn / Sweet Hollow Road","state":"NY","provider":"NYSDOT","hls":"https://s52.nysdot.skyvdn.com:443/rtplive/R10_282/playlist.m3u8","snapshot":"https://511ny.org/map/Cctv/5456","refreshMs":30000,"attribution":"Ora (Warner Varnado) · NYSDOT"}},{"type":"Feature","geometry":{"type":"Point","coordinates":[-73.416731,40.784875]},"properties":{"id":"ora-ny-873","name":"NY 110 Northbound at Nikon Driveway","state":"NY","provider":"NYSDOT","hls":"https://s52.nysdot.skyvdn.com:443/rtplive/R10_283/playlist.m3u8","snapshot":"https://511ny.org/map/Cctv/5457","refreshMs":30000,"attribution":"Ora (Warner Varnado) · NYSDOT"}},{"type":"Feature","geometry":{"type":"Point","coordinates":[-73.052385,40.920072]},"properties":{"id":"ora-ny-874","name":"NY 347 at Terryville Road","state":"NY","provider":"NYSDOT","hls":"https://s52.nysdot.skyvdn.com:443/rtplive/R10_284/playlist.m3u8","snapshot":"https://511ny.org/map/Cctv/5458","refreshMs":30000,"attribution":"Ora (Warner Varnado) · NYSDOT"}},{"type":"Feature","geometry":{"type":"Point","coordinates":[-73.530393,40.779067]},"properties":{"id":"ora-ny-875","name":"NY106/107 at Bethpage Road","state":"NY","provider":"NYSDOT","hls":"https://s52.nysdot.skyvdn.com:443/rtplive/R10_285/playlist.m3u8","snapshot":"https://511ny.org/map/Cctv/5459","refreshMs":30000,"attribution":"Ora (Warner Varnado) · NYSDOT"}},{"type":"Feature","geometry":{"type":"Point","coordinates":[-73.52863,40.774378]},"properties":{"id":"ora-ny-876","name":"NY106/107 at Mid Island Plaza","state":"NY","provider":"NYSDOT","hls":"https://s52.nysdot.skyvdn.com:443/rtplive/R10_286/playlist.m3u8","snapshot":"https://511ny.org/map/Cctv/5460","refreshMs":30000,"attribution":"Ora (Warner Varnado) · NYSDOT"}},{"type":"Feature","geometry":{"type":"Point","coordinates":[-73.528058,40.76885]},"properties":{"id":"ora-ny-877","name":"NY106 at West John Street","state":"NY","provider":"NYSDOT","hls":"https://s52.nysdot.skyvdn.com:443/rtplive/R10_287/playlist.m3u8","snapshot":"https://511ny.org/map/Cctv/5461","refreshMs":30000,"attribution":"Ora (Warner Varnado) · NYSDOT"}},{"type":"Feature","geometry":{"type":"Point","coordinates":[-73.527119,40.766419]},"properties":{"id":"ora-ny-878","name":"NY106 at Duffy Avenue","state":"NY","provider":"NYSDOT","hls":"https://s52.nysdot.skyvdn.com:443/rtplive/R10_288/playlist.m3u8","snapshot":"https://511ny.org/map/Cctv/5462","refreshMs":30000,"attribution":"Ora (Warner Varnado) · NYSDOT"}},{"type":"Feature","geometry":{"type":"Point","coordinates":[-73.522332,40.766486]},"properties":{"id":"ora-ny-879","name":"NY107 at Nicholai Street","state":"NY","provider":"NYSDOT","hls":"https://s52.nysdot.skyvdn.com:443/rtplive/R10_289/playlist.m3u8","snapshot":"https://511ny.org/map/Cctv/5463","refreshMs":30000,"attribution":"Ora (Warner Varnado) · NYSDOT"}},{"type":"Feature","geometry":{"type":"Point","coordinates":[-73.23464,40.84739]},"properties":{"id":"ora-ny-880","name":"NY25 at Old Willits Path","state":"NY","provider":"NYSDOT","hls":"https://s52.nysdot.skyvdn.com:443/rtplive/R10_290/playlist.m3u8","snapshot":"https://511ny.org/map/Cctv/5464","refreshMs":30000,"attribution":"Ora (Warner Varnado) · NYSDOT"}},{"type":"Feature","geometry":{"type":"Point","coordinates":[-72.950239,40.826437]},"properties":{"id":"ora-ny-881","name":"495 Eastbound at Exits 65-66 Rest Area (Fixed)","state":"NY","provider":"NYSDOT","hls":"https://s52.nysdot.skyvdn.com:443/rtplive/R10_314/playlist.m3u8","snapshot":"https://511ny.org/map/Cctv/5466","refreshMs":30000,"attribution":"Ora (Warner Varnado) · NYSDOT"}},{"type":"Feature","geometry":{"type":"Point","coordinates":[-73.223412,40.808563]},"properties":{"id":"ora-ny-882","name":"495 Westbound at Exit 56 Rest Area Camera 1","state":"NY","provider":"NYSDOT","hls":"https://s52.nysdot.skyvdn.com:443/rtplive/R10_315/playlist.m3u8","snapshot":"https://511ny.org/map/Cctv/5467","refreshMs":30000,"attribution":"Ora (Warner Varnado) · NYSDOT"}},{"type":"Feature","geometry":{"type":"Point","coordinates":[-73.223412,40.808563]},"properties":{"id":"ora-ny-883","name":"495 Westbound at Exit 56 Rest Area Camera 2","state":"NY","provider":"NYSDOT","hls":"https://s52.nysdot.skyvdn.com:443/rtplive/R10_316/playlist.m3u8","snapshot":"https://511ny.org/map/Cctv/5468","refreshMs":30000,"attribution":"Ora (Warner Varnado) · NYSDOT"}},{"type":"Feature","geometry":{"type":"Point","coordinates":[-73.642965,40.684315]},"properties":{"id":"ora-ny-884","name":"SSP near Exit 17","state":"NY","provider":"NYSDOT","hls":"https://s52.nysdot.skyvdn.com:443/rtplive/R10_318/playlist.m3u8","snapshot":"https://511ny.org/map/Cctv/5470","refreshMs":30000,"attribution":"Ora (Warner Varnado) · NYSDOT"}},{"type":"Feature","geometry":{"type":"Point","coordinates":[-73.340693,40.788653]},"properties":{"id":"ora-ny-885","name":"NY231 at Half Hollow Road","state":"NY","provider":"NYSDOT","hls":"https://s52.nysdot.skyvdn.com:443/rtplive/R10_319/playlist.m3u8","snapshot":"https://511ny.org/map/Cctv/5471","refreshMs":30000,"attribution":"Ora (Warner Varnado) · NYSDOT"}},{"type":"Feature","geometry":{"type":"Point","coordinates":[-73.338726,40.783153]},"properties":{"id":"ora-ny-886","name":"NY231 at Straight Path","state":"NY","provider":"NYSDOT","hls":"https://s52.nysdot.skyvdn.com:443/rtplive/R10_320/playlist.m3u8","snapshot":"https://511ny.org/map/Cctv/5472","refreshMs":30000,"attribution":"Ora (Warner Varnado) · NYSDOT"}},{"type":"Feature","geometry":{"type":"Point","coordinates":[-73.82555,40.84551]},"properties":{"id":"ora-ny-887","name":"I-95 at Middletown Road","state":"NY","provider":"NYSDOT","hls":"https://s52.nysdot.skyvdn.com:443/rtplive/R11_011/playlist.m3u8","snapshot":"https://511ny.org/map/Cctv/5473","refreshMs":30000,"attribution":"Ora (Warner Varnado) · NYSDOT"}},{"type":"Feature","geometry":{"type":"Point","coordinates":[-73.82752,40.84897]},"properties":{"id":"ora-ny-888","name":"I-95 at Buhre Avenue/Pedestrian Bridge","state":"NY","provider":"NYSDOT","hls":"https://s52.nysdot.skyvdn.com:443/rtplive/R11_012/playlist.m3u8","snapshot":"https://511ny.org/map/Cctv/5474","refreshMs":30000,"attribution":"Ora (Warner Varnado) · NYSDOT"}},{"type":"Feature","geometry":{"type":"Point","coordinates":[-73.93114,40.84599]},"properties":{"id":"ora-ny-889","name":"I-95 at Amsterdam Avenue","state":"NY","provider":"NYSDOT","hls":"https://s52.nysdot.skyvdn.com:443/rtplive/R11_013/playlist.m3u8","snapshot":"https://511ny.org/map/Cctv/5475","refreshMs":30000,"attribution":"Ora (Warner Varnado) · NYSDOT"}},{"type":"Feature","geometry":{"type":"Point","coordinates":[-73.92474,40.84459]},"properties":{"id":"ora-ny-890","name":"I-95 at Undercliff Avenue","state":"NY","provider":"NYSDOT","hls":"https://s52.nysdot.skyvdn.com:443/rtplive/R11_014/playlist.m3u8","snapshot":"https://511ny.org/map/Cctv/5476","refreshMs":30000,"attribution":"Ora (Warner Varnado) · NYSDOT"}},{"type":"Feature","geometry":{"type":"Point","coordinates":[-73.92051,40.84482]},"properties":{"id":"ora-ny-891","name":"I-95 at Nelson Avenue","state":"NY","provider":"NYSDOT","hls":"https://s52.nysdot.skyvdn.com:443/rtplive/R11_015/playlist.m3u8","snapshot":"https://511ny.org/map/Cctv/5477","refreshMs":30000,"attribution":"Ora (Warner Varnado) · NYSDOT"}},{"type":"Feature","geometry":{"type":"Point","coordinates":[-73.91766,40.84493]},"properties":{"id":"ora-ny-892","name":"I-95 at Macombs Road","state":"NY","provider":"NYSDOT","hls":"https://s52.nysdot.skyvdn.com:443/rtplive/R11_016/playlist.m3u8","snapshot":"https://511ny.org/map/Cctv/5478","refreshMs":30000,"attribution":"Ora (Warner Varnado) · NYSDOT"}},{"type":"Feature","geometry":{"type":"Point","coordinates":[-73.91197,40.84533]},"properties":{"id":"ora-ny-893","name":"I-95 at Walton Avenue","state":"NY","provider":"NYSDOT","hls":"https://s52.nysdot.skyvdn.com:443/rtplive/R11_017/playlist.m3u8","snapshot":"https://511ny.org/map/Cctv/5479","refreshMs":30000,"attribution":"Ora (Warner Varnado) · NYSDOT"}},{"type":"Feature","geometry":{"type":"Point","coordinates":[-73.90741,40.84482]},"properties":{"id":"ora-ny-894","name":"I-95 Weeks Avenue","state":"NY","provider":"NYSDOT","hls":"https://s52.nysdot.skyvdn.com:443/rtplive/R11_018/playlist.m3u8","snapshot":"https://511ny.org/map/Cctv/5480","refreshMs":30000,"attribution":"Ora (Warner Varnado) · NYSDOT"}},{"type":"Feature","geometry":{"type":"Point","coordinates":[-73.90499,40.84497]},"properties":{"id":"ora-ny-895","name":"I-95 at Clay Avenue","state":"NY","provider":"NYSDOT","hls":"https://s52.nysdot.skyvdn.com:443/rtplive/R11_019/playlist.m3u8","snapshot":"https://511ny.org/map/Cctv/5481","refreshMs":30000,"attribution":"Ora (Warner Varnado) · NYSDOT"}},{"type":"Feature","geometry":{"type":"Point","coordinates":[-73.89511,40.84385]},"properties":{"id":"ora-ny-896","name":"I-95 at Arthur Avenue","state":"NY","provider":"NYSDOT","hls":"https://s52.nysdot.skyvdn.com:443/rtplive/R11_020/playlist.m3u8","snapshot":"https://511ny.org/map/Cctv/5482","refreshMs":30000,"attribution":"Ora (Warner Varnado) · NYSDOT"}},{"type":"Feature","geometry":{"type":"Point","coordinates":[-73.93176,40.81253]},"properties":{"id":"ora-ny-897","name":"I-87 at East 138th Street","state":"NY","provider":"NYSDOT","hls":"https://s52.nysdot.skyvdn.com:443/rtplive/R11_041/playlist.m3u8","snapshot":"https://511ny.org/map/Cctv/5483","refreshMs":30000,"attribution":"Ora (Warner Varnado) · NYSDOT"}},{"type":"Feature","geometry":{"type":"Point","coordinates":[-73.93109,40.81588]},"properties":{"id":"ora-ny-898","name":"I-87 at Grand Concourse/Overpass","state":"NY","provider":"NYSDOT","hls":"https://s52.nysdot.skyvdn.com:443/rtplive/R11_042/playlist.m3u8","snapshot":"https://511ny.org/map/Cctv/5484","refreshMs":30000,"attribution":"Ora (Warner Varnado) · NYSDOT"}},{"type":"Feature","geometry":{"type":"Point","coordinates":[-73.93082,40.82824]},"properties":{"id":"ora-ny-899","name":"I-87 at Macombs Dam Bridge","state":"NY","provider":"NYSDOT","hls":"https://s52.nysdot.skyvdn.com:443/rtplive/R11_044/playlist.m3u8","snapshot":"https://511ny.org/map/Cctv/5486","refreshMs":30000,"attribution":"Ora (Warner Varnado) · NYSDOT"}},{"type":"Feature","geometry":{"type":"Point","coordinates":[-73.93235,40.83098]},"properties":{"id":"ora-ny-900","name":"I-87 at West 161st Street","state":"NY","provider":"NYSDOT","hls":"https://s52.nysdot.skyvdn.com:443/rtplive/R11_045/playlist.m3u8","snapshot":"https://511ny.org/map/Cctv/5487","refreshMs":30000,"attribution":"Ora (Warner Varnado) · NYSDOT"}},{"type":"Feature","geometry":{"type":"Point","coordinates":[-73.9286,40.84154]},"properties":{"id":"ora-ny-901","name":"I-87 at Depot Place","state":"NY","provider":"NYSDOT","hls":"https://s52.nysdot.skyvdn.com:443/rtplive/R11_047/playlist.m3u8","snapshot":"https://511ny.org/map/Cctv/5489","refreshMs":30000,"attribution":"Ora (Warner Varnado) · NYSDOT"}},{"type":"Feature","geometry":{"type":"Point","coordinates":[-73.91802,40.85515]},"properties":{"id":"ora-ny-902","name":"I-87 at West 179th Street","state":"NY","provider":"NYSDOT","hls":"https://s52.nysdot.skyvdn.com:443/rtplive/R11_049/playlist.m3u8","snapshot":"https://511ny.org/map/Cctv/5491","refreshMs":30000,"attribution":"Ora (Warner Varnado) · NYSDOT"}},{"type":"Feature","geometry":{"type":"Point","coordinates":[-73.99446,40.70123]},"properties":{"id":"ora-ny-903","name":"I-278 at Middagh Street/Lwr. Lvl.","state":"NY","provider":"NYSDOT","hls":"https://s52.nysdot.skyvdn.com:443/rtplive/R11_071/playlist.m3u8","snapshot":"https://511ny.org/map/Cctv/5492","refreshMs":30000,"attribution":"Ora (Warner Varnado) · NYSDOT"}},{"type":"Feature","geometry":{"type":"Point","coordinates":[-73.98391,40.69939]},"properties":{"id":"ora-ny-904","name":"I-278 at Sands Street","state":"NY","provider":"NYSDOT","hls":"https://s52.nysdot.skyvdn.com:443/rtplive/R11_073/playlist.m3u8","snapshot":"https://511ny.org/map/Cctv/5494","refreshMs":30000,"attribution":"Ora (Warner Varnado) · NYSDOT"}},{"type":"Feature","geometry":{"type":"Point","coordinates":[-79.1221457856448,43.047230502013]},"properties":{"id":"ora-ny-905","name":"QEW Welland River Bridge (1)","state":"NY","provider":"NYSDOT","hls":null,"snapshot":"https://511ny.org/map/Cctv/2372","refreshMs":30000,"attribution":"Ora (Warner Varnado) · NYSDOT"}},{"type":"Feature","geometry":{"type":"Point","coordinates":[-73.98069,40.69633]},"properties":{"id":"ora-ny-906","name":"I-278 at Navy Street","state":"NY","provider":"NYSDOT","hls":"https://s52.nysdot.skyvdn.com:443/rtplive/R11_074/playlist.m3u8","snapshot":"https://511ny.org/map/Cctv/5495","refreshMs":30000,"attribution":"Ora (Warner Varnado) · NYSDOT"}},{"type":"Feature","geometry":{"type":"Point","coordinates":[-73.96206,40.69991]},"properties":{"id":"ora-ny-907","name":"I-278 at Kent Avenue","state":"NY","provider":"NYSDOT","hls":"https://s52.nysdot.skyvdn.com:443/rtplive/R11_075/playlist.m3u8","snapshot":"https://511ny.org/map/Cctv/5496","refreshMs":30000,"attribution":"Ora (Warner Varnado) · NYSDOT"}},{"type":"Feature","geometry":{"type":"Point","coordinates":[-73.96122,40.70171]},"properties":{"id":"ora-ny-908","name":"I-278 at Wythe Avenue","state":"NY","provider":"NYSDOT","hls":"https://s52.nysdot.skyvdn.com:443/rtplive/R11_076/playlist.m3u8","snapshot":"https://511ny.org/map/Cctv/5497","refreshMs":30000,"attribution":"Ora (Warner Varnado) · NYSDOT"}},{"type":"Feature","geometry":{"type":"Point","coordinates":[-73.95918,40.70526]},"properties":{"id":"ora-ny-909","name":"I-278 at Lee Avenue","state":"NY","provider":"NYSDOT","hls":"https://s52.nysdot.skyvdn.com:443/rtplive/R11_077/playlist.m3u8","snapshot":"https://511ny.org/map/Cctv/5498","refreshMs":30000,"attribution":"Ora (Warner Varnado) · NYSDOT"}},{"type":"Feature","geometry":{"type":"Point","coordinates":[-73.9574,40.7076]},"properties":{"id":"ora-ny-910","name":"I-278 at Division Avenue","state":"NY","provider":"NYSDOT","hls":"https://s52.nysdot.skyvdn.com:443/rtplive/R11_078/playlist.m3u8","snapshot":"https://511ny.org/map/Cctv/5499","refreshMs":30000,"attribution":"Ora (Warner Varnado) · NYSDOT"}},{"type":"Feature","geometry":{"type":"Point","coordinates":[-73.95704,40.70905]},"properties":{"id":"ora-ny-911","name":"I-278 at South 5th Street","state":"NY","provider":"NYSDOT","hls":"https://s52.nysdot.skyvdn.com:443/rtplive/R11_080/playlist.m3u8","snapshot":"https://511ny.org/map/Cctv/5500","refreshMs":30000,"attribution":"Ora (Warner Varnado) · NYSDOT"}},{"type":"Feature","geometry":{"type":"Point","coordinates":[-73.89869,40.75382]},"properties":{"id":"ora-ny-912","name":"I-278 at Northern Blvd.","state":"NY","provider":"NYSDOT","hls":"https://s52.nysdot.skyvdn.com:443/rtplive/R11_101/playlist.m3u8","snapshot":"https://511ny.org/map/Cctv/5501","refreshMs":30000,"attribution":"Ora (Warner Varnado) · NYSDOT"}},{"type":"Feature","geometry":{"type":"Point","coordinates":[-73.90106,40.75838]},"properties":{"id":"ora-ny-913","name":"I-278 at 31st Avenue","state":"NY","provider":"NYSDOT","hls":"https://s52.nysdot.skyvdn.com:443/rtplive/R11_102/playlist.m3u8","snapshot":"https://511ny.org/map/Cctv/5502","refreshMs":30000,"attribution":"Ora (Warner Varnado) · NYSDOT"}},{"type":"Feature","geometry":{"type":"Point","coordinates":[-73.90161,40.75936]},"properties":{"id":"ora-ny-914","name":"I-278 at 30th Avenue","state":"NY","provider":"NYSDOT","hls":"https://s52.nysdot.skyvdn.com:443/rtplive/R11_103/playlist.m3u8","snapshot":"https://511ny.org/map/Cctv/5503","refreshMs":30000,"attribution":"Ora (Warner Varnado) · NYSDOT"}},{"type":"Feature","geometry":{"type":"Point","coordinates":[-73.9034,40.7657]},"properties":{"id":"ora-ny-915","name":"I-278 at 49th Street","state":"NY","provider":"NYSDOT","hls":"https://s52.nysdot.skyvdn.com:443/rtplive/R11_104/playlist.m3u8","snapshot":"https://511ny.org/map/Cctv/5504","refreshMs":30000,"attribution":"Ora (Warner Varnado) · NYSDOT"}},{"type":"Feature","geometry":{"type":"Point","coordinates":[-73.89976,40.75811]},"properties":{"id":"ora-ny-916","name":"I-278 at G.C.P./Connector at 31st Avenue","state":"NY","provider":"NYSDOT","hls":"https://s52.nysdot.skyvdn.com:443/rtplive/R11_105/playlist.m3u8","snapshot":"https://511ny.org/map/Cctv/5505","refreshMs":30000,"attribution":"Ora (Warner Varnado) · NYSDOT"}},{"type":"Feature","geometry":{"type":"Point","coordinates":[-73.89469,40.7648]},"properties":{"id":"ora-ny-917","name":"I-278 at Connector to G.C.P./Astoria Blvd.","state":"NY","provider":"NYSDOT","hls":"https://s52.nysdot.skyvdn.com:443/rtplive/R11_106/playlist.m3u8","snapshot":"https://511ny.org/map/Cctv/5506","refreshMs":30000,"attribution":"Ora (Warner Varnado) · NYSDOT"}},{"type":"Feature","geometry":{"type":"Point","coordinates":[-73.7668,40.73384]},"properties":{"id":"ora-ny-918","name":"I-295 at Union Turnpike","state":"NY","provider":"NYSDOT","hls":"https://s52.nysdot.skyvdn.com:443/rtplive/R11_107/playlist.m3u8","snapshot":"https://511ny.org/map/Cctv/5507","refreshMs":30000,"attribution":"Ora (Warner Varnado) · NYSDOT"}},{"type":"Feature","geometry":{"type":"Point","coordinates":[-73.77017,40.74187]},"properties":{"id":"ora-ny-919","name":"I-295 at 64th Avenue","state":"NY","provider":"NYSDOT","hls":"https://s52.nysdot.skyvdn.com:443/rtplive/R11_108/playlist.m3u8","snapshot":"https://511ny.org/map/Cctv/5508","refreshMs":30000,"attribution":"Ora (Warner Varnado) · NYSDOT"}},{"type":"Feature","geometry":{"type":"Point","coordinates":[-73.77374,40.74831]},"properties":{"id":"ora-ny-920","name":"I-295 at 56th Avenue","state":"NY","provider":"NYSDOT","hls":"https://s52.nysdot.skyvdn.com:443/rtplive/R11_109/playlist.m3u8","snapshot":"https://511ny.org/map/Cctv/5509","refreshMs":30000,"attribution":"Ora (Warner Varnado) · NYSDOT"}},{"type":"Feature","geometry":{"type":"Point","coordinates":[-73.77579,40.75263]},"properties":{"id":"ora-ny-921","name":"I-295 at 48th Avenue","state":"NY","provider":"NYSDOT","hls":"https://s52.nysdot.skyvdn.com:443/rtplive/R11_110/playlist.m3u8","snapshot":"https://511ny.org/map/Cctv/5510","refreshMs":30000,"attribution":"Ora (Warner Varnado) · NYSDOT"}},{"type":"Feature","geometry":{"type":"Point","coordinates":[-73.92161,40.73452]},"properties":{"id":"ora-ny-922","name":"I-495 at ramp to Westbound BQE","state":"NY","provider":"NYSDOT","hls":"https://s52.nysdot.skyvdn.com:443/rtplive/R11_131/playlist.m3u8","snapshot":"https://511ny.org/map/Cctv/5511","refreshMs":30000,"attribution":"Ora (Warner Varnado) · NYSDOT"}},{"type":"Feature","geometry":{"type":"Point","coordinates":[-73.92137,40.73338]},"properties":{"id":"ora-ny-923","name":"I-495 at ramp from Eastbound BQE","state":"NY","provider":"NYSDOT","hls":"https://s52.nysdot.skyvdn.com:443/rtplive/R11_132/playlist.m3u8","snapshot":"https://511ny.org/map/Cctv/5512","refreshMs":30000,"attribution":"Ora (Warner Varnado) · NYSDOT"}},{"type":"Feature","geometry":{"type":"Point","coordinates":[-73.91923,40.73195]},"properties":{"id":"ora-ny-924","name":"I-495 at 48th Street/Lower Level","state":"NY","provider":"NYSDOT","hls":"https://s52.nysdot.skyvdn.com:443/rtplive/R11_134/playlist.m3u8","snapshot":"https://511ny.org/map/Cctv/5513","refreshMs":30000,"attribution":"Ora (Warner Varnado) · NYSDOT"}},{"type":"Feature","geometry":{"type":"Point","coordinates":[-73.91724,40.73123]},"properties":{"id":"ora-ny-925","name":"I-495 at Between 50th and 58th Street","state":"NY","provider":"NYSDOT","hls":"https://s52.nysdot.skyvdn.com:443/rtplive/R11_135/playlist.m3u8","snapshot":"https://511ny.org/map/Cctv/5514","refreshMs":30000,"attribution":"Ora (Warner Varnado) · NYSDOT"}},{"type":"Feature","geometry":{"type":"Point","coordinates":[-73.91212,40.73018]},"properties":{"id":"ora-ny-926","name":"I-495 at 58th Street/Lower Level","state":"NY","provider":"NYSDOT","hls":"https://s52.nysdot.skyvdn.com:443/rtplive/R11_136/playlist.m3u8","snapshot":"https://511ny.org/map/Cctv/5515","refreshMs":30000,"attribution":"Ora (Warner Varnado) · NYSDOT"}},{"type":"Feature","geometry":{"type":"Point","coordinates":[-73.90527,40.72632]},"properties":{"id":"ora-ny-927","name":"I-495 at 60th Street","state":"NY","provider":"NYSDOT","hls":"https://s52.nysdot.skyvdn.com:443/rtplive/R11_137/playlist.m3u8","snapshot":"https://511ny.org/map/Cctv/5516","refreshMs":30000,"attribution":"Ora (Warner Varnado) · NYSDOT"}},{"type":"Feature","geometry":{"type":"Point","coordinates":[-73.88615,40.72833]},"properties":{"id":"ora-ny-928","name":"I-495 at 75th Street","state":"NY","provider":"NYSDOT","hls":"https://s52.nysdot.skyvdn.com:443/rtplive/R11_139/playlist.m3u8","snapshot":"https://511ny.org/map/Cctv/5518","refreshMs":30000,"attribution":"Ora (Warner Varnado) · NYSDOT"}},{"type":"Feature","geometry":{"type":"Point","coordinates":[-73.87743,40.72951]},"properties":{"id":"ora-ny-929","name":"I-495 at 84th Street","state":"NY","provider":"NYSDOT","hls":"https://s52.nysdot.skyvdn.com:443/rtplive/R11_140/playlist.m3u8","snapshot":"https://511ny.org/map/Cctv/5519","refreshMs":30000,"attribution":"Ora (Warner Varnado) · NYSDOT"}},{"type":"Feature","geometry":{"type":"Point","coordinates":[-73.8018,40.67426]},"properties":{"id":"ora-ny-930","name":"I-678 at S/B Rockaway Blvd","state":"NY","provider":"NYSDOT","hls":"https://s52.nysdot.skyvdn.com:443/rtplive/R11_161/playlist.m3u8","snapshot":"https://511ny.org/map/Cctv/5520","refreshMs":30000,"attribution":"Ora (Warner Varnado) · NYSDOT"}},{"type":"Feature","geometry":{"type":"Point","coordinates":[-73.80145,40.67463]},"properties":{"id":"ora-ny-931","name":"I-678 at Rockaway Blvd","state":"NY","provider":"NYSDOT","hls":"https://s52.nysdot.skyvdn.com:443/rtplive/R11_162/playlist.m3u8","snapshot":"https://511ny.org/map/Cctv/5521","refreshMs":30000,"attribution":"Ora (Warner Varnado) · NYSDOT"}},{"type":"Feature","geometry":{"type":"Point","coordinates":[-73.8028,40.67755]},"properties":{"id":"ora-ny-932","name":"I-678 at Foch Blvd. Northbound","state":"NY","provider":"NYSDOT","hls":"https://s52.nysdot.skyvdn.com:443/rtplive/R11_163/playlist.m3u8","snapshot":"https://511ny.org/map/Cctv/5522","refreshMs":30000,"attribution":"Ora (Warner Varnado) · NYSDOT"}},{"type":"Feature","geometry":{"type":"Point","coordinates":[-73.80335,40.67754]},"properties":{"id":"ora-ny-933","name":"I-678 at Foch Blvd. Southbound","state":"NY","provider":"NYSDOT","hls":"https://s52.nysdot.skyvdn.com:443/rtplive/R11_164/playlist.m3u8","snapshot":"https://511ny.org/map/Cctv/5523","refreshMs":30000,"attribution":"Ora (Warner Varnado) · NYSDOT"}},{"type":"Feature","geometry":{"type":"Point","coordinates":[-73.80352,40.67774]},"properties":{"id":"ora-ny-934","name":"I-678 at Foch Blvd","state":"NY","provider":"NYSDOT","hls":"https://s52.nysdot.skyvdn.com:443/rtplive/R11_165/playlist.m3u8","snapshot":"https://511ny.org/map/Cctv/5524","refreshMs":30000,"attribution":"Ora (Warner Varnado) · NYSDOT"}},{"type":"Feature","geometry":{"type":"Point","coordinates":[-73.80603,40.68299]},"properties":{"id":"ora-ny-935","name":"I-678 at Linden Blvd","state":"NY","provider":"NYSDOT","hls":"https://s52.nysdot.skyvdn.com:443/rtplive/R11_166/playlist.m3u8","snapshot":"https://511ny.org/map/Cctv/5525","refreshMs":30000,"attribution":"Ora (Warner Varnado) · NYSDOT"}},{"type":"Feature","geometry":{"type":"Point","coordinates":[-73.8077,40.68729]},"properties":{"id":"ora-ny-936","name":"I-678 at 109th Avenue","state":"NY","provider":"NYSDOT","hls":"https://s52.nysdot.skyvdn.com:443/rtplive/R11_167/playlist.m3u8","snapshot":"https://511ny.org/map/Cctv/5526","refreshMs":30000,"attribution":"Ora (Warner Varnado) · NYSDOT"}},{"type":"Feature","geometry":{"type":"Point","coordinates":[-73.80812,40.68715]},"properties":{"id":"ora-ny-937","name":"I-678 at S/B 109th Ave","state":"NY","provider":"NYSDOT","hls":"https://s52.nysdot.skyvdn.com:443/rtplive/R11_168/playlist.m3u8","snapshot":"https://511ny.org/map/Cctv/5527","refreshMs":30000,"attribution":"Ora (Warner Varnado) · NYSDOT"}},{"type":"Feature","geometry":{"type":"Point","coordinates":[-73.81163,40.6943]},"properties":{"id":"ora-ny-938","name":"I-678 at 101st Avenue Northbound","state":"NY","provider":"NYSDOT","hls":"https://s52.nysdot.skyvdn.com:443/rtplive/R11_169/playlist.m3u8","snapshot":"https://511ny.org/map/Cctv/5528","refreshMs":30000,"attribution":"Ora (Warner Varnado) · NYSDOT"}},{"type":"Feature","geometry":{"type":"Point","coordinates":[-73.81214,40.69412]},"properties":{"id":"ora-ny-939","name":"I-678 at 101st Avenue Southbound","state":"NY","provider":"NYSDOT","hls":"https://s52.nysdot.skyvdn.com:443/rtplive/R11_170/playlist.m3u8","snapshot":"https://511ny.org/map/Cctv/5529","refreshMs":30000,"attribution":"Ora (Warner Varnado) · NYSDOT"}},{"type":"Feature","geometry":{"type":"Point","coordinates":[-73.707471,42.700549]},"properties":{"id":"ora-ny-940","name":"I-787 NB at Exit 7/Troy-Menands Bridge (NY 378)","state":"NY","provider":"NYSDOT","hls":"https://s53.nysdot.skyvdn.com:443/rtplive/R1_021/playlist.m3u8","snapshot":"https://511ny.org/map/Cctv/5530","refreshMs":30000,"attribution":"Ora (Warner Varnado) · NYSDOT"}},{"type":"Feature","geometry":{"type":"Point","coordinates":[-73.791301,43.021437]},"properties":{"id":"ora-ny-941","name":"I-87 NB at Exit 13 (US 9, Saratoga Springs)","state":"NY","provider":"NYSDOT","hls":"https://s53.nysdot.skyvdn.com:443/rtplive/R1_022/playlist.m3u8","snapshot":"https://511ny.org/map/Cctv/5531","refreshMs":30000,"attribution":"Ora (Warner Varnado) · NYSDOT"}},{"type":"Feature","geometry":{"type":"Point","coordinates":[-73.752816,43.09623]},"properties":{"id":"ora-ny-942","name":"I-87 SB at Exit 15 (NY 50, Saratoga Springs)","state":"NY","provider":"NYSDOT","hls":"https://s53.nysdot.skyvdn.com:443/rtplive/R1_023/playlist.m3u8","snapshot":"https://511ny.org/map/Cctv/5532","refreshMs":30000,"attribution":"Ora (Warner Varnado) · NYSDOT"}},{"type":"Feature","geometry":{"type":"Point","coordinates":[-73.760027,42.675137]},"properties":{"id":"ora-ny-943","name":"I-90 WB Between Exits 6 and 5A","state":"NY","provider":"NYSDOT","hls":"https://s53.nysdot.skyvdn.com:443/rtplive/R1_024/playlist.m3u8","snapshot":"https://511ny.org/map/Cctv/5533","refreshMs":30000,"attribution":"Ora (Warner Varnado) · NYSDOT"}},{"type":"Feature","geometry":{"type":"Point","coordinates":[-73.773402,42.681358]},"properties":{"id":"ora-ny-944","name":"I-90 at Exit 5A (Corporate Woods Boulevard)","state":"NY","provider":"NYSDOT","hls":"https://s53.nysdot.skyvdn.com:443/rtplive/R1_025/playlist.m3u8","snapshot":"https://511ny.org/map/Cctv/5534","refreshMs":30000,"attribution":"Ora (Warner Varnado) · NYSDOT"}},{"type":"Feature","geometry":{"type":"Point","coordinates":[-73.798518,42.687206]},"properties":{"id":"ora-ny-945","name":"I-90 WB at Exit 4 (Central Ave Overpass)","state":"NY","provider":"NYSDOT","hls":"https://s53.nysdot.skyvdn.com:443/rtplive/R1_026/playlist.m3u8","snapshot":"https://511ny.org/map/Cctv/5535","refreshMs":30000,"attribution":"Ora (Warner Varnado) · NYSDOT"}},{"type":"Feature","geometry":{"type":"Point","coordinates":[-73.830425,42.694323]},"properties":{"id":"ora-ny-946","name":"I-90 WB Between Exits 2 and 1 (Fuller Road overpass)","state":"NY","provider":"NYSDOT","hls":"https://s53.nysdot.skyvdn.com:443/rtplive/R1_028/playlist.m3u8","snapshot":"https://511ny.org/map/Cctv/5536","refreshMs":30000,"attribution":"Ora (Warner Varnado) · NYSDOT"}},{"type":"Feature","geometry":{"type":"Point","coordinates":[-73.801689,42.970617]},"properties":{"id":"ora-ny-947","name":"I-87 at Exit 12","state":"NY","provider":"NYSDOT","hls":"https://s53.nysdot.skyvdn.com:443/rtplive/R1_029/playlist.m3u8","snapshot":"https://511ny.org/map/Cctv/5537","refreshMs":30000,"attribution":"Ora (Warner Varnado) · NYSDOT"}},{"type":"Feature","geometry":{"type":"Point","coordinates":[-73.815221,42.766801]},"properties":{"id":"ora-ny-948","name":"NY 7 at Albany-Shaker Road","state":"NY","provider":"NYSDOT","hls":"https://s53.nysdot.skyvdn.com:443/rtplive/R1_030/playlist.m3u8","snapshot":"https://511ny.org/map/Cctv/5538","refreshMs":30000,"attribution":"Ora (Warner Varnado) · NYSDOT"}},{"type":"Feature","geometry":{"type":"Point","coordinates":[-75.239618,43.101244]},"properties":{"id":"ora-ny-949","name":"State St at Court St","state":"NY","provider":"NYSDOT","hls":"https://s53.nysdot.skyvdn.com:443/rtplive/R2_021/playlist.m3u8","snapshot":"https://511ny.org/map/Cctv/5539","refreshMs":30000,"attribution":"Ora (Warner Varnado) · NYSDOT"}},{"type":"Feature","geometry":{"type":"Point","coordinates":[-75.253273,43.096515]},"properties":{"id":"ora-ny-950","name":"NY 5/8/12 NB at Oswego St","state":"NY","provider":"NYSDOT","hls":"https://s53.nysdot.skyvdn.com:443/rtplive/R2_024/playlist.m3u8","snapshot":"https://511ny.org/map/Cctv/5541","refreshMs":30000,"attribution":"Ora (Warner Varnado) · NYSDOT"}},{"type":"Feature","geometry":{"type":"Point","coordinates":[-75.262564,43.092303]},"properties":{"id":"ora-ny-951","name":"NY 5/8/12 NB at Burrstone Rd","state":"NY","provider":"NYSDOT","hls":"https://s53.nysdot.skyvdn.com:443/rtplive/R2_025/playlist.m3u8","snapshot":"https://511ny.org/map/Cctv/5542","refreshMs":30000,"attribution":"Ora (Warner Varnado) · NYSDOT"}},{"type":"Feature","geometry":{"type":"Point","coordinates":[-75.185207,43.258275]},"properties":{"id":"ora-ny-952","name":"NY 12 NB at NY 28","state":"NY","provider":"NYSDOT","hls":"https://s53.nysdot.skyvdn.com:443/rtplive/R2_027/playlist.m3u8","snapshot":"https://511ny.org/map/Cctv/5543","refreshMs":30000,"attribution":"Ora (Warner Varnado) · NYSDOT"}},{"type":"Feature","geometry":{"type":"Point","coordinates":[-75.262824,43.092303]},"properties":{"id":"ora-ny-953","name":"NY 5/8/12 SB at Burrstone Rd","state":"NY","provider":"NYSDOT","hls":"https://s53.nysdot.skyvdn.com:443/rtplive/R2_028/playlist.m3u8","snapshot":"https://511ny.org/map/Cctv/5544","refreshMs":30000,"attribution":"Ora (Warner Varnado) · NYSDOT"}},{"type":"Feature","geometry":{"type":"Point","coordinates":[-74.369425,42.954896]},"properties":{"id":"ora-ny-954","name":"NY 5 EB at NY 30A Bridge St","state":"NY","provider":"NYSDOT","hls":"https://s53.nysdot.skyvdn.com:443/rtplive/R2_030/playlist.m3u8","snapshot":"https://511ny.org/map/Cctv/5545","refreshMs":30000,"attribution":"Ora (Warner Varnado) · NYSDOT"}},{"type":"Feature","geometry":{"type":"Point","coordinates":[-74.358484,43.002373]},"properties":{"id":"ora-ny-955","name":"NY 30A NB at NY 67","state":"NY","provider":"NYSDOT","hls":"https://s53.nysdot.skyvdn.com:443/rtplive/R2_031/playlist.m3u8","snapshot":"https://511ny.org/map/Cctv/5546","refreshMs":30000,"attribution":"Ora (Warner Varnado) · NYSDOT"}},{"type":"Feature","geometry":{"type":"Point","coordinates":[-76.254862,43.107817]},"properties":{"id":"ora-ny-956","name":"I-690 west of Exit 9 (Van Vleck Rd)","state":"NY","provider":"NYSDOT","hls":"https://s53.nysdot.skyvdn.com:443/rtplive/R3_021/playlist.m3u8","snapshot":"https://511ny.org/map/Cctv/5547","refreshMs":30000,"attribution":"Ora (Warner Varnado) · NYSDOT"}},{"type":"Feature","geometry":{"type":"Point","coordinates":[-76.148758,43.049873]},"properties":{"id":"ora-ny-957","name":"I-81 south of I-690 (State Office West)","state":"NY","provider":"NYSDOT","hls":"https://s53.nysdot.skyvdn.com:443/rtplive/R3_022/playlist.m3u8","snapshot":"https://511ny.org/map/Cctv/5548","refreshMs":30000,"attribution":"Ora (Warner Varnado) · NYSDOT"}},{"type":"Feature","geometry":{"type":"Point","coordinates":[-76.166476,43.089651]},"properties":{"id":"ora-ny-958","name":"I-81 north of Exit 6 (7th North St)","state":"NY","provider":"NYSDOT","hls":"https://s53.nysdot.skyvdn.com:443/rtplive/R3_023/playlist.m3u8","snapshot":"https://511ny.org/map/Cctv/5549","refreshMs":30000,"attribution":"Ora (Warner Varnado) · NYSDOT"}},{"type":"Feature","geometry":{"type":"Point","coordinates":[-76.135417,43.115967]},"properties":{"id":"ora-ny-959","name":"I-81 north of Exit 27 (Airport Blvd)","state":"NY","provider":"NYSDOT","hls":"https://s53.nysdot.skyvdn.com:443/rtplive/R3_024/playlist.m3u8","snapshot":"https://511ny.org/map/Cctv/5550","refreshMs":30000,"attribution":"Ora (Warner Varnado) · NYSDOT"}},{"type":"Feature","geometry":{"type":"Point","coordinates":[-76.058914,43.033644]},"properties":{"id":"ora-ny-960","name":"I-481 north of Exit 3 (Route 5/92)","state":"NY","provider":"NYSDOT","hls":"https://s53.nysdot.skyvdn.com:443/rtplive/R3_025/playlist.m3u8","snapshot":"https://511ny.org/map/Cctv/5551","refreshMs":30000,"attribution":"Ora (Warner Varnado) · NYSDOT"}},{"type":"Feature","geometry":{"type":"Point","coordinates":[-76.074474,43.011416]},"properties":{"id":"ora-ny-961","name":"I-481 north of Exit 2 (Jamesville Rd)","state":"NY","provider":"NYSDOT","hls":"https://s53.nysdot.skyvdn.com:443/rtplive/R3_026/playlist.m3u8","snapshot":"https://511ny.org/map/Cctv/5552","refreshMs":30000,"attribution":"Ora (Warner Varnado) · NYSDOT"}},{"type":"Feature","geometry":{"type":"Point","coordinates":[-76.104131,43.003913]},"properties":{"id":"ora-ny-962","name":"I-481 north of Exit 1 (Storage Yard)","state":"NY","provider":"NYSDOT","hls":"https://s53.nysdot.skyvdn.com:443/rtplive/R3_027/playlist.m3u8","snapshot":"https://511ny.org/map/Cctv/5553","refreshMs":30000,"attribution":"Ora (Warner Varnado) · NYSDOT"}},{"type":"Feature","geometry":{"type":"Point","coordinates":[-76.125262,43.007141]},"properties":{"id":"ora-ny-963","name":"I-481 north of Exit 1 (Rock Cut Rd)","state":"NY","provider":"NYSDOT","hls":"https://s53.nysdot.skyvdn.com:443/rtplive/R3_029/playlist.m3u8","snapshot":"https://511ny.org/map/Cctv/5554","refreshMs":30000,"attribution":"Ora (Warner Varnado) · NYSDOT"}},{"type":"Feature","geometry":{"type":"Point","coordinates":[-76.174127,43.078778]},"properties":{"id":"ora-ny-964","name":"I-81 north of Exit 23 (Liverpool 1)","state":"NY","provider":"NYSDOT","hls":"https://s53.nysdot.skyvdn.com:443/rtplive/R3_030/playlist.m3u8","snapshot":"https://511ny.org/map/Cctv/5555","refreshMs":30000,"attribution":"Ora (Warner Varnado) · NYSDOT"}},{"type":"Feature","geometry":{"type":"Point","coordinates":[-77.605474,43.150644]},"properties":{"id":"ora-ny-965","name":"I-490 at South Ave Ramp","state":"NY","provider":"NYSDOT","hls":"https://s53.nysdot.skyvdn.com:443/rtplive/R4_021/playlist.m3u8","snapshot":"https://511ny.org/map/Cctv/5556","refreshMs":30000,"attribution":"Ora (Warner Varnado) · NYSDOT"}},{"type":"Feature","geometry":{"type":"Point","coordinates":[-77.682789,43.158041]},"properties":{"id":"ora-ny-966","name":"I-490 East Ramp to NY-390 North","state":"NY","provider":"NYSDOT","hls":"https://s53.nysdot.skyvdn.com:443/rtplive/R4_022/playlist.m3u8","snapshot":"https://511ny.org/map/Cctv/5557","refreshMs":30000,"attribution":"Ora (Warner Varnado) · NYSDOT"}},{"type":"Feature","geometry":{"type":"Point","coordinates":[-77.542055,43.144109]},"properties":{"id":"ora-ny-967","name":"NY-590 at Blossom Rd","state":"NY","provider":"NYSDOT","hls":"https://s53.nysdot.skyvdn.com:443/rtplive/R4_023/playlist.m3u8","snapshot":"https://511ny.org/map/Cctv/5558","refreshMs":30000,"attribution":"Ora (Warner Varnado) · NYSDOT"}},{"type":"Feature","geometry":{"type":"Point","coordinates":[-77.537649,43.153351]},"properties":{"id":"ora-ny-968","name":"I-590 at Browncroft Blvd","state":"NY","provider":"NYSDOT","hls":"https://s53.nysdot.skyvdn.com:443/rtplive/R4_024/playlist.m3u8","snapshot":"https://511ny.org/map/Cctv/5559","refreshMs":30000,"attribution":"Ora (Warner Varnado) · NYSDOT"}},{"type":"Feature","geometry":{"type":"Point","coordinates":[-77.561393,43.108762]},"properties":{"id":"ora-ny-969","name":"I-590 at Edgewood Ave","state":"NY","provider":"NYSDOT","hls":"https://s53.nysdot.skyvdn.com:443/rtplive/R4_025/playlist.m3u8","snapshot":"https://511ny.org/map/Cctv/5560","refreshMs":30000,"attribution":"Ora (Warner Varnado) · NYSDOT"}},{"type":"Feature","geometry":{"type":"Point","coordinates":[-77.553664,43.127426]},"properties":{"id":"ora-ny-970","name":"I-590 at Elmwood Ave","state":"NY","provider":"NYSDOT","hls":"https://s53.nysdot.skyvdn.com:443/rtplive/R4_026/playlist.m3u8","snapshot":"https://511ny.org/map/Cctv/5561","refreshMs":30000,"attribution":"Ora (Warner Varnado) · NYSDOT"}},{"type":"Feature","geometry":{"type":"Point","coordinates":[-77.551846,43.113726]},"properties":{"id":"ora-ny-971","name":"I-590 at Monroe Ave","state":"NY","provider":"NYSDOT","hls":"https://s53.nysdot.skyvdn.com:443/rtplive/R4_027/playlist.m3u8","snapshot":"https://511ny.org/map/Cctv/5562","refreshMs":30000,"attribution":"Ora (Warner Varnado) · NYSDOT"}},{"type":"Feature","geometry":{"type":"Point","coordinates":[-77.63149,43.180833]},"properties":{"id":"ora-ny-972","name":"Lake Ave at Driving Park Ave","state":"NY","provider":"NYSDOT","hls":"https://s53.nysdot.skyvdn.com:443/rtplive/R4_030/playlist.m3u8","snapshot":"https://511ny.org/map/Cctv/5564","refreshMs":30000,"attribution":"Ora (Warner Varnado) · NYSDOT"}},{"type":"Feature","geometry":{"type":"Point","coordinates":[-77.659679,43.16478]},"properties":{"id":"ora-ny-973","name":"Mt Read Blvd at NY-31 (Lyell Ave)","state":"NY","provider":"NYSDOT","hls":"https://s53.nysdot.skyvdn.com:443/rtplive/R4_051/playlist.m3u8","snapshot":"https://511ny.org/map/Cctv/5565","refreshMs":30000,"attribution":"Ora (Warner Varnado) · NYSDOT"}},{"type":"Feature","geometry":{"type":"Point","coordinates":[-77.523975,43.129288]},"properties":{"id":"ora-ny-974","name":"I-490 at NY 441 (Linden Ave)","state":"NY","provider":"NYSDOT","hls":"https://s53.nysdot.skyvdn.com:443/rtplive/R4_052/playlist.m3u8","snapshot":"https://511ny.org/map/Cctv/5566","refreshMs":30000,"attribution":"Ora (Warner Varnado) · NYSDOT"}},{"type":"Feature","geometry":{"type":"Point","coordinates":[-77.671314,43.238677]},"properties":{"id":"ora-ny-975","name":"NY-390 at English Rd","state":"NY","provider":"NYSDOT","hls":"https://s53.nysdot.skyvdn.com:443/rtplive/R4_055/playlist.m3u8","snapshot":"https://511ny.org/map/Cctv/5568","refreshMs":30000,"attribution":"Ora (Warner Varnado) · NYSDOT"}},{"type":"Feature","geometry":{"type":"Point","coordinates":[-77.656999,43.126094]},"properties":{"id":"ora-ny-976","name":"I-390 at ROC Airport Tunnel","state":"NY","provider":"NYSDOT","hls":"https://s53.nysdot.skyvdn.com:443/rtplive/R4_057/playlist.m3u8","snapshot":"https://511ny.org/map/Cctv/5569","refreshMs":30000,"attribution":"Ora (Warner Varnado) · NYSDOT"}},{"type":"Feature","geometry":{"type":"Point","coordinates":[-77.661476,43.130663]},"properties":{"id":"ora-ny-977","name":"I-390 at Brooks Ave","state":"NY","provider":"NYSDOT","hls":"https://s53.nysdot.skyvdn.com:443/rtplive/R4_058/playlist.m3u8","snapshot":"https://511ny.org/map/Cctv/5570","refreshMs":30000,"attribution":"Ora (Warner Varnado) · NYSDOT"}},{"type":"Feature","geometry":{"type":"Point","coordinates":[-77.668607,43.13949]},"properties":{"id":"ora-ny-978","name":"I-390 at Chili Ave","state":"NY","provider":"NYSDOT","hls":"https://s53.nysdot.skyvdn.com:443/rtplive/R4_059/playlist.m3u8","snapshot":"https://511ny.org/map/Cctv/5571","refreshMs":30000,"attribution":"Ora (Warner Varnado) · NYSDOT"}},{"type":"Feature","geometry":{"type":"Point","coordinates":[-77.678896,43.149797]},"properties":{"id":"ora-ny-979","name":"I-390 at Buffalo Rd","state":"NY","provider":"NYSDOT","hls":"https://s53.nysdot.skyvdn.com:443/rtplive/R4_060/playlist.m3u8","snapshot":"https://511ny.org/map/Cctv/5572","refreshMs":30000,"attribution":"Ora (Warner Varnado) · NYSDOT"}},{"type":"Feature","geometry":{"type":"Point","coordinates":[-78.89164,42.994264]},"properties":{"id":"ora-ny-980","name":"I-290 between Exit 1 (Delaware Avenue) and I-190","state":"NY","provider":"NYSDOT","hls":"https://s53.nysdot.skyvdn.com:443/rtplive/R5_021/playlist.m3u8","snapshot":"https://511ny.org/map/Cctv/5573","refreshMs":30000,"attribution":"Ora (Warner Varnado) · NYSDOT"}},{"type":"Feature","geometry":{"type":"Point","coordinates":[-78.874135,42.995256]},"properties":{"id":"ora-ny-981","name":"I-290 at Exit 1 (Delaware Avenue)","state":"NY","provider":"NYSDOT","hls":"https://s53.nysdot.skyvdn.com:443/rtplive/R5_022/playlist.m3u8","snapshot":"https://511ny.org/map/Cctv/5574","refreshMs":30000,"attribution":"Ora (Warner Varnado) · NYSDOT"}},{"type":"Feature","geometry":{"type":"Point","coordinates":[-78.861932,42.995852]},"properties":{"id":"ora-ny-982","name":"I-290 between Exit 1 (Delaware Avenue) and Exit 2 (Colvin Boulevard)","state":"NY","provider":"NYSDOT","hls":"https://s53.nysdot.skyvdn.com:443/rtplive/R5_023/playlist.m3u8","snapshot":"https://511ny.org/map/Cctv/5575","refreshMs":30000,"attribution":"Ora (Warner Varnado) · NYSDOT"}},{"type":"Feature","geometry":{"type":"Point","coordinates":[-78.851615,43.000872]},"properties":{"id":"ora-ny-983","name":"I-290 at Exit 2 (Colvin Boulevard)","state":"NY","provider":"NYSDOT","hls":"https://s53.nysdot.skyvdn.com:443/rtplive/R5_024/playlist.m3u8","snapshot":"https://511ny.org/map/Cctv/5576","refreshMs":30000,"attribution":"Ora (Warner Varnado) · NYSDOT"}},{"type":"Feature","geometry":{"type":"Point","coordinates":[-78.837864,43.000931]},"properties":{"id":"ora-ny-984","name":"I-290 between Exit 2 (Colvin Boulevard) and Exit 3 (Niagara Falls Boulevard)","state":"NY","provider":"NYSDOT","hls":"https://s53.nysdot.skyvdn.com:443/rtplive/R5_025/playlist.m3u8","snapshot":"https://511ny.org/map/Cctv/5577","refreshMs":30000,"attribution":"Ora (Warner Varnado) · NYSDOT"}},{"type":"Feature","geometry":{"type":"Point","coordinates":[-78.821731,43.004504]},"properties":{"id":"ora-ny-985","name":"I-290 at Exit 3 (Niagara Falls Boulevard)","state":"NY","provider":"NYSDOT","hls":"https://s53.nysdot.skyvdn.com:443/rtplive/R5_026/playlist.m3u8","snapshot":"https://511ny.org/map/Cctv/5578","refreshMs":30000,"attribution":"Ora (Warner Varnado) · NYSDOT"}},{"type":"Feature","geometry":{"type":"Point","coordinates":[-78.815182,43.002948]},"properties":{"id":"ora-ny-986","name":"I-290 between Exit 3 (Niagara Falls Boulevard) and Exit 4 (I-990 Interchange)","state":"NY","provider":"NYSDOT","hls":"https://s53.nysdot.skyvdn.com:443/rtplive/R5_027/playlist.m3u8","snapshot":"https://511ny.org/map/Cctv/5579","refreshMs":30000,"attribution":"Ora (Warner Varnado) · NYSDOT"}},{"type":"Feature","geometry":{"type":"Point","coordinates":[-78.80468,42.995449]},"properties":{"id":"ora-ny-987","name":"I-290 at Exit 4 (I-990 Interchange)","state":"NY","provider":"NYSDOT","hls":"https://s53.nysdot.skyvdn.com:443/rtplive/R5_028/playlist.m3u8","snapshot":"https://511ny.org/map/Cctv/5580","refreshMs":30000,"attribution":"Ora (Warner Varnado) · NYSDOT"}},{"type":"Feature","geometry":{"type":"Point","coordinates":[-78.794664,42.984514]},"properties":{"id":"ora-ny-988","name":"I-290 at Exit 5 (Millersport Highway)","state":"NY","provider":"NYSDOT","hls":"https://s53.nysdot.skyvdn.com:443/rtplive/R5_030/playlist.m3u8","snapshot":"https://511ny.org/map/Cctv/5581","refreshMs":30000,"attribution":"Ora (Warner Varnado) · NYSDOT"}},{"type":"Feature","geometry":{"type":"Point","coordinates":[-78.774976,42.791017]},"properties":{"id":"ora-ny-989","name":"NY 219 at Milestrip Road","state":"NY","provider":"NYSDOT","hls":"https://s53.nysdot.skyvdn.com:443/rtplive/R5_051/playlist.m3u8","snapshot":"https://511ny.org/map/Cctv/5582","refreshMs":30000,"attribution":"Ora (Warner Varnado) · NYSDOT"}},{"type":"Feature","geometry":{"type":"Point","coordinates":[-78.77109,42.781721]},"properties":{"id":"ora-ny-990","name":"NY 219 at Southwestern Boulevard","state":"NY","provider":"NYSDOT","hls":"https://s53.nysdot.skyvdn.com:443/rtplive/R5_052/playlist.m3u8","snapshot":"https://511ny.org/map/Cctv/5583","refreshMs":30000,"attribution":"Ora (Warner Varnado) · NYSDOT"}},{"type":"Feature","geometry":{"type":"Point","coordinates":[-78.879128,42.879454]},"properties":{"id":"ora-ny-991","name":"NY 5 at I-190","state":"NY","provider":"NYSDOT","hls":"https://s53.nysdot.skyvdn.com:443/rtplive/R5_053/playlist.m3u8","snapshot":"https://511ny.org/map/Cctv/5584","refreshMs":30000,"attribution":"Ora (Warner Varnado) · NYSDOT"}},{"type":"Feature","geometry":{"type":"Point","coordinates":[-78.876665,42.866901]},"properties":{"id":"ora-ny-992","name":"NY 5 at Skyway Base (1)","state":"NY","provider":"NYSDOT","hls":"https://s53.nysdot.skyvdn.com:443/rtplive/R5_054/playlist.m3u8","snapshot":"https://511ny.org/map/Cctv/5585","refreshMs":30000,"attribution":"Ora (Warner Varnado) · NYSDOT"}},{"type":"Feature","geometry":{"type":"Point","coordinates":[-78.876665,42.866901]},"properties":{"id":"ora-ny-993","name":"NY 5 at Skyway Base (2)","state":"NY","provider":"NYSDOT","hls":"https://s53.nysdot.skyvdn.com:443/rtplive/R5_055/playlist.m3u8","snapshot":"https://511ny.org/map/Cctv/5586","refreshMs":30000,"attribution":"Ora (Warner Varnado) · NYSDOT"}},{"type":"Feature","geometry":{"type":"Point","coordinates":[-78.864174,42.853104]},"properties":{"id":"ora-ny-994","name":"NY 5 at Ohio Street","state":"NY","provider":"NYSDOT","hls":"https://s53.nysdot.skyvdn.com:443/rtplive/R5_056/playlist.m3u8","snapshot":"https://511ny.org/map/Cctv/5587","refreshMs":30000,"attribution":"Ora (Warner Varnado) · NYSDOT"}},{"type":"Feature","geometry":{"type":"Point","coordinates":[-78.856781,42.839386]},"properties":{"id":"ora-ny-995","name":"NY 5 at Tifft Street (1)","state":"NY","provider":"NYSDOT","hls":"https://s53.nysdot.skyvdn.com:443/rtplive/R5_057/playlist.m3u8","snapshot":"https://511ny.org/map/Cctv/5588","refreshMs":30000,"attribution":"Ora (Warner Varnado) · NYSDOT"}},{"type":"Feature","geometry":{"type":"Point","coordinates":[-78.856781,42.839386]},"properties":{"id":"ora-ny-996","name":"NY 5 at Tifft Street (2)","state":"NY","provider":"NYSDOT","hls":"https://s53.nysdot.skyvdn.com:443/rtplive/R5_058/playlist.m3u8","snapshot":"https://511ny.org/map/Cctv/5589","refreshMs":30000,"attribution":"Ora (Warner Varnado) · NYSDOT"}},{"type":"Feature","geometry":{"type":"Point","coordinates":[-78.851282,42.827731]},"properties":{"id":"ora-ny-997","name":"NY 5 at Ridge Road","state":"NY","provider":"NYSDOT","hls":"https://s53.nysdot.skyvdn.com:443/rtplive/R5_059/playlist.m3u8","snapshot":"https://511ny.org/map/Cctv/5590","refreshMs":30000,"attribution":"Ora (Warner Varnado) · NYSDOT"}},{"type":"Feature","geometry":{"type":"Point","coordinates":[-73.555027,40.78315]},"properties":{"id":"ora-ny-998","name":"I-495 at Jericho Tpke","state":"NY","provider":"NYSDOT","hls":"https://s53.nysdot.skyvdn.com:443/rtplive/R10_021/playlist.m3u8","snapshot":"https://511ny.org/map/Cctv/5592","refreshMs":30000,"attribution":"Ora (Warner Varnado) · NYSDOT"}},{"type":"Feature","geometry":{"type":"Point","coordinates":[-73.536072,40.784982]},"properties":{"id":"ora-ny-999","name":"I-495 West of NY 106/107","state":"NY","provider":"NYSDOT","hls":"https://s53.nysdot.skyvdn.com:443/rtplive/R10_022/playlist.m3u8","snapshot":"https://511ny.org/map/Cctv/5593","refreshMs":30000,"attribution":"Ora (Warner Varnado) · NYSDOT"}},{"type":"Feature","geometry":{"type":"Point","coordinates":[-73.527178,40.78645]},"properties":{"id":"ora-ny-1000","name":"I-495 at NSP Connector Exit 42","state":"NY","provider":"NYSDOT","hls":"https://s53.nysdot.skyvdn.com:443/rtplive/R10_023/playlist.m3u8","snapshot":"https://511ny.org/map/Cctv/5594","refreshMs":30000,"attribution":"Ora (Warner Varnado) · NYSDOT"}},{"type":"Feature","geometry":{"type":"Point","coordinates":[-73.506268,40.79683]},"properties":{"id":"ora-ny-1001","name":"I-495 at South Oyster Bay Road","state":"NY","provider":"NYSDOT","hls":"https://s53.nysdot.skyvdn.com:443/rtplive/R10_024/playlist.m3u8","snapshot":"https://511ny.org/map/Cctv/5595","refreshMs":30000,"attribution":"Ora (Warner Varnado) · NYSDOT"}},{"type":"Feature","geometry":{"type":"Point","coordinates":[-73.488585,40.799785]},"properties":{"id":"ora-ny-1002","name":"I-495 at Route 135","state":"NY","provider":"NYSDOT","hls":"https://s53.nysdot.skyvdn.com:443/rtplive/R10_025/playlist.m3u8","snapshot":"https://511ny.org/map/Cctv/5596","refreshMs":30000,"attribution":"Ora (Warner Varnado) · NYSDOT"}},{"type":"Feature","geometry":{"type":"Point","coordinates":[-73.476646,40.797777]},"properties":{"id":"ora-ny-1003","name":"I-495 at Manetto Hill Rd (Exit 45)","state":"NY","provider":"NYSDOT","hls":"https://s53.nysdot.skyvdn.com:443/rtplive/R10_026/playlist.m3u8","snapshot":"https://511ny.org/map/Cctv/5597","refreshMs":30000,"attribution":"Ora (Warner Varnado) · NYSDOT"}},{"type":"Feature","geometry":{"type":"Point","coordinates":[-73.460688,40.792391]},"properties":{"id":"ora-ny-1004","name":"I-495 at Plainview Rd.","state":"NY","provider":"NYSDOT","hls":"https://s53.nysdot.skyvdn.com:443/rtplive/R10_027/playlist.m3u8","snapshot":"https://511ny.org/map/Cctv/5598","refreshMs":30000,"attribution":"Ora (Warner Varnado) · NYSDOT"}},{"type":"Feature","geometry":{"type":"Point","coordinates":[-73.436756,40.783028]},"properties":{"id":"ora-ny-1005","name":"I-495 East of Round Swamp Rd","state":"NY","provider":"NYSDOT","hls":"https://s53.nysdot.skyvdn.com:443/rtplive/R10_028/playlist.m3u8","snapshot":"https://511ny.org/map/Cctv/5599","refreshMs":30000,"attribution":"Ora (Warner Varnado) · NYSDOT"}},{"type":"Feature","geometry":{"type":"Point","coordinates":[-73.418816,40.78046]},"properties":{"id":"ora-ny-1006","name":"I-495 at NY 110","state":"NY","provider":"NYSDOT","hls":"https://s53.nysdot.skyvdn.com:443/rtplive/R10_029/playlist.m3u8","snapshot":"https://511ny.org/map/Cctv/5600","refreshMs":30000,"attribution":"Ora (Warner Varnado) · NYSDOT"}},{"type":"Feature","geometry":{"type":"Point","coordinates":[-73.395656,40.785158]},"properties":{"id":"ora-ny-1007","name":"I-495 at Half Hollow Hills Road West","state":"NY","provider":"NYSDOT","hls":"https://s53.nysdot.skyvdn.com:443/rtplive/R10_030/playlist.m3u8","snapshot":"https://511ny.org/map/Cctv/5601","refreshMs":30000,"attribution":"Ora (Warner Varnado) · NYSDOT"}},{"type":"Feature","geometry":{"type":"Point","coordinates":[-72.950186,40.826449]},"properties":{"id":"ora-ny-1008","name":"I-495 Exit 65/66 Rest area","state":"NY","provider":"NYSDOT","hls":"https://s53.nysdot.skyvdn.com:443/rtplive/R10_051/playlist.m3u8","snapshot":"https://511ny.org/map/Cctv/5602","refreshMs":30000,"attribution":"Ora (Warner Varnado) · NYSDOT"}},{"type":"Feature","geometry":{"type":"Point","coordinates":[-73.62716,40.780328]},"properties":{"id":"ora-ny-1009","name":"I-495 NSP Connector","state":"NY","provider":"NYSDOT","hls":"https://s53.nysdot.skyvdn.com:443/rtplive/R10_052/playlist.m3u8","snapshot":"https://511ny.org/map/Cctv/5603","refreshMs":30000,"attribution":"Ora (Warner Varnado) · NYSDOT"}},{"type":"Feature","geometry":{"type":"Point","coordinates":[-73.755247,40.727527]},"properties":{"id":"ora-ny-1010","name":"Grand Central Pkwy at Springfield Blvd","state":"NY","provider":"NYSDOT","hls":"https://s53.nysdot.skyvdn.com:443/rtplive/R10_054/playlist.m3u8","snapshot":"https://511ny.org/map/Cctv/5605","refreshMs":30000,"attribution":"Ora (Warner Varnado) · NYSDOT"}},{"type":"Feature","geometry":{"type":"Point","coordinates":[-73.745578,40.733776]},"properties":{"id":"ora-ny-1011","name":"GCP EB at Exit to CVE (I-295) NB","state":"NY","provider":"NYSDOT","hls":"https://s53.nysdot.skyvdn.com:443/rtplive/R10_055/playlist.m3u8","snapshot":"https://511ny.org/map/Cctv/5606","refreshMs":30000,"attribution":"Ora (Warner Varnado) · NYSDOT"}},{"type":"Feature","geometry":{"type":"Point","coordinates":[-73.729172,40.746701]},"properties":{"id":"ora-ny-1012","name":"Grand Central Pkwy at Cross Island Pkwy","state":"NY","provider":"NYSDOT","hls":"https://s53.nysdot.skyvdn.com:443/rtplive/R10_056/playlist.m3u8","snapshot":"https://511ny.org/map/Cctv/5607","refreshMs":30000,"attribution":"Ora (Warner Varnado) · NYSDOT"}},{"type":"Feature","geometry":{"type":"Point","coordinates":[-73.707279,40.759117]},"properties":{"id":"ora-ny-1013","name":"NSP West of Lakeville Road","state":"NY","provider":"NYSDOT","hls":"https://s53.nysdot.skyvdn.com:443/rtplive/R10_057/playlist.m3u8","snapshot":"https://511ny.org/map/Cctv/5608","refreshMs":30000,"attribution":"Ora (Warner Varnado) · NYSDOT"}},{"type":"Feature","geometry":{"type":"Point","coordinates":[-73.690434,40.765679]},"properties":{"id":"ora-ny-1014","name":"NSP at Lakeville Rd","state":"NY","provider":"NYSDOT","hls":"https://s53.nysdot.skyvdn.com:443/rtplive/R10_058/playlist.m3u8","snapshot":"https://511ny.org/map/Cctv/5609","refreshMs":30000,"attribution":"Ora (Warner Varnado) · NYSDOT"}},{"type":"Feature","geometry":{"type":"Point","coordinates":[-73.670191,40.773324]},"properties":{"id":"ora-ny-1015","name":"NSP at Shelter Rock Rd","state":"NY","provider":"NYSDOT","hls":"https://s53.nysdot.skyvdn.com:443/rtplive/R10_059/playlist.m3u8","snapshot":"https://511ny.org/map/Cctv/5610","refreshMs":30000,"attribution":"Ora (Warner Varnado) · NYSDOT"}},{"type":"Feature","geometry":{"type":"Point","coordinates":[-73.650437,40.781906]},"properties":{"id":"ora-ny-1016","name":"NSP at Willis Ave","state":"NY","provider":"NYSDOT","hls":"https://s53.nysdot.skyvdn.com:443/rtplive/R10_060/playlist.m3u8","snapshot":"https://511ny.org/map/Cctv/5611","refreshMs":30000,"attribution":"Ora (Warner Varnado) · NYSDOT"}},{"type":"Feature","geometry":{"type":"Point","coordinates":[-73.342173,40.82358]},"properties":{"id":"ora-ny-1017","name":"NSP at Deer Park Ave","state":"NY","provider":"NYSDOT","hls":"https://s53.nysdot.skyvdn.com:443/rtplive/R10_081/playlist.m3u8","snapshot":"https://511ny.org/map/Cctv/5612","refreshMs":30000,"attribution":"Ora (Warner Varnado) · NYSDOT"}},{"type":"Feature","geometry":{"type":"Point","coordinates":[-73.290158,40.818165]},"properties":{"id":"ora-ny-1018","name":"NSP at Sagtikos Pkwy","state":"NY","provider":"NYSDOT","hls":"https://s53.nysdot.skyvdn.com:443/rtplive/R10_082/playlist.m3u8","snapshot":"https://511ny.org/map/Cctv/5613","refreshMs":30000,"attribution":"Ora (Warner Varnado) · NYSDOT"}},{"type":"Feature","geometry":{"type":"Point","coordinates":[-73.256375,40.829939]},"properties":{"id":"ora-ny-1019","name":"NSP WB at NY. 454 - Veterans Highway","state":"NY","provider":"NYSDOT","hls":"https://s53.nysdot.skyvdn.com:443/rtplive/R10_083/playlist.m3u8","snapshot":"https://511ny.org/map/Cctv/5614","refreshMs":30000,"attribution":"Ora (Warner Varnado) · NYSDOT"}},{"type":"Feature","geometry":{"type":"Point","coordinates":[-73.253458,40.829838]},"properties":{"id":"ora-ny-1020","name":"NSP Westbound west of NY 454 overpass","state":"NY","provider":"NYSDOT","hls":"https://s53.nysdot.skyvdn.com:443/rtplive/R10_084/playlist.m3u8","snapshot":"https://511ny.org/map/Cctv/5615","refreshMs":30000,"attribution":"Ora (Warner Varnado) · NYSDOT"}},{"type":"Feature","geometry":{"type":"Point","coordinates":[-73.55027,40.756681]},"properties":{"id":"ora-ny-1021","name":"WSP at Old Country Road ( Exit W2 )","state":"NY","provider":"NYSDOT","hls":"https://s53.nysdot.skyvdn.com:443/rtplive/R10_085/playlist.m3u8","snapshot":"https://511ny.org/map/Cctv/5616","refreshMs":30000,"attribution":"Ora (Warner Varnado) · NYSDOT"}},{"type":"Feature","geometry":{"type":"Point","coordinates":[-73.421282,40.797404]},"properties":{"id":"ora-ny-1022","name":"NSP at Sweet Hollow Rd","state":"NY","provider":"NYSDOT","hls":"https://s53.nysdot.skyvdn.com:443/rtplive/R10_086/playlist.m3u8","snapshot":"https://511ny.org/map/Cctv/5617","refreshMs":30000,"attribution":"Ora (Warner Varnado) · NYSDOT"}},{"type":"Feature","geometry":{"type":"Point","coordinates":[-73.405316,40.79891]},"properties":{"id":"ora-ny-1023","name":"NSP at NY 110","state":"NY","provider":"NYSDOT","hls":"https://s53.nysdot.skyvdn.com:443/rtplive/R10_087/playlist.m3u8","snapshot":"https://511ny.org/map/Cctv/5618","refreshMs":30000,"attribution":"Ora (Warner Varnado) · NYSDOT"}},{"type":"Feature","geometry":{"type":"Point","coordinates":[-73.412741,40.797584]},"properties":{"id":"ora-ny-1024","name":"110 at Westbound NSP Exit Ramp","state":"NY","provider":"NYSDOT","hls":"https://s53.nysdot.skyvdn.com:443/rtplive/R10_089/playlist.m3u8","snapshot":"https://511ny.org/map/Cctv/5619","refreshMs":30000,"attribution":"Ora (Warner Varnado) · NYSDOT"}},{"type":"Feature","geometry":{"type":"Point","coordinates":[-73.724506,40.688383]},"properties":{"id":"ora-ny-1025","name":"SSP at the Cross Island Pkwy","state":"NY","provider":"NYSDOT","hls":"https://s53.nysdot.skyvdn.com:443/rtplive/R10_090/playlist.m3u8","snapshot":"https://511ny.org/map/Cctv/5620","refreshMs":30000,"attribution":"Ora (Warner Varnado) · NYSDOT"}},{"type":"Feature","geometry":{"type":"Point","coordinates":[-73.519117,40.698804]},"properties":{"id":"ora-ny-1026","name":"SSP between the WSP North and South Exits","state":"NY","provider":"NYSDOT","hls":"https://s53.nysdot.skyvdn.com:443/rtplive/R10_111/playlist.m3u8","snapshot":"https://511ny.org/map/Cctv/5621","refreshMs":30000,"attribution":"Ora (Warner Varnado) · NYSDOT"}},{"type":"Feature","geometry":{"type":"Point","coordinates":[-73.50151,40.700756]},"properties":{"id":"ora-ny-1027","name":"SSP West of Exit 28 - Wantagh Ave","state":"NY","provider":"NYSDOT","hls":"https://s53.nysdot.skyvdn.com:443/rtplive/R10_112/playlist.m3u8","snapshot":"https://511ny.org/map/Cctv/5622","refreshMs":30000,"attribution":"Ora (Warner Varnado) · NYSDOT"}},{"type":"Feature","geometry":{"type":"Point","coordinates":[-73.492867,40.701428]},"properties":{"id":"ora-ny-1028","name":"SSP East of Exit 28 - Wantagh Ave","state":"NY","provider":"NYSDOT","hls":"https://s53.nysdot.skyvdn.com:443/rtplive/R10_113/playlist.m3u8","snapshot":"https://511ny.org/map/Cctv/5623","refreshMs":30000,"attribution":"Ora (Warner Varnado) · NYSDOT"}},{"type":"Feature","geometry":{"type":"Point","coordinates":[-73.482118,40.703253]},"properties":{"id":"ora-ny-1029","name":"SSP at Exit 29 - NY 107","state":"NY","provider":"NYSDOT","hls":"https://s53.nysdot.skyvdn.com:443/rtplive/R10_114/playlist.m3u8","snapshot":"https://511ny.org/map/Cctv/5624","refreshMs":30000,"attribution":"Ora (Warner Varnado) · NYSDOT"}},{"type":"Feature","geometry":{"type":"Point","coordinates":[-73.471684,40.705821]},"properties":{"id":"ora-ny-1030","name":"SSP Between Exit 29 and Exit 30","state":"NY","provider":"NYSDOT","hls":"https://s53.nysdot.skyvdn.com:443/rtplive/R10_115/playlist.m3u8","snapshot":"https://511ny.org/map/Cctv/5625","refreshMs":30000,"attribution":"Ora (Warner Varnado) · NYSDOT"}},{"type":"Feature","geometry":{"type":"Point","coordinates":[-73.457261,40.70618]},"properties":{"id":"ora-ny-1031","name":"SSP just East of Exit 30 - Broadway","state":"NY","provider":"NYSDOT","hls":"https://s53.nysdot.skyvdn.com:443/rtplive/R10_116/playlist.m3u8","snapshot":"https://511ny.org/map/Cctv/5626","refreshMs":30000,"attribution":"Ora (Warner Varnado) · NYSDOT"}},{"type":"Feature","geometry":{"type":"Point","coordinates":[-73.445551,40.704991]},"properties":{"id":"ora-ny-1032","name":"SSP just East of Bethpage State Pkwy - Exit 31","state":"NY","provider":"NYSDOT","hls":"https://s53.nysdot.skyvdn.com:443/rtplive/R10_117/playlist.m3u8","snapshot":"https://511ny.org/map/Cctv/5627","refreshMs":30000,"attribution":"Ora (Warner Varnado) · NYSDOT"}},{"type":"Feature","geometry":{"type":"Point","coordinates":[-73.433903,40.706064]},"properties":{"id":"ora-ny-1033","name":"SSP midway between Carmans Rd and Exit 31","state":"NY","provider":"NYSDOT","hls":"https://s53.nysdot.skyvdn.com:443/rtplive/R10_118/playlist.m3u8","snapshot":"https://511ny.org/map/Cctv/5628","refreshMs":30000,"attribution":"Ora (Warner Varnado) · NYSDOT"}},{"type":"Feature","geometry":{"type":"Point","coordinates":[-73.434106,40.705524]},"properties":{"id":"ora-ny-1034","name":"SSP at Carmans Rd","state":"NY","provider":"NYSDOT","hls":"https://s53.nysdot.skyvdn.com:443/rtplive/R10_119/playlist.m3u8","snapshot":"https://511ny.org/map/Cctv/5629","refreshMs":30000,"attribution":"Ora (Warner Varnado) · NYSDOT"}},{"type":"Feature","geometry":{"type":"Point","coordinates":[-73.427841,40.706872]},"properties":{"id":"ora-ny-1035","name":"SSP at Exit 32 - Route 110","state":"NY","provider":"NYSDOT","hls":"https://s53.nysdot.skyvdn.com:443/rtplive/R10_120/playlist.m3u8","snapshot":"https://511ny.org/map/Cctv/5630","refreshMs":30000,"attribution":"Ora (Warner Varnado) · NYSDOT"}},{"type":"Feature","geometry":{"type":"Point","coordinates":[-73.55558,40.72533]},"properties":{"id":"ora-ny-1036","name":"NY 24 at Nassau County Medical Center","state":"NY","provider":"NYSDOT","hls":"https://s53.nysdot.skyvdn.com:443/rtplive/R10_141/playlist.m3u8","snapshot":"https://511ny.org/map/Cctv/5631","refreshMs":30000,"attribution":"Ora (Warner Varnado) · NYSDOT"}},{"type":"Feature","geometry":{"type":"Point","coordinates":[-73.538377,40.724415]},"properties":{"id":"ora-ny-1037","name":"NY 24 at WSP","state":"NY","provider":"NYSDOT","hls":"https://s53.nysdot.skyvdn.com:443/rtplive/R10_142/playlist.m3u8","snapshot":"https://511ny.org/map/Cctv/5632","refreshMs":30000,"attribution":"Ora (Warner Varnado) · NYSDOT"}},{"type":"Feature","geometry":{"type":"Point","coordinates":[-73.514313,40.725738]},"properties":{"id":"ora-ny-1038","name":"NY 24 at Gardniers Ave","state":"NY","provider":"NYSDOT","hls":"https://s53.nysdot.skyvdn.com:443/rtplive/R10_143/playlist.m3u8","snapshot":"https://511ny.org/map/Cctv/5633","refreshMs":30000,"attribution":"Ora (Warner Varnado) · NYSDOT"}},{"type":"Feature","geometry":{"type":"Point","coordinates":[-73.497427,40.725383]},"properties":{"id":"ora-ny-1039","name":"NY 24 at Wantagh Ave","state":"NY","provider":"NYSDOT","hls":"https://s53.nysdot.skyvdn.com:443/rtplive/R10_144/playlist.m3u8","snapshot":"https://511ny.org/map/Cctv/5634","refreshMs":30000,"attribution":"Ora (Warner Varnado) · NYSDOT"}},{"type":"Feature","geometry":{"type":"Point","coordinates":[-73.474882,40.725726]},"properties":{"id":"ora-ny-1040","name":"NY 24 at NY 135","state":"NY","provider":"NYSDOT","hls":"https://s53.nysdot.skyvdn.com:443/rtplive/R10_145/playlist.m3u8","snapshot":"https://511ny.org/map/Cctv/5635","refreshMs":30000,"attribution":"Ora (Warner Varnado) · NYSDOT"}},{"type":"Feature","geometry":{"type":"Point","coordinates":[-73.557475,40.781245]},"properties":{"id":"ora-ny-1041","name":"NY 25 at I-495 SSR and Brush Hollow Rd.","state":"NY","provider":"NYSDOT","hls":"https://s53.nysdot.skyvdn.com:443/rtplive/R10_146/playlist.m3u8","snapshot":"https://511ny.org/map/Cctv/5636","refreshMs":30000,"attribution":"Ora (Warner Varnado) · NYSDOT"}},{"type":"Feature","geometry":{"type":"Point","coordinates":[-73.535226,40.794438]},"properties":{"id":"ora-ny-1042","name":"NY 25 at NY 106/107","state":"NY","provider":"NYSDOT","hls":"https://s53.nysdot.skyvdn.com:443/rtplive/R10_147/playlist.m3u8","snapshot":"https://511ny.org/map/Cctv/5637","refreshMs":30000,"attribution":"Ora (Warner Varnado) · NYSDOT"}},{"type":"Feature","geometry":{"type":"Point","coordinates":[-73.529635,40.802052]},"properties":{"id":"ora-ny-1043","name":"NY 25 at Robbins Lane","state":"NY","provider":"NYSDOT","hls":"https://s53.nysdot.skyvdn.com:443/rtplive/R10_148/playlist.m3u8","snapshot":"https://511ny.org/map/Cctv/5638","refreshMs":30000,"attribution":"Ora (Warner Varnado) · NYSDOT"}},{"type":"Feature","geometry":{"type":"Point","coordinates":[-73.517221,40.80861]},"properties":{"id":"ora-ny-1044","name":"NY 25 at Underhill Blvd","state":"NY","provider":"NYSDOT","hls":"https://s53.nysdot.skyvdn.com:443/rtplive/R10_149/playlist.m3u8","snapshot":"https://511ny.org/map/Cctv/5639","refreshMs":30000,"attribution":"Ora (Warner Varnado) · NYSDOT"}},{"type":"Feature","geometry":{"type":"Point","coordinates":[-73.509617,40.810213]},"properties":{"id":"ora-ny-1045","name":"NY 25 at Lafayette Ave","state":"NY","provider":"NYSDOT","hls":"https://s53.nysdot.skyvdn.com:443/rtplive/R10_150/playlist.m3u8","snapshot":"https://511ny.org/map/Cctv/5640","refreshMs":30000,"attribution":"Ora (Warner Varnado) · NYSDOT"}},{"type":"Feature","geometry":{"type":"Point","coordinates":[-73.279155,40.789325]},"properties":{"id":"ora-ny-1046","name":"SAG Exits S2(Crooked Hill Rd) to S3(Pine Aire Dr)","state":"NY","provider":"NYSDOT","hls":"https://s53.nysdot.skyvdn.com:443/rtplive/R10_171/playlist.m3u8","snapshot":"https://511ny.org/map/Cctv/5641","refreshMs":30000,"attribution":"Ora (Warner Varnado) · NYSDOT"}},{"type":"Feature","geometry":{"type":"Point","coordinates":[-73.279656,40.771194]},"properties":{"id":"ora-ny-1047","name":"SAG at Exit S3(Pine Aire Dr)","state":"NY","provider":"NYSDOT","hls":"https://s53.nysdot.skyvdn.com:443/rtplive/R10_172/playlist.m3u8","snapshot":"https://511ny.org/map/Cctv/5642","refreshMs":30000,"attribution":"Ora (Warner Varnado) · NYSDOT"}},{"type":"Feature","geometry":{"type":"Point","coordinates":[-73.279872,40.750068]},"properties":{"id":"ora-ny-1048","name":"SAG Center Median from SSP to S3 (Pine Aire Dr)","state":"NY","provider":"NYSDOT","hls":"https://s53.nysdot.skyvdn.com:443/rtplive/R10_173/playlist.m3u8","snapshot":"https://511ny.org/map/Cctv/5643","refreshMs":30000,"attribution":"Ora (Warner Varnado) · NYSDOT"}},{"type":"Feature","geometry":{"type":"Point","coordinates":[-73.757192,40.762082]},"properties":{"id":"ora-ny-1049","name":"CIP at Northern Blvd.","state":"NY","provider":"NYSDOT","hls":"https://s53.nysdot.skyvdn.com:443/rtplive/R10_174/playlist.m3u8","snapshot":"https://511ny.org/map/Cctv/5644","refreshMs":30000,"attribution":"Ora (Warner Varnado) · NYSDOT"}},{"type":"Feature","geometry":{"type":"Point","coordinates":[-73.740851,40.749839]},"properties":{"id":"ora-ny-1050","name":"CIP South of West Alley Rd.","state":"NY","provider":"NYSDOT","hls":"https://s53.nysdot.skyvdn.com:443/rtplive/R10_175/playlist.m3u8","snapshot":"https://511ny.org/map/Cctv/5645","refreshMs":30000,"attribution":"Ora (Warner Varnado) · NYSDOT"}},{"type":"Feature","geometry":{"type":"Point","coordinates":[-73.773739,40.748302]},"properties":{"id":"ora-ny-1051","name":"295 Just South of VMS66","state":"NY","provider":"NYSDOT","hls":"https://s53.nysdot.skyvdn.com:443/rtplive/R10_176/playlist.m3u8","snapshot":"https://511ny.org/map/Cctv/5646","refreshMs":30000,"attribution":"Ora (Warner Varnado) · NYSDOT"}},{"type":"Feature","geometry":{"type":"Point","coordinates":[-73.415011,40.793763]},"properties":{"id":"ora-ny-1052","name":"110 at Old Country Rd","state":"NY","provider":"NYSDOT","hls":"https://s53.nysdot.skyvdn.com:443/rtplive/R10_177/playlist.m3u8","snapshot":"https://511ny.org/map/Cctv/5647","refreshMs":30000,"attribution":"Ora (Warner Varnado) · NYSDOT"}},{"type":"Feature","geometry":{"type":"Point","coordinates":[-73.412322,40.799118]},"properties":{"id":"ora-ny-1053","name":"110 at Melville Mall South Driveway","state":"NY","provider":"NYSDOT","hls":"https://s53.nysdot.skyvdn.com:443/rtplive/R10_178/playlist.m3u8","snapshot":"https://511ny.org/map/Cctv/5648","refreshMs":30000,"attribution":"Ora (Warner Varnado) · NYSDOT"}},{"type":"Feature","geometry":{"type":"Point","coordinates":[-73.611279,40.743427]},"properties":{"id":"ora-ny-1054","name":"MSP between Exits M2 and M1 (Old Country Rd. Interchange)","state":"NY","provider":"NYSDOT","hls":"https://s53.nysdot.skyvdn.com:443/rtplive/R10_180/playlist.m3u8","snapshot":"https://511ny.org/map/Cctv/5650","refreshMs":30000,"attribution":"Ora (Warner Varnado) · NYSDOT"}},{"type":"Feature","geometry":{"type":"Point","coordinates":[-73.51363,40.674289]},"properties":{"id":"ora-ny-1055","name":"WSP Exits W04-W05 at Park Ave","state":"NY","provider":"NYSDOT","hls":"https://s53.nysdot.skyvdn.com:443/rtplive/R10_201/playlist.m3u8","snapshot":"https://511ny.org/map/Cctv/5651","refreshMs":30000,"attribution":"Ora (Warner Varnado) · NYSDOT"}},{"type":"Feature","geometry":{"type":"Point","coordinates":[-73.511469,40.664015]},"properties":{"id":"ora-ny-1056","name":"WSP Exits W07-W06 at Merrick Road","state":"NY","provider":"NYSDOT","hls":"https://s53.nysdot.skyvdn.com:443/rtplive/R10_202/playlist.m3u8","snapshot":"https://511ny.org/map/Cctv/5652","refreshMs":30000,"attribution":"Ora (Warner Varnado) · NYSDOT"}},{"type":"Feature","geometry":{"type":"Point","coordinates":[-73.506693,40.639469]},"properties":{"id":"ora-ny-1057","name":"WSP Southbound Seamans Creek Bridge","state":"NY","provider":"NYSDOT","hls":"https://s53.nysdot.skyvdn.com:443/rtplive/R10_203/playlist.m3u8","snapshot":"https://511ny.org/map/Cctv/5653","refreshMs":30000,"attribution":"Ora (Warner Varnado) · NYSDOT"}},{"type":"Feature","geometry":{"type":"Point","coordinates":[-73.50212,40.624332]},"properties":{"id":"ora-ny-1058","name":"WSP Southbound Goose Creek Bridge","state":"NY","provider":"NYSDOT","hls":"https://s53.nysdot.skyvdn.com:443/rtplive/R10_204/playlist.m3u8","snapshot":"https://511ny.org/map/Cctv/5654","refreshMs":30000,"attribution":"Ora (Warner Varnado) · NYSDOT"}},{"type":"Feature","geometry":{"type":"Point","coordinates":[-73.501775,40.615251]},"properties":{"id":"ora-ny-1059","name":"WSP Southbound Sloop Channel Bridge","state":"NY","provider":"NYSDOT","hls":"https://s53.nysdot.skyvdn.com:443/rtplive/R10_205/playlist.m3u8","snapshot":"https://511ny.org/map/Cctv/5655","refreshMs":30000,"attribution":"Ora (Warner Varnado) · NYSDOT"}},{"type":"Feature","geometry":{"type":"Point","coordinates":[-73.50863,40.59885]},"properties":{"id":"ora-ny-1060","name":"WSP Southbound North of the Circle","state":"NY","provider":"NYSDOT","hls":"https://s53.nysdot.skyvdn.com:443/rtplive/R10_206/playlist.m3u8","snapshot":"https://511ny.org/map/Cctv/5656","refreshMs":30000,"attribution":"Ora (Warner Varnado) · NYSDOT"}},{"type":"Feature","geometry":{"type":"Point","coordinates":[-73.504301,40.597006]},"properties":{"id":"ora-ny-1061","name":"OP Westbound East of the Circle","state":"NY","provider":"NYSDOT","hls":"https://s53.nysdot.skyvdn.com:443/rtplive/R10_207/playlist.m3u8","snapshot":"https://511ny.org/map/Cctv/5657","refreshMs":30000,"attribution":"Ora (Warner Varnado) · NYSDOT"}},{"type":"Feature","geometry":{"type":"Point","coordinates":[-73.51216,40.59595]},"properties":{"id":"ora-ny-1062","name":"OP Eastbound West of the Circle","state":"NY","provider":"NYSDOT","hls":"https://s53.nysdot.skyvdn.com:443/rtplive/R10_208/playlist.m3u8","snapshot":"https://511ny.org/map/Cctv/5658","refreshMs":30000,"attribution":"Ora (Warner Varnado) · NYSDOT"}},{"type":"Feature","geometry":{"type":"Point","coordinates":[-73.184409,40.836595]},"properties":{"id":"ora-ny-1063","name":"NY 347 at Mount Pleasant Rd; Southeast","state":"NY","provider":"NYSDOT","hls":"https://s53.nysdot.skyvdn.com:443/rtplive/R10_209/playlist.m3u8","snapshot":"https://511ny.org/map/Cctv/5659","refreshMs":30000,"attribution":"Ora (Warner Varnado) · NYSDOT"}},{"type":"Feature","geometry":{"type":"Point","coordinates":[-73.169999,40.847912]},"properties":{"id":"ora-ny-1064","name":"NY 347 at Terry Rd; Northwest","state":"NY","provider":"NYSDOT","hls":"https://s53.nysdot.skyvdn.com:443/rtplive/R10_210/playlist.m3u8","snapshot":"https://511ny.org/map/Cctv/5660","refreshMs":30000,"attribution":"Ora (Warner Varnado) · NYSDOT"}},{"type":"Feature","geometry":{"type":"Point","coordinates":[-73.33495,40.836036]},"properties":{"id":"ora-ny-1065","name":"NY 25 at Deer Park Road East","state":"NY","provider":"NYSDOT","hls":"https://s53.nysdot.skyvdn.com:443/rtplive/R10_232/playlist.m3u8","snapshot":"https://511ny.org/map/Cctv/5662","refreshMs":30000,"attribution":"Ora (Warner Varnado) · NYSDOT"}},{"type":"Feature","geometry":{"type":"Point","coordinates":[-73.37061,40.835625]},"properties":{"id":"ora-ny-1066","name":"NY 25 at Dix Hills Road","state":"NY","provider":"NYSDOT","hls":"https://s53.nysdot.skyvdn.com:443/rtplive/R10_234/playlist.m3u8","snapshot":"https://511ny.org/map/Cctv/5664","refreshMs":30000,"attribution":"Ora (Warner Varnado) · NYSDOT"}},{"type":"Feature","geometry":{"type":"Point","coordinates":[-73.395021,40.83128]},"properties":{"id":"ora-ny-1067","name":"NY 25 at Melville Road","state":"NY","provider":"NYSDOT","hls":"https://s53.nysdot.skyvdn.com:443/rtplive/R10_235/playlist.m3u8","snapshot":"https://511ny.org/map/Cctv/5665","refreshMs":30000,"attribution":"Ora (Warner Varnado) · NYSDOT"}},{"type":"Feature","geometry":{"type":"Point","coordinates":[-73.421236,40.828786]},"properties":{"id":"ora-ny-1068","name":"NY 25 at West Hills Road","state":"NY","provider":"NYSDOT","hls":"https://s53.nysdot.skyvdn.com:443/rtplive/R10_237/playlist.m3u8","snapshot":"https://511ny.org/map/Cctv/5667","refreshMs":30000,"attribution":"Ora (Warner Varnado) · NYSDOT"}},{"type":"Feature","geometry":{"type":"Point","coordinates":[-73.445309,40.82122]},"properties":{"id":"ora-ny-1069","name":"NY 25 at Round Swamp Road","state":"NY","provider":"NYSDOT","hls":"https://s53.nysdot.skyvdn.com:443/rtplive/R10_238/playlist.m3u8","snapshot":"https://511ny.org/map/Cctv/5668","refreshMs":30000,"attribution":"Ora (Warner Varnado) · NYSDOT"}},{"type":"Feature","geometry":{"type":"Point","coordinates":[-72.994844,40.827216]},"properties":{"id":"ora-ny-1070","name":"NY 112 Northbound at Horseblock Road (CR 16)","state":"NY","provider":"NYSDOT","hls":"https://s53.nysdot.skyvdn.com:443/rtplive/R10_261/playlist.m3u8","snapshot":"https://511ny.org/map/Cctv/5671","refreshMs":30000,"attribution":"Ora (Warner Varnado) · NYSDOT"}},{"type":"Feature","geometry":{"type":"Point","coordinates":[-73.588157,40.720032]},"properties":{"id":"ora-ny-1071","name":"NY 24 Westbound at Glen Curtis Blvd.","state":"NY","provider":"NYSDOT","hls":"https://s53.nysdot.skyvdn.com:443/rtplive/R10_262/playlist.m3u8","snapshot":"https://511ny.org/map/Cctv/5672","refreshMs":30000,"attribution":"Ora (Warner Varnado) · NYSDOT"}},{"type":"Feature","geometry":{"type":"Point","coordinates":[-73.594523,40.717779]},"properties":{"id":"ora-ny-1072","name":"NY 24 Westbound at Earle Ovington Blvd.","state":"NY","provider":"NYSDOT","hls":"https://s53.nysdot.skyvdn.com:443/rtplive/R10_263/playlist.m3u8","snapshot":"https://511ny.org/map/Cctv/5673","refreshMs":30000,"attribution":"Ora (Warner Varnado) · NYSDOT"}},{"type":"Feature","geometry":{"type":"Point","coordinates":[-73.603888,40.714357]},"properties":{"id":"ora-ny-1073","name":"NY 24 Westbound at Oak St.","state":"NY","provider":"NYSDOT","hls":"https://s53.nysdot.skyvdn.com:443/rtplive/R10_264/playlist.m3u8","snapshot":"https://511ny.org/map/Cctv/5674","refreshMs":30000,"attribution":"Ora (Warner Varnado) · NYSDOT"}},{"type":"Feature","geometry":{"type":"Point","coordinates":[-73.610397,40.711529]},"properties":{"id":"ora-ny-1074","name":"NY 24 Eastbound at Hendrickson Ave.","state":"NY","provider":"NYSDOT","hls":"https://s53.nysdot.skyvdn.com:443/rtplive/R10_265/playlist.m3u8","snapshot":"https://511ny.org/map/Cctv/5675","refreshMs":30000,"attribution":"Ora (Warner Varnado) · NYSDOT"}},{"type":"Feature","geometry":{"type":"Point","coordinates":[-73.63824,40.704923]},"properties":{"id":"ora-ny-1075","name":"NY 24 Westbound at Front Street","state":"NY","provider":"NYSDOT","hls":"https://s53.nysdot.skyvdn.com:443/rtplive/R10_267/playlist.m3u8","snapshot":"https://511ny.org/map/Cctv/5677","refreshMs":30000,"attribution":"Ora (Warner Varnado) · NYSDOT"}},{"type":"Feature","geometry":{"type":"Point","coordinates":[-73.661062,40.70616]},"properties":{"id":"ora-ny-1076","name":"NY 24 Eastbound at Nassau Blvd.","state":"NY","provider":"NYSDOT","hls":"https://s53.nysdot.skyvdn.com:443/rtplive/R10_268/playlist.m3u8","snapshot":"https://511ny.org/map/Cctv/5678","refreshMs":30000,"attribution":"Ora (Warner Varnado) · NYSDOT"}},{"type":"Feature","geometry":{"type":"Point","coordinates":[-73.675768,40.70734]},"properties":{"id":"ora-ny-1077","name":"NY 24 Eastbound at New Hyde Park Road","state":"NY","provider":"NYSDOT","hls":"https://s53.nysdot.skyvdn.com:443/rtplive/R10_269/playlist.m3u8","snapshot":"https://511ny.org/map/Cctv/5679","refreshMs":30000,"attribution":"Ora (Warner Varnado) · NYSDOT"}},{"type":"Feature","geometry":{"type":"Point","coordinates":[-73.690318,40.707985]},"properties":{"id":"ora-ny-1078","name":"NY 24 Eastbound at Covert / Meacham Ave.","state":"NY","provider":"NYSDOT","hls":"https://s53.nysdot.skyvdn.com:443/rtplive/R10_270/playlist.m3u8","snapshot":"https://511ny.org/map/Cctv/5680","refreshMs":30000,"attribution":"Ora (Warner Varnado) · NYSDOT"}},{"type":"Feature","geometry":{"type":"Point","coordinates":[-73.279683,40.843767]},"properties":{"id":"ora-ny-1079","name":"NY25 at Indian Head Road","state":"NY","provider":"NYSDOT","hls":"https://s53.nysdot.skyvdn.com:443/rtplive/R10_291/playlist.m3u8","snapshot":"https://511ny.org/map/Cctv/5681","refreshMs":30000,"attribution":"Ora (Warner Varnado) · NYSDOT"}},{"type":"Feature","geometry":{"type":"Point","coordinates":[-73.663314,40.798619]},"properties":{"id":"ora-ny-1080","name":"NY25A at Middle Neck Road","state":"NY","provider":"NYSDOT","hls":"https://s53.nysdot.skyvdn.com:443/rtplive/R10_292/playlist.m3u8","snapshot":"https://511ny.org/map/Cctv/5682","refreshMs":30000,"attribution":"Ora (Warner Varnado) · NYSDOT"}},{"type":"Feature","geometry":{"type":"Point","coordinates":[-73.669292,40.797209]},"properties":{"id":"ora-ny-1081","name":"NY25A at Searington Road","state":"NY","provider":"NYSDOT","hls":"https://s53.nysdot.skyvdn.com:443/rtplive/R10_293/playlist.m3u8","snapshot":"https://511ny.org/map/Cctv/5683","refreshMs":30000,"attribution":"Ora (Warner Varnado) · NYSDOT"}},{"type":"Feature","geometry":{"type":"Point","coordinates":[-73.69429,40.793353]},"properties":{"id":"ora-ny-1082","name":"NY25A at Shelter Rock Road","state":"NY","provider":"NYSDOT","hls":"https://s53.nysdot.skyvdn.com:443/rtplive/R10_294/playlist.m3u8","snapshot":"https://511ny.org/map/Cctv/5684","refreshMs":30000,"attribution":"Ora (Warner Varnado) · NYSDOT"}},{"type":"Feature","geometry":{"type":"Point","coordinates":[-73.697831,40.792891]},"properties":{"id":"ora-ny-1083","name":"NY25A at Plandome Road","state":"NY","provider":"NYSDOT","hls":"https://s53.nysdot.skyvdn.com:443/rtplive/R10_295/playlist.m3u8","snapshot":"https://511ny.org/map/Cctv/5685","refreshMs":30000,"attribution":"Ora (Warner Varnado) · NYSDOT"}},{"type":"Feature","geometry":{"type":"Point","coordinates":[-73.705862,40.787886]},"properties":{"id":"ora-ny-1084","name":"NY25A at Community Drive","state":"NY","provider":"NYSDOT","hls":"https://s53.nysdot.skyvdn.com:443/rtplive/R10_296/playlist.m3u8","snapshot":"https://511ny.org/map/Cctv/5686","refreshMs":30000,"attribution":"Ora (Warner Varnado) · NYSDOT"}},{"type":"Feature","geometry":{"type":"Point","coordinates":[-73.644939,40.756245]},"properties":{"id":"ora-ny-1085","name":"NY25B at Willis Avenue","state":"NY","provider":"NYSDOT","hls":"https://s53.nysdot.skyvdn.com:443/rtplive/R10_297/playlist.m3u8","snapshot":"https://511ny.org/map/Cctv/5687","refreshMs":30000,"attribution":"Ora (Warner Varnado) · NYSDOT"}},{"type":"Feature","geometry":{"type":"Point","coordinates":[-73.658087,40.753365]},"properties":{"id":"ora-ny-1086","name":"NY25B at Herricks Road","state":"NY","provider":"NYSDOT","hls":"https://s53.nysdot.skyvdn.com:443/rtplive/R10_298/playlist.m3u8","snapshot":"https://511ny.org/map/Cctv/5688","refreshMs":30000,"attribution":"Ora (Warner Varnado) · NYSDOT"}},{"type":"Feature","geometry":{"type":"Point","coordinates":[-73.673463,40.751589]},"properties":{"id":"ora-ny-1087","name":"NY25B at Marcus Ave / Denton Ave","state":"NY","provider":"NYSDOT","hls":"https://s53.nysdot.skyvdn.com:443/rtplive/R10_299/playlist.m3u8","snapshot":"https://511ny.org/map/Cctv/5689","refreshMs":30000,"attribution":"Ora (Warner Varnado) · NYSDOT"}},{"type":"Feature","geometry":{"type":"Point","coordinates":[-73.685422,40.747858]},"properties":{"id":"ora-ny-1088","name":"NY25B at New Hyde Park Road","state":"NY","provider":"NYSDOT","hls":"https://s53.nysdot.skyvdn.com:443/rtplive/R10_300/playlist.m3u8","snapshot":"https://511ny.org/map/Cctv/5690","refreshMs":30000,"attribution":"Ora (Warner Varnado) · NYSDOT"}},{"type":"Feature","geometry":{"type":"Point","coordinates":[-73.333837,40.772072]},"properties":{"id":"ora-ny-1089","name":"NY231 at Old Country Road","state":"NY","provider":"NYSDOT","hls":"https://s53.nysdot.skyvdn.com:443/rtplive/R10_321/playlist.m3u8","snapshot":"https://511ny.org/map/Cctv/5691","refreshMs":30000,"attribution":"Ora (Warner Varnado) · NYSDOT"}},{"type":"Feature","geometry":{"type":"Point","coordinates":[-73.329467,40.761616]},"properties":{"id":"ora-ny-1090","name":"NY231 at Acorn Street","state":"NY","provider":"NYSDOT","hls":"https://s53.nysdot.skyvdn.com:443/rtplive/R10_322/playlist.m3u8","snapshot":"https://511ny.org/map/Cctv/5692","refreshMs":30000,"attribution":"Ora (Warner Varnado) · NYSDOT"}},{"type":"Feature","geometry":{"type":"Point","coordinates":[-73.327594,40.757064]},"properties":{"id":"ora-ny-1091","name":"NY231 at Grand Blvd","state":"NY","provider":"NYSDOT","hls":"https://s53.nysdot.skyvdn.com:443/rtplive/R10_323/playlist.m3u8","snapshot":"https://511ny.org/map/Cctv/5693","refreshMs":30000,"attribution":"Ora (Warner Varnado) · NYSDOT"}},{"type":"Feature","geometry":{"type":"Point","coordinates":[-73.324631,40.750173]},"properties":{"id":"ora-ny-1092","name":"NY231 at Bayshore Road","state":"NY","provider":"NYSDOT","hls":"https://s53.nysdot.skyvdn.com:443/rtplive/R10_324/playlist.m3u8","snapshot":"https://511ny.org/map/Cctv/5694","refreshMs":30000,"attribution":"Ora (Warner Varnado) · NYSDOT"}},{"type":"Feature","geometry":{"type":"Point","coordinates":[-73.322045,40.742419]},"properties":{"id":"ora-ny-1093","name":"NY231 at Garnet Street","state":"NY","provider":"NYSDOT","hls":"https://s53.nysdot.skyvdn.com:443/rtplive/R10_325/playlist.m3u8","snapshot":"https://511ny.org/map/Cctv/5695","refreshMs":30000,"attribution":"Ora (Warner Varnado) · NYSDOT"}},{"type":"Feature","geometry":{"type":"Point","coordinates":[-73.320743,40.737604]},"properties":{"id":"ora-ny-1094","name":"NY231 at Woods Road","state":"NY","provider":"NYSDOT","hls":"https://s53.nysdot.skyvdn.com:443/rtplive/R10_326/playlist.m3u8","snapshot":"https://511ny.org/map/Cctv/5696","refreshMs":30000,"attribution":"Ora (Warner Varnado) · NYSDOT"}},{"type":"Feature","geometry":{"type":"Point","coordinates":[-73.587713,40.767205]},"properties":{"id":"ora-ny-1095","name":"NY 25 - RT25 Eastbound at Post Ave","state":"NY","provider":"NYSDOT","hls":"https://s53.nysdot.skyvdn.com:443/rtplive/R10_327/playlist.m3u8","snapshot":"https://511ny.org/map/Cctv/5697","refreshMs":30000,"attribution":"Ora (Warner Varnado) · NYSDOT"}},{"type":"Feature","geometry":{"type":"Point","coordinates":[-73.724676,40.665225]},"properties":{"id":"ora-ny-1096","name":"NY 27 at Green Acres Road","state":"NY","provider":"NYSDOT","hls":"https://s53.nysdot.skyvdn.com:443/rtplive/R10_328/playlist.m3u8","snapshot":"https://511ny.org/map/Cctv/5698","refreshMs":30000,"attribution":"Ora (Warner Varnado) · NYSDOT"}},{"type":"Feature","geometry":{"type":"Point","coordinates":[-73.708738,40.661731]},"properties":{"id":"ora-ny-1097","name":"NY 27 at Mill Rd","state":"NY","provider":"NYSDOT","hls":"https://s53.nysdot.skyvdn.com:443/rtplive/R10_329/playlist.m3u8","snapshot":"https://511ny.org/map/Cctv/5699","refreshMs":30000,"attribution":"Ora (Warner Varnado) · NYSDOT"}},{"type":"Feature","geometry":{"type":"Point","coordinates":[-73.700432,40.659277]},"properties":{"id":"ora-ny-1098","name":"NY 27 at Rockaway Ave","state":"NY","provider":"NYSDOT","hls":"https://s53.nysdot.skyvdn.com:443/rtplive/R10_330/playlist.m3u8","snapshot":"https://511ny.org/map/Cctv/5700","refreshMs":30000,"attribution":"Ora (Warner Varnado) · NYSDOT"}},{"type":"Feature","geometry":{"type":"Point","coordinates":[-73.88858,40.84167]},"properties":{"id":"ora-ny-1099","name":"I-95 at Marmion Avenue","state":"NY","provider":"NYSDOT","hls":"https://s53.nysdot.skyvdn.com:443/rtplive/R11_021/playlist.m3u8","snapshot":"https://511ny.org/map/Cctv/5701","refreshMs":30000,"attribution":"Ora (Warner Varnado) · NYSDOT"}},{"type":"Feature","geometry":{"type":"Point","coordinates":[-73.87301,40.83652]},"properties":{"id":"ora-ny-1100","name":"I-95 at Bronx River Parkway","state":"NY","provider":"NYSDOT","hls":"https://s53.nysdot.skyvdn.com:443/rtplive/R11_022/playlist.m3u8","snapshot":"https://511ny.org/map/Cctv/5702","refreshMs":30000,"attribution":"Ora (Warner Varnado) · NYSDOT"}},{"type":"Feature","geometry":{"type":"Point","coordinates":[-73.86592,40.83503]},"properties":{"id":"ora-ny-1101","name":"I-95 at Wood Avenue","state":"NY","provider":"NYSDOT","hls":"https://s53.nysdot.skyvdn.com:443/rtplive/R11_023/playlist.m3u8","snapshot":"https://511ny.org/map/Cctv/5703","refreshMs":30000,"attribution":"Ora (Warner Varnado) · NYSDOT"}},{"type":"Feature","geometry":{"type":"Point","coordinates":[-73.85517,40.83183]},"properties":{"id":"ora-ny-1102","name":"I-95 at Ellis Avenue","state":"NY","provider":"NYSDOT","hls":"https://s53.nysdot.skyvdn.com:443/rtplive/R11_024/playlist.m3u8","snapshot":"https://511ny.org/map/Cctv/5704","refreshMs":30000,"attribution":"Ora (Warner Varnado) · NYSDOT"}},{"type":"Feature","geometry":{"type":"Point","coordinates":[-73.85044,40.83041]},"properties":{"id":"ora-ny-1103","name":"I-95 at Castle Hill Avenue","state":"NY","provider":"NYSDOT","hls":"https://s53.nysdot.skyvdn.com:443/rtplive/R11_025/playlist.m3u8","snapshot":"https://511ny.org/map/Cctv/5705","refreshMs":30000,"attribution":"Ora (Warner Varnado) · NYSDOT"}},{"type":"Feature","geometry":{"type":"Point","coordinates":[-73.83797,40.82864]},"properties":{"id":"ora-ny-1104","name":"I-95 at Hutchinson River Parkway","state":"NY","provider":"NYSDOT","hls":"https://s53.nysdot.skyvdn.com:443/rtplive/R11_026/playlist.m3u8","snapshot":"https://511ny.org/map/Cctv/5706","refreshMs":30000,"attribution":"Ora (Warner Varnado) · NYSDOT"}},{"type":"Feature","geometry":{"type":"Point","coordinates":[-73.83201,40.82733]},"properties":{"id":"ora-ny-1105","name":"I-295 at Lafayette Avenue","state":"NY","provider":"NYSDOT","hls":"https://s53.nysdot.skyvdn.com:443/rtplive/R11_027/playlist.m3u8","snapshot":"https://511ny.org/map/Cctv/5707","refreshMs":30000,"attribution":"Ora (Warner Varnado) · NYSDOT"}},{"type":"Feature","geometry":{"type":"Point","coordinates":[-73.8255,40.82514]},"properties":{"id":"ora-ny-1106","name":"I-295 at Randall Ave","state":"NY","provider":"NYSDOT","hls":"https://s53.nysdot.skyvdn.com:443/rtplive/R11_028/playlist.m3u8","snapshot":"https://511ny.org/map/Cctv/5708","refreshMs":30000,"attribution":"Ora (Warner Varnado) · NYSDOT"}},{"type":"Feature","geometry":{"type":"Point","coordinates":[-73.81866,40.82205]},"properties":{"id":"ora-ny-1107","name":"I-295 at East Tremont Avenue","state":"NY","provider":"NYSDOT","hls":"https://s53.nysdot.skyvdn.com:443/rtplive/R11_029/playlist.m3u8","snapshot":"https://511ny.org/map/Cctv/5709","refreshMs":30000,"attribution":"Ora (Warner Varnado) · NYSDOT"}},{"type":"Feature","geometry":{"type":"Point","coordinates":[-73.81055,40.81934]},"properties":{"id":"ora-ny-1108","name":"I-295 at Pennyfield Avenue","state":"NY","provider":"NYSDOT","hls":"https://s53.nysdot.skyvdn.com:443/rtplive/R11_030/playlist.m3u8","snapshot":"https://511ny.org/map/Cctv/5710","refreshMs":30000,"attribution":"Ora (Warner Varnado) · NYSDOT"}},{"type":"Feature","geometry":{"type":"Point","coordinates":[-73.88849,40.88915]},"properties":{"id":"ora-ny-1109","name":"I-87 at Mosholu Parkway/Exit","state":"NY","provider":"NYSDOT","hls":"https://s53.nysdot.skyvdn.com:443/rtplive/R11_052/playlist.m3u8","snapshot":"https://511ny.org/map/Cctv/5712","refreshMs":30000,"attribution":"Ora (Warner Varnado) · NYSDOT"}},{"type":"Feature","geometry":{"type":"Point","coordinates":[-73.87979,40.89732]},"properties":{"id":"ora-ny-1110","name":"I-87 at Jerome Avenue/Overpass","state":"NY","provider":"NYSDOT","hls":"https://s53.nysdot.skyvdn.com:443/rtplive/R11_053/playlist.m3u8","snapshot":"https://511ny.org/map/Cctv/5713","refreshMs":30000,"attribution":"Ora (Warner Varnado) · NYSDOT"}},{"type":"Feature","geometry":{"type":"Point","coordinates":[-73.88533,40.83115]},"properties":{"id":"ora-ny-1111","name":"NY895 at Jennings Street","state":"NY","provider":"NYSDOT","hls":"https://s53.nysdot.skyvdn.com:443/rtplive/R11_054/playlist.m3u8","snapshot":"https://511ny.org/map/Cctv/5714","refreshMs":30000,"attribution":"Ora (Warner Varnado) · NYSDOT"}},{"type":"Feature","geometry":{"type":"Point","coordinates":[-73.88098,40.83746]},"properties":{"id":"ora-ny-1112","name":"NY895 at Cross Bronx Expwy","state":"NY","provider":"NYSDOT","hls":"https://s53.nysdot.skyvdn.com:443/rtplive/R11_055/playlist.m3u8","snapshot":"https://511ny.org/map/Cctv/5715","refreshMs":30000,"attribution":"Ora (Warner Varnado) · NYSDOT"}},{"type":"Feature","geometry":{"type":"Point","coordinates":[-73.82439,40.8355]},"properties":{"id":"ora-ny-1113","name":"I-695 at Otis Avenue","state":"NY","provider":"NYSDOT","hls":"https://s53.nysdot.skyvdn.com:443/rtplive/R11_056/playlist.m3u8","snapshot":"https://511ny.org/map/Cctv/5716","refreshMs":30000,"attribution":"Ora (Warner Varnado) · NYSDOT"}},{"type":"Feature","geometry":{"type":"Point","coordinates":[-73.81775,40.82798]},"properties":{"id":"ora-ny-1114","name":"I-695 at Randall Avenue","state":"NY","provider":"NYSDOT","hls":"https://s53.nysdot.skyvdn.com:443/rtplive/R11_057/playlist.m3u8","snapshot":"https://511ny.org/map/Cctv/5717","refreshMs":30000,"attribution":"Ora (Warner Varnado) · NYSDOT"}},{"type":"Feature","geometry":{"type":"Point","coordinates":[-74.00371,40.67971]},"properties":{"id":"ora-ny-1115","name":"I-278 at Hamilton Avenue","state":"NY","provider":"NYSDOT","hls":"https://s53.nysdot.skyvdn.com:443/rtplive/R11_058/playlist.m3u8","snapshot":"https://511ny.org/map/Cctv/5718","refreshMs":30000,"attribution":"Ora (Warner Varnado) · NYSDOT"}},{"type":"Feature","geometry":{"type":"Point","coordinates":[-74.00154,40.68406]},"properties":{"id":"ora-ny-1116","name":"I-278 at Union Street/Wall","state":"NY","provider":"NYSDOT","hls":"https://s53.nysdot.skyvdn.com:443/rtplive/R11_060/playlist.m3u8","snapshot":"https://511ny.org/map/Cctv/5719","refreshMs":30000,"attribution":"Ora (Warner Varnado) · NYSDOT"}},{"type":"Feature","geometry":{"type":"Point","coordinates":[-73.95587,40.71055]},"properties":{"id":"ora-ny-1117","name":"I-278 at Grand Street/Overpass","state":"NY","provider":"NYSDOT","hls":"https://s53.nysdot.skyvdn.com:443/rtplive/R11_081/playlist.m3u8","snapshot":"https://511ny.org/map/Cctv/5720","refreshMs":30000,"attribution":"Ora (Warner Varnado) · NYSDOT"}},{"type":"Feature","geometry":{"type":"Point","coordinates":[-73.95328,40.71372]},"properties":{"id":"ora-ny-1118","name":"I-278 at Metropolitan Avenue","state":"NY","provider":"NYSDOT","hls":"https://s53.nysdot.skyvdn.com:443/rtplive/R11_082/playlist.m3u8","snapshot":"https://511ny.org/map/Cctv/5721","refreshMs":30000,"attribution":"Ora (Warner Varnado) · NYSDOT"}},{"type":"Feature","geometry":{"type":"Point","coordinates":[-73.94643,40.71902]},"properties":{"id":"ora-ny-1119","name":"I-278 at Manhattan Avenue","state":"NY","provider":"NYSDOT","hls":"https://s53.nysdot.skyvdn.com:443/rtplive/R11_083/playlist.m3u8","snapshot":"https://511ny.org/map/Cctv/5722","refreshMs":30000,"attribution":"Ora (Warner Varnado) · NYSDOT"}},{"type":"Feature","geometry":{"type":"Point","coordinates":[-73.94001,40.72297]},"properties":{"id":"ora-ny-1120","name":"I-278 at Morgan Avenue","state":"NY","provider":"NYSDOT","hls":"https://s53.nysdot.skyvdn.com:443/rtplive/R11_084/playlist.m3u8","snapshot":"https://511ny.org/map/Cctv/5723","refreshMs":30000,"attribution":"Ora (Warner Varnado) · NYSDOT"}},{"type":"Feature","geometry":{"type":"Point","coordinates":[-73.93349,40.72539]},"properties":{"id":"ora-ny-1121","name":"I-278 at Stewart Avenue","state":"NY","provider":"NYSDOT","hls":"https://s53.nysdot.skyvdn.com:443/rtplive/R11_085/playlist.m3u8","snapshot":"https://511ny.org/map/Cctv/5724","refreshMs":30000,"attribution":"Ora (Warner Varnado) · NYSDOT"}},{"type":"Feature","geometry":{"type":"Point","coordinates":[-74.02626,40.6166]},"properties":{"id":"ora-ny-1122","name":"I-278 at 92nd Street","state":"NY","provider":"NYSDOT","hls":"https://s53.nysdot.skyvdn.com:443/rtplive/R11_086/playlist.m3u8","snapshot":"https://511ny.org/map/Cctv/5725","refreshMs":30000,"attribution":"Ora (Warner Varnado) · NYSDOT"}},{"type":"Feature","geometry":{"type":"Point","coordinates":[-74.02212,40.62135]},"properties":{"id":"ora-ny-1123","name":"I-278 at Ft. Hamilton Pkwy","state":"NY","provider":"NYSDOT","hls":"https://s53.nysdot.skyvdn.com:443/rtplive/R11_087/playlist.m3u8","snapshot":"https://511ny.org/map/Cctv/5726","refreshMs":30000,"attribution":"Ora (Warner Varnado) · NYSDOT"}},{"type":"Feature","geometry":{"type":"Point","coordinates":[-74.01932,40.62392]},"properties":{"id":"ora-ny-1124","name":"I-278 at 79th Street","state":"NY","provider":"NYSDOT","hls":"https://s53.nysdot.skyvdn.com:443/rtplive/R11_088/playlist.m3u8","snapshot":"https://511ny.org/map/Cctv/5727","refreshMs":30000,"attribution":"Ora (Warner Varnado) · NYSDOT"}},{"type":"Feature","geometry":{"type":"Point","coordinates":[-74.01727,40.62884]},"properties":{"id":"ora-ny-1125","name":"I-278 at 72nd Street","state":"NY","provider":"NYSDOT","hls":"https://s53.nysdot.skyvdn.com:443/rtplive/R11_089/playlist.m3u8","snapshot":"https://511ny.org/map/Cctv/5728","refreshMs":30000,"attribution":"Ora (Warner Varnado) · NYSDOT"}},{"type":"Feature","geometry":{"type":"Point","coordinates":[-74.01596,40.63448]},"properties":{"id":"ora-ny-1126","name":"I-278 at Between 6th 7th Avenue","state":"NY","provider":"NYSDOT","hls":"https://s53.nysdot.skyvdn.com:443/rtplive/R11_090/playlist.m3u8","snapshot":"https://511ny.org/map/Cctv/5729","refreshMs":30000,"attribution":"Ora (Warner Varnado) · NYSDOT"}},{"type":"Feature","geometry":{"type":"Point","coordinates":[-73.904885,40.768244]},"properties":{"id":"ora-ny-1127","name":"907M at 46th Street","state":"NY","provider":"NYSDOT","hls":"https://s53.nysdot.skyvdn.com:443/rtplive/R11_112/playlist.m3u8","snapshot":"https://511ny.org/map/Cctv/5731","refreshMs":30000,"attribution":"Ora (Warner Varnado) · NYSDOT"}},{"type":"Feature","geometry":{"type":"Point","coordinates":[-73.89654,40.76661]},"properties":{"id":"ora-ny-1128","name":"907M at 72nd Street","state":"NY","provider":"NYSDOT","hls":"https://s53.nysdot.skyvdn.com:443/rtplive/R11_113/playlist.m3u8","snapshot":"https://511ny.org/map/Cctv/5732","refreshMs":30000,"attribution":"Ora (Warner Varnado) · NYSDOT"}},{"type":"Feature","geometry":{"type":"Point","coordinates":[-73.89358,40.76586]},"properties":{"id":"ora-ny-1129","name":"907M at 75th Street","state":"NY","provider":"NYSDOT","hls":"https://s53.nysdot.skyvdn.com:443/rtplive/R11_114/playlist.m3u8","snapshot":"https://511ny.org/map/Cctv/5733","refreshMs":30000,"attribution":"Ora (Warner Varnado) · NYSDOT"}},{"type":"Feature","geometry":{"type":"Point","coordinates":[-73.86265,40.76606]},"properties":{"id":"ora-ny-1130","name":"907M at 27th Avenue","state":"NY","provider":"NYSDOT","hls":"https://s53.nysdot.skyvdn.com:443/rtplive/R11_116/playlist.m3u8","snapshot":"https://511ny.org/map/Cctv/5734","refreshMs":30000,"attribution":"Ora (Warner Varnado) · NYSDOT"}},{"type":"Feature","geometry":{"type":"Point","coordinates":[-73.85658,40.75979]},"properties":{"id":"ora-ny-1131","name":"907M at Ditmars Blvd","state":"NY","provider":"NYSDOT","hls":"https://s53.nysdot.skyvdn.com:443/rtplive/R11_117/playlist.m3u8","snapshot":"https://511ny.org/map/Cctv/5735","refreshMs":30000,"attribution":"Ora (Warner Varnado) · NYSDOT"}},{"type":"Feature","geometry":{"type":"Point","coordinates":[-73.85265,40.75388]},"properties":{"id":"ora-ny-1132","name":"907M at Roosevelt Avenue","state":"NY","provider":"NYSDOT","hls":"https://s53.nysdot.skyvdn.com:443/rtplive/R11_118/playlist.m3u8","snapshot":"https://511ny.org/map/Cctv/5736","refreshMs":30000,"attribution":"Ora (Warner Varnado) · NYSDOT"}},{"type":"Feature","geometry":{"type":"Point","coordinates":[-73.84659,40.74394]},"properties":{"id":"ora-ny-1133","name":"907M at 55th Avenue","state":"NY","provider":"NYSDOT","hls":"https://s53.nysdot.skyvdn.com:443/rtplive/R11_120/playlist.m3u8","snapshot":"https://511ny.org/map/Cctv/5737","refreshMs":30000,"attribution":"Ora (Warner Varnado) · NYSDOT"}},{"type":"Feature","geometry":{"type":"Point","coordinates":[-73.86836,40.73301]},"properties":{"id":"ora-ny-1134","name":"I-495 at Queens Blvd","state":"NY","provider":"NYSDOT","hls":"https://s53.nysdot.skyvdn.com:443/rtplive/R11_141/playlist.m3u8","snapshot":"https://511ny.org/map/Cctv/5738","refreshMs":30000,"attribution":"Ora (Warner Varnado) · NYSDOT"}},{"type":"Feature","geometry":{"type":"Point","coordinates":[-73.85864,40.73593]},"properties":{"id":"ora-ny-1135","name":"I-495 at 99th Street","state":"NY","provider":"NYSDOT","hls":"https://s53.nysdot.skyvdn.com:443/rtplive/R11_142/playlist.m3u8","snapshot":"https://511ny.org/map/Cctv/5739","refreshMs":30000,"attribution":"Ora (Warner Varnado) · NYSDOT"}},{"type":"Feature","geometry":{"type":"Point","coordinates":[-73.84618,40.73911]},"properties":{"id":"ora-ny-1136","name":"I-495 at Grand Central Parkway","state":"NY","provider":"NYSDOT","hls":"https://s53.nysdot.skyvdn.com:443/rtplive/R11_143/playlist.m3u8","snapshot":"https://511ny.org/map/Cctv/5740","refreshMs":30000,"attribution":"Ora (Warner Varnado) · NYSDOT"}},{"type":"Feature","geometry":{"type":"Point","coordinates":[-73.82789,40.74287]},"properties":{"id":"ora-ny-1137","name":"I-495 at 138th Street","state":"NY","provider":"NYSDOT","hls":"https://s53.nysdot.skyvdn.com:443/rtplive/R11_144/playlist.m3u8","snapshot":"https://511ny.org/map/Cctv/5741","refreshMs":30000,"attribution":"Ora (Warner Varnado) · NYSDOT"}},{"type":"Feature","geometry":{"type":"Point","coordinates":[-73.82317,40.74175]},"properties":{"id":"ora-ny-1138","name":"I-495 at 146th Street","state":"NY","provider":"NYSDOT","hls":"https://s53.nysdot.skyvdn.com:443/rtplive/R11_146/playlist.m3u8","snapshot":"https://511ny.org/map/Cctv/5743","refreshMs":30000,"attribution":"Ora (Warner Varnado) · NYSDOT"}},{"type":"Feature","geometry":{"type":"Point","coordinates":[-73.81476,40.73869]},"properties":{"id":"ora-ny-1139","name":"I-495 at Kissena Blvd","state":"NY","provider":"NYSDOT","hls":"https://s53.nysdot.skyvdn.com:443/rtplive/R11_147/playlist.m3u8","snapshot":"https://511ny.org/map/Cctv/5744","refreshMs":30000,"attribution":"Ora (Warner Varnado) · NYSDOT"}},{"type":"Feature","geometry":{"type":"Point","coordinates":[-73.80596,40.73864]},"properties":{"id":"ora-ny-1140","name":"I-495 at 163rd Street","state":"NY","provider":"NYSDOT","hls":"https://s53.nysdot.skyvdn.com:443/rtplive/R11_148/playlist.m3u8","snapshot":"https://511ny.org/map/Cctv/5745","refreshMs":30000,"attribution":"Ora (Warner Varnado) · NYSDOT"}},{"type":"Feature","geometry":{"type":"Point","coordinates":[-73.79712,40.73803]},"properties":{"id":"ora-ny-1141","name":"I-495 at 172nd Street","state":"NY","provider":"NYSDOT","hls":"https://s53.nysdot.skyvdn.com:443/rtplive/R11_149/playlist.m3u8","snapshot":"https://511ny.org/map/Cctv/5746","refreshMs":30000,"attribution":"Ora (Warner Varnado) · NYSDOT"}},{"type":"Feature","geometry":{"type":"Point","coordinates":[-73.79032,40.74009]},"properties":{"id":"ora-ny-1142","name":"I-495 at 185th Street","state":"NY","provider":"NYSDOT","hls":"https://s53.nysdot.skyvdn.com:443/rtplive/R11_150/playlist.m3u8","snapshot":"https://511ny.org/map/Cctv/5747","refreshMs":30000,"attribution":"Ora (Warner Varnado) · NYSDOT"}},{"type":"Feature","geometry":{"type":"Point","coordinates":[-73.81367,40.69706]},"properties":{"id":"ora-ny-1143","name":"I-678 at Atlantic Avenue","state":"NY","provider":"NYSDOT","hls":"https://s53.nysdot.skyvdn.com:443/rtplive/R11_171/playlist.m3u8","snapshot":"https://511ny.org/map/Cctv/5748","refreshMs":30000,"attribution":"Ora (Warner Varnado) · NYSDOT"}},{"type":"Feature","geometry":{"type":"Point","coordinates":[-73.81484,40.69982]},"properties":{"id":"ora-ny-1144","name":"I-678 at Jamaica Avenue","state":"NY","provider":"NYSDOT","hls":"https://s53.nysdot.skyvdn.com:443/rtplive/R11_172/playlist.m3u8","snapshot":"https://511ny.org/map/Cctv/5749","refreshMs":30000,"attribution":"Ora (Warner Varnado) · NYSDOT"}},{"type":"Feature","geometry":{"type":"Point","coordinates":[-73.81676,40.70392]},"properties":{"id":"ora-ny-1145","name":"I-678 at Hillside Avenue","state":"NY","provider":"NYSDOT","hls":"https://s53.nysdot.skyvdn.com:443/rtplive/R11_173/playlist.m3u8","snapshot":"https://511ny.org/map/Cctv/5750","refreshMs":30000,"attribution":"Ora (Warner Varnado) · NYSDOT"}},{"type":"Feature","geometry":{"type":"Point","coordinates":[-73.81904,40.70672]},"properties":{"id":"ora-ny-1146","name":"I-678 at 87th Avenue","state":"NY","provider":"NYSDOT","hls":"https://s53.nysdot.skyvdn.com:443/rtplive/R11_174/playlist.m3u8","snapshot":"https://511ny.org/map/Cctv/5751","refreshMs":30000,"attribution":"Ora (Warner Varnado) · NYSDOT"}},{"type":"Feature","geometry":{"type":"Point","coordinates":[-73.8194,40.70871]},"properties":{"id":"ora-ny-1147","name":"I-678 at Main Street","state":"NY","provider":"NYSDOT","hls":"https://s53.nysdot.skyvdn.com:443/rtplive/R11_175/playlist.m3u8","snapshot":"https://511ny.org/map/Cctv/5752","refreshMs":30000,"attribution":"Ora (Warner Varnado) · NYSDOT"}},{"type":"Feature","geometry":{"type":"Point","coordinates":[-73.749425,41.031781]},"properties":{"id":"ora-ny-1148","name":"Old Westchester Ave WB & White Plains Ave","state":"NY","provider":"NYSDOT","hls":null,"snapshot":"https://511ny.org/map/Cctv/2652","refreshMs":30000,"attribution":"Ora (Warner Varnado) · NYSDOT"}},{"type":"Feature","geometry":{"type":"Point","coordinates":[-73.743192,40.978438]},"properties":{"id":"ora-ny-1149","name":"Mamaroneck Ave & Saxon Woods Pk","state":"NY","provider":"NYSDOT","hls":null,"snapshot":"https://511ny.org/map/Cctv/2653","refreshMs":30000,"attribution":"Ora (Warner Varnado) · NYSDOT"}},{"type":"Feature","geometry":{"type":"Point","coordinates":[-76.548783,41.998529]},"properties":{"id":"ora-ny-1150","name":"NY 17 at Exit 60 - PA 220","state":"NY","provider":"NYSDOT","hls":null,"snapshot":"https://511ny.org/map/Cctv/2655","refreshMs":30000,"attribution":"Ora (Warner Varnado) · NYSDOT"}},{"type":"Feature","geometry":{"type":"Point","coordinates":[-73.144571,40.788706]},"properties":{"id":"ora-ny-1151","name":"NY 454 at 13th Ave","state":"NY","provider":"NYSDOT","hls":"https://s53.nysdot.skyvdn.com:443/rtplive/R10_352/playlist.m3u8","snapshot":"https://511ny.org/map/Cctv/5753","refreshMs":30000,"attribution":"Ora (Warner Varnado) · NYSDOT"}},{"type":"Feature","geometry":{"type":"Point","coordinates":[-73.938074,40.791427]},"properties":{"id":"ora-ny-1152","name":"1 Avenue @ 110 Street","state":"NY","provider":"NYSDOT","hls":null,"snapshot":"https://511ny.org/map/Cctv/3224","refreshMs":30000,"attribution":"Ora (Warner Varnado) · NYSDOT"}},{"type":"Feature","geometry":{"type":"Point","coordinates":[-73.931551,40.800426]},"properties":{"id":"ora-ny-1153","name":"1 Avenue @ 124 Street","state":"NY","provider":"NYSDOT","hls":null,"snapshot":"https://511ny.org/map/Cctv/3225","refreshMs":30000,"attribution":"Ora (Warner Varnado) · NYSDOT"}},{"type":"Feature","geometry":{"type":"Point","coordinates":[-73.978286,40.735974]},"properties":{"id":"ora-ny-1154","name":"1 Avenue @ 23 Street","state":"NY","provider":"NYSDOT","hls":null,"snapshot":"https://511ny.org/map/Cctv/3226","refreshMs":30000,"attribution":"Ora (Warner Varnado) · NYSDOT"}},{"type":"Feature","geometry":{"type":"Point","coordinates":[-73.969488,40.748037]},"properties":{"id":"ora-ny-1155","name":"1 Avenue @ 42 Street","state":"NY","provider":"NYSDOT","hls":null,"snapshot":"https://511ny.org/map/Cctv/3228","refreshMs":30000,"attribution":"Ora (Warner Varnado) · NYSDOT"}},{"type":"Feature","geometry":{"type":"Point","coordinates":[-73.949318,40.776024]},"properties":{"id":"ora-ny-1156","name":"1 Avenue @ 86 Street","state":"NY","provider":"NYSDOT","hls":null,"snapshot":"https://511ny.org/map/Cctv/3230","refreshMs":30000,"attribution":"Ora (Warner Varnado) · NYSDOT"}},{"type":"Feature","geometry":{"type":"Point","coordinates":[-73.944662,40.783304]},"properties":{"id":"ora-ny-1157","name":"1 Avenue @ 96 Street","state":"NY","provider":"NYSDOT","hls":null,"snapshot":"https://511ny.org/map/Cctv/3231","refreshMs":30000,"attribution":"Ora (Warner Varnado) · NYSDOT"}},{"type":"Feature","geometry":{"type":"Point","coordinates":[-74.001803,40.754929]},"properties":{"id":"ora-ny-1158","name":"11 Avenue @ 34 Street","state":"NY","provider":"NYSDOT","hls":null,"snapshot":"https://511ny.org/map/Cctv/3232","refreshMs":30000,"attribution":"Ora (Warner Varnado) · NYSDOT"}},{"type":"Feature","geometry":{"type":"Point","coordinates":[-73.998156,40.759903]},"properties":{"id":"ora-ny-1159","name":"11 Avenue @ 42 Street","state":"NY","provider":"NYSDOT","hls":null,"snapshot":"https://511ny.org/map/Cctv/3233","refreshMs":30000,"attribution":"Ora (Warner Varnado) · NYSDOT"}},{"type":"Feature","geometry":{"type":"Point","coordinates":[-74.008799,40.741827]},"properties":{"id":"ora-ny-1160","name":"12 Avenue @ 14 Street","state":"NY","provider":"NYSDOT","hls":null,"snapshot":"https://511ny.org/map/Cctv/3234","refreshMs":30000,"attribution":"Ora (Warner Varnado) · NYSDOT"}},{"type":"Feature","geometry":{"type":"Point","coordinates":[-74.007897,40.747712]},"properties":{"id":"ora-ny-1161","name":"12 Avenue @ 22 Street","state":"NY","provider":"NYSDOT","hls":null,"snapshot":"https://511ny.org/map/Cctv/3235","refreshMs":30000,"attribution":"Ora (Warner Varnado) · NYSDOT"}},{"type":"Feature","geometry":{"type":"Point","coordinates":[-74.004507,40.756295]},"properties":{"id":"ora-ny-1162","name":"12 Avenue @ 34 Street","state":"NY","provider":"NYSDOT","hls":null,"snapshot":"https://511ny.org/map/Cctv/3236","refreshMs":30000,"attribution":"Ora (Warner Varnado) · NYSDOT"}},{"type":"Feature","geometry":{"type":"Point","coordinates":[-74.000902,40.761268]},"properties":{"id":"ora-ny-1163","name":"12 Avenue @ 42 Street","state":"NY","provider":"NYSDOT","hls":null,"snapshot":"https://511ny.org/map/Cctv/3237","refreshMs":30000,"attribution":"Ora (Warner Varnado) · NYSDOT"}},{"type":"Feature","geometry":{"type":"Point","coordinates":[-73.994207,40.770727]},"properties":{"id":"ora-ny-1164","name":"12 Avenue @ 57 Street","state":"NY","provider":"NYSDOT","hls":null,"snapshot":"https://511ny.org/map/Cctv/3238","refreshMs":30000,"attribution":"Ora (Warner Varnado) · NYSDOT"}},{"type":"Feature","geometry":{"type":"Point","coordinates":[-73.933396,40.801953]},"properties":{"id":"ora-ny-1165","name":"2 Avenue @ 125 Street","state":"NY","provider":"NYSDOT","hls":null,"snapshot":"https://511ny.org/map/Cctv/3240","refreshMs":30000,"attribution":"Ora (Warner Varnado) · NYSDOT"}},{"type":"Feature","geometry":{"type":"Point","coordinates":[-73.974895,40.745339]},"properties":{"id":"ora-ny-1166","name":"2 Avenue @ 36 Street","state":"NY","provider":"NYSDOT","hls":null,"snapshot":"https://511ny.org/map/Cctv/3241","refreshMs":30000,"attribution":"Ora (Warner Varnado) · NYSDOT"}},{"type":"Feature","geometry":{"type":"Point","coordinates":[-73.971977,40.749045]},"properties":{"id":"ora-ny-1167","name":"2 Avenue @ 42 Street","state":"NY","provider":"NYSDOT","hls":null,"snapshot":"https://511ny.org/map/Cctv/3242","refreshMs":30000,"attribution":"Ora (Warner Varnado) · NYSDOT"}},{"type":"Feature","geometry":{"type":"Point","coordinates":[-73.968844,40.753402]},"properties":{"id":"ora-ny-1168","name":"2 Avenue @ 49 Street","state":"NY","provider":"NYSDOT","hls":null,"snapshot":"https://511ny.org/map/Cctv/3243","refreshMs":30000,"attribution":"Ora (Warner Varnado) · NYSDOT"}},{"type":"Feature","geometry":{"type":"Point","coordinates":[-73.964682,40.759253]},"properties":{"id":"ora-ny-1169","name":"2 Avenue @ 58 Street","state":"NY","provider":"NYSDOT","hls":null,"snapshot":"https://511ny.org/map/Cctv/3244","refreshMs":30000,"attribution":"Ora (Warner Varnado) · NYSDOT"}},{"type":"Feature","geometry":{"type":"Point","coordinates":[-73.958287,40.767997]},"properties":{"id":"ora-ny-1170","name":"2 Avenue @ 72 Street","state":"NY","provider":"NYSDOT","hls":null,"snapshot":"https://511ny.org/map/Cctv/3245","refreshMs":30000,"attribution":"Ora (Warner Varnado) · NYSDOT"}},{"type":"Feature","geometry":{"type":"Point","coordinates":[-73.964124,40.759903]},"properties":{"id":"ora-ny-1171","name":"2 Avenue @ Queensboro Bridge","state":"NY","provider":"NYSDOT","hls":null,"snapshot":"https://511ny.org/map/Cctv/3247","refreshMs":30000,"attribution":"Ora (Warner Varnado) · NYSDOT"}},{"type":"Feature","geometry":{"type":"Point","coordinates":[-73.917003,40.862836]},"properties":{"id":"ora-ny-1172","name":"207 Street @ 9 Avenue","state":"NY","provider":"NYSDOT","hls":null,"snapshot":"https://511ny.org/map/Cctv/3248","refreshMs":30000,"attribution":"Ora (Warner Varnado) · NYSDOT"}},{"type":"Feature","geometry":{"type":"Point","coordinates":[-73.982964,40.73799]},"properties":{"id":"ora-ny-1173","name":"3 Avenue @ 23 Street","state":"NY","provider":"NYSDOT","hls":null,"snapshot":"https://511ny.org/map/Cctv/3249","refreshMs":30000,"attribution":"Ora (Warner Varnado) · NYSDOT"}},{"type":"Feature","geometry":{"type":"Point","coordinates":[-73.977985,40.744818]},"properties":{"id":"ora-ny-1174","name":"3 Avenue @ 34 Street","state":"NY","provider":"NYSDOT","hls":null,"snapshot":"https://511ny.org/map/Cctv/3250","refreshMs":30000,"attribution":"Ora (Warner Varnado) · NYSDOT"}},{"type":"Feature","geometry":{"type":"Point","coordinates":[-73.974295,40.74989]},"properties":{"id":"ora-ny-1175","name":"3 Avenue @ 42 Street","state":"NY","provider":"NYSDOT","hls":null,"snapshot":"https://511ny.org/map/Cctv/3251","refreshMs":30000,"attribution":"Ora (Warner Varnado) · NYSDOT"}},{"type":"Feature","geometry":{"type":"Point","coordinates":[-73.971162,40.754409]},"properties":{"id":"ora-ny-1176","name":"3 Avenue @ 49 Street","state":"NY","provider":"NYSDOT","hls":null,"snapshot":"https://511ny.org/map/Cctv/3252","refreshMs":30000,"attribution":"Ora (Warner Varnado) · NYSDOT"}},{"type":"Feature","geometry":{"type":"Point","coordinates":[-73.967342,40.759448]},"properties":{"id":"ora-ny-1177","name":"3 Avenue @ 57 Street","state":"NY","provider":"NYSDOT","hls":null,"snapshot":"https://511ny.org/map/Cctv/3253","refreshMs":30000,"attribution":"Ora (Warner Varnado) · NYSDOT"}},{"type":"Feature","geometry":{"type":"Point","coordinates":[-73.989444,40.740689]},"properties":{"id":"ora-ny-1178","name":"5 Avenue @ 23 Street","state":"NY","provider":"NYSDOT","hls":null,"snapshot":"https://511ny.org/map/Cctv/3255","refreshMs":30000,"attribution":"Ora (Warner Varnado) · NYSDOT"}},{"type":"Feature","geometry":{"type":"Point","coordinates":[-73.984466,40.74755]},"properties":{"id":"ora-ny-1179","name":"5 Avenue @ 34 Street","state":"NY","provider":"NYSDOT","hls":null,"snapshot":"https://511ny.org/map/Cctv/3256","refreshMs":30000,"attribution":"Ora (Warner Varnado) · NYSDOT"}},{"type":"Feature","geometry":{"type":"Point","coordinates":[-73.980689,40.752621]},"properties":{"id":"ora-ny-1180","name":"5 Avenue @ 42 Street","state":"NY","provider":"NYSDOT","hls":null,"snapshot":"https://511ny.org/map/Cctv/3257","refreshMs":30000,"attribution":"Ora (Warner Varnado) · NYSDOT"}},{"type":"Feature","geometry":{"type":"Point","coordinates":[-73.977556,40.757108]},"properties":{"id":"ora-ny-1181","name":"5 Avenue @ 49 Street","state":"NY","provider":"NYSDOT","hls":null,"snapshot":"https://511ny.org/map/Cctv/3258","refreshMs":30000,"attribution":"Ora (Warner Varnado) · NYSDOT"}},{"type":"Feature","geometry":{"type":"Point","coordinates":[-73.97378,40.762179]},"properties":{"id":"ora-ny-1182","name":"5 Avenue @ 57 Street","state":"NY","provider":"NYSDOT","hls":null,"snapshot":"https://511ny.org/map/Cctv/3259","refreshMs":30000,"attribution":"Ora (Warner Varnado) · NYSDOT"}},{"type":"Feature","geometry":{"type":"Point","coordinates":[-73.966913,40.771539]},"properties":{"id":"ora-ny-1183","name":"5 Avenue @ 72 Street","state":"NY","provider":"NYSDOT","hls":null,"snapshot":"https://511ny.org/map/Cctv/3260","refreshMs":30000,"attribution":"Ora (Warner Varnado) · NYSDOT"}},{"type":"Feature","geometry":{"type":"Point","coordinates":[-73.996568,40.736494]},"properties":{"id":"ora-ny-1184","name":"6 Avenue @ 14 Street","state":"NY","provider":"NYSDOT","hls":null,"snapshot":"https://511ny.org/map/Cctv/3261","refreshMs":30000,"attribution":"Ora (Warner Varnado) · NYSDOT"}},{"type":"Feature","geometry":{"type":"Point","coordinates":[-73.992662,40.742087]},"properties":{"id":"ora-ny-1185","name":"6 Avenue @ 23 Street","state":"NY","provider":"NYSDOT","hls":null,"snapshot":"https://511ny.org/map/Cctv/3262","refreshMs":30000,"attribution":"Ora (Warner Varnado) · NYSDOT"}},{"type":"Feature","geometry":{"type":"Point","coordinates":[-73.98747,40.748818]},"properties":{"id":"ora-ny-1186","name":"6 Avenue @ 34 Street","state":"NY","provider":"NYSDOT","hls":null,"snapshot":"https://511ny.org/map/Cctv/3263","refreshMs":30000,"attribution":"Ora (Warner Varnado) · NYSDOT"}},{"type":"Feature","geometry":{"type":"Point","coordinates":[-73.983908,40.754084]},"properties":{"id":"ora-ny-1187","name":"6 Avenue @ 42 Street","state":"NY","provider":"NYSDOT","hls":null,"snapshot":"https://511ny.org/map/Cctv/3264","refreshMs":30000,"attribution":"Ora (Warner Varnado) · NYSDOT"}},{"type":"Feature","geometry":{"type":"Point","coordinates":[-73.980898,40.759281]},"properties":{"id":"ora-ny-1188","name":"6 Avenue @ 49 Street","state":"NY","provider":"NYSDOT","hls":null,"snapshot":"https://511ny.org/map/Cctv/3265","refreshMs":30000,"attribution":"Ora (Warner Varnado) · NYSDOT"}},{"type":"Feature","geometry":{"type":"Point","coordinates":[-73.976955,40.763446]},"properties":{"id":"ora-ny-1189","name":"6 Avenue @ 57 Street","state":"NY","provider":"NYSDOT","hls":null,"snapshot":"https://511ny.org/map/Cctv/3266","refreshMs":30000,"attribution":"Ora (Warner Varnado) · NYSDOT"}},{"type":"Feature","geometry":{"type":"Point","coordinates":[-73.976526,40.764291]},"properties":{"id":"ora-ny-1190","name":"6 Avenue @ 58 Street","state":"NY","provider":"NYSDOT","hls":null,"snapshot":"https://511ny.org/map/Cctv/3267","refreshMs":30000,"attribution":"Ora (Warner Varnado) · NYSDOT"}},{"type":"Feature","geometry":{"type":"Point","coordinates":[-74.002878,40.728348]},"properties":{"id":"ora-ny-1191","name":"6 Avenue @ West Houston Street","state":"NY","provider":"NYSDOT","hls":null,"snapshot":"https://511ny.org/map/Cctv/3268","refreshMs":30000,"attribution":"Ora (Warner Varnado) · NYSDOT"}},{"type":"Feature","geometry":{"type":"Point","coordinates":[-73.948159,40.80806]},"properties":{"id":"ora-ny-1192","name":"7 Avenue @ 125 Street","state":"NY","provider":"NYSDOT","hls":null,"snapshot":"https://511ny.org/map/Cctv/3269","refreshMs":30000,"attribution":"Ora (Warner Varnado) · NYSDOT"}},{"type":"Feature","geometry":{"type":"Point","coordinates":[-73.995452,40.743323]},"properties":{"id":"ora-ny-1193","name":"7 Avenue @ 23 Street","state":"NY","provider":"NYSDOT","hls":null,"snapshot":"https://511ny.org/map/Cctv/3271","refreshMs":30000,"attribution":"Ora (Warner Varnado) · NYSDOT"}},{"type":"Feature","geometry":{"type":"Point","coordinates":[-73.99056,40.750151]},"properties":{"id":"ora-ny-1194","name":"7 Avenue @ 34 Street","state":"NY","provider":"NYSDOT","hls":null,"snapshot":"https://511ny.org/map/Cctv/3272","refreshMs":30000,"attribution":"Ora (Warner Varnado) · NYSDOT"}},{"type":"Feature","geometry":{"type":"Point","coordinates":[-73.986476,40.756691]},"properties":{"id":"ora-ny-1195","name":"7 Ave @ 43 Street","state":"NY","provider":"NYSDOT","hls":null,"snapshot":"https://511ny.org/map/Cctv/3273","refreshMs":30000,"attribution":"Ora (Warner Varnado) · NYSDOT"}},{"type":"Feature","geometry":{"type":"Point","coordinates":[-73.983564,40.759643]},"properties":{"id":"ora-ny-1196","name":"7 Avenue @ 49 Street","state":"NY","provider":"NYSDOT","hls":null,"snapshot":"https://511ny.org/map/Cctv/3274","refreshMs":30000,"attribution":"Ora (Warner Varnado) · NYSDOT"}},{"type":"Feature","geometry":{"type":"Point","coordinates":[-73.979959,40.764746]},"properties":{"id":"ora-ny-1197","name":"7 Avenue @ 57 Street","state":"NY","provider":"NYSDOT","hls":null,"snapshot":"https://511ny.org/map/Cctv/3275","refreshMs":30000,"attribution":"Ora (Warner Varnado) · NYSDOT"}},{"type":"Feature","geometry":{"type":"Point","coordinates":[-74.002318,40.738966]},"properties":{"id":"ora-ny-1198","name":"8 Avenue @ 14 Street","state":"NY","provider":"NYSDOT","hls":null,"snapshot":"https://511ny.org/map/Cctv/3276","refreshMs":30000,"attribution":"Ora (Warner Varnado) · NYSDOT"}},{"type":"Feature","geometry":{"type":"Point","coordinates":[-73.998113,40.744396]},"properties":{"id":"ora-ny-1199","name":"8 Avenue @ 23 Street","state":"NY","provider":"NYSDOT","hls":null,"snapshot":"https://511ny.org/map/Cctv/3277","refreshMs":30000,"attribution":"Ora (Warner Varnado) · NYSDOT"}},{"type":"Feature","geometry":{"type":"Point","coordinates":[-73.993392,40.751353]},"properties":{"id":"ora-ny-1200","name":"8 Avenue @ 34 Street","state":"NY","provider":"NYSDOT","hls":null,"snapshot":"https://511ny.org/map/Cctv/3278","refreshMs":30000,"attribution":"Ora (Warner Varnado) · NYSDOT"}},{"type":"Feature","geometry":{"type":"Point","coordinates":[-73.989573,40.756295]},"properties":{"id":"ora-ny-1201","name":"8 Avenue @ 42 Street","state":"NY","provider":"NYSDOT","hls":null,"snapshot":"https://511ny.org/map/Cctv/3279","refreshMs":30000,"attribution":"Ora (Warner Varnado) · NYSDOT"}},{"type":"Feature","geometry":{"type":"Point","coordinates":[-73.986397,40.760813]},"properties":{"id":"ora-ny-1202","name":"8 Avenue @ 49 Street","state":"NY","provider":"NYSDOT","hls":null,"snapshot":"https://511ny.org/map/Cctv/3280","refreshMs":30000,"attribution":"Ora (Warner Varnado) · NYSDOT"}},{"type":"Feature","geometry":{"type":"Point","coordinates":[-73.982265,40.766969]},"properties":{"id":"ora-ny-1203","name":"8 Avenue @ COL Circle South","state":"NY","provider":"NYSDOT","hls":null,"snapshot":"https://511ny.org/map/Cctv/3281","refreshMs":30000,"attribution":"Ora (Warner Varnado) · NYSDOT"}},{"type":"Feature","geometry":{"type":"Point","coordinates":[-73.997898,40.750151]},"properties":{"id":"ora-ny-1204","name":"9 Avenue @ 30 Street","state":"NY","provider":"NYSDOT","hls":null,"snapshot":"https://511ny.org/map/Cctv/3282","refreshMs":30000,"attribution":"Ora (Warner Varnado) · NYSDOT"}},{"type":"Feature","geometry":{"type":"Point","coordinates":[-73.996139,40.752459]},"properties":{"id":"ora-ny-1205","name":"9 Avenue @ 34 Street","state":"NY","provider":"NYSDOT","hls":null,"snapshot":"https://511ny.org/map/Cctv/3283","refreshMs":30000,"attribution":"Ora (Warner Varnado) · NYSDOT"}},{"type":"Feature","geometry":{"type":"Point","coordinates":[-73.994637,40.754474]},"properties":{"id":"ora-ny-1206","name":"9 Avenue @ 37 Street","state":"NY","provider":"NYSDOT","hls":null,"snapshot":"https://511ny.org/map/Cctv/3284","refreshMs":30000,"attribution":"Ora (Warner Varnado) · NYSDOT"}},{"type":"Feature","geometry":{"type":"Point","coordinates":[-73.992448,40.757595]},"properties":{"id":"ora-ny-1207","name":"9 Avenue @ 42 Street","state":"NY","provider":"NYSDOT","hls":null,"snapshot":"https://511ny.org/map/Cctv/3285","refreshMs":30000,"attribution":"Ora (Warner Varnado) · NYSDOT"}},{"type":"Feature","geometry":{"type":"Point","coordinates":[-73.989229,40.761983]},"properties":{"id":"ora-ny-1208","name":"9 Avenue @ 49 Street","state":"NY","provider":"NYSDOT","hls":null,"snapshot":"https://511ny.org/map/Cctv/3287","refreshMs":30000,"attribution":"Ora (Warner Varnado) · NYSDOT"}},{"type":"Feature","geometry":{"type":"Point","coordinates":[-73.985496,40.767119]},"properties":{"id":"ora-ny-1209","name":"9 Avenue @ 57 Street","state":"NY","provider":"NYSDOT","hls":null,"snapshot":"https://511ny.org/map/Cctv/3288","refreshMs":30000,"attribution":"Ora (Warner Varnado) · NYSDOT"}},{"type":"Feature","geometry":{"type":"Point","coordinates":[-73.988845,40.696346]},"properties":{"id":"ora-ny-1210","name":"Adam Street @ Tillary Street","state":"NY","provider":"NYSDOT","hls":null,"snapshot":"https://511ny.org/map/Cctv/3289","refreshMs":30000,"attribution":"Ora (Warner Varnado) · NYSDOT"}},{"type":"Feature","geometry":{"type":"Point","coordinates":[-73.940604,40.850354]},"properties":{"id":"ora-ny-1211","name":"Amsterdam Avenue @ 178 Street","state":"NY","provider":"NYSDOT","hls":null,"snapshot":"https://511ny.org/map/Cctv/3290","refreshMs":30000,"attribution":"Ora (Warner Varnado) · NYSDOT"}},{"type":"Feature","geometry":{"type":"Point","coordinates":[-73.974895,40.786878]},"properties":{"id":"ora-ny-1212","name":"Amsterdam Avenue @ 86 Street","state":"NY","provider":"NYSDOT","hls":null,"snapshot":"https://511ny.org/map/Cctv/3292","refreshMs":30000,"attribution":"Ora (Warner Varnado) · NYSDOT"}},{"type":"Feature","geometry":{"type":"Point","coordinates":[-73.956265,40.813323]},"properties":{"id":"ora-ny-1213","name":"Amsterdam Avenue @ 125 Street","state":"NY","provider":"NYSDOT","hls":null,"snapshot":"https://511ny.org/map/Cctv/3293","refreshMs":30000,"attribution":"Ora (Warner Varnado) · NYSDOT"}},{"type":"Feature","geometry":{"type":"Point","coordinates":[-73.986869,40.770207]},"properties":{"id":"ora-ny-1214","name":"Amsterdam Avenue @ 60 Street","state":"NY","provider":"NYSDOT","hls":null,"snapshot":"https://511ny.org/map/Cctv/3294","refreshMs":30000,"attribution":"Ora (Warner Varnado) · NYSDOT"}},{"type":"Feature","geometry":{"type":"Point","coordinates":[-73.990259,40.688416]},"properties":{"id":"ora-ny-1215","name":"Atlantic Avenue @ Boerum Street","state":"NY","provider":"NYSDOT","hls":null,"snapshot":"https://511ny.org/map/Cctv/3295","refreshMs":30000,"attribution":"Ora (Warner Varnado) · NYSDOT"}},{"type":"Feature","geometry":{"type":"Point","coordinates":[-73.998413,40.690759]},"properties":{"id":"ora-ny-1216","name":"Atlantic Avenue @ BQE","state":"NY","provider":"NYSDOT","hls":null,"snapshot":"https://511ny.org/map/Cctv/3296","refreshMs":30000,"attribution":"Ora (Warner Varnado) · NYSDOT"}},{"type":"Feature","geometry":{"type":"Point","coordinates":[-73.967042,40.680963]},"properties":{"id":"ora-ny-1217","name":"Atlantic Avenue @ Vanderbilt Avenue","state":"NY","provider":"NYSDOT","hls":null,"snapshot":"https://511ny.org/map/Cctv/3297","refreshMs":30000,"attribution":"Ora (Warner Varnado) · NYSDOT"}},{"type":"Feature","geometry":{"type":"Point","coordinates":[-73.8104,40.6666]},"properties":{"id":"ora-ny-1218","name":"Belt Parkway @ 130 Street","state":"NY","provider":"NYSDOT","hls":null,"snapshot":"https://511ny.org/map/Cctv/3298","refreshMs":30000,"attribution":"Ora (Warner Varnado) · NYSDOT"}},{"type":"Feature","geometry":{"type":"Point","coordinates":[-73.854457,40.659301]},"properties":{"id":"ora-ny-1219","name":"Belt Parkway @ 158 Street","state":"NY","provider":"NYSDOT","hls":null,"snapshot":"https://511ny.org/map/Cctv/3300","refreshMs":30000,"attribution":"Ora (Warner Varnado) · NYSDOT"}},{"type":"Feature","geometry":{"type":"Point","coordinates":[-74.035621,40.639032]},"properties":{"id":"ora-ny-1220","name":"Belt Parkway @ 68 Street","state":"NY","provider":"NYSDOT","hls":null,"snapshot":"https://511ny.org/map/Cctv/3302","refreshMs":30000,"attribution":"Ora (Warner Varnado) · NYSDOT"}},{"type":"Feature","geometry":{"type":"Point","coordinates":[-74.016986,40.604393]},"properties":{"id":"ora-ny-1221","name":"Belt Parkway @ Bay 8th Street","state":"NY","provider":"NYSDOT","hls":null,"snapshot":"https://511ny.org/map/Cctv/3303","refreshMs":30000,"attribution":"Ora (Warner Varnado) · NYSDOT"}},{"type":"Feature","geometry":{"type":"Point","coordinates":[-73.740406,40.665275]},"properties":{"id":"ora-ny-1222","name":"Belt Parkway @ Brookville Blvd","state":"NY","provider":"NYSDOT","hls":null,"snapshot":"https://511ny.org/map/Cctv/3304","refreshMs":30000,"attribution":"Ora (Warner Varnado) · NYSDOT"}},{"type":"Feature","geometry":{"type":"Point","coordinates":[-73.726459,40.682884]},"properties":{"id":"ora-ny-1223","name":"Belt Parkway @ Cross Island Split","state":"NY","provider":"NYSDOT","hls":null,"snapshot":"https://511ny.org/map/Cctv/3305","refreshMs":30000,"attribution":"Ora (Warner Varnado) · NYSDOT"}},{"type":"Feature","geometry":{"type":"Point","coordinates":[-73.865762,40.650918]},"properties":{"id":"ora-ny-1224","name":"Belt Parkway @ Erskine Avenue","state":"NY","provider":"NYSDOT","hls":null,"snapshot":"https://511ny.org/map/Cctv/3306","refreshMs":30000,"attribution":"Ora (Warner Varnado) · NYSDOT"}},{"type":"Feature","geometry":{"type":"Point","coordinates":[-73.907647,40.595641]},"properties":{"id":"ora-ny-1225","name":"Belt Parkway @ Flatbush Avenue","state":"NY","provider":"NYSDOT","hls":null,"snapshot":"https://511ny.org/map/Cctv/3307","refreshMs":30000,"attribution":"Ora (Warner Varnado) · NYSDOT"}},{"type":"Feature","geometry":{"type":"Point","coordinates":[-73.770962,40.66674]},"properties":{"id":"ora-ny-1226","name":"Belt Parkway @ Gr Brewer Blvd","state":"NY","provider":"NYSDOT","hls":null,"snapshot":"https://511ny.org/map/Cctv/3308","refreshMs":30000,"attribution":"Ora (Warner Varnado) · NYSDOT"}},{"type":"Feature","geometry":{"type":"Point","coordinates":[-73.966656,40.583257]},"properties":{"id":"ora-ny-1227","name":"Belt Parkway @ Ocean Parkway","state":"NY","provider":"NYSDOT","hls":null,"snapshot":"https://511ny.org/map/Cctv/3309","refreshMs":30000,"attribution":"Ora (Warner Varnado) · NYSDOT"}},{"type":"Feature","geometry":{"type":"Point","coordinates":[-73.87589,40.642517]},"properties":{"id":"ora-ny-1228","name":"Belt Parkway @ Pennsylvania Avenue","state":"NY","provider":"NYSDOT","hls":null,"snapshot":"https://511ny.org/map/Cctv/3311","refreshMs":30000,"attribution":"Ora (Warner Varnado) · NYSDOT"}},{"type":"Feature","geometry":{"type":"Point","coordinates":[-73.757572,40.665275]},"properties":{"id":"ora-ny-1229","name":"Belt Parkway @ Springfield Blvd","state":"NY","provider":"NYSDOT","hls":null,"snapshot":"https://511ny.org/map/Cctv/3312","refreshMs":30000,"attribution":"Ora (Warner Varnado) · NYSDOT"}},{"type":"Feature","geometry":{"type":"Point","coordinates":[-73.896262,40.748744]},"properties":{"id":"ora-ny-1230","name":"BQE @ Broadway","state":"NY","provider":"NYSDOT","hls":null,"snapshot":"https://511ny.org/map/Cctv/3316","refreshMs":30000,"attribution":"Ora (Warner Varnado) · NYSDOT"}},{"type":"Feature","geometry":{"type":"Point","coordinates":[-73.9585,40.81575]},"properties":{"id":"ora-ny-1231","name":"Broadway @ 125 Street","state":"NY","provider":"NYSDOT","hls":null,"snapshot":"https://511ny.org/map/Cctv/3321","refreshMs":30000,"attribution":"Ora (Warner Varnado) · NYSDOT"}},{"type":"Feature","geometry":{"type":"Point","coordinates":[-73.939147,40.84086]},"properties":{"id":"ora-ny-1232","name":"Broadway @ 169 Street","state":"NY","provider":"NYSDOT","hls":null,"snapshot":"https://511ny.org/map/Cctv/3322","refreshMs":30000,"attribution":"Ora (Warner Varnado) · NYSDOT"}},{"type":"Feature","geometry":{"type":"Point","coordinates":[-73.986412,40.7558094297322]},"properties":{"id":"ora-ny-1233","name":"Broadway @ 42 Street","state":"NY","provider":"NYSDOT","hls":null,"snapshot":"https://511ny.org/map/Cctv/3323","refreshMs":30000,"attribution":"Ora (Warner Varnado) · NYSDOT"}},{"type":"Feature","geometry":{"type":"Point","coordinates":[-73.983564,40.761268]},"properties":{"id":"ora-ny-1234","name":"Broadway @ 51 Street","state":"NY","provider":"NYSDOT","hls":null,"snapshot":"https://511ny.org/map/Cctv/3325","refreshMs":30000,"attribution":"Ora (Warner Varnado) · NYSDOT"}},{"type":"Feature","geometry":{"type":"Point","coordinates":[-73.971788,40.794668]},"properties":{"id":"ora-ny-1235","name":"Broadway @ 96 Street","state":"NY","provider":"NYSDOT","hls":null,"snapshot":"https://511ny.org/map/Cctv/3326","refreshMs":30000,"attribution":"Ora (Warner Varnado) · NYSDOT"}},{"type":"Feature","geometry":{"type":"Point","coordinates":[-74.008541,40.710638]},"properties":{"id":"ora-ny-1236","name":"Broadway @ Vesey Street","state":"NY","provider":"NYSDOT","hls":null,"snapshot":"https://511ny.org/map/Cctv/3332","refreshMs":30000,"attribution":"Ora (Warner Varnado) · NYSDOT"}},{"type":"Feature","geometry":{"type":"Point","coordinates":[-74.000735,40.709046]},"properties":{"id":"ora-ny-1237","name":"Brooklyn Bridge - Ped Walkway","state":"NY","provider":"NYSDOT","hls":null,"snapshot":"https://511ny.org/map/Cctv/3335","refreshMs":30000,"attribution":"Ora (Warner Varnado) · NYSDOT"}},{"type":"Feature","geometry":{"type":"Point","coordinates":[-74.004722,40.711776]},"properties":{"id":"ora-ny-1238","name":"Brooklyn Bridge @ Centre Street","state":"NY","provider":"NYSDOT","hls":null,"snapshot":"https://511ny.org/map/Cctv/3336","refreshMs":30000,"attribution":"Ora (Warner Varnado) · NYSDOT"}},{"type":"Feature","geometry":{"type":"Point","coordinates":[-73.992233,40.714411]},"properties":{"id":"ora-ny-1239","name":"Canal Street @ Allen","state":"NY","provider":"NYSDOT","hls":null,"snapshot":"https://511ny.org/map/Cctv/3340","refreshMs":30000,"attribution":"Ora (Warner Varnado) · NYSDOT"}},{"type":"Feature","geometry":{"type":"Point","coordinates":[-73.994594,40.715192]},"properties":{"id":"ora-ny-1240","name":"Canal Street @ Chrystie","state":"NY","provider":"NYSDOT","hls":null,"snapshot":"https://511ny.org/map/Cctv/3341","refreshMs":30000,"attribution":"Ora (Warner Varnado) · NYSDOT"}},{"type":"Feature","geometry":{"type":"Point","coordinates":[-73.999186,40.716623]},"properties":{"id":"ora-ny-1241","name":"Canal Street @ Baxter Street","state":"NY","provider":"NYSDOT","hls":null,"snapshot":"https://511ny.org/map/Cctv/3342","refreshMs":30000,"attribution":"Ora (Warner Varnado) · NYSDOT"}},{"type":"Feature","geometry":{"type":"Point","coordinates":[-74.009786,40.711223]},"properties":{"id":"ora-ny-1242","name":"Church Street @ Vesey Street","state":"NY","provider":"NYSDOT","hls":null,"snapshot":"https://511ny.org/map/Cctv/3345","refreshMs":30000,"attribution":"Ora (Warner Varnado) · NYSDOT"}},{"type":"Feature","geometry":{"type":"Point","coordinates":[-74.009099,40.712492]},"properties":{"id":"ora-ny-1243","name":"Church Street @ Park Pl","state":"NY","provider":"NYSDOT","hls":null,"snapshot":"https://511ny.org/map/Cctv/3347","refreshMs":30000,"attribution":"Ora (Warner Varnado) · NYSDOT"}},{"type":"Feature","geometry":{"type":"Point","coordinates":[-73.981719,40.772157]},"properties":{"id":"ora-ny-1244","name":"Columbus Street @ 65 Street","state":"NY","provider":"NYSDOT","hls":null,"snapshot":"https://511ny.org/map/Cctv/3354","refreshMs":30000,"attribution":"Ora (Warner Varnado) · NYSDOT"}},{"type":"Feature","geometry":{"type":"Point","coordinates":[-73.964697,40.791667]},"properties":{"id":"ora-ny-1245","name":"Central Park South @ 96 Street","state":"NY","provider":"NYSDOT","hls":null,"snapshot":"https://511ny.org/map/Cctv/3355","refreshMs":30000,"attribution":"Ora (Warner Varnado) · NYSDOT"}},{"type":"Feature","geometry":{"type":"Point","coordinates":[-73.981462,40.767737]},"properties":{"id":"ora-ny-1246","name":"Central Park South @ COL Circle East","state":"NY","provider":"NYSDOT","hls":null,"snapshot":"https://511ny.org/map/Cctv/3356","refreshMs":30000,"attribution":"Ora (Warner Varnado) · NYSDOT"}},{"type":"Feature","geometry":{"type":"Point","coordinates":[-73.8257,40.61998]},"properties":{"id":"ora-ny-1247","name":"Cross Bay Blvd @ Wildlife Refuge","state":"NY","provider":"NYSDOT","hls":null,"snapshot":"https://511ny.org/map/Cctv/3357","refreshMs":30000,"attribution":"Ora (Warner Varnado) · NYSDOT"}},{"type":"Feature","geometry":{"type":"Point","coordinates":[-73.8412,40.66419]},"properties":{"id":"ora-ny-1248","name":"Cross Bay Blvd @ 156 Avenue","state":"NY","provider":"NYSDOT","hls":null,"snapshot":"https://511ny.org/map/Cctv/3358","refreshMs":30000,"attribution":"Ora (Warner Varnado) · NYSDOT"}},{"type":"Feature","geometry":{"type":"Point","coordinates":[-73.819342,40.588759]},"properties":{"id":"ora-ny-1249","name":"Cross Bay Blvd @ North Channel Bridge","state":"NY","provider":"NYSDOT","hls":null,"snapshot":"https://511ny.org/map/Cctv/3360","refreshMs":30000,"attribution":"Ora (Warner Varnado) · NYSDOT"}},{"type":"Feature","geometry":{"type":"Point","coordinates":[-73.8446,40.68638]},"properties":{"id":"ora-ny-1250","name":"Cross Bay Blvd @ Rockaway Blvd","state":"NY","provider":"NYSDOT","hls":null,"snapshot":"https://511ny.org/map/Cctv/3361","refreshMs":30000,"attribution":"Ora (Warner Varnado) · NYSDOT"}},{"type":"Feature","geometry":{"type":"Point","coordinates":[-73.81598,40.787365]},"properties":{"id":"ora-ny-1251","name":"Cross Island Parkway @ 14 Avenue","state":"NY","provider":"NYSDOT","hls":null,"snapshot":"https://511ny.org/map/Cctv/3362","refreshMs":30000,"attribution":"Ora (Warner Varnado) · NYSDOT"}},{"type":"Feature","geometry":{"type":"Point","coordinates":[-73.768564,40.779278]},"properties":{"id":"ora-ny-1252","name":"Cross Island Parkway @ Bayside Marina","state":"NY","provider":"NYSDOT","hls":null,"snapshot":"https://511ny.org/map/Cctv/3363","refreshMs":30000,"attribution":"Ora (Warner Varnado) · NYSDOT"}},{"type":"Feature","geometry":{"type":"Point","coordinates":[-73.790539,40.788185]},"properties":{"id":"ora-ny-1253","name":"Cross Island Parkway @ Throgs Neck Bridge","state":"NY","provider":"NYSDOT","hls":null,"snapshot":"https://511ny.org/map/Cctv/3364","refreshMs":30000,"attribution":"Ora (Warner Varnado) · NYSDOT"}},{"type":"Feature","geometry":{"type":"Point","coordinates":[-73.726501,40.740169]},"properties":{"id":"ora-ny-1254","name":"Cross Island Parkway @ Union Turnpike","state":"NY","provider":"NYSDOT","hls":null,"snapshot":"https://511ny.org/map/Cctv/3365","refreshMs":30000,"attribution":"Ora (Warner Varnado) · NYSDOT"}},{"type":"Feature","geometry":{"type":"Point","coordinates":[-73.993907,40.758148]},"properties":{"id":"ora-ny-1255","name":"Dyre Avenue @ 42 Street","state":"NY","provider":"NYSDOT","hls":null,"snapshot":"https://511ny.org/map/Cctv/3366","refreshMs":30000,"attribution":"Ora (Warner Varnado) · NYSDOT"}},{"type":"Feature","geometry":{"type":"Point","coordinates":[-73.935403,40.791666]},"properties":{"id":"ora-ny-1256","name":"FDR Drive @ 111 Street","state":"NY","provider":"NYSDOT","hls":null,"snapshot":"https://511ny.org/map/Cctv/3367","refreshMs":30000,"attribution":"Ora (Warner Varnado) · NYSDOT"}},{"type":"Feature","geometry":{"type":"Point","coordinates":[-73.974681,40.734804]},"properties":{"id":"ora-ny-1257","name":"FDR Drive @ 23 Street","state":"NY","provider":"NYSDOT","hls":null,"snapshot":"https://511ny.org/map/Cctv/3368","refreshMs":30000,"attribution":"Ora (Warner Varnado) · NYSDOT"}},{"type":"Feature","geometry":{"type":"Point","coordinates":[-73.933396,40.806371]},"properties":{"id":"ora-ny-1258","name":"FDR Drive @ 3 Avenue","state":"NY","provider":"NYSDOT","hls":null,"snapshot":"https://511ny.org/map/Cctv/3369","refreshMs":30000,"attribution":"Ora (Warner Varnado) · NYSDOT"}},{"type":"Feature","geometry":{"type":"Point","coordinates":[-73.971242,40.744441]},"properties":{"id":"ora-ny-1259","name":"FDR Drive @ 38 Street","state":"NY","provider":"NYSDOT","hls":null,"snapshot":"https://511ny.org/map/Cctv/3370","refreshMs":30000,"attribution":"Ora (Warner Varnado) · NYSDOT"}},{"type":"Feature","geometry":{"type":"Point","coordinates":[-73.965239,40.751693]},"properties":{"id":"ora-ny-1260","name":"FDR Drive @ 48 Street","state":"NY","provider":"NYSDOT","hls":null,"snapshot":"https://511ny.org/map/Cctv/3371","refreshMs":30000,"attribution":"Ora (Warner Varnado) · NYSDOT"}},{"type":"Feature","geometry":{"type":"Point","coordinates":[-73.947626,40.770256]},"properties":{"id":"ora-ny-1261","name":"FDR Drive @ 79 Street","state":"NY","provider":"NYSDOT","hls":null,"snapshot":"https://511ny.org/map/Cctv/3373","refreshMs":30000,"attribution":"Ora (Warner Varnado) · NYSDOT"}},{"type":"Feature","geometry":{"type":"Point","coordinates":[-73.942713,40.777422]},"properties":{"id":"ora-ny-1262","name":"FDR Drive @ 90 Street","state":"NY","provider":"NYSDOT","hls":null,"snapshot":"https://511ny.org/map/Cctv/3374","refreshMs":30000,"attribution":"Ora (Warner Varnado) · NYSDOT"}},{"type":"Feature","geometry":{"type":"Point","coordinates":[-73.943696,40.782101]},"properties":{"id":"ora-ny-1263","name":"FDR Drive @ 96 Street","state":"NY","provider":"NYSDOT","hls":null,"snapshot":"https://511ny.org/map/Cctv/3375","refreshMs":30000,"attribution":"Ora (Warner Varnado) · NYSDOT"}},{"type":"Feature","geometry":{"type":"Point","coordinates":[-74.000044,40.707255]},"properties":{"id":"ora-ny-1264","name":"FDR Drive @ Brooklyn Bridge Exit SB","state":"NY","provider":"NYSDOT","hls":null,"snapshot":"https://511ny.org/map/Cctv/3376","refreshMs":30000,"attribution":"Ora (Warner Varnado) · NYSDOT"}},{"type":"Feature","geometry":{"type":"Point","coordinates":[-73.998671,40.707808]},"properties":{"id":"ora-ny-1265","name":"FDR Drive @ Brooklyn Bridge NB","state":"NY","provider":"NYSDOT","hls":null,"snapshot":"https://511ny.org/map/Cctv/3377","refreshMs":30000,"attribution":"Ora (Warner Varnado) · NYSDOT"}},{"type":"Feature","geometry":{"type":"Point","coordinates":[-73.96219,40.754739]},"properties":{"id":"ora-ny-1266","name":"FDR Drive @ E 53 Street","state":"NY","provider":"NYSDOT","hls":null,"snapshot":"https://511ny.org/map/Cctv/3380","refreshMs":30000,"attribution":"Ora (Warner Varnado) · NYSDOT"}},{"type":"Feature","geometry":{"type":"Point","coordinates":[-73.974554,40.721494]},"properties":{"id":"ora-ny-1267","name":"FDR Drive @ E 6 Street","state":"NY","provider":"NYSDOT","hls":null,"snapshot":"https://511ny.org/map/Cctv/3381","refreshMs":30000,"attribution":"Ora (Warner Varnado) · NYSDOT"}},{"type":"Feature","geometry":{"type":"Point","coordinates":[-73.977491,40.713209]},"properties":{"id":"ora-ny-1268","name":"FDR Drive @ Grand Street","state":"NY","provider":"NYSDOT","hls":null,"snapshot":"https://511ny.org/map/Cctv/3382","refreshMs":30000,"attribution":"Ora (Warner Varnado) · NYSDOT"}},{"type":"Feature","geometry":{"type":"Point","coordinates":[-73.980571,40.710874]},"properties":{"id":"ora-ny-1269","name":"FDR Drive @ Jackson Street","state":"NY","provider":"NYSDOT","hls":null,"snapshot":"https://511ny.org/map/Cctv/3383","refreshMs":30000,"attribution":"Ora (Warner Varnado) · NYSDOT"}},{"type":"Feature","geometry":{"type":"Point","coordinates":[-74.007039,40.703155]},"properties":{"id":"ora-ny-1270","name":"FDR Drive @ Old Slip","state":"NY","provider":"NYSDOT","hls":null,"snapshot":"https://511ny.org/map/Cctv/3384","refreshMs":30000,"attribution":"Ora (Warner Varnado) · NYSDOT"}},{"type":"Feature","geometry":{"type":"Point","coordinates":[-73.977942,40.683892]},"properties":{"id":"ora-ny-1271","name":"Flatbush Avenue @ 4 Avenue","state":"NY","provider":"NYSDOT","hls":null,"snapshot":"https://511ny.org/map/Cctv/3385","refreshMs":30000,"attribution":"Ora (Warner Varnado) · NYSDOT"}},{"type":"Feature","geometry":{"type":"Point","coordinates":[-73.976998,40.683209]},"properties":{"id":"ora-ny-1272","name":"Flatbush Avenue @ Atlantic Avenue","state":"NY","provider":"NYSDOT","hls":null,"snapshot":"https://511ny.org/map/Cctv/3387","refreshMs":30000,"attribution":"Ora (Warner Varnado) · NYSDOT"}},{"type":"Feature","geometry":{"type":"Point","coordinates":[-73.980389,40.688025]},"properties":{"id":"ora-ny-1273","name":"Flatbush Avenue @ Fulton Street","state":"NY","provider":"NYSDOT","hls":null,"snapshot":"https://511ny.org/map/Cctv/3388","refreshMs":30000,"attribution":"Ora (Warner Varnado) · NYSDOT"}},{"type":"Feature","geometry":{"type":"Point","coordinates":[-73.982234,40.691214]},"properties":{"id":"ora-ny-1274","name":"Flatbush Avenue @ Willoughby","state":"NY","provider":"NYSDOT","hls":null,"snapshot":"https://511ny.org/map/Cctv/3390","refreshMs":30000,"attribution":"Ora (Warner Varnado) · NYSDOT"}},{"type":"Feature","geometry":{"type":"Point","coordinates":[-73.896704,40.861797]},"properties":{"id":"ora-ny-1275","name":"Fordham Road @ Grand Concourse","state":"NY","provider":"NYSDOT","hls":null,"snapshot":"https://511ny.org/map/Cctv/3391","refreshMs":30000,"attribution":"Ora (Warner Varnado) · NYSDOT"}},{"type":"Feature","geometry":{"type":"Point","coordinates":[-73.884087,40.857545]},"properties":{"id":"ora-ny-1276","name":"Fordham Road @ Hughes Avenue","state":"NY","provider":"NYSDOT","hls":null,"snapshot":"https://511ny.org/map/Cctv/3392","refreshMs":30000,"attribution":"Ora (Warner Varnado) · NYSDOT"}},{"type":"Feature","geometry":{"type":"Point","coordinates":[-74.001203,40.745794]},"properties":{"id":"ora-ny-1277","name":"9 Avenue @ 23 Street","state":"NY","provider":"NYSDOT","hls":null,"snapshot":"https://511ny.org/map/Cctv/3395","refreshMs":30000,"attribution":"Ora (Warner Varnado) · NYSDOT"}},{"type":"Feature","geometry":{"type":"Point","coordinates":[-73.800069,40.716879]},"properties":{"id":"ora-ny-1278","name":"GCP @ 166 Street","state":"NY","provider":"NYSDOT","hls":null,"snapshot":"https://511ny.org/map/Cctv/3396","refreshMs":30000,"attribution":"Ora (Warner Varnado) · NYSDOT"}},{"type":"Feature","geometry":{"type":"Point","coordinates":[-73.75371,40.726934]},"properties":{"id":"ora-ny-1279","name":"GCP @ 214 Street","state":"NY","provider":"NYSDOT","hls":null,"snapshot":"https://511ny.org/map/Cctv/3397","refreshMs":30000,"attribution":"Ora (Warner Varnado) · NYSDOT"}},{"type":"Feature","geometry":{"type":"Point","coordinates":[-73.917131,40.770109]},"properties":{"id":"ora-ny-1280","name":"GCP @ 31 Street (Triboro Bridge)","state":"NY","provider":"NYSDOT","hls":null,"snapshot":"https://511ny.org/map/Cctv/3398","refreshMs":30000,"attribution":"Ora (Warner Varnado) · NYSDOT"}},{"type":"Feature","geometry":{"type":"Point","coordinates":[-73.877462,40.771466]},"properties":{"id":"ora-ny-1281","name":"GCP @ LaGuardia 94 Street Exit","state":"NY","provider":"NYSDOT","hls":null,"snapshot":"https://511ny.org/map/Cctv/3399","refreshMs":30000,"attribution":"Ora (Warner Varnado) · NYSDOT"}},{"type":"Feature","geometry":{"type":"Point","coordinates":[-73.901557,40.767769]},"properties":{"id":"ora-ny-1282","name":"GCP Astoria N SR @ 49 Street","state":"NY","provider":"NYSDOT","hls":null,"snapshot":"https://511ny.org/map/Cctv/3400","refreshMs":30000,"attribution":"Ora (Warner Varnado) · NYSDOT"}},{"type":"Feature","geometry":{"type":"Point","coordinates":[-73.968781,40.672744]},"properties":{"id":"ora-ny-1283","name":"Grand Army Plaza","state":"NY","provider":"NYSDOT","hls":null,"snapshot":"https://511ny.org/map/Cctv/3401","refreshMs":30000,"attribution":"Ora (Warner Varnado) · NYSDOT"}},{"type":"Feature","geometry":{"type":"Point","coordinates":[-73.990946,40.716558]},"properties":{"id":"ora-ny-1284","name":"Grand Street @ Allen Street","state":"NY","provider":"NYSDOT","hls":null,"snapshot":"https://511ny.org/map/Cctv/3402","refreshMs":30000,"attribution":"Ora (Warner Varnado) · NYSDOT"}},{"type":"Feature","geometry":{"type":"Point","coordinates":[-74.000516,40.720006]},"properties":{"id":"ora-ny-1285","name":"Grand Street @ Broadway","state":"NY","provider":"NYSDOT","hls":null,"snapshot":"https://511ny.org/map/Cctv/3403","refreshMs":30000,"attribution":"Ora (Warner Varnado) · NYSDOT"}},{"type":"Feature","geometry":{"type":"Point","coordinates":[-73.9888,40.715908]},"properties":{"id":"ora-ny-1286","name":"Grand Street @ Essex Street","state":"NY","provider":"NYSDOT","hls":null,"snapshot":"https://511ny.org/map/Cctv/3404","refreshMs":30000,"attribution":"Ora (Warner Varnado) · NYSDOT"}},{"type":"Feature","geometry":{"type":"Point","coordinates":[-73.988328,40.779014]},"properties":{"id":"ora-ny-1287","name":"Henry Hudson Parkway @ 70 Street","state":"NY","provider":"NYSDOT","hls":null,"snapshot":"https://511ny.org/map/Cctv/3406","refreshMs":30000,"attribution":"Ora (Warner Varnado) · NYSDOT"}},{"type":"Feature","geometry":{"type":"Point","coordinates":[-73.976183,40.795618]},"properties":{"id":"ora-ny-1288","name":"Henry Hudson Parkway @ 96 Street","state":"NY","provider":"NYSDOT","hls":null,"snapshot":"https://511ny.org/map/Cctv/3407","refreshMs":30000,"attribution":"Ora (Warner Varnado) · NYSDOT"}},{"type":"Feature","geometry":{"type":"Point","coordinates":[-73.957257,40.821994]},"properties":{"id":"ora-ny-1289","name":"Henry Hudson Parkway @ 137 Street","state":"NY","provider":"NYSDOT","hls":null,"snapshot":"https://511ny.org/map/Cctv/3408","refreshMs":30000,"attribution":"Ora (Warner Varnado) · NYSDOT"}},{"type":"Feature","geometry":{"type":"Point","coordinates":[-73.948717,40.835892]},"properties":{"id":"ora-ny-1290","name":"Henry Hudson Parkway @ 158 Street","state":"NY","provider":"NYSDOT","hls":null,"snapshot":"https://511ny.org/map/Cctv/3409","refreshMs":30000,"attribution":"Ora (Warner Varnado) · NYSDOT"}},{"type":"Feature","geometry":{"type":"Point","coordinates":[-73.914514,40.883831]},"properties":{"id":"ora-ny-1291","name":"Henry Hudson Parkway @ 232 Street","state":"NY","provider":"NYSDOT","hls":null,"snapshot":"https://511ny.org/map/Cctv/3410","refreshMs":30000,"attribution":"Ora (Warner Varnado) · NYSDOT"}},{"type":"Feature","geometry":{"type":"Point","coordinates":[-73.713777,40.736207]},"properties":{"id":"ora-ny-1292","name":"Hillside Avenue @ Little Neck Parkway","state":"NY","provider":"NYSDOT","hls":null,"snapshot":"https://511ny.org/map/Cctv/3411","refreshMs":30000,"attribution":"Ora (Warner Varnado) · NYSDOT"}},{"type":"Feature","geometry":{"type":"Point","coordinates":[-74.009506,40.725925]},"properties":{"id":"ora-ny-1293","name":"Holland Tunnel","state":"NY","provider":"NYSDOT","hls":null,"snapshot":"https://511ny.org/map/Cctv/3412","refreshMs":30000,"attribution":"Ora (Warner Varnado) · NYSDOT"}},{"type":"Feature","geometry":{"type":"Point","coordinates":[-73.992623,40.724348]},"properties":{"id":"ora-ny-1294","name":"Houston Street @ Bowery Street","state":"NY","provider":"NYSDOT","hls":null,"snapshot":"https://511ny.org/map/Cctv/3413","refreshMs":30000,"attribution":"Ora (Warner Varnado) · NYSDOT"}},{"type":"Feature","geometry":{"type":"Point","coordinates":[-73.996756,40.725458]},"properties":{"id":"ora-ny-1295","name":"Houston Street @ Broadway","state":"NY","provider":"NYSDOT","hls":null,"snapshot":"https://511ny.org/map/Cctv/3414","refreshMs":30000,"attribution":"Ora (Warner Varnado) · NYSDOT"}},{"type":"Feature","geometry":{"type":"Point","coordinates":[-73.990992,40.724006]},"properties":{"id":"ora-ny-1296","name":"Houston Street @ Chrystie Street","state":"NY","provider":"NYSDOT","hls":null,"snapshot":"https://511ny.org/map/Cctv/3415","refreshMs":30000,"attribution":"Ora (Warner Varnado) · NYSDOT"}},{"type":"Feature","geometry":{"type":"Point","coordinates":[-73.995413,40.725063]},"properties":{"id":"ora-ny-1297","name":"Houston Street @ Lafeyette Street","state":"NY","provider":"NYSDOT","hls":null,"snapshot":"https://511ny.org/map/Cctv/3416","refreshMs":30000,"attribution":"Ora (Warner Varnado) · NYSDOT"}},{"type":"Feature","geometry":{"type":"Point","coordinates":[-74.109749,40.570469]},"properties":{"id":"ora-ny-1298","name":"Hylan Blvd @ New Dorp Lane","state":"NY","provider":"NYSDOT","hls":null,"snapshot":"https://511ny.org/map/Cctv/3417","refreshMs":30000,"attribution":"Ora (Warner Varnado) · NYSDOT"}},{"type":"Feature","geometry":{"type":"Point","coordinates":[-73.940606,40.813322]},"properties":{"id":"ora-ny-1299","name":"Lenox Avenue @ 135 Street","state":"NY","provider":"NYSDOT","hls":null,"snapshot":"https://511ny.org/map/Cctv/3418","refreshMs":30000,"attribution":"Ora (Warner Varnado) · NYSDOT"}},{"type":"Feature","geometry":{"type":"Point","coordinates":[-73.979616,40.745696]},"properties":{"id":"ora-ny-1300","name":"Lexington Avenue @ 34 Street","state":"NY","provider":"NYSDOT","hls":null,"snapshot":"https://511ny.org/map/Cctv/3420","refreshMs":30000,"attribution":"Ora (Warner Varnado) · NYSDOT"}},{"type":"Feature","geometry":{"type":"Point","coordinates":[-73.975925,40.750638]},"properties":{"id":"ora-ny-1301","name":"Lexington Avenue @ 42 Street","state":"NY","provider":"NYSDOT","hls":null,"snapshot":"https://511ny.org/map/Cctv/3421","refreshMs":30000,"attribution":"Ora (Warner Varnado) · NYSDOT"}},{"type":"Feature","geometry":{"type":"Point","coordinates":[-73.968759,40.760066]},"properties":{"id":"ora-ny-1302","name":"Lexington Avenue @ 57 Street","state":"NY","provider":"NYSDOT","hls":null,"snapshot":"https://511ny.org/map/Cctv/3423","refreshMs":30000,"attribution":"Ora (Warner Varnado) · NYSDOT"}},{"type":"Feature","geometry":{"type":"Point","coordinates":[-73.815047,40.738943]},"properties":{"id":"ora-ny-1303","name":"Long Island Expressway @ Kissena Blvd","state":"NY","provider":"NYSDOT","hls":null,"snapshot":"https://511ny.org/map/Cctv/3426","refreshMs":30000,"attribution":"Ora (Warner Varnado) · NYSDOT"}},{"type":"Feature","geometry":{"type":"Point","coordinates":[-73.73183,40.760716]},"properties":{"id":"ora-ny-1304","name":"Long Island Expressway @ Marathon Parkway","state":"NY","provider":"NYSDOT","hls":null,"snapshot":"https://511ny.org/map/Cctv/3427","refreshMs":30000,"attribution":"Ora (Warner Varnado) · NYSDOT"}},{"type":"Feature","geometry":{"type":"Point","coordinates":[-73.931447,40.828115]},"properties":{"id":"ora-ny-1305","name":"Macombs Dam Bridge","state":"NY","provider":"NYSDOT","hls":null,"snapshot":"https://511ny.org/map/Cctv/3428","refreshMs":30000,"attribution":"Ora (Warner Varnado) · NYSDOT"}},{"type":"Feature","geometry":{"type":"Point","coordinates":[-73.982835,40.746867]},"properties":{"id":"ora-ny-1306","name":"Madison Avenue @ 34 Street","state":"NY","provider":"NYSDOT","hls":null,"snapshot":"https://511ny.org/map/Cctv/3429","refreshMs":30000,"attribution":"Ora (Warner Varnado) · NYSDOT"}},{"type":"Feature","geometry":{"type":"Point","coordinates":[-73.979015,40.751971]},"properties":{"id":"ora-ny-1307","name":"Madison Avenue @ 42 Street","state":"NY","provider":"NYSDOT","hls":null,"snapshot":"https://511ny.org/map/Cctv/3430","refreshMs":30000,"attribution":"Ora (Warner Varnado) · NYSDOT"}},{"type":"Feature","geometry":{"type":"Point","coordinates":[-73.97584,40.75636]},"properties":{"id":"ora-ny-1308","name":"Madison Avenue @ 49 Street","state":"NY","provider":"NYSDOT","hls":null,"snapshot":"https://511ny.org/map/Cctv/3431","refreshMs":30000,"attribution":"Ora (Warner Varnado) · NYSDOT"}},{"type":"Feature","geometry":{"type":"Point","coordinates":[-73.972149,40.761463]},"properties":{"id":"ora-ny-1309","name":"Madison Avenue @ 57 Street","state":"NY","provider":"NYSDOT","hls":null,"snapshot":"https://511ny.org/map/Cctv/3432","refreshMs":30000,"attribution":"Ora (Warner Varnado) · NYSDOT"}},{"type":"Feature","geometry":{"type":"Point","coordinates":[-73.953996,40.786455]},"properties":{"id":"ora-ny-1310","name":"Madison Avenue @ 96 Street","state":"NY","provider":"NYSDOT","hls":null,"snapshot":"https://511ny.org/map/Cctv/3433","refreshMs":30000,"attribution":"Ora (Warner Varnado) · NYSDOT"}},{"type":"Feature","geometry":{"type":"Point","coordinates":[-73.984656,40.710689]},"properties":{"id":"ora-ny-1311","name":"Montgomery @ South Street","state":"NY","provider":"NYSDOT","hls":null,"snapshot":"https://511ny.org/map/Cctv/3442","refreshMs":30000,"attribution":"Ora (Warner Varnado) · NYSDOT"}},{"type":"Feature","geometry":{"type":"Point","coordinates":[-73.832667,40.868476]},"properties":{"id":"ora-ny-1312","name":"New England Thruway @ Bartow Avenue","state":"NY","provider":"NYSDOT","hls":null,"snapshot":"https://511ny.org/map/Cctv/3443","refreshMs":30000,"attribution":"Ora (Warner Varnado) · NYSDOT"}},{"type":"Feature","geometry":{"type":"Point","coordinates":[-73.8259,40.8839]},"properties":{"id":"ora-ny-1313","name":"New England Thruway @ Conner Street","state":"NY","provider":"NYSDOT","hls":null,"snapshot":"https://511ny.org/map/Cctv/3444","refreshMs":30000,"attribution":"Ora (Warner Varnado) · NYSDOT"}},{"type":"Feature","geometry":{"type":"Point","coordinates":[-73.898592,40.753662]},"properties":{"id":"ora-ny-1314","name":"Northern Blvd @ 60 Street","state":"NY","provider":"NYSDOT","hls":null,"snapshot":"https://511ny.org/map/Cctv/3447","refreshMs":30000,"attribution":"Ora (Warner Varnado) · NYSDOT"}},{"type":"Feature","geometry":{"type":"Point","coordinates":[-73.931943,40.752004]},"properties":{"id":"ora-ny-1315","name":"Northern Blvd @ Honeywell Bridge","state":"NY","provider":"NYSDOT","hls":null,"snapshot":"https://511ny.org/map/Cctv/3449","refreshMs":30000,"attribution":"Ora (Warner Varnado) · NYSDOT"}},{"type":"Feature","geometry":{"type":"Point","coordinates":[-73.735503,40.770649]},"properties":{"id":"ora-ny-1316","name":"Northern Blvd @ Little Neck Parkway","state":"NY","provider":"NYSDOT","hls":null,"snapshot":"https://511ny.org/map/Cctv/3450","refreshMs":30000,"attribution":"Ora (Warner Varnado) · NYSDOT"}},{"type":"Feature","geometry":{"type":"Point","coordinates":[-73.972751,40.636159]},"properties":{"id":"ora-ny-1317","name":"Ocean Parkway @ Avenue I","state":"NY","provider":"NYSDOT","hls":null,"snapshot":"https://511ny.org/map/Cctv/3451","refreshMs":30000,"attribution":"Ora (Warner Varnado) · NYSDOT"}},{"type":"Feature","geometry":{"type":"Point","coordinates":[-73.972751,40.636159]},"properties":{"id":"ora-ny-1318","name":"Ocean Parkway @ Ditmas Avenue","state":"NY","provider":"NYSDOT","hls":null,"snapshot":"https://511ny.org/map/Cctv/3453","refreshMs":30000,"attribution":"Ora (Warner Varnado) · NYSDOT"}},{"type":"Feature","geometry":{"type":"Point","coordinates":[-73.986311,40.739388]},"properties":{"id":"ora-ny-1319","name":"Park Avenue @ 23 Street","state":"NY","provider":"NYSDOT","hls":null,"snapshot":"https://511ny.org/map/Cctv/3456","refreshMs":30000,"attribution":"Ora (Warner Varnado) · NYSDOT"}},{"type":"Feature","geometry":{"type":"Point","coordinates":[-73.981247,40.746184]},"properties":{"id":"ora-ny-1320","name":"Park Avenue @ 34 Street","state":"NY","provider":"NYSDOT","hls":null,"snapshot":"https://511ny.org/map/Cctv/3457","refreshMs":30000,"attribution":"Ora (Warner Varnado) · NYSDOT"}},{"type":"Feature","geometry":{"type":"Point","coordinates":[-73.970518,40.760846]},"properties":{"id":"ora-ny-1321","name":"Park Avenue @ 57 Street","state":"NY","provider":"NYSDOT","hls":null,"snapshot":"https://511ny.org/map/Cctv/3458","refreshMs":30000,"attribution":"Ora (Warner Varnado) · NYSDOT"}},{"type":"Feature","geometry":{"type":"Point","coordinates":[-74.001932,40.708686]},"properties":{"id":"ora-ny-1322","name":"Pearl Street @ Dover","state":"NY","provider":"NYSDOT","hls":null,"snapshot":"https://511ny.org/map/Cctv/3459","refreshMs":30000,"attribution":"Ora (Warner Varnado) · NYSDOT"}},{"type":"Feature","geometry":{"type":"Point","coordinates":[-74.000216,40.710475]},"properties":{"id":"ora-ny-1323","name":"Pearl Street @ St. James","state":"NY","provider":"NYSDOT","hls":null,"snapshot":"https://511ny.org/map/Cctv/3460","refreshMs":30000,"attribution":"Ora (Warner Varnado) · NYSDOT"}},{"type":"Feature","geometry":{"type":"Point","coordinates":[-73.994958,40.666593]},"properties":{"id":"ora-ny-1324","name":"Prospect Parkway @ 3 Avenue","state":"NY","provider":"NYSDOT","hls":null,"snapshot":"https://511ny.org/map/Cctv/3461","refreshMs":30000,"attribution":"Ora (Warner Varnado) · NYSDOT"}},{"type":"Feature","geometry":{"type":"Point","coordinates":[-73.940134,40.750281]},"properties":{"id":"ora-ny-1325","name":"QBB @ Crescent Street","state":"NY","provider":"NYSDOT","hls":null,"snapshot":"https://511ny.org/map/Cctv/3462","refreshMs":30000,"attribution":"Ora (Warner Varnado) · NYSDOT"}},{"type":"Feature","geometry":{"type":"Point","coordinates":[-73.946443,40.752686]},"properties":{"id":"ora-ny-1326","name":"QBB Lower Level Center Mall @ 11 Street","state":"NY","provider":"NYSDOT","hls":null,"snapshot":"https://511ny.org/map/Cctv/3463","refreshMs":30000,"attribution":"Ora (Warner Varnado) · NYSDOT"}},{"type":"Feature","geometry":{"type":"Point","coordinates":[-73.96009,40.758733]},"properties":{"id":"ora-ny-1327","name":"QBB North Outer Roadway @ York Avenue","state":"NY","provider":"NYSDOT","hls":null,"snapshot":"https://511ny.org/map/Cctv/3465","refreshMs":30000,"attribution":"Ora (Warner Varnado) · NYSDOT"}},{"type":"Feature","geometry":{"type":"Point","coordinates":[-73.951292,40.754734]},"properties":{"id":"ora-ny-1328","name":"QBB Upper Level @ Queens Pier","state":"NY","provider":"NYSDOT","hls":null,"snapshot":"https://511ny.org/map/Cctv/3467","refreshMs":30000,"attribution":"Ora (Warner Varnado) · NYSDOT"}},{"type":"Feature","geometry":{"type":"Point","coordinates":[-73.954682,40.756197]},"properties":{"id":"ora-ny-1329","name":"QBB Upper Level Center Mall @ Roosevelt","state":"NY","provider":"NYSDOT","hls":null,"snapshot":"https://511ny.org/map/Cctv/3468","refreshMs":30000,"attribution":"Ora (Warner Varnado) · NYSDOT"}},{"type":"Feature","geometry":{"type":"Point","coordinates":[-73.96039,40.75857]},"properties":{"id":"ora-ny-1330","name":"QBB Upper Level Center Mall @ York Avenue","state":"NY","provider":"NYSDOT","hls":null,"snapshot":"https://511ny.org/map/Cctv/3469","refreshMs":30000,"attribution":"Ora (Warner Varnado) · NYSDOT"}},{"type":"Feature","geometry":{"type":"Point","coordinates":[-73.926203,40.744033]},"properties":{"id":"ora-ny-1331","name":"Queens Blvd @ 36 Street","state":"NY","provider":"NYSDOT","hls":null,"snapshot":"https://511ny.org/map/Cctv/3471","refreshMs":30000,"attribution":"Ora (Warner Varnado) · NYSDOT"}},{"type":"Feature","geometry":{"type":"Point","coordinates":[-73.857651,40.727974]},"properties":{"id":"ora-ny-1332","name":"Queens Blvd @ 65 Avenue","state":"NY","provider":"NYSDOT","hls":null,"snapshot":"https://511ny.org/map/Cctv/3472","refreshMs":30000,"attribution":"Ora (Warner Varnado) · NYSDOT"}},{"type":"Feature","geometry":{"type":"Point","coordinates":[-73.898293,40.741495]},"properties":{"id":"ora-ny-1333","name":"Queens Blvd @ 65 Pl","state":"NY","provider":"NYSDOT","hls":null,"snapshot":"https://511ny.org/map/Cctv/3473","refreshMs":30000,"attribution":"Ora (Warner Varnado) · NYSDOT"}},{"type":"Feature","geometry":{"type":"Point","coordinates":[-73.937377,40.748948]},"properties":{"id":"ora-ny-1334","name":"Queens Blvd @ Jackson Avenue","state":"NY","provider":"NYSDOT","hls":null,"snapshot":"https://511ny.org/map/Cctv/3474","refreshMs":30000,"attribution":"Ora (Warner Varnado) · NYSDOT"}},{"type":"Feature","geometry":{"type":"Point","coordinates":[-73.869324,40.733568]},"properties":{"id":"ora-ny-1335","name":"Queens Blvd @ Queens Center Mall","state":"NY","provider":"NYSDOT","hls":null,"snapshot":"https://511ny.org/map/Cctv/3475","refreshMs":30000,"attribution":"Ora (Warner Varnado) · NYSDOT"}},{"type":"Feature","geometry":{"type":"Point","coordinates":[-73.934449,40.746032]},"properties":{"id":"ora-ny-1336","name":"Queens Blvd @ Skillman","state":"NY","provider":"NYSDOT","hls":null,"snapshot":"https://511ny.org/map/Cctv/3476","refreshMs":30000,"attribution":"Ora (Warner Varnado) · NYSDOT"}},{"type":"Feature","geometry":{"type":"Point","coordinates":[-73.934624,40.743034]},"properties":{"id":"ora-ny-1337","name":"Queens Blvd @ Van Dam Street","state":"NY","provider":"NYSDOT","hls":null,"snapshot":"https://511ny.org/map/Cctv/3477","refreshMs":30000,"attribution":"Ora (Warner Varnado) · NYSDOT"}},{"type":"Feature","geometry":{"type":"Point","coordinates":[-73.936121,40.747615]},"properties":{"id":"ora-ny-1338","name":"Queens Blvd Mid Span of Queensboro Bridge","state":"NY","provider":"NYSDOT","hls":null,"snapshot":"https://511ny.org/map/Cctv/3478","refreshMs":30000,"attribution":"Ora (Warner Varnado) · NYSDOT"}},{"type":"Feature","geometry":{"type":"Point","coordinates":[-73.938321,40.750323]},"properties":{"id":"ora-ny-1339","name":"Queens Plaza N @ Northern Blvd","state":"NY","provider":"NYSDOT","hls":null,"snapshot":"https://511ny.org/map/Cctv/3479","refreshMs":30000,"attribution":"Ora (Warner Varnado) · NYSDOT"}},{"type":"Feature","geometry":{"type":"Point","coordinates":[-73.964939,40.75844]},"properties":{"id":"ora-ny-1340","name":"Queensboro Bridge @ 57 Street","state":"NY","provider":"NYSDOT","hls":null,"snapshot":"https://511ny.org/map/Cctv/3481","refreshMs":30000,"attribution":"Ora (Warner Varnado) · NYSDOT"}},{"type":"Feature","geometry":{"type":"Point","coordinates":[-73.961377,40.761918]},"properties":{"id":"ora-ny-1341","name":"Queensboro Bridge @ E 63 Street","state":"NY","provider":"NYSDOT","hls":null,"snapshot":"https://511ny.org/map/Cctv/3482","refreshMs":30000,"attribution":"Ora (Warner Varnado) · NYSDOT"}},{"type":"Feature","geometry":{"type":"Point","coordinates":[-73.938632,40.74937]},"properties":{"id":"ora-ny-1342","name":"Queensboro Bridge @ Queens Plaza North","state":"NY","provider":"NYSDOT","hls":null,"snapshot":"https://511ny.org/map/Cctv/3483","refreshMs":30000,"attribution":"Ora (Warner Varnado) · NYSDOT"}},{"type":"Feature","geometry":{"type":"Point","coordinates":[-73.934383,40.810951]},"properties":{"id":"ora-ny-1343","name":"Riverside Drive @ 135 Street","state":"NY","provider":"NYSDOT","hls":null,"snapshot":"https://511ny.org/map/Cctv/3484","refreshMs":30000,"attribution":"Ora (Warner Varnado) · NYSDOT"}},{"type":"Feature","geometry":{"type":"Point","coordinates":[-73.740434,40.637021]},"properties":{"id":"ora-ny-1344","name":"Rockaway Blvd @ Division Street","state":"NY","provider":"NYSDOT","hls":null,"snapshot":"https://511ny.org/map/Cctv/3485","refreshMs":30000,"attribution":"Ora (Warner Varnado) · NYSDOT"}},{"type":"Feature","geometry":{"type":"Point","coordinates":[-74.01206,40.719648]},"properties":{"id":"ora-ny-1345","name":"Route 9A @ North Moore Street","state":"NY","provider":"NYSDOT","hls":null,"snapshot":"https://511ny.org/map/Cctv/3486","refreshMs":30000,"attribution":"Ora (Warner Varnado) · NYSDOT"}},{"type":"Feature","geometry":{"type":"Point","coordinates":[-73.984766,40.699186]},"properties":{"id":"ora-ny-1346","name":"Sands Street @ BQE Entrance","state":"NY","provider":"NYSDOT","hls":null,"snapshot":"https://511ny.org/map/Cctv/3487","refreshMs":30000,"attribution":"Ora (Warner Varnado) · NYSDOT"}},{"type":"Feature","geometry":{"type":"Point","coordinates":[-73.988543,40.699577]},"properties":{"id":"ora-ny-1347","name":"Sands Street @ Brooklyn Bridge Entrance","state":"NY","provider":"NYSDOT","hls":null,"snapshot":"https://511ny.org/map/Cctv/3488","refreshMs":30000,"attribution":"Ora (Warner Varnado) · NYSDOT"}},{"type":"Feature","geometry":{"type":"Point","coordinates":[-74.011144,40.701797]},"properties":{"id":"ora-ny-1348","name":"South Street @ Broad Street","state":"NY","provider":"NYSDOT","hls":null,"snapshot":"https://511ny.org/map/Cctv/3489","refreshMs":30000,"attribution":"Ora (Warner Varnado) · NYSDOT"}},{"type":"Feature","geometry":{"type":"Point","coordinates":[-73.991547,40.709272]},"properties":{"id":"ora-ny-1349","name":"South Street @ Pike Street","state":"NY","provider":"NYSDOT","hls":null,"snapshot":"https://511ny.org/map/Cctv/3490","refreshMs":30000,"attribution":"Ora (Warner Varnado) · NYSDOT"}},{"type":"Feature","geometry":{"type":"Point","coordinates":[-73.735207,40.718516]},"properties":{"id":"ora-ny-1350","name":"Springfield Avenue @ Jamaica Avenue","state":"NY","provider":"NYSDOT","hls":null,"snapshot":"https://511ny.org/map/Cctv/3491","refreshMs":30000,"attribution":"Ora (Warner Varnado) · NYSDOT"}},{"type":"Feature","geometry":{"type":"Point","coordinates":[-73.753356,40.680209]},"properties":{"id":"ora-ny-1351","name":"Springfield Blvd @ Merrick Blvd","state":"NY","provider":"NYSDOT","hls":null,"snapshot":"https://511ny.org/map/Cctv/3492","refreshMs":30000,"attribution":"Ora (Warner Varnado) · NYSDOT"}},{"type":"Feature","geometry":{"type":"Point","coordinates":[-73.952585,40.810107]},"properties":{"id":"ora-ny-1352","name":"St Nicholas Avenue @ 125 Street","state":"NY","provider":"NYSDOT","hls":null,"snapshot":"https://511ny.org/map/Cctv/3494","refreshMs":30000,"attribution":"Ora (Warner Varnado) · NYSDOT"}},{"type":"Feature","geometry":{"type":"Point","coordinates":[-73.944747,40.824429]},"properties":{"id":"ora-ny-1353","name":"St Nicholas Avenue @ 145 Street","state":"NY","provider":"NYSDOT","hls":null,"snapshot":"https://511ny.org/map/Cctv/3495","refreshMs":30000,"attribution":"Ora (Warner Varnado) · NYSDOT"}},{"type":"Feature","geometry":{"type":"Point","coordinates":[-73.933675,40.849657]},"properties":{"id":"ora-ny-1354","name":"St Nicholas Avenue @ 181 Street","state":"NY","provider":"NYSDOT","hls":null,"snapshot":"https://511ny.org/map/Cctv/3496","refreshMs":30000,"attribution":"Ora (Warner Varnado) · NYSDOT"}},{"type":"Feature","geometry":{"type":"Point","coordinates":[-73.959961,40.75727]},"properties":{"id":"ora-ny-1355","name":"Sutton Pl @ 58 Street","state":"NY","provider":"NYSDOT","hls":null,"snapshot":"https://511ny.org/map/Cctv/3497","refreshMs":30000,"attribution":"Ora (Warner Varnado) · NYSDOT"}},{"type":"Feature","geometry":{"type":"Point","coordinates":[-73.990946,40.735226]},"properties":{"id":"ora-ny-1356","name":"Union Square @ 14 Street","state":"NY","provider":"NYSDOT","hls":null,"snapshot":"https://511ny.org/map/Cctv/3499","refreshMs":30000,"attribution":"Ora (Warner Varnado) · NYSDOT"}},{"type":"Feature","geometry":{"type":"Point","coordinates":[-73.717583,40.743982]},"properties":{"id":"ora-ny-1357","name":"Union Turnpike @ Little Neck Parkway","state":"NY","provider":"NYSDOT","hls":null,"snapshot":"https://511ny.org/map/Cctv/3500","refreshMs":30000,"attribution":"Ora (Warner Varnado) · NYSDOT"}},{"type":"Feature","geometry":{"type":"Point","coordinates":[-74.076018,40.637748]},"properties":{"id":"ora-ny-1358","name":"Victory Blvd @ Bay Street","state":"NY","provider":"NYSDOT","hls":null,"snapshot":"https://511ny.org/map/Cctv/3504","refreshMs":30000,"attribution":"Ora (Warner Varnado) · NYSDOT"}},{"type":"Feature","geometry":{"type":"Point","coordinates":[-74.083777,40.635735]},"properties":{"id":"ora-ny-1359","name":"Victory Blvd @ Jersey Street","state":"NY","provider":"NYSDOT","hls":null,"snapshot":"https://511ny.org/map/Cctv/3505","refreshMs":30000,"attribution":"Ora (Warner Varnado) · NYSDOT"}},{"type":"Feature","geometry":{"type":"Point","coordinates":[-74.00485,40.706051]},"properties":{"id":"ora-ny-1360","name":"Water Street @ Fulton Street","state":"NY","provider":"NYSDOT","hls":null,"snapshot":"https://511ny.org/map/Cctv/3507","refreshMs":30000,"attribution":"Ora (Warner Varnado) · NYSDOT"}},{"type":"Feature","geometry":{"type":"Point","coordinates":[-73.959746,40.709629]},"properties":{"id":"ora-ny-1361","name":"WBB-1 @ Brooklyn Plaza","state":"NY","provider":"NYSDOT","hls":null,"snapshot":"https://511ny.org/map/Cctv/3509","refreshMs":30000,"attribution":"Ora (Warner Varnado) · NYSDOT"}},{"type":"Feature","geometry":{"type":"Point","coordinates":[-73.985538,40.717241]},"properties":{"id":"ora-ny-1362","name":"WBB-6 @ Delancy-Clinton","state":"NY","provider":"NYSDOT","hls":null,"snapshot":"https://511ny.org/map/Cctv/3520","refreshMs":30000,"attribution":"Ora (Warner Varnado) · NYSDOT"}},{"type":"Feature","geometry":{"type":"Point","coordinates":[-73.999928,40.726958]},"properties":{"id":"ora-ny-1363","name":"West Broadway @ W. Houston Street","state":"NY","provider":"NYSDOT","hls":null,"snapshot":"https://511ny.org/map/Cctv/3523","refreshMs":30000,"attribution":"Ora (Warner Varnado) · NYSDOT"}},{"type":"Feature","geometry":{"type":"Point","coordinates":[-74.007137,40.728739]},"properties":{"id":"ora-ny-1364","name":"West Houston @ Hudson Street","state":"NY","provider":"NYSDOT","hls":null,"snapshot":"https://511ny.org/map/Cctv/3525","refreshMs":30000,"attribution":"Ora (Warner Varnado) · NYSDOT"}},{"type":"Feature","geometry":{"type":"Point","coordinates":[-74.005356,40.7286]},"properties":{"id":"ora-ny-1365","name":"West Houston @ Varick Street","state":"NY","provider":"NYSDOT","hls":null,"snapshot":"https://511ny.org/map/Cctv/3526","refreshMs":30000,"attribution":"Ora (Warner Varnado) · NYSDOT"}},{"type":"Feature","geometry":{"type":"Point","coordinates":[-74.010472,40.72508]},"properties":{"id":"ora-ny-1366","name":"West Street @ Canal Street","state":"NY","provider":"NYSDOT","hls":null,"snapshot":"https://511ny.org/map/Cctv/3530","refreshMs":30000,"attribution":"Ora (Warner Varnado) · NYSDOT"}},{"type":"Feature","geometry":{"type":"Point","coordinates":[-74.010658,40.729832]},"properties":{"id":"ora-ny-1367","name":"West Street @ Clarkson","state":"NY","provider":"NYSDOT","hls":null,"snapshot":"https://511ny.org/map/Cctv/3531","refreshMs":30000,"attribution":"Ora (Warner Varnado) · NYSDOT"}},{"type":"Feature","geometry":{"type":"Point","coordinates":[-74.00219,40.760098]},"properties":{"id":"ora-ny-1368","name":"West Street @ The Intrepid (43 Street)","state":"NY","provider":"NYSDOT","hls":null,"snapshot":"https://511ny.org/map/Cctv/3534","refreshMs":30000,"attribution":"Ora (Warner Varnado) · NYSDOT"}},{"type":"Feature","geometry":{"type":"Point","coordinates":[-74.010528,40.729104]},"properties":{"id":"ora-ny-1369","name":"West Street @ West Houston Street","state":"NY","provider":"NYSDOT","hls":null,"snapshot":"https://511ny.org/map/Cctv/3536","refreshMs":30000,"attribution":"Ora (Warner Varnado) · NYSDOT"}},{"type":"Feature","geometry":{"type":"Point","coordinates":[-73.8582,40.70561]},"properties":{"id":"ora-ny-1370","name":"Woodhaven Blvd @ Union Tpke","state":"NY","provider":"NYSDOT","hls":null,"snapshot":"https://511ny.org/map/Cctv/3541","refreshMs":30000,"attribution":"Ora (Warner Varnado) · NYSDOT"}},{"type":"Feature","geometry":{"type":"Point","coordinates":[-73.998284,40.712752]},"properties":{"id":"ora-ny-1371","name":"Worth Street @ Bowery","state":"NY","provider":"NYSDOT","hls":null,"snapshot":"https://511ny.org/map/Cctv/3542","refreshMs":30000,"attribution":"Ora (Warner Varnado) · NYSDOT"}},{"type":"Feature","geometry":{"type":"Point","coordinates":[-74.001975,40.714379]},"properties":{"id":"ora-ny-1372","name":"Worth Street @ Centre Street","state":"NY","provider":"NYSDOT","hls":null,"snapshot":"https://511ny.org/map/Cctv/3543","refreshMs":30000,"attribution":"Ora (Warner Varnado) · NYSDOT"}},{"type":"Feature","geometry":{"type":"Point","coordinates":[-74.00279,40.714802]},"properties":{"id":"ora-ny-1373","name":"Worth Street @ Lafayette","state":"NY","provider":"NYSDOT","hls":null,"snapshot":"https://511ny.org/map/Cctv/3544","refreshMs":30000,"attribution":"Ora (Warner Varnado) · NYSDOT"}},{"type":"Feature","geometry":{"type":"Point","coordinates":[-73.830642,40.956314]},"properties":{"id":"ora-ny-1374","name":"Bronx River Parkway at Scarsdale Road","state":"NY","provider":"NYSDOT","hls":null,"snapshot":"https://511ny.org/map/Cctv/3550","refreshMs":30000,"attribution":"Ora (Warner Varnado) · NYSDOT"}},{"type":"Feature","geometry":{"type":"Point","coordinates":[-73.816811,40.969233]},"properties":{"id":"ora-ny-1375","name":"Bronx River Parkway at Leewood Drive","state":"NY","provider":"NYSDOT","hls":null,"snapshot":"https://511ny.org/map/Cctv/3551","refreshMs":30000,"attribution":"Ora (Warner Varnado) · NYSDOT"}},{"type":"Feature","geometry":{"type":"Point","coordinates":[-73.778153,41.036722]},"properties":{"id":"ora-ny-1376","name":"Bronx River Parkway at County Center","state":"NY","provider":"NYSDOT","hls":null,"snapshot":"https://511ny.org/map/Cctv/3553","refreshMs":30000,"attribution":"Ora (Warner Varnado) · NYSDOT"}},{"type":"Feature","geometry":{"type":"Point","coordinates":[-73.774411,41.062217]},"properties":{"id":"ora-ny-1377","name":"Bronx River Parkway at Virginia Road","state":"NY","provider":"NYSDOT","hls":null,"snapshot":"https://511ny.org/map/Cctv/3554","refreshMs":30000,"attribution":"Ora (Warner Varnado) · NYSDOT"}},{"type":"Feature","geometry":{"type":"Point","coordinates":[-73.774875,41.054394]},"properties":{"id":"ora-ny-1378","name":"Bronx River Parkway at Fisher Lane","state":"NY","provider":"NYSDOT","hls":null,"snapshot":"https://511ny.org/map/Cctv/3555","refreshMs":30000,"attribution":"Ora (Warner Varnado) · NYSDOT"}},{"type":"Feature","geometry":{"type":"Point","coordinates":[-73.806747,40.993064]},"properties":{"id":"ora-ny-1379","name":"Bronx River Parkway at Crane Road","state":"NY","provider":"NYSDOT","hls":null,"snapshot":"https://511ny.org/map/Cctv/3556","refreshMs":30000,"attribution":"Ora (Warner Varnado) · NYSDOT"}},{"type":"Feature","geometry":{"type":"Point","coordinates":[-73.775978,41.032281]},"properties":{"id":"ora-ny-1380","name":"Bronx River Parkway at Main Street","state":"NY","provider":"NYSDOT","hls":null,"snapshot":"https://511ny.org/map/Cctv/3557","refreshMs":30000,"attribution":"Ora (Warner Varnado) · NYSDOT"}},{"type":"Feature","geometry":{"type":"Point","coordinates":[-73.821639,40.8935]},"properties":{"id":"ora-ny-1381","name":"Fulton Avenue/Pelham Parkway Drawbridge at Secor Lane","state":"NY","provider":"NYSDOT","hls":null,"snapshot":"https://511ny.org/map/Cctv/3558","refreshMs":30000,"attribution":"Ora (Warner Varnado) · NYSDOT"}},{"type":"Feature","geometry":{"type":"Point","coordinates":[-73.680858,40.965544]},"properties":{"id":"ora-ny-1382","name":"Playland Parkway at Forest Avenue","state":"NY","provider":"NYSDOT","hls":null,"snapshot":"https://511ny.org/map/Cctv/3559","refreshMs":30000,"attribution":"Ora (Warner Varnado) · NYSDOT"}},{"type":"Feature","geometry":{"type":"Point","coordinates":[-73.836114,40.935339]},"properties":{"id":"ora-ny-1383","name":"Bronx River Parkway at Sprain Brook Parkway","state":"NY","provider":"NYSDOT","hls":null,"snapshot":"https://511ny.org/map/Cctv/3560","refreshMs":30000,"attribution":"Ora (Warner Varnado) · NYSDOT"}},{"type":"Feature","geometry":{"type":"Point","coordinates":[-73.794539,41.010861]},"properties":{"id":"ora-ny-1384","name":"Bronx River Parkway at Greenacres Avenue","state":"NY","provider":"NYSDOT","hls":null,"snapshot":"https://511ny.org/map/Cctv/3561","refreshMs":30000,"attribution":"Ora (Warner Varnado) · NYSDOT"}},{"type":"Feature","geometry":{"type":"Point","coordinates":[-73.839156,40.941003]},"properties":{"id":"ora-ny-1385","name":"Bronx River Parkway at Palmer Road","state":"NY","provider":"NYSDOT","hls":null,"snapshot":"https://511ny.org/map/Cctv/3562","refreshMs":30000,"attribution":"Ora (Warner Varnado) · NYSDOT"}},{"type":"Feature","geometry":{"type":"Point","coordinates":[-73.85025,40.913917]},"properties":{"id":"ora-ny-1386","name":"Bronx River Parkway at Yonkers Avenue","state":"NY","provider":"NYSDOT","hls":null,"snapshot":"https://511ny.org/map/Cctv/3563","refreshMs":30000,"attribution":"Ora (Warner Varnado) · NYSDOT"}},{"type":"Feature","geometry":{"type":"Point","coordinates":[-73.773931,41.058169]},"properties":{"id":"ora-ny-1387","name":"Bronx River Parkway at Parkway Homes Rd","state":"NY","provider":"NYSDOT","hls":null,"snapshot":"https://511ny.org/map/Cctv/3566","refreshMs":30000,"attribution":"Ora (Warner Varnado) · NYSDOT"}},{"type":"Feature","geometry":{"type":"Point","coordinates":[-73.749825,41.030692]},"properties":{"id":"ora-ny-1388","name":"I-287 at White Plains Avenue","state":"NY","provider":"NYSDOT","hls":null,"snapshot":"https://511ny.org/map/Cctv/3568","refreshMs":30000,"attribution":"Ora (Warner Varnado) · NYSDOT"}},{"type":"Feature","geometry":{"type":"Point","coordinates":[-73.663581,41.003494]},"properties":{"id":"ora-ny-1389","name":"SB King Approach - King St/Willett Ave/North Pearl St","state":"NY","provider":"NYSDOT","hls":null,"snapshot":"https://511ny.org/map/Cctv/3569","refreshMs":30000,"attribution":"Ora (Warner Varnado) · NYSDOT"}},{"type":"Feature","geometry":{"type":"Point","coordinates":[-73.850267,40.913628]},"properties":{"id":"ora-ny-1390","name":"NB Approach - BRP NB Ramp & Yonkers Ave.","state":"NY","provider":"NYSDOT","hls":null,"snapshot":"https://511ny.org/map/Cctv/3574","refreshMs":30000,"attribution":"Ora (Warner Varnado) · NYSDOT"}},{"type":"Feature","geometry":{"type":"Point","coordinates":[-77.59957,43.18682]},"properties":{"id":"ora-ny-1391","name":"Hudson Ave at Norton St","state":"NY","provider":"NYSDOT","hls":"https://s53.nysdot.skyvdn.com:443/rtplive/R4_221/playlist.m3u8","snapshot":"https://511ny.org/map/Cctv/5754","refreshMs":30000,"attribution":"Ora (Warner Varnado) · NYSDOT"}},{"type":"Feature","geometry":{"type":"Point","coordinates":[-75.800035,42.07172]},"properties":{"id":"ora-ny-1392","name":"I-81 at VMS 8 (Johnson Road)","state":"NY","provider":"NYSDOT","hls":null,"snapshot":"https://511ny.org/map/Cctv/3579","refreshMs":30000,"attribution":"Ora (Warner Varnado) · NYSDOT"}},{"type":"Feature","geometry":{"type":"Point","coordinates":[-77.598783,43.17534]},"properties":{"id":"ora-ny-1393","name":"Clifford Ave at Hudson Ave","state":"NY","provider":"NYSDOT","hls":"https://s53.nysdot.skyvdn.com:443/rtplive/R4_223/playlist.m3u8","snapshot":"https://511ny.org/map/Cctv/5755","refreshMs":30000,"attribution":"Ora (Warner Varnado) · NYSDOT"}},{"type":"Feature","geometry":{"type":"Point","coordinates":[-77.701503,43.186914]},"properties":{"id":"ora-ny-1394","name":"Long Pond Rd at Ridgeway Ave","state":"NY","provider":"NYSDOT","hls":"https://s53.nysdot.skyvdn.com:443/rtplive/R4_225/playlist.m3u8","snapshot":"https://511ny.org/map/Cctv/5756","refreshMs":30000,"attribution":"Ora (Warner Varnado) · NYSDOT"}},{"type":"Feature","geometry":{"type":"Point","coordinates":[-77.605079,43.15408]},"properties":{"id":"ora-ny-1395","name":"Clinton Ave at Court St","state":"NY","provider":"NYSDOT","hls":"https://s53.nysdot.skyvdn.com:443/rtplive/R4_227/playlist.m3u8","snapshot":"https://511ny.org/map/Cctv/5757","refreshMs":30000,"attribution":"Ora (Warner Varnado) · NYSDOT"}},{"type":"Feature","geometry":{"type":"Point","coordinates":[-77.639457,43.180934]},"properties":{"id":"ora-ny-1396","name":"Dewey Ave at Driving Park Ave","state":"NY","provider":"NYSDOT","hls":"https://s53.nysdot.skyvdn.com:443/rtplive/R4_228/playlist.m3u8","snapshot":"https://511ny.org/map/Cctv/5758","refreshMs":30000,"attribution":"Ora (Warner Varnado) · NYSDOT"}},{"type":"Feature","geometry":{"type":"Point","coordinates":[-77.57635343,43.18764348]},"properties":{"id":"ora-ny-1397","name":"Goodman St at Norton St","state":"NY","provider":"NYSDOT","hls":"https://s53.nysdot.skyvdn.com:443/rtplive/R4_230/playlist.m3u8","snapshot":"https://511ny.org/map/Cctv/5759","refreshMs":30000,"attribution":"Ora (Warner Varnado) · NYSDOT"}},{"type":"Feature","geometry":{"type":"Point","coordinates":[-77.696694,43.231096]},"properties":{"id":"ora-ny-1398","name":"Long Pond Rd at Mill Rd & Vintage Ln","state":"NY","provider":"NYSDOT","hls":"https://s53.nysdot.skyvdn.com:443/rtplive/R4_251/playlist.m3u8","snapshot":"https://511ny.org/map/Cctv/5760","refreshMs":30000,"attribution":"Ora (Warner Varnado) · NYSDOT"}},{"type":"Feature","geometry":{"type":"Point","coordinates":[-77.641363,43.22322]},"properties":{"id":"ora-ny-1399","name":"Dewey Ave at Stone Rd","state":"NY","provider":"NYSDOT","hls":"https://s53.nysdot.skyvdn.com:443/rtplive/R4_252/playlist.m3u8","snapshot":"https://511ny.org/map/Cctv/5761","refreshMs":30000,"attribution":"Ora (Warner Varnado) · NYSDOT"}},{"type":"Feature","geometry":{"type":"Point","coordinates":[-77.608976,43.195103]},"properties":{"id":"ora-ny-1400","name":"East Ridge Rd at Seneca Ave","state":"NY","provider":"NYSDOT","hls":"https://s53.nysdot.skyvdn.com:443/rtplive/R4_253/playlist.m3u8","snapshot":"https://511ny.org/map/Cctv/5762","refreshMs":30000,"attribution":"Ora (Warner Varnado) · NYSDOT"}},{"type":"Feature","geometry":{"type":"Point","coordinates":[-77.596089,43.139815]},"properties":{"id":"ora-ny-1401","name":"Goodman St at Clinton Ave / Henrietta St","state":"NY","provider":"NYSDOT","hls":"https://s53.nysdot.skyvdn.com:443/rtplive/R4_254/playlist.m3u8","snapshot":"https://511ny.org/map/Cctv/5763","refreshMs":30000,"attribution":"Ora (Warner Varnado) · NYSDOT"}},{"type":"Feature","geometry":{"type":"Point","coordinates":[-77.557403,43.176365]},"properties":{"id":"ora-ny-1402","name":"Culver Rd at Clifford Ave/Empire Blvd","state":"NY","provider":"NYSDOT","hls":"https://s53.nysdot.skyvdn.com:443/rtplive/R4_255/playlist.m3u8","snapshot":"https://511ny.org/map/Cctv/5764","refreshMs":30000,"attribution":"Ora (Warner Varnado) · NYSDOT"}},{"type":"Feature","geometry":{"type":"Point","coordinates":[-77.613773,43.186462]},"properties":{"id":"ora-ny-1403","name":"Clinton Ave at Norton St","state":"NY","provider":"NYSDOT","hls":"https://s53.nysdot.skyvdn.com:443/rtplive/R4_256/playlist.m3u8","snapshot":"https://511ny.org/map/Cctv/5765","refreshMs":30000,"attribution":"Ora (Warner Varnado) · NYSDOT"}},{"type":"Feature","geometry":{"type":"Point","coordinates":[-77.629683,43.083005]},"properties":{"id":"ora-ny-1404","name":"Hylan Dr at Mktplc Ctr/Wegmans","state":"NY","provider":"NYSDOT","hls":"https://s53.nysdot.skyvdn.com:443/rtplive/R4_257/playlist.m3u8","snapshot":"https://511ny.org/map/Cctv/5766","refreshMs":30000,"attribution":"Ora (Warner Varnado) · NYSDOT"}},{"type":"Feature","geometry":{"type":"Point","coordinates":[-77.548916,43.156985]},"properties":{"id":"ora-ny-1405","name":"Winton Rd at Atlantic Ave","state":"NY","provider":"NYSDOT","hls":"https://s53.nysdot.skyvdn.com:443/rtplive/R4_258/playlist.m3u8","snapshot":"https://511ny.org/map/Cctv/5767","refreshMs":30000,"attribution":"Ora (Warner Varnado) · NYSDOT"}},{"type":"Feature","geometry":{"type":"Point","coordinates":[-77.600153,43.196144]},"properties":{"id":"ora-ny-1406","name":"East Ridge Rd at Hudson Ave","state":"NY","provider":"NYSDOT","hls":"https://s53.nysdot.skyvdn.com:443/rtplive/R4_259/playlist.m3u8","snapshot":"https://511ny.org/map/Cctv/5768","refreshMs":30000,"attribution":"Ora (Warner Varnado) · NYSDOT"}},{"type":"Feature","geometry":{"type":"Point","coordinates":[-77.606365,43.157127]},"properties":{"id":"ora-ny-1407","name":"Main St at Clinton Ave -2","state":"NY","provider":"NYSDOT","hls":"https://s53.nysdot.skyvdn.com:443/rtplive/R4_281/playlist.m3u8","snapshot":"https://511ny.org/map/Cctv/5770","refreshMs":30000,"attribution":"Ora (Warner Varnado) · NYSDOT"}},{"type":"Feature","geometry":{"type":"Point","coordinates":[-77.597022,43.115351]},"properties":{"id":"ora-ny-1408","name":"Clinton Ave at Westfall Rd - 2","state":"NY","provider":"NYSDOT","hls":"https://s53.nysdot.skyvdn.com:443/rtplive/R4_283/playlist.m3u8","snapshot":"https://511ny.org/map/Cctv/5772","refreshMs":30000,"attribution":"Ora (Warner Varnado) · NYSDOT"}},{"type":"Feature","geometry":{"type":"Point","coordinates":[-77.571725,43.149504]},"properties":{"id":"ora-ny-1409","name":"East Ave at Culver Rd","state":"NY","provider":"NYSDOT","hls":"https://s53.nysdot.skyvdn.com:443/rtplive/R4_284/playlist.m3u8","snapshot":"https://511ny.org/map/Cctv/5773","refreshMs":30000,"attribution":"Ora (Warner Varnado) · NYSDOT"}},{"type":"Feature","geometry":{"type":"Point","coordinates":[-77.566275,43.159725]},"properties":{"id":"ora-ny-1410","name":"Main St at Culver Rd","state":"NY","provider":"NYSDOT","hls":"https://s53.nysdot.skyvdn.com:443/rtplive/R4_285/playlist.m3u8","snapshot":"https://511ny.org/map/Cctv/5774","refreshMs":30000,"attribution":"Ora (Warner Varnado) · NYSDOT"}},{"type":"Feature","geometry":{"type":"Point","coordinates":[-77.561,43.188151]},"properties":{"id":"ora-ny-1411","name":"Culver Rd at Norton St","state":"NY","provider":"NYSDOT","hls":"https://s53.nysdot.skyvdn.com:443/rtplive/R4_286/playlist.m3u8","snapshot":"https://511ny.org/map/Cctv/5775","refreshMs":30000,"attribution":"Ora (Warner Varnado) · NYSDOT"}},{"type":"Feature","geometry":{"type":"Point","coordinates":[-77.659349,43.193889]},"properties":{"id":"ora-ny-1412","name":"Ridgeway Ave at Mt Read Blvd","state":"NY","provider":"NYSDOT","hls":"https://s53.nysdot.skyvdn.com:443/rtplive/R4_287/playlist.m3u8","snapshot":"https://511ny.org/map/Cctv/5776","refreshMs":30000,"attribution":"Ora (Warner Varnado) · NYSDOT"}},{"type":"Feature","geometry":{"type":"Point","coordinates":[-77.616854,43.116813]},"properties":{"id":"ora-ny-1413","name":"East Henrietta Rd at South Ave","state":"NY","provider":"NYSDOT","hls":"https://s53.nysdot.skyvdn.com:443/rtplive/R4_288/playlist.m3u8","snapshot":"https://511ny.org/map/Cctv/5777","refreshMs":30000,"attribution":"Ora (Warner Varnado) · NYSDOT"}},{"type":"Feature","geometry":{"type":"Point","coordinates":[-77.624129,43.156499]},"properties":{"id":"ora-ny-1414","name":"Broad St at Allen St","state":"NY","provider":"NYSDOT","hls":"https://s53.nysdot.skyvdn.com:443/rtplive/R4_289/playlist.m3u8","snapshot":"https://511ny.org/map/Cctv/5778","refreshMs":30000,"attribution":"Ora (Warner Varnado) · NYSDOT"}},{"type":"Feature","geometry":{"type":"Point","coordinates":[-77.62585527,43.23077455]},"properties":{"id":"ora-ny-1415","name":"Lake Ave at Stonewood Ave","state":"NY","provider":"NYSDOT","hls":"https://s53.nysdot.skyvdn.com:443/rtplive/R4_290/playlist.m3u8","snapshot":"https://511ny.org/map/Cctv/5779","refreshMs":30000,"attribution":"Ora (Warner Varnado) · NYSDOT"}},{"type":"Feature","geometry":{"type":"Point","coordinates":[-77.614182,43.124882]},"properties":{"id":"ora-ny-1416","name":"South Ave at Elmwood Ave","state":"NY","provider":"NYSDOT","hls":"https://s52.nysdot.skyvdn.com:443/rtplive/R4_212/playlist.m3u8","snapshot":"https://511ny.org/map/Cctv/5780","refreshMs":30000,"attribution":"Ora (Warner Varnado) · NYSDOT"}},{"type":"Feature","geometry":{"type":"Point","coordinates":[-77.638881,43.193829]},"properties":{"id":"ora-ny-1417","name":"Dewey Ave at Ridgeway Ave","state":"NY","provider":"NYSDOT","hls":"https://s52.nysdot.skyvdn.com:443/rtplive/R4_214/playlist.m3u8","snapshot":"https://511ny.org/map/Cctv/5781","refreshMs":30000,"attribution":"Ora (Warner Varnado) · NYSDOT"}},{"type":"Feature","geometry":{"type":"Point","coordinates":[-77.57622,43.141375]},"properties":{"id":"ora-ny-1418","name":"Culver Rd at Norris St / Hisdale St","state":"NY","provider":"NYSDOT","hls":"https://s52.nysdot.skyvdn.com:443/rtplive/R4_215/playlist.m3u8","snapshot":"https://511ny.org/map/Cctv/5782","refreshMs":30000,"attribution":"Ora (Warner Varnado) · NYSDOT"}},{"type":"Feature","geometry":{"type":"Point","coordinates":[-77.62256,43.114509]},"properties":{"id":"ora-ny-1419","name":"Mt Hope Ave at Westfall Rd","state":"NY","provider":"NYSDOT","hls":"https://s52.nysdot.skyvdn.com:443/rtplive/R4_216/playlist.m3u8","snapshot":"https://511ny.org/map/Cctv/5783","refreshMs":30000,"attribution":"Ora (Warner Varnado) · NYSDOT"}},{"type":"Feature","geometry":{"type":"Point","coordinates":[-77.639211,43.17361]},"properties":{"id":"ora-ny-1420","name":"Dewey Ave at Emerson St","state":"NY","provider":"NYSDOT","hls":"https://s52.nysdot.skyvdn.com:443/rtplive/R4_218/playlist.m3u8","snapshot":"https://511ny.org/map/Cctv/5784","refreshMs":30000,"attribution":"Ora (Warner Varnado) · NYSDOT"}},{"type":"Feature","geometry":{"type":"Point","coordinates":[-77.596119,43.159445]},"properties":{"id":"ora-ny-1421","name":"Main St at University / Inner Loop","state":"NY","provider":"NYSDOT","hls":"https://s52.nysdot.skyvdn.com:443/rtplive/R4_241/playlist.m3u8","snapshot":"https://511ny.org/map/Cctv/5785","refreshMs":30000,"attribution":"Ora (Warner Varnado) · NYSDOT"}},{"type":"Feature","geometry":{"type":"Point","coordinates":[-77.619603,43.159565]},"properties":{"id":"ora-ny-1422","name":"North Plymouth Ave at Morrie Silver Way","state":"NY","provider":"NYSDOT","hls":"https://s52.nysdot.skyvdn.com:443/rtplive/R4_242/playlist.m3u8","snapshot":"https://511ny.org/map/Cctv/5786","refreshMs":30000,"attribution":"Ora (Warner Varnado) · NYSDOT"}},{"type":"Feature","geometry":{"type":"Point","coordinates":[-77.703415,43.210131]},"properties":{"id":"ora-ny-1423","name":"West Ridge Rd and Harvest","state":"NY","provider":"NYSDOT","hls":"https://s52.nysdot.skyvdn.com:443/rtplive/R4_243/playlist.m3u8","snapshot":"https://511ny.org/map/Cctv/5787","refreshMs":30000,"attribution":"Ora (Warner Varnado) · NYSDOT"}},{"type":"Feature","geometry":{"type":"Point","coordinates":[-77.60293,43.161256]},"properties":{"id":"ora-ny-1424","name":"North Chestnut St at Andrews St & University Ave","state":"NY","provider":"NYSDOT","hls":"https://s52.nysdot.skyvdn.com:443/rtplive/R4_244/playlist.m3u8","snapshot":"https://511ny.org/map/Cctv/5788","refreshMs":30000,"attribution":"Ora (Warner Varnado) · NYSDOT"}},{"type":"Feature","geometry":{"type":"Point","coordinates":[-77.615689,43.155017]},"properties":{"id":"ora-ny-1425","name":"West Main St at South Plymouth Ave","state":"NY","provider":"NYSDOT","hls":"https://s52.nysdot.skyvdn.com:443/rtplive/R4_245/playlist.m3u8","snapshot":"https://511ny.org/map/Cctv/5789","refreshMs":30000,"attribution":"Ora (Warner Varnado) · NYSDOT"}},{"type":"Feature","geometry":{"type":"Point","coordinates":[-77.571282,43.115972]},"properties":{"id":"ora-ny-1426","name":"Winton Rd at Westfall Rd","state":"NY","provider":"NYSDOT","hls":"https://s52.nysdot.skyvdn.com:443/rtplive/R4_246/playlist.m3u8","snapshot":"https://511ny.org/map/Cctv/5790","refreshMs":30000,"attribution":"Ora (Warner Varnado) · NYSDOT"}},{"type":"Feature","geometry":{"type":"Point","coordinates":[-77.626928,43.076131]},"properties":{"id":"ora-ny-1427","name":"Hylan Dr at 390 Southbound","state":"NY","provider":"NYSDOT","hls":"https://s52.nysdot.skyvdn.com:443/rtplive/R4_247/playlist.m3u8","snapshot":"https://511ny.org/map/Cctv/5791","refreshMs":30000,"attribution":"Ora (Warner Varnado) · NYSDOT"}},{"type":"Feature","geometry":{"type":"Point","coordinates":[-77.612489,43.155686]},"properties":{"id":"ora-ny-1428","name":"West Main St at State St/Exchange St","state":"NY","provider":"NYSDOT","hls":"https://s52.nysdot.skyvdn.com:443/rtplive/R4_248/playlist.m3u8","snapshot":"https://511ny.org/map/Cctv/5792","refreshMs":30000,"attribution":"Ora (Warner Varnado) · NYSDOT"}},{"type":"Feature","geometry":{"type":"Point","coordinates":[-77.611403,43.153084]},"properties":{"id":"ora-ny-1429","name":"Exchange Blvd at Court St","state":"NY","provider":"NYSDOT","hls":"https://s52.nysdot.skyvdn.com:443/rtplive/R4_249/playlist.m3u8","snapshot":"https://511ny.org/map/Cctv/5793","refreshMs":30000,"attribution":"Ora (Warner Varnado) · NYSDOT"}},{"type":"Feature","geometry":{"type":"Point","coordinates":[-77.616114,43.142635]},"properties":{"id":"ora-ny-1430","name":"Ford St at Exchange Blvd","state":"NY","provider":"NYSDOT","hls":"https://s52.nysdot.skyvdn.com:443/rtplive/R4_250/playlist.m3u8","snapshot":"https://511ny.org/map/Cctv/5794","refreshMs":30000,"attribution":"Ora (Warner Varnado) · NYSDOT"}},{"type":"Feature","geometry":{"type":"Point","coordinates":[-77.58027008,43.09932429]},"properties":{"id":"ora-ny-1431","name":"Winton Rd at Canal Bridge - 2","state":"NY","provider":"NYSDOT","hls":"https://s52.nysdot.skyvdn.com:443/rtplive/R4_271/playlist.m3u8","snapshot":"https://511ny.org/map/Cctv/5795","refreshMs":30000,"attribution":"Ora (Warner Varnado) · NYSDOT"}},{"type":"Feature","geometry":{"type":"Point","coordinates":[-75.903807,42.132454]},"properties":{"id":"ora-ny-1432","name":"I-81 at VMS 5 (North of Exit 5 - US 11)","state":"NY","provider":"NYSDOT","hls":null,"snapshot":"https://511ny.org/map/Cctv/3630","refreshMs":30000,"attribution":"Ora (Warner Varnado) · NYSDOT"}},{"type":"Feature","geometry":{"type":"Point","coordinates":[-77.548247,43.197769]},"properties":{"id":"ora-ny-1433","name":"NY-104 Eastbound Over NY-590","state":"NY","provider":"NYSDOT","hls":"https://s51.nysdot.skyvdn.com:443/rtplive/R4_001/playlist.m3u8","snapshot":"https://511ny.org/map/Cctv/5796","refreshMs":30000,"attribution":"Ora (Warner Varnado) · NYSDOT"}},{"type":"Feature","geometry":{"type":"Point","coordinates":[-77.475302,43.213975]},"properties":{"id":"ora-ny-1434","name":"NY-104 at 5 Mile Line Rd","state":"NY","provider":"NYSDOT","hls":"https://s51.nysdot.skyvdn.com:443/rtplive/R4_002/playlist.m3u8","snapshot":"https://511ny.org/map/Cctv/5797","refreshMs":30000,"attribution":"Ora (Warner Varnado) · NYSDOT"}},{"type":"Feature","geometry":{"type":"Point","coordinates":[-77.446145,43.215519]},"properties":{"id":"ora-ny-1435","name":"NY-104 at Holt Rd","state":"NY","provider":"NYSDOT","hls":"https://s51.nysdot.skyvdn.com:443/rtplive/R4_003/playlist.m3u8","snapshot":"https://511ny.org/map/Cctv/5798","refreshMs":30000,"attribution":"Ora (Warner Varnado) · NYSDOT"}},{"type":"Feature","geometry":{"type":"Point","coordinates":[-77.515758,43.214132]},"properties":{"id":"ora-ny-1436","name":"NY-104 at Bay Rd","state":"NY","provider":"NYSDOT","hls":"https://s51.nysdot.skyvdn.com:443/rtplive/R4_004/playlist.m3u8","snapshot":"https://511ny.org/map/Cctv/5799","refreshMs":30000,"attribution":"Ora (Warner Varnado) · NYSDOT"}},{"type":"Feature","geometry":{"type":"Point","coordinates":[-77.52982,43.212671]},"properties":{"id":"ora-ny-1437","name":"NY-104 at Irondequoit Bay Bridge (East)","state":"NY","provider":"NYSDOT","hls":"https://s51.nysdot.skyvdn.com:443/rtplive/R4_007/playlist.m3u8","snapshot":"https://511ny.org/map/Cctv/5800","refreshMs":30000,"attribution":"Ora (Warner Varnado) · NYSDOT"}},{"type":"Feature","geometry":{"type":"Point","coordinates":[-77.543682,43.209868]},"properties":{"id":"ora-ny-1438","name":"NY-104 at Irondequoit Bay Bridge (West)","state":"NY","provider":"NYSDOT","hls":"https://s51.nysdot.skyvdn.com:443/rtplive/R4_008/playlist.m3u8","snapshot":"https://511ny.org/map/Cctv/5801","refreshMs":30000,"attribution":"Ora (Warner Varnado) · NYSDOT"}},{"type":"Feature","geometry":{"type":"Point","coordinates":[-77.621965,43.193499]},"properties":{"id":"ora-ny-1439","name":"NY-104 at Veterans Memorial Bridge","state":"NY","provider":"NYSDOT","hls":"https://s51.nysdot.skyvdn.com:443/rtplive/R4_009/playlist.m3u8","snapshot":"https://511ny.org/map/Cctv/5802","refreshMs":30000,"attribution":"Ora (Warner Varnado) · NYSDOT"}},{"type":"Feature","geometry":{"type":"Point","coordinates":[-77.611615,43.094943]},"properties":{"id":"ora-ny-1440","name":"NY-15A at Brighton-Henrietta Town Line Road","state":"NY","provider":"NYSDOT","hls":"https://s51.nysdot.skyvdn.com:443/rtplive/R4_010/playlist.m3u8","snapshot":"https://511ny.org/map/Cctv/5803","refreshMs":30000,"attribution":"Ora (Warner Varnado) · NYSDOT"}},{"type":"Feature","geometry":{"type":"Point","coordinates":[-77.631905,43.179424]},"properties":{"id":"ora-ny-1441","name":"Lake Ave at Lexington Ave","state":"NY","provider":"NYSDOT","hls":"https://s51.nysdot.skyvdn.com:443/rtplive/R4_031/playlist.m3u8","snapshot":"https://511ny.org/map/Cctv/5804","refreshMs":30000,"attribution":"Ora (Warner Varnado) · NYSDOT"}},{"type":"Feature","geometry":{"type":"Point","coordinates":[-77.623173,43.164725]},"properties":{"id":"ora-ny-1442","name":"Lake Ave at Lyell Ave","state":"NY","provider":"NYSDOT","hls":"https://s51.nysdot.skyvdn.com:443/rtplive/R4_032/playlist.m3u8","snapshot":"https://511ny.org/map/Cctv/5805","refreshMs":30000,"attribution":"Ora (Warner Varnado) · NYSDOT"}},{"type":"Feature","geometry":{"type":"Point","coordinates":[-77.623372,43.164516]},"properties":{"id":"ora-ny-1443","name":"Lake Ave at Smith St","state":"NY","provider":"NYSDOT","hls":"https://s51.nysdot.skyvdn.com:443/rtplive/R4_033/playlist.m3u8","snapshot":"https://511ny.org/map/Cctv/5806","refreshMs":30000,"attribution":"Ora (Warner Varnado) · NYSDOT"}},{"type":"Feature","geometry":{"type":"Point","coordinates":[-77.565394,43.127295]},"properties":{"id":"ora-ny-1444","name":"Monroe Ave at S Winton Rd","state":"NY","provider":"NYSDOT","hls":"https://s51.nysdot.skyvdn.com:443/rtplive/R4_037/playlist.m3u8","snapshot":"https://511ny.org/map/Cctv/5808","refreshMs":30000,"attribution":"Ora (Warner Varnado) · NYSDOT"}},{"type":"Feature","geometry":{"type":"Point","coordinates":[-77.600228,43.10992]},"properties":{"id":"ora-ny-1445","name":"I-590 Off Ramp at I-390","state":"NY","provider":"NYSDOT","hls":"https://s51.nysdot.skyvdn.com:443/rtplive/R4_039/playlist.m3u8","snapshot":"https://511ny.org/map/Cctv/5810","refreshMs":30000,"attribution":"Ora (Warner Varnado) · NYSDOT"}},{"type":"Feature","geometry":{"type":"Point","coordinates":[-77.673135,43.157874]},"properties":{"id":"ora-ny-1446","name":"I-490 at Erie Canal","state":"NY","provider":"NYSDOT","hls":"https://s51.nysdot.skyvdn.com:443/rtplive/R4_040/playlist.m3u8","snapshot":"https://511ny.org/map/Cctv/5811","refreshMs":30000,"attribution":"Ora (Warner Varnado) · NYSDOT"}},{"type":"Feature","geometry":{"type":"Point","coordinates":[-77.678748,43.155694]},"properties":{"id":"ora-ny-1447","name":"I-390 North at I-490 East","state":"NY","provider":"NYSDOT","hls":"https://s51.nysdot.skyvdn.com:443/rtplive/R4_061/playlist.m3u8","snapshot":"https://511ny.org/map/Cctv/5812","refreshMs":30000,"attribution":"Ora (Warner Varnado) · NYSDOT"}},{"type":"Feature","geometry":{"type":"Point","coordinates":[-77.682788,43.158043]},"properties":{"id":"ora-ny-1448","name":"I-390 Northbound at I-490","state":"NY","provider":"NYSDOT","hls":"https://s51.nysdot.skyvdn.com:443/rtplive/R4_062/playlist.m3u8","snapshot":"https://511ny.org/map/Cctv/5813","refreshMs":30000,"attribution":"Ora (Warner Varnado) · NYSDOT"}},{"type":"Feature","geometry":{"type":"Point","coordinates":[-77.668542,43.252735]},"properties":{"id":"ora-ny-1449","name":"NY-390 at Latta Road","state":"NY","provider":"NYSDOT","hls":"https://s51.nysdot.skyvdn.com:443/rtplive/R4_065/playlist.m3u8","snapshot":"https://511ny.org/map/Cctv/5816","refreshMs":30000,"attribution":"Ora (Warner Varnado) · NYSDOT"}},{"type":"Feature","geometry":{"type":"Point","coordinates":[-77.561735,43.195905]},"properties":{"id":"ora-ny-1450","name":"NY-104 at Culver Road","state":"NY","provider":"NYSDOT","hls":"https://s51.nysdot.skyvdn.com:443/rtplive/R4_066/playlist.m3u8","snapshot":"https://511ny.org/map/Cctv/5817","refreshMs":30000,"attribution":"Ora (Warner Varnado) · NYSDOT"}},{"type":"Feature","geometry":{"type":"Point","coordinates":[-73.733011,42.666139]},"properties":{"id":"ora-ny-1451","name":"PIB I-90 @ I-787","state":"NY","provider":"NYSDOT","hls":"https://s51.nysdot.skyvdn.com:443/rtplive/R1_001/playlist.m3u8","snapshot":"https://511ny.org/map/Cctv/5819","refreshMs":30000,"attribution":"Ora (Warner Varnado) · NYSDOT"}},{"type":"Feature","geometry":{"type":"Point","coordinates":[-73.757652,42.7866737]},"properties":{"id":"ora-ny-1452","name":"I-87 South of Mohawk River (Twin Bridges)","state":"NY","provider":"NYSDOT","hls":"https://s51.nysdot.skyvdn.com:443/rtplive/R1_002/playlist.m3u8","snapshot":"https://511ny.org/map/Cctv/5820","refreshMs":30000,"attribution":"Ora (Warner Varnado) · NYSDOT"}},{"type":"Feature","geometry":{"type":"Point","coordinates":[-73.762889,42.792636]},"properties":{"id":"ora-ny-1453","name":"I-87 North of Mohawk River (Twin Bridges)","state":"NY","provider":"NYSDOT","hls":"https://s51.nysdot.skyvdn.com:443/rtplive/R1_003/playlist.m3u8","snapshot":"https://511ny.org/map/Cctv/5821","refreshMs":30000,"attribution":"Ora (Warner Varnado) · NYSDOT"}},{"type":"Feature","geometry":{"type":"Point","coordinates":[-73.769617,42.75317]},"properties":{"id":"ora-ny-1454","name":"I-87 at Exit 6 - NY 7 and NY 2","state":"NY","provider":"NYSDOT","hls":"https://s51.nysdot.skyvdn.com:443/rtplive/R1_004/playlist.m3u8","snapshot":"https://511ny.org/map/Cctv/5822","refreshMs":30000,"attribution":"Ora (Warner Varnado) · NYSDOT"}},{"type":"Feature","geometry":{"type":"Point","coordinates":[-73.837225,42.697926]},"properties":{"id":"ora-ny-1455","name":"I-87 at I-90 / Thruway Exit 24","state":"NY","provider":"NYSDOT","hls":"https://s51.nysdot.skyvdn.com:443/rtplive/R1_005/playlist.m3u8","snapshot":"https://511ny.org/map/Cctv/5823","refreshMs":30000,"attribution":"Ora (Warner Varnado) · NYSDOT"}},{"type":"Feature","geometry":{"type":"Point","coordinates":[-73.697262,42.742022]},"properties":{"id":"ora-ny-1456","name":"I-787 at NY 7","state":"NY","provider":"NYSDOT","hls":"https://s51.nysdot.skyvdn.com:443/rtplive/R1_006/playlist.m3u8","snapshot":"https://511ny.org/map/Cctv/5824","refreshMs":30000,"attribution":"Ora (Warner Varnado) · NYSDOT"}},{"type":"Feature","geometry":{"type":"Point","coordinates":[-73.7848,42.682437]},"properties":{"id":"ora-ny-1457","name":"I-90 at Exit 5 (Everett Road)","state":"NY","provider":"NYSDOT","hls":"https://s51.nysdot.skyvdn.com:443/rtplive/R1_007/playlist.m3u8","snapshot":"https://511ny.org/map/Cctv/5825","refreshMs":30000,"attribution":"Ora (Warner Varnado) · NYSDOT"}},{"type":"Feature","geometry":{"type":"Point","coordinates":[-73.759051,42.648848]},"properties":{"id":"ora-ny-1458","name":"I-787","state":"NY","provider":"NYSDOT","hls":"https://s51.nysdot.skyvdn.com:443/rtplive/R1_008/playlist.m3u8","snapshot":"https://511ny.org/map/Cctv/5826","refreshMs":30000,"attribution":"Ora (Warner Varnado) · NYSDOT"}},{"type":"Feature","geometry":{"type":"Point","coordinates":[-73.7592,42.6491]},"properties":{"id":"ora-ny-1459","name":"I-787 from the north side of the Corning Tower","state":"NY","provider":"NYSDOT","hls":"https://s51.nysdot.skyvdn.com:443/rtplive/R1_009/playlist.m3u8","snapshot":"https://511ny.org/map/Cctv/5827","refreshMs":30000,"attribution":"Ora (Warner Varnado) · NYSDOT"}},{"type":"Feature","geometry":{"type":"Point","coordinates":[-73.735943,42.756718]},"properties":{"id":"ora-ny-1460","name":"NY 7 at Miller Rd","state":"NY","provider":"NYSDOT","hls":"https://s51.nysdot.skyvdn.com:443/rtplive/R1_010/playlist.m3u8","snapshot":"https://511ny.org/map/Cctv/5828","refreshMs":30000,"attribution":"Ora (Warner Varnado) · NYSDOT"}},{"type":"Feature","geometry":{"type":"Point","coordinates":[-73.757649,42.758445]},"properties":{"id":"ora-ny-1461","name":"US 9 at Sparrowbush Road","state":"NY","provider":"NYSDOT","hls":"https://s51.nysdot.skyvdn.com:443/rtplive/R1_038/playlist.m3u8","snapshot":"https://511ny.org/map/Cctv/5829","refreshMs":30000,"attribution":"Ora (Warner Varnado) · NYSDOT"}},{"type":"Feature","geometry":{"type":"Point","coordinates":[-73.744397,42.78331]},"properties":{"id":"ora-ny-1462","name":"US 9 at Boght Road","state":"NY","provider":"NYSDOT","hls":"https://s51.nysdot.skyvdn.com:443/rtplive/R1_039/playlist.m3u8","snapshot":"https://511ny.org/map/Cctv/5830","refreshMs":30000,"attribution":"Ora (Warner Varnado) · NYSDOT"}},{"type":"Feature","geometry":{"type":"Point","coordinates":[-73.732896,42.82386]},"properties":{"id":"ora-ny-1463","name":"US 9 at Crescent Vischer Ferry Road","state":"NY","provider":"NYSDOT","hls":"https://s51.nysdot.skyvdn.com:443/rtplive/R1_040/playlist.m3u8","snapshot":"https://511ny.org/map/Cctv/5831","refreshMs":30000,"attribution":"Ora (Warner Varnado) · NYSDOT"}},{"type":"Feature","geometry":{"type":"Point","coordinates":[-75.578317,43.129992]},"properties":{"id":"ora-ny-1464","name":"NY 365 at NY 31","state":"NY","provider":"NYSDOT","hls":"https://s51.nysdot.skyvdn.com:443/rtplive/R2_001/playlist.m3u8","snapshot":"https://511ny.org/map/Cctv/5832","refreshMs":30000,"attribution":"Ora (Warner Varnado) · NYSDOT"}},{"type":"Feature","geometry":{"type":"Point","coordinates":[-75.592128,43.121061]},"properties":{"id":"ora-ny-1465","name":"NY 365 EB at I-90 Exit 33","state":"NY","provider":"NYSDOT","hls":"https://s51.nysdot.skyvdn.com:443/rtplive/R2_002/playlist.m3u8","snapshot":"https://511ny.org/map/Cctv/5833","refreshMs":30000,"attribution":"Ora (Warner Varnado) · NYSDOT"}},{"type":"Feature","geometry":{"type":"Point","coordinates":[-75.493611,43.229492]},"properties":{"id":"ora-ny-1466","name":"NY 69 WB at NY 46/49","state":"NY","provider":"NYSDOT","hls":"https://s51.nysdot.skyvdn.com:443/rtplive/R2_003/playlist.m3u8","snapshot":"https://511ny.org/map/Cctv/5834","refreshMs":30000,"attribution":"Ora (Warner Varnado) · NYSDOT"}},{"type":"Feature","geometry":{"type":"Point","coordinates":[-75.642039,43.078914]},"properties":{"id":"ora-ny-1467","name":"NY 5 EB at NY 46","state":"NY","provider":"NYSDOT","hls":"https://s51.nysdot.skyvdn.com:443/rtplive/R2_004/playlist.m3u8","snapshot":"https://511ny.org/map/Cctv/5835","refreshMs":30000,"attribution":"Ora (Warner Varnado) · NYSDOT"}},{"type":"Feature","geometry":{"type":"Point","coordinates":[-74.186975,42.967369]},"properties":{"id":"ora-ny-1468","name":"NY 30 NB at Golf Course Road","state":"NY","provider":"NYSDOT","hls":"https://s51.nysdot.skyvdn.com:443/rtplive/R2_005/playlist.m3u8","snapshot":"https://511ny.org/map/Cctv/5836","refreshMs":30000,"attribution":"Ora (Warner Varnado) · NYSDOT"}},{"type":"Feature","geometry":{"type":"Point","coordinates":[-74.360806,43.013488]},"properties":{"id":"ora-ny-1469","name":"NY 30A NB at Briggs St","state":"NY","provider":"NYSDOT","hls":"https://s51.nysdot.skyvdn.com:443/rtplive/R2_006/playlist.m3u8","snapshot":"https://511ny.org/map/Cctv/5837","refreshMs":30000,"attribution":"Ora (Warner Varnado) · NYSDOT"}},{"type":"Feature","geometry":{"type":"Point","coordinates":[-74.992969,43.022517]},"properties":{"id":"ora-ny-1470","name":"NY 5 WB at Caroline St","state":"NY","provider":"NYSDOT","hls":"https://s51.nysdot.skyvdn.com:443/rtplive/R2_007/playlist.m3u8","snapshot":"https://511ny.org/map/Cctv/5838","refreshMs":30000,"attribution":"Ora (Warner Varnado) · NYSDOT"}},{"type":"Feature","geometry":{"type":"Point","coordinates":[-74.190361,42.937733]},"properties":{"id":"ora-ny-1471","name":"NY 30 NB at NY 5","state":"NY","provider":"NYSDOT","hls":"https://s51.nysdot.skyvdn.com:443/rtplive/R2_008/playlist.m3u8","snapshot":"https://511ny.org/map/Cctv/5839","refreshMs":30000,"attribution":"Ora (Warner Varnado) · NYSDOT"}},{"type":"Feature","geometry":{"type":"Point","coordinates":[-74.1939,42.939456]},"properties":{"id":"ora-ny-1472","name":"NY 30 SB at Division St","state":"NY","provider":"NYSDOT","hls":"https://s51.nysdot.skyvdn.com:443/rtplive/R2_009/playlist.m3u8","snapshot":"https://511ny.org/map/Cctv/5840","refreshMs":30000,"attribution":"Ora (Warner Varnado) · NYSDOT"}},{"type":"Feature","geometry":{"type":"Point","coordinates":[-75.035003,43.016286]},"properties":{"id":"ora-ny-1473","name":"NY 51 NB at Clark St","state":"NY","provider":"NYSDOT","hls":"https://s51.nysdot.skyvdn.com:443/rtplive/R2_010/playlist.m3u8","snapshot":"https://511ny.org/map/Cctv/5841","refreshMs":30000,"attribution":"Ora (Warner Varnado) · NYSDOT"}},{"type":"Feature","geometry":{"type":"Point","coordinates":[-76.130025,43.005497]},"properties":{"id":"ora-ny-1474","name":"I-81 south of Exit 16A (I-481)","state":"NY","provider":"NYSDOT","hls":"https://s51.nysdot.skyvdn.com:443/rtplive/R3_001/playlist.m3u8","snapshot":"https://511ny.org/map/Cctv/5842","refreshMs":30000,"attribution":"Ora (Warner Varnado) · NYSDOT"}},{"type":"Feature","geometry":{"type":"Point","coordinates":[-76.051443,43.042833]},"properties":{"id":"ora-ny-1475","name":"I-481 south of Exit 4 (Kinne Rd)","state":"NY","provider":"NYSDOT","hls":"https://s51.nysdot.skyvdn.com:443/rtplive/R3_002/playlist.m3u8","snapshot":"https://511ny.org/map/Cctv/5843","refreshMs":30000,"attribution":"Ora (Warner Varnado) · NYSDOT"}},{"type":"Feature","geometry":{"type":"Point","coordinates":[-76.051669,43.063392]},"properties":{"id":"ora-ny-1476","name":"I-481 north of Exit 4 (Route 290)","state":"NY","provider":"NYSDOT","hls":"https://s51.nysdot.skyvdn.com:443/rtplive/R3_003/playlist.m3u8","snapshot":"https://511ny.org/map/Cctv/5844","refreshMs":30000,"attribution":"Ora (Warner Varnado) · NYSDOT"}},{"type":"Feature","geometry":{"type":"Point","coordinates":[-76.053929,43.094176]},"properties":{"id":"ora-ny-1477","name":"I-481 south of Exit 6 (Thruway)","state":"NY","provider":"NYSDOT","hls":"https://s51.nysdot.skyvdn.com:443/rtplive/R3_004/playlist.m3u8","snapshot":"https://511ny.org/map/Cctv/5845","refreshMs":30000,"attribution":"Ora (Warner Varnado) · NYSDOT"}},{"type":"Feature","geometry":{"type":"Point","coordinates":[-76.053357,43.105276]},"properties":{"id":"ora-ny-1478","name":"I-481 south of Exit 7 (Route 298)","state":"NY","provider":"NYSDOT","hls":"https://s51.nysdot.skyvdn.com:443/rtplive/R3_005/playlist.m3u8","snapshot":"https://511ny.org/map/Cctv/5846","refreshMs":30000,"attribution":"Ora (Warner Varnado) · NYSDOT"}},{"type":"Feature","geometry":{"type":"Point","coordinates":[-76.048522,43.121973]},"properties":{"id":"ora-ny-1479","name":"I-481 north of Exit 7 (Taft Rd)","state":"NY","provider":"NYSDOT","hls":"https://s51.nysdot.skyvdn.com:443/rtplive/R3_006/playlist.m3u8","snapshot":"https://511ny.org/map/Cctv/5847","refreshMs":30000,"attribution":"Ora (Warner Varnado) · NYSDOT"}},{"type":"Feature","geometry":{"type":"Point","coordinates":[-76.082301,43.13654]},"properties":{"id":"ora-ny-1480","name":"I-481 south of Exit 8 (Northern Blvd)","state":"NY","provider":"NYSDOT","hls":"https://s51.nysdot.skyvdn.com:443/rtplive/R3_007/playlist.m3u8","snapshot":"https://511ny.org/map/Cctv/5848","refreshMs":30000,"attribution":"Ora (Warner Varnado) · NYSDOT"}},{"type":"Feature","geometry":{"type":"Point","coordinates":[-76.113037,43.141757]},"properties":{"id":"ora-ny-1481","name":"I-81 north of Exit 29 (I-481)","state":"NY","provider":"NYSDOT","hls":"https://s51.nysdot.skyvdn.com:443/rtplive/R3_008/playlist.m3u8","snapshot":"https://511ny.org/map/Cctv/5849","refreshMs":30000,"attribution":"Ora (Warner Varnado) · NYSDOT"}},{"type":"Feature","geometry":{"type":"Point","coordinates":[-76.06648,43.057436]},"properties":{"id":"ora-ny-1482","name":"I-690 east of Exit 17 (Bridge St)","state":"NY","provider":"NYSDOT","hls":"https://s51.nysdot.skyvdn.com:443/rtplive/R3_009/playlist.m3u8","snapshot":"https://511ny.org/map/Cctv/5850","refreshMs":30000,"attribution":"Ora (Warner Varnado) · NYSDOT"}},{"type":"Feature","geometry":{"type":"Point","coordinates":[-76.083306,43.057861]},"properties":{"id":"ora-ny-1483","name":"I-690 east of Exit 16 (Thompson Rd)","state":"NY","provider":"NYSDOT","hls":"https://s51.nysdot.skyvdn.com:443/rtplive/R3_010/playlist.m3u8","snapshot":"https://511ny.org/map/Cctv/5851","refreshMs":30000,"attribution":"Ora (Warner Varnado) · NYSDOT"}},{"type":"Feature","geometry":{"type":"Point","coordinates":[-76.1747,43.078425]},"properties":{"id":"ora-ny-1484","name":"I-81 north of Exit 23 (Liverpool 2)","state":"NY","provider":"NYSDOT","hls":"https://s51.nysdot.skyvdn.com:443/rtplive/R3_031/playlist.m3u8","snapshot":"https://511ny.org/map/Cctv/5852","refreshMs":30000,"attribution":"Ora (Warner Varnado) · NYSDOT"}},{"type":"Feature","geometry":{"type":"Point","coordinates":[-76.198685,43.093702]},"properties":{"id":"ora-ny-1485","name":"NY-370 west of Railroad Bridge (Parkway)","state":"NY","provider":"NYSDOT","hls":"https://s51.nysdot.skyvdn.com:443/rtplive/R3_032/playlist.m3u8","snapshot":"https://511ny.org/map/Cctv/5853","refreshMs":30000,"attribution":"Ora (Warner Varnado) · NYSDOT"}},{"type":"Feature","geometry":{"type":"Point","coordinates":[-76.208698,43.073457]},"properties":{"id":"ora-ny-1486","name":"I-690 west of Exit 12B (Orange Lot)","state":"NY","provider":"NYSDOT","hls":"https://s51.nysdot.skyvdn.com:443/rtplive/R3_036/playlist.m3u8","snapshot":"https://511ny.org/map/Cctv/5854","refreshMs":30000,"attribution":"Ora (Warner Varnado) · NYSDOT"}},{"type":"Feature","geometry":{"type":"Point","coordinates":[-76.172062,43.056155]},"properties":{"id":"ora-ny-1487","name":"I-690 west of Exit 14 (Geddes)","state":"NY","provider":"NYSDOT","hls":"https://s51.nysdot.skyvdn.com:443/rtplive/R3_037/playlist.m3u8","snapshot":"https://511ny.org/map/Cctv/5855","refreshMs":30000,"attribution":"Ora (Warner Varnado) · NYSDOT"}},{"type":"Feature","geometry":{"type":"Point","coordinates":[-78.867937,42.893039]},"properties":{"id":"ora-ny-1488","name":"NY 33 at Oak Street","state":"NY","provider":"NYSDOT","hls":"https://s51.nysdot.skyvdn.com:443/rtplive/R5_002/playlist.m3u8","snapshot":"https://511ny.org/map/Cctv/5857","refreshMs":30000,"attribution":"Ora (Warner Varnado) · NYSDOT"}},{"type":"Feature","geometry":{"type":"Point","coordinates":[-78.862224,42.893849]},"properties":{"id":"ora-ny-1489","name":"NY 33 at Hickory Street","state":"NY","provider":"NYSDOT","hls":"https://s51.nysdot.skyvdn.com:443/rtplive/R5_003/playlist.m3u8","snapshot":"https://511ny.org/map/Cctv/5858","refreshMs":30000,"attribution":"Ora (Warner Varnado) · NYSDOT"}},{"type":"Feature","geometry":{"type":"Point","coordinates":[-78.85385,42.897261]},"properties":{"id":"ora-ny-1490","name":"NY 33 at Jefferson Avenue","state":"NY","provider":"NYSDOT","hls":"https://s51.nysdot.skyvdn.com:443/rtplive/R5_004/playlist.m3u8","snapshot":"https://511ny.org/map/Cctv/5859","refreshMs":30000,"attribution":"Ora (Warner Varnado) · NYSDOT"}},{"type":"Feature","geometry":{"type":"Point","coordinates":[-78.848566,42.900061]},"properties":{"id":"ora-ny-1491","name":"NY 33 at High Street","state":"NY","provider":"NYSDOT","hls":"https://s51.nysdot.skyvdn.com:443/rtplive/R5_005/playlist.m3u8","snapshot":"https://511ny.org/map/Cctv/5860","refreshMs":30000,"attribution":"Ora (Warner Varnado) · NYSDOT"}},{"type":"Feature","geometry":{"type":"Point","coordinates":[-78.84554,42.903881]},"properties":{"id":"ora-ny-1492","name":"NY 33 at Best Street","state":"NY","provider":"NYSDOT","hls":"https://s51.nysdot.skyvdn.com:443/rtplive/R5_006/playlist.m3u8","snapshot":"https://511ny.org/map/Cctv/5861","refreshMs":30000,"attribution":"Ora (Warner Varnado) · NYSDOT"}},{"type":"Feature","geometry":{"type":"Point","coordinates":[-78.783393,42.978908]},"properties":{"id":"ora-ny-1493","name":"I-290 at Exit 6 (Sheridan Drive)","state":"NY","provider":"NYSDOT","hls":"https://s51.nysdot.skyvdn.com:443/rtplive/R5_031/playlist.m3u8","snapshot":"https://511ny.org/map/Cctv/5863","refreshMs":30000,"attribution":"Ora (Warner Varnado) · NYSDOT"}},{"type":"Feature","geometry":{"type":"Point","coordinates":[-78.771281,42.969187]},"properties":{"id":"ora-ny-1494","name":"I-290 between Exit 7 (Main Street) and Exit 6 (Sheridan Drive)","state":"NY","provider":"NYSDOT","hls":"https://s51.nysdot.skyvdn.com:443/rtplive/R5_033/playlist.m3u8","snapshot":"https://511ny.org/map/Cctv/5865","refreshMs":30000,"attribution":"Ora (Warner Varnado) · NYSDOT"}},{"type":"Feature","geometry":{"type":"Point","coordinates":[-78.766303,42.959155]},"properties":{"id":"ora-ny-1495","name":"I-290 at Exit 7 (Main Street)","state":"NY","provider":"NYSDOT","hls":"https://s51.nysdot.skyvdn.com:443/rtplive/R5_034/playlist.m3u8","snapshot":"https://511ny.org/map/Cctv/5866","refreshMs":30000,"attribution":"Ora (Warner Varnado) · NYSDOT"}},{"type":"Feature","geometry":{"type":"Point","coordinates":[-78.990205,43.080638]},"properties":{"id":"ora-ny-1496","name":"I-190 at Exit 21A (LaSalle Expressway)","state":"NY","provider":"NYSDOT","hls":"https://s51.nysdot.skyvdn.com:443/rtplive/R5_036/playlist.m3u8","snapshot":"https://511ny.org/map/Cctv/5868","refreshMs":30000,"attribution":"Ora (Warner Varnado) · NYSDOT"}},{"type":"Feature","geometry":{"type":"Point","coordinates":[-78.990379,43.089066]},"properties":{"id":"ora-ny-1497","name":"I-190 at Exit 22 (Niagara Falls Boulevard) (1)","state":"NY","provider":"NYSDOT","hls":"https://s51.nysdot.skyvdn.com:443/rtplive/R5_037/playlist.m3u8","snapshot":"https://511ny.org/map/Cctv/5869","refreshMs":30000,"attribution":"Ora (Warner Varnado) · NYSDOT"}},{"type":"Feature","geometry":{"type":"Point","coordinates":[-78.990379,43.089066]},"properties":{"id":"ora-ny-1498","name":"I-190 at Exit 22 (Niagara Falls Boulevard) (2)","state":"NY","provider":"NYSDOT","hls":"https://s51.nysdot.skyvdn.com:443/rtplive/R5_038/playlist.m3u8","snapshot":"https://511ny.org/map/Cctv/5870","refreshMs":30000,"attribution":"Ora (Warner Varnado) · NYSDOT"}},{"type":"Feature","geometry":{"type":"Point","coordinates":[-78.989013,43.106944]},"properties":{"id":"ora-ny-1499","name":"I-190 at Exit 23 (Packard Road) (1)","state":"NY","provider":"NYSDOT","hls":"https://s51.nysdot.skyvdn.com:443/rtplive/R5_039/playlist.m3u8","snapshot":"https://511ny.org/map/Cctv/5871","refreshMs":30000,"attribution":"Ora (Warner Varnado) · NYSDOT"}},{"type":"Feature","geometry":{"type":"Point","coordinates":[-78.989013,43.106944]},"properties":{"id":"ora-ny-1500","name":"I-190 at Exit 23 (Packard Road) (2)","state":"NY","provider":"NYSDOT","hls":"https://s51.nysdot.skyvdn.com:443/rtplive/R5_040/playlist.m3u8","snapshot":"https://511ny.org/map/Cctv/5872","refreshMs":30000,"attribution":"Ora (Warner Varnado) · NYSDOT"}},{"type":"Feature","geometry":{"type":"Point","coordinates":[-78.846743,42.790178]},"properties":{"id":"ora-ny-1501","name":"NY 5 at NY 179 (2)","state":"NY","provider":"NYSDOT","hls":"https://s51.nysdot.skyvdn.com:443/rtplive/R5_061/playlist.m3u8","snapshot":"https://511ny.org/map/Cctv/5873","refreshMs":30000,"attribution":"Ora (Warner Varnado) · NYSDOT"}},{"type":"Feature","geometry":{"type":"Point","coordinates":[-78.863463,42.773704]},"properties":{"id":"ora-ny-1502","name":"NY 5 at Big Tree Road","state":"NY","provider":"NYSDOT","hls":"https://s51.nysdot.skyvdn.com:443/rtplive/R5_062/playlist.m3u8","snapshot":"https://511ny.org/map/Cctv/5874","refreshMs":30000,"attribution":"Ora (Warner Varnado) · NYSDOT"}},{"type":"Feature","geometry":{"type":"Point","coordinates":[-78.845669,42.924308]},"properties":{"id":"ora-ny-1503","name":"NY 198 between NY 33 and Main Street","state":"NY","provider":"NYSDOT","hls":"https://s51.nysdot.skyvdn.com:443/rtplive/R5_063/playlist.m3u8","snapshot":"https://511ny.org/map/Cctv/5875","refreshMs":30000,"attribution":"Ora (Warner Varnado) · NYSDOT"}},{"type":"Feature","geometry":{"type":"Point","coordinates":[-78.855041,42.930166]},"properties":{"id":"ora-ny-1504","name":"NY 198 at Parkside Boulevard","state":"NY","provider":"NYSDOT","hls":"https://s51.nysdot.skyvdn.com:443/rtplive/R5_064/playlist.m3u8","snapshot":"https://511ny.org/map/Cctv/5876","refreshMs":30000,"attribution":"Ora (Warner Varnado) · NYSDOT"}},{"type":"Feature","geometry":{"type":"Point","coordinates":[-78.865254,42.934089]},"properties":{"id":"ora-ny-1505","name":"NY 198 at Delaware Avenue (1)","state":"NY","provider":"NYSDOT","hls":"https://s51.nysdot.skyvdn.com:443/rtplive/R5_065/playlist.m3u8","snapshot":"https://511ny.org/map/Cctv/5877","refreshMs":30000,"attribution":"Ora (Warner Varnado) · NYSDOT"}},{"type":"Feature","geometry":{"type":"Point","coordinates":[-78.865254,42.934089]},"properties":{"id":"ora-ny-1506","name":"NY 198 at Delaware Avenue (2)","state":"NY","provider":"NYSDOT","hls":"https://s51.nysdot.skyvdn.com:443/rtplive/R5_066/playlist.m3u8","snapshot":"https://511ny.org/map/Cctv/5878","refreshMs":30000,"attribution":"Ora (Warner Varnado) · NYSDOT"}},{"type":"Feature","geometry":{"type":"Point","coordinates":[-78.872363,42.934471]},"properties":{"id":"ora-ny-1507","name":"NY 198 at Pedestrian Bridge (1)","state":"NY","provider":"NYSDOT","hls":"https://s51.nysdot.skyvdn.com:443/rtplive/R5_067/playlist.m3u8","snapshot":"https://511ny.org/map/Cctv/5879","refreshMs":30000,"attribution":"Ora (Warner Varnado) · NYSDOT"}},{"type":"Feature","geometry":{"type":"Point","coordinates":[-78.872363,42.934471]},"properties":{"id":"ora-ny-1508","name":"NY 198 at Pedestrian Bridge (2)","state":"NY","provider":"NYSDOT","hls":"https://s51.nysdot.skyvdn.com:443/rtplive/R5_068/playlist.m3u8","snapshot":"https://511ny.org/map/Cctv/5880","refreshMs":30000,"attribution":"Ora (Warner Varnado) · NYSDOT"}},{"type":"Feature","geometry":{"type":"Point","coordinates":[-78.877648,42.9341]},"properties":{"id":"ora-ny-1509","name":"NY 198 at Elmwood Avenue","state":"NY","provider":"NYSDOT","hls":"https://s51.nysdot.skyvdn.com:443/rtplive/R5_069/playlist.m3u8","snapshot":"https://511ny.org/map/Cctv/5881","refreshMs":30000,"attribution":"Ora (Warner Varnado) · NYSDOT"}},{"type":"Feature","geometry":{"type":"Point","coordinates":[-78.882272,42.936667]},"properties":{"id":"ora-ny-1510","name":"NY 198 between Grant Street and Elmwood Avenue (1)","state":"NY","provider":"NYSDOT","hls":"https://s51.nysdot.skyvdn.com:443/rtplive/R5_070/playlist.m3u8","snapshot":"https://511ny.org/map/Cctv/5882","refreshMs":30000,"attribution":"Ora (Warner Varnado) · NYSDOT"}},{"type":"Feature","geometry":{"type":"Point","coordinates":[-77.321953,42.556958]},"properties":{"id":"ora-ny-1511","name":"NY 53 - Prattsburgh (Mattoon Rd)","state":"NY","provider":"NYSDOT","hls":"https://s51.nysdot.skyvdn.com:443/rtplive/R6_001/playlist.m3u8","snapshot":"https://511ny.org/map/Cctv/5883","refreshMs":30000,"attribution":"Ora (Warner Varnado) · NYSDOT"}},{"type":"Feature","geometry":{"type":"Point","coordinates":[-77.353672,42.371825]},"properties":{"id":"ora-ny-1512","name":"I-86 at Kanona Rest Area (Highway)","state":"NY","provider":"NYSDOT","hls":"https://s51.nysdot.skyvdn.com:443/rtplive/R6_003/playlist.m3u8","snapshot":"https://511ny.org/map/Cctv/5885","refreshMs":30000,"attribution":"Ora (Warner Varnado) · NYSDOT"}},{"type":"Feature","geometry":{"type":"Point","coordinates":[-77.874642,42.305639]},"properties":{"id":"ora-ny-1513","name":"I-86 at West Almond Exit 32 (CR 2)","state":"NY","provider":"NYSDOT","hls":"https://s51.nysdot.skyvdn.com:443/rtplive/R6_004/playlist.m3u8","snapshot":"https://511ny.org/map/Cctv/5886","refreshMs":30000,"attribution":"Ora (Warner Varnado) · NYSDOT"}},{"type":"Feature","geometry":{"type":"Point","coordinates":[-76.687371,42.027968]},"properties":{"id":"ora-ny-1514","name":"I-86 at Exit 58","state":"NY","provider":"NYSDOT","hls":"https://s51.nysdot.skyvdn.com:443/rtplive/R6_006/playlist.m3u8","snapshot":"https://511ny.org/map/Cctv/5887","refreshMs":30000,"attribution":"Ora (Warner Varnado) · NYSDOT"}},{"type":"Feature","geometry":{"type":"Point","coordinates":[-77.556908,42.531311]},"properties":{"id":"ora-ny-1515","name":"I-390 at Wayland Rock Cut (between Exits 2 & 3)","state":"NY","provider":"NYSDOT","hls":"https://s51.nysdot.skyvdn.com:443/rtplive/R6_008/playlist.m3u8","snapshot":"https://511ny.org/map/Cctv/5889","refreshMs":30000,"attribution":"Ora (Warner Varnado) · NYSDOT"}},{"type":"Feature","geometry":{"type":"Point","coordinates":[-77.037842,42.602611]},"properties":{"id":"ora-ny-1516","name":"NY 14A - Milo","state":"NY","provider":"NYSDOT","hls":"https://s51.nysdot.skyvdn.com:443/rtplive/R6_009/playlist.m3u8","snapshot":"https://511ny.org/map/Cctv/5890","refreshMs":30000,"attribution":"Ora (Warner Varnado) · NYSDOT"}},{"type":"Feature","geometry":{"type":"Point","coordinates":[-73.815888,40.892385]},"properties":{"id":"ora-ny-1517","name":"Hutchinson River Parkway At Exit 4B (US 1) ","state":"NY","provider":"NYSDOT","hls":"https://s51.nysdot.skyvdn.com:443/rtplive/R8_036/playlist.m3u8","snapshot":"https://511ny.org/map/Cctv/5894","refreshMs":30000,"attribution":"Ora (Warner Varnado) · NYSDOT"}},{"type":"Feature","geometry":{"type":"Point","coordinates":[-73.715333,41.018539]},"properties":{"id":"ora-ny-1518","name":"Hutchinson River Parkway at Exit 16A (I-684 Split)","state":"NY","provider":"NYSDOT","hls":"https://s51.nysdot.skyvdn.com:443/rtplive/R8_040/playlist.m3u8","snapshot":"https://511ny.org/map/Cctv/5896","refreshMs":30000,"attribution":"Ora (Warner Varnado) · NYSDOT"}},{"type":"Feature","geometry":{"type":"Point","coordinates":[-75.920211,42.112881]},"properties":{"id":"ora-ny-1519","name":"NY 17 west of I-81","state":"NY","provider":"NYSDOT","hls":"https://s51.nysdot.skyvdn.com:443/rtplive/R9_001/playlist.m3u8","snapshot":"https://511ny.org/map/Cctv/5897","refreshMs":30000,"attribution":"Ora (Warner Varnado) · NYSDOT"}},{"type":"Feature","geometry":{"type":"Point","coordinates":[-75.910201,42.112268]},"properties":{"id":"ora-ny-1520","name":"NY 17 Approaching I-81","state":"NY","provider":"NYSDOT","hls":"https://s51.nysdot.skyvdn.com:443/rtplive/R9_002/playlist.m3u8","snapshot":"https://511ny.org/map/Cctv/5898","refreshMs":30000,"attribution":"Ora (Warner Varnado) · NYSDOT"}},{"type":"Feature","geometry":{"type":"Point","coordinates":[-75.910214,42.114588]},"properties":{"id":"ora-ny-1521","name":"NY 17 South of I-81","state":"NY","provider":"NYSDOT","hls":"https://s51.nysdot.skyvdn.com:443/rtplive/R9_003/playlist.m3u8","snapshot":"https://511ny.org/map/Cctv/5899","refreshMs":30000,"attribution":"Ora (Warner Varnado) · NYSDOT"}},{"type":"Feature","geometry":{"type":"Point","coordinates":[-75.905098,42.123578]},"properties":{"id":"ora-ny-1522","name":"I-81 at Exit 5","state":"NY","provider":"NYSDOT","hls":"https://s51.nysdot.skyvdn.com:443/rtplive/R9_004/playlist.m3u8","snapshot":"https://511ny.org/map/Cctv/5900","refreshMs":30000,"attribution":"Ora (Warner Varnado) · NYSDOT"}},{"type":"Feature","geometry":{"type":"Point","coordinates":[-75.89879,42.11449]},"properties":{"id":"ora-ny-1523","name":"I-81 at Exit 4","state":"NY","provider":"NYSDOT","hls":"https://s51.nysdot.skyvdn.com:443/rtplive/R9_005/playlist.m3u8","snapshot":"https://511ny.org/map/Cctv/5901","refreshMs":30000,"attribution":"Ora (Warner Varnado) · NYSDOT"}},{"type":"Feature","geometry":{"type":"Point","coordinates":[-75.944232,42.119776]},"properties":{"id":"ora-ny-1524","name":"NY 17 East of Airport Road","state":"NY","provider":"NYSDOT","hls":"https://s51.nysdot.skyvdn.com:443/rtplive/R9_006/playlist.m3u8","snapshot":"https://511ny.org/map/Cctv/5902","refreshMs":30000,"attribution":"Ora (Warner Varnado) · NYSDOT"}},{"type":"Feature","geometry":{"type":"Point","coordinates":[-73.846173,40.739105]},"properties":{"id":"ora-ny-1525","name":"I-495 at Grand Central Pkwy","state":"NY","provider":"NYSDOT","hls":"https://s51.nysdot.skyvdn.com:443/rtplive/R10_001/playlist.m3u8","snapshot":"https://511ny.org/map/Cctv/5903","refreshMs":30000,"attribution":"Ora (Warner Varnado) · NYSDOT"}},{"type":"Feature","geometry":{"type":"Point","coordinates":[-73.814765,40.738692]},"properties":{"id":"ora-ny-1526","name":"I-495 at Kissena Blvd","state":"NY","provider":"NYSDOT","hls":"https://s51.nysdot.skyvdn.com:443/rtplive/R10_002/playlist.m3u8","snapshot":"https://511ny.org/map/Cctv/5904","refreshMs":30000,"attribution":"Ora (Warner Varnado) · NYSDOT"}},{"type":"Feature","geometry":{"type":"Point","coordinates":[-73.79712,40.738011]},"properties":{"id":"ora-ny-1527","name":"I-495 at Utopia Pkwy","state":"NY","provider":"NYSDOT","hls":"https://s51.nysdot.skyvdn.com:443/rtplive/R10_003/playlist.m3u8","snapshot":"https://511ny.org/map/Cctv/5905","refreshMs":30000,"attribution":"Ora (Warner Varnado) · NYSDOT"}},{"type":"Feature","geometry":{"type":"Point","coordinates":[-73.763638,40.746698]},"properties":{"id":"ora-ny-1528","name":"I-495 at Oceana St","state":"NY","provider":"NYSDOT","hls":"https://s51.nysdot.skyvdn.com:443/rtplive/R10_005/playlist.m3u8","snapshot":"https://511ny.org/map/Cctv/5906","refreshMs":30000,"attribution":"Ora (Warner Varnado) · NYSDOT"}},{"type":"Feature","geometry":{"type":"Point","coordinates":[-73.750172,40.750563]},"properties":{"id":"ora-ny-1529","name":"I-495 at East Hampton Blvd Pedestrian Br","state":"NY","provider":"NYSDOT","hls":"https://s51.nysdot.skyvdn.com:443/rtplive/R10_006/playlist.m3u8","snapshot":"https://511ny.org/map/Cctv/5907","refreshMs":30000,"attribution":"Ora (Warner Varnado) · NYSDOT"}},{"type":"Feature","geometry":{"type":"Point","coordinates":[-73.743048,40.754822]},"properties":{"id":"ora-ny-1530","name":"I-495 at Cross Island Pkwy.","state":"NY","provider":"NYSDOT","hls":"https://s51.nysdot.skyvdn.com:443/rtplive/R10_007/playlist.m3u8","snapshot":"https://511ny.org/map/Cctv/5908","refreshMs":30000,"attribution":"Ora (Warner Varnado) · NYSDOT"}},{"type":"Feature","geometry":{"type":"Point","coordinates":[-73.734234,40.759981]},"properties":{"id":"ora-ny-1531","name":"I-495 West of Marathon Pkwy","state":"NY","provider":"NYSDOT","hls":"https://s51.nysdot.skyvdn.com:443/rtplive/R10_008/playlist.m3u8","snapshot":"https://511ny.org/map/Cctv/5909","refreshMs":30000,"attribution":"Ora (Warner Varnado) · NYSDOT"}},{"type":"Feature","geometry":{"type":"Point","coordinates":[-73.72349,40.764521]},"properties":{"id":"ora-ny-1532","name":"I-495 at Little Neck Pkwy","state":"NY","provider":"NYSDOT","hls":"https://s51.nysdot.skyvdn.com:443/rtplive/R10_009/playlist.m3u8","snapshot":"https://511ny.org/map/Cctv/5910","refreshMs":30000,"attribution":"Ora (Warner Varnado) · NYSDOT"}},{"type":"Feature","geometry":{"type":"Point","coordinates":[-73.706321,40.76978]},"properties":{"id":"ora-ny-1533","name":"I-495 East of Little Neck Pkwy","state":"NY","provider":"NYSDOT","hls":"https://s51.nysdot.skyvdn.com:443/rtplive/R10_010/playlist.m3u8","snapshot":"https://511ny.org/map/Cctv/5911","refreshMs":30000,"attribution":"Ora (Warner Varnado) · NYSDOT"}},{"type":"Feature","geometry":{"type":"Point","coordinates":[-73.363223,40.791743]},"properties":{"id":"ora-ny-1534","name":"I-495 at Bagatelle Rd","state":"NY","provider":"NYSDOT","hls":"https://s51.nysdot.skyvdn.com:443/rtplive/R10_031/playlist.m3u8","snapshot":"https://511ny.org/map/Cctv/5912","refreshMs":30000,"attribution":"Ora (Warner Varnado) · NYSDOT"}},{"type":"Feature","geometry":{"type":"Point","coordinates":[-73.333628,40.801269]},"properties":{"id":"ora-ny-1535","name":"I-495 at Deer Park Ave","state":"NY","provider":"NYSDOT","hls":"https://s51.nysdot.skyvdn.com:443/rtplive/R10_032/playlist.m3u8","snapshot":"https://511ny.org/map/Cctv/5913","refreshMs":30000,"attribution":"Ora (Warner Varnado) · NYSDOT"}},{"type":"Feature","geometry":{"type":"Point","coordinates":[-73.315147,40.803776]},"properties":{"id":"ora-ny-1536","name":"I-495 at Rest Area","state":"NY","provider":"NYSDOT","hls":"https://s51.nysdot.skyvdn.com:443/rtplive/R10_033/playlist.m3u8","snapshot":"https://511ny.org/map/Cctv/5914","refreshMs":30000,"attribution":"Ora (Warner Varnado) · NYSDOT"}},{"type":"Feature","geometry":{"type":"Point","coordinates":[-73.296796,40.804787]},"properties":{"id":"ora-ny-1537","name":"I-495 at Commack Road","state":"NY","provider":"NYSDOT","hls":"https://s51.nysdot.skyvdn.com:443/rtplive/R10_034/playlist.m3u8","snapshot":"https://511ny.org/map/Cctv/5915","refreshMs":30000,"attribution":"Ora (Warner Varnado) · NYSDOT"}},{"type":"Feature","geometry":{"type":"Point","coordinates":[-73.277557,40.805363]},"properties":{"id":"ora-ny-1538","name":"I-495 at Sagtikos Pkwy","state":"NY","provider":"NYSDOT","hls":"https://s51.nysdot.skyvdn.com:443/rtplive/R10_035/playlist.m3u8","snapshot":"https://511ny.org/map/Cctv/5916","refreshMs":30000,"attribution":"Ora (Warner Varnado) · NYSDOT"}},{"type":"Feature","geometry":{"type":"Point","coordinates":[-73.265629,40.804156]},"properties":{"id":"ora-ny-1539","name":"I-495 at Wicks Road Eastbound CD Rd","state":"NY","provider":"NYSDOT","hls":"https://s51.nysdot.skyvdn.com:443/rtplive/R10_036/playlist.m3u8","snapshot":"https://511ny.org/map/Cctv/5917","refreshMs":30000,"attribution":"Ora (Warner Varnado) · NYSDOT"}},{"type":"Feature","geometry":{"type":"Point","coordinates":[-73.260317,40.805198]},"properties":{"id":"ora-ny-1540","name":"I-495 at Exit 53 Ramp - Wicks Rd","state":"NY","provider":"NYSDOT","hls":"https://s51.nysdot.skyvdn.com:443/rtplive/R10_037/playlist.m3u8","snapshot":"https://511ny.org/map/Cctv/5918","refreshMs":30000,"attribution":"Ora (Warner Varnado) · NYSDOT"}},{"type":"Feature","geometry":{"type":"Point","coordinates":[-73.24886,40.805798]},"properties":{"id":"ora-ny-1541","name":"I-495 at Washington Ave","state":"NY","provider":"NYSDOT","hls":"https://s51.nysdot.skyvdn.com:443/rtplive/R10_038/playlist.m3u8","snapshot":"https://511ny.org/map/Cctv/5919","refreshMs":30000,"attribution":"Ora (Warner Varnado) · NYSDOT"}},{"type":"Feature","geometry":{"type":"Point","coordinates":[-73.22341,40.808563]},"properties":{"id":"ora-ny-1542","name":"I-495 at Motor Parkway Exit 55","state":"NY","provider":"NYSDOT","hls":"https://s51.nysdot.skyvdn.com:443/rtplive/R10_039/playlist.m3u8","snapshot":"https://511ny.org/map/Cctv/5920","refreshMs":30000,"attribution":"Ora (Warner Varnado) · NYSDOT"}},{"type":"Feature","geometry":{"type":"Point","coordinates":[-73.20505,40.809443]},"properties":{"id":"ora-ny-1543","name":"I-495 at Lincoln Blvd","state":"NY","provider":"NYSDOT","hls":"https://s51.nysdot.skyvdn.com:443/rtplive/R10_040/playlist.m3u8","snapshot":"https://511ny.org/map/Cctv/5921","refreshMs":30000,"attribution":"Ora (Warner Varnado) · NYSDOT"}},{"type":"Feature","geometry":{"type":"Point","coordinates":[-73.639583,40.781224]},"properties":{"id":"ora-ny-1544","name":"NSP at Roslyn Rd","state":"NY","provider":"NYSDOT","hls":"https://s51.nysdot.skyvdn.com:443/rtplive/R10_061/playlist.m3u8","snapshot":"https://511ny.org/map/Cctv/5922","refreshMs":30000,"attribution":"Ora (Warner Varnado) · NYSDOT"}},{"type":"Feature","geometry":{"type":"Point","coordinates":[-73.62716,40.780328]},"properties":{"id":"ora-ny-1545","name":"NSP at Exit 29A (Westbound LIE Connector)","state":"NY","provider":"NYSDOT","hls":"https://s51.nysdot.skyvdn.com:443/rtplive/R10_062/playlist.m3u8","snapshot":"https://511ny.org/map/Cctv/5923","refreshMs":30000,"attribution":"Ora (Warner Varnado) · NYSDOT"}},{"type":"Feature","geometry":{"type":"Point","coordinates":[-73.625609,40.772041]},"properties":{"id":"ora-ny-1546","name":"NSP at I.U. Willets Rd Exit 30 (Median Cam)","state":"NY","provider":"NYSDOT","hls":"https://s51.nysdot.skyvdn.com:443/rtplive/R10_063/playlist.m3u8","snapshot":"https://511ny.org/map/Cctv/5924","refreshMs":30000,"attribution":"Ora (Warner Varnado) · NYSDOT"}},{"type":"Feature","geometry":{"type":"Point","coordinates":[-73.623688,40.760097]},"properties":{"id":"ora-ny-1547","name":"NSP at Hillside Ave (Median Cam)","state":"NY","provider":"NYSDOT","hls":"https://s51.nysdot.skyvdn.com:443/rtplive/R10_064/playlist.m3u8","snapshot":"https://511ny.org/map/Cctv/5925","refreshMs":30000,"attribution":"Ora (Warner Varnado) · NYSDOT"}},{"type":"Feature","geometry":{"type":"Point","coordinates":[-73.620456,40.756628]},"properties":{"id":"ora-ny-1548","name":"NSP at Glen Cove Rd / NY 25","state":"NY","provider":"NYSDOT","hls":"https://s51.nysdot.skyvdn.com:443/rtplive/R10_065/playlist.m3u8","snapshot":"https://511ny.org/map/Cctv/5926","refreshMs":30000,"attribution":"Ora (Warner Varnado) · NYSDOT"}},{"type":"Feature","geometry":{"type":"Point","coordinates":[-73.604629,40.759258]},"properties":{"id":"ora-ny-1549","name":"NSP at Carle Rd","state":"NY","provider":"NYSDOT","hls":"https://s51.nysdot.skyvdn.com:443/rtplive/R10_066/playlist.m3u8","snapshot":"https://511ny.org/map/Cctv/5927","refreshMs":30000,"attribution":"Ora (Warner Varnado) · NYSDOT"}},{"type":"Feature","geometry":{"type":"Point","coordinates":[-73.61615,40.7498]},"properties":{"id":"ora-ny-1550","name":"MSP at Westbury Ave","state":"NY","provider":"NYSDOT","hls":"https://s51.nysdot.skyvdn.com:443/rtplive/R10_067/playlist.m3u8","snapshot":"https://511ny.org/map/Cctv/5928","refreshMs":30000,"attribution":"Ora (Warner Varnado) · NYSDOT"}},{"type":"Feature","geometry":{"type":"Point","coordinates":[-73.593974,40.762241]},"properties":{"id":"ora-ny-1551","name":"NSP West of Post Ave","state":"NY","provider":"NYSDOT","hls":"https://s51.nysdot.skyvdn.com:443/rtplive/R10_068/playlist.m3u8","snapshot":"https://511ny.org/map/Cctv/5929","refreshMs":30000,"attribution":"Ora (Warner Varnado) · NYSDOT"}},{"type":"Feature","geometry":{"type":"Point","coordinates":[-73.584515,40.764556]},"properties":{"id":"ora-ny-1552","name":"NSP at Post Ave","state":"NY","provider":"NYSDOT","hls":"https://s51.nysdot.skyvdn.com:443/rtplive/R10_069/playlist.m3u8","snapshot":"https://511ny.org/map/Cctv/5930","refreshMs":30000,"attribution":"Ora (Warner Varnado) · NYSDOT"}},{"type":"Feature","geometry":{"type":"Point","coordinates":[-73.575768,40.766555]},"properties":{"id":"ora-ny-1553","name":"NSP 500 ft East of Powells Ln","state":"NY","provider":"NYSDOT","hls":"https://s51.nysdot.skyvdn.com:443/rtplive/R10_070/playlist.m3u8","snapshot":"https://511ny.org/map/Cctv/5931","refreshMs":30000,"attribution":"Ora (Warner Varnado) · NYSDOT"}},{"type":"Feature","geometry":{"type":"Point","coordinates":[-73.71849,40.687094]},"properties":{"id":"ora-ny-1554","name":"SSP between Exits 12 and 13","state":"NY","provider":"NYSDOT","hls":"https://s51.nysdot.skyvdn.com:443/rtplive/R10_091/playlist.m3u8","snapshot":"https://511ny.org/map/Cctv/5932","refreshMs":30000,"attribution":"Ora (Warner Varnado) · NYSDOT"}},{"type":"Feature","geometry":{"type":"Point","coordinates":[-73.715118,40.68694]},"properties":{"id":"ora-ny-1555","name":"SSP at Exit 13 - Central Ave.","state":"NY","provider":"NYSDOT","hls":"https://s51.nysdot.skyvdn.com:443/rtplive/R10_092/playlist.m3u8","snapshot":"https://511ny.org/map/Cctv/5933","refreshMs":30000,"attribution":"Ora (Warner Varnado) · NYSDOT"}},{"type":"Feature","geometry":{"type":"Point","coordinates":[-73.698945,40.67886]},"properties":{"id":"ora-ny-1556","name":"SSP at Exit 14 - North Fletcher Ave.","state":"NY","provider":"NYSDOT","hls":"https://s51.nysdot.skyvdn.com:443/rtplive/R10_093/playlist.m3u8","snapshot":"https://511ny.org/map/Cctv/5934","refreshMs":30000,"attribution":"Ora (Warner Varnado) · NYSDOT"}},{"type":"Feature","geometry":{"type":"Point","coordinates":[-73.687885,40.683492]},"properties":{"id":"ora-ny-1557","name":"SSP at Exit 15","state":"NY","provider":"NYSDOT","hls":"https://s51.nysdot.skyvdn.com:443/rtplive/R10_094/playlist.m3u8","snapshot":"https://511ny.org/map/Cctv/5935","refreshMs":30000,"attribution":"Ora (Warner Varnado) · NYSDOT"}},{"type":"Feature","geometry":{"type":"Point","coordinates":[-73.674713,40.683275]},"properties":{"id":"ora-ny-1558","name":"SSP between Exits 17 and 16","state":"NY","provider":"NYSDOT","hls":"https://s51.nysdot.skyvdn.com:443/rtplive/R10_095/playlist.m3u8","snapshot":"https://511ny.org/map/Cctv/5936","refreshMs":30000,"attribution":"Ora (Warner Varnado) · NYSDOT"}},{"type":"Feature","geometry":{"type":"Point","coordinates":[-73.663001,40.682086]},"properties":{"id":"ora-ny-1559","name":"SSP at Exit 17 N/S Hempstead Ave.","state":"NY","provider":"NYSDOT","hls":"https://s51.nysdot.skyvdn.com:443/rtplive/R10_096/playlist.m3u8","snapshot":"https://511ny.org/map/Cctv/5937","refreshMs":30000,"attribution":"Ora (Warner Varnado) · NYSDOT"}},{"type":"Feature","geometry":{"type":"Point","coordinates":[-73.655318,40.683697]},"properties":{"id":"ora-ny-1560","name":"SSP between Exits 18 and 17","state":"NY","provider":"NYSDOT","hls":"https://s51.nysdot.skyvdn.com:443/rtplive/R10_097/playlist.m3u8","snapshot":"https://511ny.org/map/Cctv/5938","refreshMs":30000,"attribution":"Ora (Warner Varnado) · NYSDOT"}},{"type":"Feature","geometry":{"type":"Point","coordinates":[-73.64297,40.684314]},"properties":{"id":"ora-ny-1561","name":"SSP at Exit 18 - Eagle Ave / Hempstead Lake State Park","state":"NY","provider":"NYSDOT","hls":"https://s51.nysdot.skyvdn.com:443/rtplive/R10_098/playlist.m3u8","snapshot":"https://511ny.org/map/Cctv/5939","refreshMs":30000,"attribution":"Ora (Warner Varnado) · NYSDOT"}},{"type":"Feature","geometry":{"type":"Point","coordinates":[-73.633392,40.690522]},"properties":{"id":"ora-ny-1562","name":"SSP at Exit 19","state":"NY","provider":"NYSDOT","hls":"https://s51.nysdot.skyvdn.com:443/rtplive/R10_099/playlist.m3u8","snapshot":"https://511ny.org/map/Cctv/5940","refreshMs":30000,"attribution":"Ora (Warner Varnado) · NYSDOT"}},{"type":"Feature","geometry":{"type":"Point","coordinates":[-73.624864,40.687638]},"properties":{"id":"ora-ny-1563","name":"SSP East of Exit 19 - North Village Ave.","state":"NY","provider":"NYSDOT","hls":"https://s51.nysdot.skyvdn.com:443/rtplive/R10_100/playlist.m3u8","snapshot":"https://511ny.org/map/Cctv/5941","refreshMs":30000,"attribution":"Ora (Warner Varnado) · NYSDOT"}},{"type":"Feature","geometry":{"type":"Point","coordinates":[-73.414016,40.710518]},"properties":{"id":"ora-ny-1564","name":"SSP at Exit 33 (NY 109","state":"NY","provider":"NYSDOT","hls":"https://s51.nysdot.skyvdn.com:443/rtplive/R10_121/playlist.m3u8","snapshot":"https://511ny.org/map/Cctv/5942","refreshMs":30000,"attribution":"Ora (Warner Varnado) · NYSDOT"}},{"type":"Feature","geometry":{"type":"Point","coordinates":[-73.40846,40.718396]},"properties":{"id":"ora-ny-1565","name":"SSP Exits 34-33 (NY 109)","state":"NY","provider":"NYSDOT","hls":"https://s51.nysdot.skyvdn.com:443/rtplive/R10_122/playlist.m3u8","snapshot":"https://511ny.org/map/Cctv/5943","refreshMs":30000,"attribution":"Ora (Warner Varnado) · NYSDOT"}},{"type":"Feature","geometry":{"type":"Point","coordinates":[-73.393852,40.721174]},"properties":{"id":"ora-ny-1566","name":"SSP at Exit 35 (Wellwood Ave)","state":"NY","provider":"NYSDOT","hls":"https://s51.nysdot.skyvdn.com:443/rtplive/R10_123/playlist.m3u8","snapshot":"https://511ny.org/map/Cctv/5944","refreshMs":30000,"attribution":"Ora (Warner Varnado) · NYSDOT"}},{"type":"Feature","geometry":{"type":"Point","coordinates":[-73.366411,40.729712]},"properties":{"id":"ora-ny-1567","name":"SSP at Exit 36 (Straight Path)","state":"NY","provider":"NYSDOT","hls":"https://s51.nysdot.skyvdn.com:443/rtplive/R10_125/playlist.m3u8","snapshot":"https://511ny.org/map/Cctv/5945","refreshMs":30000,"attribution":"Ora (Warner Varnado) · NYSDOT"}},{"type":"Feature","geometry":{"type":"Point","coordinates":[-73.358332,40.732597]},"properties":{"id":"ora-ny-1568","name":"SSP between Exit 37 (Belmont Ave) and Exit 36 (Straight Path)","state":"NY","provider":"NYSDOT","hls":"https://s51.nysdot.skyvdn.com:443/rtplive/R10_126/playlist.m3u8","snapshot":"https://511ny.org/map/Cctv/5946","refreshMs":30000,"attribution":"Ora (Warner Varnado) · NYSDOT"}},{"type":"Feature","geometry":{"type":"Point","coordinates":[-73.346152,40.731901]},"properties":{"id":"ora-ny-1569","name":"SSP at Exit 37 (Belmont Ave)","state":"NY","provider":"NYSDOT","hls":"https://s51.nysdot.skyvdn.com:443/rtplive/R10_127/playlist.m3u8","snapshot":"https://511ny.org/map/Cctv/5947","refreshMs":30000,"attribution":"Ora (Warner Varnado) · NYSDOT"}},{"type":"Feature","geometry":{"type":"Point","coordinates":[-73.331781,40.732078]},"properties":{"id":"ora-ny-1570","name":"SSP at Exit 38 (Belmont S.P.) to Exit 39(Deer Park Ave)","state":"NY","provider":"NYSDOT","hls":"https://s51.nysdot.skyvdn.com:443/rtplive/R10_128/playlist.m3u8","snapshot":"https://511ny.org/map/Cctv/5948","refreshMs":30000,"attribution":"Ora (Warner Varnado) · NYSDOT"}},{"type":"Feature","geometry":{"type":"Point","coordinates":[-73.320985,40.732274]},"properties":{"id":"ora-ny-1571","name":"SSP at Exit 39 (Deer Park Ave) N/S","state":"NY","provider":"NYSDOT","hls":"https://s51.nysdot.skyvdn.com:443/rtplive/R10_129/playlist.m3u8","snapshot":"https://511ny.org/map/Cctv/5949","refreshMs":30000,"attribution":"Ora (Warner Varnado) · NYSDOT"}},{"type":"Feature","geometry":{"type":"Point","coordinates":[-73.307851,40.733579]},"properties":{"id":"ora-ny-1572","name":"SSP at Exit 40 (RMC) to Exit 39(Deer Park Ave)","state":"NY","provider":"NYSDOT","hls":"https://s51.nysdot.skyvdn.com:443/rtplive/R10_130/playlist.m3u8","snapshot":"https://511ny.org/map/Cctv/5950","refreshMs":30000,"attribution":"Ora (Warner Varnado) · NYSDOT"}},{"type":"Feature","geometry":{"type":"Point","coordinates":[-73.501463,40.810436]},"properties":{"id":"ora-ny-1573","name":"NY 25 at South Oyster Bay Rd. and Jackson Ave.","state":"NY","provider":"NYSDOT","hls":"https://s51.nysdot.skyvdn.com:443/rtplive/R10_151/playlist.m3u8","snapshot":"https://511ny.org/map/Cctv/5951","refreshMs":30000,"attribution":"Ora (Warner Varnado) · NYSDOT"}},{"type":"Feature","geometry":{"type":"Point","coordinates":[-73.567744,40.658292]},"properties":{"id":"ora-ny-1574","name":"NY 27 at Meadowbrook State Parkway","state":"NY","provider":"NYSDOT","hls":"https://s51.nysdot.skyvdn.com:443/rtplive/R10_152/playlist.m3u8","snapshot":"https://511ny.org/map/Cctv/5952","refreshMs":30000,"attribution":"Ora (Warner Varnado) · NYSDOT"}},{"type":"Feature","geometry":{"type":"Point","coordinates":[-73.549638,40.663709]},"properties":{"id":"ora-ny-1575","name":"NY 27 at Hewlett Ave","state":"NY","provider":"NYSDOT","hls":"https://s51.nysdot.skyvdn.com:443/rtplive/R10_153/playlist.m3u8","snapshot":"https://511ny.org/map/Cctv/5953","refreshMs":30000,"attribution":"Ora (Warner Varnado) · NYSDOT"}},{"type":"Feature","geometry":{"type":"Point","coordinates":[-73.531012,40.667954]},"properties":{"id":"ora-ny-1576","name":"NY 27 at Center Ave.(Bellmore)","state":"NY","provider":"NYSDOT","hls":"https://s51.nysdot.skyvdn.com:443/rtplive/R10_154/playlist.m3u8","snapshot":"https://511ny.org/map/Cctv/5954","refreshMs":30000,"attribution":"Ora (Warner Varnado) · NYSDOT"}},{"type":"Feature","geometry":{"type":"Point","coordinates":[-73.513999,40.671548]},"properties":{"id":"ora-ny-1577","name":"NY 27 at Wantagh State Pkwy","state":"NY","provider":"NYSDOT","hls":"https://s51.nysdot.skyvdn.com:443/rtplive/R10_155/playlist.m3u8","snapshot":"https://511ny.org/map/Cctv/5955","refreshMs":30000,"attribution":"Ora (Warner Varnado) · NYSDOT"}},{"type":"Feature","geometry":{"type":"Point","coordinates":[-73.493124,40.67441]},"properties":{"id":"ora-ny-1578","name":"NY 27 at NY 135","state":"NY","provider":"NYSDOT","hls":"https://s51.nysdot.skyvdn.com:443/rtplive/R10_156/playlist.m3u8","snapshot":"https://511ny.org/map/Cctv/5956","refreshMs":30000,"attribution":"Ora (Warner Varnado) · NYSDOT"}},{"type":"Feature","geometry":{"type":"Point","coordinates":[-73.47479,40.675959]},"properties":{"id":"ora-ny-1579","name":"NY 27 at Hicksville Road","state":"NY","provider":"NYSDOT","hls":"https://s51.nysdot.skyvdn.com:443/rtplive/R10_157/playlist.m3u8","snapshot":"https://511ny.org/map/Cctv/5957","refreshMs":30000,"attribution":"Ora (Warner Varnado) · NYSDOT"}},{"type":"Feature","geometry":{"type":"Point","coordinates":[-73.45743,40.677431]},"properties":{"id":"ora-ny-1580","name":"NY 27 at Park Blvd","state":"NY","provider":"NYSDOT","hls":"https://s51.nysdot.skyvdn.com:443/rtplive/R10_158/playlist.m3u8","snapshot":"https://511ny.org/map/Cctv/5958","refreshMs":30000,"attribution":"Ora (Warner Varnado) · NYSDOT"}},{"type":"Feature","geometry":{"type":"Point","coordinates":[-73.433838,40.678791]},"properties":{"id":"ora-ny-1581","name":"NY 27 at Old Sunrise Hwy","state":"NY","provider":"NYSDOT","hls":"https://s51.nysdot.skyvdn.com:443/rtplive/R10_159/playlist.m3u8","snapshot":"https://511ny.org/map/Cctv/5959","refreshMs":30000,"attribution":"Ora (Warner Varnado) · NYSDOT"}},{"type":"Feature","geometry":{"type":"Point","coordinates":[-73.418904,40.686689]},"properties":{"id":"ora-ny-1582","name":"NY 110 at NY 27","state":"NY","provider":"NYSDOT","hls":"https://s51.nysdot.skyvdn.com:443/rtplive/R10_160/playlist.m3u8","snapshot":"https://511ny.org/map/Cctv/5960","refreshMs":30000,"attribution":"Ora (Warner Varnado) · NYSDOT"}},{"type":"Feature","geometry":{"type":"Point","coordinates":[-73.607572,40.737148]},"properties":{"id":"ora-ny-1583","name":"MSP between Exits M2 and M3 (Zeckendorf Blvd Interchange)","state":"NY","provider":"NYSDOT","hls":"https://s51.nysdot.skyvdn.com:443/rtplive/R10_181/playlist.m3u8","snapshot":"https://511ny.org/map/Cctv/5961","refreshMs":30000,"attribution":"Ora (Warner Varnado) · NYSDOT"}},{"type":"Feature","geometry":{"type":"Point","coordinates":[-73.599926,40.736402]},"properties":{"id":"ora-ny-1584","name":"MSP between Exits M2 and M3 (South of Zeckendorf Blvd Interchange)","state":"NY","provider":"NYSDOT","hls":"https://s51.nysdot.skyvdn.com:443/rtplive/R10_182/playlist.m3u8","snapshot":"https://511ny.org/map/Cctv/5962","refreshMs":30000,"attribution":"Ora (Warner Varnado) · NYSDOT"}},{"type":"Feature","geometry":{"type":"Point","coordinates":[-73.593706,40.737663]},"properties":{"id":"ora-ny-1585","name":"MSP between M3 and M2 (Ellison Ave. Interchange)","state":"NY","provider":"NYSDOT","hls":"https://s51.nysdot.skyvdn.com:443/rtplive/R10_183/playlist.m3u8","snapshot":"https://511ny.org/map/Cctv/5963","refreshMs":30000,"attribution":"Ora (Warner Varnado) · NYSDOT"}},{"type":"Feature","geometry":{"type":"Point","coordinates":[-73.58241,40.732492]},"properties":{"id":"ora-ny-1586","name":"MSP between M5 and M4 (north of Charles Lindbergh Blvd)","state":"NY","provider":"NYSDOT","hls":"https://s51.nysdot.skyvdn.com:443/rtplive/R10_184/playlist.m3u8","snapshot":"https://511ny.org/map/Cctv/5964","refreshMs":30000,"attribution":"Ora (Warner Varnado) · NYSDOT"}},{"type":"Feature","geometry":{"type":"Point","coordinates":[-73.579018,40.709592]},"properties":{"id":"ora-ny-1587","name":"MSP between M6 and M5 (south of Front St.)","state":"NY","provider":"NYSDOT","hls":"https://s51.nysdot.skyvdn.com:443/rtplive/R10_185/playlist.m3u8","snapshot":"https://511ny.org/map/Cctv/5965","refreshMs":30000,"attribution":"Ora (Warner Varnado) · NYSDOT"}},{"type":"Feature","geometry":{"type":"Point","coordinates":[-73.576387,40.694828]},"properties":{"id":"ora-ny-1588","name":"MSP between M5 and M6 (north of Jerusalem Ave.)","state":"NY","provider":"NYSDOT","hls":"https://s51.nysdot.skyvdn.com:443/rtplive/R10_186/playlist.m3u8","snapshot":"https://511ny.org/map/Cctv/5966","refreshMs":30000,"attribution":"Ora (Warner Varnado) · NYSDOT"}},{"type":"Feature","geometry":{"type":"Point","coordinates":[-73.574529,40.687288]},"properties":{"id":"ora-ny-1589","name":"MSP between M6 and M7 (at SSP Interchange)","state":"NY","provider":"NYSDOT","hls":"https://s51.nysdot.skyvdn.com:443/rtplive/R10_187/playlist.m3u8","snapshot":"https://511ny.org/map/Cctv/5967","refreshMs":30000,"attribution":"Ora (Warner Varnado) · NYSDOT"}},{"type":"Feature","geometry":{"type":"Point","coordinates":[-73.571941,40.683036]},"properties":{"id":"ora-ny-1590","name":"MSP between M7 and M6 (north of Washington Ave.)","state":"NY","provider":"NYSDOT","hls":"https://s51.nysdot.skyvdn.com:443/rtplive/R10_188/playlist.m3u8","snapshot":"https://511ny.org/map/Cctv/5968","refreshMs":30000,"attribution":"Ora (Warner Varnado) · NYSDOT"}},{"type":"Feature","geometry":{"type":"Point","coordinates":[-73.57242,40.679449]},"properties":{"id":"ora-ny-1591","name":"MSP between M6 and M7 (south of Washington Ave.)","state":"NY","provider":"NYSDOT","hls":"https://s51.nysdot.skyvdn.com:443/rtplive/R10_189/playlist.m3u8","snapshot":"https://511ny.org/map/Cctv/5969","refreshMs":30000,"attribution":"Ora (Warner Varnado) · NYSDOT"}},{"type":"Feature","geometry":{"type":"Point","coordinates":[-73.569008,40.670259]},"properties":{"id":"ora-ny-1592","name":"MSP between M7 and M6 (north of Babylon Tpke.)","state":"NY","provider":"NYSDOT","hls":"https://s51.nysdot.skyvdn.com:443/rtplive/R10_190/playlist.m3u8","snapshot":"https://511ny.org/map/Cctv/5970","refreshMs":30000,"attribution":"Ora (Warner Varnado) · NYSDOT"}},{"type":"Feature","geometry":{"type":"Point","coordinates":[-73.159197,40.851918]},"properties":{"id":"ora-ny-1593","name":"NY 347 at Southern Blvd; Northwest","state":"NY","provider":"NYSDOT","hls":"https://s51.nysdot.skyvdn.com:443/rtplive/R10_211/playlist.m3u8","snapshot":"https://511ny.org/map/Cctv/5971","refreshMs":30000,"attribution":"Ora (Warner Varnado) · NYSDOT"}},{"type":"Feature","geometry":{"type":"Point","coordinates":[-73.139157,40.861872]},"properties":{"id":"ora-ny-1594","name":"NY 347 at NY 25; Southeast","state":"NY","provider":"NYSDOT","hls":"https://s51.nysdot.skyvdn.com:443/rtplive/R10_212/playlist.m3u8","snapshot":"https://511ny.org/map/Cctv/5972","refreshMs":30000,"attribution":"Ora (Warner Varnado) · NYSDOT"}},{"type":"Feature","geometry":{"type":"Point","coordinates":[-73.127878,40.870696]},"properties":{"id":"ora-ny-1595","name":"NY 347 at New Moriches Rd; Southeast","state":"NY","provider":"NYSDOT","hls":"https://s51.nysdot.skyvdn.com:443/rtplive/R10_213/playlist.m3u8","snapshot":"https://511ny.org/map/Cctv/5973","refreshMs":30000,"attribution":"Ora (Warner Varnado) · NYSDOT"}},{"type":"Feature","geometry":{"type":"Point","coordinates":[-73.118418,40.876479]},"properties":{"id":"ora-ny-1596","name":"NY 347 at Stony Brook Rd; Northwest","state":"NY","provider":"NYSDOT","hls":"https://s51.nysdot.skyvdn.com:443/rtplive/R10_214/playlist.m3u8","snapshot":"https://511ny.org/map/Cctv/5974","refreshMs":30000,"attribution":"Ora (Warner Varnado) · NYSDOT"}},{"type":"Feature","geometry":{"type":"Point","coordinates":[-73.106243,40.882942]},"properties":{"id":"ora-ny-1597","name":"NY 347 at CR97 (Nicolls Rd); Southeast","state":"NY","provider":"NYSDOT","hls":"https://s51.nysdot.skyvdn.com:443/rtplive/R10_215/playlist.m3u8","snapshot":"https://511ny.org/map/Cctv/5975","refreshMs":30000,"attribution":"Ora (Warner Varnado) · NYSDOT"}},{"type":"Feature","geometry":{"type":"Point","coordinates":[-73.094652,40.890684]},"properties":{"id":"ora-ny-1598","name":"NY 347 at Mark Tree Rd; Northwest","state":"NY","provider":"NYSDOT","hls":"https://s51.nysdot.skyvdn.com:443/rtplive/R10_216/playlist.m3u8","snapshot":"https://511ny.org/map/Cctv/5976","refreshMs":30000,"attribution":"Ora (Warner Varnado) · NYSDOT"}},{"type":"Feature","geometry":{"type":"Point","coordinates":[-73.080146,40.899336]},"properties":{"id":"ora-ny-1599","name":"NY 347 at Wireless Rd; Southeast","state":"NY","provider":"NYSDOT","hls":"https://s51.nysdot.skyvdn.com:443/rtplive/R10_217/playlist.m3u8","snapshot":"https://511ny.org/map/Cctv/5977","refreshMs":30000,"attribution":"Ora (Warner Varnado) · NYSDOT"}},{"type":"Feature","geometry":{"type":"Point","coordinates":[-73.064713,40.909308]},"properties":{"id":"ora-ny-1600","name":"NY 347 at Old Town Rd; Southeast","state":"NY","provider":"NYSDOT","hls":"https://s51.nysdot.skyvdn.com:443/rtplive/R10_218/playlist.m3u8","snapshot":"https://511ny.org/map/Cctv/5978","refreshMs":30000,"attribution":"Ora (Warner Varnado) · NYSDOT"}},{"type":"Feature","geometry":{"type":"Point","coordinates":[-73.047681,40.925044]},"properties":{"id":"ora-ny-1601","name":"NY 347 at NY 112; Northwest","state":"NY","provider":"NYSDOT","hls":"https://s51.nysdot.skyvdn.com:443/rtplive/R10_219/playlist.m3u8","snapshot":"https://511ny.org/map/Cctv/5979","refreshMs":30000,"attribution":"Ora (Warner Varnado) · NYSDOT"}},{"type":"Feature","geometry":{"type":"Point","coordinates":[-73.010636,40.937685]},"properties":{"id":"ora-ny-1602","name":"NY 25A  at CR 83; Southeast","state":"NY","provider":"NYSDOT","hls":"https://s51.nysdot.skyvdn.com:443/rtplive/R10_220/playlist.m3u8","snapshot":"https://511ny.org/map/Cctv/5980","refreshMs":30000,"attribution":"Ora (Warner Varnado) · NYSDOT"}},{"type":"Feature","geometry":{"type":"Point","coordinates":[-73.477044,40.814267]},"properties":{"id":"ora-ny-1603","name":"NY 25 at Piquets Lane/South Woods Road","state":"NY","provider":"NYSDOT","hls":"https://s51.nysdot.skyvdn.com:443/rtplive/R10_241/playlist.m3u8","snapshot":"https://511ny.org/map/Cctv/5981","refreshMs":30000,"attribution":"Ora (Warner Varnado) · NYSDOT"}},{"type":"Feature","geometry":{"type":"Point","coordinates":[-73.209181,40.825572]},"properties":{"id":"ora-ny-1604","name":"NY 347 Westbound at Townline Road","state":"NY","provider":"NYSDOT","hls":"https://s51.nysdot.skyvdn.com:443/rtplive/R10_244/playlist.m3u8","snapshot":"https://511ny.org/map/Cctv/5984","refreshMs":30000,"attribution":"Ora (Warner Varnado) · NYSDOT"}},{"type":"Feature","geometry":{"type":"Point","coordinates":[-73.20636,40.826899]},"properties":{"id":"ora-ny-1605","name":"NY 347 Westbound at Brooksite Drive","state":"NY","provider":"NYSDOT","hls":"https://s51.nysdot.skyvdn.com:443/rtplive/R10_245/playlist.m3u8","snapshot":"https://511ny.org/map/Cctv/5985","refreshMs":30000,"attribution":"Ora (Warner Varnado) · NYSDOT"}},{"type":"Feature","geometry":{"type":"Point","coordinates":[-73.197792,40.830365]},"properties":{"id":"ora-ny-1606","name":"NY 347 Eastbound at NY 111","state":"NY","provider":"NYSDOT","hls":"https://s51.nysdot.skyvdn.com:443/rtplive/R10_246/playlist.m3u8","snapshot":"https://511ny.org/map/Cctv/5986","refreshMs":30000,"attribution":"Ora (Warner Varnado) · NYSDOT"}},{"type":"Feature","geometry":{"type":"Point","coordinates":[-73.198657,40.829591]},"properties":{"id":"ora-ny-1607","name":"NY 111 at NY 347  South Jug Handle","state":"NY","provider":"NYSDOT","hls":"https://s51.nysdot.skyvdn.com:443/rtplive/R10_247/playlist.m3u8","snapshot":"https://511ny.org/map/Cctv/5987","refreshMs":30000,"attribution":"Ora (Warner Varnado) · NYSDOT"}},{"type":"Feature","geometry":{"type":"Point","coordinates":[-73.129587,40.86193]},"properties":{"id":"ora-ny-1608","name":"NY 25 Eastbound at Moriches Road","state":"NY","provider":"NYSDOT","hls":"https://s51.nysdot.skyvdn.com:443/rtplive/R10_249/playlist.m3u8","snapshot":"https://511ny.org/map/Cctv/5988","refreshMs":30000,"attribution":"Ora (Warner Varnado) · NYSDOT"}},{"type":"Feature","geometry":{"type":"Point","coordinates":[-73.112501,40.859866]},"properties":{"id":"ora-ny-1609","name":"NY 25 Eastbound at Hawkins Avenue","state":"NY","provider":"NYSDOT","hls":"https://s51.nysdot.skyvdn.com:443/rtplive/R10_250/playlist.m3u8","snapshot":"https://511ny.org/map/Cctv/5989","refreshMs":30000,"attribution":"Ora (Warner Varnado) · NYSDOT"}},{"type":"Feature","geometry":{"type":"Point","coordinates":[-73.709596,40.70812]},"properties":{"id":"ora-ny-1610","name":"NY 24 Eastbound at Elmont Road","state":"NY","provider":"NYSDOT","hls":"https://s51.nysdot.skyvdn.com:443/rtplive/R10_271/playlist.m3u8","snapshot":"https://511ny.org/map/Cctv/5990","refreshMs":30000,"attribution":"Ora (Warner Varnado) · NYSDOT"}},{"type":"Feature","geometry":{"type":"Point","coordinates":[-73.721424,40.708916]},"properties":{"id":"ora-ny-1611","name":"NY 24 Eastbound at Belmont Park / Locustwood Blvd.","state":"NY","provider":"NYSDOT","hls":"https://s51.nysdot.skyvdn.com:443/rtplive/R10_272/playlist.m3u8","snapshot":"https://511ny.org/map/Cctv/5991","refreshMs":30000,"attribution":"Ora (Warner Varnado) · NYSDOT"}},{"type":"Feature","geometry":{"type":"Point","coordinates":[-73.412213,40.823561]},"properties":{"id":"ora-ny-1612","name":"NY 110 Northbound at Whitman Mall Shopping Center","state":"NY","provider":"NYSDOT","hls":"https://s51.nysdot.skyvdn.com:443/rtplive/R10_273/playlist.m3u8","snapshot":"https://511ny.org/map/Cctv/5992","refreshMs":30000,"attribution":"Ora (Warner Varnado) · NYSDOT"}},{"type":"Feature","geometry":{"type":"Point","coordinates":[-73.657209,40.743671]},"properties":{"id":"ora-ny-1613","name":"NY 25 Eastbound at Herricks Road","state":"NY","provider":"NYSDOT","hls":"https://s51.nysdot.skyvdn.com:443/rtplive/R10_274/playlist.m3u8","snapshot":"https://511ny.org/map/Cctv/5993","refreshMs":30000,"attribution":"Ora (Warner Varnado) · NYSDOT"}},{"type":"Feature","geometry":{"type":"Point","coordinates":[-73.660124,40.742271]},"properties":{"id":"ora-ny-1614","name":"NY 25 Eastbound at Nassau Blvd.","state":"NY","provider":"NYSDOT","hls":"https://s51.nysdot.skyvdn.com:443/rtplive/R10_275/playlist.m3u8","snapshot":"https://511ny.org/map/Cctv/5994","refreshMs":30000,"attribution":"Ora (Warner Varnado) · NYSDOT"}},{"type":"Feature","geometry":{"type":"Point","coordinates":[-73.671085,40.737038]},"properties":{"id":"ora-ny-1615","name":"NY 25 Eastbound at Denton Ave.","state":"NY","provider":"NYSDOT","hls":"https://s51.nysdot.skyvdn.com:443/rtplive/R10_276/playlist.m3u8","snapshot":"https://511ny.org/map/Cctv/5995","refreshMs":30000,"attribution":"Ora (Warner Varnado) · NYSDOT"}},{"type":"Feature","geometry":{"type":"Point","coordinates":[-73.679901,40.733604]},"properties":{"id":"ora-ny-1616","name":"NY 25 Eastbound at New Hyde Park Road","state":"NY","provider":"NYSDOT","hls":"https://s51.nysdot.skyvdn.com:443/rtplive/R10_277/playlist.m3u8","snapshot":"https://511ny.org/map/Cctv/5996","refreshMs":30000,"attribution":"Ora (Warner Varnado) · NYSDOT"}},{"type":"Feature","geometry":{"type":"Point","coordinates":[-73.710428,40.727084]},"properties":{"id":"ora-ny-1617","name":"NY 25 Eastbound at Little Neck Pkwy.","state":"NY","provider":"NYSDOT","hls":"https://s51.nysdot.skyvdn.com:443/rtplive/R10_278/playlist.m3u8","snapshot":"https://511ny.org/map/Cctv/5997","refreshMs":30000,"attribution":"Ora (Warner Varnado) · NYSDOT"}},{"type":"Feature","geometry":{"type":"Point","coordinates":[-73.724057,40.724368]},"properties":{"id":"ora-ny-1618","name":"NY 25 Eastbound at 244th St.","state":"NY","provider":"NYSDOT","hls":"https://s51.nysdot.skyvdn.com:443/rtplive/R10_279/playlist.m3u8","snapshot":"https://511ny.org/map/Cctv/5998","refreshMs":30000,"attribution":"Ora (Warner Varnado) · NYSDOT"}},{"type":"Feature","geometry":{"type":"Point","coordinates":[-73.41165,40.802379]},"properties":{"id":"ora-ny-1619","name":"NY 110 Northbound at Arrowwood Lane","state":"NY","provider":"NYSDOT","hls":"https://s51.nysdot.skyvdn.com:443/rtplive/R10_280/playlist.m3u8","snapshot":"https://511ny.org/map/Cctv/5999","refreshMs":30000,"attribution":"Ora (Warner Varnado) · NYSDOT"}},{"type":"Feature","geometry":{"type":"Point","coordinates":[-73.87417,40.83441]},"properties":{"id":"ora-ny-1620","name":"Bronx River Parkway at East 174th Street","state":"NY","provider":"NYSDOT","hls":"https://s51.nysdot.skyvdn.com:443/rtplive/R11_001/playlist.m3u8","snapshot":"https://511ny.org/map/Cctv/6000","refreshMs":30000,"attribution":"Ora (Warner Varnado) · NYSDOT"}},{"type":"Feature","geometry":{"type":"Point","coordinates":[-73.9027,40.80998]},"properties":{"id":"ora-ny-1621","name":"I-278 at 149th Street","state":"NY","provider":"NYSDOT","hls":"https://s51.nysdot.skyvdn.com:443/rtplive/R11_002/playlist.m3u8","snapshot":"https://511ny.org/map/Cctv/6001","refreshMs":30000,"attribution":"Ora (Warner Varnado) · NYSDOT"}},{"type":"Feature","geometry":{"type":"Point","coordinates":[-73.8895,40.82062]},"properties":{"id":"ora-ny-1622","name":"I-278 at Hunts Point Avenue","state":"NY","provider":"NYSDOT","hls":"https://s51.nysdot.skyvdn.com:443/rtplive/R11_003/playlist.m3u8","snapshot":"https://511ny.org/map/Cctv/6002","refreshMs":30000,"attribution":"Ora (Warner Varnado) · NYSDOT"}},{"type":"Feature","geometry":{"type":"Point","coordinates":[-73.87239,40.82455]},"properties":{"id":"ora-ny-1623","name":"I-278 at Bronx River Parkway","state":"NY","provider":"NYSDOT","hls":"https://s51.nysdot.skyvdn.com:443/rtplive/R11_005/playlist.m3u8","snapshot":"https://511ny.org/map/Cctv/6003","refreshMs":30000,"attribution":"Ora (Warner Varnado) · NYSDOT"}},{"type":"Feature","geometry":{"type":"Point","coordinates":[-73.8502,40.82739]},"properties":{"id":"ora-ny-1624","name":"I-278 at Castle Hill Avenue","state":"NY","provider":"NYSDOT","hls":"https://s51.nysdot.skyvdn.com:443/rtplive/R11_006/playlist.m3u8","snapshot":"https://511ny.org/map/Cctv/6004","refreshMs":30000,"attribution":"Ora (Warner Varnado) · NYSDOT"}},{"type":"Feature","geometry":{"type":"Point","coordinates":[-73.83482,40.82976]},"properties":{"id":"ora-ny-1625","name":"I-278 at Cross Brx. Expwy / Hutchinson Interchange","state":"NY","provider":"NYSDOT","hls":"https://s51.nysdot.skyvdn.com:443/rtplive/R11_007/playlist.m3u8","snapshot":"https://511ny.org/map/Cctv/6005","refreshMs":30000,"attribution":"Ora (Warner Varnado) · NYSDOT"}},{"type":"Feature","geometry":{"type":"Point","coordinates":[-73.83044,40.83165]},"properties":{"id":"ora-ny-1626","name":"I-95 at Quincy Ave","state":"NY","provider":"NYSDOT","hls":"https://s51.nysdot.skyvdn.com:443/rtplive/R11_008/playlist.m3u8","snapshot":"https://511ny.org/map/Cctv/6006","refreshMs":30000,"attribution":"Ora (Warner Varnado) · NYSDOT"}},{"type":"Feature","geometry":{"type":"Point","coordinates":[-73.82589,40.84082]},"properties":{"id":"ora-ny-1627","name":"I-95 at Lasalle Avenue","state":"NY","provider":"NYSDOT","hls":"https://s51.nysdot.skyvdn.com:443/rtplive/R11_010/playlist.m3u8","snapshot":"https://511ny.org/map/Cctv/6008","refreshMs":30000,"attribution":"Ora (Warner Varnado) · NYSDOT"}},{"type":"Feature","geometry":{"type":"Point","coordinates":[-73.83609,40.82014]},"properties":{"id":"ora-ny-1628","name":"I-678 at Senger Place","state":"NY","provider":"NYSDOT","hls":"https://s51.nysdot.skyvdn.com:443/rtplive/R11_031/playlist.m3u8","snapshot":"https://511ny.org/map/Cctv/6009","refreshMs":30000,"attribution":"Ora (Warner Varnado) · NYSDOT"}},{"type":"Feature","geometry":{"type":"Point","coordinates":[-73.83672,40.82682]},"properties":{"id":"ora-ny-1629","name":"I-678 at Lafayette Avenue","state":"NY","provider":"NYSDOT","hls":"https://s51.nysdot.skyvdn.com:443/rtplive/R11_032/playlist.m3u8","snapshot":"https://511ny.org/map/Cctv/6010","refreshMs":30000,"attribution":"Ora (Warner Varnado) · NYSDOT"}},{"type":"Feature","geometry":{"type":"Point","coordinates":[-73.83763,40.83137]},"properties":{"id":"ora-ny-1630","name":"I-678 at Bruckner Blvd./Entrance ramp","state":"NY","provider":"NYSDOT","hls":"https://s51.nysdot.skyvdn.com:443/rtplive/R11_033/playlist.m3u8","snapshot":"https://511ny.org/map/Cctv/6011","refreshMs":30000,"attribution":"Ora (Warner Varnado) · NYSDOT"}},{"type":"Feature","geometry":{"type":"Point","coordinates":[-73.83826,40.83488]},"properties":{"id":"ora-ny-1631","name":"908A at Waterbury Avenue","state":"NY","provider":"NYSDOT","hls":"https://s51.nysdot.skyvdn.com:443/rtplive/R11_034/playlist.m3u8","snapshot":"https://511ny.org/map/Cctv/6012","refreshMs":30000,"attribution":"Ora (Warner Varnado) · NYSDOT"}},{"type":"Feature","geometry":{"type":"Point","coordinates":[-73.83601,40.85176]},"properties":{"id":"ora-ny-1632","name":"908A at Wilkenson Avenue","state":"NY","provider":"NYSDOT","hls":"https://s51.nysdot.skyvdn.com:443/rtplive/R11_035/playlist.m3u8","snapshot":"https://511ny.org/map/Cctv/6013","refreshMs":30000,"attribution":"Ora (Warner Varnado) · NYSDOT"}},{"type":"Feature","geometry":{"type":"Point","coordinates":[-73.83111,40.8573]},"properties":{"id":"ora-ny-1633","name":"908A at Brx. Pelham Pkwy","state":"NY","provider":"NYSDOT","hls":"https://s51.nysdot.skyvdn.com:443/rtplive/R11_036/playlist.m3u8","snapshot":"https://511ny.org/map/Cctv/6014","refreshMs":30000,"attribution":"Ora (Warner Varnado) · NYSDOT"}},{"type":"Feature","geometry":{"type":"Point","coordinates":[-73.82837,40.86118]},"properties":{"id":"ora-ny-1634","name":"908A at New England Thruway/Overpass","state":"NY","provider":"NYSDOT","hls":"https://s51.nysdot.skyvdn.com:443/rtplive/R11_037/playlist.m3u8","snapshot":"https://511ny.org/map/Cctv/6015","refreshMs":30000,"attribution":"Ora (Warner Varnado) · NYSDOT"}},{"type":"Feature","geometry":{"type":"Point","coordinates":[-73.8234,40.86679]},"properties":{"id":"ora-ny-1635","name":"908A at Bartow Avenue","state":"NY","provider":"NYSDOT","hls":"https://s51.nysdot.skyvdn.com:443/rtplive/R11_038/playlist.m3u8","snapshot":"https://511ny.org/map/Cctv/6016","refreshMs":30000,"attribution":"Ora (Warner Varnado) · NYSDOT"}},{"type":"Feature","geometry":{"type":"Point","coordinates":[-73.91611,40.80355]},"properties":{"id":"ora-ny-1636","name":"I-87 at East 135th Street","state":"NY","provider":"NYSDOT","hls":"https://s51.nysdot.skyvdn.com:443/rtplive/R11_039/playlist.m3u8","snapshot":"https://511ny.org/map/Cctv/6017","refreshMs":30000,"attribution":"Ora (Warner Varnado) · NYSDOT"}},{"type":"Feature","geometry":{"type":"Point","coordinates":[-73.9234,40.80662]},"properties":{"id":"ora-ny-1637","name":"I-87 at Willis Avenue","state":"NY","provider":"NYSDOT","hls":"https://s51.nysdot.skyvdn.com:443/rtplive/R11_040/playlist.m3u8","snapshot":"https://511ny.org/map/Cctv/6018","refreshMs":30000,"attribution":"Ora (Warner Varnado) · NYSDOT"}},{"type":"Feature","geometry":{"type":"Point","coordinates":[-74.00122,40.68473]},"properties":{"id":"ora-ny-1638","name":"I-278 at Sackett Street","state":"NY","provider":"NYSDOT","hls":"https://s51.nysdot.skyvdn.com:443/rtplive/R11_061/playlist.m3u8","snapshot":"https://511ny.org/map/Cctv/6019","refreshMs":30000,"attribution":"Ora (Warner Varnado) · NYSDOT"}},{"type":"Feature","geometry":{"type":"Point","coordinates":[-73.99906,40.68921]},"properties":{"id":"ora-ny-1639","name":"I-278 at Congress Street","state":"NY","provider":"NYSDOT","hls":"https://s51.nysdot.skyvdn.com:443/rtplive/R11_063/playlist.m3u8","snapshot":"https://511ny.org/map/Cctv/6021","refreshMs":30000,"attribution":"Ora (Warner Varnado) · NYSDOT"}},{"type":"Feature","geometry":{"type":"Point","coordinates":[-73.99855,40.6906]},"properties":{"id":"ora-ny-1640","name":"I-278 at Atlantic Avenue","state":"NY","provider":"NYSDOT","hls":"https://s51.nysdot.skyvdn.com:443/rtplive/R11_065/playlist.m3u8","snapshot":"https://511ny.org/map/Cctv/6023","refreshMs":30000,"attribution":"Ora (Warner Varnado) · NYSDOT"}},{"type":"Feature","geometry":{"type":"Point","coordinates":[-73.99964,40.69255]},"properties":{"id":"ora-ny-1641","name":"I-278 at State Street/Uppr Lvl.","state":"NY","provider":"NYSDOT","hls":"https://s51.nysdot.skyvdn.com:443/rtplive/R11_066/playlist.m3u8","snapshot":"https://511ny.org/map/Cctv/6024","refreshMs":30000,"attribution":"Ora (Warner Varnado) · NYSDOT"}},{"type":"Feature","geometry":{"type":"Point","coordinates":[-73.99964,40.69255]},"properties":{"id":"ora-ny-1642","name":"I-278 at State Street/Lwr Lvl.","state":"NY","provider":"NYSDOT","hls":"https://s51.nysdot.skyvdn.com:443/rtplive/R11_067/playlist.m3u8","snapshot":"https://511ny.org/map/Cctv/6025","refreshMs":30000,"attribution":"Ora (Warner Varnado) · NYSDOT"}},{"type":"Feature","geometry":{"type":"Point","coordinates":[-73.99625,40.69994]},"properties":{"id":"ora-ny-1643","name":"I-278 at Furman Street/Uppr. Lvl.","state":"NY","provider":"NYSDOT","hls":"https://s51.nysdot.skyvdn.com:443/rtplive/R11_068/playlist.m3u8","snapshot":"https://511ny.org/map/Cctv/6026","refreshMs":30000,"attribution":"Ora (Warner Varnado) · NYSDOT"}},{"type":"Feature","geometry":{"type":"Point","coordinates":[-73.99626,40.69993]},"properties":{"id":"ora-ny-1644","name":"I-278 at Furman Street/Lwr. Lvl.","state":"NY","provider":"NYSDOT","hls":"https://s51.nysdot.skyvdn.com:443/rtplive/R11_069/playlist.m3u8","snapshot":"https://511ny.org/map/Cctv/6027","refreshMs":30000,"attribution":"Ora (Warner Varnado) · NYSDOT"}},{"type":"Feature","geometry":{"type":"Point","coordinates":[-73.99447,40.70122]},"properties":{"id":"ora-ny-1645","name":"I-278 at Middagh Street/Uppr Lvl.","state":"NY","provider":"NYSDOT","hls":"https://s51.nysdot.skyvdn.com:443/rtplive/R11_070/playlist.m3u8","snapshot":"https://511ny.org/map/Cctv/6028","refreshMs":30000,"attribution":"Ora (Warner Varnado) · NYSDOT"}},{"type":"Feature","geometry":{"type":"Point","coordinates":[-74.01694,40.64523]},"properties":{"id":"ora-ny-1646","name":"I-278 at 54th Street","state":"NY","provider":"NYSDOT","hls":"https://s51.nysdot.skyvdn.com:443/rtplive/R11_093/playlist.m3u8","snapshot":"https://511ny.org/map/Cctv/6030","refreshMs":30000,"attribution":"Ora (Warner Varnado) · NYSDOT"}},{"type":"Feature","geometry":{"type":"Point","coordinates":[-74.00683,40.65496]},"properties":{"id":"ora-ny-1647","name":"I-278 at 37th street","state":"NY","provider":"NYSDOT","hls":"https://s51.nysdot.skyvdn.com:443/rtplive/R11_094/playlist.m3u8","snapshot":"https://511ny.org/map/Cctv/6031","refreshMs":30000,"attribution":"Ora (Warner Varnado) · NYSDOT"}},{"type":"Feature","geometry":{"type":"Point","coordinates":[-73.92463,40.73237]},"properties":{"id":"ora-ny-1648","name":"I-278 at 54th Avenue","state":"NY","provider":"NYSDOT","hls":"https://s51.nysdot.skyvdn.com:443/rtplive/R11_096/playlist.m3u8","snapshot":"https://511ny.org/map/Cctv/6032","refreshMs":30000,"attribution":"Ora (Warner Varnado) · NYSDOT"}},{"type":"Feature","geometry":{"type":"Point","coordinates":[-73.92189,40.73477]},"properties":{"id":"ora-ny-1649","name":"I-278 at ramp to I-495","state":"NY","provider":"NYSDOT","hls":"https://s51.nysdot.skyvdn.com:443/rtplive/R11_097/playlist.m3u8","snapshot":"https://511ny.org/map/Cctv/6033","refreshMs":30000,"attribution":"Ora (Warner Varnado) · NYSDOT"}},{"type":"Feature","geometry":{"type":"Point","coordinates":[-73.92117,40.73503]},"properties":{"id":"ora-ny-1650","name":"I-278 at 45th Street","state":"NY","provider":"NYSDOT","hls":"https://s51.nysdot.skyvdn.com:443/rtplive/R11_098/playlist.m3u8","snapshot":"https://511ny.org/map/Cctv/6034","refreshMs":30000,"attribution":"Ora (Warner Varnado) · NYSDOT"}},{"type":"Feature","geometry":{"type":"Point","coordinates":[-73.90464,40.7377]},"properties":{"id":"ora-ny-1651","name":"I-278 at 61st Street","state":"NY","provider":"NYSDOT","hls":"https://s51.nysdot.skyvdn.com:443/rtplive/R11_099/playlist.m3u8","snapshot":"https://511ny.org/map/Cctv/6035","refreshMs":30000,"attribution":"Ora (Warner Varnado) · NYSDOT"}},{"type":"Feature","geometry":{"type":"Point","coordinates":[-73.89678,40.74928]},"properties":{"id":"ora-ny-1652","name":"I-278 at Broadway","state":"NY","provider":"NYSDOT","hls":"https://s51.nysdot.skyvdn.com:443/rtplive/R11_100/playlist.m3u8","snapshot":"https://511ny.org/map/Cctv/6036","refreshMs":30000,"attribution":"Ora (Warner Varnado) · NYSDOT"}},{"type":"Feature","geometry":{"type":"Point","coordinates":[-73.84448,40.73408]},"properties":{"id":"ora-ny-1653","name":"907M at 64th Avenue","state":"NY","provider":"NYSDOT","hls":"https://s51.nysdot.skyvdn.com:443/rtplive/R11_121/playlist.m3u8","snapshot":"https://511ny.org/map/Cctv/6037","refreshMs":30000,"attribution":"Ora (Warner Varnado) · NYSDOT"}},{"type":"Feature","geometry":{"type":"Point","coordinates":[-73.83788,40.7267]},"properties":{"id":"ora-ny-1654","name":"907M at 69th Road","state":"NY","provider":"NYSDOT","hls":"https://s51.nysdot.skyvdn.com:443/rtplive/R11_122/playlist.m3u8","snapshot":"https://511ny.org/map/Cctv/6038","refreshMs":30000,"attribution":"Ora (Warner Varnado) · NYSDOT"}},{"type":"Feature","geometry":{"type":"Point","coordinates":[-73.83505,40.72098]},"properties":{"id":"ora-ny-1655","name":"907M at 72nd Road","state":"NY","provider":"NYSDOT","hls":"https://s51.nysdot.skyvdn.com:443/rtplive/R11_123/playlist.m3u8","snapshot":"https://511ny.org/map/Cctv/6039","refreshMs":30000,"attribution":"Ora (Warner Varnado) · NYSDOT"}},{"type":"Feature","geometry":{"type":"Point","coordinates":[-73.8507,40.75811]},"properties":{"id":"ora-ny-1656","name":"I-678/WE at Astoria Connector","state":"NY","provider":"NYSDOT","hls":"https://s51.nysdot.skyvdn.com:443/rtplive/R11_125/playlist.m3u8","snapshot":"https://511ny.org/map/Cctv/6041","refreshMs":30000,"attribution":"Ora (Warner Varnado) · NYSDOT"}},{"type":"Feature","geometry":{"type":"Point","coordinates":[-73.84674,40.75969]},"properties":{"id":"ora-ny-1657","name":"I-678/WE at 126 St","state":"NY","provider":"NYSDOT","hls":"https://s51.nysdot.skyvdn.com:443/rtplive/R11_126/playlist.m3u8","snapshot":"https://511ny.org/map/Cctv/6042","refreshMs":30000,"attribution":"Ora (Warner Varnado) · NYSDOT"}},{"type":"Feature","geometry":{"type":"Point","coordinates":[-73.9504,40.7415]},"properties":{"id":"ora-ny-1658","name":"I-495 at Queens Midtown Tunnel","state":"NY","provider":"NYSDOT","hls":"https://s51.nysdot.skyvdn.com:443/rtplive/R11_127/playlist.m3u8","snapshot":"https://511ny.org/map/Cctv/6043","refreshMs":30000,"attribution":"Ora (Warner Varnado) · NYSDOT"}},{"type":"Feature","geometry":{"type":"Point","coordinates":[-73.94227,40.73957]},"properties":{"id":"ora-ny-1659","name":"I-495 at 27th Street","state":"NY","provider":"NYSDOT","hls":"https://s51.nysdot.skyvdn.com:443/rtplive/R11_128/playlist.m3u8","snapshot":"https://511ny.org/map/Cctv/6044","refreshMs":30000,"attribution":"Ora (Warner Varnado) · NYSDOT"}},{"type":"Feature","geometry":{"type":"Point","coordinates":[-73.92886,40.73636]},"properties":{"id":"ora-ny-1660","name":"I-495 at Greenpoint Avenue","state":"NY","provider":"NYSDOT","hls":"https://s51.nysdot.skyvdn.com:443/rtplive/R11_129/playlist.m3u8","snapshot":"https://511ny.org/map/Cctv/6045","refreshMs":30000,"attribution":"Ora (Warner Varnado) · NYSDOT"}},{"type":"Feature","geometry":{"type":"Point","coordinates":[-73.78062,40.74274]},"properties":{"id":"ora-ny-1661","name":"I-495 at Underhill Avenue","state":"NY","provider":"NYSDOT","hls":"https://s51.nysdot.skyvdn.com:443/rtplive/R11_151/playlist.m3u8","snapshot":"https://511ny.org/map/Cctv/6046","refreshMs":30000,"attribution":"Ora (Warner Varnado) · NYSDOT"}},{"type":"Feature","geometry":{"type":"Point","coordinates":[-73.7745,40.74335]},"properties":{"id":"ora-ny-1662","name":"I-495 at Francis Lewis Blvd.","state":"NY","provider":"NYSDOT","hls":"https://s51.nysdot.skyvdn.com:443/rtplive/R11_152/playlist.m3u8","snapshot":"https://511ny.org/map/Cctv/6047","refreshMs":30000,"attribution":"Ora (Warner Varnado) · NYSDOT"}},{"type":"Feature","geometry":{"type":"Point","coordinates":[-73.82199,40.71159]},"properties":{"id":"ora-ny-1663","name":"I-678 at Queens Blvd./Entrance ramp","state":"NY","provider":"NYSDOT","hls":"https://s53.nysdot.skyvdn.com:443/rtplive/R11_176/playlist.m3u8","snapshot":"https://511ny.org/map/Cctv/6048","refreshMs":30000,"attribution":"Ora (Warner Varnado) · NYSDOT"}},{"type":"Feature","geometry":{"type":"Point","coordinates":[-73.82199,40.71158]},"properties":{"id":"ora-ny-1664","name":"I-678 at Queens Blvd./Entrance ramp","state":"NY","provider":"NYSDOT","hls":"https://s53.nysdot.skyvdn.com:443/rtplive/R11_177/playlist.m3u8","snapshot":"https://511ny.org/map/Cctv/6049","refreshMs":30000,"attribution":"Ora (Warner Varnado) · NYSDOT"}},{"type":"Feature","geometry":{"type":"Point","coordinates":[-73.82596,40.71637]},"properties":{"id":"ora-ny-1665","name":"I-678 at Grand Central Pkwy/Interchange","state":"NY","provider":"NYSDOT","hls":"https://s53.nysdot.skyvdn.com:443/rtplive/R11_179/playlist.m3u8","snapshot":"https://511ny.org/map/Cctv/6051","refreshMs":30000,"attribution":"Ora (Warner Varnado) · NYSDOT"}},{"type":"Feature","geometry":{"type":"Point","coordinates":[-73.82591,40.71847]},"properties":{"id":"ora-ny-1666","name":"I-678 at Grand Central Pkwy/Interchange","state":"NY","provider":"NYSDOT","hls":"https://s53.nysdot.skyvdn.com:443/rtplive/R11_180/playlist.m3u8","snapshot":"https://511ny.org/map/Cctv/6052","refreshMs":30000,"attribution":"Ora (Warner Varnado) · NYSDOT"}},{"type":"Feature","geometry":{"type":"Point","coordinates":[-74.19067,40.57893]},"properties":{"id":"ora-ny-1667","name":"NY440 at Fresh Kills Creek","state":"NY","provider":"NYSDOT","hls":"https://s53.nysdot.skyvdn.com:443/rtplive/R11_201/playlist.m3u8","snapshot":"https://511ny.org/map/Cctv/6053","refreshMs":30000,"attribution":"Ora (Warner Varnado) · NYSDOT"}},{"type":"Feature","geometry":{"type":"Point","coordinates":[-74.19365,40.58983]},"properties":{"id":"ora-ny-1668","name":"NY440 at Victory Blvd.","state":"NY","provider":"NYSDOT","hls":"https://s53.nysdot.skyvdn.com:443/rtplive/R11_202/playlist.m3u8","snapshot":"https://511ny.org/map/Cctv/6054","refreshMs":30000,"attribution":"Ora (Warner Varnado) · NYSDOT"}},{"type":"Feature","geometry":{"type":"Point","coordinates":[-74.19156,40.59732]},"properties":{"id":"ora-ny-1669","name":"NY440 at Meredith Blvd.","state":"NY","provider":"NYSDOT","hls":"https://s53.nysdot.skyvdn.com:443/rtplive/R11_203/playlist.m3u8","snapshot":"https://511ny.org/map/Cctv/6055","refreshMs":30000,"attribution":"Ora (Warner Varnado) · NYSDOT"}},{"type":"Feature","geometry":{"type":"Point","coordinates":[-74.18799,40.60226]},"properties":{"id":"ora-ny-1670","name":"NY440 at South Avenue","state":"NY","provider":"NYSDOT","hls":"https://s53.nysdot.skyvdn.com:443/rtplive/R11_204/playlist.m3u8","snapshot":"https://511ny.org/map/Cctv/6056","refreshMs":30000,"attribution":"Ora (Warner Varnado) · NYSDOT"}},{"type":"Feature","geometry":{"type":"Point","coordinates":[-74.18205,40.60989]},"properties":{"id":"ora-ny-1671","name":"NY440 at Edward Curry Avenue","state":"NY","provider":"NYSDOT","hls":"https://s53.nysdot.skyvdn.com:443/rtplive/R11_205/playlist.m3u8","snapshot":"https://511ny.org/map/Cctv/6057","refreshMs":30000,"attribution":"Ora (Warner Varnado) · NYSDOT"}},{"type":"Feature","geometry":{"type":"Point","coordinates":[-74.18025,40.61255]},"properties":{"id":"ora-ny-1672","name":"NY440 at Bloomfield Avenue","state":"NY","provider":"NYSDOT","hls":"https://s53.nysdot.skyvdn.com:443/rtplive/R11_206/playlist.m3u8","snapshot":"https://511ny.org/map/Cctv/6058","refreshMs":30000,"attribution":"Ora (Warner Varnado) · NYSDOT"}},{"type":"Feature","geometry":{"type":"Point","coordinates":[-74.17783,40.62535]},"properties":{"id":"ora-ny-1673","name":"I-278 at Forest Avenue","state":"NY","provider":"NYSDOT","hls":"https://s53.nysdot.skyvdn.com:443/rtplive/R11_207/playlist.m3u8","snapshot":"https://511ny.org/map/Cctv/6059","refreshMs":30000,"attribution":"Ora (Warner Varnado) · NYSDOT"}},{"type":"Feature","geometry":{"type":"Point","coordinates":[-74.17493,40.62235]},"properties":{"id":"ora-ny-1674","name":"I-278 at West Shore Expwy/ Interchange","state":"NY","provider":"NYSDOT","hls":"https://s53.nysdot.skyvdn.com:443/rtplive/R11_208/playlist.m3u8","snapshot":"https://511ny.org/map/Cctv/6060","refreshMs":30000,"attribution":"Ora (Warner Varnado) · NYSDOT"}},{"type":"Feature","geometry":{"type":"Point","coordinates":[-74.16928,40.62143]},"properties":{"id":"ora-ny-1675","name":"I-278 at West of South Avenue","state":"NY","provider":"NYSDOT","hls":"https://s53.nysdot.skyvdn.com:443/rtplive/R11_209/playlist.m3u8","snapshot":"https://511ny.org/map/Cctv/6061","refreshMs":30000,"attribution":"Ora (Warner Varnado) · NYSDOT"}},{"type":"Feature","geometry":{"type":"Point","coordinates":[-74.16143,40.61805]},"properties":{"id":"ora-ny-1676","name":"I-278 at Lambert Street","state":"NY","provider":"NYSDOT","hls":"https://s53.nysdot.skyvdn.com:443/rtplive/R11_210/playlist.m3u8","snapshot":"https://511ny.org/map/Cctv/6062","refreshMs":30000,"attribution":"Ora (Warner Varnado) · NYSDOT"}},{"type":"Feature","geometry":{"type":"Point","coordinates":[-74.189579,42.940014]},"properties":{"id":"ora-ny-1677","name":"NY 30 SB High Mast Looking North","state":"NY","provider":"NYSDOT","hls":"https://s53.nysdot.skyvdn.com:443/rtplive/R2_033/playlist.m3u8","snapshot":"https://511ny.org/map/Cctv/6063","refreshMs":30000,"attribution":"Ora (Warner Varnado) · NYSDOT"}},{"type":"Feature","geometry":{"type":"Point","coordinates":[-74.189584,42.939992]},"properties":{"id":"ora-ny-1678","name":"NY 30 NB High Mast Looking South","state":"NY","provider":"NYSDOT","hls":"https://s53.nysdot.skyvdn.com:443/rtplive/R2_034/playlist.m3u8","snapshot":"https://511ny.org/map/Cctv/6064","refreshMs":30000,"attribution":"Ora (Warner Varnado) · NYSDOT"}},{"type":"Feature","geometry":{"type":"Point","coordinates":[-77.659679,43.16478]},"properties":{"id":"ora-ny-1679","name":"Lyell Ave at Mt Read Blvd","state":"NY","provider":"NYSDOT","hls":"https://s53.nysdot.skyvdn.com:443/rtplive/R4_081/playlist.m3u8","snapshot":"https://511ny.org/map/Cctv/6065","refreshMs":30000,"attribution":"Ora (Warner Varnado) · NYSDOT"}},{"type":"Feature","geometry":{"type":"Point","coordinates":[-73.77106,41.117475]},"properties":{"id":"ora-ny-1680","name":"Kensico Rd & Nanny Hagen Rd","state":"NY","provider":"NYSDOT","hls":null,"snapshot":"https://511ny.org/map/Cctv/3981","refreshMs":30000,"attribution":"Ora (Warner Varnado) · NYSDOT"}},{"type":"Feature","geometry":{"type":"Point","coordinates":[-73.77321,41.11858]},"properties":{"id":"ora-ny-1681","name":"Kensico Rd & Rolling Hills Rd","state":"NY","provider":"NYSDOT","hls":null,"snapshot":"https://511ny.org/map/Cctv/3982","refreshMs":30000,"attribution":"Ora (Warner Varnado) · NYSDOT"}},{"type":"Feature","geometry":{"type":"Point","coordinates":[-73.84291,42.6826]},"properties":{"id":"ora-ny-1682","name":"US 20 at Schoolhouse Rd","state":"NY","provider":"NYSDOT","hls":"https://s53.nysdot.skyvdn.com:443/rtplive/R1_051/playlist.m3u8","snapshot":"https://511ny.org/map/Cctv/6066","refreshMs":30000,"attribution":"Ora (Warner Varnado) · NYSDOT"}},{"type":"Feature","geometry":{"type":"Point","coordinates":[-73.84729,42.68398]},"properties":{"id":"ora-ny-1683","name":"US 20 @ Church Rd","state":"NY","provider":"NYSDOT","hls":"https://s53.nysdot.skyvdn.com:443/rtplive/R1_052/playlist.m3u8","snapshot":"https://511ny.org/map/Cctv/6067","refreshMs":30000,"attribution":"Ora (Warner Varnado) · NYSDOT"}},{"type":"Feature","geometry":{"type":"Point","coordinates":[-73.84291,42.6967]},"properties":{"id":"ora-ny-1684","name":"I-90 at the Exit 24 Tolls","state":"NY","provider":"NYSDOT","hls":"https://s53.nysdot.skyvdn.com:443/rtplive/R1_053/playlist.m3u8","snapshot":"https://511ny.org/map/Cctv/6068","refreshMs":30000,"attribution":"Ora (Warner Varnado) · NYSDOT"}},{"type":"Feature","geometry":{"type":"Point","coordinates":[-73.788213,43.06326]},"properties":{"id":"ora-ny-1685","name":"US 9 at Avenue of the Pines","state":"NY","provider":"NYSDOT","hls":"https://s51.nysdot.skyvdn.com:443/rtplive/R1_036/playlist.m3u8","snapshot":"https://511ny.org/map/Cctv/6069","refreshMs":30000,"attribution":"Ora (Warner Varnado) · NYSDOT"}},{"type":"Feature","geometry":{"type":"Point","coordinates":[-73.807941,42.717846]},"properties":{"id":"ora-ny-1686","name":"Wolf Rd SB at Computer Drive","state":"NY","provider":"NYSDOT","hls":"https://s51.nysdot.skyvdn.com:443/rtplive/R1_034/playlist.m3u8","snapshot":"https://511ny.org/map/Cctv/6070","refreshMs":30000,"attribution":"Ora (Warner Varnado) · NYSDOT"}},{"type":"Feature","geometry":{"type":"Point","coordinates":[-73.76808857,41.0701770721831]},"properties":{"id":"ora-ny-1687","name":"N Broadway & Park Dr (Kensico Dam)","state":"NY","provider":"NYSDOT","hls":null,"snapshot":"https://511ny.org/map/Cctv/4211","refreshMs":30000,"attribution":"Ora (Warner Varnado) · NYSDOT"}},{"type":"Feature","geometry":{"type":"Point","coordinates":[-75.832254,42.167213]},"properties":{"id":"ora-ny-1688","name":"I-88 at VMS 10 Exit 3 -NY 369","state":"NY","provider":"NYSDOT","hls":null,"snapshot":"https://511ny.org/map/Cctv/4217","refreshMs":30000,"attribution":"Ora (Warner Varnado) · NYSDOT"}},{"type":"Feature","geometry":{"type":"Point","coordinates":[-75.960482,42.119172]},"properties":{"id":"ora-ny-1689","name":"NY 17 at VMS 3 (Johnson City)","state":"NY","provider":"NYSDOT","hls":null,"snapshot":"https://511ny.org/map/Cctv/4225","refreshMs":30000,"attribution":"Ora (Warner Varnado) · NYSDOT"}},{"type":"Feature","geometry":{"type":"Point","coordinates":[-79.2771100477729,43.1770735117882]},"properties":{"id":"ora-ny-1690","name":"QEW Martindale Rd.","state":"NY","provider":"NYSDOT","hls":null,"snapshot":"https://511ny.org/map/Cctv/4226","refreshMs":30000,"attribution":"Ora (Warner Varnado) · NYSDOT"}},{"type":"Feature","geometry":{"type":"Point","coordinates":[-73.704333,41.0125]},"properties":{"id":"ora-ny-1691","name":"Westchester Ave EB @ Purchase St","state":"NY","provider":"NYSDOT","hls":null,"snapshot":"https://511ny.org/map/Cctv/4227","refreshMs":30000,"attribution":"Ora (Warner Varnado) · NYSDOT"}},{"type":"Feature","geometry":{"type":"Point","coordinates":[-75.859117,42.109334]},"properties":{"id":"ora-ny-1692","name":"I-81 at VMS 6 (Windy Hill Road)","state":"NY","provider":"NYSDOT","hls":null,"snapshot":"https://511ny.org/map/Cctv/4230","refreshMs":30000,"attribution":"Ora (Warner Varnado) · NYSDOT"}},{"type":"Feature","geometry":{"type":"Point","coordinates":[-74.513598,41.587909]},"properties":{"id":"ora-ny-1693","name":"NY 17 at OH Sign Beacon Exit 112","state":"NY","provider":"NYSDOT","hls":null,"snapshot":"https://511ny.org/map/Cctv/4235","refreshMs":30000,"attribution":"Ora (Warner Varnado) · NYSDOT"}},{"type":"Feature","geometry":{"type":"Point","coordinates":[-75.192809,42.376544]},"properties":{"id":"ora-ny-1694","name":"Traffic closest to the camera is traveling east","state":"NY","provider":"NYSDOT","hls":null,"snapshot":"https://511ny.org/map/Cctv/4240","refreshMs":30000,"attribution":"Ora (Warner Varnado) · NYSDOT"}},{"type":"Feature","geometry":{"type":"Point","coordinates":[-75.873133,42.164563]},"properties":{"id":"ora-ny-1695","name":"I-88 at Exit 2 NY 12A ","state":"NY","provider":"NYSDOT","hls":null,"snapshot":"https://511ny.org/map/Cctv/4247","refreshMs":30000,"attribution":"Ora (Warner Varnado) · NYSDOT"}},{"type":"Feature","geometry":{"type":"Point","coordinates":[-78.9280212188189,42.9102690046356]},"properties":{"id":"ora-ny-1696","name":"QEW Concession Rd. (2)","state":"NY","provider":"NYSDOT","hls":null,"snapshot":"https://511ny.org/map/Cctv/4249","refreshMs":30000,"attribution":"Ora (Warner Varnado) · NYSDOT"}},{"type":"Feature","geometry":{"type":"Point","coordinates":[-73.77150995,41.11440207]},"properties":{"id":"ora-ny-1697","name":"Columbus Ave & Rose Hill Shopping Ctr","state":"NY","provider":"NYSDOT","hls":null,"snapshot":"https://511ny.org/map/Cctv/4261","refreshMs":30000,"attribution":"Ora (Warner Varnado) · NYSDOT"}},{"type":"Feature","geometry":{"type":"Point","coordinates":[-73.726331,41.017647]},"properties":{"id":"ora-ny-1698","name":"Westchester Ave EB & Corporate Park Dr","state":"NY","provider":"NYSDOT","hls":null,"snapshot":"https://511ny.org/map/Cctv/4283","refreshMs":30000,"attribution":"Ora (Warner Varnado) · NYSDOT"}},{"type":"Feature","geometry":{"type":"Point","coordinates":[-79.1221457856448,43.047230502013]},"properties":{"id":"ora-ny-1699","name":"QEW Welland River Bridge (2)","state":"NY","provider":"NYSDOT","hls":null,"snapshot":"https://511ny.org/map/Cctv/4284","refreshMs":30000,"attribution":"Ora (Warner Varnado) · NYSDOT"}},{"type":"Feature","geometry":{"type":"Point","coordinates":[-73.703786,41.013395]},"properties":{"id":"ora-ny-1700","name":"Westchester Ave WB @ Purchase St","state":"NY","provider":"NYSDOT","hls":null,"snapshot":"https://511ny.org/map/Cctv/4287","refreshMs":30000,"attribution":"Ora (Warner Varnado) · NYSDOT"}},{"type":"Feature","geometry":{"type":"Point","coordinates":[-73.744028,40.981823]},"properties":{"id":"ora-ny-1701","name":"Mamaroneck Ave & Union Ave","state":"NY","provider":"NYSDOT","hls":null,"snapshot":"https://511ny.org/map/Cctv/4290","refreshMs":30000,"attribution":"Ora (Warner Varnado) · NYSDOT"}},{"type":"Feature","geometry":{"type":"Point","coordinates":[-78.79924,42.99067]},"properties":{"id":"ora-ny-1702","name":"I-290 between Exit 4 (I-990 Interchange) and Exit 5 (Millersport Highway)","state":"NY","provider":"NYSDOT","hls":"https://s52.nysdot.skyvdn.com:443/rtplive/R5_029/playlist.m3u8","snapshot":"https://511ny.org/map/Cctv/4311","refreshMs":30000,"attribution":"Ora (Warner Varnado) · NYSDOT"}},{"type":"Feature","geometry":{"type":"Point","coordinates":[-74.649725,41.644539]},"properties":{"id":"ora-ny-1703","name":"NY 17 at Exit 106 - CR173","state":"NY","provider":"NYSDOT","hls":null,"snapshot":"https://511ny.org/map/Cctv/4312","refreshMs":30000,"attribution":"Ora (Warner Varnado) · NYSDOT"}},{"type":"Feature","geometry":{"type":"Point","coordinates":[-75.793186,42.099811]},"properties":{"id":"ora-ny-1704","name":"Traffic closest to the camera is traveling west.","state":"NY","provider":"NYSDOT","hls":null,"snapshot":"https://511ny.org/map/Cctv/4314","refreshMs":30000,"attribution":"Ora (Warner Varnado) · NYSDOT"}},{"type":"Feature","geometry":{"type":"Point","coordinates":[-75.683925,42.190496]},"properties":{"id":"ora-ny-1705","name":"I-88 at RWIS (Belden)","state":"NY","provider":"NYSDOT","hls":null,"snapshot":"https://511ny.org/map/Cctv/4321","refreshMs":30000,"attribution":"Ora (Warner Varnado) · NYSDOT"}},{"type":"Feature","geometry":{"type":"Point","coordinates":[-73.836721,40.933658]},"properties":{"id":"ora-ny-1706","name":"Bronx River Pkwy & Midland Ave","state":"NY","provider":"NYSDOT","hls":null,"snapshot":"https://511ny.org/map/Cctv/4325","refreshMs":30000,"attribution":"Ora (Warner Varnado) · NYSDOT"}},{"type":"Feature","geometry":{"type":"Point","coordinates":[-74.502635,41.56142]},"properties":{"id":"ora-ny-1707","name":"NY 17 at Exit 113 - NY 209","state":"NY","provider":"NYSDOT","hls":null,"snapshot":"https://511ny.org/map/Cctv/4331","refreshMs":30000,"attribution":"Ora (Warner Varnado) · NYSDOT"}},{"type":"Feature","geometry":{"type":"Point","coordinates":[-73.779764,41.123789]},"properties":{"id":"ora-ny-1708","name":"Kensico Rd & Commerce St","state":"NY","provider":"NYSDOT","hls":null,"snapshot":"https://511ny.org/map/Cctv/4332","refreshMs":30000,"attribution":"Ora (Warner Varnado) · NYSDOT"}},{"type":"Feature","geometry":{"type":"Point","coordinates":[-73.8362964276782,40.9337081741488]},"properties":{"id":"ora-ny-1709","name":"Bronx River Pkwy NB Side Mi. 7.1","state":"NY","provider":"NYSDOT","hls":null,"snapshot":"https://511ny.org/map/Cctv/4333","refreshMs":30000,"attribution":"Ora (Warner Varnado) · NYSDOT"}},{"type":"Feature","geometry":{"type":"Point","coordinates":[-73.809477,40.990638]},"properties":{"id":"ora-ny-1710","name":"Bronx River Parkway at Pipeline Road","state":"NY","provider":"NYSDOT","hls":null,"snapshot":"https://511ny.org/map/Cctv/4344","refreshMs":30000,"attribution":"Ora (Warner Varnado) · NYSDOT"}},{"type":"Feature","geometry":{"type":"Point","coordinates":[-73.8017,41.11025]},"properties":{"id":"ora-ny-1711","name":"Taconic State Parkway at Exit 3 SMRP (Cam B)","state":"NY","provider":"NYSDOT","hls":null,"snapshot":"https://511ny.org/map/Cctv/4351","refreshMs":30000,"attribution":"Ora (Warner Varnado) · NYSDOT"}},{"type":"Feature","geometry":{"type":"Point","coordinates":[-76.070619,42.08155]},"properties":{"id":"ora-ny-1712","name":"NY 17 at VMS 1 (Vestal EB)","state":"NY","provider":"NYSDOT","hls":null,"snapshot":"https://511ny.org/map/Cctv/4354","refreshMs":30000,"attribution":"Ora (Warner Varnado) · NYSDOT"}},{"type":"Feature","geometry":{"type":"Point","coordinates":[-74.898219,41.926443]},"properties":{"id":"ora-ny-1713","name":"NY 17 at Count Station (Roscoe)","state":"NY","provider":"NYSDOT","hls":null,"snapshot":"https://511ny.org/map/Cctv/4356","refreshMs":30000,"attribution":"Ora (Warner Varnado) · NYSDOT"}},{"type":"Feature","geometry":{"type":"Point","coordinates":[-73.77696088,41.10010134]},"properties":{"id":"ora-ny-1714","name":"Columbus Ave & Summit Lake Dr (S) & Lozza Dr","state":"NY","provider":"NYSDOT","hls":null,"snapshot":"https://511ny.org/map/Cctv/4358","refreshMs":30000,"attribution":"Ora (Warner Varnado) · NYSDOT"}},{"type":"Feature","geometry":{"type":"Point","coordinates":[-79.2101375718833,43.167295776417]},"properties":{"id":"ora-ny-1715","name":"QEW W/Welland Canal","state":"NY","provider":"NYSDOT","hls":null,"snapshot":"https://511ny.org/map/Cctv/4370","refreshMs":30000,"attribution":"Ora (Warner Varnado) · NYSDOT"}},{"type":"Feature","geometry":{"type":"Point","coordinates":[-75.358808,42.003012]},"properties":{"id":"ora-ny-1716","name":"NY 17 at Silver Lake Road (Flashing Beacon)","state":"NY","provider":"NYSDOT","hls":null,"snapshot":"https://511ny.org/map/Cctv/4371","refreshMs":30000,"attribution":"Ora (Warner Varnado) · NYSDOT"}},{"type":"Feature","geometry":{"type":"Point","coordinates":[-73.725193,41.018044]},"properties":{"id":"ora-ny-1717","name":"Westchester Ave WB & Corporate Park Dr","state":"NY","provider":"NYSDOT","hls":null,"snapshot":"https://511ny.org/map/Cctv/4384","refreshMs":30000,"attribution":"Ora (Warner Varnado) · NYSDOT"}},{"type":"Feature","geometry":{"type":"Point","coordinates":[-78.9280212188189,42.9102690046356]},"properties":{"id":"ora-ny-1718","name":"QEW Concession Rd. (1)","state":"NY","provider":"NYSDOT","hls":null,"snapshot":"https://511ny.org/map/Cctv/4395","refreshMs":30000,"attribution":"Ora (Warner Varnado) · NYSDOT"}},{"type":"Feature","geometry":{"type":"Point","coordinates":[-75.292308,41.95818]},"properties":{"id":"ora-ny-1719","name":"NY 17 at Delaware South Residency","state":"NY","provider":"NYSDOT","hls":null,"snapshot":"https://511ny.org/map/Cctv/4404","refreshMs":30000,"attribution":"Ora (Warner Varnado) · NYSDOT"}},{"type":"Feature","geometry":{"type":"Point","coordinates":[-73.74419,40.982786]},"properties":{"id":"ora-ny-1720","name":"Mamaroneck Ave & HRP Ramps","state":"NY","provider":"NYSDOT","hls":null,"snapshot":"https://511ny.org/map/Cctv/4406","refreshMs":30000,"attribution":"Ora (Warner Varnado) · NYSDOT"}},{"type":"Feature","geometry":{"type":"Point","coordinates":[-73.77720563,41.10454938]},"properties":{"id":"ora-ny-1721","name":"Columbus Ave & Summit Lake Dr (N)","state":"NY","provider":"NYSDOT","hls":null,"snapshot":"https://511ny.org/map/Cctv/4411","refreshMs":30000,"attribution":"Ora (Warner Varnado) · NYSDOT"}},{"type":"Feature","geometry":{"type":"Point","coordinates":[-76.009697,42.400195]},"properties":{"id":"ora-ny-1722","name":"I-81 at RWIS (Killawog)","state":"NY","provider":"NYSDOT","hls":null,"snapshot":"https://511ny.org/map/Cctv/4415","refreshMs":30000,"attribution":"Ora (Warner Varnado) · NYSDOT"}},{"type":"Feature","geometry":{"type":"Point","coordinates":[-76.070676,42.081657]},"properties":{"id":"ora-ny-1723","name":"NY 17 at VMS 1 (Vestal WB)","state":"NY","provider":"NYSDOT","hls":null,"snapshot":"https://511ny.org/map/Cctv/4426","refreshMs":30000,"attribution":"Ora (Warner Varnado) · NYSDOT"}},{"type":"Feature","geometry":{"type":"Point","coordinates":[-77.62522,43.158133]},"properties":{"id":"ora-ny-1724","name":"Broad St at Brown St / Campbell / I-490","state":"NY","provider":"NYSDOT","hls":"https://s52.nysdot.skyvdn.com:443/rtplive/R4_211/playlist.m3u8","snapshot":"https://511ny.org/map/Cctv/4427","refreshMs":30000,"attribution":"Ora (Warner Varnado) · NYSDOT"}},{"type":"Feature","geometry":{"type":"Point","coordinates":[-77.594633,43.155062]},"properties":{"id":"ora-ny-1725","name":"East Ave at Alexander St","state":"NY","provider":"NYSDOT","hls":"https://s52.nysdot.skyvdn.com:443/rtplive/R4_217/playlist.m3u8","snapshot":"https://511ny.org/map/Cctv/4428","refreshMs":30000,"attribution":"Ora (Warner Varnado) · NYSDOT"}},{"type":"Feature","geometry":{"type":"Point","coordinates":[-77.63912,43.125797]},"properties":{"id":"ora-ny-1726","name":"Elmwood Ave at Scottsville Rd/Genese St","state":"NY","provider":"NYSDOT","hls":"https://s52.nysdot.skyvdn.com:443/rtplive/R4_219/playlist.m3u8","snapshot":"https://511ny.org/map/Cctv/4429","refreshMs":30000,"attribution":"Ora (Warner Varnado) · NYSDOT"}},{"type":"Feature","geometry":{"type":"Point","coordinates":[-77.607972,43.154702]},"properties":{"id":"ora-ny-1727","name":"South Ave at Broad St","state":"NY","provider":"NYSDOT","hls":"https://s52.nysdot.skyvdn.com:443/rtplive/R4_220/playlist.m3u8","snapshot":"https://511ny.org/map/Cctv/4430","refreshMs":30000,"attribution":"Ora (Warner Varnado) · NYSDOT"}},{"type":"Feature","geometry":{"type":"Point","coordinates":[-77.59991,43.1501]},"properties":{"id":"ora-ny-1728","name":"Monroe Ave at Union St","state":"NY","provider":"NYSDOT","hls":"https://s53.nysdot.skyvdn.com:443/rtplive/R4_224/playlist.m3u8","snapshot":"https://511ny.org/map/Cctv/4432","refreshMs":30000,"attribution":"Ora (Warner Varnado) · NYSDOT"}},{"type":"Feature","geometry":{"type":"Point","coordinates":[-77.616193,43.114664]},"properties":{"id":"ora-ny-1729","name":"E. Henrietta Rd at Westfall Rd","state":"NY","provider":"NYSDOT","hls":"https://s53.nysdot.skyvdn.com:443/rtplive/R4_222/playlist.m3u8","snapshot":"https://511ny.org/map/Cctv/4433","refreshMs":30000,"attribution":"Ora (Warner Varnado) · NYSDOT"}},{"type":"Feature","geometry":{"type":"Point","coordinates":[-77.607583,43.153691]},"properties":{"id":"ora-ny-1730","name":"South Ave at Court St","state":"NY","provider":"NYSDOT","hls":"https://s53.nysdot.skyvdn.com:443/rtplive/R4_226/playlist.m3u8","snapshot":"https://511ny.org/map/Cctv/4434","refreshMs":30000,"attribution":"Ora (Warner Varnado) · NYSDOT"}},{"type":"Feature","geometry":{"type":"Point","coordinates":[-78.819936,42.792344]},"properties":{"id":"ora-ny-1731","name":"I-90 MP 432.50 West Bound Ramp to Interchange 56 Blasdell","state":"NY","provider":"NYSDOT","hls":"https://s51.nysdot.skyvdn.com:443/rtplive/TA_250/playlist.m3u8","snapshot":"https://511ny.org/map/Cctv/6842","refreshMs":30000,"attribution":"Ora (Warner Varnado) · NYSDOT"}},{"type":"Feature","geometry":{"type":"Point","coordinates":[-73.42246,40.772342]},"properties":{"id":"ora-ny-1732","name":"NY110 at Baylis Road","state":"NY","provider":"NYSDOT","hls":"https://s52.nysdot.skyvdn.com:443/rtplive/R10_346/playlist.m3u8","snapshot":"https://511ny.org/map/Cctv/7175","refreshMs":30000,"attribution":"Ora (Warner Varnado) · NYSDOT"}},{"type":"Feature","geometry":{"type":"Point","coordinates":[-73.429089,40.710751]},"properties":{"id":"ora-ny-1733","name":"NY110 at Great Neck Rd","state":"NY","provider":"NYSDOT","hls":"https://s52.nysdot.skyvdn.com:443/rtplive/R10_347/playlist.m3u8","snapshot":"https://511ny.org/map/Cctv/7176","refreshMs":30000,"attribution":"Ora (Warner Varnado) · NYSDOT"}},{"type":"Feature","geometry":{"type":"Point","coordinates":[-73.42598,40.86816]},"properties":{"id":"ora-ny-1734","name":"NY110 at High Street","state":"NY","provider":"NYSDOT","hls":"https://s52.nysdot.skyvdn.com:443/rtplive/R10_348/playlist.m3u8","snapshot":"https://511ny.org/map/Cctv/7177","refreshMs":30000,"attribution":"Ora (Warner Varnado) · NYSDOT"}},{"type":"Feature","geometry":{"type":"Point","coordinates":[-73.426226,40.871376]},"properties":{"id":"ora-ny-1735","name":"NY110 at NY25A","state":"NY","provider":"NYSDOT","hls":"https://s52.nysdot.skyvdn.com:443/rtplive/R10_349/playlist.m3u8","snapshot":"https://511ny.org/map/Cctv/7178","refreshMs":30000,"attribution":"Ora (Warner Varnado) · NYSDOT"}},{"type":"Feature","geometry":{"type":"Point","coordinates":[-73.43089,40.870757]},"properties":{"id":"ora-ny-1736","name":"NY25A at Woodbury Road","state":"NY","provider":"NYSDOT","hls":"https://s52.nysdot.skyvdn.com:443/rtplive/R10_350/playlist.m3u8","snapshot":"https://511ny.org/map/Cctv/7179","refreshMs":30000,"attribution":"Ora (Warner Varnado) · NYSDOT"}},{"type":"Feature","geometry":{"type":"Point","coordinates":[-72.905821,40.836199]},"properties":{"id":"ora-ny-1737","name":"LIE at Moriches Middle Island","state":"NY","provider":"NYSDOT","hls":"https://s52.nysdot.skyvdn.com:443/rtplive/R10_357/playlist.m3u8","snapshot":"https://511ny.org/map/Cctv/7180","refreshMs":30000,"attribution":"Ora (Warner Varnado) · NYSDOT"}},{"type":"Feature","geometry":{"type":"Point","coordinates":[-72.997031,40.846958]},"properties":{"id":"ora-ny-1738","name":"NY112 at Granny Rd","state":"NY","provider":"NYSDOT","hls":"https://s9.nysdot.skyvdn.com:443/rtplive/R10_354/playlist.m3u8","snapshot":"https://511ny.org/map/Cctv/7181","refreshMs":30000,"attribution":"Ora (Warner Varnado) · NYSDOT"}},{"type":"Feature","geometry":{"type":"Point","coordinates":[-72.822688,40.86356]},"properties":{"id":"ora-ny-1739","name":"LIE at Wading River Rd - Exit 69","state":"NY","provider":"NYSDOT","hls":"https://s52.nysdot.skyvdn.com:443/rtplive/R10_359/playlist.m3u8","snapshot":"https://511ny.org/map/Cctv/7183","refreshMs":30000,"attribution":"Ora (Warner Varnado) · NYSDOT"}},{"type":"Feature","geometry":{"type":"Point","coordinates":[-72.80215,40.871914]},"properties":{"id":"ora-ny-1740","name":"LIE at Captain Daniel Roe Hwy - Exit 70","state":"NY","provider":"NYSDOT","hls":"https://s52.nysdot.skyvdn.com:443/rtplive/R10_360/playlist.m3u8","snapshot":"https://511ny.org/map/Cctv/7184","refreshMs":30000,"attribution":"Ora (Warner Varnado) · NYSDOT"}},{"type":"Feature","geometry":{"type":"Point","coordinates":[-72.740658,40.903933]},"properties":{"id":"ora-ny-1741","name":"LIE at Edwards Ave (CR94) - Exit 71","state":"NY","provider":"NYSDOT","hls":"https://s52.nysdot.skyvdn.com:443/rtplive/R10_361/playlist.m3u8","snapshot":"https://511ny.org/map/Cctv/7185","refreshMs":30000,"attribution":"Ora (Warner Varnado) · NYSDOT"}},{"type":"Feature","geometry":{"type":"Point","coordinates":[-72.723806,40.920847]},"properties":{"id":"ora-ny-1742","name":"LIE at NY25 Exit 72 - 1","state":"NY","provider":"NYSDOT","hls":"https://s52.nysdot.skyvdn.com:443/rtplive/R10_362/playlist.m3u8","snapshot":"https://511ny.org/map/Cctv/7186","refreshMs":30000,"attribution":"Ora (Warner Varnado) · NYSDOT"}},{"type":"Feature","geometry":{"type":"Point","coordinates":[-72.723806,40.920847]},"properties":{"id":"ora-ny-1743","name":"LIE at NY25 Exit 72 - 2","state":"NY","provider":"NYSDOT","hls":"https://s52.nysdot.skyvdn.com:443/rtplive/R10_363/playlist.m3u8","snapshot":"https://511ny.org/map/Cctv/7187","refreshMs":30000,"attribution":"Ora (Warner Varnado) · NYSDOT"}},{"type":"Feature","geometry":{"type":"Point","coordinates":[-73.35377,40.713539]},"properties":{"id":"ora-ny-1744","name":"NY27 w/o Little East Neck Rd","state":"NY","provider":"NYSDOT","hls":"https://s52.nysdot.skyvdn.com:443/rtplive/R10_364/playlist.m3u8","snapshot":"https://511ny.org/map/Cctv/7188","refreshMs":30000,"attribution":"Ora (Warner Varnado) · NYSDOT"}},{"type":"Feature","geometry":{"type":"Point","coordinates":[-73.33039,40.714422]},"properties":{"id":"ora-ny-1745","name":"NY27 w/o Deer Park Ave (CR34)","state":"NY","provider":"NYSDOT","hls":"https://s52.nysdot.skyvdn.com:443/rtplive/R10_365/playlist.m3u8","snapshot":"https://511ny.org/map/Cctv/7189","refreshMs":30000,"attribution":"Ora (Warner Varnado) · NYSDOT"}},{"type":"Feature","geometry":{"type":"Point","coordinates":[-73.245086,40.736454]},"properties":{"id":"ora-ny-1746","name":"NY27 East of Brook Ave","state":"NY","provider":"NYSDOT","hls":"https://s52.nysdot.skyvdn.com:443/rtplive/R10_366/playlist.m3u8","snapshot":"https://511ny.org/map/Cctv/7190","refreshMs":30000,"attribution":"Ora (Warner Varnado) · NYSDOT"}},{"type":"Feature","geometry":{"type":"Point","coordinates":[-73.029781,40.77759]},"properties":{"id":"ora-ny-1747","name":"NY27 at Waverly Ave (CR19)","state":"NY","provider":"NYSDOT","hls":"https://s53.nysdot.skyvdn.com:443/rtplive/R10_369/playlist.m3u8","snapshot":"https://511ny.org/map/Cctv/7192","refreshMs":30000,"attribution":"Ora (Warner Varnado) · NYSDOT"}},{"type":"Feature","geometry":{"type":"Point","coordinates":[-73.015986,40.77881]},"properties":{"id":"ora-ny-1748","name":"NY27 at N. Ocean Ave (CR83)","state":"NY","provider":"NYSDOT","hls":"https://s53.nysdot.skyvdn.com:443/rtplive/R10_370/playlist.m3u8","snapshot":"https://511ny.org/map/Cctv/7193","refreshMs":30000,"attribution":"Ora (Warner Varnado) · NYSDOT"}},{"type":"Feature","geometry":{"type":"Point","coordinates":[-73.008489,40.780333]},"properties":{"id":"ora-ny-1749","name":"NY27 NSR at NY112 (Signal Pole)","state":"NY","provider":"NYSDOT","hls":"https://s53.nysdot.skyvdn.com:443/rtplive/R10_371/playlist.m3u8","snapshot":"https://511ny.org/map/Cctv/7194","refreshMs":30000,"attribution":"Ora (Warner Varnado) · NYSDOT"}},{"type":"Feature","geometry":{"type":"Point","coordinates":[-72.978997,40.784171]},"properties":{"id":"ora-ny-1750","name":"NY27 at Hospital Road","state":"NY","provider":"NYSDOT","hls":"https://s53.nysdot.skyvdn.com:443/rtplive/R10_372/playlist.m3u8","snapshot":"https://511ny.org/map/Cctv/7195","refreshMs":30000,"attribution":"Ora (Warner Varnado) · NYSDOT"}},{"type":"Feature","geometry":{"type":"Point","coordinates":[-72.964626,40.787417]},"properties":{"id":"ora-ny-1751","name":"NY27 at E. Patchogue-Yaphank Road (CR101)","state":"NY","provider":"NYSDOT","hls":"https://s53.nysdot.skyvdn.com:443/rtplive/R10_373/playlist.m3u8","snapshot":"https://511ny.org/map/Cctv/7196","refreshMs":30000,"attribution":"Ora (Warner Varnado) · NYSDOT"}},{"type":"Feature","geometry":{"type":"Point","coordinates":[-72.947041,40.788433]},"properties":{"id":"ora-ny-1752","name":"NY27 at Station Rd","state":"NY","provider":"NYSDOT","hls":"https://s53.nysdot.skyvdn.com:443/rtplive/R10_374/playlist.m3u8","snapshot":"https://511ny.org/map/Cctv/7197","refreshMs":30000,"attribution":"Ora (Warner Varnado) · NYSDOT"}},{"type":"Feature","geometry":{"type":"Point","coordinates":[-72.91364,40.795494]},"properties":{"id":"ora-ny-1753","name":"NY27 w/o Horse Block Rd (CR16)","state":"NY","provider":"NYSDOT","hls":"https://s53.nysdot.skyvdn.com:443/rtplive/R10_375/playlist.m3u8","snapshot":"https://511ny.org/map/Cctv/7198","refreshMs":30000,"attribution":"Ora (Warner Varnado) · NYSDOT"}},{"type":"Feature","geometry":{"type":"Point","coordinates":[-72.869827,40.804041]},"properties":{"id":"ora-ny-1754","name":"NY27 at William Floyd Pkwy (CR46)","state":"NY","provider":"NYSDOT","hls":"https://s53.nysdot.skyvdn.com:443/rtplive/R10_376/playlist.m3u8","snapshot":"https://511ny.org/map/Cctv/7199","refreshMs":30000,"attribution":"Ora (Warner Varnado) · NYSDOT"}},{"type":"Feature","geometry":{"type":"Point","coordinates":[-72.792601,40.82392]},"properties":{"id":"ora-ny-1755","name":"NY27 at Railroad Ave","state":"NY","provider":"NYSDOT","hls":"https://s53.nysdot.skyvdn.com:443/rtplive/R10_377/playlist.m3u8","snapshot":"https://511ny.org/map/Cctv/7200","refreshMs":30000,"attribution":"Ora (Warner Varnado) · NYSDOT"}},{"type":"Feature","geometry":{"type":"Point","coordinates":[-72.741758,40.835704]},"properties":{"id":"ora-ny-1756","name":"NY27 at Eastport-Manor Rd (CR55)","state":"NY","provider":"NYSDOT","hls":"https://s53.nysdot.skyvdn.com:443/rtplive/R10_378/playlist.m3u8","snapshot":"https://511ny.org/map/Cctv/7201","refreshMs":30000,"attribution":"Ora (Warner Varnado) · NYSDOT"}},{"type":"Feature","geometry":{"type":"Point","coordinates":[-72.500712,40.890305]},"properties":{"id":"ora-ny-1757","name":"NY27 at Canal Rd (CR39B)","state":"NY","provider":"NYSDOT","hls":"https://s7.nysdot.skyvdn.com:443/rtplive/R10_382/playlist.m3u8","snapshot":"https://511ny.org/map/Cctv/7205","refreshMs":30000,"attribution":"Ora (Warner Varnado) · NYSDOT"}},{"type":"Feature","geometry":{"type":"Point","coordinates":[-72.411306,40.89845]},"properties":{"id":"ora-ny-1758","name":"NY27 at Sandy Hollow Road (CR 39)","state":"NY","provider":"NYSDOT","hls":"https://s7.nysdot.skyvdn.com:443/rtplive/R10_383/playlist.m3u8","snapshot":"https://511ny.org/map/Cctv/7206","refreshMs":30000,"attribution":"Ora (Warner Varnado) · NYSDOT"}},{"type":"Feature","geometry":{"type":"Point","coordinates":[-73.491488,40.700365]},"properties":{"id":"ora-ny-1759","name":"SSP at NY135 (Crown Castle) - 1","state":"NY","provider":"NYSDOT","hls":"https://s7.nysdot.skyvdn.com:443/rtplive/R10_384/playlist.m3u8","snapshot":"https://511ny.org/map/Cctv/7207","refreshMs":30000,"attribution":"Ora (Warner Varnado) · NYSDOT"}},{"type":"Feature","geometry":{"type":"Point","coordinates":[-73.490588,40.699658]},"properties":{"id":"ora-ny-1760","name":"SSP at NY135 (Crown Castle) - 2","state":"NY","provider":"NYSDOT","hls":"https://s7.nysdot.skyvdn.com:443/rtplive/R10_385/playlist.m3u8","snapshot":"https://511ny.org/map/Cctv/7208","refreshMs":30000,"attribution":"Ora (Warner Varnado) · NYSDOT"}},{"type":"Feature","geometry":{"type":"Point","coordinates":[-73.423596,40.671484]},"properties":{"id":"ora-ny-1761","name":"NY27A at County Line Rd","state":"NY","provider":"NYSDOT","hls":"https://s7.nysdot.skyvdn.com:443/rtplive/R10_388/playlist.m3u8","snapshot":"https://511ny.org/map/Cctv/7209","refreshMs":30000,"attribution":"Ora (Warner Varnado) · NYSDOT"}},{"type":"Feature","geometry":{"type":"Point","coordinates":[-73.416421,40.670875]},"properties":{"id":"ora-ny-1762","name":"NY27A at Broadway (NY110)","state":"NY","provider":"NYSDOT","hls":"https://s7.nysdot.skyvdn.com:443/rtplive/R10_389/playlist.m3u8","snapshot":"https://511ny.org/map/Cctv/7210","refreshMs":30000,"attribution":"Ora (Warner Varnado) · NYSDOT"}},{"type":"Feature","geometry":{"type":"Point","coordinates":[-73.392553,40.668992]},"properties":{"id":"ora-ny-1763","name":"NY27A at Great Neck Rd","state":"NY","provider":"NYSDOT","hls":"https://s7.nysdot.skyvdn.com:443/rtplive/R10_390/playlist.m3u8","snapshot":"https://511ny.org/map/Cctv/7211","refreshMs":30000,"attribution":"Ora (Warner Varnado) · NYSDOT"}},{"type":"Feature","geometry":{"type":"Point","coordinates":[-73.382121,40.671261]},"properties":{"id":"ora-ny-1764","name":"NY27A at S. Strong Ave/W Riviera Dr","state":"NY","provider":"NYSDOT","hls":"https://s7.nysdot.skyvdn.com:443/rtplive/R10_391/playlist.m3u8","snapshot":"https://511ny.org/map/Cctv/7212","refreshMs":30000,"attribution":"Ora (Warner Varnado) · NYSDOT"}},{"type":"Feature","geometry":{"type":"Point","coordinates":[-73.364311,40.67816]},"properties":{"id":"ora-ny-1765","name":"NY27A at S Wellwood Ave","state":"NY","provider":"NYSDOT","hls":"https://s7.nysdot.skyvdn.com:443/rtplive/R10_392/playlist.m3u8","snapshot":"https://511ny.org/map/Cctv/7213","refreshMs":30000,"attribution":"Ora (Warner Varnado) · NYSDOT"}},{"type":"Feature","geometry":{"type":"Point","coordinates":[-73.344396,40.685941]},"properties":{"id":"ora-ny-1766","name":"NY27A at Great East Neck Rd (CR96)","state":"NY","provider":"NYSDOT","hls":"https://s7.nysdot.skyvdn.com:443/rtplive/R10_393/playlist.m3u8","snapshot":"https://511ny.org/map/Cctv/7214","refreshMs":30000,"attribution":"Ora (Warner Varnado) · NYSDOT"}},{"type":"Feature","geometry":{"type":"Point","coordinates":[-73.333757,40.69292]},"properties":{"id":"ora-ny-1767","name":"NY27A at Little East Neck Rd (NY109)","state":"NY","provider":"NYSDOT","hls":"https://s7.nysdot.skyvdn.com:443/rtplive/R10_394/playlist.m3u8","snapshot":"https://511ny.org/map/Cctv/7215","refreshMs":30000,"attribution":"Ora (Warner Varnado) · NYSDOT"}},{"type":"Feature","geometry":{"type":"Point","coordinates":[-73.323256,40.69664]},"properties":{"id":"ora-ny-1768","name":"NY27A at Deer Park Ave/Fire Island Ave","state":"NY","provider":"NYSDOT","hls":"https://s7.nysdot.skyvdn.com:443/rtplive/R10_395/playlist.m3u8","snapshot":"https://511ny.org/map/Cctv/7216","refreshMs":30000,"attribution":"Ora (Warner Varnado) · NYSDOT"}},{"type":"Feature","geometry":{"type":"Point","coordinates":[-73.315651,40.696761]},"properties":{"id":"ora-ny-1769","name":"NY27A at NY231 NB","state":"NY","provider":"NYSDOT","hls":"https://s7.nysdot.skyvdn.com:443/rtplive/R10_396/playlist.m3u8","snapshot":"https://511ny.org/map/Cctv/7217","refreshMs":30000,"attribution":"Ora (Warner Varnado) · NYSDOT"}},{"type":"Feature","geometry":{"type":"Point","coordinates":[-73.307199,40.696719]},"properties":{"id":"ora-ny-1770","name":"NY27A at Higbie Lane/Brookfield Pl","state":"NY","provider":"NYSDOT","hls":"https://s7.nysdot.skyvdn.com:443/rtplive/R10_397/playlist.m3u8","snapshot":"https://511ny.org/map/Cctv/7218","refreshMs":30000,"attribution":"Ora (Warner Varnado) · NYSDOT"}},{"type":"Feature","geometry":{"type":"Point","coordinates":[-73.293831,40.695859]},"properties":{"id":"ora-ny-1771","name":"NY27A at Pease Ln/Beach Drive","state":"NY","provider":"NYSDOT","hls":"https://s7.nysdot.skyvdn.com:443/rtplive/R10_398/playlist.m3u8","snapshot":"https://511ny.org/map/Cctv/7219","refreshMs":30000,"attribution":"Ora (Warner Varnado) · NYSDOT"}},{"type":"Feature","geometry":{"type":"Point","coordinates":[-73.288753,40.696807]},"properties":{"id":"ora-ny-1772","name":"NY27A at NY908J (Robert Moses Causeway)","state":"NY","provider":"NYSDOT","hls":"https://s7.nysdot.skyvdn.com:443/rtplive/R10_399/playlist.m3u8","snapshot":"https://511ny.org/map/Cctv/7220","refreshMs":30000,"attribution":"Ora (Warner Varnado) · NYSDOT"}},{"type":"Feature","geometry":{"type":"Point","coordinates":[-73.258344,40.713113]},"properties":{"id":"ora-ny-1773","name":"NY27A at S.Windsor Ave","state":"NY","provider":"NYSDOT","hls":"https://s7.nysdot.skyvdn.com:443/rtplive/R10_400/playlist.m3u8","snapshot":"https://511ny.org/map/Cctv/7221","refreshMs":30000,"attribution":"Ora (Warner Varnado) · NYSDOT"}},{"type":"Feature","geometry":{"type":"Point","coordinates":[-73.252688,40.718909]},"properties":{"id":"ora-ny-1774","name":"NY27A at S. Clinton Ave","state":"NY","provider":"NYSDOT","hls":"https://s7.nysdot.skyvdn.com:443/rtplive/R10_401/playlist.m3u8","snapshot":"https://511ny.org/map/Cctv/7222","refreshMs":30000,"attribution":"Ora (Warner Varnado) · NYSDOT"}},{"type":"Feature","geometry":{"type":"Point","coordinates":[-73.245836,40.722895]},"properties":{"id":"ora-ny-1775","name":"NY27A at Bay Shore Ave","state":"NY","provider":"NYSDOT","hls":"https://s7.nysdot.skyvdn.com:443/rtplive/R10_402/playlist.m3u8","snapshot":"https://511ny.org/map/Cctv/7223","refreshMs":30000,"attribution":"Ora (Warner Varnado) · NYSDOT"}},{"type":"Feature","geometry":{"type":"Point","coordinates":[-73.239261,40.725274]},"properties":{"id":"ora-ny-1776","name":"NY27A at S Montgomery Ave","state":"NY","provider":"NYSDOT","hls":"https://s7.nysdot.skyvdn.com:443/rtplive/R10_403/playlist.m3u8","snapshot":"https://511ny.org/map/Cctv/7224","refreshMs":30000,"attribution":"Ora (Warner Varnado) · NYSDOT"}},{"type":"Feature","geometry":{"type":"Point","coordinates":[-73.2347,40.726819]},"properties":{"id":"ora-ny-1777","name":"NY27A at Brentwood Rd","state":"NY","provider":"NYSDOT","hls":"https://s7.nysdot.skyvdn.com:443/rtplive/R10_404/playlist.m3u8","snapshot":"https://511ny.org/map/Cctv/7225","refreshMs":30000,"attribution":"Ora (Warner Varnado) · NYSDOT"}},{"type":"Feature","geometry":{"type":"Point","coordinates":[-73.228429,40.728129]},"properties":{"id":"ora-ny-1778","name":"NY27A at Saxon Ave","state":"NY","provider":"NYSDOT","hls":"https://s7.nysdot.skyvdn.com:443/rtplive/R10_405/playlist.m3u8","snapshot":"https://511ny.org/map/Cctv/7226","refreshMs":30000,"attribution":"Ora (Warner Varnado) · NYSDOT"}},{"type":"Feature","geometry":{"type":"Point","coordinates":[-73.218998,40.727828]},"properties":{"id":"ora-ny-1779","name":"NY27A at Ocean Ave","state":"NY","provider":"NYSDOT","hls":"https://s7.nysdot.skyvdn.com:443/rtplive/R10_406/playlist.m3u8","snapshot":"https://511ny.org/map/Cctv/7227","refreshMs":30000,"attribution":"Ora (Warner Varnado) · NYSDOT"}},{"type":"Feature","geometry":{"type":"Point","coordinates":[-73.207448,40.730295]},"properties":{"id":"ora-ny-1780","name":"NY27A at NY111","state":"NY","provider":"NYSDOT","hls":"https://s7.nysdot.skyvdn.com:443/rtplive/R10_407/playlist.m3u8","snapshot":"https://511ny.org/map/Cctv/7228","refreshMs":30000,"attribution":"Ora (Warner Varnado) · NYSDOT"}},{"type":"Feature","geometry":{"type":"Point","coordinates":[-73.190728,40.731037]},"properties":{"id":"ora-ny-1781","name":"NY27A at Woodland Dr/Carlton Ave","state":"NY","provider":"NYSDOT","hls":"https://s7.nysdot.skyvdn.com:443/rtplive/R10_408/playlist.m3u8","snapshot":"https://511ny.org/map/Cctv/7229","refreshMs":30000,"attribution":"Ora (Warner Varnado) · NYSDOT"}},{"type":"Feature","geometry":{"type":"Point","coordinates":[-73.170312,40.73542]},"properties":{"id":"ora-ny-1782","name":"NY27A at NY908M (Heckscher State Parkway)","state":"NY","provider":"NYSDOT","hls":"https://s7.nysdot.skyvdn.com:443/rtplive/R10_409/playlist.m3u8","snapshot":"https://511ny.org/map/Cctv/7230","refreshMs":30000,"attribution":"Ora (Warner Varnado) · NYSDOT"}},{"type":"Feature","geometry":{"type":"Point","coordinates":[-73.144242,40.855015]},"properties":{"id":"ora-ny-1783","name":"NY347 @ Browns Rd","state":"NY","provider":"NYSDOT","hls":"https://s7.nysdot.skyvdn.com:443/rtplive/R10_410/playlist.m3u8","snapshot":"https://511ny.org/map/Cctv/7231","refreshMs":30000,"attribution":"Ora (Warner Varnado) · NYSDOT"}},{"type":"Feature","geometry":{"type":"Point","coordinates":[-73.135405,40.866845]},"properties":{"id":"ora-ny-1784","name":"NY347 @ Alexander Ave","state":"NY","provider":"NYSDOT","hls":"https://s7.nysdot.skyvdn.com:443/rtplive/R10_411/playlist.m3u8","snapshot":"https://511ny.org/map/Cctv/7232","refreshMs":30000,"attribution":"Ora (Warner Varnado) · NYSDOT"}},{"type":"Feature","geometry":{"type":"Point","coordinates":[-73.211767,40.858221]},"properties":{"id":"ora-ny-1785","name":"NY25 at NY25A","state":"NY","provider":"NYSDOT","hls":"https://s7.nysdot.skyvdn.com:443/rtplive/R10_412/playlist.m3u8","snapshot":"https://511ny.org/map/Cctv/7233","refreshMs":30000,"attribution":"Ora (Warner Varnado) · NYSDOT"}},{"type":"Feature","geometry":{"type":"Point","coordinates":[-73.203788,40.856745]},"properties":{"id":"ora-ny-1786","name":"NY25 at Edgewood Ave","state":"NY","provider":"NYSDOT","hls":"https://s7.nysdot.skyvdn.com:443/rtplive/R10_413/playlist.m3u8","snapshot":"https://511ny.org/map/Cctv/7234","refreshMs":30000,"attribution":"Ora (Warner Varnado) · NYSDOT"}},{"type":"Feature","geometry":{"type":"Point","coordinates":[-73.198778,40.855395]},"properties":{"id":"ora-ny-1787","name":"NY25 at New York Ave","state":"NY","provider":"NYSDOT","hls":"https://s7.nysdot.skyvdn.com:443/rtplive/R10_414/playlist.m3u8","snapshot":"https://511ny.org/map/Cctv/7235","refreshMs":30000,"attribution":"Ora (Warner Varnado) · NYSDOT"}},{"type":"Feature","geometry":{"type":"Point","coordinates":[-73.193384,40.855176]},"properties":{"id":"ora-ny-1788","name":"NY25 at Lawrence Ave","state":"NY","provider":"NYSDOT","hls":"https://s7.nysdot.skyvdn.com:443/rtplive/R10_415/playlist.m3u8","snapshot":"https://511ny.org/map/Cctv/7236","refreshMs":30000,"attribution":"Ora (Warner Varnado) · NYSDOT"}},{"type":"Feature","geometry":{"type":"Point","coordinates":[-73.187631,40.856013]},"properties":{"id":"ora-ny-1789","name":"NY25 at NY111","state":"NY","provider":"NYSDOT","hls":"https://s7.nysdot.skyvdn.com:443/rtplive/R10_416/playlist.m3u8","snapshot":"https://511ny.org/map/Cctv/7237","refreshMs":30000,"attribution":"Ora (Warner Varnado) · NYSDOT"}},{"type":"Feature","geometry":{"type":"Point","coordinates":[-73.175767,40.854957]},"properties":{"id":"ora-ny-1790","name":"NY25 at Terry Road","state":"NY","provider":"NYSDOT","hls":"https://s7.nysdot.skyvdn.com:443/rtplive/R10_417/playlist.m3u8","snapshot":"https://511ny.org/map/Cctv/7238","refreshMs":30000,"attribution":"Ora (Warner Varnado) · NYSDOT"}},{"type":"Feature","geometry":{"type":"Point","coordinates":[-73.288943,40.712302]},"properties":{"id":"ora-ny-1791","name":"RMC (Median) Exits RM1E-RM2W (Between NY27-NY27A)","state":"NY","provider":"NYSDOT","hls":"https://s7.nysdot.skyvdn.com:443/rtplive/R10_418/playlist.m3u8","snapshot":"https://511ny.org/map/Cctv/7239","refreshMs":30000,"attribution":"Ora (Warner Varnado) · NYSDOT"}},{"type":"Feature","geometry":{"type":"Point","coordinates":[-73.287,40.7264]},"properties":{"id":"ora-ny-1792","name":"NY27 WB Exit 41 at RMC","state":"NY","provider":"NYSDOT","hls":"https://s7.nysdot.skyvdn.com:443/rtplive/R10_419/playlist.m3u8","snapshot":"https://511ny.org/map/Cctv/7240","refreshMs":30000,"attribution":"Ora (Warner Varnado) · NYSDOT"}},{"type":"Feature","geometry":{"type":"Point","coordinates":[-73.1315,40.8693]},"properties":{"id":"ora-ny-1793","name":"NY347 WB at Moriches Rd","state":"NY","provider":"NYSDOT","hls":"https://s9.nysdot.skyvdn.com:443/rtplive/R10_424/playlist.m3u8","snapshot":"https://511ny.org/map/Cctv/7245","refreshMs":30000,"attribution":"Ora (Warner Varnado) · NYSDOT"}},{"type":"Feature","geometry":{"type":"Point","coordinates":[-73.633168,40.706441]},"properties":{"id":"ora-ny-1794","name":"NY 24 WB at Cathedral Ave.","state":"NY","provider":"NYSDOT","hls":"https://s53.nysdot.skyvdn.com:443/rtplive/R10_266/playlist.m3u8","snapshot":"https://511ny.org/map/Cctv/7246","refreshMs":30000,"attribution":"Ora (Warner Varnado) · NYSDOT"}},{"type":"Feature","geometry":{"type":"Point","coordinates":[-73.810049,41.056016]},"properties":{"id":"ora-ny-1795","name":"Sprain Brook Parkway at I-287","state":"NY","provider":"NYSDOT","hls":"https://s7.nysdot.skyvdn.com:443/rtplive/R8_018/playlist.m3u8","snapshot":"https://511ny.org/map/Cctv/7247","refreshMs":30000,"attribution":"Ora (Warner Varnado) · NYSDOT"}},{"type":"Feature","geometry":{"type":"Point","coordinates":[-74.4119,41.51064]},"properties":{"id":"ora-ny-1796","name":"NY 17 East of Exit 118 (Fair Oaks) MM 358.5","state":"NY","provider":"NYSDOT","hls":"https://s7.nysdot.skyvdn.com:443/rtplive/R8_021/playlist.m3u8","snapshot":"https://511ny.org/map/Cctv/7248","refreshMs":30000,"attribution":"Ora (Warner Varnado) · NYSDOT"}},{"type":"Feature","geometry":{"type":"Point","coordinates":[-74.425807,41.558356]},"properties":{"id":"ora-ny-1797","name":"NY 17 West of Exit 116(NY 17K) MM 355.2","state":"NY","provider":"NYSDOT","hls":"https://s7.nysdot.skyvdn.com:443/rtplive/R8_233/playlist.m3u8","snapshot":"https://511ny.org/map/Cctv/7250","refreshMs":30000,"attribution":"Ora (Warner Varnado) · NYSDOT"}},{"type":"Feature","geometry":{"type":"Point","coordinates":[-76.14604,42.714028]},"properties":{"id":"ora-ny-1798","name":"I-81 south of Exit 63 (Preble Rest Area)","state":"NY","provider":"NYSDOT","hls":"https://s7.nysdot.skyvdn.com:443/rtplive/R3_033/playlist.m3u8","snapshot":"https://511ny.org/map/Cctv/7251","refreshMs":30000,"attribution":"Ora (Warner Varnado) · NYSDOT"}},{"type":"Feature","geometry":{"type":"Point","coordinates":[-76.815212,42.155926]},"properties":{"id":"ora-ny-1799","name":"I-86 Exit 54 Westbound (Brickyard Ln) at S. Main St","state":"NY","provider":"NYSDOT","hls":"https://s9.nysdot.skyvdn.com:443/rtplive/R6_023/playlist.m3u8","snapshot":"https://511ny.org/map/Cctv/7353","refreshMs":30000,"attribution":"Ora (Warner Varnado) · NYSDOT"}},{"type":"Feature","geometry":{"type":"Point","coordinates":[-77.130985,42.015293]},"properties":{"id":"ora-ny-1800","name":"I-99 at Watson Creek - Lindley","state":"NY","provider":"NYSDOT","hls":"https://s9.nysdot.skyvdn.com:443/rtplive/R6_025/playlist.m3u8","snapshot":"https://511ny.org/map/Cctv/7354","refreshMs":30000,"attribution":"Ora (Warner Varnado) · NYSDOT"}},{"type":"Feature","geometry":{"type":"Point","coordinates":[-76.787228,42.095939]},"properties":{"id":"ora-ny-1801","name":"I-86 Exit 56 Eastbound Ramp at Church St (NY 352)","state":"NY","provider":"NYSDOT","hls":"https://s52.nysdot.skyvdn.com:443/rtplive/R6_018/playlist.m3u8","snapshot":"https://511ny.org/map/Cctv/7356","refreshMs":30000,"attribution":"Ora (Warner Varnado) · NYSDOT"}},{"type":"Feature","geometry":{"type":"Point","coordinates":[-77.087476,42.153694]},"properties":{"id":"ora-ny-1802","name":"I-86 at Exit 45 (Kane St)","state":"NY","provider":"NYSDOT","hls":"https://s52.nysdot.skyvdn.com:443/rtplive/R6_014/playlist.m3u8","snapshot":"https://511ny.org/map/Cctv/7357","refreshMs":30000,"attribution":"Ora (Warner Varnado) · NYSDOT"}},{"type":"Feature","geometry":{"type":"Point","coordinates":[-76.851404,42.160089]},"properties":{"id":"ora-ny-1803","name":"CR 64 at Commerce Center Rd","state":"NY","provider":"NYSDOT","hls":"https://s9.nysdot.skyvdn.com:443/rtplive/R6_026/playlist.m3u8","snapshot":"https://511ny.org/map/Cctv/7358","refreshMs":30000,"attribution":"Ora (Warner Varnado) · NYSDOT"}},{"type":"Feature","geometry":{"type":"Point","coordinates":[-76.877287,42.155166]},"properties":{"id":"ora-ny-1804","name":"I-86 Exit 51 Eastbound Ramp at CR 35 (Chambers Rd)","state":"NY","provider":"NYSDOT","hls":"https://s9.nysdot.skyvdn.com:443/rtplive/R6_021/playlist.m3u8","snapshot":"https://511ny.org/map/Cctv/7360","refreshMs":30000,"attribution":"Ora (Warner Varnado) · NYSDOT"}},{"type":"Feature","geometry":{"type":"Point","coordinates":[-79.11633,42.56065]},"properties":{"id":"ora-ny-1805","name":"I-90 MP 455.50 West Bound Ramp to Interchange 58","state":"NY","provider":"NYSDOT","hls":"https://s51.nysdot.skyvdn.com:443/rtplive/TA_251/playlist.m3u8","snapshot":"https://511ny.org/map/Cctv/7386","refreshMs":30000,"attribution":"Ora (Warner Varnado) · NYSDOT"}},{"type":"Feature","geometry":{"type":"Point","coordinates":[-78.920944,42.966611]},"properties":{"id":"ora-ny-1806","name":"I-190 MP 11.7S at Dupont Road overpass","state":"NY","provider":"NYSDOT","hls":"https://s51.nysdot.skyvdn.com:443/rtplive/TA_252/playlist.m3u8","snapshot":"https://511ny.org/map/Cctv/7387","refreshMs":30000,"attribution":"Ora (Warner Varnado) · NYSDOT"}},{"type":"Feature","geometry":{"type":"Point","coordinates":[-78.55295,42.96416]},"properties":{"id":"ora-ny-1807","name":"I-90 MP 409.50 East Bound at N. Millgrove Rd. Overapass","state":"NY","provider":"NYSDOT","hls":"https://s51.nysdot.skyvdn.com:443/rtplive/TA_253/playlist.m3u8","snapshot":"https://511ny.org/map/Cctv/7388","refreshMs":30000,"attribution":"Ora (Warner Varnado) · NYSDOT"}},{"type":"Feature","geometry":{"type":"Point","coordinates":[-74.08863,41.59253]},"properties":{"id":"ora-ny-1808","name":"I-87 MP 065.90 SB Modena Service Area Truck Parking 1","state":"NY","provider":"NYSDOT","hls":"https://s53.nysdot.skyvdn.com:443/rtplive/TA_254/playlist.m3u8","snapshot":"https://511ny.org/map/Cctv/7389","refreshMs":30000,"attribution":"Ora (Warner Varnado) · NYSDOT"}},{"type":"Feature","geometry":{"type":"Point","coordinates":[-74.08869,41.59253]},"properties":{"id":"ora-ny-1809","name":"I-87 MP 065.90 SB Modena Service Area Truck Parking 2","state":"NY","provider":"NYSDOT","hls":"https://s53.nysdot.skyvdn.com:443/rtplive/TA_255/playlist.m3u8","snapshot":"https://511ny.org/map/Cctv/7390","refreshMs":30000,"attribution":"Ora (Warner Varnado) · NYSDOT"}},{"type":"Feature","geometry":{"type":"Point","coordinates":[-74.0888,41.59215]},"properties":{"id":"ora-ny-1810","name":"I-87 MP 065.90 SB Modena Service Area Truck Parking 3","state":"NY","provider":"NYSDOT","hls":"https://s53.nysdot.skyvdn.com:443/rtplive/TA_256/playlist.m3u8","snapshot":"https://511ny.org/map/Cctv/7391","refreshMs":30000,"attribution":"Ora (Warner Varnado) · NYSDOT"}},{"type":"Feature","geometry":{"type":"Point","coordinates":[-74.08874,41.59214]},"properties":{"id":"ora-ny-1811","name":"I-87 MP 065.90 SB Modena Service Area Truck Parking 4","state":"NY","provider":"NYSDOT","hls":"https://s53.nysdot.skyvdn.com:443/rtplive/TA_257/playlist.m3u8","snapshot":"https://511ny.org/map/Cctv/7392","refreshMs":30000,"attribution":"Ora (Warner Varnado) · NYSDOT"}},{"type":"Feature","geometry":{"type":"Point","coordinates":[-78.306232,42.216594]},"properties":{"id":"ora-ny-1812","name":"I-86 Cuba, West of Exit 28","state":"NY","provider":"NYSDOT","hls":"https://s9.nysdot.skyvdn.com:443/rtplive/R6_034/playlist.m3u8","snapshot":"https://511ny.org/map/Cctv/8018","refreshMs":30000,"attribution":"Ora (Warner Varnado) · NYSDOT"}},{"type":"Feature","geometry":{"type":"Point","coordinates":[-78.986242,42.635654]},"properties":{"id":"ora-ny-1813","name":"I-90 MP 447.1 EB Angola Service Area Truck Park 1","state":"NY","provider":"NYSDOT","hls":"https://s53.nysdot.skyvdn.com:443/rtplive/TA_258/playlist.m3u8","snapshot":"https://511ny.org/map/Cctv/9415","refreshMs":30000,"attribution":"Ora (Warner Varnado) · NYSDOT"}},{"type":"Feature","geometry":{"type":"Point","coordinates":[-78.986242,42.635654]},"properties":{"id":"ora-ny-1814","name":"I-90 MP 447.1 EB Angola Service Area Truck Park 2","state":"NY","provider":"NYSDOT","hls":"https://s53.nysdot.skyvdn.com:443/rtplive/TA_259/playlist.m3u8","snapshot":"https://511ny.org/map/Cctv/9416","refreshMs":30000,"attribution":"Ora (Warner Varnado) · NYSDOT"}},{"type":"Feature","geometry":{"type":"Point","coordinates":[-73.8334,40.74343]},"properties":{"id":"ora-ny-1815","name":"I-495 at Lawrence Street","state":"NY","provider":"NYSDOT","hls":"https://s53.nysdot.skyvdn.com:443/rtplive/R11_145/playlist.m3u8","snapshot":"https://511ny.org/map/Cctv/9417","refreshMs":30000,"attribution":"Ora (Warner Varnado) · NYSDOT"}},{"type":"Feature","geometry":{"type":"Point","coordinates":[-75.750785,43.087827]},"properties":{"id":"ora-ny-1816","name":"NY 13 at Thruway, Canastota","state":"NY","provider":"NYSDOT","hls":"https://s51.nysdot.skyvdn.com:443/rtplive/R2_052/playlist.m3u8","snapshot":"https://511ny.org/map/Cctv/9418","refreshMs":30000,"attribution":"Ora (Warner Varnado) · NYSDOT"}},{"type":"Feature","geometry":{"type":"Point","coordinates":[-75.969533,43.155475]},"properties":{"id":"ora-ny-1817","name":"NY 31 at North Rd","state":"NY","provider":"NYSDOT","hls":"https://s53.nysdot.skyvdn.com:443/rtplive/R2_053/playlist.m3u8","snapshot":"https://511ny.org/map/Cctv/9419","refreshMs":30000,"attribution":"Ora (Warner Varnado) · NYSDOT"}},{"type":"Feature","geometry":{"type":"Point","coordinates":[-75.237325,43.105169]},"properties":{"id":"ora-ny-1818","name":"NY 12 Exit at State St, Utica","state":"NY","provider":"NYSDOT","hls":"https://s53.nysdot.skyvdn.com:443/rtplive/R2_055/playlist.m3u8","snapshot":"https://511ny.org/map/Cctv/9420","refreshMs":30000,"attribution":"Ora (Warner Varnado) · NYSDOT"}},{"type":"Feature","geometry":{"type":"Point","coordinates":[-73.817213,41.241567]},"properties":{"id":"ora-ny-1819","name":"Taconic State Parkway North of NY129/Croton Br.","state":"NY","provider":"NYSDOT","hls":"https://s9.nysdot.skyvdn.com:443/rtplive/R8_098/playlist.m3u8","snapshot":"https://511ny.org/map/Cctv/9421","refreshMs":30000,"attribution":"Ora (Warner Varnado) · NYSDOT"}},{"type":"Feature","geometry":{"type":"Point","coordinates":[-74.149526,41.114867]},"properties":{"id":"ora-ny-1820","name":"NY-59 EB at Washington Ave MM 6.04","state":"NY","provider":"NYSDOT","hls":"https://s9.nysdot.skyvdn.com:443/rtplive/R8_141/playlist.m3u8","snapshot":"https://511ny.org/map/Cctv/9422","refreshMs":30000,"attribution":"Ora (Warner Varnado) · NYSDOT"}},{"type":"Feature","geometry":{"type":"Point","coordinates":[-75.965762,42.329096]},"properties":{"id":"ora-ny-1821","name":"US11 @ NY 26 & Main Street","state":"NY","provider":"NYSDOT","hls":"https://s7.nysdot.skyvdn.com:443/rtplive/R9_011/playlist.m3u8","snapshot":"https://511ny.org/map/Cctv/9423","refreshMs":30000,"attribution":"Ora (Warner Varnado) · NYSDOT"}},{"type":"Feature","geometry":{"type":"Point","coordinates":[-76.00429,42.095378]},"properties":{"id":"ora-ny-1822","name":"NY434 @ Rano Blvd","state":"NY","provider":"NYSDOT","hls":"https://s7.nysdot.skyvdn.com:443/rtplive/R9_012/playlist.m3u8","snapshot":"https://511ny.org/map/Cctv/9424","refreshMs":30000,"attribution":"Ora (Warner Varnado) · NYSDOT"}},{"type":"Feature","geometry":{"type":"Point","coordinates":[-75.967227,42.095462]},"properties":{"id":"ora-ny-1823","name":"NY434 @ Glen Bartle Drive","state":"NY","provider":"NYSDOT","hls":"https://s7.nysdot.skyvdn.com:443/rtplive/R9_013/playlist.m3u8","snapshot":"https://511ny.org/map/Cctv/9425","refreshMs":30000,"attribution":"Ora (Warner Varnado) · NYSDOT"}},{"type":"Feature","geometry":{"type":"Point","coordinates":[-76.053575,42.08566]},"properties":{"id":"ora-ny-1824","name":"NY434 @ Main St (4 Corners)","state":"NY","provider":"NYSDOT","hls":"https://s7.nysdot.skyvdn.com:443/rtplive/R9_014/playlist.m3u8","snapshot":"https://511ny.org/map/Cctv/9426","refreshMs":30000,"attribution":"Ora (Warner Varnado) · NYSDOT"}},{"type":"Feature","geometry":{"type":"Point","coordinates":[-76.049426,42.086986]},"properties":{"id":"ora-ny-1825","name":"NY434 @ Clayton Ave","state":"NY","provider":"NYSDOT","hls":"https://s7.nysdot.skyvdn.com:443/rtplive/R9_015/playlist.m3u8","snapshot":"https://511ny.org/map/Cctv/9427","refreshMs":30000,"attribution":"Ora (Warner Varnado) · NYSDOT"}},{"type":"Feature","geometry":{"type":"Point","coordinates":[-75.975941,42.095753]},"properties":{"id":"ora-ny-1826","name":"NY434 @ Bunn Hill Road","state":"NY","provider":"NYSDOT","hls":"https://s7.nysdot.skyvdn.com:443/rtplive/R9_016/playlist.m3u8","snapshot":"https://511ny.org/map/Cctv/9428","refreshMs":30000,"attribution":"Ora (Warner Varnado) · NYSDOT"}},{"type":"Feature","geometry":{"type":"Point","coordinates":[-76.038776,42.090091]},"properties":{"id":"ora-ny-1827","name":"NY 434 @ Airborne Ave.","state":"NY","provider":"NYSDOT","hls":"https://s51.nysdot.skyvdn.com:443/rtplive/R9_017/playlist.m3u8","snapshot":"https://511ny.org/map/Cctv/9433","refreshMs":30000,"attribution":"Ora (Warner Varnado) · NYSDOT"}},{"type":"Feature","geometry":{"type":"Point","coordinates":[-76.014403,42.094118]},"properties":{"id":"ora-ny-1828","name":"NY 434 @ African Road","state":"NY","provider":"NYSDOT","hls":"https://s51.nysdot.skyvdn.com:443/rtplive/R9_018/playlist.m3u8","snapshot":"https://511ny.org/map/Cctv/9434","refreshMs":30000,"attribution":"Ora (Warner Varnado) · NYSDOT"}},{"type":"Feature","geometry":{"type":"Point","coordinates":[-75.951324,42.092984]},"properties":{"id":"ora-ny-1829","name":"NY 434 @ University Plaza","state":"NY","provider":"NYSDOT","hls":"https://s51.nysdot.skyvdn.com:443/rtplive/R9_019/playlist.m3u8","snapshot":"https://511ny.org/map/Cctv/9435","refreshMs":30000,"attribution":"Ora (Warner Varnado) · NYSDOT"}},{"type":"Feature","geometry":{"type":"Point","coordinates":[-75.946007,42.91568]},"properties":{"id":"ora-ny-1830","name":"NY 434 @ Vestal Ave.","state":"NY","provider":"NYSDOT","hls":"https://s51.nysdot.skyvdn.com:443/rtplive/R9_020/playlist.m3u8","snapshot":"https://511ny.org/map/Cctv/9436","refreshMs":30000,"attribution":"Ora (Warner Varnado) · NYSDOT"}},{"type":"Feature","geometry":{"type":"Point","coordinates":[-78.79903,42.93329]},"properties":{"id":"ora-ny-1831","name":"NY 33 at Eggert Rd (1)","state":"NY","provider":"NYSDOT","hls":"https://s53.nysdot.skyvdn.com:443/rtplive/R5_104/playlist.m3u8","snapshot":"https://511ny.org/map/Cctv/9442","refreshMs":30000,"attribution":"Ora (Warner Varnado) · NYSDOT"}},{"type":"Feature","geometry":{"type":"Point","coordinates":[-78.79904,42.93329]},"properties":{"id":"ora-ny-1832","name":"NY 33 at Eggert Rd (2)","state":"NY","provider":"NYSDOT","hls":"https://s53.nysdot.skyvdn.com:443/rtplive/R5_105/playlist.m3u8","snapshot":"https://511ny.org/map/Cctv/9443","refreshMs":30000,"attribution":"Ora (Warner Varnado) · NYSDOT"}},{"type":"Feature","geometry":{"type":"Point","coordinates":[-78.7842,42.93304]},"properties":{"id":"ora-ny-1833","name":"NY 33 at Harlem Rd (1)","state":"NY","provider":"NYSDOT","hls":"https://s53.nysdot.skyvdn.com:443/rtplive/R5_106/playlist.m3u8","snapshot":"https://511ny.org/map/Cctv/9444","refreshMs":30000,"attribution":"Ora (Warner Varnado) · NYSDOT"}},{"type":"Feature","geometry":{"type":"Point","coordinates":[-78.7843,42.93304]},"properties":{"id":"ora-ny-1834","name":"NY 33 at Harlem Rd (2)","state":"NY","provider":"NYSDOT","hls":"https://s53.nysdot.skyvdn.com:443/rtplive/R5_107/playlist.m3u8","snapshot":"https://511ny.org/map/Cctv/9445","refreshMs":30000,"attribution":"Ora (Warner Varnado) · NYSDOT"}},{"type":"Feature","geometry":{"type":"Point","coordinates":[-78.77226,42.93299]},"properties":{"id":"ora-ny-1835","name":"NY 33 between I-90 and Harlem Rd (1)","state":"NY","provider":"NYSDOT","hls":"https://s53.nysdot.skyvdn.com:443/rtplive/R5_108/playlist.m3u8","snapshot":"https://511ny.org/map/Cctv/9446","refreshMs":30000,"attribution":"Ora (Warner Varnado) · NYSDOT"}},{"type":"Feature","geometry":{"type":"Point","coordinates":[-78.77226,42.93299]},"properties":{"id":"ora-ny-1836","name":"NY 33 between I-90 and Harlem Rd (2)","state":"NY","provider":"NYSDOT","hls":"https://s51.nysdot.skyvdn.com:443/rtplive/R5_109/playlist.m3u8","snapshot":"https://511ny.org/map/Cctv/9447","refreshMs":30000,"attribution":"Ora (Warner Varnado) · NYSDOT"}},{"type":"Feature","geometry":{"type":"Point","coordinates":[-78.7623,42.93126]},"properties":{"id":"ora-ny-1837","name":"NY 33 between I-90 and Union Rd (2)","state":"NY","provider":"NYSDOT","hls":"https://s52.nysdot.skyvdn.com:443/rtplive/R5_111/playlist.m3u8","snapshot":"https://511ny.org/map/Cctv/9448","refreshMs":30000,"attribution":"Ora (Warner Varnado) · NYSDOT"}},{"type":"Feature","geometry":{"type":"Point","coordinates":[-78.75392,42.92988]},"properties":{"id":"ora-ny-1838","name":"NY 33 at Union Rd (1)","state":"NY","provider":"NYSDOT","hls":"https://s52.nysdot.skyvdn.com:443/rtplive/R5_112/playlist.m3u8","snapshot":"https://511ny.org/map/Cctv/9449","refreshMs":30000,"attribution":"Ora (Warner Varnado) · NYSDOT"}},{"type":"Feature","geometry":{"type":"Point","coordinates":[-78.75392,42.92988]},"properties":{"id":"ora-ny-1839","name":"NY 33 at Union Rd (2)","state":"NY","provider":"NYSDOT","hls":"https://s52.nysdot.skyvdn.com:443/rtplive/R5_113/playlist.m3u8","snapshot":"https://511ny.org/map/Cctv/9450","refreshMs":30000,"attribution":"Ora (Warner Varnado) · NYSDOT"}},{"type":"Feature","geometry":{"type":"Point","coordinates":[-78.76229,42.93126]},"properties":{"id":"ora-ny-1840","name":"NY 33 between I-90 and Union Rd (1)","state":"NY","provider":"NYSDOT","hls":"https://s51.nysdot.skyvdn.com:443/rtplive/R5_110/playlist.m3u8","snapshot":"https://511ny.org/map/Cctv/9451","refreshMs":30000,"attribution":"Ora (Warner Varnado) · NYSDOT"}},{"type":"Feature","geometry":{"type":"Point","coordinates":[-77.735874,42.330758]},"properties":{"id":"ora-ny-1841","name":"I-86 Allegany/Steuben Line","state":"NY","provider":"NYSDOT","hls":"https://s9.nysdot.skyvdn.com:443/rtplive/R6_035/playlist.m3u8","snapshot":"https://511ny.org/map/Cctv/9452","refreshMs":30000,"attribution":"Ora (Warner Varnado) · NYSDOT"}},{"type":"Feature","geometry":{"type":"Point","coordinates":[-73.221827,40.81279]},"properties":{"id":"ora-ny-1842","name":"Portable Camera - PVMS W 11C","state":"NY","provider":"NYSDOT","hls":"https://s52.nysdot.skyvdn.com:443/rtplive/PVMS_W11C/playlist.m3u8","snapshot":"https://511ny.org/map/Cctv/9453","refreshMs":30000,"attribution":"Ora (Warner Varnado) · NYSDOT"}},{"type":"Feature","geometry":{"type":"Point","coordinates":[-73.221827,40.81279]},"properties":{"id":"ora-ny-1843","name":"Portable Camera - PVMS W 12C","state":"NY","provider":"NYSDOT","hls":"https://s52.nysdot.skyvdn.com:443/rtplive/PVMS_W12C/playlist.m3u8","snapshot":"https://511ny.org/map/Cctv/9454","refreshMs":30000,"attribution":"Ora (Warner Varnado) · NYSDOT"}},{"type":"Feature","geometry":{"type":"Point","coordinates":[-73.221827,40.812794]},"properties":{"id":"ora-ny-1844","name":"Portable Camera - PVMS AM 75C","state":"NY","provider":"NYSDOT","hls":"https://s52.nysdot.skyvdn.com:443/rtplive/PVMS_AM75C/playlist.m3u8","snapshot":"https://511ny.org/map/Cctv/9455","refreshMs":30000,"attribution":"Ora (Warner Varnado) · NYSDOT"}},{"type":"Feature","geometry":{"type":"Point","coordinates":[-73.221827,40.812794]},"properties":{"id":"ora-ny-1845","name":"Portable Camera - PVMS AM 76C","state":"NY","provider":"NYSDOT","hls":"https://s52.nysdot.skyvdn.com:443/rtplive/PVMS_AM76C/playlist.m3u8","snapshot":"https://511ny.org/map/Cctv/9456","refreshMs":30000,"attribution":"Ora (Warner Varnado) · NYSDOT"}},{"type":"Feature","geometry":{"type":"Point","coordinates":[-73.221827,40.812794]},"properties":{"id":"ora-ny-1846","name":"Portable Camera - PVMS ST 21LC","state":"NY","provider":"NYSDOT","hls":"https://s52.nysdot.skyvdn.com:443/rtplive/PVMS_ST21LC/playlist.m3u8","snapshot":"https://511ny.org/map/Cctv/9457","refreshMs":30000,"attribution":"Ora (Warner Varnado) · NYSDOT"}},{"type":"Feature","geometry":{"type":"Point","coordinates":[-73.221827,40.812794]},"properties":{"id":"ora-ny-1847","name":"Portable Camera - PVMS ST 23LC","state":"NY","provider":"NYSDOT","hls":"https://s52.nysdot.skyvdn.com:443/rtplive/PVMS_ST23LC/playlist.m3u8","snapshot":"https://511ny.org/map/Cctv/9458","refreshMs":30000,"attribution":"Ora (Warner Varnado) · NYSDOT"}},{"type":"Feature","geometry":{"type":"Point","coordinates":[-73.221827,40.812794]},"properties":{"id":"ora-ny-1848","name":"Portable Camera - PVMS VM 47LC","state":"NY","provider":"NYSDOT","hls":"https://s52.nysdot.skyvdn.com:443/rtplive/PVMS_VM47LC/playlist.m3u8","snapshot":"https://511ny.org/map/Cctv/9460","refreshMs":30000,"attribution":"Ora (Warner Varnado) · NYSDOT"}},{"type":"Feature","geometry":{"type":"Point","coordinates":[-73.221827,40.812794]},"properties":{"id":"ora-ny-1849","name":"Portable Camera - PVMS VM 48LC","state":"NY","provider":"NYSDOT","hls":"https://s52.nysdot.skyvdn.com:443/rtplive/PVMS_VM48LC/playlist.m3u8","snapshot":"https://511ny.org/map/Cctv/9461","refreshMs":30000,"attribution":"Ora (Warner Varnado) · NYSDOT"}},{"type":"Feature","geometry":{"type":"Point","coordinates":[-73.221827,40.812794]},"properties":{"id":"ora-ny-1850","name":"Portable Camera - PVMS W 7CS","state":"NY","provider":"NYSDOT","hls":"https://s52.nysdot.skyvdn.com:443/rtplive/PVMS_W7CS/playlist.m3u8","snapshot":"https://511ny.org/map/Cctv/9462","refreshMs":30000,"attribution":"Ora (Warner Varnado) · NYSDOT"}},{"type":"Feature","geometry":{"type":"Point","coordinates":[-74.285166,41.354564]},"properties":{"id":"ora-ny-1851","name":"NY 17 at NY 94","state":"NY","provider":"NYSDOT","hls":"https://s7.nysdot.skyvdn.com:443/rtplive/R8_066/playlist.m3u8","snapshot":"https://511ny.org/map/Cctv/9463","refreshMs":30000,"attribution":"Ora (Warner Varnado) · NYSDOT"}},{"type":"Feature","geometry":{"type":"Point","coordinates":[-73.221827,40.812794]},"properties":{"id":"ora-ny-1852","name":"Portable Camera - PVMS AM 87LC","state":"NY","provider":"NYSDOT","hls":"https://s52.nysdot.skyvdn.com:443/rtplive/PVMS_AM87LC/playlist.m3u8","snapshot":"https://511ny.org/map/Cctv/9464","refreshMs":30000,"attribution":"Ora (Warner Varnado) · NYSDOT"}},{"type":"Feature","geometry":{"type":"Point","coordinates":[-73.221827,40.81279]},"properties":{"id":"ora-ny-1853","name":"Portable Camera - PVMS AM 88LC","state":"NY","provider":"NYSDOT","hls":"https://s52.nysdot.skyvdn.com:443/rtplive/PVMS_AM88LC/playlist.m3u8","snapshot":"https://511ny.org/map/Cctv/9465","refreshMs":30000,"attribution":"Ora (Warner Varnado) · NYSDOT"}},{"type":"Feature","geometry":{"type":"Point","coordinates":[-78.83446,42.929]},"properties":{"id":"ora-ny-1854","name":"NY 33 between Fillmore Ave and Grider St (1)","state":"NY","provider":"NYSDOT","hls":"https://s52.nysdot.skyvdn.com:443/rtplive/R5_114/playlist.m3u8","snapshot":"https://511ny.org/map/Cctv/9466","refreshMs":30000,"attribution":"Ora (Warner Varnado) · NYSDOT"}},{"type":"Feature","geometry":{"type":"Point","coordinates":[-78.83446,42.929]},"properties":{"id":"ora-ny-1855","name":"NY 33 between Fillmore Ave and Grider St (2)","state":"NY","provider":"NYSDOT","hls":"https://s52.nysdot.skyvdn.com:443/rtplive/R5_115/playlist.m3u8","snapshot":"https://511ny.org/map/Cctv/9467","refreshMs":30000,"attribution":"Ora (Warner Varnado) · NYSDOT"}},{"type":"Feature","geometry":{"type":"Point","coordinates":[-78.82311,42.92993]},"properties":{"id":"ora-ny-1856","name":"NY 33 between Grider St and Olympic Ave (1)","state":"NY","provider":"NYSDOT","hls":"https://s52.nysdot.skyvdn.com:443/rtplive/R5_116/playlist.m3u8","snapshot":"https://511ny.org/map/Cctv/9468","refreshMs":30000,"attribution":"Ora (Warner Varnado) · NYSDOT"}},{"type":"Feature","geometry":{"type":"Point","coordinates":[-78.82311,42.92992]},"properties":{"id":"ora-ny-1857","name":"NY 33 between Grider St and Olympic Ave (2)","state":"NY","provider":"NYSDOT","hls":"https://s52.nysdot.skyvdn.com:443/rtplive/R5_117/playlist.m3u8","snapshot":"https://511ny.org/map/Cctv/9469","refreshMs":30000,"attribution":"Ora (Warner Varnado) · NYSDOT"}},{"type":"Feature","geometry":{"type":"Point","coordinates":[-78.81346,42.93274]},"properties":{"id":"ora-ny-1858","name":"NY 33 between Bailey Ave and Suffolk St (1)","state":"NY","provider":"NYSDOT","hls":"https://s52.nysdot.skyvdn.com:443/rtplive/R5_118/playlist.m3u8","snapshot":"https://511ny.org/map/Cctv/9470","refreshMs":30000,"attribution":"Ora (Warner Varnado) · NYSDOT"}},{"type":"Feature","geometry":{"type":"Point","coordinates":[-78.81346,42.93273]},"properties":{"id":"ora-ny-1859","name":"NY 33 between Bailey Ave and Suffolk St (2)","state":"NY","provider":"NYSDOT","hls":"https://s52.nysdot.skyvdn.com:443/rtplive/R5_119/playlist.m3u8","snapshot":"https://511ny.org/map/Cctv/9471","refreshMs":30000,"attribution":"Ora (Warner Varnado) · NYSDOT"}},{"type":"Feature","geometry":{"type":"Point","coordinates":[-78.81053,42.93329]},"properties":{"id":"ora-ny-1860","name":"NY 33 at Suffolk St (1)","state":"NY","provider":"NYSDOT","hls":"https://s52.nysdot.skyvdn.com:443/rtplive/R5_120/playlist.m3u8","snapshot":"https://511ny.org/map/Cctv/9472","refreshMs":30000,"attribution":"Ora (Warner Varnado) · NYSDOT"}},{"type":"Feature","geometry":{"type":"Point","coordinates":[-78.81053,42.93329]},"properties":{"id":"ora-ny-1861","name":"NY 33 at Suffolk St (2)","state":"NY","provider":"NYSDOT","hls":"https://s52.nysdot.skyvdn.com:443/rtplive/R5_121/playlist.m3u8","snapshot":"https://511ny.org/map/Cctv/9473","refreshMs":30000,"attribution":"Ora (Warner Varnado) · NYSDOT"}},{"type":"Feature","geometry":{"type":"Point","coordinates":[-78.79154,42.93274]},"properties":{"id":"ora-ny-1862","name":"NY 33 between Eggert Rd and Pine Ridge Rd (1)","state":"NY","provider":"NYSDOT","hls":"https://s52.nysdot.skyvdn.com:443/rtplive/R5_122/playlist.m3u8","snapshot":"https://511ny.org/map/Cctv/9474","refreshMs":30000,"attribution":"Ora (Warner Varnado) · NYSDOT"}},{"type":"Feature","geometry":{"type":"Point","coordinates":[-78.79154,42.93275]},"properties":{"id":"ora-ny-1863","name":"NY 33 between Eggert Rd and Pine Ridge Rd (2)","state":"NY","provider":"NYSDOT","hls":"https://s52.nysdot.skyvdn.com:443/rtplive/R5_123/playlist.m3u8","snapshot":"https://511ny.org/map/Cctv/9475","refreshMs":30000,"attribution":"Ora (Warner Varnado) · NYSDOT"}}]}