{"type":"FeatureCollection","features":[{"type":"Feature","geometry":{"type":"Point","coordinates":[-82.84921,41.50557]},"properties":{"id":"ora-oh-0","name":"SR-2 at S Lightner Rd, 5060","state":"OH","provider":"Ohio DOT","hls":null,"snapshot":"https://itscameras.dot.state.oh.us:443/images/toledo/SR2-EB-WestSign.jpg","refreshMs":30000,"attribution":"Ora (Warner Varnado) · Ohio DOT"}},{"type":"Feature","geometry":{"type":"Point","coordinates":[-84.59682,39.2482]},"properties":{"id":"ora-oh-1","name":"Colerain Ave at Springdale Rd, 4389","state":"OH","provider":"Ohio DOT","hls":null,"snapshot":"https://itscameras.dot.state.oh.us:443/images/artimis/Colerain_Ave_at_Springdale.jpg","refreshMs":30000,"attribution":"Ora (Warner Varnado) · Ohio DOT"}},{"type":"Feature","geometry":{"type":"Point","coordinates":[-83.160191,40.098986]},"properties":{"id":"ora-oh-2","name":"US-33 at W of Avery Rd, 2134","state":"OH","provider":"Ohio DOT","hls":null,"snapshot":"https://itscameras.dot.state.oh.us:443/images/CMH/2134.jpg","refreshMs":30000,"attribution":"Ora (Warner Varnado) · Ohio DOT"}},{"type":"Feature","geometry":{"type":"Point","coordinates":[-82.45306,39.94731]},"properties":{"id":"ora-oh-3","name":"I-70 WB Licking county rest area, 4","state":"OH","provider":"Ohio DOT","hls":null,"snapshot":"https://itscameras.dot.state.oh.us:443/images/rest_area/I-70_Licking_WB-4.jpg","refreshMs":30000,"attribution":"Ora (Warner Varnado) · Ohio DOT"}},{"type":"Feature","geometry":{"type":"Point","coordinates":[-81.90194,41.4721]},"properties":{"id":"ora-oh-4","name":"I-90 at SR-252 / Columbia Rd, 3030","state":"OH","provider":"Ohio DOT","hls":null,"snapshot":"https://itscameras.dot.state.oh.us:443/images/CLE/CLE104.jpg","refreshMs":30000,"attribution":"Ora (Warner Varnado) · Ohio DOT"}},{"type":"Feature","geometry":{"type":"Point","coordinates":[-84.545774,39.15586]},"properties":{"id":"ora-oh-5","name":"I-74 at Elmore St, 4140","state":"OH","provider":"Ohio DOT","hls":null,"snapshot":"https://itscameras.dot.state.oh.us:443/images/artimis/CCTV140.jpg","refreshMs":30000,"attribution":"Ora (Warner Varnado) · Ohio DOT"}},{"type":"Feature","geometry":{"type":"Point","coordinates":[-84.32451,39.49228]},"properties":{"id":"ora-oh-6","name":"I-75 at SR-122, 1060","state":"OH","provider":"Ohio DOT","hls":null,"snapshot":"https://itscameras.dot.state.oh.us:443/images/Dayton/I-75_at_SR-122.jpg","refreshMs":30000,"attribution":"Ora (Warner Varnado) · Ohio DOT"}},{"type":"Feature","geometry":{"type":"Point","coordinates":[-82.45284,39.94585]},"properties":{"id":"ora-oh-7","name":"I-70 EB Licking county rest area, 8","state":"OH","provider":"Ohio DOT","hls":null,"snapshot":"https://itscameras.dot.state.oh.us/images/rest_area/I-70_Licking_EB-5.jpg","refreshMs":30000,"attribution":"Ora (Warner Varnado) · Ohio DOT"}},{"type":"Feature","geometry":{"type":"Point","coordinates":[-84.503967,39.102925]},"properties":{"id":"ora-oh-8","name":"I-71 NB, East Tunnel, North End, 4045","state":"OH","provider":"Ohio DOT","hls":null,"snapshot":"https://itscameras.dot.state.oh.us/images/artimis/CCTV045a.jpg","refreshMs":30000,"attribution":"Ora (Warner Varnado) · Ohio DOT"}},{"type":"Feature","geometry":{"type":"Point","coordinates":[-84.504149,39.102707]},"properties":{"id":"ora-oh-9","name":"I-71 SB to 3rd St Exit, Center Tunnel, North End, 4044","state":"OH","provider":"Ohio DOT","hls":null,"snapshot":"https://itscameras.dot.state.oh.us/images/artimis/CCTV044a.jpg","refreshMs":30000,"attribution":"Ora (Warner Varnado) · Ohio DOT"}},{"type":"Feature","geometry":{"type":"Point","coordinates":[-84.503854,39.100447]},"properties":{"id":"ora-oh-10","name":"I-71 SB to 3rd St Exit, Center Tunnel, South End, 4047","state":"OH","provider":"Ohio DOT","hls":null,"snapshot":"https://itscameras.dot.state.oh.us/images/artimis/CCTV047a.jpg","refreshMs":30000,"attribution":"Ora (Warner Varnado) · Ohio DOT"}},{"type":"Feature","geometry":{"type":"Point","coordinates":[-84.504299,39.102732]},"properties":{"id":"ora-oh-11","name":"I-71 SB, West Tunnel, North End, 4043","state":"OH","provider":"Ohio DOT","hls":null,"snapshot":"https://itscameras.dot.state.oh.us/images/artimis/CCTV043a.jpg","refreshMs":30000,"attribution":"Ora (Warner Varnado) · Ohio DOT"}},{"type":"Feature","geometry":{"type":"Point","coordinates":[-84.504283,39.10058]},"properties":{"id":"ora-oh-12","name":"I-71 SB, West Tunnel, South End, 4046","state":"OH","provider":"Ohio DOT","hls":null,"snapshot":"https://itscameras.dot.state.oh.us/images/artimis/CCTV046a.jpg","refreshMs":30000,"attribution":"Ora (Warner Varnado) · Ohio DOT"}},{"type":"Feature","geometry":{"type":"Point","coordinates":[-83.99372,39.86496]},"properties":{"id":"ora-oh-13","name":"I-70 at I-675, 1009","state":"OH","provider":"Ohio DOT","hls":null,"snapshot":"https://itscameras.dot.state.oh.us/images/dayton/I-70_at_I-675.jpg","refreshMs":30000,"attribution":"Ora (Warner Varnado) · Ohio DOT"}},{"type":"Feature","geometry":{"type":"Point","coordinates":[-83.511375,41.564219]},"properties":{"id":"ora-oh-14","name":"SR-795 at East Broadway St, 5064","state":"OH","provider":"Ohio DOT","hls":null,"snapshot":"https://itscameras.dot.state.oh.us/images/toledo/SR-795_at_East_Broadway_St.jpg","refreshMs":30000,"attribution":"Ora (Warner Varnado) · Ohio DOT"}},{"type":"Feature","geometry":{"type":"Point","coordinates":[-84.22726,39.71224]},"properties":{"id":"ora-oh-15","name":"I-75 at South of Dryden Rd, 1025","state":"OH","provider":"Ohio DOT","hls":null,"snapshot":"https://itscameras.dot.state.oh.us/images/Dayton/I-75_at_South_of_Dryden_Rd.jpg","refreshMs":30000,"attribution":"Ora (Warner Varnado) · Ohio DOT"}},{"type":"Feature","geometry":{"type":"Point","coordinates":[-81.44803,41.57477]},"properties":{"id":"ora-oh-16","name":"I-271 at White Rd, 3066","state":"OH","provider":"Ohio DOT","hls":null,"snapshot":"https://itscameras.dot.state.oh.us/images/CLE/CLE207-L.jpg","refreshMs":30000,"attribution":"Ora (Warner Varnado) · Ohio DOT"}},{"type":"Feature","geometry":{"type":"Point","coordinates":[-82.04856,39.94937]},"properties":{"id":"ora-oh-17","name":"US-40 at Rehl Rd, D05-019","state":"OH","provider":"Ohio DOT","hls":null,"snapshot":"https://itscameras.dot.state.oh.us/images/D05/US-40_at_Rehl_Rd.jpg","refreshMs":30000,"attribution":"Ora (Warner Varnado) · Ohio DOT"}},{"type":"Feature","geometry":{"type":"Point","coordinates":[-83.563774,41.688699]},"properties":{"id":"ora-oh-18","name":"I-75 at Berdan Ave-Haverhill Dr, 5022","state":"OH","provider":"Ohio DOT","hls":null,"snapshot":"https://itscameras.dot.state.oh.us/images/toledo/I-75_at_Berdan_Ave-Haverhill_Dr.jpg","refreshMs":30000,"attribution":"Ora (Warner Varnado) · Ohio DOT"}},{"type":"Feature","geometry":{"type":"Point","coordinates":[-84.834216,39.121895]},"properties":{"id":"ora-oh-19","name":"I-275 at US-50, Exit 16, Indiana, 4063","state":"OH","provider":"Ohio DOT","hls":null,"snapshot":"https://itscameras.dot.state.oh.us/images/artimis/CCTV063.jpg","refreshMs":30000,"attribution":"Ora (Warner Varnado) · Ohio DOT"}},{"type":"Feature","geometry":{"type":"Point","coordinates":[-84.19465,39.7708]},"properties":{"id":"ora-oh-20","name":"I-75 at Main St/SR-48, 1029","state":"OH","provider":"Ohio DOT","hls":null,"snapshot":"https://itscameras.dot.state.oh.us/images/dayton/I-75_at_Main_St.jpg","refreshMs":30000,"attribution":"Ora (Warner Varnado) · Ohio DOT"}},{"type":"Feature","geometry":{"type":"Point","coordinates":[-82.986733,39.97915]},"properties":{"id":"ora-oh-21","name":"I-670 EB at MM 4.8, E of Cleveland Ave, 2150","state":"OH","provider":"Ohio DOT","hls":null,"snapshot":"https://itscameras.dot.state.oh.us:443/images/CMH/CCTV2150.jpg","refreshMs":30000,"attribution":"Ora (Warner Varnado) · Ohio DOT"}},{"type":"Feature","geometry":{"type":"Point","coordinates":[-81.48439,41.59072]},"properties":{"id":"ora-oh-22","name":"I-90 at SR-84 / Bishop Rd, 3055","state":"OH","provider":"Ohio DOT","hls":null,"snapshot":"https://itscameras.dot.state.oh.us/images/CLE/CLE156-L.jpg","refreshMs":30000,"attribution":"Ora (Warner Varnado) · Ohio DOT"}},{"type":"Feature","geometry":{"type":"Point","coordinates":[-83.61679,41.68522]},"properties":{"id":"ora-oh-23","name":"I-475 at Monroe St, 5051","state":"OH","provider":"Ohio DOT","hls":null,"snapshot":"https://itscameras.dot.state.oh.us/images/toledo/I-475_at_Monroe_St.jpg","refreshMs":30000,"attribution":"Ora (Warner Varnado) · Ohio DOT"}},{"type":"Feature","geometry":{"type":"Point","coordinates":[-83.123973,39.921091]},"properties":{"id":"ora-oh-24","name":"(City of Columbus) Georgesville Rd at Holt Rd","state":"OH","provider":"Ohio DOT","hls":null,"snapshot":"https://itscameras.dot.state.oh.us/images/CMH/Georgesville-Holt.jpg","refreshMs":30000,"attribution":"Ora (Warner Varnado) · Ohio DOT"}},{"type":"Feature","geometry":{"type":"Point","coordinates":[-83.648072,41.17247]},"properties":{"id":"ora-oh-25","name":"I-75 at SR-18, 5069","state":"OH","provider":"Ohio DOT","hls":null,"snapshot":"https://itscameras.dot.state.oh.us/images/toledo/I-75_at_SR-18.jpg","refreshMs":30000,"attribution":"Ora (Warner Varnado) · Ohio DOT"}},{"type":"Feature","geometry":{"type":"Point","coordinates":[-81.735866,41.447909]},"properties":{"id":"ora-oh-26","name":"I-71 at Ridge Rd, 3013","state":"OH","provider":"Ohio DOT","hls":null,"snapshot":"https://itscameras.dot.state.oh.us/images/CLE/CLE051-L.jpg","refreshMs":30000,"attribution":"Ora (Warner Varnado) · Ohio DOT"}},{"type":"Feature","geometry":{"type":"Point","coordinates":[-82.08119,39.33724]},"properties":{"id":"ora-oh-27","name":"US-33 at E State Rd, D10-007","state":"OH","provider":"Ohio DOT","hls":null,"snapshot":"https://itscameras.dot.state.oh.us/images/D10/CCTV007.jpg","refreshMs":30000,"attribution":"Ora (Warner Varnado) · Ohio DOT"}},{"type":"Feature","geometry":{"type":"Point","coordinates":[-83.02022,40.05138]},"properties":{"id":"ora-oh-28","name":"(City of Columbus) High St at Henderson Rd","state":"OH","provider":"Ohio DOT","hls":null,"snapshot":"https://itscameras.dot.state.oh.us/images/CMH/High-Henderson.jpg","refreshMs":30000,"attribution":"Ora (Warner Varnado) · Ohio DOT"}},{"type":"Feature","geometry":{"type":"Point","coordinates":[-83.150138,39.976936]},"properties":{"id":"ora-oh-29","name":"I-70 at Hilliard-Rome Rd, 2123","state":"OH","provider":"Ohio DOT","hls":null,"snapshot":"https://itscameras.dot.state.oh.us/images/CMH/CMH123.jpg","refreshMs":30000,"attribution":"Ora (Warner Varnado) · Ohio DOT"}},{"type":"Feature","geometry":{"type":"Point","coordinates":[-82.8944,39.935114]},"properties":{"id":"ora-oh-30","name":"I-70 at Courtright Rd, 2103","state":"OH","provider":"Ohio DOT","hls":null,"snapshot":"https://itscameras.dot.state.oh.us/images/CMH/I-70_at_Courtright_Rd.jpg","refreshMs":30000,"attribution":"Ora (Warner Varnado) · Ohio DOT"}},{"type":"Feature","geometry":{"type":"Point","coordinates":[-81.39749,40.81122]},"properties":{"id":"ora-oh-31","name":"I-77 at 13th St, 6022","state":"OH","provider":"Ohio DOT","hls":null,"snapshot":"https://itscameras.dot.state.oh.us/images/CLE/CLE122.jpg","refreshMs":30000,"attribution":"Ora (Warner Varnado) · Ohio DOT"}},{"type":"Feature","geometry":{"type":"Point","coordinates":[-84.09798,39.69577]},"properties":{"id":"ora-oh-32","name":"I-675 at Indian Ripple Rd, 1042","state":"OH","provider":"Ohio DOT","hls":null,"snapshot":"https://itscameras.dot.state.oh.us/images/dayton/I-675_at_Indian_Ripple_Rd.jpg","refreshMs":30000,"attribution":"Ora (Warner Varnado) · Ohio DOT"}},{"type":"Feature","geometry":{"type":"Point","coordinates":[-83.621501,41.522483]},"properties":{"id":"ora-oh-33","name":"I-75 at S of I-475 (South side), 5006","state":"OH","provider":"Ohio DOT","hls":null,"snapshot":"https://itscameras.dot.state.oh.us/images/toledo/I-75_at_S_of_I-475_South_side.jpg","refreshMs":30000,"attribution":"Ora (Warner Varnado) · Ohio DOT"}},{"type":"Feature","geometry":{"type":"Point","coordinates":[-84.18565,39.772]},"properties":{"id":"ora-oh-34","name":"I-75 at SR-4, 1030","state":"OH","provider":"Ohio DOT","hls":null,"snapshot":"https://itscameras.dot.state.oh.us/images/dayton/I-75_at_SR-4.jpg","refreshMs":30000,"attribution":"Ora (Warner Varnado) · Ohio DOT"}},{"type":"Feature","geometry":{"type":"Point","coordinates":[-84.354208,39.059213]},"properties":{"id":"ora-oh-35","name":"I-275 at Five Mile Rd, 4150","state":"OH","provider":"Ohio DOT","hls":null,"snapshot":"https://itscameras.dot.state.oh.us/images/artimis/CCTV4150.jpg","refreshMs":30000,"attribution":"Ora (Warner Varnado) · Ohio DOT"}},{"type":"Feature","geometry":{"type":"Point","coordinates":[-84.23178,39.63982]},"properties":{"id":"ora-oh-36","name":"I-75 at SR-725 / Miamisburg Centerville Rd, 1023","state":"OH","provider":"Ohio DOT","hls":null,"snapshot":"https://itscameras.dot.state.oh.us/images/dayton/I-75_at_SR-725.jpg","refreshMs":30000,"attribution":"Ora (Warner Varnado) · Ohio DOT"}},{"type":"Feature","geometry":{"type":"Point","coordinates":[-83.244773,39.981417]},"properties":{"id":"ora-oh-37","name":"I-70 at E of SR-142, 2118","state":"OH","provider":"Ohio DOT","hls":null,"snapshot":"https://itscameras.dot.state.oh.us/images/CMH/CCTV2118.jpg","refreshMs":30000,"attribution":"Ora (Warner Varnado) · Ohio DOT"}},{"type":"Feature","geometry":{"type":"Point","coordinates":[-80.765663,41.828345]},"properties":{"id":"ora-oh-38","name":"I-90 at SR-11, 6070","state":"OH","provider":"Ohio DOT","hls":null,"snapshot":"https://itscameras.dot.state.oh.us/images/CLE/CCTV6070.jpg","refreshMs":30000,"attribution":"Ora (Warner Varnado) · Ohio DOT"}},{"type":"Feature","geometry":{"type":"Point","coordinates":[-81.417,41.07132]},"properties":{"id":"ora-oh-39","name":"I-76 at S Munroe Rd, 6015","state":"OH","provider":"Ohio DOT","hls":null,"snapshot":"https://itscameras.dot.state.oh.us/images/CLE/CLE098-L.jpg","refreshMs":30000,"attribution":"Ora (Warner Varnado) · Ohio DOT"}},{"type":"Feature","geometry":{"type":"Point","coordinates":[-83.02755,40.194451]},"properties":{"id":"ora-oh-40","name":"US-23 at Home Rd, 2211","state":"OH","provider":"Ohio DOT","hls":null,"snapshot":"https://itscameras.dot.state.oh.us/images/cmh/US-23_at_Home_Rd.jpg","refreshMs":30000,"attribution":"Ora (Warner Varnado) · Ohio DOT"}},{"type":"Feature","geometry":{"type":"Point","coordinates":[-83.007404,39.9968]},"properties":{"id":"ora-oh-41","name":"(City of Columbus) High St at 12th Ave","state":"OH","provider":"Ohio DOT","hls":null,"snapshot":"https://itscameras.dot.state.oh.us/images/CMH/High-Twelfth.jpg","refreshMs":30000,"attribution":"Ora (Warner Varnado) · Ohio DOT"}},{"type":"Feature","geometry":{"type":"Point","coordinates":[-81.047228,41.759117]},"properties":{"id":"ora-oh-42","name":"I-90 at SR-528, 3100","state":"OH","provider":"Ohio DOT","hls":null,"snapshot":"https://itscameras.dot.state.oh.us/images/CLE/CLE3100.jpg","refreshMs":30000,"attribution":"Ora (Warner Varnado) · Ohio DOT"}},{"type":"Feature","geometry":{"type":"Point","coordinates":[-84.552302,39.160562]},"properties":{"id":"ora-oh-43","name":"I-74 at Colerain Ave / Beekman St, 4141","state":"OH","provider":"Ohio DOT","hls":null,"snapshot":"https://itscameras.dot.state.oh.us/images/artimis/CCTV141.jpg","refreshMs":30000,"attribution":"Ora (Warner Varnado) · Ohio DOT"}},{"type":"Feature","geometry":{"type":"Point","coordinates":[-84.23741,39.19444]},"properties":{"id":"ora-oh-44","name":"SR-28 at Old 28 East, 4343","state":"OH","provider":"Ohio DOT","hls":null,"snapshot":"https://itscameras.dot.state.oh.us/images/artimis/SR-28_at_Old_28.jpg","refreshMs":30000,"attribution":"Ora (Warner Varnado) · Ohio DOT"}},{"type":"Feature","geometry":{"type":"Point","coordinates":[-83.941918,39.485529]},"properties":{"id":"ora-oh-45","name":"I-71 at SR-73, 4154","state":"OH","provider":"Ohio DOT","hls":null,"snapshot":"https://itscameras.dot.state.oh.us/images/artimis/CCTV4154.jpg","refreshMs":30000,"attribution":"Ora (Warner Varnado) · Ohio DOT"}},{"type":"Feature","geometry":{"type":"Point","coordinates":[-82.950081,39.980742]},"properties":{"id":"ora-oh-46","name":"I-670 EB at MM 6.8, E of Sunbury Rd, 2164","state":"OH","provider":"Ohio DOT","hls":null,"snapshot":"https://itscameras.dot.state.oh.us:443/images/CMH/CCTV2164.jpg","refreshMs":30000,"attribution":"Ora (Warner Varnado) · Ohio DOT"}},{"type":"Feature","geometry":{"type":"Point","coordinates":[-81.62685,41.22939]},"properties":{"id":"ora-oh-47","name":"I-77 at I-271, 3018","state":"OH","provider":"Ohio DOT","hls":null,"snapshot":"https://itscameras.dot.state.oh.us/images/CLE/CLE183-L.jpg","refreshMs":30000,"attribution":"Ora (Warner Varnado) · Ohio DOT"}},{"type":"Feature","geometry":{"type":"Point","coordinates":[-82.93746,39.938025]},"properties":{"id":"ora-oh-48","name":"I-70 at W of US-33, 2119","state":"OH","provider":"Ohio DOT","hls":null,"snapshot":"https://itscameras.dot.state.oh.us/images/CMH/CCTV2119.jpg","refreshMs":30000,"attribution":"Ora (Warner Varnado) · Ohio DOT"}},{"type":"Feature","geometry":{"type":"Point","coordinates":[-81.65558,41.44742]},"properties":{"id":"ora-oh-49","name":"I-77 at Harvard Ave, 3023","state":"OH","provider":"Ohio DOT","hls":null,"snapshot":"https://itscameras.dot.state.oh.us/images/CLE/CLE075-L.jpg","refreshMs":30000,"attribution":"Ora (Warner Varnado) · Ohio DOT"}},{"type":"Feature","geometry":{"type":"Point","coordinates":[-84.483324,39.174063]},"properties":{"id":"ora-oh-50","name":"SR-562 at East of I-75, 4113","state":"OH","provider":"Ohio DOT","hls":null,"snapshot":"https://itscameras.dot.state.oh.us/images/artimis/SR-562_at_East_of_I-75.jpg","refreshMs":30000,"attribution":"Ora (Warner Varnado) · Ohio DOT"}},{"type":"Feature","geometry":{"type":"Point","coordinates":[-81.64795,39.2848]},"properties":{"id":"ora-oh-51","name":"SR-7/SR-32 at US-50, D10-008","state":"OH","provider":"Ohio DOT","hls":null,"snapshot":"https://itscameras.dot.state.oh.us:443/images/D10/D10-008.jpg","refreshMs":30000,"attribution":"Ora (Warner Varnado) · Ohio DOT"}},{"type":"Feature","geometry":{"type":"Point","coordinates":[-83.515462,41.688325]},"properties":{"id":"ora-oh-52","name":"I-280 at I-75, E Manhattan Blvd, 5038","state":"OH","provider":"Ohio DOT","hls":null,"snapshot":"https://itscameras.dot.state.oh.us/images/toledo/I-280_at_Manhattan_Blvd.jpg","refreshMs":30000,"attribution":"Ora (Warner Varnado) · Ohio DOT"}},{"type":"Feature","geometry":{"type":"Point","coordinates":[-81.67408,41.49739]},"properties":{"id":"ora-oh-53","name":"I-90 at E 22nd St, 3043","state":"OH","provider":"Ohio DOT","hls":null,"snapshot":"https://itscameras.dot.state.oh.us/images/CLE/CLE131-L.jpg","refreshMs":30000,"attribution":"Ora (Warner Varnado) · Ohio DOT"}},{"type":"Feature","geometry":{"type":"Point","coordinates":[-83.69361,41.67586]},"properties":{"id":"ora-oh-54","name":"I-475 at US-20 / SR-120 / W Central Ave, 5046","state":"OH","provider":"Ohio DOT","hls":null,"snapshot":"https://itscameras.dot.state.oh.us/images/toledo/I-475_at_US-20.jpg","refreshMs":30000,"attribution":"Ora (Warner Varnado) · Ohio DOT"}},{"type":"Feature","geometry":{"type":"Point","coordinates":[-81.78124,41.4203]},"properties":{"id":"ora-oh-55","name":"I-480 at W 130th St, 3069","state":"OH","provider":"Ohio DOT","hls":null,"snapshot":"https://itscameras.dot.state.oh.us/images/CLE/CLE216-L.jpg","refreshMs":30000,"attribution":"Ora (Warner Varnado) · Ohio DOT"}},{"type":"Feature","geometry":{"type":"Point","coordinates":[-83.4597,41.55895]},"properties":{"id":"ora-oh-56","name":"I-280 at SR-795/Moline-Martin Rd, 5030","state":"OH","provider":"Ohio DOT","hls":null,"snapshot":"https://itscameras.dot.state.oh.us:443/images/toledo/I-280_at_SR-795.jpg","refreshMs":30000,"attribution":"Ora (Warner Varnado) · Ohio DOT"}},{"type":"Feature","geometry":{"type":"Point","coordinates":[-84.23047,39.68059]},"properties":{"id":"ora-oh-57","name":"I-75 at Dixie Highway, 1024","state":"OH","provider":"Ohio DOT","hls":null,"snapshot":"https://itscameras.dot.state.oh.us/images/dayton/I-75_at_Dixie_Highway.jpg","refreshMs":30000,"attribution":"Ora (Warner Varnado) · Ohio DOT"}},{"type":"Feature","geometry":{"type":"Point","coordinates":[-83.03299,40.2137]},"properties":{"id":"ora-oh-58","name":"US-23 at Hyatts Rd/Shanahan Rd, 2212","state":"OH","provider":"Ohio DOT","hls":null,"snapshot":"https://itscameras.dot.state.oh.us/images/cmh/US-23_at_Hyatts-Shanahan.jpg","refreshMs":30000,"attribution":"Ora (Warner Varnado) · Ohio DOT"}},{"type":"Feature","geometry":{"type":"Point","coordinates":[-82.984473,39.993773]},"properties":{"id":"ora-oh-59","name":"(City of Columbus) I-71 NB ramp at 11th Ave","state":"OH","provider":"Ohio DOT","hls":null,"snapshot":"https://itscameras.dot.state.oh.us/images/CMH/I-71NB-Eleventh.jpg","refreshMs":30000,"attribution":"Ora (Warner Varnado) · Ohio DOT"}},{"type":"Feature","geometry":{"type":"Point","coordinates":[-81.81784,41.40382]},"properties":{"id":"ora-oh-60","name":"I-71 at Snow Rd, 3006","state":"OH","provider":"Ohio DOT","hls":null,"snapshot":"https://itscameras.dot.state.oh.us/images/CLE/CLE035.jpg","refreshMs":30000,"attribution":"Ora (Warner Varnado) · Ohio DOT"}},{"type":"Feature","geometry":{"type":"Point","coordinates":[-83.120662,40.015707]},"properties":{"id":"ora-oh-61","name":"I-270 at N of Roberts Rd, 2113","state":"OH","provider":"Ohio DOT","hls":null,"snapshot":"https://itscameras.dot.state.oh.us/images/CMH/I-270_at_N_of_Roberts_Rd.jpg","refreshMs":30000,"attribution":"Ora (Warner Varnado) · Ohio DOT"}},{"type":"Feature","geometry":{"type":"Point","coordinates":[-81.478309,41.181153]},"properties":{"id":"ora-oh-62","name":"SR-8 at E Steels Corners Rd, 6061","state":"OH","provider":"Ohio DOT","hls":null,"snapshot":"https://itscameras.dot.state.oh.us/images/CLE/CLE038-L.jpg","refreshMs":30000,"attribution":"Ora (Warner Varnado) · Ohio DOT"}},{"type":"Feature","geometry":{"type":"Point","coordinates":[-82.814275,39.982907]},"properties":{"id":"ora-oh-63","name":"(City of Columbus) Broad St at Reynoldsburg - New Albany Rd","state":"OH","provider":"Ohio DOT","hls":null,"snapshot":"https://itscameras.dot.state.oh.us/images/CMH/Broad-RNA.jpg","refreshMs":30000,"attribution":"Ora (Warner Varnado) · Ohio DOT"}},{"type":"Feature","geometry":{"type":"Point","coordinates":[-82.04804,39.3315]},"properties":{"id":"ora-oh-64","name":"US-50 at E of US-33, D10-005","state":"OH","provider":"Ohio DOT","hls":null,"snapshot":"https://itscameras.dot.state.oh.us:443/images/D10/D10-005.jpg","refreshMs":30000,"attribution":"Ora (Warner Varnado) · Ohio DOT"}},{"type":"Feature","geometry":{"type":"Point","coordinates":[-82.16118,41.38979]},"properties":{"id":"ora-oh-65","name":"I-90 at I-80 Turnpike, 3028","state":"OH","provider":"Ohio DOT","hls":null,"snapshot":"https://itscameras.dot.state.oh.us/images/CLE/CLE101.jpg","refreshMs":30000,"attribution":"Ora (Warner Varnado) · Ohio DOT"}},{"type":"Feature","geometry":{"type":"Point","coordinates":[-82.95453,39.980706]},"properties":{"id":"ora-oh-66","name":"I-670 EB at MM 6.5, E of Leonard Ave, 2161","state":"OH","provider":"Ohio DOT","hls":null,"snapshot":"https://itscameras.dot.state.oh.us:443/images/CMH/CCTV2161.jpg","refreshMs":30000,"attribution":"Ora (Warner Varnado) · Ohio DOT"}},{"type":"Feature","geometry":{"type":"Point","coordinates":[-81.69323,41.47328]},"properties":{"id":"ora-oh-67","name":"I-71 at I-90 / I-490, 3017","state":"OH","provider":"Ohio DOT","hls":null,"snapshot":"https://itscameras.dot.state.oh.us/images/CLE/CLE127-L.jpg","refreshMs":30000,"attribution":"Ora (Warner Varnado) · Ohio DOT"}},{"type":"Feature","geometry":{"type":"Point","coordinates":[-83.09338,40.064819]},"properties":{"id":"ora-oh-68","name":"(City of Columbus) Bethel Rd at Sawmill Rd","state":"OH","provider":"Ohio DOT","hls":null,"snapshot":"https://itscameras.dot.state.oh.us/images/CMH/bethel-sawmill.jpg","refreshMs":30000,"attribution":"Ora (Warner Varnado) · Ohio DOT"}},{"type":"Feature","geometry":{"type":"Point","coordinates":[-84.075974,40.755796]},"properties":{"id":"ora-oh-69","name":"I-75 at SR-81, D01-012","state":"OH","provider":"Ohio DOT","hls":null,"snapshot":"https://itscameras.dot.state.oh.us/images/D01/CCTV012.jpg","refreshMs":30000,"attribution":"Ora (Warner Varnado) · Ohio DOT"}},{"type":"Feature","geometry":{"type":"Point","coordinates":[-81.768125,41.466713]},"properties":{"id":"ora-oh-70","name":"I-90 at W 117th St, 3036","state":"OH","provider":"Ohio DOT","hls":null,"snapshot":"https://itscameras.dot.state.oh.us/images/CLE/CLE116-L.jpg","refreshMs":30000,"attribution":"Ora (Warner Varnado) · Ohio DOT"}},{"type":"Feature","geometry":{"type":"Point","coordinates":[-83.62183,41.47741]},"properties":{"id":"ora-oh-71","name":"I-75 at Dowling Rd, 5005","state":"OH","provider":"Ohio DOT","hls":null,"snapshot":"https://itscameras.dot.state.oh.us/images/toledo/I-75_at_Dowling_Rd.jpg","refreshMs":30000,"attribution":"Ora (Warner Varnado) · Ohio DOT"}},{"type":"Feature","geometry":{"type":"Point","coordinates":[-81.398287,40.801972]},"properties":{"id":"ora-oh-72","name":"I-77 at 4th St, 6021","state":"OH","provider":"Ohio DOT","hls":null,"snapshot":"https://itscameras.dot.state.oh.us/images/CLE/CLE120a.jpg","refreshMs":30000,"attribution":"Ora (Warner Varnado) · Ohio DOT"}},{"type":"Feature","geometry":{"type":"Point","coordinates":[-84.183595,39.788843]},"properties":{"id":"ora-oh-73","name":"I-75 at Stanley Ave, 1031","state":"OH","provider":"Ohio DOT","hls":null,"snapshot":"https://itscameras.dot.state.oh.us/images/dayton/I-75_at_Stanley_Ave.jpg","refreshMs":30000,"attribution":"Ora (Warner Varnado) · Ohio DOT"}},{"type":"Feature","geometry":{"type":"Point","coordinates":[-83.46292,41.52403]},"properties":{"id":"ora-oh-74","name":"SR-420/I-280 at I-80/I-90/Ohio Turnpike, 5029","state":"OH","provider":"Ohio DOT","hls":null,"snapshot":"https://itscameras.dot.state.oh.us/images/toledo/I-280_at_OH_Turnpike.jpg","refreshMs":30000,"attribution":"Ora (Warner Varnado) · Ohio DOT"}},{"type":"Feature","geometry":{"type":"Point","coordinates":[-84.14718,40.7618]},"properties":{"id":"ora-oh-75","name":"SR-309 at N Cable Rd, D01-018","state":"OH","provider":"Ohio DOT","hls":null,"snapshot":"https://itscameras.dot.state.oh.us:443/images/D01/SR309-Cable.jpg","refreshMs":30000,"attribution":"Ora (Warner Varnado) · Ohio DOT"}},{"type":"Feature","geometry":{"type":"Point","coordinates":[-84.410276,39.857163]},"properties":{"id":"ora-oh-76","name":"I-70 at Brookville Phillipsburg Rd, 1070","state":"OH","provider":"Ohio DOT","hls":null,"snapshot":"https://itscameras.dot.state.oh.us/images/dayton/CCTV1070.jpg","refreshMs":30000,"attribution":"Ora (Warner Varnado) · Ohio DOT"}},{"type":"Feature","geometry":{"type":"Point","coordinates":[-83.056797,40.06367]},"properties":{"id":"ora-oh-77","name":"(City of Columbus) Bethel Rd at Godown Rd","state":"OH","provider":"Ohio DOT","hls":null,"snapshot":"https://itscameras.dot.state.oh.us/images/CMH/bethel-godown.jpg","refreshMs":30000,"attribution":"Ora (Warner Varnado) · Ohio DOT"}},{"type":"Feature","geometry":{"type":"Point","coordinates":[-83.48291,41.55736]},"properties":{"id":"ora-oh-78","name":"SR-795 at Cummings Rd, 5066","state":"OH","provider":"Ohio DOT","hls":null,"snapshot":"https://itscameras.dot.state.oh.us/images/toledo/SR-795_at_Cummings_Rd.jpg","refreshMs":30000,"attribution":"Ora (Warner Varnado) · Ohio DOT"}},{"type":"Feature","geometry":{"type":"Point","coordinates":[-82.929993,39.996864]},"properties":{"id":"ora-oh-79","name":"I-670 EB at MM 8.5, Cassady Ave, 2173","state":"OH","provider":"Ohio DOT","hls":null,"snapshot":"https://itscameras.dot.state.oh.us:443/images/CMH/CCTV2173.jpg","refreshMs":30000,"attribution":"Ora (Warner Varnado) · Ohio DOT"}},{"type":"Feature","geometry":{"type":"Point","coordinates":[-82.971877,40.124617]},"properties":{"id":"ora-oh-80","name":"I-71 at Park Rd, 2110","state":"OH","provider":"Ohio DOT","hls":null,"snapshot":"https://itscameras.dot.state.oh.us/images/CMH/I-71_at_Park_Rd.jpg","refreshMs":30000,"attribution":"Ora (Warner Varnado) · Ohio DOT"}},{"type":"Feature","geometry":{"type":"Point","coordinates":[-81.42821,40.90702]},"properties":{"id":"ora-oh-81","name":"I-77 at Mt Pleasant St, 6027","state":"OH","provider":"Ohio DOT","hls":null,"snapshot":"https://itscameras.dot.state.oh.us/images/CLE/CLE136a-L.jpg","refreshMs":30000,"attribution":"Ora (Warner Varnado) · Ohio DOT"}},{"type":"Feature","geometry":{"type":"Point","coordinates":[-83.02588,39.998535]},"properties":{"id":"ora-oh-82","name":"(City of Columbus) Olentangy River Rd at John Herrick Dr","state":"OH","provider":"Ohio DOT","hls":null,"snapshot":"https://itscameras.dot.state.oh.us/images/CMH/Olentangy-JohnHerrick.jpg","refreshMs":30000,"attribution":"Ora (Warner Varnado) · Ohio DOT"}},{"type":"Feature","geometry":{"type":"Point","coordinates":[-80.68846,41.120888]},"properties":{"id":"ora-oh-83","name":"SR-711 at East of I-680, 6073","state":"OH","provider":"Ohio DOT","hls":null,"snapshot":"https://itscameras.dot.state.oh.us/images/CLE/CLE6073.jpg","refreshMs":30000,"attribution":"Ora (Warner Varnado) · Ohio DOT"}},{"type":"Feature","geometry":{"type":"Point","coordinates":[-83.00362,39.95706]},"properties":{"id":"ora-oh-84","name":"(City of Columbus) Civic Center Dr at Rich St","state":"OH","provider":"Ohio DOT","hls":null,"snapshot":"https://itscameras.dot.state.oh.us/images/CMH/CivicCtr-Rich.jpg","refreshMs":30000,"attribution":"Ora (Warner Varnado) · Ohio DOT"}},{"type":"Feature","geometry":{"type":"Point","coordinates":[-84.534095,39.139512]},"properties":{"id":"ora-oh-85","name":"I-75 at N of Hopple St, 4017","state":"OH","provider":"Ohio DOT","hls":null,"snapshot":"https://itscameras.dot.state.oh.us/images/artimis/I-75_N_of_Hopple.jpg","refreshMs":30000,"attribution":"Ora (Warner Varnado) · Ohio DOT"}},{"type":"Feature","geometry":{"type":"Point","coordinates":[-82.485885,39.944527]},"properties":{"id":"ora-oh-86","name":"I-70 at SR-79 (Buckeye Lake), 96","state":"OH","provider":"Ohio DOT","hls":null,"snapshot":"https://itscameras.dot.state.oh.us/images/CMH/RWIS_D06-1.jpg","refreshMs":30000,"attribution":"Ora (Warner Varnado) · Ohio DOT"}},{"type":"Feature","geometry":{"type":"Point","coordinates":[-83.603285,41.550511]},"properties":{"id":"ora-oh-87","name":"I-75 at US-20/US-23, 5008","state":"OH","provider":"Ohio DOT","hls":null,"snapshot":"https://itscameras.dot.state.oh.us/images/toledo/I-75_at_US-20_US-23.jpg","refreshMs":30000,"attribution":"Ora (Warner Varnado) · Ohio DOT"}},{"type":"Feature","geometry":{"type":"Point","coordinates":[-81.82675,41.42028]},"properties":{"id":"ora-oh-88","name":"I-480 at SR-237, 3068","state":"OH","provider":"Ohio DOT","hls":null,"snapshot":"https://itscameras.dot.state.oh.us/images/CLE/CLE214.jpg","refreshMs":30000,"attribution":"Ora (Warner Varnado) · Ohio DOT"}},{"type":"Feature","geometry":{"type":"Point","coordinates":[-81.63747,41.039258]},"properties":{"id":"ora-oh-89","name":"I-76 at Cleveland Massillon Rd, 6074","state":"OH","provider":"Ohio DOT","hls":null,"snapshot":"https://itscameras.dot.state.oh.us/images/CLE/CCTV6074.jpg","refreshMs":30000,"attribution":"Ora (Warner Varnado) · Ohio DOT"}},{"type":"Feature","geometry":{"type":"Point","coordinates":[-84.06219,39.72248]},"properties":{"id":"ora-oh-90","name":"US-35 at SR-835 / Research Blvd, 1055","state":"OH","provider":"Ohio DOT","hls":null,"snapshot":"https://itscameras.dot.state.oh.us/images/dayton/US-35_at_SR-835_Research_Blvd.jpg","refreshMs":30000,"attribution":"Ora (Warner Varnado) · Ohio DOT"}},{"type":"Feature","geometry":{"type":"Point","coordinates":[-81.504079,41.079871]},"properties":{"id":"ora-oh-91","name":"SR-8 at SR-18 / E Market St, 6052","state":"OH","provider":"Ohio DOT","hls":null,"snapshot":"https://itscameras.dot.state.oh.us/images/CLE/CLE018-L.jpg","refreshMs":30000,"attribution":"Ora (Warner Varnado) · Ohio DOT"}},{"type":"Feature","geometry":{"type":"Point","coordinates":[-81.75607,41.46808]},"properties":{"id":"ora-oh-92","name":"I-90 at West Blvd, 3037","state":"OH","provider":"Ohio DOT","hls":null,"snapshot":"https://itscameras.dot.state.oh.us/images/CLE/CLE118-L.jpg","refreshMs":30000,"attribution":"Ora (Warner Varnado) · Ohio DOT"}},{"type":"Feature","geometry":{"type":"Point","coordinates":[-81.59644,41.55461]},"properties":{"id":"ora-oh-93","name":"I-90 at E of SR-283 / Eddy Rd, 3049","state":"OH","provider":"Ohio DOT","hls":null,"snapshot":"https://itscameras.dot.state.oh.us/images/CLE/CLE142-L.jpg","refreshMs":30000,"attribution":"Ora (Warner Varnado) · Ohio DOT"}},{"type":"Feature","geometry":{"type":"Point","coordinates":[-81.263541,41.6627]},"properties":{"id":"ora-oh-94","name":"I-90 at Hermitage Rd, 3093","state":"OH","provider":"Ohio DOT","hls":null,"snapshot":"https://itscameras.dot.state.oh.us/images/CLE/I-90_at_Hermitage_Rd.jpg","refreshMs":30000,"attribution":"Ora (Warner Varnado) · Ohio DOT"}},{"type":"Feature","geometry":{"type":"Point","coordinates":[-81.43084,40.86973]},"properties":{"id":"ora-oh-95","name":"I-77 at Dressler Rd, 6026","state":"OH","provider":"Ohio DOT","hls":null,"snapshot":"https://itscameras.dot.state.oh.us/images/CLE/CLE132a-L.jpg","refreshMs":30000,"attribution":"Ora (Warner Varnado) · Ohio DOT"}},{"type":"Feature","geometry":{"type":"Point","coordinates":[-81.549607,41.031722]},"properties":{"id":"ora-oh-96","name":"I-277 at W Waterloo Rd, 6049","state":"OH","provider":"Ohio DOT","hls":null,"snapshot":"https://itscameras.dot.state.oh.us/images/CLE/CLE206-L.jpg","refreshMs":30000,"attribution":"Ora (Warner Varnado) · Ohio DOT"}},{"type":"Feature","geometry":{"type":"Point","coordinates":[-84.0903,40.69864]},"properties":{"id":"ora-oh-97","name":"I-75 at SR-65 / St. Johns Rd, 108","state":"OH","provider":"Ohio DOT","hls":null,"snapshot":"https://itscameras.dot.state.oh.us:443/images/D01/I-75_at_SR-65_St_Johns_Rd.jpg","refreshMs":30000,"attribution":"Ora (Warner Varnado) · Ohio DOT"}},{"type":"Feature","geometry":{"type":"Point","coordinates":[-83.107233,39.987458]},"properties":{"id":"ora-oh-98","name":"(City of Columbus) Trabue Rd at Wilson Rd","state":"OH","provider":"Ohio DOT","hls":null,"snapshot":"https://itscameras.dot.state.oh.us/images/CMH/Trabue-Wilson.jpg","refreshMs":30000,"attribution":"Ora (Warner Varnado) · Ohio DOT"}},{"type":"Feature","geometry":{"type":"Point","coordinates":[-81.99423,41.37959]},"properties":{"id":"ora-oh-99","name":"I-480 at I-80 (West), 3067","state":"OH","provider":"Ohio DOT","hls":null,"snapshot":"https://itscameras.dot.state.oh.us/images/CLE/CLE094.jpg","refreshMs":30000,"attribution":"Ora (Warner Varnado) · Ohio DOT"}},{"type":"Feature","geometry":{"type":"Point","coordinates":[-84.207871,39.727716]},"properties":{"id":"ora-oh-100","name":"I-75 at Carillon Blvd, 1026","state":"OH","provider":"Ohio DOT","hls":null,"snapshot":"https://itscameras.dot.state.oh.us/images/Dayton/I-75_at_Carillon_Blvd.jpg","refreshMs":30000,"attribution":"Ora (Warner Varnado) · Ohio DOT"}},{"type":"Feature","geometry":{"type":"Point","coordinates":[-82.880821,39.915721]},"properties":{"id":"ora-oh-101","name":"(City of Columbus) Hamilton Rd at Refugee Rd","state":"OH","provider":"Ohio DOT","hls":null,"snapshot":"https://itscameras.dot.state.oh.us/images/CMH/Hamilton-Refugee.jpg","refreshMs":30000,"attribution":"Ora (Warner Varnado) · Ohio DOT"}},{"type":"Feature","geometry":{"type":"Point","coordinates":[-84.06155,40.73065]},"properties":{"id":"ora-oh-102","name":"SR-309 at Lost Creek Blvd, D01-021","state":"OH","provider":"Ohio DOT","hls":null,"snapshot":"https://itscameras.dot.state.oh.us:443/images/D01/SR-309_at_Lost_Creek.jpg","refreshMs":30000,"attribution":"Ora (Warner Varnado) · Ohio DOT"}},{"type":"Feature","geometry":{"type":"Point","coordinates":[-84.28895,39.74627]},"properties":{"id":"ora-oh-103","name":"US-35 at W 3rd St, 1047","state":"OH","provider":"Ohio DOT","hls":null,"snapshot":"https://itscameras.dot.state.oh.us/images/dayton/US-35_at_W_3rd_St.jpg","refreshMs":30000,"attribution":"Ora (Warner Varnado) · Ohio DOT"}},{"type":"Feature","geometry":{"type":"Point","coordinates":[-81.415,40.85464]},"properties":{"id":"ora-oh-104","name":"I-77 at Belden Village St, 6024","state":"OH","provider":"Ohio DOT","hls":null,"snapshot":"https://itscameras.dot.state.oh.us/images/CLE/CLE128a-L.jpg","refreshMs":30000,"attribution":"Ora (Warner Varnado) · Ohio DOT"}},{"type":"Feature","geometry":{"type":"Point","coordinates":[-81.619184,41.039421]},"properties":{"id":"ora-oh-105","name":"I-76 at Clark Mill Rd, 6075","state":"OH","provider":"Ohio DOT","hls":null,"snapshot":"https://itscameras.dot.state.oh.us/images/CLE/CCTV6075.jpg","refreshMs":30000,"attribution":"Ora (Warner Varnado) · Ohio DOT"}},{"type":"Feature","geometry":{"type":"Point","coordinates":[-84.800388,39.828377]},"properties":{"id":"ora-oh-106","name":"I-70 at Ohio/Indiana Line, 1063","state":"OH","provider":"Ohio DOT","hls":null,"snapshot":"https://itscameras.dot.state.oh.us/images/dayton/I-70_at_OHio-Indiana_Line.jpg","refreshMs":30000,"attribution":"Ora (Warner Varnado) · Ohio DOT"}},{"type":"Feature","geometry":{"type":"Point","coordinates":[-83.022566,39.984102]},"properties":{"id":"ora-oh-107","name":"(City of Columbus) Olentangy River Rd at Third Ave","state":"OH","provider":"Ohio DOT","hls":null,"snapshot":"https://itscameras.dot.state.oh.us/images/CMH/Olentangy-Third.jpg","refreshMs":30000,"attribution":"Ora (Warner Varnado) · Ohio DOT"}},{"type":"Feature","geometry":{"type":"Point","coordinates":[-81.88182,41.47556]},"properties":{"id":"ora-oh-108","name":"I-90 at Clague Rd, 3031","state":"OH","provider":"Ohio DOT","hls":null,"snapshot":"https://itscameras.dot.state.oh.us/images/CLE/CLE106-L.jpg","refreshMs":30000,"attribution":"Ora (Warner Varnado) · Ohio DOT"}},{"type":"Feature","geometry":{"type":"Point","coordinates":[-83.576939,41.572566]},"properties":{"id":"ora-oh-109","name":"I-75 at N of I-80/90 (Ohio Turnpike), 5010","state":"OH","provider":"Ohio DOT","hls":null,"snapshot":"https://itscameras.dot.state.oh.us/images/toledo/I-75_at_N_of_OH_Turnpike.jpg","refreshMs":30000,"attribution":"Ora (Warner Varnado) · Ohio DOT"}},{"type":"Feature","geometry":{"type":"Point","coordinates":[-84.586921,39.222944]},"properties":{"id":"ora-oh-110","name":"US-27 / Colerain Ave at South of SR-126, 4388","state":"OH","provider":"Ohio DOT","hls":null,"snapshot":"https://itscameras.dot.state.oh.us/images/artimis/US-27_at_Colerain_Crossings.jpg","refreshMs":30000,"attribution":"Ora (Warner Varnado) · Ohio DOT"}},{"type":"Feature","geometry":{"type":"Point","coordinates":[-82.978259,40.032027]},"properties":{"id":"ora-oh-111","name":"(City of Columbus) Karl Rd at Oakland Park Ave","state":"OH","provider":"Ohio DOT","hls":null,"snapshot":"https://itscameras.dot.state.oh.us/images/CMH/Karl-OaklandPark.jpg","refreshMs":30000,"attribution":"Ora (Warner Varnado) · Ohio DOT"}},{"type":"Feature","geometry":{"type":"Point","coordinates":[-82.017046,39.947557]},"properties":{"id":"ora-oh-112","name":"I-70 at State St, D05-004","state":"OH","provider":"Ohio DOT","hls":null,"snapshot":"https://itscameras.dot.state.oh.us/images/D05/D05-004.jpg","refreshMs":30000,"attribution":"Ora (Warner Varnado) · Ohio DOT"}},{"type":"Feature","geometry":{"type":"Point","coordinates":[-84.464015,39.837847]},"properties":{"id":"ora-oh-113","name":"I-70 at Number 9 Rd, 1068","state":"OH","provider":"Ohio DOT","hls":null,"snapshot":"https://itscameras.dot.state.oh.us/images/Dayton/CCTV1068.jpg","refreshMs":30000,"attribution":"Ora (Warner Varnado) · Ohio DOT"}},{"type":"Feature","geometry":{"type":"Point","coordinates":[-84.439094,39.157835]},"properties":{"id":"ora-oh-114","name":"I-71 at Robertson Ave, 4080","state":"OH","provider":"Ohio DOT","hls":null,"snapshot":"https://itscameras.dot.state.oh.us/images/artimis/CCTV080a.jpg","refreshMs":30000,"attribution":"Ora (Warner Varnado) · Ohio DOT"}},{"type":"Feature","geometry":{"type":"Point","coordinates":[-84.387717,39.225098]},"properties":{"id":"ora-oh-115","name":"SR-126 at E of Plainfield Rd, 4159","state":"OH","provider":"Ohio DOT","hls":null,"snapshot":"https://itscameras.dot.state.oh.us/images/artimis/CCTV4159.jpg","refreshMs":30000,"attribution":"Ora (Warner Varnado) · Ohio DOT"}},{"type":"Feature","geometry":{"type":"Point","coordinates":[-84.30298,39.07006]},"properties":{"id":"ora-oh-116","name":"SR-125 at Mt. Carmel/Tobasco Rd, 4331","state":"OH","provider":"Ohio DOT","hls":null,"snapshot":"https://itscameras.dot.state.oh.us/images/artimis/tobasco115.jpg","refreshMs":30000,"attribution":"Ora (Warner Varnado) · Ohio DOT"}},{"type":"Feature","geometry":{"type":"Point","coordinates":[-81.201457,41.693076]},"properties":{"id":"ora-oh-117","name":"I-90 at SR-86, 3087","state":"OH","provider":"Ohio DOT","hls":null,"snapshot":"https://itscameras.dot.state.oh.us/images/CLE/I-90_at_SR-86.jpg","refreshMs":30000,"attribution":"Ora (Warner Varnado) · Ohio DOT"}},{"type":"Feature","geometry":{"type":"Point","coordinates":[-81.6501,41.43881]},"properties":{"id":"ora-oh-118","name":"I-77 at Grant Ave, 3022","state":"OH","provider":"Ohio DOT","hls":null,"snapshot":"https://itscameras.dot.state.oh.us/images/CLE/CLE073-L.jpg","refreshMs":30000,"attribution":"Ora (Warner Varnado) · Ohio DOT"}},{"type":"Feature","geometry":{"type":"Point","coordinates":[-82.914675,40.006071]},"properties":{"id":"ora-oh-119","name":"I-670 EB at MM 9.4, West of Stelzer Rd, 2178","state":"OH","provider":"Ohio DOT","hls":null,"snapshot":"https://itscameras.dot.state.oh.us:443/images/CMH/CCTV2178.jpg","refreshMs":30000,"attribution":"Ora (Warner Varnado) · Ohio DOT"}},{"type":"Feature","geometry":{"type":"Point","coordinates":[-83.119073,39.910469]},"properties":{"id":"ora-oh-120","name":"(City of Columbus) Alkire Rd at Holt Rd","state":"OH","provider":"Ohio DOT","hls":null,"snapshot":"https://itscameras.dot.state.oh.us:443/images/CMH/Alkire-Holt.jpg","refreshMs":30000,"attribution":"Ora (Warner Varnado) · Ohio DOT"}},{"type":"Feature","geometry":{"type":"Point","coordinates":[-81.868681,41.424294]},"properties":{"id":"ora-oh-121","name":"I-480 at W 220th St, 3088","state":"OH","provider":"Ohio DOT","hls":null,"snapshot":"https://itscameras.dot.state.oh.us/images/CLE/I-480_at_W_220th_St.jpg","refreshMs":30000,"attribution":"Ora (Warner Varnado) · Ohio DOT"}},{"type":"Feature","geometry":{"type":"Point","coordinates":[-82.970081,40.149976]},"properties":{"id":"ora-oh-122","name":"I-71 at Gemini Place, 2093","state":"OH","provider":"Ohio DOT","hls":null,"snapshot":"https://itscameras.dot.state.oh.us/images/CMH/CMH093.jpg","refreshMs":30000,"attribution":"Ora (Warner Varnado) · Ohio DOT"}},{"type":"Feature","geometry":{"type":"Point","coordinates":[-84.19929,39.631]},"properties":{"id":"ora-oh-123","name":"SR-725 at Yankee St, 1104","state":"OH","provider":"Ohio DOT","hls":null,"snapshot":"https://itscameras.dot.state.oh.us/images/dayton/SR-725_Yankee_SW.jpg","refreshMs":30000,"attribution":"Ora (Warner Varnado) · Ohio DOT"}},{"type":"Feature","geometry":{"type":"Point","coordinates":[-81.114295,41.728096]},"properties":{"id":"ora-oh-124","name":"I-90 at Baker Rd, 3099","state":"OH","provider":"Ohio DOT","hls":null,"snapshot":"https://itscameras.dot.state.oh.us/images/CLE/CLE099.jpg","refreshMs":30000,"attribution":"Ora (Warner Varnado) · Ohio DOT"}},{"type":"Feature","geometry":{"type":"Point","coordinates":[-81.50524,41.02999]},"properties":{"id":"ora-oh-125","name":"I-77 N of I-277 / Waterloo Rd, 6034","state":"OH","provider":"Ohio DOT","hls":null,"snapshot":"https://itscameras.dot.state.oh.us/images/CLE/CLE158a-L.jpg","refreshMs":30000,"attribution":"Ora (Warner Varnado) · Ohio DOT"}},{"type":"Feature","geometry":{"type":"Point","coordinates":[-83.58999,41.67892]},"properties":{"id":"ora-oh-126","name":"I-475 at Promedica Pkwy, 5053","state":"OH","provider":"Ohio DOT","hls":null,"snapshot":"https://itscameras.dot.state.oh.us/images/toledo/I-475_at_Promedica_Pkwy.jpg","refreshMs":30000,"attribution":"Ora (Warner Varnado) · Ohio DOT"}},{"type":"Feature","geometry":{"type":"Point","coordinates":[-84.325175,39.056797]},"properties":{"id":"ora-oh-127","name":"I-275 at Eight Mile Rd, 4151","state":"OH","provider":"Ohio DOT","hls":null,"snapshot":"https://itscameras.dot.state.oh.us/images/artimis/CCTV4151.jpg","refreshMs":30000,"attribution":"Ora (Warner Varnado) · Ohio DOT"}},{"type":"Feature","geometry":{"type":"Point","coordinates":[-84.650964,39.195449]},"properties":{"id":"ora-oh-128","name":"I-74 East of Harrison Ave, 4146","state":"OH","provider":"Ohio DOT","hls":null,"snapshot":"https://itscameras.dot.state.oh.us/images/artimis/CCTV146.jpg","refreshMs":30000,"attribution":"Ora (Warner Varnado) · Ohio DOT"}},{"type":"Feature","geometry":{"type":"Point","coordinates":[-83.015996,40.031472]},"properties":{"id":"ora-oh-129","name":"(City of Columbus) High St at North Broadway St","state":"OH","provider":"Ohio DOT","hls":null,"snapshot":"https://itscameras.dot.state.oh.us/images/CMH/High-NBroadway.jpg","refreshMs":30000,"attribution":"Ora (Warner Varnado) · Ohio DOT"}},{"type":"Feature","geometry":{"type":"Point","coordinates":[-84.33636,39.44018]},"properties":{"id":"ora-oh-130","name":"I-75 at SR-63, 4418","state":"OH","provider":"Ohio DOT","hls":null,"snapshot":"https://itscameras.dot.state.oh.us:443/images/Dayton/I-75_at_SR-63.jpg","refreshMs":30000,"attribution":"Ora (Warner Varnado) · Ohio DOT"}},{"type":"Feature","geometry":{"type":"Point","coordinates":[-82.912785,39.999339]},"properties":{"id":"ora-oh-131","name":"(City of Columbus) Stelzer Rd at International Gateway EB","state":"OH","provider":"Ohio DOT","hls":null,"snapshot":"https://itscameras.dot.state.oh.us/images/CMH/Stelzer-InternationalGtwyEB.jpg","refreshMs":30000,"attribution":"Ora (Warner Varnado) · Ohio DOT"}},{"type":"Feature","geometry":{"type":"Point","coordinates":[-81.38517,41.09108]},"properties":{"id":"ora-oh-132","name":"I-76 W of Tallmadge Rd, 6017","state":"OH","provider":"Ohio DOT","hls":null,"snapshot":"https://itscameras.dot.state.oh.us/images/CLE/CLE104a-L.jpg","refreshMs":30000,"attribution":"Ora (Warner Varnado) · Ohio DOT"}},{"type":"Feature","geometry":{"type":"Point","coordinates":[-82.50383,38.41969]},"properties":{"id":"ora-oh-133","name":"US-52 at Charley Creek Rd, D09-031","state":"OH","provider":"Ohio DOT","hls":null,"snapshot":"https://itscameras.dot.state.oh.us/images/D09/US-52_Charley_Creek.jpg","refreshMs":30000,"attribution":"Ora (Warner Varnado) · Ohio DOT"}},{"type":"Feature","geometry":{"type":"Point","coordinates":[-81.649226,41.316211]},"properties":{"id":"ora-oh-134","name":"I-77 at SR-82, 3096","state":"OH","provider":"Ohio DOT","hls":null,"snapshot":"https://itscameras.dot.state.oh.us/images/CLE/CLE3096.jpg","refreshMs":30000,"attribution":"Ora (Warner Varnado) · Ohio DOT"}},{"type":"Feature","geometry":{"type":"Point","coordinates":[-83.47915,41.62961]},"properties":{"id":"ora-oh-135","name":"I-280 at Pickle Rd, 5033","state":"OH","provider":"Ohio DOT","hls":null,"snapshot":"https://itscameras.dot.state.oh.us/images/toledo/I-280_at_Pickle_Rd.jpg","refreshMs":30000,"attribution":"Ora (Warner Varnado) · Ohio DOT"}},{"type":"Feature","geometry":{"type":"Point","coordinates":[-83.63613,41.53315]},"properties":{"id":"ora-oh-136","name":"I-475 at SR-25 / Dixie Hwy, 5039","state":"OH","provider":"Ohio DOT","hls":null,"snapshot":"https://itscameras.dot.state.oh.us/images/toledo/I-475_at_SR-25.jpg","refreshMs":30000,"attribution":"Ora (Warner Varnado) · Ohio DOT"}},{"type":"Feature","geometry":{"type":"Point","coordinates":[-84.219887,40.151558]},"properties":{"id":"ora-oh-137","name":"I-75 at US-36, 1064","state":"OH","provider":"Ohio DOT","hls":null,"snapshot":"https://itscameras.dot.state.oh.us/images/dayton/I-75_at_US-36.jpg","refreshMs":30000,"attribution":"Ora (Warner Varnado) · Ohio DOT"}},{"type":"Feature","geometry":{"type":"Point","coordinates":[-84.46015,39.36262]},"properties":{"id":"ora-oh-138","name":"SR-747 at Tylersville Rd, 4361","state":"OH","provider":"Ohio DOT","hls":null,"snapshot":"https://itscameras.dot.state.oh.us/images/artimis/SR-747_Tylersville_Quad.jpg","refreshMs":30000,"attribution":"Ora (Warner Varnado) · Ohio DOT"}},{"type":"Feature","geometry":{"type":"Point","coordinates":[-84.182687,40.288302]},"properties":{"id":"ora-oh-139","name":"I-75 at Michigan St, 1066","state":"OH","provider":"Ohio DOT","hls":null,"snapshot":"https://itscameras.dot.state.oh.us/images/dayton/I-75_at_Michigan_St.jpg","refreshMs":30000,"attribution":"Ora (Warner Varnado) · Ohio DOT"}},{"type":"Feature","geometry":{"type":"Point","coordinates":[-84.16988,40.55476]},"properties":{"id":"ora-oh-140","name":"I-75 at US-33, D01-023","state":"OH","provider":"Ohio DOT","hls":null,"snapshot":"https://itscameras.dot.state.oh.us/images/D01/D01-023.jpg","refreshMs":30000,"attribution":"Ora (Warner Varnado) · Ohio DOT"}},{"type":"Feature","geometry":{"type":"Point","coordinates":[-82.903683,40.022308]},"properties":{"id":"ora-oh-141","name":"I-270 at N of I-670/Agler Rd, 2181","state":"OH","provider":"Ohio DOT","hls":null,"snapshot":"https://itscameras.dot.state.oh.us/images/CMH/CCTV2181.jpg","refreshMs":30000,"attribution":"Ora (Warner Varnado) · Ohio DOT"}},{"type":"Feature","geometry":{"type":"Point","coordinates":[-82.984397,39.968393]},"properties":{"id":"ora-oh-142","name":"(City of Columbus) I-71 at Lester Dr/Spring St","state":"OH","provider":"Ohio DOT","hls":null,"snapshot":"https://itscameras.dot.state.oh.us/images/CMH/Lestor-Spring.jpg","refreshMs":30000,"attribution":"Ora (Warner Varnado) · Ohio DOT"}},{"type":"Feature","geometry":{"type":"Point","coordinates":[-84.31916,39.29288]},"properties":{"id":"ora-oh-143","name":"Fields Ertel Rd at Escort Dr / I-71 SB Ramp, 4300","state":"OH","provider":"Ohio DOT","hls":null,"snapshot":"https://itscameras.dot.state.oh.us/images/artimis/FEMM172.jpg","refreshMs":30000,"attribution":"Ora (Warner Varnado) · Ohio DOT"}},{"type":"Feature","geometry":{"type":"Point","coordinates":[-81.626483,41.164031]},"properties":{"id":"ora-oh-144","name":"I-77 at Martadale Dr, 6047","state":"OH","provider":"Ohio DOT","hls":null,"snapshot":"https://itscameras.dot.state.oh.us/images/CLE/CLE188-L.jpg","refreshMs":30000,"attribution":"Ora (Warner Varnado) · Ohio DOT"}},{"type":"Feature","geometry":{"type":"Point","coordinates":[-81.82122,41.37155]},"properties":{"id":"ora-oh-145","name":"I-71 at Bagley Rd, 3005","state":"OH","provider":"Ohio DOT","hls":null,"snapshot":"https://itscameras.dot.state.oh.us/images/CLE/CLE031-L.jpg","refreshMs":30000,"attribution":"Ora (Warner Varnado) · Ohio DOT"}},{"type":"Feature","geometry":{"type":"Point","coordinates":[-81.400322,41.626321]},"properties":{"id":"ora-oh-146","name":"I-90 at Riverside Dr, 3086","state":"OH","provider":"Ohio DOT","hls":null,"snapshot":"https://itscameras.dot.state.oh.us/images/CLE/I-90_at_Riverside_Dr.jpg","refreshMs":30000,"attribution":"Ora (Warner Varnado) · Ohio DOT"}},{"type":"Feature","geometry":{"type":"Point","coordinates":[-81.793582,41.13592]},"properties":{"id":"ora-oh-147","name":"I-71 at SR-18 / Medina Rd, 3095","state":"OH","provider":"Ohio DOT","hls":null,"snapshot":"https://itscameras.dot.state.oh.us/images/CLE/I-71_at_SR-18.jpg","refreshMs":30000,"attribution":"Ora (Warner Varnado) · Ohio DOT"}},{"type":"Feature","geometry":{"type":"Point","coordinates":[-83.016,40.12227]},"properties":{"id":"ora-oh-148","name":"US-23 at Flint Rd, 2207","state":"OH","provider":"Ohio DOT","hls":null,"snapshot":"https://itscameras.dot.state.oh.us:443/images/CMH/US_23_at_Flint_Rd.jpg","refreshMs":30000,"attribution":"Ora (Warner Varnado) · Ohio DOT"}},{"type":"Feature","geometry":{"type":"Point","coordinates":[-84.231956,40.051836]},"properties":{"id":"ora-oh-149","name":"I-75 at SR-41, 1065","state":"OH","provider":"Ohio DOT","hls":null,"snapshot":"https://itscameras.dot.state.oh.us/images/dayton/I-75_at_SR-41.jpg","refreshMs":30000,"attribution":"Ora (Warner Varnado) · Ohio DOT"}},{"type":"Feature","geometry":{"type":"Point","coordinates":[-83.81057,39.8914]},"properties":{"id":"ora-oh-150","name":"I-70 at SR-72 / Limestone St, 1013","state":"OH","provider":"Ohio DOT","hls":null,"snapshot":"https://itscameras.dot.state.oh.us/images/Dayton/I-70_at_SR-72.jpg","refreshMs":30000,"attribution":"Ora (Warner Varnado) · Ohio DOT"}},{"type":"Feature","geometry":{"type":"Point","coordinates":[-84.153073,39.412643]},"properties":{"id":"ora-oh-151","name":"I-71 at SR-123, 4156","state":"OH","provider":"Ohio DOT","hls":null,"snapshot":"https://itscameras.dot.state.oh.us:443/images/artimis/CCTV4156.jpg","refreshMs":30000,"attribution":"Ora (Warner Varnado) · Ohio DOT"}},{"type":"Feature","geometry":{"type":"Point","coordinates":[-81.48133,41.50138]},"properties":{"id":"ora-oh-152","name":"I-271 at Cedar Rd, 3064","state":"OH","provider":"Ohio DOT","hls":null,"snapshot":"https://itscameras.dot.state.oh.us/images/CLE/CLE200-L.jpg","refreshMs":30000,"attribution":"Ora (Warner Varnado) · Ohio DOT"}},{"type":"Feature","geometry":{"type":"Point","coordinates":[-81.51186,41.35102]},"properties":{"id":"ora-oh-153","name":"I-271 at I-480 (South), 3059","state":"OH","provider":"Ohio DOT","hls":null,"snapshot":"https://itscameras.dot.state.oh.us/images/CLE/CLE187-L.jpg","refreshMs":30000,"attribution":"Ora (Warner Varnado) · Ohio DOT"}},{"type":"Feature","geometry":{"type":"Point","coordinates":[-82.915267,39.946738]},"properties":{"id":"ora-oh-154","name":"(City of Columbus) James Rd at Livingston Ave","state":"OH","provider":"Ohio DOT","hls":null,"snapshot":"https://itscameras.dot.state.oh.us/images/CMH/James-Livingston.jpg","refreshMs":30000,"attribution":"Ora (Warner Varnado) · Ohio DOT"}},{"type":"Feature","geometry":{"type":"Point","coordinates":[-84.56403,39.28788]},"properties":{"id":"ora-oh-155","name":"US-127 / Hamilton Ave at I-275 WB Ramp, 4364","state":"OH","provider":"Ohio DOT","hls":null,"snapshot":"https://itscameras.dot.state.oh.us/images/artimis/US-127_I-275_WB_Ramp.jpg","refreshMs":30000,"attribution":"Ora (Warner Varnado) · Ohio DOT"}},{"type":"Feature","geometry":{"type":"Point","coordinates":[-81.53241,39.738551]},"properties":{"id":"ora-oh-156","name":"I-77 at SR-78, D10-009","state":"OH","provider":"Ohio DOT","hls":null,"snapshot":"https://itscameras.dot.state.oh.us/images/D10/D10-009.jpg","refreshMs":30000,"attribution":"Ora (Warner Varnado) · Ohio DOT"}},{"type":"Feature","geometry":{"type":"Point","coordinates":[-82.880937,39.917009]},"properties":{"id":"ora-oh-157","name":"I-270 at S Hamilton Rd, MM 44.8, 2142","state":"OH","provider":"Ohio DOT","hls":null,"snapshot":"https://itscameras.dot.state.oh.us/images/CMH/CCTV2142.jpg","refreshMs":30000,"attribution":"Ora (Warner Varnado) · Ohio DOT"}},{"type":"Feature","geometry":{"type":"Point","coordinates":[-81.56333,41.4245]},"properties":{"id":"ora-oh-158","name":"I-480 at Lee Rd, 3092","state":"OH","provider":"Ohio DOT","hls":null,"snapshot":"https://itscameras.dot.state.oh.us/images/CLE/CLE230.jpg","refreshMs":30000,"attribution":"Ora (Warner Varnado) · Ohio DOT"}},{"type":"Feature","geometry":{"type":"Point","coordinates":[-82.883278,39.889243]},"properties":{"id":"ora-oh-159","name":"US-33 at Hamilton Rd, 2106","state":"OH","provider":"Ohio DOT","hls":null,"snapshot":"https://itscameras.dot.state.oh.us/images/CMH/US-33_at_Hamilton_Rd.jpg","refreshMs":30000,"attribution":"Ora (Warner Varnado) · Ohio DOT"}},{"type":"Feature","geometry":{"type":"Point","coordinates":[-82.9994,39.95625]},"properties":{"id":"ora-oh-160","name":"(City of Columbus) High St at Main St","state":"OH","provider":"Ohio DOT","hls":null,"snapshot":"https://itscameras.dot.state.oh.us/images/CMH/HighMain.jpg","refreshMs":30000,"attribution":"Ora (Warner Varnado) · Ohio DOT"}},{"type":"Feature","geometry":{"type":"Point","coordinates":[-84.336633,39.279855]},"properties":{"id":"ora-oh-161","name":"I-71 at S of Snider Rd, 4157","state":"OH","provider":"Ohio DOT","hls":null,"snapshot":"https://itscameras.dot.state.oh.us/images/artimis/CCTV4157.jpg","refreshMs":30000,"attribution":"Ora (Warner Varnado) · Ohio DOT"}},{"type":"Feature","geometry":{"type":"Point","coordinates":[-83.09413,39.942537]},"properties":{"id":"ora-oh-162","name":"(City of Columbus) Sullivant Ave at Wilson Rd","state":"OH","provider":"Ohio DOT","hls":null,"snapshot":"https://itscameras.dot.state.oh.us/images/CMH/Sullivant-Wilson.jpg","refreshMs":30000,"attribution":"Ora (Warner Varnado) · Ohio DOT"}},{"type":"Feature","geometry":{"type":"Point","coordinates":[-81.477802,41.191774]},"properties":{"id":"ora-oh-163","name":"SR-8 at Hampshire Rd, 6062","state":"OH","provider":"Ohio DOT","hls":null,"snapshot":"https://itscameras.dot.state.oh.us/images/CLE/CLE040-L.jpg","refreshMs":30000,"attribution":"Ora (Warner Varnado) · Ohio DOT"}},{"type":"Feature","geometry":{"type":"Point","coordinates":[-84.754854,39.229045]},"properties":{"id":"ora-oh-164","name":"I-74 at Morgan Rd, 4139","state":"OH","provider":"Ohio DOT","hls":null,"snapshot":"https://itscameras.dot.state.oh.us/images/artimis/CCTV139a.jpg","refreshMs":30000,"attribution":"Ora (Warner Varnado) · Ohio DOT"}},{"type":"Feature","geometry":{"type":"Point","coordinates":[-83.00285,39.95588]},"properties":{"id":"ora-oh-165","name":"(City of Columbus) Main St at Second St","state":"OH","provider":"Ohio DOT","hls":null,"snapshot":"https://itscameras.dot.state.oh.us/images/CMH/Main-Second.jpg","refreshMs":30000,"attribution":"Ora (Warner Varnado) · Ohio DOT"}},{"type":"Feature","geometry":{"type":"Point","coordinates":[-81.59381,41.41679]},"properties":{"id":"ora-oh-166","name":"I-480 at SR-17 / Granger Rd, 3073","state":"OH","provider":"Ohio DOT","hls":null,"snapshot":"https://itscameras.dot.state.oh.us/images/CLE/CLE226-L.jpg","refreshMs":30000,"attribution":"Ora (Warner Varnado) · Ohio DOT"}},{"type":"Feature","geometry":{"type":"Point","coordinates":[-81.60224,41.039136]},"properties":{"id":"ora-oh-167","name":"I-76 at Summit Rd, 6004","state":"OH","provider":"Ohio DOT","hls":null,"snapshot":"https://itscameras.dot.state.oh.us/images/CLE/CLE078.jpg","refreshMs":30000,"attribution":"Ora (Warner Varnado) · Ohio DOT"}},{"type":"Feature","geometry":{"type":"Point","coordinates":[-84.46164,39.34266]},"properties":{"id":"ora-oh-168","name":"SR-747 at Union Centre Blvd, 4362","state":"OH","provider":"Ohio DOT","hls":null,"snapshot":"https://itscameras.dot.state.oh.us/images/artimis/SR747-Union.jpg","refreshMs":30000,"attribution":"Ora (Warner Varnado) · Ohio DOT"}},{"type":"Feature","geometry":{"type":"Point","coordinates":[-83.086255,39.973608]},"properties":{"id":"ora-oh-169","name":"I-70 at East of Wilson Rd, 2126","state":"OH","provider":"Ohio DOT","hls":null,"snapshot":"https://itscameras.dot.state.oh.us/images/CMH/I-70_at_East_of_Wilson_Rd.jpg","refreshMs":30000,"attribution":"Ora (Warner Varnado) · Ohio DOT"}},{"type":"Feature","geometry":{"type":"Point","coordinates":[-83.62279,41.45807]},"properties":{"id":"ora-oh-170","name":"I-75 at SR-582, Middleton Pike, 5004","state":"OH","provider":"Ohio DOT","hls":null,"snapshot":"https://itscameras.dot.state.oh.us/images/toledo/I-75_at_SR-582.jpg","refreshMs":30000,"attribution":"Ora (Warner Varnado) · Ohio DOT"}},{"type":"Feature","geometry":{"type":"Point","coordinates":[-84.22521,39.62418]},"properties":{"id":"ora-oh-171","name":"I-675 at I-75, SR-741/Springboro Pike, 1038","state":"OH","provider":"Ohio DOT","hls":null,"snapshot":"https://itscameras.dot.state.oh.us/images/dayton/I-675_at_SR-741.jpg","refreshMs":30000,"attribution":"Ora (Warner Varnado) · Ohio DOT"}},{"type":"Feature","geometry":{"type":"Point","coordinates":[-81.55277,41.035016]},"properties":{"id":"ora-oh-172","name":"I-277 W of Waterloo Rd, 6048","state":"OH","provider":"Ohio DOT","hls":null,"snapshot":"https://itscameras.dot.state.oh.us/images/CLE/CLE204a-L.jpg","refreshMs":30000,"attribution":"Ora (Warner Varnado) · Ohio DOT"}},{"type":"Feature","geometry":{"type":"Point","coordinates":[-84.09154,39.71358]},"properties":{"id":"ora-oh-173","name":"I-675 at Shakertown Rd, 1043","state":"OH","provider":"Ohio DOT","hls":null,"snapshot":"https://itscameras.dot.state.oh.us/images/dayton/I-675_at_Shakertown_Rd.jpg","refreshMs":30000,"attribution":"Ora (Warner Varnado) · Ohio DOT"}},{"type":"Feature","geometry":{"type":"Point","coordinates":[-82.983503,39.964154]},"properties":{"id":"ora-oh-174","name":"(City of Columbus) Broad St at Lester Dr","state":"OH","provider":"Ohio DOT","hls":null,"snapshot":"https://itscameras.dot.state.oh.us/images/CMH/Broad-Lester.jpg","refreshMs":30000,"attribution":"Ora (Warner Varnado) · Ohio DOT"}},{"type":"Feature","geometry":{"type":"Point","coordinates":[-82.67644,38.53873]},"properties":{"id":"ora-oh-175","name":"US-52 at SR-93, D09-004","state":"OH","provider":"Ohio DOT","hls":null,"snapshot":"https://itscameras.dot.state.oh.us:443/images/D09/US-52_at_SR-93.jpg","refreshMs":30000,"attribution":"Ora (Warner Varnado) · Ohio DOT"}},{"type":"Feature","geometry":{"type":"Point","coordinates":[-84.0525,39.77489]},"properties":{"id":"ora-oh-176","name":"I-675 at North Fairfield Rd, 1046","state":"OH","provider":"Ohio DOT","hls":null,"snapshot":"https://itscameras.dot.state.oh.us/images/dayton/I-675_at_North_Fairfield_Rd.jpg","refreshMs":30000,"attribution":"Ora (Warner Varnado) · Ohio DOT"}},{"type":"Feature","geometry":{"type":"Point","coordinates":[-83.62366,41.34529]},"properties":{"id":"ora-oh-177","name":"I-75 at US-6, 5001","state":"OH","provider":"Ohio DOT","hls":null,"snapshot":"https://itscameras.dot.state.oh.us/images/toledo/I-75_at_US-6.jpg","refreshMs":30000,"attribution":"Ora (Warner Varnado) · Ohio DOT"}},{"type":"Feature","geometry":{"type":"Point","coordinates":[-82.41395,39.95944]},"properties":{"id":"ora-oh-178","name":"US-40 at SR-13, D05-020","state":"OH","provider":"Ohio DOT","hls":null,"snapshot":"https://itscameras.dot.state.oh.us/images/D05/US-40_SR-13.jpg","refreshMs":30000,"attribution":"Ora (Warner Varnado) · Ohio DOT"}},{"type":"Feature","geometry":{"type":"Point","coordinates":[-83.69469,41.63617]},"properties":{"id":"ora-oh-179","name":"I-475 at Hill Ave, 5044","state":"OH","provider":"Ohio DOT","hls":null,"snapshot":"https://itscameras.dot.state.oh.us/images/toledo/I-475_at_Hill_Ave.jpg","refreshMs":30000,"attribution":"Ora (Warner Varnado) · Ohio DOT"}},{"type":"Feature","geometry":{"type":"Point","coordinates":[-84.205999,39.747355]},"properties":{"id":"ora-oh-180","name":"I-75 at US-35, 1027","state":"OH","provider":"Ohio DOT","hls":null,"snapshot":"https://itscameras.dot.state.oh.us/images/dayton/I-75_at_US-35.jpg","refreshMs":30000,"attribution":"Ora (Warner Varnado) · Ohio DOT"}},{"type":"Feature","geometry":{"type":"Point","coordinates":[-83.68852,41.72582]},"properties":{"id":"ora-oh-181","name":"US-23 at Ohio/Michigan Line, 5057","state":"OH","provider":"Ohio DOT","hls":null,"snapshot":"https://itscameras.dot.state.oh.us/images/toledo/US-23_at_OH_MI_Line.jpg","refreshMs":30000,"attribution":"Ora (Warner Varnado) · Ohio DOT"}},{"type":"Feature","geometry":{"type":"Point","coordinates":[-84.404757,39.055279]},"properties":{"id":"ora-oh-182","name":"I-275 at East of Kellogg Ave, 4110.5","state":"OH","provider":"Ohio DOT","hls":null,"snapshot":"https://itscameras.dot.state.oh.us/images/artimis/CCTV4110-5.jpg","refreshMs":30000,"attribution":"Ora (Warner Varnado) · Ohio DOT"}},{"type":"Feature","geometry":{"type":"Point","coordinates":[-80.747665,40.071866]},"properties":{"id":"ora-oh-183","name":"I-70 at W of SR-7, D11-004","state":"OH","provider":"Ohio DOT","hls":null,"snapshot":"https://itscameras.dot.state.oh.us/images/D11/D11-004.jpg","refreshMs":30000,"attribution":"Ora (Warner Varnado) · Ohio DOT"}},{"type":"Feature","geometry":{"type":"Point","coordinates":[-82.85908,41.50544]},"properties":{"id":"ora-oh-184","name":"SR-2 at SR-53, 5079","state":"OH","provider":"Ohio DOT","hls":null,"snapshot":"https://itscameras.dot.state.oh.us/images/toledo/SR-2_at_SR-53.jpg","refreshMs":30000,"attribution":"Ora (Warner Varnado) · Ohio DOT"}},{"type":"Feature","geometry":{"type":"Point","coordinates":[-84.331462,39.281829]},"properties":{"id":"ora-oh-185","name":"I-71 at N of Snider Rd, 4158","state":"OH","provider":"Ohio DOT","hls":null,"snapshot":"https://itscameras.dot.state.oh.us/images/artimis/CCTV4158.jpg","refreshMs":30000,"attribution":"Ora (Warner Varnado) · Ohio DOT"}},{"type":"Feature","geometry":{"type":"Point","coordinates":[-81.66245,41.04009]},"properties":{"id":"ora-oh-186","name":"I-76 at SR-21, 6003","state":"OH","provider":"Ohio DOT","hls":null,"snapshot":"https://itscameras.dot.state.oh.us:443/images/CLE/CLE076.jpg","refreshMs":30000,"attribution":"Ora (Warner Varnado) · Ohio DOT"}},{"type":"Feature","geometry":{"type":"Point","coordinates":[-81.609678,41.040821]},"properties":{"id":"ora-oh-187","name":"I-76 at Barber Rd, 6076","state":"OH","provider":"Ohio DOT","hls":null,"snapshot":"https://itscameras.dot.state.oh.us/images/CLE/CCTV6076.jpg","refreshMs":30000,"attribution":"Ora (Warner Varnado) · Ohio DOT"}},{"type":"Feature","geometry":{"type":"Point","coordinates":[-83.62655,41.33579]},"properties":{"id":"ora-oh-188","name":"I-75 SB Wood county rest area, 5084","state":"OH","provider":"Ohio DOT","hls":null,"snapshot":"https://itscameras.dot.state.oh.us:443/images/rest_area/I-75_Wood_SB-3.jpg","refreshMs":30000,"attribution":"Ora (Warner Varnado) · Ohio DOT"}},{"type":"Feature","geometry":{"type":"Point","coordinates":[-83.47737,41.61044]},"properties":{"id":"ora-oh-189","name":"I-280 at SR-51 / Woodville Rd, 5032","state":"OH","provider":"Ohio DOT","hls":null,"snapshot":"https://itscameras.dot.state.oh.us/images/toledo/I-280_at_Woodville_Rd.jpg","refreshMs":30000,"attribution":"Ora (Warner Varnado) · Ohio DOT"}},{"type":"Feature","geometry":{"type":"Point","coordinates":[-83.69553,39.91668]},"properties":{"id":"ora-oh-190","name":"I-70 at West of US-40, 1015","state":"OH","provider":"Ohio DOT","hls":null,"snapshot":"https://itscameras.dot.state.oh.us/images/dayton/I-70_at_West_of_US-40.jpg","refreshMs":30000,"attribution":"Ora (Warner Varnado) · Ohio DOT"}},{"type":"Feature","geometry":{"type":"Point","coordinates":[-81.3868,40.7843]},"properties":{"id":"ora-oh-191","name":"I-77 at US-30/US-62, 6019","state":"OH","provider":"Ohio DOT","hls":null,"snapshot":"https://itscameras.dot.state.oh.us/images/CLE/CLE116a.jpg","refreshMs":30000,"attribution":"Ora (Warner Varnado) · Ohio DOT"}},{"type":"Feature","geometry":{"type":"Point","coordinates":[-81.01283,40.0637]},"properties":{"id":"ora-oh-192","name":"I-70 Belmont EB Rest Area, 228","state":"OH","provider":"Ohio DOT","hls":null,"snapshot":"https://itscameras.dot.state.oh.us:443/images/rest_area/I-70_Belmont_Eb-1.jpg","refreshMs":30000,"attribution":"Ora (Warner Varnado) · Ohio DOT"}},{"type":"Feature","geometry":{"type":"Point","coordinates":[-83.501391,41.707049]},"properties":{"id":"ora-oh-193","name":"I-75 at Ottawa River Rd, 5026","state":"OH","provider":"Ohio DOT","hls":null,"snapshot":"https://itscameras.dot.state.oh.us/images/toledo/I-75_at_Ottawa_River_Rd.jpg","refreshMs":30000,"attribution":"Ora (Warner Varnado) · Ohio DOT"}},{"type":"Feature","geometry":{"type":"Point","coordinates":[-83.690897,41.612614]},"properties":{"id":"ora-oh-194","name":"I-475 at SR-2 / Airport Hwy, 5043","state":"OH","provider":"Ohio DOT","hls":null,"snapshot":"https://itscameras.dot.state.oh.us/images/toledo/I-475_at_SR-2_Airport_Hwy.jpg","refreshMs":30000,"attribution":"Ora (Warner Varnado) · Ohio DOT"}},{"type":"Feature","geometry":{"type":"Point","coordinates":[-81.504591,41.072565]},"properties":{"id":"ora-oh-195","name":"SR-8 at Exchange St, 6051","state":"OH","provider":"Ohio DOT","hls":null,"snapshot":"https://itscameras.dot.state.oh.us/images/CLE/CLE014-L.jpg","refreshMs":30000,"attribution":"Ora (Warner Varnado) · Ohio DOT"}},{"type":"Feature","geometry":{"type":"Point","coordinates":[-83.546052,41.639243]},"properties":{"id":"ora-oh-196","name":"I-75 at SR-2, Broadway St, 5015","state":"OH","provider":"Ohio DOT","hls":null,"snapshot":"https://itscameras.dot.state.oh.us/images/toledo/I-75_at_SR-2.jpg","refreshMs":30000,"attribution":"Ora (Warner Varnado) · Ohio DOT"}},{"type":"Feature","geometry":{"type":"Point","coordinates":[-82.85425,40.08377]},"properties":{"id":"ora-oh-197","name":"SR-161 at Hamilton Rd, 2109","state":"OH","provider":"Ohio DOT","hls":null,"snapshot":"https://itscameras.dot.state.oh.us:443/images/CMH/SR-161_at_Hamilton_Rd.jpg","refreshMs":30000,"attribution":"Ora (Warner Varnado) · Ohio DOT"}},{"type":"Feature","geometry":{"type":"Point","coordinates":[-83.489783,41.729251]},"properties":{"id":"ora-oh-198","name":"I-75 at Ohio/Michigan Line, 5028","state":"OH","provider":"Ohio DOT","hls":null,"snapshot":"https://itscameras.dot.state.oh.us/images/toledo/I-75_at_Ohio-Michigan_Line.jpg","refreshMs":30000,"attribution":"Ora (Warner Varnado) · Ohio DOT"}},{"type":"Feature","geometry":{"type":"Point","coordinates":[-82.9686,39.38892]},"properties":{"id":"ora-oh-199","name":"SR-159 at US-23 NB Ramp, D09-015","state":"OH","provider":"Ohio DOT","hls":null,"snapshot":"https://itscameras.dot.state.oh.us/images/D09/SR-159_US-23_NB.jpg","refreshMs":30000,"attribution":"Ora (Warner Varnado) · Ohio DOT"}},{"type":"Feature","geometry":{"type":"Point","coordinates":[-82.937156,40.058651]},"properties":{"id":"ora-oh-200","name":"(City of Columbus) Morse Rd at Westerville Rd","state":"OH","provider":"Ohio DOT","hls":null,"snapshot":"https://itscameras.dot.state.oh.us/images/CMH/Morse-Westerville.jpg","refreshMs":30000,"attribution":"Ora (Warner Varnado) · Ohio DOT"}},{"type":"Feature","geometry":{"type":"Point","coordinates":[-84.19492,39.75107]},"properties":{"id":"ora-oh-201","name":"US-35 at S Perry St, 1049","state":"OH","provider":"Ohio DOT","hls":null,"snapshot":"https://itscameras.dot.state.oh.us/images/dayton/US-35_at_S_Perry_St.jpg","refreshMs":30000,"attribution":"Ora (Warner Varnado) · Ohio DOT"}},{"type":"Feature","geometry":{"type":"Point","coordinates":[-82.995007,39.955322]},"properties":{"id":"ora-oh-202","name":"(City of Columbus) Fourth St at Mound St","state":"OH","provider":"Ohio DOT","hls":null,"snapshot":"https://itscameras.dot.state.oh.us/images/CMH/Fourth-Mound.jpg","refreshMs":30000,"attribution":"Ora (Warner Varnado) · Ohio DOT"}},{"type":"Feature","geometry":{"type":"Point","coordinates":[-84.31462,39.30316]},"properties":{"id":"ora-oh-203","name":"Mason Montgomery Rd & Parkway Dr, 4311","state":"OH","provider":"Ohio DOT","hls":null,"snapshot":"https://itscameras.dot.state.oh.us/images/artimis/FEMM167.jpg","refreshMs":30000,"attribution":"Ora (Warner Varnado) · Ohio DOT"}},{"type":"Feature","geometry":{"type":"Point","coordinates":[-83.037459,40.063008]},"properties":{"id":"ora-oh-204","name":"(City of Columbus) Bethel Rd at Olentangy River Rd","state":"OH","provider":"Ohio DOT","hls":null,"snapshot":"https://itscameras.dot.state.oh.us/images/CMH/bethel-olentangy.jpg","refreshMs":30000,"attribution":"Ora (Warner Varnado) · Ohio DOT"}},{"type":"Feature","geometry":{"type":"Point","coordinates":[-83.533333,41.689746]},"properties":{"id":"ora-oh-205","name":"I-75 at Expressway Dr, 5024","state":"OH","provider":"Ohio DOT","hls":null,"snapshot":"https://itscameras.dot.state.oh.us/images/toledo/I-75_at_Expressway_Dr.jpg","refreshMs":30000,"attribution":"Ora (Warner Varnado) · Ohio DOT"}},{"type":"Feature","geometry":{"type":"Point","coordinates":[-82.95633,40.14872]},"properties":{"id":"ora-oh-206","name":"(City of Columbus) Worthington Rd at Ikea Way","state":"OH","provider":"Ohio DOT","hls":null,"snapshot":"https://itscameras.dot.state.oh.us/images/CMH/Ikea-Worthington.jpg","refreshMs":30000,"attribution":"Ora (Warner Varnado) · Ohio DOT"}},{"type":"Feature","geometry":{"type":"Point","coordinates":[-83.141997,39.943579]},"properties":{"id":"ora-oh-207","name":"(City of Columbus) Sullivant Ave at Norton Rd","state":"OH","provider":"Ohio DOT","hls":null,"snapshot":"https://itscameras.dot.state.oh.us/images/CMH/Sullivant-Norton.jpg","refreshMs":30000,"attribution":"Ora (Warner Varnado) · Ohio DOT"}},{"type":"Feature","geometry":{"type":"Point","coordinates":[-83.66389,41.69012]},"properties":{"id":"ora-oh-208","name":"I-475 at Corey Rd, 5048","state":"OH","provider":"Ohio DOT","hls":null,"snapshot":"https://itscameras.dot.state.oh.us/images/toledo/I-475_at_Corey_Rd.jpg","refreshMs":30000,"attribution":"Ora (Warner Varnado) · Ohio DOT"}},{"type":"Feature","geometry":{"type":"Point","coordinates":[-82.869137,39.988839]},"properties":{"id":"ora-oh-209","name":"(City of Columbus) Hamilton Rd at 5th Ave","state":"OH","provider":"Ohio DOT","hls":null,"snapshot":"https://itscameras.dot.state.oh.us/images/CMH/Hamilton-Fifth.jpg","refreshMs":30000,"attribution":"Ora (Warner Varnado) · Ohio DOT"}},{"type":"Feature","geometry":{"type":"Point","coordinates":[-81.37114,41.25559]},"properties":{"id":"ora-oh-210","name":"I-480 at I-80 Turnpike (East), 3076","state":"OH","provider":"Ohio DOT","hls":null,"snapshot":"https://itscameras.dot.state.oh.us/images/CLE/CLE096.jpg","refreshMs":30000,"attribution":"Ora (Warner Varnado) · Ohio DOT"}},{"type":"Feature","geometry":{"type":"Point","coordinates":[-82.15169,38.83762]},"properties":{"id":"ora-oh-211","name":"US-35 at SR-7, D10-002","state":"OH","provider":"Ohio DOT","hls":null,"snapshot":"https://itscameras.dot.state.oh.us:443/images/D10/D10-002.jpg","refreshMs":30000,"attribution":"Ora (Warner Varnado) · Ohio DOT"}},{"type":"Feature","geometry":{"type":"Point","coordinates":[-84.564214,39.285121]},"properties":{"id":"ora-oh-212","name":"I-275 at Hamilton Ave / US-127, 4098","state":"OH","provider":"Ohio DOT","hls":null,"snapshot":"https://itscameras.dot.state.oh.us/images/artimis/CCTV098a.jpg","refreshMs":30000,"attribution":"Ora (Warner Varnado) · Ohio DOT"}},{"type":"Feature","geometry":{"type":"Point","coordinates":[-81.899351,41.030378]},"properties":{"id":"ora-oh-213","name":"I-76 at US-224 / I-71, 6002","state":"OH","provider":"Ohio DOT","hls":null,"snapshot":"https://itscameras.dot.state.oh.us/images/CLE/CLE072.jpg","refreshMs":30000,"attribution":"Ora (Warner Varnado) · Ohio DOT"}},{"type":"Feature","geometry":{"type":"Point","coordinates":[-82.38805,38.44079]},"properties":{"id":"ora-oh-214","name":"SR-7 at East Huntington Bridge, D09-022","state":"OH","provider":"Ohio DOT","hls":null,"snapshot":"https://itscameras.dot.state.oh.us/images/D09/SR-7_E_Huntington_Bridge.jpg","refreshMs":30000,"attribution":"Ora (Warner Varnado) · Ohio DOT"}},{"type":"Feature","geometry":{"type":"Point","coordinates":[-81.74117,41.46986]},"properties":{"id":"ora-oh-215","name":"I-90 at W 84th St, 3038","state":"OH","provider":"Ohio DOT","hls":null,"snapshot":"https://itscameras.dot.state.oh.us/images/CLE/CLE120-L.jpg","refreshMs":30000,"attribution":"Ora (Warner Varnado) · Ohio DOT"}},{"type":"Feature","geometry":{"type":"Point","coordinates":[-83.175723,40.102843]},"properties":{"id":"ora-oh-216","name":"US-33 at E of Post Rd, 2132","state":"OH","provider":"Ohio DOT","hls":null,"snapshot":"https://itscameras.dot.state.oh.us/images/CMH/2132.jpg","refreshMs":30000,"attribution":"Ora (Warner Varnado) · Ohio DOT"}},{"type":"Feature","geometry":{"type":"Point","coordinates":[-84.36746,39.36949]},"properties":{"id":"ora-oh-217","name":"Liberty Way at I-75 SB Ramp, 4307","state":"OH","provider":"Ohio DOT","hls":null,"snapshot":"https://itscameras.dot.state.oh.us/images/artimis/Liberty_Way_at_I-75SB_Ramp.jpg","refreshMs":30000,"attribution":"Ora (Warner Varnado) · Ohio DOT"}},{"type":"Feature","geometry":{"type":"Point","coordinates":[-83.654972,41.240405]},"properties":{"id":"ora-oh-218","name":"I-75 at Cygnet Rd, 5070","state":"OH","provider":"Ohio DOT","hls":null,"snapshot":"https://itscameras.dot.state.oh.us/images/toledo/I-75_at_Cygnet_Rd.jpg","refreshMs":30000,"attribution":"Ora (Warner Varnado) · Ohio DOT"}},{"type":"Feature","geometry":{"type":"Point","coordinates":[-84.28509,39.81843]},"properties":{"id":"ora-oh-219","name":"SR-49 at Shiloh Springs Rd, 1057","state":"OH","provider":"Ohio DOT","hls":null,"snapshot":"https://itscameras.dot.state.oh.us/images/dayton/SR-49_at_Shiloh_Springs_Rd.jpg","refreshMs":30000,"attribution":"Ora (Warner Varnado) · Ohio DOT"}},{"type":"Feature","geometry":{"type":"Point","coordinates":[-82.53256,39.95797]},"properties":{"id":"ora-oh-220","name":"US-40 at SR-37, D05-021","state":"OH","provider":"Ohio DOT","hls":null,"snapshot":"https://itscameras.dot.state.oh.us/images/D05/US-40_at_SR-37.jpg","refreshMs":30000,"attribution":"Ora (Warner Varnado) · Ohio DOT"}},{"type":"Feature","geometry":{"type":"Point","coordinates":[-81.440618,41.601755]},"properties":{"id":"ora-oh-221","name":"I-90 at SR-91, 3057","state":"OH","provider":"Ohio DOT","hls":null,"snapshot":"https://itscameras.dot.state.oh.us/images/CLE/CLE160.jpg","refreshMs":30000,"attribution":"Ora (Warner Varnado) · Ohio DOT"}},{"type":"Feature","geometry":{"type":"Point","coordinates":[-83.563764,41.664301]},"properties":{"id":"ora-oh-222","name":"I-75 at West Bancroft St, 5018","state":"OH","provider":"Ohio DOT","hls":null,"snapshot":"https://itscameras.dot.state.oh.us/images/toledo/I-75_at_West_Bancroft_St.jpg","refreshMs":30000,"attribution":"Ora (Warner Varnado) · Ohio DOT"}},{"type":"Feature","geometry":{"type":"Point","coordinates":[-81.0106,40.06421]},"properties":{"id":"ora-oh-223","name":"I-70 Belmont WB Rest Area, 260","state":"OH","provider":"Ohio DOT","hls":null,"snapshot":"https://itscameras.dot.state.oh.us:443/images/rest_area/I-70_Belmont_WB-1.jpg","refreshMs":30000,"attribution":"Ora (Warner Varnado) · Ohio DOT"}},{"type":"Feature","geometry":{"type":"Point","coordinates":[-81.537593,41.026326]},"properties":{"id":"ora-oh-224","name":"I-277 at Ley Dr, 6050","state":"OH","provider":"Ohio DOT","hls":null,"snapshot":"https://itscameras.dot.state.oh.us/images/CLE/CLE208-L.jpg","refreshMs":30000,"attribution":"Ora (Warner Varnado) · Ohio DOT"}},{"type":"Feature","geometry":{"type":"Point","coordinates":[-83.61651,41.374658]},"properties":{"id":"ora-oh-225","name":"I-75 at SR-64/SR-105, Bowling Green, 5002","state":"OH","provider":"Ohio DOT","hls":null,"snapshot":"https://itscameras.dot.state.oh.us/images/toledo/I-75_at_Bowling_Green.jpg","refreshMs":30000,"attribution":"Ora (Warner Varnado) · Ohio DOT"}},{"type":"Feature","geometry":{"type":"Point","coordinates":[-84.45479,39.38057]},"properties":{"id":"ora-oh-226","name":"SR-747 at SR-129 EB Ramp, 4358","state":"OH","provider":"Ohio DOT","hls":null,"snapshot":"https://itscameras.dot.state.oh.us/images/artimis/SR747-SR129EB.jpg","refreshMs":30000,"attribution":"Ora (Warner Varnado) · Ohio DOT"}},{"type":"Feature","geometry":{"type":"Point","coordinates":[-84.45462,39.38263]},"properties":{"id":"ora-oh-227","name":"SR-747 at SR-129 WB Ramp, 4359","state":"OH","provider":"Ohio DOT","hls":null,"snapshot":"https://itscameras.dot.state.oh.us/images/artimis/747_129_WB_Ramp.jpg","refreshMs":30000,"attribution":"Ora (Warner Varnado) · Ohio DOT"}},{"type":"Feature","geometry":{"type":"Point","coordinates":[-81.574152,41.065456]},"properties":{"id":"ora-oh-228","name":"I-77 at SR-261 / Vern Odom Blvd, 6037","state":"OH","provider":"Ohio DOT","hls":null,"snapshot":"https://itscameras.dot.state.oh.us/images/CLE/CLE164-L.jpg","refreshMs":30000,"attribution":"Ora (Warner Varnado) · Ohio DOT"}},{"type":"Feature","geometry":{"type":"Point","coordinates":[-83.00123,39.95607]},"properties":{"id":"ora-oh-229","name":"(City of Columbus) Front St at Main St","state":"OH","provider":"Ohio DOT","hls":null,"snapshot":"https://itscameras.dot.state.oh.us/images/CMH/Front-Main.jpg","refreshMs":30000,"attribution":"Ora (Warner Varnado) · Ohio DOT"}},{"type":"Feature","geometry":{"type":"Point","coordinates":[-84.56438,39.28382]},"properties":{"id":"ora-oh-230","name":"US-127 / Hamilton Ave at I-275 EB Ramp, 4363","state":"OH","provider":"Ohio DOT","hls":null,"snapshot":"https://itscameras.dot.state.oh.us/images/artimis/US-127_at_I-275_EB_Ramp.jpg","refreshMs":30000,"attribution":"Ora (Warner Varnado) · Ohio DOT"}},{"type":"Feature","geometry":{"type":"Point","coordinates":[-81.470938,41.162828]},"properties":{"id":"ora-oh-231","name":"SR-8 at Graham Rd, 6060","state":"OH","provider":"Ohio DOT","hls":null,"snapshot":"https://itscameras.dot.state.oh.us/images/CLE/CLE036a-L.jpg","refreshMs":30000,"attribution":"Ora (Warner Varnado) · Ohio DOT"}},{"type":"Feature","geometry":{"type":"Point","coordinates":[-81.565355,41.035086]},"properties":{"id":"ora-oh-232","name":"I-76 at I-277, 6006","state":"OH","provider":"Ohio DOT","hls":null,"snapshot":"https://itscameras.dot.state.oh.us/images/CLE/CLE202.jpg","refreshMs":30000,"attribution":"Ora (Warner Varnado) · Ohio DOT"}},{"type":"Feature","geometry":{"type":"Point","coordinates":[-82.950626,39.96793]},"properties":{"id":"ora-oh-233","name":"(City of Columbus) Broad St at Nelson Rd","state":"OH","provider":"Ohio DOT","hls":null,"snapshot":"https://itscameras.dot.state.oh.us/images/CMH/Broad-Nelson.jpg","refreshMs":30000,"attribution":"Ora (Warner Varnado) · Ohio DOT"}},{"type":"Feature","geometry":{"type":"Point","coordinates":[-82.855957,39.992434]},"properties":{"id":"ora-oh-234","name":"I-270 at Claycraft/Morrison Rd, 2208","state":"OH","provider":"Ohio DOT","hls":null,"snapshot":"https://itscameras.dot.state.oh.us/images/CMH/CCTV2208_Quad.jpg","refreshMs":30000,"attribution":"Ora (Warner Varnado) · Ohio DOT"}},{"type":"Feature","geometry":{"type":"Point","coordinates":[-81.567897,41.059708]},"properties":{"id":"ora-oh-235","name":"I-76 at I-77 (West), 6008","state":"OH","provider":"Ohio DOT","hls":null,"snapshot":"https://itscameras.dot.state.oh.us/images/CLE/CLE086-L.jpg","refreshMs":30000,"attribution":"Ora (Warner Varnado) · Ohio DOT"}},{"type":"Feature","geometry":{"type":"Point","coordinates":[-82.829795,40.373239]},"properties":{"id":"ora-oh-236","name":"I-71 at SR-61, 2138","state":"OH","provider":"Ohio DOT","hls":null,"snapshot":"https://itscameras.dot.state.oh.us/images/CMH/CCTV2138.jpg","refreshMs":30000,"attribution":"Ora (Warner Varnado) · Ohio DOT"}},{"type":"Feature","geometry":{"type":"Point","coordinates":[-82.944927,39.957339]},"properties":{"id":"ora-oh-237","name":"(City of Columbus) Alum Creek Dr at Main St","state":"OH","provider":"Ohio DOT","hls":null,"snapshot":"https://itscameras.dot.state.oh.us/images/CMH/AlumCreek-Main.jpg","refreshMs":30000,"attribution":"Ora (Warner Varnado) · Ohio DOT"}},{"type":"Feature","geometry":{"type":"Point","coordinates":[-83.033619,40.018272]},"properties":{"id":"ora-oh-238","name":"SR-315 at Ackerman Rd, 2095","state":"OH","provider":"Ohio DOT","hls":null,"snapshot":"https://itscameras.dot.state.oh.us/images/CMH/SR-315_at_Ackerman_Rd.jpg","refreshMs":30000,"attribution":"Ora (Warner Varnado) · Ohio DOT"}},{"type":"Feature","geometry":{"type":"Point","coordinates":[-82.967476,40.013647]},"properties":{"id":"ora-oh-239","name":"(City of Columbus) Cleveland Ave at Hudson St","state":"OH","provider":"Ohio DOT","hls":null,"snapshot":"https://itscameras.dot.state.oh.us/images/CMH/Cleveland-Hudson.jpg","refreshMs":30000,"attribution":"Ora (Warner Varnado) · Ohio DOT"}},{"type":"Feature","geometry":{"type":"Point","coordinates":[-83.96199,40.82942]},"properties":{"id":"ora-oh-240","name":"I-75 at US-30 / SR-696, D01-004","state":"OH","provider":"Ohio DOT","hls":null,"snapshot":"https://itscameras.dot.state.oh.us:443/images/D01/I-75_at_US-30.jpg","refreshMs":30000,"attribution":"Ora (Warner Varnado) · Ohio DOT"}},{"type":"Feature","geometry":{"type":"Point","coordinates":[-84.371952,39.855214]},"properties":{"id":"ora-oh-241","name":"I-70 at SR-49, 1071","state":"OH","provider":"Ohio DOT","hls":null,"snapshot":"https://itscameras.dot.state.oh.us/images/dayton/CCTV1071.jpg","refreshMs":30000,"attribution":"Ora (Warner Varnado) · Ohio DOT"}},{"type":"Feature","geometry":{"type":"Point","coordinates":[-83.61535,41.42135]},"properties":{"id":"ora-oh-242","name":"I-75 at Simonds Rd, 5003","state":"OH","provider":"Ohio DOT","hls":null,"snapshot":"https://itscameras.dot.state.oh.us/images/toledo/I-75_at_Simonds_Rd.jpg","refreshMs":30000,"attribution":"Ora (Warner Varnado) · Ohio DOT"}},{"type":"Feature","geometry":{"type":"Point","coordinates":[-81.24691,41.67083]},"properties":{"id":"ora-oh-243","name":"3097A I-90 at SR-44, 3097","state":"OH","provider":"Ohio DOT","hls":null,"snapshot":"https://itscameras.dot.state.oh.us/images/CLE/CLE3097.jpg","refreshMs":30000,"attribution":"Ora (Warner Varnado) · Ohio DOT"}},{"type":"Feature","geometry":{"type":"Point","coordinates":[-83.683,41.67648]},"properties":{"id":"ora-oh-244","name":"Central Ave / US-20 at Holland Sylvania Rd, 5088","state":"OH","provider":"Ohio DOT","hls":null,"snapshot":"https://itscameras.dot.state.oh.us/images/toledo/Central_Ave_at_Holland-Sylvania_Rd.jpg","refreshMs":30000,"attribution":"Ora (Warner Varnado) · Ohio DOT"}},{"type":"Feature","geometry":{"type":"Point","coordinates":[-83.090607,39.92747]},"properties":{"id":"ora-oh-245","name":"(City of Columbus) Clime Rd at Demorest Rd","state":"OH","provider":"Ohio DOT","hls":null,"snapshot":"https://itscameras.dot.state.oh.us/images/CMH/Clime-Demorest.jpg","refreshMs":30000,"attribution":"Ora (Warner Varnado) · Ohio DOT"}},{"type":"Feature","geometry":{"type":"Point","coordinates":[-82.977493,40.060384]},"properties":{"id":"ora-oh-246","name":"(City of Columbus) Karl Rd at Morse Rd","state":"OH","provider":"Ohio DOT","hls":null,"snapshot":"https://itscameras.dot.state.oh.us/images/CMH/Karl-Morse.jpg","refreshMs":30000,"attribution":"Ora (Warner Varnado) · Ohio DOT"}},{"type":"Feature","geometry":{"type":"Point","coordinates":[-80.768431,41.123249]},"properties":{"id":"ora-oh-247","name":"I-80 at SR-46, 6065","state":"OH","provider":"Ohio DOT","hls":null,"snapshot":"https://itscameras.dot.state.oh.us/images/CLE/I-80_at_SR-46.jpg","refreshMs":30000,"attribution":"Ora (Warner Varnado) · Ohio DOT"}},{"type":"Feature","geometry":{"type":"Point","coordinates":[-81.7909,41.4387]},"properties":{"id":"ora-oh-248","name":"I-71 at W 140th St, 3010","state":"OH","provider":"Ohio DOT","hls":null,"snapshot":"https://itscameras.dot.state.oh.us/images/CLE/CLE045-L.jpg","refreshMs":30000,"attribution":"Ora (Warner Varnado) · Ohio DOT"}},{"type":"Feature","geometry":{"type":"Point","coordinates":[-83.64962,41.211382]},"properties":{"id":"ora-oh-249","name":"I-75 at Oil Center Rd, 5072","state":"OH","provider":"Ohio DOT","hls":null,"snapshot":"https://itscameras.dot.state.oh.us/images/toledo/CCTV5072.jpg","refreshMs":30000,"attribution":"Ora (Warner Varnado) · Ohio DOT"}},{"type":"Feature","geometry":{"type":"Point","coordinates":[-84.58727,39.22388]},"properties":{"id":"ora-oh-250","name":"Colerain Ave at SR-126 EB, 4390","state":"OH","provider":"Ohio DOT","hls":null,"snapshot":"https://itscameras.dot.state.oh.us/images/artimis/Colerain_Ave_at_SR-126_EB.jpg","refreshMs":30000,"attribution":"Ora (Warner Varnado) · Ohio DOT"}},{"type":"Feature","geometry":{"type":"Point","coordinates":[-80.675463,41.148702]},"properties":{"id":"ora-oh-251","name":"I-80 at SR-11/SR-711, 6071","state":"OH","provider":"Ohio DOT","hls":null,"snapshot":"https://itscameras.dot.state.oh.us/images/CLE/CCTV6071.jpg","refreshMs":30000,"attribution":"Ora (Warner Varnado) · Ohio DOT"}},{"type":"Feature","geometry":{"type":"Point","coordinates":[-81.64788,41.40594]},"properties":{"id":"ora-oh-252","name":"I-77 at I-480, 3020","state":"OH","provider":"Ohio DOT","hls":null,"snapshot":"https://itscameras.dot.state.oh.us/images/CLE/CLE3020.jpg","refreshMs":30000,"attribution":"Ora (Warner Varnado) · Ohio DOT"}},{"type":"Feature","geometry":{"type":"Point","coordinates":[-81.71021,41.42175]},"properties":{"id":"ora-oh-253","name":"I-480 at SR-94 / State Rd, 3070","state":"OH","provider":"Ohio DOT","hls":null,"snapshot":"https://itscameras.dot.state.oh.us/images/CLE/CLE218-L.jpg","refreshMs":30000,"attribution":"Ora (Warner Varnado) · Ohio DOT"}},{"type":"Feature","geometry":{"type":"Point","coordinates":[-81.650303,41.136218]},"properties":{"id":"ora-oh-254","name":"I-77 at SR-18, 6044","state":"OH","provider":"Ohio DOT","hls":null,"snapshot":"https://itscameras.dot.state.oh.us/images/CLE/CLE180-L.jpg","refreshMs":30000,"attribution":"Ora (Warner Varnado) · Ohio DOT"}},{"type":"Feature","geometry":{"type":"Point","coordinates":[-84.59992,39.25464]},"properties":{"id":"ora-oh-255","name":"Colerain Ave at I-275 EB Ramp, 4379","state":"OH","provider":"Ohio DOT","hls":null,"snapshot":"https://itscameras.dot.state.oh.us/images/artimis/Colerain_Ave_at_I-275_EB.jpg","refreshMs":30000,"attribution":"Ora (Warner Varnado) · Ohio DOT"}},{"type":"Feature","geometry":{"type":"Point","coordinates":[-81.66479,41.4793]},"properties":{"id":"ora-oh-256","name":"I-490 at Broadway Ave, West of I-77, 3025","state":"OH","provider":"Ohio DOT","hls":null,"snapshot":"https://itscameras.dot.state.oh.us:443/images/CLE/CCTV3025.jpg","refreshMs":30000,"attribution":"Ora (Warner Varnado) · Ohio DOT"}},{"type":"Feature","geometry":{"type":"Point","coordinates":[-81.07332,41.749089]},"properties":{"id":"ora-oh-257","name":"I-90 at Dayton Rd, 3101","state":"OH","provider":"Ohio DOT","hls":null,"snapshot":"https://itscameras.dot.state.oh.us/images/CLE/CLE3101.jpg","refreshMs":30000,"attribution":"Ora (Warner Varnado) · Ohio DOT"}},{"type":"Feature","geometry":{"type":"Point","coordinates":[-82.972947,39.978703]},"properties":{"id":"ora-oh-258","name":"I-670 EB at MM 5.6, W of Joyce Ave, 2155","state":"OH","provider":"Ohio DOT","hls":null,"snapshot":"https://itscameras.dot.state.oh.us:443/images/CMH/CCTV2155.jpg","refreshMs":30000,"attribution":"Ora (Warner Varnado) · Ohio DOT"}},{"type":"Feature","geometry":{"type":"Point","coordinates":[-84.25243,39.57725]},"properties":{"id":"ora-oh-259","name":"I-75 at Pennyroyal Rd, 1018","state":"OH","provider":"Ohio DOT","hls":null,"snapshot":"https://itscameras.dot.state.oh.us/images/Dayton/I-75_at_Pennyroyal_Rd.jpg","refreshMs":30000,"attribution":"Ora (Warner Varnado) · Ohio DOT"}},{"type":"Feature","geometry":{"type":"Point","coordinates":[-81.63583,41.2759]},"properties":{"id":"ora-oh-260","name":"I-77 at I-80 Turnpike, 3019","state":"OH","provider":"Ohio DOT","hls":null,"snapshot":"https://itscameras.dot.state.oh.us/images/CLE/CLE066-L.jpg","refreshMs":30000,"attribution":"Ora (Warner Varnado) · Ohio DOT"}},{"type":"Feature","geometry":{"type":"Point","coordinates":[-82.996105,39.939438]},"properties":{"id":"ora-oh-261","name":"(City of Columbus) Greenlawn Ave at High St","state":"OH","provider":"Ohio DOT","hls":null,"snapshot":"https://itscameras.dot.state.oh.us/images/CMH/Greenlawn-High.jpg","refreshMs":30000,"attribution":"Ora (Warner Varnado) · Ohio DOT"}},{"type":"Feature","geometry":{"type":"Point","coordinates":[-81.75947,41.4459]},"properties":{"id":"ora-oh-262","name":"I-71 at E of W 117th St, 3012","state":"OH","provider":"Ohio DOT","hls":null,"snapshot":"https://itscameras.dot.state.oh.us/images/CLE/CLE049-L.jpg","refreshMs":30000,"attribution":"Ora (Warner Varnado) · Ohio DOT"}},{"type":"Feature","geometry":{"type":"Point","coordinates":[-84.28536,39.06515]},"properties":{"id":"ora-oh-263","name":"SR-125 at Brandychase Way, 4322","state":"OH","provider":"Ohio DOT","hls":null,"snapshot":"https://itscameras.dot.state.oh.us/images/artimis/SR-125_at_Brandychase_Way.jpg","refreshMs":30000,"attribution":"Ora (Warner Varnado) · Ohio DOT"}},{"type":"Feature","geometry":{"type":"Point","coordinates":[-81.50247,41.43406]},"properties":{"id":"ora-oh-264","name":"I-271 at US-422 Split, 3062","state":"OH","provider":"Ohio DOT","hls":null,"snapshot":"https://itscameras.dot.state.oh.us/images/CLE/CLE195-L.jpg","refreshMs":30000,"attribution":"Ora (Warner Varnado) · Ohio DOT"}},{"type":"Feature","geometry":{"type":"Point","coordinates":[-83.96292,39.87827]},"properties":{"id":"ora-oh-265","name":"I-70 at Snider Rd, 1010","state":"OH","provider":"Ohio DOT","hls":null,"snapshot":"https://itscameras.dot.state.oh.us/images/Dayton/I-70_at_Snider_Rd.jpg","refreshMs":30000,"attribution":"Ora (Warner Varnado) · Ohio DOT"}},{"type":"Feature","geometry":{"type":"Point","coordinates":[-84.538136,39.146785]},"properties":{"id":"ora-oh-266","name":"I-75 at South of I-74, 4093","state":"OH","provider":"Ohio DOT","hls":null,"snapshot":"https://itscameras.dot.state.oh.us/images/artimis/CCTV093a-L.jpg","refreshMs":30000,"attribution":"Ora (Warner Varnado) · Ohio DOT"}},{"type":"Feature","geometry":{"type":"Point","coordinates":[-81.47708,40.97412]},"properties":{"id":"ora-oh-267","name":"I-77 at E Turkeyfoot Lake Rd, 6030","state":"OH","provider":"Ohio DOT","hls":null,"snapshot":"https://itscameras.dot.state.oh.us/images/CLE/CLE146a.jpg","refreshMs":30000,"attribution":"Ora (Warner Varnado) · Ohio DOT"}},{"type":"Feature","geometry":{"type":"Point","coordinates":[-84.07512,40.73047]},"properties":{"id":"ora-oh-268","name":"I-75 at SR-117 / SR-309, D01-001","state":"OH","provider":"Ohio DOT","hls":null,"snapshot":"https://itscameras.dot.state.oh.us:443/images/D01/I-75_at_SR-117_SR-309.jpg","refreshMs":30000,"attribution":"Ora (Warner Varnado) · Ohio DOT"}},{"type":"Feature","geometry":{"type":"Point","coordinates":[-83.541591,41.620639]},"properties":{"id":"ora-oh-269","name":"I-75 at SR-65, Miami St, 5014","state":"OH","provider":"Ohio DOT","hls":null,"snapshot":"https://itscameras.dot.state.oh.us/images/toledo/I-75_at_SR-65.jpg","refreshMs":30000,"attribution":"Ora (Warner Varnado) · Ohio DOT"}},{"type":"Feature","geometry":{"type":"Point","coordinates":[-84.64153,39.18791]},"properties":{"id":"ora-oh-270","name":"I-74 at Haft Rd, 4145","state":"OH","provider":"Ohio DOT","hls":null,"snapshot":"https://itscameras.dot.state.oh.us/images/artimis/CCTV145.jpg","refreshMs":30000,"attribution":"Ora (Warner Varnado) · Ohio DOT"}},{"type":"Feature","geometry":{"type":"Point","coordinates":[-81.268624,41.726001]},"properties":{"id":"ora-oh-271","name":"SR-2 at Newell St, East of SR-44, 3089","state":"OH","provider":"Ohio DOT","hls":null,"snapshot":"https://itscameras.dot.state.oh.us/images/CLE/SR-2_at_Newell_St.jpg","refreshMs":30000,"attribution":"Ora (Warner Varnado) · Ohio DOT"}},{"type":"Feature","geometry":{"type":"Point","coordinates":[-81.66872,41.52167]},"properties":{"id":"ora-oh-272","name":"I-90 at SR-2 / Lakefront Airport, 3045","state":"OH","provider":"Ohio DOT","hls":null,"snapshot":"https://itscameras.dot.state.oh.us/images/CLE/CLE132-L.jpg","refreshMs":30000,"attribution":"Ora (Warner Varnado) · Ohio DOT"}},{"type":"Feature","geometry":{"type":"Point","coordinates":[-84.23535,39.81979]},"properties":{"id":"ora-oh-273","name":"SR-48 at Philadelphia Dr, NE corner, 1099","state":"OH","provider":"Ohio DOT","hls":null,"snapshot":"https://itscameras.dot.state.oh.us/images/dayton/SR-48_at_Philadelphia_Dr_NE.jpg","refreshMs":30000,"attribution":"Ora (Warner Varnado) · Ohio DOT"}},{"type":"Feature","geometry":{"type":"Point","coordinates":[-81.82094,41.47202]},"properties":{"id":"ora-oh-274","name":"I-90 at Hilliard Rd, 3034","state":"OH","provider":"Ohio DOT","hls":null,"snapshot":"https://itscameras.dot.state.oh.us/images/CLE/CLE112.jpg","refreshMs":30000,"attribution":"Ora (Warner Varnado) · Ohio DOT"}},{"type":"Feature","geometry":{"type":"Point","coordinates":[-81.575095,41.080408]},"properties":{"id":"ora-oh-275","name":"I-77 at SR-162 / Copley Rd, 6038","state":"OH","provider":"Ohio DOT","hls":null,"snapshot":"https://itscameras.dot.state.oh.us/images/CLE/CLE166a-L.jpg","refreshMs":30000,"attribution":"Ora (Warner Varnado) · Ohio DOT"}},{"type":"Feature","geometry":{"type":"Point","coordinates":[-84.22927,39.59708]},"properties":{"id":"ora-oh-276","name":"SR-741 at Austin Blvd, 1105","state":"OH","provider":"Ohio DOT","hls":null,"snapshot":"https://itscameras.dot.state.oh.us/images/dayton/SR-741_at_Austin_Blvd.jpg","refreshMs":30000,"attribution":"Ora (Warner Varnado) · Ohio DOT"}},{"type":"Feature","geometry":{"type":"Point","coordinates":[-81.48919,41.217156]},"properties":{"id":"ora-oh-277","name":"SR-8 at Barlow Rd, 6063","state":"OH","provider":"Ohio DOT","hls":null,"snapshot":"https://itscameras.dot.state.oh.us/images/CLE/CLE044-L.jpg","refreshMs":30000,"attribution":"Ora (Warner Varnado) · Ohio DOT"}},{"type":"Feature","geometry":{"type":"Point","coordinates":[-84.23661,39.59694]},"properties":{"id":"ora-oh-278","name":"I-75 at Austin Blvd, 1020","state":"OH","provider":"Ohio DOT","hls":null,"snapshot":"https://itscameras.dot.state.oh.us/images/Dayton/Day1020.jpg","refreshMs":30000,"attribution":"Ora (Warner Varnado) · Ohio DOT"}},{"type":"Feature","geometry":{"type":"Point","coordinates":[-83.4612,39.52382]},"properties":{"id":"ora-oh-279","name":"US-35 at US-62, 4417","state":"OH","provider":"Ohio DOT","hls":null,"snapshot":"https://itscameras.dot.state.oh.us/images/artimis/CCTV4417.jpg","refreshMs":30000,"attribution":"Ora (Warner Varnado) · Ohio DOT"}},{"type":"Feature","geometry":{"type":"Point","coordinates":[-81.66661,41.49028]},"properties":{"id":"ora-oh-280","name":"I-77 at S of E 30th St, 3026","state":"OH","provider":"Ohio DOT","hls":null,"snapshot":"https://itscameras.dot.state.oh.us/images/CLE/CLE083-L.jpg","refreshMs":30000,"attribution":"Ora (Warner Varnado) · Ohio DOT"}},{"type":"Feature","geometry":{"type":"Point","coordinates":[-81.80291,41.46934]},"properties":{"id":"ora-oh-281","name":"I-90 at W of Warren Rd, 3035","state":"OH","provider":"Ohio DOT","hls":null,"snapshot":"https://itscameras.dot.state.oh.us/images/CLE/CLE114-L.jpg","refreshMs":30000,"attribution":"Ora (Warner Varnado) · Ohio DOT"}},{"type":"Feature","geometry":{"type":"Point","coordinates":[-83.09173,40.15867]},"properties":{"id":"ora-oh-282","name":"SR-750 at Sawmill Pkwy, 2204","state":"OH","provider":"Ohio DOT","hls":null,"snapshot":"https://itscameras.dot.state.oh.us:443/images/CMH/SR-750_at_Sawmill_Pkwy.jpg","refreshMs":30000,"attribution":"Ora (Warner Varnado) · Ohio DOT"}},{"type":"Feature","geometry":{"type":"Point","coordinates":[-82.53125,38.41215]},"properties":{"id":"ora-oh-283","name":"US-52 at Burlington-Macedonia Rd, D09-030","state":"OH","provider":"Ohio DOT","hls":null,"snapshot":"https://itscameras.dot.state.oh.us/images/D09/US-52_Burlington.jpg","refreshMs":30000,"attribution":"Ora (Warner Varnado) · Ohio DOT"}},{"type":"Feature","geometry":{"type":"Point","coordinates":[-81.5455,41.061652]},"properties":{"id":"ora-oh-284","name":"I-76 at SR-59, 6009","state":"OH","provider":"Ohio DOT","hls":null,"snapshot":"https://itscameras.dot.state.oh.us/images/CLE/CLE088.jpg","refreshMs":30000,"attribution":"Ora (Warner Varnado) · Ohio DOT"}},{"type":"Feature","geometry":{"type":"Point","coordinates":[-84.34185,39.07258]},"properties":{"id":"ora-oh-285","name":"SR-125 at Asbury Rd, 4318","state":"OH","provider":"Ohio DOT","hls":null,"snapshot":"https://itscameras.dot.state.oh.us/images/artimis/asbury3.jpg","refreshMs":30000,"attribution":"Ora (Warner Varnado) · Ohio DOT"}},{"type":"Feature","geometry":{"type":"Point","coordinates":[-82.65481,41.39885]},"properties":{"id":"ora-oh-286","name":"US-250 at SR-2 EB Ramp, D03-008","state":"OH","provider":"Ohio DOT","hls":null,"snapshot":"https://itscameras.dot.state.oh.us:443/images/D03/US-250_at_SR-2_EB_Ramp.jpg","refreshMs":30000,"attribution":"Ora (Warner Varnado) · Ohio DOT"}},{"type":"Feature","geometry":{"type":"Point","coordinates":[-84.663422,39.196815]},"properties":{"id":"ora-oh-287","name":"I-74 at Harrison Ave, 4147","state":"OH","provider":"Ohio DOT","hls":null,"snapshot":"https://itscameras.dot.state.oh.us/images/artimis/CCTV147.jpg","refreshMs":30000,"attribution":"Ora (Warner Varnado) · Ohio DOT"}},{"type":"Feature","geometry":{"type":"Point","coordinates":[-83.153768,39.951241]},"properties":{"id":"ora-oh-288","name":"(City of Columbus) Broad St at Galloway Rd","state":"OH","provider":"Ohio DOT","hls":null,"snapshot":"https://itscameras.dot.state.oh.us/images/CMH/Broad-Galloway.jpg","refreshMs":30000,"attribution":"Ora (Warner Varnado) · Ohio DOT"}},{"type":"Feature","geometry":{"type":"Point","coordinates":[-84.35244,39.07294]},"properties":{"id":"ora-oh-289","name":"SR-125 at Five Mile Rd, 4324","state":"OH","provider":"Ohio DOT","hls":null,"snapshot":"https://itscameras.dot.state.oh.us/images/artimis/SR-125_Five_Mile_Quad.jpg","refreshMs":30000,"attribution":"Ora (Warner Varnado) · Ohio DOT"}},{"type":"Feature","geometry":{"type":"Point","coordinates":[-82.936699,39.990919]},"properties":{"id":"ora-oh-290","name":"I-670 EB at MM 8.0, East of 5th Ave, 2169","state":"OH","provider":"Ohio DOT","hls":null,"snapshot":"https://itscameras.dot.state.oh.us:443/images/CMH/CCTV2169.jpg","refreshMs":30000,"attribution":"Ora (Warner Varnado) · Ohio DOT"}},{"type":"Feature","geometry":{"type":"Point","coordinates":[-81.57975,41.035725]},"properties":{"id":"ora-oh-291","name":"I-76 at SR-619 / Wooster Rd, 6005","state":"OH","provider":"Ohio DOT","hls":null,"snapshot":"https://itscameras.dot.state.oh.us/images/CLE/CLE082.jpg","refreshMs":30000,"attribution":"Ora (Warner Varnado) · Ohio DOT"}},{"type":"Feature","geometry":{"type":"Point","coordinates":[-84.2276,39.81268]},"properties":{"id":"ora-oh-292","name":"SR-48 at Shoup Mill Rd, SW Corner, 1100","state":"OH","provider":"Ohio DOT","hls":null,"snapshot":"https://itscameras.dot.state.oh.us/images/dayton/SR-48_at_Shoup_Mill_Rd_SW.jpg","refreshMs":30000,"attribution":"Ora (Warner Varnado) · Ohio DOT"}},{"type":"Feature","geometry":{"type":"Point","coordinates":[-81.49286,40.98867]},"properties":{"id":"ora-oh-293","name":"I-77 at Arlington Rd, 6031","state":"OH","provider":"Ohio DOT","hls":null,"snapshot":"https://itscameras.dot.state.oh.us/images/CLE/CLE150-L.jpg","refreshMs":30000,"attribution":"Ora (Warner Varnado) · Ohio DOT"}},{"type":"Feature","geometry":{"type":"Point","coordinates":[-84.18729,39.89191]},"properties":{"id":"ora-oh-294","name":"I-75 at US-40, 1035","state":"OH","provider":"Ohio DOT","hls":null,"snapshot":"https://itscameras.dot.state.oh.us/images/dayton/I-75_at_US-40.jpg","refreshMs":30000,"attribution":"Ora (Warner Varnado) · Ohio DOT"}},{"type":"Feature","geometry":{"type":"Point","coordinates":[-81.649168,41.433666]},"properties":{"id":"ora-oh-295","name":"I-77 at S of Grant Ave, 3021","state":"OH","provider":"Ohio DOT","hls":null,"snapshot":"https://itscameras.dot.state.oh.us/images/CLE/CLE071-L.jpg","refreshMs":30000,"attribution":"Ora (Warner Varnado) · Ohio DOT"}},{"type":"Feature","geometry":{"type":"Point","coordinates":[-81.50545,41.03995]},"properties":{"id":"ora-oh-296","name":"I-77 at E Wilbeth Rd, 6035","state":"OH","provider":"Ohio DOT","hls":null,"snapshot":"https://itscameras.dot.state.oh.us/images/CLE/CLE160a-L.jpg","refreshMs":30000,"attribution":"Ora (Warner Varnado) · Ohio DOT"}},{"type":"Feature","geometry":{"type":"Point","coordinates":[-81.56485,41.57127]},"properties":{"id":"ora-oh-297","name":"I-90 E of E 152nd St, 3051","state":"OH","provider":"Ohio DOT","hls":null,"snapshot":"https://itscameras.dot.state.oh.us/images/CLE/CLE146-L.jpg","refreshMs":30000,"attribution":"Ora (Warner Varnado) · Ohio DOT"}},{"type":"Feature","geometry":{"type":"Point","coordinates":[-82.8277,39.857896]},"properties":{"id":"ora-oh-298","name":"US-33 at Gender Rd, 2107","state":"OH","provider":"Ohio DOT","hls":null,"snapshot":"https://itscameras.dot.state.oh.us/images/CMH/US-33_at_Gender_Rd.jpg","refreshMs":30000,"attribution":"Ora (Warner Varnado) · Ohio DOT"}},{"type":"Feature","geometry":{"type":"Point","coordinates":[-81.476215,41.14319]},"properties":{"id":"ora-oh-299","name":"SR-8 at Front St, 6058","state":"OH","provider":"Ohio DOT","hls":null,"snapshot":"https://itscameras.dot.state.oh.us/images/CLE/CLE032.jpg","refreshMs":30000,"attribution":"Ora (Warner Varnado) · Ohio DOT"}},{"type":"Feature","geometry":{"type":"Point","coordinates":[-82.63836,38.4867]},"properties":{"id":"ora-oh-300","name":"US-52 at Ashland Bridge, D09-029","state":"OH","provider":"Ohio DOT","hls":null,"snapshot":"https://itscameras.dot.state.oh.us/images/D09/US-52_Ashland_Bridge.jpg","refreshMs":30000,"attribution":"Ora (Warner Varnado) · Ohio DOT"}},{"type":"Feature","geometry":{"type":"Point","coordinates":[-81.901455,41.026042]},"properties":{"id":"ora-oh-301","name":"I-71 at I-76, 6001","state":"OH","provider":"Ohio DOT","hls":null,"snapshot":"https://itscameras.dot.state.oh.us/images/CLE/CLE064.jpg","refreshMs":30000,"attribution":"Ora (Warner Varnado) · Ohio DOT"}},{"type":"Feature","geometry":{"type":"Point","coordinates":[-83.53141,39.94013]},"properties":{"id":"ora-oh-302","name":"I-70 EB Madison county rest area, 2234","state":"OH","provider":"Ohio DOT","hls":null,"snapshot":"https://itscameras.dot.state.oh.us:443/images/rest_area/I-70_Madison_EB-3.jpg","refreshMs":30000,"attribution":"Ora (Warner Varnado) · Ohio DOT"}},{"type":"Feature","geometry":{"type":"Point","coordinates":[-81.49156,41.23434]},"properties":{"id":"ora-oh-303","name":"SR-8 at SR-303, 3079","state":"OH","provider":"Ohio DOT","hls":null,"snapshot":"https://itscameras.dot.state.oh.us/images/CLE/CLE013-L.jpg","refreshMs":30000,"attribution":"Ora (Warner Varnado) · Ohio DOT"}},{"type":"Feature","geometry":{"type":"Point","coordinates":[-83.183518,39.978571]},"properties":{"id":"ora-oh-304","name":"I-70 at Cole Rd, 2183","state":"OH","provider":"Ohio DOT","hls":null,"snapshot":"https://itscameras.dot.state.oh.us/images/CMH/CCTV2183.jpg","refreshMs":30000,"attribution":"Ora (Warner Varnado) · Ohio DOT"}},{"type":"Feature","geometry":{"type":"Point","coordinates":[-83.49043,41.635]},"properties":{"id":"ora-oh-305","name":"I-280 at Navarre Ave, 5034","state":"OH","provider":"Ohio DOT","hls":null,"snapshot":"https://itscameras.dot.state.oh.us/images/toledo/I-280_at_Navarre_Ave.jpg","refreshMs":30000,"attribution":"Ora (Warner Varnado) · Ohio DOT"}},{"type":"Feature","geometry":{"type":"Point","coordinates":[-82.909281,40.048387]},"properties":{"id":"ora-oh-306","name":"(City of Columbus) Stelzer Rd at Easton Way","state":"OH","provider":"Ohio DOT","hls":null,"snapshot":"https://itscameras.dot.state.oh.us/images/CMH/Stelzer-Easton.jpg","refreshMs":30000,"attribution":"Ora (Warner Varnado) · Ohio DOT"}},{"type":"Feature","geometry":{"type":"Point","coordinates":[-81.47932,40.4933]},"properties":{"id":"ora-oh-307","name":"I-77 at SR-39 / US-250, D11-002","state":"OH","provider":"Ohio DOT","hls":null,"snapshot":"https://itscameras.dot.state.oh.us:443/images/D11/D11-002.jpg","refreshMs":30000,"attribution":"Ora (Warner Varnado) · Ohio DOT"}},{"type":"Feature","geometry":{"type":"Point","coordinates":[-81.381692,40.781277]},"properties":{"id":"ora-oh-308","name":"I-77 at South of US-30, 6018","state":"OH","provider":"Ohio DOT","hls":null,"snapshot":"https://itscameras.dot.state.oh.us/images/CLE/CLE114a.jpg","refreshMs":30000,"attribution":"Ora (Warner Varnado) · Ohio DOT"}},{"type":"Feature","geometry":{"type":"Point","coordinates":[-84.20616,39.63387]},"properties":{"id":"ora-oh-309","name":"SR-725 at Southwind Dr, 1103","state":"OH","provider":"Ohio DOT","hls":null,"snapshot":"https://itscameras.dot.state.oh.us/images/dayton/SR-725_at_Southwind_Dr.jpg","refreshMs":30000,"attribution":"Ora (Warner Varnado) · Ohio DOT"}},{"type":"Feature","geometry":{"type":"Point","coordinates":[-83.72349,39.89681]},"properties":{"id":"ora-oh-310","name":"I-70 at SR-41, 1014","state":"OH","provider":"Ohio DOT","hls":null,"snapshot":"https://itscameras.dot.state.oh.us/images/dayton/I-70_at_SR-41.jpg","refreshMs":30000,"attribution":"Ora (Warner Varnado) · Ohio DOT"}},{"type":"Feature","geometry":{"type":"Point","coordinates":[-82.969595,40.15652]},"properties":{"id":"ora-oh-311","name":"I-71 at E Powell Rd, 2141","state":"OH","provider":"Ohio DOT","hls":null,"snapshot":"https://itscameras.dot.state.oh.us/images/CMH/CCTV2141.jpg","refreshMs":30000,"attribution":"Ora (Warner Varnado) · Ohio DOT"}},{"type":"Feature","geometry":{"type":"Point","coordinates":[-81.49579,41.60555]},"properties":{"id":"ora-oh-312","name":"I-90 at SR-2 / Lakeland Fwy, 3054","state":"OH","provider":"Ohio DOT","hls":null,"snapshot":"https://itscameras.dot.state.oh.us/images/CLE/CLE154-L.jpg","refreshMs":30000,"attribution":"Ora (Warner Varnado) · Ohio DOT"}},{"type":"Feature","geometry":{"type":"Point","coordinates":[-81.79435,41.43837]},"properties":{"id":"ora-oh-313","name":"I-71 at W 143rd St, 3009","state":"OH","provider":"Ohio DOT","hls":null,"snapshot":"https://itscameras.dot.state.oh.us/images/CLE/CLE043-L.jpg","refreshMs":30000,"attribution":"Ora (Warner Varnado) · Ohio DOT"}},{"type":"Feature","geometry":{"type":"Point","coordinates":[-83.01612,40.12719]},"properties":{"id":"ora-oh-314","name":"US-23 at Northwoods Blvd, 2215","state":"OH","provider":"Ohio DOT","hls":null,"snapshot":"https://itscameras.dot.state.oh.us/images/CMH/US_23_at_Northwoods_Blvd.jpg","refreshMs":30000,"attribution":"Ora (Warner Varnado) · Ohio DOT"}},{"type":"Feature","geometry":{"type":"Point","coordinates":[-82.923186,40.057886]},"properties":{"id":"ora-oh-315","name":"(City of Columbus) Morse Rd at Sunburry Rd","state":"OH","provider":"Ohio DOT","hls":null,"snapshot":"https://itscameras.dot.state.oh.us/images/CMH/Morse-Sunbury.jpg","refreshMs":30000,"attribution":"Ora (Warner Varnado) · Ohio DOT"}},{"type":"Feature","geometry":{"type":"Point","coordinates":[-81.68161,41.4339]},"properties":{"id":"ora-oh-316","name":"SR-176 at Spring Rd, 3081","state":"OH","provider":"Ohio DOT","hls":null,"snapshot":"https://itscameras.dot.state.oh.us/images/CLE/CLE171-L.jpg","refreshMs":30000,"attribution":"Ora (Warner Varnado) · Ohio DOT"}},{"type":"Feature","geometry":{"type":"Point","coordinates":[-83.017007,40.135455]},"properties":{"id":"ora-oh-317","name":"(City of Columbus) US-23 / High St at Lazelle Rd","state":"OH","provider":"Ohio DOT","hls":null,"snapshot":"https://itscameras.dot.state.oh.us/images/CMH/High-Lazelle.jpg","refreshMs":30000,"attribution":"Ora (Warner Varnado) · Ohio DOT"}},{"type":"Feature","geometry":{"type":"Point","coordinates":[-84.287919,39.321368]},"properties":{"id":"ora-oh-318","name":"I-71 at Socialville-Foster Rd, 4095","state":"OH","provider":"Ohio DOT","hls":null,"snapshot":"https://itscameras.dot.state.oh.us/images/cincinnati/I-71_at_Socialville-Foster_Rd.jpg","refreshMs":30000,"attribution":"Ora (Warner Varnado) · Ohio DOT"}},{"type":"Feature","geometry":{"type":"Point","coordinates":[-81.616219,41.11724]},"properties":{"id":"ora-oh-319","name":"I-77 at Ridgewood Rd, 6041","state":"OH","provider":"Ohio DOT","hls":null,"snapshot":"https://itscameras.dot.state.oh.us/images/CLE/CLE174-L.jpg","refreshMs":30000,"attribution":"Ora (Warner Varnado) · Ohio DOT"}},{"type":"Feature","geometry":{"type":"Point","coordinates":[-83.0892,39.84063]},"properties":{"id":"ora-oh-320","name":"I-71 at SR-665, 2097","state":"OH","provider":"Ohio DOT","hls":null,"snapshot":"https://itscameras.dot.state.oh.us/images/CMH/CMH71-665.jpg","refreshMs":30000,"attribution":"Ora (Warner Varnado) · Ohio DOT"}},{"type":"Feature","geometry":{"type":"Point","coordinates":[-84.31395,39.31018]},"properties":{"id":"ora-oh-321","name":"Mason Montgomery Rd & Irwin Simpson Rd, 4309","state":"OH","provider":"Ohio DOT","hls":null,"snapshot":"https://itscameras.dot.state.oh.us/images/artimis/FEMM169.jpg","refreshMs":30000,"attribution":"Ora (Warner Varnado) · Ohio DOT"}},{"type":"Feature","geometry":{"type":"Point","coordinates":[-81.58906,41.564]},"properties":{"id":"ora-oh-322","name":"I-90 at W of E 140th St, 3050","state":"OH","provider":"Ohio DOT","hls":null,"snapshot":"https://itscameras.dot.state.oh.us/images/CLE/CLE144-L.jpg","refreshMs":30000,"attribution":"Ora (Warner Varnado) · Ohio DOT"}},{"type":"Feature","geometry":{"type":"Point","coordinates":[-83.044491,39.988754]},"properties":{"id":"ora-oh-323","name":"(City of Columbus) Fifth Ave at Grandview Ave","state":"OH","provider":"Ohio DOT","hls":null,"snapshot":"https://itscameras.dot.state.oh.us/images/CMH/Fifth-Grandview.jpg","refreshMs":30000,"attribution":"Ora (Warner Varnado) · Ohio DOT"}},{"type":"Feature","geometry":{"type":"Point","coordinates":[-83.51542,41.6738]},"properties":{"id":"ora-oh-324","name":"I-280 at SR-25, Greenbelt Pkwy, 5037","state":"OH","provider":"Ohio DOT","hls":null,"snapshot":"https://itscameras.dot.state.oh.us/images/toledo/I-280_at_SR-25.jpg","refreshMs":30000,"attribution":"Ora (Warner Varnado) · Ohio DOT"}},{"type":"Feature","geometry":{"type":"Point","coordinates":[-84.10326,39.65743]},"properties":{"id":"ora-oh-325","name":"I-675 at Wilmington Pike, 1041","state":"OH","provider":"Ohio DOT","hls":null,"snapshot":"https://itscameras.dot.state.oh.us/images/dayton/I-675_at_Wilmington_Pike.jpg","refreshMs":30000,"attribution":"Ora (Warner Varnado) · Ohio DOT"}},{"type":"Feature","geometry":{"type":"Point","coordinates":[-81.60422,41.10876]},"properties":{"id":"ora-oh-326","name":"I-77 at Schocalog Rd, 6040","state":"OH","provider":"Ohio DOT","hls":null,"snapshot":"https://itscameras.dot.state.oh.us/images/CLE/CLE172-L.jpg","refreshMs":30000,"attribution":"Ora (Warner Varnado) · Ohio DOT"}},{"type":"Feature","geometry":{"type":"Point","coordinates":[-84.477456,39.173565]},"properties":{"id":"ora-oh-327","name":"SR-562 at Paddock Rd, 4114","state":"OH","provider":"Ohio DOT","hls":null,"snapshot":"https://itscameras.dot.state.oh.us/images/artimis/SR-562_at_Paddock_Rd.jpg","refreshMs":30000,"attribution":"Ora (Warner Varnado) · Ohio DOT"}},{"type":"Feature","geometry":{"type":"Point","coordinates":[-81.78508,41.16178]},"properties":{"id":"ora-oh-328","name":"I-71 at I-271, 3001","state":"OH","provider":"Ohio DOT","hls":null,"snapshot":"https://itscameras.dot.state.oh.us/images/CLE/CLE063.jpg","refreshMs":30000,"attribution":"Ora (Warner Varnado) · Ohio DOT"}},{"type":"Feature","geometry":{"type":"Point","coordinates":[-83.573634,41.67592]},"properties":{"id":"ora-oh-329","name":"I-75 at I-475 (North side), 5020","state":"OH","provider":"Ohio DOT","hls":null,"snapshot":"https://itscameras.dot.state.oh.us/images/toledo/I-75_at_I-475_North_side.jpg","refreshMs":30000,"attribution":"Ora (Warner Varnado) · Ohio DOT"}},{"type":"Feature","geometry":{"type":"Point","coordinates":[-84.15482,40.7654]},"properties":{"id":"ora-oh-330","name":"SR-309 at Hartzler Rd, D01-020","state":"OH","provider":"Ohio DOT","hls":null,"snapshot":"https://itscameras.dot.state.oh.us/images/D01/SR309-Hartzler.jpg","refreshMs":30000,"attribution":"Ora (Warner Varnado) · Ohio DOT"}},{"type":"Feature","geometry":{"type":"Point","coordinates":[-84.4611,39.35462]},"properties":{"id":"ora-oh-331","name":"SR-747 at Hutzelman Way, 4354","state":"OH","provider":"Ohio DOT","hls":null,"snapshot":"https://itscameras.dot.state.oh.us/images/artimis/747_Hutzleman.jpg","refreshMs":30000,"attribution":"Ora (Warner Varnado) · Ohio DOT"}},{"type":"Feature","geometry":{"type":"Point","coordinates":[-81.66939,41.50341]},"properties":{"id":"ora-oh-332","name":"I-90 at US-322 / Chester Ave, 3044","state":"OH","provider":"Ohio DOT","hls":null,"snapshot":"https://itscameras.dot.state.oh.us/images/CLE/CLE100-L.jpg","refreshMs":30000,"attribution":"Ora (Warner Varnado) · Ohio DOT"}},{"type":"Feature","geometry":{"type":"Point","coordinates":[-81.43431,40.93108]},"properties":{"id":"ora-oh-333","name":"I-77 at Greensburg Rd, 6028","state":"OH","provider":"Ohio DOT","hls":null,"snapshot":"https://itscameras.dot.state.oh.us/images/CLE/CLE140a-L.jpg","refreshMs":30000,"attribution":"Ora (Warner Varnado) · Ohio DOT"}},{"type":"Feature","geometry":{"type":"Point","coordinates":[-81.70137,41.45623]},"properties":{"id":"ora-oh-334","name":"I-71 at SR-3 / W 25th St, 3015","state":"OH","provider":"Ohio DOT","hls":null,"snapshot":"https://itscameras.dot.state.oh.us/images/CLE/CLE057-L.jpg","refreshMs":30000,"attribution":"Ora (Warner Varnado) · Ohio DOT"}},{"type":"Feature","geometry":{"type":"Point","coordinates":[-83.703677,41.612146]},"properties":{"id":"ora-oh-335","name":"Airport Hwy at S McCord Rd, 5086","state":"OH","provider":"Ohio DOT","hls":null,"snapshot":"https://itscameras.dot.state.oh.us/images/toledo/Airport_Hwy_at_McCord_Rd.jpg","refreshMs":30000,"attribution":"Ora (Warner Varnado) · Ohio DOT"}},{"type":"Feature","geometry":{"type":"Point","coordinates":[-84.34525,39.07293]},"properties":{"id":"ora-oh-336","name":"SR-125 at Wolfangel Rd, 4336","state":"OH","provider":"Ohio DOT","hls":null,"snapshot":"https://itscameras.dot.state.oh.us/images/artimis/wolfangel19.jpg","refreshMs":30000,"attribution":"Ora (Warner Varnado) · Ohio DOT"}},{"type":"Feature","geometry":{"type":"Point","coordinates":[-84.17548,39.75444]},"properties":{"id":"ora-oh-337","name":"US-35 at S Keowee St, 1050","state":"OH","provider":"Ohio DOT","hls":null,"snapshot":"https://itscameras.dot.state.oh.us/images/dayton/US-35_at_S_Keowee_St.jpg","refreshMs":30000,"attribution":"Ora (Warner Varnado) · Ohio DOT"}},{"type":"Feature","geometry":{"type":"Point","coordinates":[-81.69226,41.46783]},"properties":{"id":"ora-oh-338","name":"I-71 at Clark Ave, N of SR-176, 3016","state":"OH","provider":"Ohio DOT","hls":null,"snapshot":"https://itscameras.dot.state.oh.us/images/CLE/CLE059-L.jpg","refreshMs":30000,"attribution":"Ora (Warner Varnado) · Ohio DOT"}},{"type":"Feature","geometry":{"type":"Point","coordinates":[-82.98269,39.952307]},"properties":{"id":"ora-oh-339","name":"(City of Columbus) Livingston Ave at Parsons Ave","state":"OH","provider":"Ohio DOT","hls":null,"snapshot":"https://itscameras.dot.state.oh.us/images/CMH/Livingston-Parsons.jpg","refreshMs":30000,"attribution":"Ora (Warner Varnado) · Ohio DOT"}},{"type":"Feature","geometry":{"type":"Point","coordinates":[-81.42499,39.40922]},"properties":{"id":"ora-oh-340","name":"I-77 at SR-7, D10-001","state":"OH","provider":"Ohio DOT","hls":null,"snapshot":"https://itscameras.dot.state.oh.us:443/images/D10/D10-001.jpg","refreshMs":30000,"attribution":"Ora (Warner Varnado) · Ohio DOT"}},{"type":"Feature","geometry":{"type":"Point","coordinates":[-83.551865,41.597008]},"properties":{"id":"ora-oh-341","name":"I-75 at North of Buck Rd, 5012","state":"OH","provider":"Ohio DOT","hls":null,"snapshot":"https://itscameras.dot.state.oh.us/images/toledo/I-75_at_N_of_Buck_Rd.jpg","refreshMs":30000,"attribution":"Ora (Warner Varnado) · Ohio DOT"}},{"type":"Feature","geometry":{"type":"Point","coordinates":[-84.115733,39.415578]},"properties":{"id":"ora-oh-342","name":"I-71 at Jeremiah Morrow Bridge, 4099","state":"OH","provider":"Ohio DOT","hls":null,"snapshot":"https://itscameras.dot.state.oh.us/images/cincinnati/I-71_at_Jeremiah_Morrow_Bridge.jpg","refreshMs":30000,"attribution":"Ora (Warner Varnado) · Ohio DOT"}},{"type":"Feature","geometry":{"type":"Point","coordinates":[-82.914745,39.956608]},"properties":{"id":"ora-oh-343","name":"(City of Columbus) James Rd at Main St","state":"OH","provider":"Ohio DOT","hls":null,"snapshot":"https://itscameras.dot.state.oh.us/images/CMH/James-Main.jpg","refreshMs":30000,"attribution":"Ora (Warner Varnado) · Ohio DOT"}},{"type":"Feature","geometry":{"type":"Point","coordinates":[-81.65994,41.47035]},"properties":{"id":"ora-oh-344","name":"I-77 at Pershing Ave, 3024","state":"OH","provider":"Ohio DOT","hls":null,"snapshot":"https://itscameras.dot.state.oh.us/images/CLE/CLE079-L.jpg","refreshMs":30000,"attribution":"Ora (Warner Varnado) · Ohio DOT"}},{"type":"Feature","geometry":{"type":"Point","coordinates":[-83.68981,41.7051]},"properties":{"id":"ora-oh-345","name":"US-23 at S of SR-51, 5055","state":"OH","provider":"Ohio DOT","hls":null,"snapshot":"https://itscameras.dot.state.oh.us/images/toledo/US-23_at_S_of_SR-51.jpg","refreshMs":30000,"attribution":"Ora (Warner Varnado) · Ohio DOT"}},{"type":"Feature","geometry":{"type":"Point","coordinates":[-83.0515,40.2418]},"properties":{"id":"ora-oh-346","name":"US-23 at Cheshire Rd, 2216","state":"OH","provider":"Ohio DOT","hls":null,"snapshot":"https://itscameras.dot.state.oh.us:443/images/CMH/CCTV2216.jpg","refreshMs":30000,"attribution":"Ora (Warner Varnado) · Ohio DOT"}},{"type":"Feature","geometry":{"type":"Point","coordinates":[-81.455165,40.95523]},"properties":{"id":"ora-oh-347","name":"I-77 at Graybill Rd, 6029","state":"OH","provider":"Ohio DOT","hls":null,"snapshot":"https://itscameras.dot.state.oh.us/images/CLE/CLE144a.jpg","refreshMs":30000,"attribution":"Ora (Warner Varnado) · Ohio DOT"}},{"type":"Feature","geometry":{"type":"Point","coordinates":[-84.684178,39.214816]},"properties":{"id":"ora-oh-348","name":"I-74 at Wesselman Rd, 4149","state":"OH","provider":"Ohio DOT","hls":null,"snapshot":"https://itscameras.dot.state.oh.us/images/artimis/CCTV149.jpg","refreshMs":30000,"attribution":"Ora (Warner Varnado) · Ohio DOT"}},{"type":"Feature","geometry":{"type":"Point","coordinates":[-81.505714,41.047057]},"properties":{"id":"ora-oh-349","name":"I-77 at E Archwood Ave, 6036","state":"OH","provider":"Ohio DOT","hls":null,"snapshot":"https://itscameras.dot.state.oh.us/images/CLE/CLE162-L.jpg","refreshMs":30000,"attribution":"Ora (Warner Varnado) · Ohio DOT"}},{"type":"Feature","geometry":{"type":"Point","coordinates":[-80.634729,41.159645]},"properties":{"id":"ora-oh-350","name":"I-80 at Loganway Ave, 6068","state":"OH","provider":"Ohio DOT","hls":null,"snapshot":"https://itscameras.dot.state.oh.us/images/CLE/I-80_at_Loganway_Ave.jpg","refreshMs":30000,"attribution":"Ora (Warner Varnado) · Ohio DOT"}},{"type":"Feature","geometry":{"type":"Point","coordinates":[-82.67127,41.41519]},"properties":{"id":"ora-oh-351","name":"US-250 at Hull Rd, D03-007","state":"OH","provider":"Ohio DOT","hls":null,"snapshot":"https://itscameras.dot.state.oh.us:443/images/D03/US-250_at_Hull_Rd.jpg","refreshMs":30000,"attribution":"Ora (Warner Varnado) · Ohio DOT"}},{"type":"Feature","geometry":{"type":"Point","coordinates":[-81.61874,41.41148]},"properties":{"id":"ora-oh-352","name":"I-480 at Transportation Blvd, 3072","state":"OH","provider":"Ohio DOT","hls":null,"snapshot":"https://itscameras.dot.state.oh.us/images/CLE/CLE224.jpg","refreshMs":30000,"attribution":"Ora (Warner Varnado) · Ohio DOT"}},{"type":"Feature","geometry":{"type":"Point","coordinates":[-81.8182,41.41762]},"properties":{"id":"ora-oh-353","name":"I-71 at I-480, 3007","state":"OH","provider":"Ohio DOT","hls":null,"snapshot":"https://itscameras.dot.state.oh.us/images/CLE/CLE037.jpg","refreshMs":30000,"attribution":"Ora (Warner Varnado) · Ohio DOT"}},{"type":"Feature","geometry":{"type":"Point","coordinates":[-82.84361,39.9545]},"properties":{"id":"ora-oh-354","name":"I-270 at E Main St, 2100","state":"OH","provider":"Ohio DOT","hls":null,"snapshot":"https://itscameras.dot.state.oh.us/images/CMH/I-270_at_E_Main_St.jpg","refreshMs":30000,"attribution":"Ora (Warner Varnado) · Ohio DOT"}},{"type":"Feature","geometry":{"type":"Point","coordinates":[-84.0902,39.7696]},"properties":{"id":"ora-oh-355","name":"I-675 at Colonel Glenn Highway, 1045","state":"OH","provider":"Ohio DOT","hls":null,"snapshot":"https://itscameras.dot.state.oh.us/images/Dayton/I-675_at_Colonel_Glenn_Highway.jpg","refreshMs":30000,"attribution":"Ora (Warner Varnado) · Ohio DOT"}},{"type":"Feature","geometry":{"type":"Point","coordinates":[-83.85398,39.89575]},"properties":{"id":"ora-oh-356","name":"I-70 at US-68, 1012","state":"OH","provider":"Ohio DOT","hls":null,"snapshot":"https://itscameras.dot.state.oh.us/images/dayton/I-70_at_US-68.jpg","refreshMs":30000,"attribution":"Ora (Warner Varnado) · Ohio DOT"}},{"type":"Feature","geometry":{"type":"Point","coordinates":[-81.57872,39.99894]},"properties":{"id":"ora-oh-357","name":"I-70 at SR-209, D05-001","state":"OH","provider":"Ohio DOT","hls":null,"snapshot":"https://itscameras.dot.state.oh.us:443/images/D05/d05-001.jpg","refreshMs":30000,"attribution":"Ora (Warner Varnado) · Ohio DOT"}},{"type":"Feature","geometry":{"type":"Point","coordinates":[-83.568535,41.666865]},"properties":{"id":"ora-oh-358","name":"I-75 at North Detroit Ave, 5019","state":"OH","provider":"Ohio DOT","hls":null,"snapshot":"https://itscameras.dot.state.oh.us/images/toledo/I-75_at_North_Detroit_Ave.jpg","refreshMs":30000,"attribution":"Ora (Warner Varnado) · Ohio DOT"}},{"type":"Feature","geometry":{"type":"Point","coordinates":[-84.15832,39.64681]},"properties":{"id":"ora-oh-359","name":"I-675 at SR-48/Far Hills Ave, 1040","state":"OH","provider":"Ohio DOT","hls":null,"snapshot":"https://itscameras.dot.state.oh.us/images/dayton/I-675_at_SR-48.jpg","refreshMs":30000,"attribution":"Ora (Warner Varnado) · Ohio DOT"}},{"type":"Feature","geometry":{"type":"Point","coordinates":[-84.52886,39.10504]},"properties":{"id":"ora-oh-360","name":"I-75 at Linn St, 4091","state":"OH","provider":"Ohio DOT","hls":null,"snapshot":"https://itscameras.dot.state.oh.us:443/images/artimis/CCTV091a-L.jpg","refreshMs":30000,"attribution":"Ora (Warner Varnado) · Ohio DOT"}},{"type":"Feature","geometry":{"type":"Point","coordinates":[-81.4997,41.10216]},"properties":{"id":"ora-oh-361","name":"SR-8 at E Tallmadge Ave, 6055","state":"OH","provider":"Ohio DOT","hls":null,"snapshot":"https://itscameras.dot.state.oh.us:443/images/CLE/CLE024-L.jpg","refreshMs":30000,"attribution":"Ora (Warner Varnado) · Ohio DOT"}},{"type":"Feature","geometry":{"type":"Point","coordinates":[-81.62823,41.118906]},"properties":{"id":"ora-oh-362","name":"I-77 at Brunsdorph Dr, 6042","state":"OH","provider":"Ohio DOT","hls":null,"snapshot":"https://itscameras.dot.state.oh.us/images/CLE/CLE176-L.jpg","refreshMs":30000,"attribution":"Ora (Warner Varnado) · Ohio DOT"}},{"type":"Feature","geometry":{"type":"Point","coordinates":[-81.176034,41.708949]},"properties":{"id":"ora-oh-363","name":"I-90 at Vrooman Rd, 3098","state":"OH","provider":"Ohio DOT","hls":null,"snapshot":"https://itscameras.dot.state.oh.us/images/CLE/CLE3098.jpg","refreshMs":30000,"attribution":"Ora (Warner Varnado) · Ohio DOT"}},{"type":"Feature","geometry":{"type":"Point","coordinates":[-81.50084,41.25619]},"properties":{"id":"ora-oh-364","name":"SR-8 at I-80, 3080","state":"OH","provider":"Ohio DOT","hls":null,"snapshot":"https://itscameras.dot.state.oh.us/images/CLE/CLE015-L.jpg","refreshMs":30000,"attribution":"Ora (Warner Varnado) · Ohio DOT"}},{"type":"Feature","geometry":{"type":"Point","coordinates":[-84.23474,39.60729]},"properties":{"id":"ora-oh-365","name":"I-75 at South of I-675, 1021","state":"OH","provider":"Ohio DOT","hls":null,"snapshot":"https://itscameras.dot.state.oh.us/images/dayton/I-75_at_South_of_I-675.jpg","refreshMs":30000,"attribution":"Ora (Warner Varnado) · Ohio DOT"}},{"type":"Feature","geometry":{"type":"Point","coordinates":[-82.11645,41.40468]},"properties":{"id":"ora-oh-366","name":"I-90 at SR-57, D03-004","state":"OH","provider":"Ohio DOT","hls":null,"snapshot":"https://itscameras.dot.state.oh.us:443/images/D03/d03-I-90_at_SR-57.jpg","refreshMs":30000,"attribution":"Ora (Warner Varnado) · Ohio DOT"}},{"type":"Feature","geometry":{"type":"Point","coordinates":[-83.139922,40.075307]},"properties":{"id":"ora-oh-367","name":"(City of Columbus) Tuttle Crossing Blvd at Britton Pkwy","state":"OH","provider":"Ohio DOT","hls":null,"snapshot":"https://itscameras.dot.state.oh.us/images/CMH/britton-tuttle.jpg","refreshMs":30000,"attribution":"Ora (Warner Varnado) · Ohio DOT"}},{"type":"Feature","geometry":{"type":"Point","coordinates":[-84.515681,39.161639]},"properties":{"id":"ora-oh-368","name":"I-75 at Clifton Ave, 4127","state":"OH","provider":"Ohio DOT","hls":null,"snapshot":"https://itscameras.dot.state.oh.us/images/cincinnati/I-75_at_Clifton_Ave.jpg","refreshMs":30000,"attribution":"Ora (Warner Varnado) · Ohio DOT"}},{"type":"Feature","geometry":{"type":"Point","coordinates":[-83.02007,38.88106]},"properties":{"id":"ora-oh-369","name":"SR-104 at SR-348, D09-005","state":"OH","provider":"Ohio DOT","hls":null,"snapshot":"https://itscameras.dot.state.oh.us:443/images/D09/SR-104_at_SR-348.jpg","refreshMs":30000,"attribution":"Ora (Warner Varnado) · Ohio DOT"}},{"type":"Feature","geometry":{"type":"Point","coordinates":[-82.65716,41.40117]},"properties":{"id":"ora-oh-370","name":"US-250 at SR-2 WB Ramp, D03-009","state":"OH","provider":"Ohio DOT","hls":null,"snapshot":"https://itscameras.dot.state.oh.us:443/images/D03/US-250_at_SR-2_WB_Ramp.jpg","refreshMs":30000,"attribution":"Ora (Warner Varnado) · Ohio DOT"}},{"type":"Feature","geometry":{"type":"Point","coordinates":[-81.5144,41.37126]},"properties":{"id":"ora-oh-371","name":"I-271 at SR-14 / Broadway Ave, 3060","state":"OH","provider":"Ohio DOT","hls":null,"snapshot":"https://itscameras.dot.state.oh.us/images/CLE/CLE189-L.jpg","refreshMs":30000,"attribution":"Ora (Warner Varnado) · Ohio DOT"}},{"type":"Feature","geometry":{"type":"Point","coordinates":[-84.425497,39.848834]},"properties":{"id":"ora-oh-372","name":"I-70 at Arlington Rd, 1069","state":"OH","provider":"Ohio DOT","hls":null,"snapshot":"https://itscameras.dot.state.oh.us/images/dayton/Day1069.jpg","refreshMs":30000,"attribution":"Ora (Warner Varnado) · Ohio DOT"}},{"type":"Feature","geometry":{"type":"Point","coordinates":[-84.27918,39.06468]},"properties":{"id":"ora-oh-373","name":"SR-125 at Glen Este-Withamsville Rd, 4337","state":"OH","provider":"Ohio DOT","hls":null,"snapshot":"https://itscameras.dot.state.oh.us/images/artimis/withamsville3.jpg","refreshMs":30000,"attribution":"Ora (Warner Varnado) · Ohio DOT"}},{"type":"Feature","geometry":{"type":"Point","coordinates":[-84.13972,39.75057]},"properties":{"id":"ora-oh-374","name":"US-35 at Smithville Rd, 1052","state":"OH","provider":"Ohio DOT","hls":null,"snapshot":"https://itscameras.dot.state.oh.us/images/dayton/US-35_at_Smithville_Rd.jpg","refreshMs":30000,"attribution":"Ora (Warner Varnado) · Ohio DOT"}},{"type":"Feature","geometry":{"type":"Point","coordinates":[-81.487928,41.119568]},"properties":{"id":"ora-oh-375","name":"SR-8 at Howe Ave, 6057","state":"OH","provider":"Ohio DOT","hls":null,"snapshot":"https://itscameras.dot.state.oh.us/images/CLE/CLE029a.jpg","refreshMs":30000,"attribution":"Ora (Warner Varnado) · Ohio DOT"}},{"type":"Feature","geometry":{"type":"Point","coordinates":[-82.67736,41.42122]},"properties":{"id":"ora-oh-376","name":"US-250 at Strub Rd, D03-010","state":"OH","provider":"Ohio DOT","hls":null,"snapshot":"https://itscameras.dot.state.oh.us:443/images/D03/US-250_at_Strub_Rd.jpg","refreshMs":30000,"attribution":"Ora (Warner Varnado) · Ohio DOT"}},{"type":"Feature","geometry":{"type":"Point","coordinates":[-83.62255,41.68673]},"properties":{"id":"ora-oh-377","name":"I-475 at Secor Rd, 5050","state":"OH","provider":"Ohio DOT","hls":null,"snapshot":"https://itscameras.dot.state.oh.us/images/toledo/I-475_at_Secor_Rd.jpg","refreshMs":30000,"attribution":"Ora (Warner Varnado) · Ohio DOT"}},{"type":"Feature","geometry":{"type":"Point","coordinates":[-83.002269,40.015211]},"properties":{"id":"ora-oh-378","name":"(City of Columbus) Hudson St at Indianola Ave","state":"OH","provider":"Ohio DOT","hls":null,"snapshot":"https://itscameras.dot.state.oh.us/images/CMH/Hudson-Indianola.jpg","refreshMs":30000,"attribution":"Ora (Warner Varnado) · Ohio DOT"}},{"type":"Feature","geometry":{"type":"Point","coordinates":[-80.847851,40.069342]},"properties":{"id":"ora-oh-379","name":"I-70 at I-470, D11-006","state":"OH","provider":"Ohio DOT","hls":null,"snapshot":"https://itscameras.dot.state.oh.us/images/D11/D11-006.jpg","refreshMs":30000,"attribution":"Ora (Warner Varnado) · Ohio DOT"}},{"type":"Feature","geometry":{"type":"Point","coordinates":[-83.541778,41.608734]},"properties":{"id":"ora-oh-380","name":"I-75 at Wales Rd, 5013","state":"OH","provider":"Ohio DOT","hls":null,"snapshot":"https://itscameras.dot.state.oh.us/images/toledo/I-75_at_Wales_Rd.jpg","refreshMs":30000,"attribution":"Ora (Warner Varnado) · Ohio DOT"}},{"type":"Feature","geometry":{"type":"Point","coordinates":[-83.07577,40.581172]},"properties":{"id":"ora-oh-381","name":"US-23 at SR-95, 2145","state":"OH","provider":"Ohio DOT","hls":null,"snapshot":"https://itscameras.dot.state.oh.us/images/CMH/CCTV2145.jpg","refreshMs":30000,"attribution":"Ora (Warner Varnado) · Ohio DOT"}},{"type":"Feature","geometry":{"type":"Point","coordinates":[-84.29631,39.06567]},"properties":{"id":"ora-oh-382","name":"SR-125 at Nine Mile/Commercial Blvd, 4317","state":"OH","provider":"Ohio DOT","hls":null,"snapshot":"https://itscameras.dot.state.oh.us/images/artimis/9mile67.jpg","refreshMs":30000,"attribution":"Ora (Warner Varnado) · Ohio DOT"}},{"type":"Feature","geometry":{"type":"Point","coordinates":[-83.027949,39.997521]},"properties":{"id":"ora-oh-383","name":"(City of Columbus) SR-315 SB ramp at Kinnear Rd","state":"OH","provider":"Ohio DOT","hls":null,"snapshot":"https://itscameras.dot.state.oh.us/images/CMH/SR-315SB-Kinnear.jpg","refreshMs":30000,"attribution":"Ora (Warner Varnado) · Ohio DOT"}},{"type":"Feature","geometry":{"type":"Point","coordinates":[-81.70853,41.47371]},"properties":{"id":"ora-oh-384","name":"I-90 at Fulton Rd, 3040","state":"OH","provider":"Ohio DOT","hls":null,"snapshot":"https://itscameras.dot.state.oh.us/images/CLE/CLE126-L.jpg","refreshMs":30000,"attribution":"Ora (Warner Varnado) · Ohio DOT"}},{"type":"Feature","geometry":{"type":"Point","coordinates":[-83.55419,41.65494]},"properties":{"id":"ora-oh-385","name":"I-75 at Collingwood Blvd, 5017","state":"OH","provider":"Ohio DOT","hls":null,"snapshot":"https://itscameras.dot.state.oh.us/images/toledo/I-75_at_Collingwood_Blvd.jpg","refreshMs":30000,"attribution":"Ora (Warner Varnado) · Ohio DOT"}},{"type":"Feature","geometry":{"type":"Point","coordinates":[-84.58814,39.22617]},"properties":{"id":"ora-oh-386","name":"Colerain Ave at SR-126 WB Ramp, 4391","state":"OH","provider":"Ohio DOT","hls":null,"snapshot":"https://itscameras.dot.state.oh.us/images/artimis/Colerain_Ave_at_SR-126_WB.jpg","refreshMs":30000,"attribution":"Ora (Warner Varnado) · Ohio DOT"}},{"type":"Feature","geometry":{"type":"Point","coordinates":[-83.128823,40.049541]},"properties":{"id":"ora-oh-387","name":"I-270 at Davidson Rd, 2146","state":"OH","provider":"Ohio DOT","hls":null,"snapshot":"https://itscameras.dot.state.oh.us/images/CMH/CCTV2146.jpg","refreshMs":30000,"attribution":"Ora (Warner Varnado) · Ohio DOT"}},{"type":"Feature","geometry":{"type":"Point","coordinates":[-84.31494,39.0721]},"properties":{"id":"ora-oh-388","name":"SR-125 at Nordyke Rd , 4334","state":"OH","provider":"Ohio DOT","hls":null,"snapshot":"https://itscameras.dot.state.oh.us/images/artimis/nordyke179.jpg","refreshMs":30000,"attribution":"Ora (Warner Varnado) · Ohio DOT"}},{"type":"Feature","geometry":{"type":"Point","coordinates":[-83.548358,41.645995]},"properties":{"id":"ora-oh-389","name":"I-75 at SR-25, Anthony Wayne Trail, 5016","state":"OH","provider":"Ohio DOT","hls":null,"snapshot":"https://itscameras.dot.state.oh.us/images/toledo/I-75_at_SR-25.jpg","refreshMs":30000,"attribution":"Ora (Warner Varnado) · Ohio DOT"}},{"type":"Feature","geometry":{"type":"Point","coordinates":[-83.00441,39.86253]},"properties":{"id":"ora-oh-390","name":"(City of Columbus) High St at Rathmell Rd","state":"OH","provider":"Ohio DOT","hls":null,"snapshot":"https://itscameras.dot.state.oh.us/images/CMH/High-Rathmell.jpg","refreshMs":30000,"attribution":"Ora (Warner Varnado) · Ohio DOT"}},{"type":"Feature","geometry":{"type":"Point","coordinates":[-83.51846,41.69003]},"properties":{"id":"ora-oh-391","name":"I-75 at I-280, 5025","state":"OH","provider":"Ohio DOT","hls":null,"snapshot":"https://itscameras.dot.state.oh.us:443/images/toledo/I-75_at_I-280.jpg","refreshMs":30000,"attribution":"Ora (Warner Varnado) · Ohio DOT"}},{"type":"Feature","geometry":{"type":"Point","coordinates":[-81.51126,41.59612]},"properties":{"id":"ora-oh-392","name":"I-90 at Babbit Rd, 3053","state":"OH","provider":"Ohio DOT","hls":null,"snapshot":"https://itscameras.dot.state.oh.us/images/CLE/CLE152-L.jpg","refreshMs":30000,"attribution":"Ora (Warner Varnado) · Ohio DOT"}},{"type":"Feature","geometry":{"type":"Point","coordinates":[-84.05541,39.86577]},"properties":{"id":"ora-oh-393","name":"I-70 at SR-4 / SR-235, 1008","state":"OH","provider":"Ohio DOT","hls":null,"snapshot":"https://itscameras.dot.state.oh.us/images/dayton/I-70_at_SR-4.jpg","refreshMs":30000,"attribution":"Ora (Warner Varnado) · Ohio DOT"}},{"type":"Feature","geometry":{"type":"Point","coordinates":[-84.677467,39.214267]},"properties":{"id":"ora-oh-394","name":"I-74 at I-275 N, 4148","state":"OH","provider":"Ohio DOT","hls":null,"snapshot":"https://itscameras.dot.state.oh.us/images/artimis/CCTV148.jpg","refreshMs":30000,"attribution":"Ora (Warner Varnado) · Ohio DOT"}},{"type":"Feature","geometry":{"type":"Point","coordinates":[-82.9768,39.34854]},"properties":{"id":"ora-oh-395","name":"US-35 at SR-159 (PTZ), D09-001","state":"OH","provider":"Ohio DOT","hls":null,"snapshot":"https://itscameras.dot.state.oh.us/images/CHI/CHI010.jpg","refreshMs":30000,"attribution":"Ora (Warner Varnado) · Ohio DOT"}},{"type":"Feature","geometry":{"type":"Point","coordinates":[-82.97616,39.34852]},"properties":{"id":"ora-oh-396","name":"US-35 at SR-159 (East), D09-001","state":"OH","provider":"Ohio DOT","hls":null,"snapshot":"https://itscameras.dot.state.oh.us/images/CHI/CHI012.jpg","refreshMs":30000,"attribution":"Ora (Warner Varnado) · Ohio DOT"}},{"type":"Feature","geometry":{"type":"Point","coordinates":[-82.97734,39.34856]},"properties":{"id":"ora-oh-397","name":"US-35 at SR-159 (West), D09-001","state":"OH","provider":"Ohio DOT","hls":null,"snapshot":"https://itscameras.dot.state.oh.us/images/CHI/CHI011.jpg","refreshMs":30000,"attribution":"Ora (Warner Varnado) · Ohio DOT"}},{"type":"Feature","geometry":{"type":"Point","coordinates":[-83.073887,39.954982]},"properties":{"id":"ora-oh-398","name":"(City of Columbus) Broad St at Hague Ave","state":"OH","provider":"Ohio DOT","hls":null,"snapshot":"https://itscameras.dot.state.oh.us/images/CMH/Broad-Hague.jpg","refreshMs":30000,"attribution":"Ora (Warner Varnado) · Ohio DOT"}},{"type":"Feature","geometry":{"type":"Point","coordinates":[-84.816838,39.150654]},"properties":{"id":"ora-oh-399","name":"I-275 at US-50 Underpass (E of OH/IN Line), 4062","state":"OH","provider":"Ohio DOT","hls":null,"snapshot":"https://itscameras.dot.state.oh.us/images/artimis/CCTV062.jpg","refreshMs":30000,"attribution":"Ora (Warner Varnado) · Ohio DOT"}},{"type":"Feature","geometry":{"type":"Point","coordinates":[-82.96304,39.94922]},"properties":{"id":"ora-oh-400","name":"(City of Columbus) Livingston Ave at Lockbourne Rd","state":"OH","provider":"Ohio DOT","hls":null,"snapshot":"https://itscameras.dot.state.oh.us/images/CMH/Livingston-Lockbourne.jpg","refreshMs":30000,"attribution":"Ora (Warner Varnado) · Ohio DOT"}},{"type":"Feature","geometry":{"type":"Point","coordinates":[-83.048582,39.879133]},"properties":{"id":"ora-oh-401","name":"I-71 at Stringtown Rd, 2189","state":"OH","provider":"Ohio DOT","hls":null,"snapshot":"https://itscameras.dot.state.oh.us/images/CMH/I-71_at_Stringtown.jpg","refreshMs":30000,"attribution":"Ora (Warner Varnado) · Ohio DOT"}},{"type":"Feature","geometry":{"type":"Point","coordinates":[-84.59224,39.23711]},"properties":{"id":"ora-oh-402","name":"US-27 at Compton Rd, 4376","state":"OH","provider":"Ohio DOT","hls":null,"snapshot":"https://itscameras.dot.state.oh.us/images/artimis/compton195.jpg","refreshMs":30000,"attribution":"Ora (Warner Varnado) · Ohio DOT"}},{"type":"Feature","geometry":{"type":"Point","coordinates":[-83.01599,40.11962]},"properties":{"id":"ora-oh-403","name":"US-23 NB Trench South end, near Campus View Blvd, 2225","state":"OH","provider":"Ohio DOT","hls":null,"snapshot":"https://itscameras.dot.state.oh.us:443/images/CMH/US-23NB_Trench_South.jpg","refreshMs":30000,"attribution":"Ora (Warner Varnado) · Ohio DOT"}},{"type":"Feature","geometry":{"type":"Point","coordinates":[-81.639092,41.145571]},"properties":{"id":"ora-oh-404","name":"I-77 at N Cleveland Massillon Rd, 6045","state":"OH","provider":"Ohio DOT","hls":null,"snapshot":"https://itscameras.dot.state.oh.us/images/CLE/CLE182.jpg","refreshMs":30000,"attribution":"Ora (Warner Varnado) · Ohio DOT"}},{"type":"Feature","geometry":{"type":"Point","coordinates":[-83.5613,41.586968]},"properties":{"id":"ora-oh-405","name":"I-75 at Buck Rd, 5011","state":"OH","provider":"Ohio DOT","hls":null,"snapshot":"https://itscameras.dot.state.oh.us/images/toledo/I-75_at_Buck_Rd.jpg","refreshMs":30000,"attribution":"Ora (Warner Varnado) · Ohio DOT"}},{"type":"Feature","geometry":{"type":"Point","coordinates":[-81.67478,41.49239]},"properties":{"id":"ora-oh-406","name":"I-77 at S of I-90, 3027","state":"OH","provider":"Ohio DOT","hls":null,"snapshot":"https://itscameras.dot.state.oh.us/images/CLE/CLE085-L.jpg","refreshMs":30000,"attribution":"Ora (Warner Varnado) · Ohio DOT"}},{"type":"Feature","geometry":{"type":"Point","coordinates":[-84.60404,39.26237]},"properties":{"id":"ora-oh-407","name":"US-27/Colerain Ave at Raeann Dr, 4385","state":"OH","provider":"Ohio DOT","hls":null,"snapshot":"https://itscameras.dot.state.oh.us/images/artimis/US-27_Raeann.jpg","refreshMs":30000,"attribution":"Ora (Warner Varnado) · Ohio DOT"}},{"type":"Feature","geometry":{"type":"Point","coordinates":[-81.39691,40.82923]},"properties":{"id":"ora-oh-408","name":"I-77 at US-62, 6023","state":"OH","provider":"Ohio DOT","hls":null,"snapshot":"https://itscameras.dot.state.oh.us/images/CLE/CLE124a.jpg","refreshMs":30000,"attribution":"Ora (Warner Varnado) · Ohio DOT"}},{"type":"Feature","geometry":{"type":"Point","coordinates":[-84.300675,39.305171]},"properties":{"id":"ora-oh-409","name":"I-71 at N of Fields Ertel Rd, 4160","state":"OH","provider":"Ohio DOT","hls":null,"snapshot":"https://itscameras.dot.state.oh.us/images/artimis/CCTV4160.jpg","refreshMs":30000,"attribution":"Ora (Warner Varnado) · Ohio DOT"}},{"type":"Feature","geometry":{"type":"Point","coordinates":[-81.441911,41.06452]},"properties":{"id":"ora-oh-410","name":"I-76 at N Canton Rd, 6014","state":"OH","provider":"Ohio DOT","hls":null,"snapshot":"https://itscameras.dot.state.oh.us/images/CLE/CLE097-L.jpg","refreshMs":30000,"attribution":"Ora (Warner Varnado) · Ohio DOT"}},{"type":"Feature","geometry":{"type":"Point","coordinates":[-84.13773,39.8704]},"properties":{"id":"ora-oh-411","name":"I-70 at SR-202 / Old Troy Pike, 1006","state":"OH","provider":"Ohio DOT","hls":null,"snapshot":"https://itscameras.dot.state.oh.us/images/dayton/I-70_at_SR-202.jpg","refreshMs":30000,"attribution":"Ora (Warner Varnado) · Ohio DOT"}},{"type":"Feature","geometry":{"type":"Point","coordinates":[-82.963946,40.167503]},"properties":{"id":"ora-oh-412","name":"I-71 at Bale Kenyon Rd, 2148","state":"OH","provider":"Ohio DOT","hls":null,"snapshot":"https://itscameras.dot.state.oh.us/images/CMH/CCTV2148.jpg","refreshMs":30000,"attribution":"Ora (Warner Varnado) · Ohio DOT"}},{"type":"Feature","geometry":{"type":"Point","coordinates":[-82.910683,40.05776]},"properties":{"id":"ora-oh-413","name":"(City of Columbus) Morse Rd at Stelzer Rd","state":"OH","provider":"Ohio DOT","hls":null,"snapshot":"https://itscameras.dot.state.oh.us/images/CMH/Morse-Stelzer.jpg","refreshMs":30000,"attribution":"Ora (Warner Varnado) · Ohio DOT"}},{"type":"Feature","geometry":{"type":"Point","coordinates":[-83.58511,41.564817]},"properties":{"id":"ora-oh-414","name":"I-75 at SR-795, Avenue Rd, 5009","state":"OH","provider":"Ohio DOT","hls":null,"snapshot":"https://itscameras.dot.state.oh.us/images/toledo/I-75_at_SR-795.jpg","refreshMs":30000,"attribution":"Ora (Warner Varnado) · Ohio DOT"}},{"type":"Feature","geometry":{"type":"Point","coordinates":[-81.654937,41.111485]},"properties":{"id":"ora-oh-415","name":"SR-21 at CR-83 / Ridgewood Rd, 6064","state":"OH","provider":"Ohio DOT","hls":null,"snapshot":"https://itscameras.dot.state.oh.us/images/CLE/CLE052-L.jpg","refreshMs":30000,"attribution":"Ora (Warner Varnado) · Ohio DOT"}},{"type":"Feature","geometry":{"type":"Point","coordinates":[-83.122524,40.077318]},"properties":{"id":"ora-oh-416","name":"(City of Columbus) Tuttle Crossing Blvd at Frantz Rd","state":"OH","provider":"Ohio DOT","hls":null,"snapshot":"https://itscameras.dot.state.oh.us/images/CMH/Frantz-Tuttle.jpg","refreshMs":30000,"attribution":"Ora (Warner Varnado) · Ohio DOT"}},{"type":"Feature","geometry":{"type":"Point","coordinates":[-81.651485,41.120328]},"properties":{"id":"ora-oh-417","name":"I-77 at SR-21, 6043","state":"OH","provider":"Ohio DOT","hls":null,"snapshot":"https://itscameras.dot.state.oh.us/images/CLE/CLE178-L.jpg","refreshMs":30000,"attribution":"Ora (Warner Varnado) · Ohio DOT"}},{"type":"Feature","geometry":{"type":"Point","coordinates":[-84.30608,39.07137]},"properties":{"id":"ora-oh-418","name":"SR-125 at Independence Dr, 4328","state":"OH","provider":"Ohio DOT","hls":null,"snapshot":"https://itscameras.dot.state.oh.us/images/artimis/independence131.jpg","refreshMs":30000,"attribution":"Ora (Warner Varnado) · Ohio DOT"}},{"type":"Feature","geometry":{"type":"Point","coordinates":[-82.832555,39.912675]},"properties":{"id":"ora-oh-419","name":"(City of Columbus) Brice Rd at Chatterton/Refugee Rd","state":"OH","provider":"Ohio DOT","hls":null,"snapshot":"https://itscameras.dot.state.oh.us/images/CMH/Brice-Chatterton-Refugee.jpg","refreshMs":30000,"attribution":"Ora (Warner Varnado) · Ohio DOT"}},{"type":"Feature","geometry":{"type":"Point","coordinates":[-80.837725,41.110291]},"properties":{"id":"ora-oh-420","name":"I-76 at I-80, 6072","state":"OH","provider":"Ohio DOT","hls":null,"snapshot":"https://itscameras.dot.state.oh.us/images/CLE/CCTV6072.jpg","refreshMs":30000,"attribution":"Ora (Warner Varnado) · Ohio DOT"}},{"type":"Feature","geometry":{"type":"Point","coordinates":[-84.09506,39.73964]},"properties":{"id":"ora-oh-421","name":"I-675 at US-35 / Dayton Xenia Rd, 1044","state":"OH","provider":"Ohio DOT","hls":null,"snapshot":"https://itscameras.dot.state.oh.us/images/dayton/I-675_at_US-35.jpg","refreshMs":30000,"attribution":"Ora (Warner Varnado) · Ohio DOT"}},{"type":"Feature","geometry":{"type":"Point","coordinates":[-84.47172,39.171119]},"properties":{"id":"ora-oh-422","name":"SR-562 at West of Reading Rd, 4115","state":"OH","provider":"Ohio DOT","hls":null,"snapshot":"https://itscameras.dot.state.oh.us/images/artimis/SR-562_at_West_of_Reading_Rd.jpg","refreshMs":30000,"attribution":"Ora (Warner Varnado) · Ohio DOT"}},{"type":"Feature","geometry":{"type":"Point","coordinates":[-80.664736,41.156165]},"properties":{"id":"ora-oh-423","name":"I-80 at SR-193, 6069","state":"OH","provider":"Ohio DOT","hls":null,"snapshot":"https://itscameras.dot.state.oh.us/images/CLE/CLE6069.jpg","refreshMs":30000,"attribution":"Ora (Warner Varnado) · Ohio DOT"}},{"type":"Feature","geometry":{"type":"Point","coordinates":[-83.67292,41.02795]},"properties":{"id":"ora-oh-424","name":"I-75 at US-68 / SR-15, D01-003","state":"OH","provider":"Ohio DOT","hls":null,"snapshot":"https://itscameras.dot.state.oh.us:443/images/D01/I-75_at_US-68_SR-15.jpg","refreshMs":30000,"attribution":"Ora (Warner Varnado) · Ohio DOT"}},{"type":"Feature","geometry":{"type":"Point","coordinates":[-83.64313,41.68788]},"properties":{"id":"ora-oh-425","name":"I-475 at Talmadge Rd, 5049","state":"OH","provider":"Ohio DOT","hls":null,"snapshot":"https://itscameras.dot.state.oh.us/images/toledo/I-475_at_Talmadge_Rd.jpg","refreshMs":30000,"attribution":"Ora (Warner Varnado) · Ohio DOT"}},{"type":"Feature","geometry":{"type":"Point","coordinates":[-82.912692,40.000033]},"properties":{"id":"ora-oh-426","name":"(City of Columbus) Stelzer Rd at International Gateway WB","state":"OH","provider":"Ohio DOT","hls":null,"snapshot":"https://itscameras.dot.state.oh.us/images/CMH/Stelzer-InternationalGtwyWB.jpg","refreshMs":30000,"attribution":"Ora (Warner Varnado) · Ohio DOT"}},{"type":"Feature","geometry":{"type":"Point","coordinates":[-82.966285,39.915894]},"properties":{"id":"ora-oh-427","name":"(City of Columbus) SR-104 at Lockbourne Rd","state":"OH","provider":"Ohio DOT","hls":null,"snapshot":"https://itscameras.dot.state.oh.us/images/CMH/SR104-Lockbourne.jpg","refreshMs":30000,"attribution":"Ora (Warner Varnado) · Ohio DOT"}},{"type":"Feature","geometry":{"type":"Point","coordinates":[-84.2462,39.04739]},"properties":{"id":"ora-oh-428","name":"SR-125 at Bach Buxton Rd, 4320","state":"OH","provider":"Ohio DOT","hls":null,"snapshot":"https://itscameras.dot.state.oh.us/images/artimis/SR-125_Bach_Buxton.jpg","refreshMs":30000,"attribution":"Ora (Warner Varnado) · Ohio DOT"}},{"type":"Feature","geometry":{"type":"Point","coordinates":[-82.96783,40.14794]},"properties":{"id":"ora-oh-429","name":"(City of Columbus) Gemini Place at Orion Place","state":"OH","provider":"Ohio DOT","hls":null,"snapshot":"https://itscameras.dot.state.oh.us/images/CMH/Gemini-Orion.jpg","refreshMs":30000,"attribution":"Ora (Warner Varnado) · Ohio DOT"}},{"type":"Feature","geometry":{"type":"Point","coordinates":[-84.31169,39.07188]},"properties":{"id":"ora-oh-430","name":"SR-125 at Cherry Grove, 4323","state":"OH","provider":"Ohio DOT","hls":null,"snapshot":"https://itscameras.dot.state.oh.us/images/artimis/Cherry163.jpg","refreshMs":30000,"attribution":"Ora (Warner Varnado) · Ohio DOT"}},{"type":"Feature","geometry":{"type":"Point","coordinates":[-83.60408,41.68551]},"properties":{"id":"ora-oh-431","name":"I-475 at Douglas Rd, 5052","state":"OH","provider":"Ohio DOT","hls":null,"snapshot":"https://itscameras.dot.state.oh.us/images/toledo/I-475_at_Douglas_Rd.jpg","refreshMs":30000,"attribution":"Ora (Warner Varnado) · Ohio DOT"}},{"type":"Feature","geometry":{"type":"Point","coordinates":[-82.535803,39.942148]},"properties":{"id":"ora-oh-432","name":"I-70 at SR-37, D05-005","state":"OH","provider":"Ohio DOT","hls":null,"snapshot":"https://itscameras.dot.state.oh.us/images/D05/D05-005.jpg","refreshMs":30000,"attribution":"Ora (Warner Varnado) · Ohio DOT"}},{"type":"Feature","geometry":{"type":"Point","coordinates":[-81.693561,41.478795]},"properties":{"id":"ora-oh-433","name":"I-90 at Kenilworth Ave, 3041","state":"OH","provider":"Ohio DOT","hls":null,"snapshot":"https://itscameras.dot.state.oh.us/images/CLE/CLE128.jpg","refreshMs":30000,"attribution":"Ora (Warner Varnado) · Ohio DOT"}},{"type":"Feature","geometry":{"type":"Point","coordinates":[-83.116583,39.929924]},"properties":{"id":"ora-oh-434","name":"(City of Columbus) Georgesville Rd at Hall Rd","state":"OH","provider":"Ohio DOT","hls":null,"snapshot":"https://itscameras.dot.state.oh.us/images/CMH/Georgesville-Hall.jpg","refreshMs":30000,"attribution":"Ora (Warner Varnado) · Ohio DOT"}},{"type":"Feature","geometry":{"type":"Point","coordinates":[-84.199594,39.76575]},"properties":{"id":"ora-oh-435","name":"I-75 at W Riverview Ave, 1028.5","state":"OH","provider":"Ohio DOT","hls":null,"snapshot":"https://itscameras.dot.state.oh.us/images/dayton/I-75_at_W_Riverview_Ave.jpg","refreshMs":30000,"attribution":"Ora (Warner Varnado) · Ohio DOT"}},{"type":"Feature","geometry":{"type":"Point","coordinates":[-82.9028,40.032852]},"properties":{"id":"ora-oh-436","name":"I-270 at McCutcheon Rd, 2104","state":"OH","provider":"Ohio DOT","hls":null,"snapshot":"https://itscameras.dot.state.oh.us/images/CMH/I-270_at_McCutcheon_Rd.jpg","refreshMs":30000,"attribution":"Ora (Warner Varnado) · Ohio DOT"}},{"type":"Feature","geometry":{"type":"Point","coordinates":[-82.56259,39.8998]},"properties":{"id":"ora-oh-437","name":"SR-37 at SR-204, D05-015","state":"OH","provider":"Ohio DOT","hls":null,"snapshot":"https://itscameras.dot.state.oh.us/images/D05/SR-37_SR-204.jpg","refreshMs":30000,"attribution":"Ora (Warner Varnado) · Ohio DOT"}},{"type":"Feature","geometry":{"type":"Point","coordinates":[-81.78015,41.44576]},"properties":{"id":"ora-oh-438","name":"I-71 at W 130th St, 3011","state":"OH","provider":"Ohio DOT","hls":null,"snapshot":"https://itscameras.dot.state.oh.us:443/images/CLE/CCTV3011-5.jpg","refreshMs":30000,"attribution":"Ora (Warner Varnado) · Ohio DOT"}},{"type":"Feature","geometry":{"type":"Point","coordinates":[-83.69509,41.646]},"properties":{"id":"ora-oh-439","name":"I-475 at Nebraska Ave, 5045","state":"OH","provider":"Ohio DOT","hls":null,"snapshot":"https://itscameras.dot.state.oh.us/images/toledo/I-475_at_Nebraska_Ave.jpg","refreshMs":30000,"attribution":"Ora (Warner Varnado) · Ohio DOT"}},{"type":"Feature","geometry":{"type":"Point","coordinates":[-80.63476,40.38696]},"properties":{"id":"ora-oh-440","name":"US-22/SR-7 at SR-213, D11-011","state":"OH","provider":"Ohio DOT","hls":null,"snapshot":"https://itscameras.dot.state.oh.us:443/images/D11/US-22_SR-7_SR-213_Quad.jpg","refreshMs":30000,"attribution":"Ora (Warner Varnado) · Ohio DOT"}},{"type":"Feature","geometry":{"type":"Point","coordinates":[-84.003371,39.782963]},"properties":{"id":"ora-oh-441","name":"I-675 at Dayton Yellow Springs Rd, 1061","state":"OH","provider":"Ohio DOT","hls":null,"snapshot":"https://itscameras.dot.state.oh.us/images/dayton/I-675_at_Dayton_Yellow_Springs_Rd.jpg","refreshMs":30000,"attribution":"Ora (Warner Varnado) · Ohio DOT"}},{"type":"Feature","geometry":{"type":"Point","coordinates":[-81.7985,41.238]},"properties":{"id":"ora-oh-442","name":"I-71 at SR-303, 3002","state":"OH","provider":"Ohio DOT","hls":null,"snapshot":"https://itscameras.dot.state.oh.us/images/CLE/CLE065.jpg","refreshMs":30000,"attribution":"Ora (Warner Varnado) · Ohio DOT"}},{"type":"Feature","geometry":{"type":"Point","coordinates":[-82.953271,40.059715]},"properties":{"id":"ora-oh-443","name":"(City of Columbus) Cleveland Ave at Morse Rd","state":"OH","provider":"Ohio DOT","hls":null,"snapshot":"https://itscameras.dot.state.oh.us/images/CMH/Cleveland-Morse.jpg","refreshMs":30000,"attribution":"Ora (Warner Varnado) · Ohio DOT"}},{"type":"Feature","geometry":{"type":"Point","coordinates":[-82.863259,39.915218]},"properties":{"id":"ora-oh-444","name":"(City of Columbus) Refugee/Chatterton Rd","state":"OH","provider":"Ohio DOT","hls":null,"snapshot":"https://itscameras.dot.state.oh.us/images/CMH/Refugee-Chatterton-NoeBixby.jpg","refreshMs":30000,"attribution":"Ora (Warner Varnado) · Ohio DOT"}},{"type":"Feature","geometry":{"type":"Point","coordinates":[-83.68835,41.71507]},"properties":{"id":"ora-oh-445","name":"US-23 at SR-51 / Monroe St, 5056","state":"OH","provider":"Ohio DOT","hls":null,"snapshot":"https://itscameras.dot.state.oh.us/images/toledo/US-23_at_SR-51.jpg","refreshMs":30000,"attribution":"Ora (Warner Varnado) · Ohio DOT"}},{"type":"Feature","geometry":{"type":"Point","coordinates":[-81.63191,41.53898]},"properties":{"id":"ora-oh-446","name":"I-90 at MLK Jr Dr, 3047","state":"OH","provider":"Ohio DOT","hls":null,"snapshot":"https://itscameras.dot.state.oh.us/images/CLE/CLE136-L.jpg","refreshMs":30000,"attribution":"Ora (Warner Varnado) · Ohio DOT"}},{"type":"Feature","geometry":{"type":"Point","coordinates":[-82.829832,39.923274]},"properties":{"id":"ora-oh-447","name":"(City of Columbus) Brice Rd at Gender Rd","state":"OH","provider":"Ohio DOT","hls":null,"snapshot":"https://itscameras.dot.state.oh.us/images/CMH/Brice-Gender.jpg","refreshMs":30000,"attribution":"Ora (Warner Varnado) · Ohio DOT"}},{"type":"Feature","geometry":{"type":"Point","coordinates":[-81.56134,39.99748]},"properties":{"id":"ora-oh-448","name":"I-70 at I-77, D05-003","state":"OH","provider":"Ohio DOT","hls":null,"snapshot":"https://itscameras.dot.state.oh.us:443/images/D05/I-70_at_I-77.jpg","refreshMs":30000,"attribution":"Ora (Warner Varnado) · Ohio DOT"}},{"type":"Feature","geometry":{"type":"Point","coordinates":[-81.6895,41.4744]},"properties":{"id":"ora-oh-449","name":"I-490 E of I-71 / I-90, 3077","state":"OH","provider":"Ohio DOT","hls":null,"snapshot":"https://itscameras.dot.state.oh.us/images/CLE/CLE242-L.jpg","refreshMs":30000,"attribution":"Ora (Warner Varnado) · Ohio DOT"}},{"type":"Feature","geometry":{"type":"Point","coordinates":[-84.532591,39.130107]},"properties":{"id":"ora-oh-450","name":"I-75 at S of Hopple St, 4125","state":"OH","provider":"Ohio DOT","hls":null,"snapshot":"https://itscameras.dot.state.oh.us/images/artimis/I-75_S_of_Hopple.jpg","refreshMs":30000,"attribution":"Ora (Warner Varnado) · Ohio DOT"}},{"type":"Feature","geometry":{"type":"Point","coordinates":[-83.50263,41.65144]},"properties":{"id":"ora-oh-451","name":"I-280 at Seaman Rd, 5036","state":"OH","provider":"Ohio DOT","hls":null,"snapshot":"https://itscameras.dot.state.oh.us/images/toledo/I-280_at_Seaman_Rd.jpg","refreshMs":30000,"attribution":"Ora (Warner Varnado) · Ohio DOT"}},{"type":"Feature","geometry":{"type":"Point","coordinates":[-81.61475,41.54567]},"properties":{"id":"ora-oh-452","name":"I-90 at E 105th St / Bratenahl Rd, 3048","state":"OH","provider":"Ohio DOT","hls":null,"snapshot":"https://itscameras.dot.state.oh.us/images/CLE/CLE140-L.jpg","refreshMs":30000,"attribution":"Ora (Warner Varnado) · Ohio DOT"}},{"type":"Feature","geometry":{"type":"Point","coordinates":[-81.564787,41.047467]},"properties":{"id":"ora-oh-453","name":"I-76 at Battles Ave, 6007","state":"OH","provider":"Ohio DOT","hls":null,"snapshot":"https://itscameras.dot.state.oh.us/images/CLE/CLE084-L.jpg","refreshMs":30000,"attribution":"Ora (Warner Varnado) · Ohio DOT"}},{"type":"Feature","geometry":{"type":"Point","coordinates":[-82.74449,39.83466]},"properties":{"id":"ora-oh-454","name":"US-33 at Pickerington Rd, D05-018","state":"OH","provider":"Ohio DOT","hls":null,"snapshot":"https://itscameras.dot.state.oh.us/images/CMH/US-33_at_Pickerington_Rd.jpg","refreshMs":30000,"attribution":"Ora (Warner Varnado) · Ohio DOT"}},{"type":"Feature","geometry":{"type":"Point","coordinates":[-82.98352,39.97827]},"properties":{"id":"ora-oh-455","name":"I-71 at I-670, 2000","state":"OH","provider":"Ohio DOT","hls":null,"snapshot":"https://itscameras.dot.state.oh.us:443/images/CMH/CMH129.jpg","refreshMs":30000,"attribution":"Ora (Warner Varnado) · Ohio DOT"}},{"type":"Feature","geometry":{"type":"Point","coordinates":[-84.33216,39.07306]},"properties":{"id":"ora-oh-456","name":"SR-125 at Nagel Rd, 4332","state":"OH","provider":"Ohio DOT","hls":null,"snapshot":"https://itscameras.dot.state.oh.us/images/artimis/SR-125_Nagel.jpg","refreshMs":30000,"attribution":"Ora (Warner Varnado) · Ohio DOT"}},{"type":"Feature","geometry":{"type":"Point","coordinates":[-81.44593,41.51973]},"properties":{"id":"ora-oh-457","name":"I-271 at US-322 / Mayfield Rd, 3065","state":"OH","provider":"Ohio DOT","hls":null,"snapshot":"https://itscameras.dot.state.oh.us/images/CLE/CLE201-L.jpg","refreshMs":30000,"attribution":"Ora (Warner Varnado) · Ohio DOT"}},{"type":"Feature","geometry":{"type":"Point","coordinates":[-84.275381,39.122404]},"properties":{"id":"ora-oh-458","name":"I-275 at Barg Salt Run Rd, 4153","state":"OH","provider":"Ohio DOT","hls":null,"snapshot":"https://itscameras.dot.state.oh.us/images/artimis/CCTV4153.jpg","refreshMs":30000,"attribution":"Ora (Warner Varnado) · Ohio DOT"}},{"type":"Feature","geometry":{"type":"Point","coordinates":[-81.51974,41.062252]},"properties":{"id":"ora-oh-459","name":"I-76 at Wolf Ledges Pky, 6010","state":"OH","provider":"Ohio DOT","hls":null,"snapshot":"https://itscameras.dot.state.oh.us/images/CLE/CLE090.jpg","refreshMs":30000,"attribution":"Ora (Warner Varnado) · Ohio DOT"}},{"type":"Feature","geometry":{"type":"Point","coordinates":[-82.838532,39.954677]},"properties":{"id":"ora-oh-460","name":"(City of Columbus) Main St at McNaughten","state":"OH","provider":"Ohio DOT","hls":null,"snapshot":"https://itscameras.dot.state.oh.us/images/CMH/Main-McNaughten.jpg","refreshMs":30000,"attribution":"Ora (Warner Varnado) · Ohio DOT"}},{"type":"Feature","geometry":{"type":"Point","coordinates":[-84.26197,39.18728]},"properties":{"id":"ora-oh-461","name":"SR-28 at I-275 NB Ramp, 4341","state":"OH","provider":"Ohio DOT","hls":null,"snapshot":"https://itscameras.dot.state.oh.us/images/artimis/SR-28_at_I-275_NB.jpg","refreshMs":30000,"attribution":"Ora (Warner Varnado) · Ohio DOT"}},{"type":"Feature","geometry":{"type":"Point","coordinates":[-81.68664,41.44373]},"properties":{"id":"ora-oh-462","name":"SR-176 at Crestline Ave, 3082","state":"OH","provider":"Ohio DOT","hls":null,"snapshot":"https://itscameras.dot.state.oh.us/images/CLE/CLE173-L.jpg","refreshMs":30000,"attribution":"Ora (Warner Varnado) · Ohio DOT"}},{"type":"Feature","geometry":{"type":"Point","coordinates":[-84.09548,39.86767]},"properties":{"id":"ora-oh-463","name":"I-70 at SR-201 / Brandt Pike, 1007","state":"OH","provider":"Ohio DOT","hls":null,"snapshot":"https://itscameras.dot.state.oh.us/images/dayton/I-70_at_SR-201.jpg","refreshMs":30000,"attribution":"Ora (Warner Varnado) · Ohio DOT"}},{"type":"Feature","geometry":{"type":"Point","coordinates":[-83.60781,39.61913]},"properties":{"id":"ora-oh-464","name":"I-71 at SR-435/US-35, 4416","state":"OH","provider":"Ohio DOT","hls":null,"snapshot":"https://itscameras.dot.state.oh.us:443/images/artimis/CCTV4416.jpg","refreshMs":30000,"attribution":"Ora (Warner Varnado) · Ohio DOT"}},{"type":"Feature","geometry":{"type":"Point","coordinates":[-84.12794,39.7933]},"properties":{"id":"ora-oh-465","name":"SR-4 at Harshman Rd, 1056","state":"OH","provider":"Ohio DOT","hls":null,"snapshot":"https://itscameras.dot.state.oh.us/images/dayton/SR-4_at_Harshman_Rd.jpg","refreshMs":30000,"attribution":"Ora (Warner Varnado) · Ohio DOT"}},{"type":"Feature","geometry":{"type":"Point","coordinates":[-84.19013,39.80071]},"properties":{"id":"ora-oh-466","name":"I-75 at Wagner Ford Rd, 1032","state":"OH","provider":"Ohio DOT","hls":null,"snapshot":"https://itscameras.dot.state.oh.us/images/dayton/I-75_at_Wagoner_Ford_Rd.jpg","refreshMs":30000,"attribution":"Ora (Warner Varnado) · Ohio DOT"}},{"type":"Feature","geometry":{"type":"Point","coordinates":[-84.35141,39.85386]},"properties":{"id":"ora-oh-467","name":"I-70 at Crestway Rd, 1001","state":"OH","provider":"Ohio DOT","hls":null,"snapshot":"https://itscameras.dot.state.oh.us/images/dayton/I-70_at_Crestway_Rd.jpg","refreshMs":30000,"attribution":"Ora (Warner Varnado) · Ohio DOT"}},{"type":"Feature","geometry":{"type":"Point","coordinates":[-82.6856,38.52539]},"properties":{"id":"ora-oh-468","name":"Oakley Clark Collins Bridge, South Pier, D09-008","state":"OH","provider":"Ohio DOT","hls":null,"snapshot":"https://itscameras.dot.state.oh.us:443/images/D09/d09-008.jpg","refreshMs":30000,"attribution":"Ora (Warner Varnado) · Ohio DOT"}},{"type":"Feature","geometry":{"type":"Point","coordinates":[-81.630015,41.150336]},"properties":{"id":"ora-oh-469","name":"I-77 at Ghent Rd, 6046","state":"OH","provider":"Ohio DOT","hls":null,"snapshot":"https://itscameras.dot.state.oh.us/images/CLE/CLE184-L.jpg","refreshMs":30000,"attribution":"Ora (Warner Varnado) · Ohio DOT"}},{"type":"Feature","geometry":{"type":"Point","coordinates":[-80.733697,40.049199]},"properties":{"id":"ora-oh-470","name":"I-470 at SR-7, D11-003","state":"OH","provider":"Ohio DOT","hls":null,"snapshot":"https://itscameras.dot.state.oh.us/images/D11/D11-003.jpg","refreshMs":30000,"attribution":"Ora (Warner Varnado) · Ohio DOT"}},{"type":"Feature","geometry":{"type":"Point","coordinates":[-82.995325,40.023975]},"properties":{"id":"ora-oh-471","name":"I-71 at Weber Rd, 2101","state":"OH","provider":"Ohio DOT","hls":null,"snapshot":"https://itscameras.dot.state.oh.us/images/CMH/I-71_at_Weber_Rd.jpg","refreshMs":30000,"attribution":"Ora (Warner Varnado) · Ohio DOT"}},{"type":"Feature","geometry":{"type":"Point","coordinates":[-83.03559,39.945989]},"properties":{"id":"ora-oh-472","name":"(City of Columbus) Central Ave/Harrisburg Pike at Mound St","state":"OH","provider":"Ohio DOT","hls":null,"snapshot":"https://itscameras.dot.state.oh.us/images/CMH/Central-Harrisburg-Mound.jpg","refreshMs":30000,"attribution":"Ora (Warner Varnado) · Ohio DOT"}},{"type":"Feature","geometry":{"type":"Point","coordinates":[-83.034255,40.006553]},"properties":{"id":"ora-oh-473","name":"(City of Columbus) Lane Ave at Kenny Rd","state":"OH","provider":"Ohio DOT","hls":null,"snapshot":"https://itscameras.dot.state.oh.us/images/CMH/Lane-Kenny.jpg","refreshMs":30000,"attribution":"Ora (Warner Varnado) · Ohio DOT"}},{"type":"Feature","geometry":{"type":"Point","coordinates":[-82.913439,39.971997]},"properties":{"id":"ora-oh-474","name":"(City of Columbus) Broad St at James Rd","state":"OH","provider":"Ohio DOT","hls":null,"snapshot":"https://itscameras.dot.state.oh.us/images/CMH/James-Broad.jpg","refreshMs":30000,"attribution":"Ora (Warner Varnado) · Ohio DOT"}},{"type":"Feature","geometry":{"type":"Point","coordinates":[-82.11837,39.2943]},"properties":{"id":"ora-oh-475","name":"US-50 at Clover Ln, D10-006","state":"OH","provider":"Ohio DOT","hls":null,"snapshot":"https://itscameras.dot.state.oh.us:443/images/D10/D10-006.jpg","refreshMs":30000,"attribution":"Ora (Warner Varnado) · Ohio DOT"}},{"type":"Feature","geometry":{"type":"Point","coordinates":[-84.32258,39.0724]},"properties":{"id":"ora-oh-476","name":"SR-125 at Eight Mile, 4316","state":"OH","provider":"Ohio DOT","hls":null,"snapshot":"https://itscameras.dot.state.oh.us/images/artimis/SR-125_at_Eight_Mile.jpg","refreshMs":30000,"attribution":"Ora (Warner Varnado) · Ohio DOT"}},{"type":"Feature","geometry":{"type":"Point","coordinates":[-82.6836,38.52725]},"properties":{"id":"ora-oh-477","name":"Oakley Clark Collins Bridge, North Pier, D09-007","state":"OH","provider":"Ohio DOT","hls":null,"snapshot":"https://itscameras.dot.state.oh.us:443/images/D09/d09-007.jpg","refreshMs":30000,"attribution":"Ora (Warner Varnado) · Ohio DOT"}},{"type":"Feature","geometry":{"type":"Point","coordinates":[-83.49992,41.55757]},"properties":{"id":"ora-oh-478","name":"SR-795 at Moline Martin Rd, 5065","state":"OH","provider":"Ohio DOT","hls":null,"snapshot":"https://itscameras.dot.state.oh.us/images/toledo/SR-795_at_Moline-Martin_Rd.jpg","refreshMs":30000,"attribution":"Ora (Warner Varnado) · Ohio DOT"}},{"type":"Feature","geometry":{"type":"Point","coordinates":[-84.603098,39.185554]},"properties":{"id":"ora-oh-479","name":"I-74 at North Bend Rd, 4144","state":"OH","provider":"Ohio DOT","hls":null,"snapshot":"https://itscameras.dot.state.oh.us/images/artimis/CCTV144.jpg","refreshMs":30000,"attribution":"Ora (Warner Varnado) · Ohio DOT"}},{"type":"Feature","geometry":{"type":"Point","coordinates":[-83.49536,41.6412]},"properties":{"id":"ora-oh-480","name":"I-280 at Starr Ave, 5035","state":"OH","provider":"Ohio DOT","hls":null,"snapshot":"https://itscameras.dot.state.oh.us/images/toledo/I-280_at_Starr_Ave.jpg","refreshMs":30000,"attribution":"Ora (Warner Varnado) · Ohio DOT"}},{"type":"Feature","geometry":{"type":"Point","coordinates":[-83.002933,39.973779]},"properties":{"id":"ora-oh-481","name":"(City of Columbus) High St at Goodale St","state":"OH","provider":"Ohio DOT","hls":null,"snapshot":"https://itscameras.dot.state.oh.us/images/CMH/High-Goodale.jpg","refreshMs":30000,"attribution":"Ora (Warner Varnado) · Ohio DOT"}},{"type":"Feature","geometry":{"type":"Point","coordinates":[-84.50103,39.11076]},"properties":{"id":"ora-oh-482","name":"I-71 at Casino, Gilbert Ave, 4036","state":"OH","provider":"Ohio DOT","hls":null,"snapshot":"https://itscameras.dot.state.oh.us/images/artimis/CCTV_I-71-Gilbert.jpg","refreshMs":30000,"attribution":"Ora (Warner Varnado) · Ohio DOT"}},{"type":"Feature","geometry":{"type":"Point","coordinates":[-83.01618,40.11832]},"properties":{"id":"ora-oh-483","name":"US-23 at Campus View Blvd, 2205","state":"OH","provider":"Ohio DOT","hls":null,"snapshot":"https://itscameras.dot.state.oh.us:443/images/CMH/US_23_at_Campus_View_Blvd.jpg","refreshMs":30000,"attribution":"Ora (Warner Varnado) · Ohio DOT"}},{"type":"Feature","geometry":{"type":"Point","coordinates":[-83.091275,40.096683]},"properties":{"id":"ora-oh-484","name":"(City of Columbus) SR-161/Dublin-Granville Rd at Sawmill Rd","state":"OH","provider":"Ohio DOT","hls":null,"snapshot":"https://itscameras.dot.state.oh.us/images/CMH/Dublin-Sawmill.jpg","refreshMs":30000,"attribution":"Ora (Warner Varnado) · Ohio DOT"}},{"type":"Feature","geometry":{"type":"Point","coordinates":[-83.28509,40.20107]},"properties":{"id":"ora-oh-485","name":"US-33 EB rest area, 2232","state":"OH","provider":"Ohio DOT","hls":null,"snapshot":"https://itscameras.dot.state.oh.us:443/images/CMH/US33-EB.jpg","refreshMs":30000,"attribution":"Ora (Warner Varnado) · Ohio DOT"}},{"type":"Feature","geometry":{"type":"Point","coordinates":[-82.49031,38.42294]},"properties":{"id":"ora-oh-486","name":"US-52 at SR-7, D09-006","state":"OH","provider":"Ohio DOT","hls":null,"snapshot":"https://itscameras.dot.state.oh.us:443/images/D09/D09-006.jpg","refreshMs":30000,"attribution":"Ora (Warner Varnado) · Ohio DOT"}},{"type":"Feature","geometry":{"type":"Point","coordinates":[-84.29783,39.06684]},"properties":{"id":"ora-oh-487","name":"SR-125 at I-275 NB Ramp, 4326","state":"OH","provider":"Ohio DOT","hls":null,"snapshot":"https://itscameras.dot.state.oh.us/images/artimis/SR-125_at_I-275_NB.jpg","refreshMs":30000,"attribution":"Ora (Warner Varnado) · Ohio DOT"}},{"type":"Feature","geometry":{"type":"Point","coordinates":[-81.81766,41.33886]},"properties":{"id":"ora-oh-488","name":"I-71 at I-80 Turnpike, 3004","state":"OH","provider":"Ohio DOT","hls":null,"snapshot":"https://itscameras.dot.state.oh.us/images/CLE/CLE029.jpg","refreshMs":30000,"attribution":"Ora (Warner Varnado) · Ohio DOT"}},{"type":"Feature","geometry":{"type":"Point","coordinates":[-83.122709,40.154212]},"properties":{"id":"ora-oh-489","name":"SR-257 at SR-750 / Glick Rd, 2200","state":"OH","provider":"Ohio DOT","hls":null,"snapshot":"https://itscameras.dot.state.oh.us/images/CMH/SR-257_at_Glick_Rd.jpg","refreshMs":30000,"attribution":"Ora (Warner Varnado) · Ohio DOT"}},{"type":"Feature","geometry":{"type":"Point","coordinates":[-83.023153,39.968729]},"properties":{"id":"ora-oh-490","name":"I-670 at SR-315, 2105","state":"OH","provider":"Ohio DOT","hls":null,"snapshot":"https://itscameras.dot.state.oh.us/images/CMH/I-670_at_SR-315.jpg","refreshMs":30000,"attribution":"Ora (Warner Varnado) · Ohio DOT"}},{"type":"Feature","geometry":{"type":"Point","coordinates":[-84.000283,39.816038]},"properties":{"id":"ora-oh-491","name":"I-675 at SR-235, 1062","state":"OH","provider":"Ohio DOT","hls":null,"snapshot":"https://itscameras.dot.state.oh.us/images/dayton/I-675_at_SR-235.jpg","refreshMs":30000,"attribution":"Ora (Warner Varnado) · Ohio DOT"}},{"type":"Feature","geometry":{"type":"Point","coordinates":[-82.990374,39.970442]},"properties":{"id":"ora-oh-492","name":"(City of Columbus) Cleveland Ave at Grove St","state":"OH","provider":"Ohio DOT","hls":null,"snapshot":"https://itscameras.dot.state.oh.us/images/CMH/Cleveland-Grove.jpg","refreshMs":30000,"attribution":"Ora (Warner Varnado) · Ohio DOT"}},{"type":"Feature","geometry":{"type":"Point","coordinates":[-81.49137,41.46396]},"properties":{"id":"ora-oh-493","name":"I-271 at US-422 / Chagrin Blvd, 3063","state":"OH","provider":"Ohio DOT","hls":null,"snapshot":"https://itscameras.dot.state.oh.us/images/CLE/CLE199-L.jpg","refreshMs":30000,"attribution":"Ora (Warner Varnado) · Ohio DOT"}},{"type":"Feature","geometry":{"type":"Point","coordinates":[-83.017907,39.957419]},"properties":{"id":"ora-oh-494","name":"SR-315 at Town St, 2094","state":"OH","provider":"Ohio DOT","hls":null,"snapshot":"https://itscameras.dot.state.oh.us/images/CMH/SR-315_at_Town_St.jpg","refreshMs":30000,"attribution":"Ora (Warner Varnado) · Ohio DOT"}},{"type":"Feature","geometry":{"type":"Point","coordinates":[-82.878057,39.94465]},"properties":{"id":"ora-oh-495","name":"(City of Columbus) Hamilton Rd at Livingston Ave","state":"OH","provider":"Ohio DOT","hls":null,"snapshot":"https://itscameras.dot.state.oh.us/images/CMH/Hamilton-Livingston.jpg","refreshMs":30000,"attribution":"Ora (Warner Varnado) · Ohio DOT"}},{"type":"Feature","geometry":{"type":"Point","coordinates":[-82.41284,40.78249]},"properties":{"id":"ora-oh-496","name":"I-71 at US-30, D03-001","state":"OH","provider":"Ohio DOT","hls":null,"snapshot":"https://itscameras.dot.state.oh.us:443/images/D03/d03-001.jpg","refreshMs":30000,"attribution":"Ora (Warner Varnado) · Ohio DOT"}},{"type":"Feature","geometry":{"type":"Point","coordinates":[-83.71346,40.98614]},"properties":{"id":"ora-oh-497","name":"I-75 SB Hancock county rest area, 589","state":"OH","provider":"Ohio DOT","hls":null,"snapshot":"https://itscameras.dot.state.oh.us:443/images/rest_area/I-75_Hancock_SB-3.jpg","refreshMs":30000,"attribution":"Ora (Warner Varnado) · Ohio DOT"}},{"type":"Feature","geometry":{"type":"Point","coordinates":[-83.615577,41.537416]},"properties":{"id":"ora-oh-498","name":"I-75 at N of I-475 (South side), 5007","state":"OH","provider":"Ohio DOT","hls":null,"snapshot":"https://itscameras.dot.state.oh.us/images/toledo/I-75_at_N_of_I-475_South_side.jpg","refreshMs":30000,"attribution":"Ora (Warner Varnado) · Ohio DOT"}},{"type":"Feature","geometry":{"type":"Point","coordinates":[-81.42356,40.85887]},"properties":{"id":"ora-oh-499","name":"I-77 at Whipple Ave, 6025","state":"OH","provider":"Ohio DOT","hls":null,"snapshot":"https://itscameras.dot.state.oh.us/images/CLE/CLE130a-L.jpg","refreshMs":30000,"attribution":"Ora (Warner Varnado) · Ohio DOT"}},{"type":"Feature","geometry":{"type":"Point","coordinates":[-81.493748,41.003791]},"properties":{"id":"ora-oh-500","name":"I-77 at E Warner Rd, 6032","state":"OH","provider":"Ohio DOT","hls":null,"snapshot":"https://itscameras.dot.state.oh.us:443/images/CLE/CLE152a-L.jpg","refreshMs":30000,"attribution":"Ora (Warner Varnado) · Ohio DOT"}},{"type":"Feature","geometry":{"type":"Point","coordinates":[-83.543834,41.688574]},"properties":{"id":"ora-oh-501","name":"I-75 at Lagrange St, 5023","state":"OH","provider":"Ohio DOT","hls":null,"snapshot":"https://itscameras.dot.state.oh.us/images/toledo/I-75_at_Lagrange_St.jpg","refreshMs":30000,"attribution":"Ora (Warner Varnado) · Ohio DOT"}},{"type":"Feature","geometry":{"type":"Point","coordinates":[-82.80956,41.45825]},"properties":{"id":"ora-oh-502","name":"SR-2 at East of SR-269 (Martins Point Rd), 5061","state":"OH","provider":"Ohio DOT","hls":null,"snapshot":"https://itscameras.dot.state.oh.us:443/images/toledo/SR2-WB-EastSign.jpg","refreshMs":30000,"attribution":"Ora (Warner Varnado) · Ohio DOT"}},{"type":"Feature","geometry":{"type":"Point","coordinates":[-84.18962,39.81965]},"properties":{"id":"ora-oh-503","name":"I-75 at Needmore Rd, 1033","state":"OH","provider":"Ohio DOT","hls":null,"snapshot":"https://itscameras.dot.state.oh.us/images/dayton/I-75_at_Needmore_Rd.jpg","refreshMs":30000,"attribution":"Ora (Warner Varnado) · Ohio DOT"}},{"type":"Feature","geometry":{"type":"Point","coordinates":[-81.2401,41.65799]},"properties":{"id":"ora-oh-504","name":"SR-44 at Capital Pkwy, 3106","state":"OH","provider":"Ohio DOT","hls":null,"snapshot":"https://itscameras.dot.state.oh.us/images/CLE/SR-44_Capital_Pkwy.jpg","refreshMs":30000,"attribution":"Ora (Warner Varnado) · Ohio DOT"}},{"type":"Feature","geometry":{"type":"Point","coordinates":[-84.35216,39.41243]},"properties":{"id":"ora-oh-505","name":"I-75 at Kyle Station Rd, 1058","state":"OH","provider":"Ohio DOT","hls":null,"snapshot":"https://itscameras.dot.state.oh.us:443/images/Dayton/I-75_at_Kyle_Station_Rd.jpg","refreshMs":30000,"attribution":"Ora (Warner Varnado) · Ohio DOT"}},{"type":"Feature","geometry":{"type":"Point","coordinates":[-84.32621,39.85512]},"properties":{"id":"ora-oh-506","name":"I-70 at Hoke Rd, 1002","state":"OH","provider":"Ohio DOT","hls":null,"snapshot":"https://itscameras.dot.state.oh.us/images/dayton/I-70_at_Hoke_Rd.jpg","refreshMs":30000,"attribution":"Ora (Warner Varnado) · Ohio DOT"}},{"type":"Feature","geometry":{"type":"Point","coordinates":[-84.31543,39.29527]},"properties":{"id":"ora-oh-507","name":"Mason Montgomery Rd & I-71 SB Off Ramp/Escort Dr, 4308","state":"OH","provider":"Ohio DOT","hls":null,"snapshot":"https://itscameras.dot.state.oh.us/images/artimis/FEMM164.jpg","refreshMs":30000,"attribution":"Ora (Warner Varnado) · Ohio DOT"}},{"type":"Feature","geometry":{"type":"Point","coordinates":[-84.470744,39.143375]},"properties":{"id":"ora-oh-508","name":"I-71 at Montgomery Rd, 4083","state":"OH","provider":"Ohio DOT","hls":null,"snapshot":"https://itscameras.dot.state.oh.us/images/artimis/CCTV083a.jpg","refreshMs":30000,"attribution":"Ora (Warner Varnado) · Ohio DOT"}},{"type":"Feature","geometry":{"type":"Point","coordinates":[-82.924365,40.000885]},"properties":{"id":"ora-oh-509","name":"I-670 EB at MM 8.9, Airport Dr/International Gateway, 2174","state":"OH","provider":"Ohio DOT","hls":null,"snapshot":"https://itscameras.dot.state.oh.us:443/images/CMH/CCTV2174.jpg","refreshMs":30000,"attribution":"Ora (Warner Varnado) · Ohio DOT"}},{"type":"Feature","geometry":{"type":"Point","coordinates":[-83.03141,40.03242]},"properties":{"id":"ora-oh-510","name":"(City of Columbus) Olentangy River Rd at SR-315 SB Ramp/Thomas Ln","state":"OH","provider":"Ohio DOT","hls":null,"snapshot":"https://itscameras.dot.state.oh.us/images/CMH/Olentangy-SR315sbThomasLane.jpg","refreshMs":30000,"attribution":"Ora (Warner Varnado) · Ohio DOT"}},{"type":"Feature","geometry":{"type":"Point","coordinates":[-81.499198,41.092947]},"properties":{"id":"ora-oh-511","name":"SR-8 at E Glenwood Ave, 6054","state":"OH","provider":"Ohio DOT","hls":null,"snapshot":"https://itscameras.dot.state.oh.us/images/CLE/CLE022-L.jpg","refreshMs":30000,"attribution":"Ora (Warner Varnado) · Ohio DOT"}},{"type":"Feature","geometry":{"type":"Point","coordinates":[-81.587083,41.099546]},"properties":{"id":"ora-oh-512","name":"I-77 at White Pond Dr, 6039","state":"OH","provider":"Ohio DOT","hls":null,"snapshot":"https://itscameras.dot.state.oh.us/images/CLE/CLE170-L.jpg","refreshMs":30000,"attribution":"Ora (Warner Varnado) · Ohio DOT"}},{"type":"Feature","geometry":{"type":"Point","coordinates":[-82.92787,40.26666]},"properties":{"id":"ora-oh-513","name":"I-71 at US-36/SR-37, 2099","state":"OH","provider":"Ohio DOT","hls":null,"snapshot":"https://itscameras.dot.state.oh.us:443/images/CMH/I-71_at_US-36.jpg","refreshMs":30000,"attribution":"Ora (Warner Varnado) · Ohio DOT"}},{"type":"Feature","geometry":{"type":"Point","coordinates":[-83.112431,40.067719]},"properties":{"id":"ora-oh-514","name":"(City of Columbus) Dublin Rd/Frantz Rd at Hayden Run Rd","state":"OH","provider":"Ohio DOT","hls":null,"snapshot":"https://itscameras.dot.state.oh.us/images/CMH/Dublin-Hayden.jpg","refreshMs":30000,"attribution":"Ora (Warner Varnado) · Ohio DOT"}},{"type":"Feature","geometry":{"type":"Point","coordinates":[-84.229281,39.628052]},"properties":{"id":"ora-oh-515","name":"I-75 at Lyons Rd, 1022","state":"OH","provider":"Ohio DOT","hls":null,"snapshot":"https://itscameras.dot.state.oh.us/images/dayton/I-75_at_Lyons_Rd.jpg","refreshMs":30000,"attribution":"Ora (Warner Varnado) · Ohio DOT"}},{"type":"Feature","geometry":{"type":"Point","coordinates":[-84.16217,39.75551]},"properties":{"id":"ora-oh-516","name":"US-35 at Steve Whalen Blvd, 1051","state":"OH","provider":"Ohio DOT","hls":null,"snapshot":"https://itscameras.dot.state.oh.us/images/dayton/US-35_at_Steve_Whalen_Blvd.jpg","refreshMs":30000,"attribution":"Ora (Warner Varnado) · Ohio DOT"}},{"type":"Feature","geometry":{"type":"Point","coordinates":[-81.81618,41.42924]},"properties":{"id":"ora-oh-517","name":"I-71 at Puritas Rd, 3008","state":"OH","provider":"Ohio DOT","hls":null,"snapshot":"https://itscameras.dot.state.oh.us/images/CLE/CLE039.jpg","refreshMs":30000,"attribution":"Ora (Warner Varnado) · Ohio DOT"}},{"type":"Feature","geometry":{"type":"Point","coordinates":[-82.48016,39.9457]},"properties":{"id":"ora-oh-518","name":"I-70 at SR-79, D05-002","state":"OH","provider":"Ohio DOT","hls":null,"snapshot":"https://itscameras.dot.state.oh.us:443/images/D05/D05-002.jpg","refreshMs":30000,"attribution":"Ora (Warner Varnado) · Ohio DOT"}},{"type":"Feature","geometry":{"type":"Point","coordinates":[-82.982728,39.967195]},"properties":{"id":"ora-oh-519","name":"(City of Columbus) I-71 at Elijah Pierce Ave/Long St","state":"OH","provider":"Ohio DOT","hls":null,"snapshot":"https://itscameras.dot.state.oh.us/images/CMH/ElijahPierce-Long.jpg","refreshMs":30000,"attribution":"Ora (Warner Varnado) · Ohio DOT"}},{"type":"Feature","geometry":{"type":"Point","coordinates":[-83.53827,41.56354]},"properties":{"id":"ora-oh-520","name":"SR-795 at Oregon Rd, 5063","state":"OH","provider":"Ohio DOT","hls":null,"snapshot":"https://itscameras.dot.state.oh.us/images/toledo/SR-795_at_Oregon_Rd.jpg","refreshMs":30000,"attribution":"Ora (Warner Varnado) · Ohio DOT"}},{"type":"Feature","geometry":{"type":"Point","coordinates":[-81.50327,41.06163]},"properties":{"id":"ora-oh-521","name":"I-76 at I-77 / SR-8, 6011","state":"OH","provider":"Ohio DOT","hls":null,"snapshot":"https://itscameras.dot.state.oh.us/images/CLE/CLE012.jpg","refreshMs":30000,"attribution":"Ora (Warner Varnado) · Ohio DOT"}},{"type":"Feature","geometry":{"type":"Point","coordinates":[-81.517017,41.304217]},"properties":{"id":"ora-oh-522","name":"I-271 at SR-8, 3058","state":"OH","provider":"Ohio DOT","hls":null,"snapshot":"https://itscameras.dot.state.oh.us/images/CLE/CLE185-L.jpg","refreshMs":30000,"attribution":"Ora (Warner Varnado) · Ohio DOT"}},{"type":"Feature","geometry":{"type":"Point","coordinates":[-83.626497,41.311301]},"properties":{"id":"ora-oh-523","name":"I-75 at Greensburg Pike, 5073","state":"OH","provider":"Ohio DOT","hls":null,"snapshot":"https://itscameras.dot.state.oh.us/images/toledo/CCTV5073.jpg","refreshMs":30000,"attribution":"Ora (Warner Varnado) · Ohio DOT"}},{"type":"Feature","geometry":{"type":"Point","coordinates":[-83.023239,40.016221]},"properties":{"id":"ora-oh-524","name":"(City of Columbus) Ackerman Rd at Olentangy River Rd","state":"OH","provider":"Ohio DOT","hls":null,"snapshot":"https://itscameras.dot.state.oh.us/images/CMH/Ackerman-Olentangy.jpg","refreshMs":30000,"attribution":"Ora (Warner Varnado) · Ohio DOT"}},{"type":"Feature","geometry":{"type":"Point","coordinates":[-81.002452,41.763423]},"properties":{"id":"ora-oh-525","name":"I-90 at Ashtabula County Line, 3094","state":"OH","provider":"Ohio DOT","hls":null,"snapshot":"https://itscameras.dot.state.oh.us/images/CLE/I-90_at_Ashtabula_County_Line.jpg","refreshMs":30000,"attribution":"Ora (Warner Varnado) · Ohio DOT"}},{"type":"Feature","geometry":{"type":"Point","coordinates":[-84.124226,40.686843]},"properties":{"id":"ora-oh-526","name":"I-75 at Breese Rd, D01-014","state":"OH","provider":"Ohio DOT","hls":null,"snapshot":"https://itscameras.dot.state.oh.us/images/D01/CCTV014.jpg","refreshMs":30000,"attribution":"Ora (Warner Varnado) · Ohio DOT"}},{"type":"Feature","geometry":{"type":"Point","coordinates":[-84.18842,39.90131]},"properties":{"id":"ora-oh-527","name":"I-75 at Northwoods Blvd, 1036","state":"OH","provider":"Ohio DOT","hls":null,"snapshot":"https://itscameras.dot.state.oh.us/images/dayton/I-75_at_Northwoods_Blvd.jpg","refreshMs":30000,"attribution":"Ora (Warner Varnado) · Ohio DOT"}},{"type":"Feature","geometry":{"type":"Point","coordinates":[-84.06856,40.72775]},"properties":{"id":"ora-oh-528","name":"SR-117 at Greely Chapel Rd, D01-017","state":"OH","provider":"Ohio DOT","hls":null,"snapshot":"https://itscameras.dot.state.oh.us:443/images/D01/SR-117_at_Greely_Chapel_Rd.jpg","refreshMs":30000,"attribution":"Ora (Warner Varnado) · Ohio DOT"}},{"type":"Feature","geometry":{"type":"Point","coordinates":[-82.96525,39.39706]},"properties":{"id":"ora-oh-529","name":"SR-159 at Kenworth Dr, D09-014","state":"OH","provider":"Ohio DOT","hls":null,"snapshot":"https://itscameras.dot.state.oh.us/images/D09/SR-159_Kenworth.jpg","refreshMs":30000,"attribution":"Ora (Warner Varnado) · Ohio DOT"}},{"type":"Feature","geometry":{"type":"Point","coordinates":[-81.72077,41.45286]},"properties":{"id":"ora-oh-530","name":"I-71 at Denison Ave, 3014","state":"OH","provider":"Ohio DOT","hls":null,"snapshot":"https://itscameras.dot.state.oh.us/images/CLE/CLE055-L.jpg","refreshMs":30000,"attribution":"Ora (Warner Varnado) · Ohio DOT"}},{"type":"Feature","geometry":{"type":"Point","coordinates":[-81.493033,41.063682]},"properties":{"id":"ora-oh-531","name":"I-76 at S Arlington St, 6012","state":"OH","provider":"Ohio DOT","hls":null,"snapshot":"https://itscameras.dot.state.oh.us/images/CLE/CLE092.jpg","refreshMs":30000,"attribution":"Ora (Warner Varnado) · Ohio DOT"}},{"type":"Feature","geometry":{"type":"Point","coordinates":[-82.974243,39.978321]},"properties":{"id":"ora-oh-532","name":"I-670 EB at MM 5.5, W of Joyce Ave, 2154","state":"OH","provider":"Ohio DOT","hls":null,"snapshot":"https://itscameras.dot.state.oh.us:443/images/CMH/CCTV2154.jpg","refreshMs":30000,"attribution":"Ora (Warner Varnado) · Ohio DOT"}},{"type":"Feature","geometry":{"type":"Point","coordinates":[-83.026204,40.03187]},"properties":{"id":"ora-oh-533","name":"(City of Columbus) North Broadway at SR-315 NB Ramp/Ohio Health","state":"OH","provider":"Ohio DOT","hls":null,"snapshot":"https://itscameras.dot.state.oh.us/images/CMH/NorthBroadway-SR315nbOhioHealth.jpg","refreshMs":30000,"attribution":"Ora (Warner Varnado) · Ohio DOT"}},{"type":"Feature","geometry":{"type":"Point","coordinates":[-83.01848,40.15693]},"properties":{"id":"ora-oh-534","name":"US-23 at SR-750, 2220","state":"OH","provider":"Ohio DOT","hls":null,"snapshot":"https://itscameras.dot.state.oh.us:443/images/CMH/US-23_at_SR-750.jpg","refreshMs":30000,"attribution":"Ora (Warner Varnado) · Ohio DOT"}},{"type":"Feature","geometry":{"type":"Point","coordinates":[-83.64451,39.93528]},"properties":{"id":"ora-oh-535","name":"I-70 at Buena Vista Rd, 1016","state":"OH","provider":"Ohio DOT","hls":null,"snapshot":"https://itscameras.dot.state.oh.us/images/Dayton/I-70_at_Buena_Vista_Rd.jpg","refreshMs":30000,"attribution":"Ora (Warner Varnado) · Ohio DOT"}},{"type":"Feature","geometry":{"type":"Point","coordinates":[-82.14914,41.40245]},"properties":{"id":"ora-oh-536","name":"I-90 at SR-2 / Murray Ridge, 3029","state":"OH","provider":"Ohio DOT","hls":null,"snapshot":"https://itscameras.dot.state.oh.us/images/CLE/CLE102.jpg","refreshMs":30000,"attribution":"Ora (Warner Varnado) · Ohio DOT"}},{"type":"Feature","geometry":{"type":"Point","coordinates":[-83.567564,41.564651]},"properties":{"id":"ora-oh-537","name":"SR-795 at Ohio Turnpike, Lime City Rd, 5062","state":"OH","provider":"Ohio DOT","hls":null,"snapshot":"https://itscameras.dot.state.oh.us/images/toledo/SR-795_at_OH_Turnpike.jpg","refreshMs":30000,"attribution":"Ora (Warner Varnado) · Ohio DOT"}},{"type":"Feature","geometry":{"type":"Point","coordinates":[-84.2233,39.86471]},"properties":{"id":"ora-oh-538","name":"I-70 at Dayton Int'l Airport Access Rd, 1004","state":"OH","provider":"Ohio DOT","hls":null,"snapshot":"https://itscameras.dot.state.oh.us/images/dayton/I-70_at_Dayton_Airport.jpg","refreshMs":30000,"attribution":"Ora (Warner Varnado) · Ohio DOT"}},{"type":"Feature","geometry":{"type":"Point","coordinates":[-81.500428,41.025608]},"properties":{"id":"ora-oh-539","name":"I-77 at I-277, 6033","state":"OH","provider":"Ohio DOT","hls":null,"snapshot":"https://itscameras.dot.state.oh.us/images/CLE/CLE156a-L.jpg","refreshMs":30000,"attribution":"Ora (Warner Varnado) · Ohio DOT"}},{"type":"Feature","geometry":{"type":"Point","coordinates":[-84.3009,39.06976]},"properties":{"id":"ora-oh-540","name":"SR-125 at I-275 SB Ramp, 4327","state":"OH","provider":"Ohio DOT","hls":null,"snapshot":"https://itscameras.dot.state.oh.us/images/artimis/SR-125_at_I-275_SB.jpg","refreshMs":30000,"attribution":"Ora (Warner Varnado) · Ohio DOT"}},{"type":"Feature","geometry":{"type":"Point","coordinates":[-84.25126,39.74237]},"properties":{"id":"ora-oh-541","name":"US-35 at Gettysburg Ave, 1048","state":"OH","provider":"Ohio DOT","hls":null,"snapshot":"https://itscameras.dot.state.oh.us/images/Dayton/US-35_at_Gettysburg_Ave.jpg","refreshMs":30000,"attribution":"Ora (Warner Varnado) · Ohio DOT"}},{"type":"Feature","geometry":{"type":"Point","coordinates":[-83.67472,41.53693]},"properties":{"id":"ora-oh-542","name":"I-475 at Hull Prairie Rd, 5040","state":"OH","provider":"Ohio DOT","hls":null,"snapshot":"https://itscameras.dot.state.oh.us/images/toledo/I-475_at_Hull_Prairie_Rd.jpg","refreshMs":30000,"attribution":"Ora (Warner Varnado) · Ohio DOT"}},{"type":"Feature","geometry":{"type":"Point","coordinates":[-82.934621,40.19764]},"properties":{"id":"ora-oh-543","name":"I-71 at Lewis Center Rd, 2147","state":"OH","provider":"Ohio DOT","hls":null,"snapshot":"https://itscameras.dot.state.oh.us/images/CMH/CCTV2147.jpg","refreshMs":30000,"attribution":"Ora (Warner Varnado) · Ohio DOT"}},{"type":"Feature","geometry":{"type":"Point","coordinates":[-84.18841,39.86485]},"properties":{"id":"ora-oh-544","name":"I-70 at I-75, 1005","state":"OH","provider":"Ohio DOT","hls":null,"snapshot":"https://itscameras.dot.state.oh.us/images/Dayton/I-70_at_I-75.jpg","refreshMs":30000,"attribution":"Ora (Warner Varnado) · Ohio DOT"}},{"type":"Feature","geometry":{"type":"Point","coordinates":[-84.07489,39.73013]},"properties":{"id":"ora-oh-545","name":"US-35 at East of I-675, 1054","state":"OH","provider":"Ohio DOT","hls":null,"snapshot":"https://itscameras.dot.state.oh.us/images/dayton/US-35_at_East_of_I-675.jpg","refreshMs":30000,"attribution":"Ora (Warner Varnado) · Ohio DOT"}},{"type":"Feature","geometry":{"type":"Point","coordinates":[-82.790945,39.985122]},"properties":{"id":"ora-oh-546","name":"(City of Columbus) Broad St at Waggoner Rd","state":"OH","provider":"Ohio DOT","hls":null,"snapshot":"https://itscameras.dot.state.oh.us/images/CMH/Broad-Waggoner.jpg","refreshMs":30000,"attribution":"Ora (Warner Varnado) · Ohio DOT"}},{"type":"Feature","geometry":{"type":"Point","coordinates":[-84.46423,39.31763]},"properties":{"id":"ora-oh-547","name":"SR-747 at Muhlhauser Rd, 4355","state":"OH","provider":"Ohio DOT","hls":null,"snapshot":"https://itscameras.dot.state.oh.us/images/artimis/SR-747_Muhlhauser_Quad.jpg","refreshMs":30000,"attribution":"Ora (Warner Varnado) · Ohio DOT"}},{"type":"Feature","geometry":{"type":"Point","coordinates":[-84.24184,39.58751]},"properties":{"id":"ora-oh-548","name":"I-75 at South of Austin Blvd, 1019","state":"OH","provider":"Ohio DOT","hls":null,"snapshot":"https://itscameras.dot.state.oh.us/images/Dayton/I-75_at_South_of_Austin_Blvd.jpg","refreshMs":30000,"attribution":"Ora (Warner Varnado) · Ohio DOT"}},{"type":"Feature","geometry":{"type":"Point","coordinates":[-83.025909,39.990838]},"properties":{"id":"ora-oh-549","name":"(City of Columbus) Olentangy River Rd at King Ave","state":"OH","provider":"Ohio DOT","hls":null,"snapshot":"https://itscameras.dot.state.oh.us/images/CMH/Olentangy-King.jpg","refreshMs":30000,"attribution":"Ora (Warner Varnado) · Ohio DOT"}},{"type":"Feature","geometry":{"type":"Point","coordinates":[-82.976418,40.05391]},"properties":{"id":"ora-oh-550","name":"(City of Columbus) Karl Rd at Evaline Dr","state":"OH","provider":"Ohio DOT","hls":null,"snapshot":"https://itscameras.dot.state.oh.us/images/CMH/Evaline-Karl.jpg","refreshMs":30000,"attribution":"Ora (Warner Varnado) · Ohio DOT"}},{"type":"Feature","geometry":{"type":"Point","coordinates":[-84.316077,39.282654]},"properties":{"id":"ora-oh-551","name":"Mason Rd & Montgomery Rd, 659","state":"OH","provider":"Ohio DOT","hls":null,"snapshot":"https://itscameras.dot.state.oh.us/images/artimis/FEMM183.jpg","refreshMs":30000,"attribution":"Ora (Warner Varnado) · Ohio DOT"}},{"type":"Feature","geometry":{"type":"Point","coordinates":[-83.02151,40.17506]},"properties":{"id":"ora-oh-552","name":"US-23 at Orange Rd, 2218","state":"OH","provider":"Ohio DOT","hls":null,"snapshot":"https://itscameras.dot.state.oh.us:443/images/CMH/US-23_at_Orange_Rd.jpg","refreshMs":30000,"attribution":"Ora (Warner Varnado) · Ohio DOT"}},{"type":"Feature","geometry":{"type":"Point","coordinates":[-84.19887,39.63472]},"properties":{"id":"ora-oh-553","name":"I-675 at Yankee St / SR-725, 1039","state":"OH","provider":"Ohio DOT","hls":null,"snapshot":"https://itscameras.dot.state.oh.us/images/dayton/I-675_at_Yankee_St.jpg","refreshMs":30000,"attribution":"Ora (Warner Varnado) · Ohio DOT"}},{"type":"Feature","geometry":{"type":"Point","coordinates":[-81.396557,41.082991]},"properties":{"id":"ora-oh-554","name":"I-76 at Eastwood Ave, 6016","state":"OH","provider":"Ohio DOT","hls":null,"snapshot":"https://itscameras.dot.state.oh.us/images/CLE/CLE100a-L.jpg","refreshMs":30000,"attribution":"Ora (Warner Varnado) · Ohio DOT"}},{"type":"Feature","geometry":{"type":"Point","coordinates":[-84.29901,39.2908]},"properties":{"id":"ora-oh-555","name":"Fields Ertel Rd & Montgomery Rd, 4303","state":"OH","provider":"Ohio DOT","hls":null,"snapshot":"https://itscameras.dot.state.oh.us/images/artimis/FEMM182.jpg","refreshMs":30000,"attribution":"Ora (Warner Varnado) · Ohio DOT"}},{"type":"Feature","geometry":{"type":"Point","coordinates":[-83.095403,39.966814]},"properties":{"id":"ora-oh-556","name":"(City of Columbus) Fisher Rd at Wilson Rd","state":"OH","provider":"Ohio DOT","hls":null,"snapshot":"https://itscameras.dot.state.oh.us/images/CMH/Fisher-Wilson.jpg","refreshMs":30000,"attribution":"Ora (Warner Varnado) · Ohio DOT"}},{"type":"Feature","geometry":{"type":"Point","coordinates":[-82.940386,39.982363]},"properties":{"id":"ora-oh-557","name":"I-670 EB at MM 7.2, East of Nelson Rd/US-62, 2168","state":"OH","provider":"Ohio DOT","hls":null,"snapshot":"https://itscameras.dot.state.oh.us:443/images/CMH/CCTV2168.jpg","refreshMs":30000,"attribution":"Ora (Warner Varnado) · Ohio DOT"}},{"type":"Feature","geometry":{"type":"Point","coordinates":[-83.01957,40.06245]},"properties":{"id":"ora-oh-558","name":"(City of Columbus) High St at Morse Rd","state":"OH","provider":"Ohio DOT","hls":null,"snapshot":"https://itscameras.dot.state.oh.us/images/CMH/High-Morse.jpg","refreshMs":30000,"attribution":"Ora (Warner Varnado) · Ohio DOT"}},{"type":"Feature","geometry":{"type":"Point","coordinates":[-81.46931,41.61957]},"properties":{"id":"ora-oh-559","name":"SR-2 at West of E 305th St, 3078","state":"OH","provider":"Ohio DOT","hls":null,"snapshot":"https://itscameras.dot.state.oh.us/images/CLE/CLE010.jpg","refreshMs":30000,"attribution":"Ora (Warner Varnado) · Ohio DOT"}},{"type":"Feature","geometry":{"type":"Point","coordinates":[-84.420396,39.167432]},"properties":{"id":"ora-oh-560","name":"Kennedy Ave at I-71 NB Ramp, 4161","state":"OH","provider":"Ohio DOT","hls":null,"snapshot":"https://itscameras.dot.state.oh.us/images/artimis/CCTV4161.jpg","refreshMs":30000,"attribution":"Ora (Warner Varnado) · Ohio DOT"}},{"type":"Feature","geometry":{"type":"Point","coordinates":[-82.9131,39.97996]},"properties":{"id":"ora-oh-561","name":"(City of Columbus) James Rd at Allegheny Ave","state":"OH","provider":"Ohio DOT","hls":null,"snapshot":"https://itscameras.dot.state.oh.us/images/CMH/James-Allegheny.jpg","refreshMs":30000,"attribution":"Ora (Warner Varnado) · Ohio DOT"}},{"type":"Feature","geometry":{"type":"Point","coordinates":[-80.867297,40.072704]},"properties":{"id":"ora-oh-562","name":"I-70 at Mall Rd, D11-005","state":"OH","provider":"Ohio DOT","hls":null,"snapshot":"https://itscameras.dot.state.oh.us/images/D11/D11-005.jpg","refreshMs":30000,"attribution":"Ora (Warner Varnado) · Ohio DOT"}},{"type":"Feature","geometry":{"type":"Point","coordinates":[-81.65247,41.52953]},"properties":{"id":"ora-oh-563","name":"I-90 at E 55th St, 3046","state":"OH","provider":"Ohio DOT","hls":null,"snapshot":"https://itscameras.dot.state.oh.us/images/CLE/CLE134-L.jpg","refreshMs":30000,"attribution":"Ora (Warner Varnado) · Ohio DOT"}},{"type":"Feature","geometry":{"type":"Point","coordinates":[-82.993153,39.976684]},"properties":{"id":"ora-oh-564","name":"I-670 EB at MM 4.5, 2149","state":"OH","provider":"Ohio DOT","hls":null,"snapshot":"https://itscameras.dot.state.oh.us:443/images/CMH/CCTV2149.jpg","refreshMs":30000,"attribution":"Ora (Warner Varnado) · Ohio DOT"}},{"type":"Feature","geometry":{"type":"Point","coordinates":[-84.299271,39.067314]},"properties":{"id":"ora-oh-565","name":"I-275 at SR-125, 4152","state":"OH","provider":"Ohio DOT","hls":null,"snapshot":"https://itscameras.dot.state.oh.us/images/artimis/CCTV4152.jpg","refreshMs":30000,"attribution":"Ora (Warner Varnado) · Ohio DOT"}},{"type":"Feature","geometry":{"type":"Point","coordinates":[-82.836022,39.980449]},"properties":{"id":"ora-oh-566","name":"(City of Columbus) Broad St at McNaughten Rd","state":"OH","provider":"Ohio DOT","hls":null,"snapshot":"https://itscameras.dot.state.oh.us/images/CMH/Broad-McNaughten.jpg","refreshMs":30000,"attribution":"Ora (Warner Varnado) · Ohio DOT"}},{"type":"Feature","geometry":{"type":"Point","coordinates":[-82.920737,40.002801]},"properties":{"id":"ora-oh-567","name":"I-670 EB at MM 9.2, International Gateway, 2177","state":"OH","provider":"Ohio DOT","hls":null,"snapshot":"https://itscameras.dot.state.oh.us:443/images/CMH/CCTV2177.jpg","refreshMs":30000,"attribution":"Ora (Warner Varnado) · Ohio DOT"}},{"type":"Feature","geometry":{"type":"Point","coordinates":[-81.71689,41.47491]},"properties":{"id":"ora-oh-568","name":"I-90 at W 44th St, 3039","state":"OH","provider":"Ohio DOT","hls":null,"snapshot":"https://itscameras.dot.state.oh.us:443/images/CLE/CLE124-L.jpg","refreshMs":30000,"attribution":"Ora (Warner Varnado) · Ohio DOT"}},{"type":"Feature","geometry":{"type":"Point","coordinates":[-81.494268,41.114206]},"properties":{"id":"ora-oh-569","name":"SR-8 at Easton Dr, 6056","state":"OH","provider":"Ohio DOT","hls":null,"snapshot":"https://itscameras.dot.state.oh.us/images/CLE/CLE026-L.jpg","refreshMs":30000,"attribution":"Ora (Warner Varnado) · Ohio DOT"}},{"type":"Feature","geometry":{"type":"Point","coordinates":[-83.501747,41.721408]},"properties":{"id":"ora-oh-570","name":"I-75 at East Alexis Rd, 5027","state":"OH","provider":"Ohio DOT","hls":null,"snapshot":"https://itscameras.dot.state.oh.us/images/toledo/I-75_at_East_Alexis_Rd.jpg","refreshMs":30000,"attribution":"Ora (Warner Varnado) · Ohio DOT"}},{"type":"Feature","geometry":{"type":"Point","coordinates":[-83.092077,40.029997]},"properties":{"id":"ora-oh-571","name":"US-33/Riverside Dr at Fishinger Rd, 2222","state":"OH","provider":"Ohio DOT","hls":null,"snapshot":"https://itscameras.dot.state.oh.us/images/CMH/CCTV2222.jpg","refreshMs":30000,"attribution":"Ora (Warner Varnado) · Ohio DOT"}},{"type":"Feature","geometry":{"type":"Point","coordinates":[-83.69449,41.68475]},"properties":{"id":"ora-oh-572","name":"I-475 at US-23 Split (Southern Gore), 5047","state":"OH","provider":"Ohio DOT","hls":null,"snapshot":"https://itscameras.dot.state.oh.us/images/toledo/I-475_at_US-23_Split_2.jpg","refreshMs":30000,"attribution":"Ora (Warner Varnado) · Ohio DOT"}},{"type":"Feature","geometry":{"type":"Point","coordinates":[-82.934946,39.993049]},"properties":{"id":"ora-oh-573","name":"I-670 EB at MM 8.1, East of 5th Ave, 2170","state":"OH","provider":"Ohio DOT","hls":null,"snapshot":"https://itscameras.dot.state.oh.us:443/images/CMH/CCTV2170.jpg","refreshMs":30000,"attribution":"Ora (Warner Varnado) · Ohio DOT"}},{"type":"Feature","geometry":{"type":"Point","coordinates":[-84.29086,39.85559]},"properties":{"id":"ora-oh-574","name":"I-70 at Taywood Rd, 1003","state":"OH","provider":"Ohio DOT","hls":null,"snapshot":"https://itscameras.dot.state.oh.us/images/dayton/I-70_at_Taywood_Rd.jpg","refreshMs":30000,"attribution":"Ora (Warner Varnado) · Ohio DOT"}},{"type":"Feature","geometry":{"type":"Point","coordinates":[-82.958582,39.557191]},"properties":{"id":"ora-oh-575","name":"US-23 at DuPont Rd, 2206","state":"OH","provider":"Ohio DOT","hls":null,"snapshot":"https://itscameras.dot.state.oh.us/images/CMH/US-23_at_DuPont.jpg","refreshMs":30000,"attribution":"Ora (Warner Varnado) · Ohio DOT"}},{"type":"Feature","geometry":{"type":"Point","coordinates":[-84.11982,39.74523]},"properties":{"id":"ora-oh-576","name":"US-35 at SR-835 / Woodman Dr, 1053","state":"OH","provider":"Ohio DOT","hls":null,"snapshot":"https://itscameras.dot.state.oh.us/images/dayton/US-35_at_SR-835_Woodman_Dr.jpg","refreshMs":30000,"attribution":"Ora (Warner Varnado) · Ohio DOT"}},{"type":"Feature","geometry":{"type":"Point","coordinates":[-84.26553,39.05883]},"properties":{"id":"ora-oh-577","name":"SR-125 at Bennett Rd, 4321","state":"OH","provider":"Ohio DOT","hls":null,"snapshot":"https://itscameras.dot.state.oh.us/images/artimis/SR-125_at_Bennett_Rd.jpg","refreshMs":30000,"attribution":"Ora (Warner Varnado) · Ohio DOT"}},{"type":"Feature","geometry":{"type":"Point","coordinates":[-83.47543,41.58049]},"properties":{"id":"ora-oh-578","name":"I-280 at Lemoyne Rd, 5031","state":"OH","provider":"Ohio DOT","hls":null,"snapshot":"https://itscameras.dot.state.oh.us/images/toledo/I-280_at_Lemoyne_Rd.jpg","refreshMs":30000,"attribution":"Ora (Warner Varnado) · Ohio DOT"}},{"type":"Feature","geometry":{"type":"Point","coordinates":[-81.69273,41.45844]},"properties":{"id":"ora-oh-579","name":"SR-176 S of I-71, 3083","state":"OH","provider":"Ohio DOT","hls":null,"snapshot":"https://itscameras.dot.state.oh.us/images/CLE/CLE177-L.jpg","refreshMs":30000,"attribution":"Ora (Warner Varnado) · Ohio DOT"}},{"type":"Feature","geometry":{"type":"Point","coordinates":[-81.85803,41.47246]},"properties":{"id":"ora-oh-580","name":"I-90 at SR-2 / SR-254 / Detroit Rd, 3032","state":"OH","provider":"Ohio DOT","hls":null,"snapshot":"https://itscameras.dot.state.oh.us/images/CLE/CLE108.jpg","refreshMs":30000,"attribution":"Ora (Warner Varnado) · Ohio DOT"}},{"type":"Feature","geometry":{"type":"Point","coordinates":[-82.11432,39.36485]},"properties":{"id":"ora-oh-581","name":"US-33 at W of SR-550, 693","state":"OH","provider":"Ohio DOT","hls":null,"snapshot":"https://itscameras.dot.state.oh.us:443/images/D10/D10-003.jpg","refreshMs":30000,"attribution":"Ora (Warner Varnado) · Ohio DOT"}},{"type":"Feature","geometry":{"type":"Point","coordinates":[-84.26991,39.56303]},"properties":{"id":"ora-oh-582","name":"I-75 at SR-73, 1017","state":"OH","provider":"Ohio DOT","hls":null,"snapshot":"https://itscameras.dot.state.oh.us/images/Dayton/I-75_at_SR-73.jpg","refreshMs":30000,"attribution":"Ora (Warner Varnado) · Ohio DOT"}},{"type":"Feature","geometry":{"type":"Point","coordinates":[-84.18889,39.92417]},"properties":{"id":"ora-oh-583","name":"I-75 at MIA/MON County Line, 1037","state":"OH","provider":"Ohio DOT","hls":null,"snapshot":"https://itscameras.dot.state.oh.us/images/dayton/I-75_at_MIA-MON_County_Line.jpg","refreshMs":30000,"attribution":"Ora (Warner Varnado) · Ohio DOT"}},{"type":"Feature","geometry":{"type":"Point","coordinates":[-82.906152,40.082045]},"properties":{"id":"ora-oh-584","name":"I-270 at SR-161 NE Side, 2061","state":"OH","provider":"Ohio DOT","hls":null,"snapshot":"https://itscameras.dot.state.oh.us/images/CMH/CMH061c.jpg","refreshMs":30000,"attribution":"Ora (Warner Varnado) · Ohio DOT"}},{"type":"Feature","geometry":{"type":"Point","coordinates":[-83.6687,41.05913]},"properties":{"id":"ora-oh-585","name":"I-75 at US-224, D01-002","state":"OH","provider":"Ohio DOT","hls":null,"snapshot":"https://itscameras.dot.state.oh.us:443/images/D01/I-75_at_US-224.jpg","refreshMs":30000,"attribution":"Ora (Warner Varnado) · Ohio DOT"}},{"type":"Feature","geometry":{"type":"Point","coordinates":[-82.950852,40.085166]},"properties":{"id":"ora-oh-586","name":"(City of Columbus) SR-161/Dublin-Granville Rd at Cleveland Ave","state":"OH","provider":"Ohio DOT","hls":null,"snapshot":"https://itscameras.dot.state.oh.us/images/CMH/Cleveland-Dublin.jpg","refreshMs":30000,"attribution":"Ora (Warner Varnado) · Ohio DOT"}},{"type":"Feature","geometry":{"type":"Point","coordinates":[-83.694209,41.660684]},"properties":{"id":"ora-oh-587","name":"I-475 at Bancroft St, 5074","state":"OH","provider":"Ohio DOT","hls":null,"snapshot":"https://itscameras.dot.state.oh.us/images/toledo/CCTV5074.jpg","refreshMs":30000,"attribution":"Ora (Warner Varnado) · Ohio DOT"}},{"type":"Feature","geometry":{"type":"Point","coordinates":[-82.997043,38.885403]},"properties":{"id":"ora-oh-588","name":"US-23 at SR-348/SR-728, 700","state":"OH","provider":"Ohio DOT","hls":null,"snapshot":"https://itscameras.dot.state.oh.us/images/D09/US-23_SR-348_SR-728.jpg","refreshMs":30000,"attribution":"Ora (Warner Varnado) · Ohio DOT"}},{"type":"Feature","geometry":{"type":"Point","coordinates":[-84.22669,39.62803]},"properties":{"id":"ora-oh-589","name":"SR-741 at Lyons Rd, 1106","state":"OH","provider":"Ohio DOT","hls":null,"snapshot":"https://itscameras.dot.state.oh.us/images/dayton/SR-741_Lyons_SW.jpg","refreshMs":30000,"attribution":"Ora (Warner Varnado) · Ohio DOT"}},{"type":"Feature","geometry":{"type":"Point","coordinates":[-83.71221,40.98536]},"properties":{"id":"ora-oh-590","name":"I-75 NB Hancock county rest area, 703","state":"OH","provider":"Ohio DOT","hls":null,"snapshot":"https://itscameras.dot.state.oh.us:443/images/rest_area/I-75_Hancock_NB-3.jpg","refreshMs":30000,"attribution":"Ora (Warner Varnado) · Ohio DOT"}},{"type":"Feature","geometry":{"type":"Point","coordinates":[-81.44905,41.59078]},"properties":{"id":"ora-oh-591","name":"I-90 at I-271, 3056","state":"OH","provider":"Ohio DOT","hls":null,"snapshot":"https://itscameras.dot.state.oh.us/images/CLE/CLE158-L.jpg","refreshMs":30000,"attribution":"Ora (Warner Varnado) · Ohio DOT"}},{"type":"Feature","geometry":{"type":"Point","coordinates":[-82.990089,39.971315]},"properties":{"id":"ora-oh-592","name":"(City of Columbus) Cleveland Ave at I-670 EB","state":"OH","provider":"Ohio DOT","hls":null,"snapshot":"https://itscameras.dot.state.oh.us/images/CMH/Cleveland-I670EB.jpg","refreshMs":30000,"attribution":"Ora (Warner Varnado) · Ohio DOT"}},{"type":"Feature","geometry":{"type":"Point","coordinates":[-83.68643,41.55341]},"properties":{"id":"ora-oh-593","name":"I-475 at US-24, 5041","state":"OH","provider":"Ohio DOT","hls":null,"snapshot":"https://itscameras.dot.state.oh.us/images/toledo/I-475_at_US-24.jpg","refreshMs":30000,"attribution":"Ora (Warner Varnado) · Ohio DOT"}},{"type":"Feature","geometry":{"type":"Point","coordinates":[-81.144613,41.719135]},"properties":{"id":"ora-oh-594","name":"I-90 at CR-221 / Paine Rd, 3090","state":"OH","provider":"Ohio DOT","hls":null,"snapshot":"https://itscameras.dot.state.oh.us:443/images/CLE/I-90_at_Paine_Rd.jpg","refreshMs":30000,"attribution":"Ora (Warner Varnado) · Ohio DOT"}},{"type":"Feature","geometry":{"type":"Point","coordinates":[-81.457213,41.06106]},"properties":{"id":"ora-oh-595","name":"I-76 at E Market St, 6013","state":"OH","provider":"Ohio DOT","hls":null,"snapshot":"https://itscameras.dot.state.oh.us/images/CLE/CLE094a-L.jpg","refreshMs":30000,"attribution":"Ora (Warner Varnado) · Ohio DOT"}},{"type":"Feature","geometry":{"type":"Point","coordinates":[-81.65149,41.37094]},"properties":{"id":"ora-oh-596","name":"I-77 at Hillside Rd, 3085","state":"OH","provider":"Ohio DOT","hls":null,"snapshot":"https://itscameras.dot.state.oh.us/images/CLE/I-77_at_Hillside_Rd.jpg","refreshMs":30000,"attribution":"Ora (Warner Varnado) · Ohio DOT"}},{"type":"Feature","geometry":{"type":"Point","coordinates":[-83.030093,39.948043]},"properties":{"id":"ora-oh-597","name":"I-70 at Mound St, 2102","state":"OH","provider":"Ohio DOT","hls":null,"snapshot":"https://itscameras.dot.state.oh.us/images/CMH/I-70_at_Mound_St.jpg","refreshMs":30000,"attribution":"Ora (Warner Varnado) · Ohio DOT"}},{"type":"Feature","geometry":{"type":"Point","coordinates":[-84.58477,39.172618]},"properties":{"id":"ora-oh-598","name":"I-74 at Shepherd Creek Rd, 4143","state":"OH","provider":"Ohio DOT","hls":null,"snapshot":"https://itscameras.dot.state.oh.us/images/artimis/CCTV143.jpg","refreshMs":30000,"attribution":"Ora (Warner Varnado) · Ohio DOT"}},{"type":"Feature","geometry":{"type":"Point","coordinates":[-83.62434,41.34127]},"properties":{"id":"ora-oh-599","name":"I-75 NB Wood county rest area, 5083","state":"OH","provider":"Ohio DOT","hls":null,"snapshot":"https://itscameras.dot.state.oh.us:443/images/rest_area/I-75_Wood_NB-1.jpg","refreshMs":30000,"attribution":"Ora (Warner Varnado) · Ohio DOT"}},{"type":"Feature","geometry":{"type":"Point","coordinates":[-82.949333,40.107241]},"properties":{"id":"ora-oh-600","name":"I-270 at Cleveland Ave, 2143","state":"OH","provider":"Ohio DOT","hls":null,"snapshot":"https://itscameras.dot.state.oh.us/images/CMH/CCTV2143.jpg","refreshMs":30000,"attribution":"Ora (Warner Varnado) · Ohio DOT"}},{"type":"Feature","geometry":{"type":"Point","coordinates":[-81.83567,41.4718]},"properties":{"id":"ora-oh-601","name":"I-90 at US-20 / Wooster Rd, 3033","state":"OH","provider":"Ohio DOT","hls":null,"snapshot":"https://itscameras.dot.state.oh.us/images/CLE/CLE110.jpg","refreshMs":30000,"attribution":"Ora (Warner Varnado) · Ohio DOT"}},{"type":"Feature","geometry":{"type":"Point","coordinates":[-82.77371,39.9311]},"properties":{"id":"ora-oh-602","name":"SR-204 at Taylor Rd, D05-014","state":"OH","provider":"Ohio DOT","hls":null,"snapshot":"https://itscameras.dot.state.oh.us/images/D05/SR-204_at_Taylor_Rd.jpg","refreshMs":30000,"attribution":"Ora (Warner Varnado) · Ohio DOT"}},{"type":"Feature","geometry":{"type":"Point","coordinates":[-84.366538,39.224612]},"properties":{"id":"ora-oh-603","name":"I-71 at SR-126 (RRCC), 4073","state":"OH","provider":"Ohio DOT","hls":null,"snapshot":"https://itscameras.dot.state.oh.us/images/artimis/CCTV073a-L.jpg","refreshMs":30000,"attribution":"Ora (Warner Varnado) · Ohio DOT"}},{"type":"Feature","geometry":{"type":"Point","coordinates":[-81.996848,39.94454]},"properties":{"id":"ora-oh-604","name":"I-70 at Underwood St, D05-006","state":"OH","provider":"Ohio DOT","hls":null,"snapshot":"https://itscameras.dot.state.oh.us/images/D05/D05-006.jpg","refreshMs":30000,"attribution":"Ora (Warner Varnado) · Ohio DOT"}},{"type":"Feature","geometry":{"type":"Point","coordinates":[-81.51909,41.41896]},"properties":{"id":"ora-oh-605","name":"I-480 at E of SR-8 / Northfield Rd, 3075","state":"OH","provider":"Ohio DOT","hls":null,"snapshot":"https://itscameras.dot.state.oh.us/images/CLE/CLE234-L.jpg","refreshMs":30000,"attribution":"Ora (Warner Varnado) · Ohio DOT"}},{"type":"Feature","geometry":{"type":"Point","coordinates":[-82.83473,41.48385]},"properties":{"id":"ora-oh-606","name":"SR-2 North Of Thomas A. Edison Memorial Bridge, 5076","state":"OH","provider":"Ohio DOT","hls":null,"snapshot":"https://itscameras.dot.state.oh.us:443/images/toledo/SR2-EB-Approach.jpg","refreshMs":30000,"attribution":"Ora (Warner Varnado) · Ohio DOT"}},{"type":"Feature","geometry":{"type":"Point","coordinates":[-81.6824,41.494916]},"properties":{"id":"ora-oh-607","name":"I-90 at I-77, 3042","state":"OH","provider":"Ohio DOT","hls":null,"snapshot":"https://itscameras.dot.state.oh.us/images/CLE/CLE130.jpg","refreshMs":30000,"attribution":"Ora (Warner Varnado) · Ohio DOT"}},{"type":"Feature","geometry":{"type":"Point","coordinates":[-82.946197,39.980991]},"properties":{"id":"ora-oh-608","name":"I-670 EB at MM 7.0, W of Nelson Rd, 2165","state":"OH","provider":"Ohio DOT","hls":null,"snapshot":"https://itscameras.dot.state.oh.us:443/images/CMH/CCTV2165.jpg","refreshMs":30000,"attribution":"Ora (Warner Varnado) · Ohio DOT"}},{"type":"Feature","geometry":{"type":"Point","coordinates":[-81.54514,41.57881]},"properties":{"id":"ora-oh-609","name":"I-90 at E 185th St, 3052","state":"OH","provider":"Ohio DOT","hls":null,"snapshot":"https://itscameras.dot.state.oh.us/images/CLE/CLE148-L.jpg","refreshMs":30000,"attribution":"Ora (Warner Varnado) · Ohio DOT"}},{"type":"Feature","geometry":{"type":"Point","coordinates":[-81.81195,41.31357]},"properties":{"id":"ora-oh-610","name":"I-71 at SR-82, 3003","state":"OH","provider":"Ohio DOT","hls":null,"snapshot":"https://itscameras.dot.state.oh.us/images/CLE/CLE027-L.jpg","refreshMs":30000,"attribution":"Ora (Warner Varnado) · Ohio DOT"}},{"type":"Feature","geometry":{"type":"Point","coordinates":[-83.043605,40.063197]},"properties":{"id":"ora-oh-611","name":"(City of Columbus) Bethel Rd at Jasonway Ave","state":"OH","provider":"Ohio DOT","hls":null,"snapshot":"https://itscameras.dot.state.oh.us/images/CMH/bethel-jasonway.jpg","refreshMs":30000,"attribution":"Ora (Warner Varnado) · Ohio DOT"}},{"type":"Feature","geometry":{"type":"Point","coordinates":[-83.69577,41.69803]},"properties":{"id":"ora-oh-612","name":"US-23 at N of I-475, 5054","state":"OH","provider":"Ohio DOT","hls":null,"snapshot":"https://itscameras.dot.state.oh.us/images/toledo/US-23_at_N_of_I-475.jpg","refreshMs":30000,"attribution":"Ora (Warner Varnado) · Ohio DOT"}},{"type":"Feature","geometry":{"type":"Point","coordinates":[-84.60109,39.25739]},"properties":{"id":"ora-oh-613","name":"Colerain Ave at I-275 WB Ramp, 4380","state":"OH","provider":"Ohio DOT","hls":null,"snapshot":"https://itscameras.dot.state.oh.us/images/artimis/Colerain_Ave_at_I-275_WB.jpg","refreshMs":30000,"attribution":"Ora (Warner Varnado) · Ohio DOT"}},{"type":"Feature","geometry":{"type":"Point","coordinates":[-81.503485,41.083959]},"properties":{"id":"ora-oh-614","name":"SR-8 at Perkins St, 6053","state":"OH","provider":"Ohio DOT","hls":null,"snapshot":"https://itscameras.dot.state.oh.us/images/CLE/CLE020-L.jpg","refreshMs":30000,"attribution":"Ora (Warner Varnado) · Ohio DOT"}},{"type":"Feature","geometry":{"type":"Point","coordinates":[-83.143828,39.911267]},"properties":{"id":"ora-oh-615","name":"(City of Columbus) Alkire Rd at Norton Rd","state":"OH","provider":"Ohio DOT","hls":null,"snapshot":"https://itscameras.dot.state.oh.us/images/CMH/Alkire-Norton.jpg","refreshMs":30000,"attribution":"Ora (Warner Varnado) · Ohio DOT"}},{"type":"Feature","geometry":{"type":"Point","coordinates":[-83.375196,39.956392]},"properties":{"id":"ora-oh-616","name":"I-70 at US-42, 2117","state":"OH","provider":"Ohio DOT","hls":null,"snapshot":"https://itscameras.dot.state.oh.us/images/CMH/CMH2117.jpg","refreshMs":30000,"attribution":"Ora (Warner Varnado) · Ohio DOT"}},{"type":"Feature","geometry":{"type":"Point","coordinates":[-84.59004,39.23112]},"properties":{"id":"ora-oh-617","name":"US-27 at Joseph, 4381","state":"OH","provider":"Ohio DOT","hls":null,"snapshot":"https://itscameras.dot.state.oh.us/images/artimis/joseph227.jpg","refreshMs":30000,"attribution":"Ora (Warner Varnado) · Ohio DOT"}},{"type":"Feature","geometry":{"type":"Point","coordinates":[-82.99563,39.05201]},"properties":{"id":"ora-oh-618","name":"SR-32 at Shyville Rd, D09-017","state":"OH","provider":"Ohio DOT","hls":null,"snapshot":"https://itscameras.dot.state.oh.us:443/images/D09/SR-32_Shyville.jpg","refreshMs":30000,"attribution":"Ora (Warner Varnado) · Ohio DOT"}},{"type":"Feature","geometry":{"type":"Point","coordinates":[-81.471592,41.149727]},"properties":{"id":"ora-oh-619","name":"SR-8 at Hudson Dr, 6059","state":"OH","provider":"Ohio DOT","hls":null,"snapshot":"https://itscameras.dot.state.oh.us/images/CLE/CLE034.jpg","refreshMs":30000,"attribution":"Ora (Warner Varnado) · Ohio DOT"}},{"type":"Feature","geometry":{"type":"Point","coordinates":[-84.50434,39.169189]},"properties":{"id":"ora-oh-620","name":"I-75 at North of Mitchell Ave, 4014","state":"OH","provider":"Ohio DOT","hls":null,"snapshot":"https://itscameras.dot.state.oh.us/images/artimis/CCTV014a.jpg","refreshMs":30000,"attribution":"Ora (Warner Varnado) · Ohio DOT"}},{"type":"Feature","geometry":{"type":"Point","coordinates":[-84.219912,39.383283]},"properties":{"id":"ora-oh-621","name":"I-71 at SR-48, 4155","state":"OH","provider":"Ohio DOT","hls":null,"snapshot":"https://itscameras.dot.state.oh.us/images/artimis/CCTV4155.jpg","refreshMs":30000,"attribution":"Ora (Warner Varnado) · Ohio DOT"}},{"type":"Feature","geometry":{"type":"Point","coordinates":[-82.08993,39.27218]},"properties":{"id":"ora-oh-622","name":"US-33 at Pleasant Hill Rd, 737","state":"OH","provider":"Ohio DOT","hls":null,"snapshot":"https://itscameras.dot.state.oh.us:443/images/D10/D10-004.jpg","refreshMs":30000,"attribution":"Ora (Warner Varnado) · Ohio DOT"}},{"type":"Feature","geometry":{"type":"Point","coordinates":[-84.586,39.22016]},"properties":{"id":"ora-oh-623","name":"US-27 / Colerain Ave at Galbraith Rd, 4378","state":"OH","provider":"Ohio DOT","hls":null,"snapshot":"https://itscameras.dot.state.oh.us/images/artimis/US-27_at_Galbraith_Rd.jpg","refreshMs":30000,"attribution":"Ora (Warner Varnado) · Ohio DOT"}},{"type":"Feature","geometry":{"type":"Point","coordinates":[-83.70282,41.67507]},"properties":{"id":"ora-oh-624","name":"Central Ave / US-20 at McCord Rd, 5090","state":"OH","provider":"Ohio DOT","hls":null,"snapshot":"https://itscameras.dot.state.oh.us/images/toledo/Central_Ave_at_McCord_Rd.jpg","refreshMs":30000,"attribution":"Ora (Warner Varnado) · Ohio DOT"}},{"type":"Feature","geometry":{"type":"Point","coordinates":[-83.04571,40.15698]},"properties":{"id":"ora-oh-625","name":"SR-315 at SR-750, 2201","state":"OH","provider":"Ohio DOT","hls":null,"snapshot":"https://itscameras.dot.state.oh.us:443/images/CMH/SR-315_at_SR-750.jpg","refreshMs":30000,"attribution":"Ora (Warner Varnado) · Ohio DOT"}},{"type":"Feature","geometry":{"type":"Point","coordinates":[-83.6912,41.58185]},"properties":{"id":"ora-oh-626","name":"I-475 at Salisbury Rd, 5042","state":"OH","provider":"Ohio DOT","hls":null,"snapshot":"https://itscameras.dot.state.oh.us/images/toledo/I-475_at_Salisbury_Rd.jpg","refreshMs":30000,"attribution":"Ora (Warner Varnado) · Ohio DOT"}},{"type":"Feature","geometry":{"type":"Point","coordinates":[-84.1902,39.84192]},"properties":{"id":"ora-oh-627","name":"I-75 at Benchwood Rd, 1034","state":"OH","provider":"Ohio DOT","hls":null,"snapshot":"https://itscameras.dot.state.oh.us/images/Dayton/I-75_at_Benchwood_Rd.jpg","refreshMs":30000,"attribution":"Ora (Warner Varnado) · Ohio DOT"}},{"type":"Feature","geometry":{"type":"Point","coordinates":[-82.882233,39.899815]},"properties":{"id":"ora-oh-628","name":"(City of Columbus) Hamilton Rd at Winchester Pike","state":"OH","provider":"Ohio DOT","hls":null,"snapshot":"https://itscameras.dot.state.oh.us/images/CMH/Hamilton-WinchesterPike.jpg","refreshMs":30000,"attribution":"Ora (Warner Varnado) · Ohio DOT"}},{"type":"Feature","geometry":{"type":"Point","coordinates":[-82.985764,39.956337]},"properties":{"id":"ora-oh-629","name":"(City of Columbus) Mound St at Washington Ave","state":"OH","provider":"Ohio DOT","hls":null,"snapshot":"https://itscameras.dot.state.oh.us/images/CMH/Mound-Washington.jpg","refreshMs":30000,"attribution":"Ora (Warner Varnado) · Ohio DOT"}},{"type":"Feature","geometry":{"type":"Point","coordinates":[-84.391796,39.055046]},"properties":{"id":"ora-oh-630","name":"I-275 at US-52, 4111","state":"OH","provider":"Ohio DOT","hls":null,"snapshot":"https://itscameras.dot.state.oh.us/images/artimis/CCTV4111.jpg","refreshMs":30000,"attribution":"Ora (Warner Varnado) · Ohio DOT"}},{"type":"Feature","geometry":{"type":"Point","coordinates":[-81.50796,41.40986]},"properties":{"id":"ora-oh-631","name":"I-271 at I-480 (North), 3061","state":"OH","provider":"Ohio DOT","hls":null,"snapshot":"https://itscameras.dot.state.oh.us:443/images/CLE/CLE067-L.jpg","refreshMs":30000,"attribution":"Ora (Warner Varnado) · Ohio DOT"}},{"type":"Feature","geometry":{"type":"Point","coordinates":[-81.67096,41.41164]},"properties":{"id":"ora-oh-632","name":"I-480 at Lancaster Dr, 3071","state":"OH","provider":"Ohio DOT","hls":null,"snapshot":"https://itscameras.dot.state.oh.us/images/CLE/CLE222-L.jpg","refreshMs":30000,"attribution":"Ora (Warner Varnado) · Ohio DOT"}},{"type":"Feature","geometry":{"type":"Point","coordinates":[-83.049751,40.053148]},"properties":{"id":"ora-oh-633","name":"(City of Columbus) Henderson Rd at Kenny Rd","state":"OH","provider":"Ohio DOT","hls":null,"snapshot":"https://itscameras.dot.state.oh.us/images/CMH/Henderson-Kenny.jpg","refreshMs":30000,"attribution":"Ora (Warner Varnado) · Ohio DOT"}},{"type":"Feature","geometry":{"type":"Point","coordinates":[-83.011433,40.014438]},"properties":{"id":"ora-oh-634","name":"(City of Columbus) High St at Hudson St","state":"OH","provider":"Ohio DOT","hls":null,"snapshot":"https://itscameras.dot.state.oh.us/images/CMH/High-Hudson.jpg","refreshMs":30000,"attribution":"Ora (Warner Varnado) · Ohio DOT"}},{"type":"Feature","geometry":{"type":"Point","coordinates":[-83.94398,39.88612]},"properties":{"id":"ora-oh-635","name":"I-70 at SR-4 (Enon), 1011","state":"OH","provider":"Ohio DOT","hls":null,"snapshot":"https://itscameras.dot.state.oh.us/images/dayton/I-70_at_SR-4_Enon.jpg","refreshMs":30000,"attribution":"Ora (Warner Varnado) · Ohio DOT"}},{"type":"Feature","geometry":{"type":"Point","coordinates":[-83.746587,41.51773]},"properties":{"id":"ora-oh-636","name":"US-24 at West of Dutch Rd, 5058","state":"OH","provider":"Ohio DOT","hls":null,"snapshot":"https://itscameras.dot.state.oh.us/images/toledo/US-24_at_W_of_Dutch_Rd.jpg","refreshMs":30000,"attribution":"Ora (Warner Varnado) · Ohio DOT"}},{"type":"Feature","geometry":{"type":"Point","coordinates":[-82.966009,39.979768]},"properties":{"id":"ora-oh-637","name":"I-670 EB at MM 6.0, E of Joyce Ave, 2158","state":"OH","provider":"Ohio DOT","hls":null,"snapshot":"https://itscameras.dot.state.oh.us:443/images/CMH/CCTV2158.jpg","refreshMs":30000,"attribution":"Ora (Warner Varnado) · Ohio DOT"}},{"type":"Feature","geometry":{"type":"Point","coordinates":[-83.179665,40.109543]},"properties":{"id":"ora-oh-638","name":"US-33 at SR-161/Post Rd, 2108","state":"OH","provider":"Ohio DOT","hls":null,"snapshot":"https://itscameras.dot.state.oh.us/images/CMH/postrd.jpg","refreshMs":30000,"attribution":"Ora (Warner Varnado) · Ohio DOT"}},{"type":"Feature","geometry":{"type":"Point","coordinates":[-83.648279,41.267564]},"properties":{"id":"ora-oh-639","name":"I-75 at CR-55/Bays Rd, 5075","state":"OH","provider":"Ohio DOT","hls":null,"snapshot":"https://itscameras.dot.state.oh.us/images/toledo/CCTV5075.jpg","refreshMs":30000,"attribution":"Ora (Warner Varnado) · Ohio DOT"}},{"type":"Feature","geometry":{"type":"Point","coordinates":[-83.673036,41.041769]},"properties":{"id":"ora-oh-640","name":"I-75 at SR-12, D01-013","state":"OH","provider":"Ohio DOT","hls":null,"snapshot":"https://itscameras.dot.state.oh.us/images/D01/CCTV013.jpg","refreshMs":30000,"attribution":"Ora (Warner Varnado) · Ohio DOT"}},{"type":"Feature","geometry":{"type":"Point","coordinates":[-83.70371,41.54097]},"properties":{"id":"ora-oh-641","name":"US-24 at Fallen Timbers Ln, 5059","state":"OH","provider":"Ohio DOT","hls":null,"snapshot":"https://itscameras.dot.state.oh.us/images/toledo/US-24_at_Fallen_Timbers_Ln.jpg","refreshMs":30000,"attribution":"Ora (Warner Varnado) · Ohio DOT"}},{"type":"Feature","geometry":{"type":"Point","coordinates":[-82.980568,39.978905]},"properties":{"id":"ora-oh-642","name":"I-670 EB at MM 5.2, St Clair Ave, 2151","state":"OH","provider":"Ohio DOT","hls":null,"snapshot":"https://itscameras.dot.state.oh.us:443/images/CMH/CCTV2151.jpg","refreshMs":30000,"attribution":"Ora (Warner Varnado) · Ohio DOT"}},{"type":"Feature","geometry":{"type":"Point","coordinates":[-82.682951,39.94894]},"properties":{"id":"ora-oh-643","name":"I-70 at SR-310, 2115","state":"OH","provider":"Ohio DOT","hls":null,"snapshot":"https://itscameras.dot.state.oh.us/images/CMH/I-70_at_SR-310.jpg","refreshMs":30000,"attribution":"Ora (Warner Varnado) · Ohio DOT"}},{"type":"Feature","geometry":{"type":"Point","coordinates":[-83.574017,41.678188]},"properties":{"id":"ora-oh-644","name":"I-75 at West Central Ave, 5021","state":"OH","provider":"Ohio DOT","hls":null,"snapshot":"https://itscameras.dot.state.oh.us/images/toledo/I-75_at_West_Central_Ave.jpg","refreshMs":30000,"attribution":"Ora (Warner Varnado) · Ohio DOT"}},{"type":"Feature","geometry":{"type":"Point","coordinates":[-82.85133,39.954691]},"properties":{"id":"ora-oh-645","name":"(City of Columbus) Main St at Noe Bixby Rd","state":"OH","provider":"Ohio DOT","hls":null,"snapshot":"https://itscameras.dot.state.oh.us/images/CMH/Main-NoeBixby.jpg","refreshMs":30000,"attribution":"Ora (Warner Varnado) · Ohio DOT"}},{"type":"Feature","geometry":{"type":"Point","coordinates":[-84.5066,39.37892]},"properties":{"id":"ora-oh-646","name":"SR-4 Bypass at Hamilton Mason Rd, 4349","state":"OH","provider":"Ohio DOT","hls":null,"snapshot":"https://itscameras.dot.state.oh.us/images/artimis/SR-4_Bypass_at_Hamilton_Mason.jpg","refreshMs":30000,"attribution":"Ora (Warner Varnado) · Ohio DOT"}},{"type":"Feature","geometry":{"type":"Point","coordinates":[-83.51013,41.65881]},"properties":{"id":"ora-oh-647","name":"Skyway Bridge South Side - PTZ, 5091","state":"OH","provider":"Ohio DOT","hls":null,"snapshot":"https://itscameras.dot.state.oh.us:443/images/toledo/I-280SApproachVGCS-ptz-large.jpg","refreshMs":30000,"attribution":"Ora (Warner Varnado) · Ohio DOT"}},{"type":"Feature","geometry":{"type":"Point","coordinates":[-83.51059,41.65938]},"properties":{"id":"ora-oh-648","name":"Skyway Bridge South Side - Looking North, 5091","state":"OH","provider":"Ohio DOT","hls":null,"snapshot":"https://itscameras.dot.state.oh.us:443/images/toledo/I-280SApproachVGCS-North-Large.jpg","refreshMs":30000,"attribution":"Ora (Warner Varnado) · Ohio DOT"}},{"type":"Feature","geometry":{"type":"Point","coordinates":[-83.50917,41.65786]},"properties":{"id":"ora-oh-649","name":"Skyway Bridge South Side - Looking South, 5091","state":"OH","provider":"Ohio DOT","hls":null,"snapshot":"https://itscameras.dot.state.oh.us:443/images/toledo/I-280SApproachVGCS-South-Large.jpg","refreshMs":30000,"attribution":"Ora (Warner Varnado) · Ohio DOT"}},{"type":"Feature","geometry":{"type":"Point","coordinates":[-82.985815,39.993835]},"properties":{"id":"ora-oh-650","name":"(City of Columbus) I-71 SB ramp at 11th Ave","state":"OH","provider":"Ohio DOT","hls":null,"snapshot":"https://itscameras.dot.state.oh.us/images/CMH/I-71SB-Eleventh.jpg","refreshMs":30000,"attribution":"Ora (Warner Varnado) · Ohio DOT"}},{"type":"Feature","geometry":{"type":"Point","coordinates":[-84.16522,40.77034]},"properties":{"id":"ora-oh-651","name":"SR-309 at Eastown Rd, D01-019","state":"OH","provider":"Ohio DOT","hls":null,"snapshot":"https://itscameras.dot.state.oh.us/images/D01/SR309-Eastown.jpg","refreshMs":30000,"attribution":"Ora (Warner Varnado) · Ohio DOT"}},{"type":"Feature","geometry":{"type":"Point","coordinates":[-84.3952,39.2891]},"properties":{"id":"ora-oh-652","name":"I-275 at US-42, 4001","state":"OH","provider":"Ohio DOT","hls":null,"snapshot":"https://itscameras.dot.state.oh.us/images/artimis/CCTV001a-L.jpg","refreshMs":30000,"attribution":"Ora (Warner Varnado) · Ohio DOT"}},{"type":"Feature","geometry":{"type":"Point","coordinates":[-84.4416,39.2902]},"properties":{"id":"ora-oh-653","name":"I-75 at I-275, 4002","state":"OH","provider":"Ohio DOT","hls":null,"snapshot":"https://itscameras.dot.state.oh.us:443/images/artimis/CCTV4002.jpg","refreshMs":30000,"attribution":"Ora (Warner Varnado) · Ohio DOT"}},{"type":"Feature","geometry":{"type":"Point","coordinates":[-84.4661,39.2948]},"properties":{"id":"ora-oh-654","name":"I-275 at SR-747, 4003","state":"OH","provider":"Ohio DOT","hls":null,"snapshot":"https://itscameras.dot.state.oh.us/images/artimis/CCTV003a.jpg","refreshMs":30000,"attribution":"Ora (Warner Varnado) · Ohio DOT"}},{"type":"Feature","geometry":{"type":"Point","coordinates":[-84.439942,39.270574]},"properties":{"id":"ora-oh-655","name":"I-75 at Sharon Rd, 4004","state":"OH","provider":"Ohio DOT","hls":null,"snapshot":"https://itscameras.dot.state.oh.us/images/artimis/CCTV004a-L.jpg","refreshMs":30000,"attribution":"Ora (Warner Varnado) · Ohio DOT"}},{"type":"Feature","geometry":{"type":"Point","coordinates":[-84.45,39.23]},"properties":{"id":"ora-oh-656","name":"I-75 at Lockland Split, 4006","state":"OH","provider":"Ohio DOT","hls":null,"snapshot":"https://itscameras.dot.state.oh.us/images/artimis/CCTV006a-L.jpg","refreshMs":30000,"attribution":"Ora (Warner Varnado) · Ohio DOT"}},{"type":"Feature","geometry":{"type":"Point","coordinates":[-84.4481,39.22067]},"properties":{"id":"ora-oh-657","name":"I-75 NB at Davis St, 4007","state":"OH","provider":"Ohio DOT","hls":null,"snapshot":"https://itscameras.dot.state.oh.us:443/images/artimis/CCTV007a.jpg","refreshMs":30000,"attribution":"Ora (Warner Varnado) · Ohio DOT"}},{"type":"Feature","geometry":{"type":"Point","coordinates":[-84.459797,39.218501]},"properties":{"id":"ora-oh-658","name":"I-75 SB at N of Galbraith Rd, 4008","state":"OH","provider":"Ohio DOT","hls":null,"snapshot":"https://itscameras.dot.state.oh.us/images/artimis/CCTV008a-L.jpg","refreshMs":30000,"attribution":"Ora (Warner Varnado) · Ohio DOT"}},{"type":"Feature","geometry":{"type":"Point","coordinates":[-84.461681,39.210424]},"properties":{"id":"ora-oh-659","name":"I-75 at SR-126 (RRCC), 4009","state":"OH","provider":"Ohio DOT","hls":null,"snapshot":"https://itscameras.dot.state.oh.us/images/artimis/CCTV009a-L.jpg","refreshMs":30000,"attribution":"Ora (Warner Varnado) · Ohio DOT"}},{"type":"Feature","geometry":{"type":"Point","coordinates":[-84.47095,39.19806]},"properties":{"id":"ora-oh-660","name":"I-75 at N of Paddock Rd, 4010","state":"OH","provider":"Ohio DOT","hls":null,"snapshot":"https://itscameras.dot.state.oh.us/images/artimis/CCTV010.jpg","refreshMs":30000,"attribution":"Ora (Warner Varnado) · Ohio DOT"}},{"type":"Feature","geometry":{"type":"Point","coordinates":[-84.48168,39.18907]},"properties":{"id":"ora-oh-661","name":"I-75 at N of Towne St, 4011","state":"OH","provider":"Ohio DOT","hls":null,"snapshot":"https://itscameras.dot.state.oh.us/images/artimis/CCTV011a.jpg","refreshMs":30000,"attribution":"Ora (Warner Varnado) · Ohio DOT"}},{"type":"Feature","geometry":{"type":"Point","coordinates":[-84.48804,39.175424]},"properties":{"id":"ora-oh-662","name":"I-75 at SR-562 (Norwood Lateral), 4012","state":"OH","provider":"Ohio DOT","hls":null,"snapshot":"https://itscameras.dot.state.oh.us/images/artimis/I-75_at_SR-562.jpg","refreshMs":30000,"attribution":"Ora (Warner Varnado) · Ohio DOT"}},{"type":"Feature","geometry":{"type":"Point","coordinates":[-84.494657,39.171516]},"properties":{"id":"ora-oh-663","name":"I-75 at Vine St, 4013","state":"OH","provider":"Ohio DOT","hls":null,"snapshot":"https://itscameras.dot.state.oh.us/images/artimis/I-75_at_Vine_St.jpg","refreshMs":30000,"attribution":"Ora (Warner Varnado) · Ohio DOT"}},{"type":"Feature","geometry":{"type":"Point","coordinates":[-84.508998,39.162735]},"properties":{"id":"ora-oh-664","name":"I-75 at Mitchell Ave, 4015","state":"OH","provider":"Ohio DOT","hls":null,"snapshot":"https://itscameras.dot.state.oh.us/images/artimis/CCTV015a.jpg","refreshMs":30000,"attribution":"Ora (Warner Varnado) · Ohio DOT"}},{"type":"Feature","geometry":{"type":"Point","coordinates":[-84.531504,39.158092]},"properties":{"id":"ora-oh-665","name":"I-75 at North of I-74, 4016","state":"OH","provider":"Ohio DOT","hls":null,"snapshot":"https://itscameras.dot.state.oh.us/images/artimis/CCTV016a.jpg","refreshMs":30000,"attribution":"Ora (Warner Varnado) · Ohio DOT"}},{"type":"Feature","geometry":{"type":"Point","coordinates":[-84.53447,39.1376]},"properties":{"id":"ora-oh-666","name":"I-75 at Hopple St, 4018","state":"OH","provider":"Ohio DOT","hls":null,"snapshot":"https://itscameras.dot.state.oh.us/images/artimis/CCTV018a.jpg","refreshMs":30000,"attribution":"Ora (Warner Varnado) · Ohio DOT"}},{"type":"Feature","geometry":{"type":"Point","coordinates":[-84.535643,39.124561]},"properties":{"id":"ora-oh-667","name":"I-75 at Western Hills Viaduct, 4019","state":"OH","provider":"Ohio DOT","hls":null,"snapshot":"https://itscameras.dot.state.oh.us/images/artimis/CCTV019a-L.jpg","refreshMs":30000,"attribution":"Ora (Warner Varnado) · Ohio DOT"}},{"type":"Feature","geometry":{"type":"Point","coordinates":[-84.5314,39.1095]},"properties":{"id":"ora-oh-668","name":"I-75 at Ezzard Charles Dr, 4020","state":"OH","provider":"Ohio DOT","hls":null,"snapshot":"https://itscameras.dot.state.oh.us:443/images/artimis/CCTV4020.jpg","refreshMs":30000,"attribution":"Ora (Warner Varnado) · Ohio DOT"}},{"type":"Feature","geometry":{"type":"Point","coordinates":[-84.5227,39.1016]},"properties":{"id":"ora-oh-669","name":"I-75 at 6th St, 4021","state":"OH","provider":"Ohio DOT","hls":null,"snapshot":"https://itscameras.dot.state.oh.us/images/artimis/CCTV021a.jpg","refreshMs":30000,"attribution":"Ora (Warner Varnado) · Ohio DOT"}},{"type":"Feature","geometry":{"type":"Point","coordinates":[-84.5223,39.09824]},"properties":{"id":"ora-oh-670","name":"I-75 at 3rd St, 4022","state":"OH","provider":"Ohio DOT","hls":null,"snapshot":"https://itscameras.dot.state.oh.us:443/images/artimis/CCTV022.jpg","refreshMs":30000,"attribution":"Ora (Warner Varnado) · Ohio DOT"}},{"type":"Feature","geometry":{"type":"Point","coordinates":[-84.51815,39.09718]},"properties":{"id":"ora-oh-671","name":"I-71 at I-75, 4035","state":"OH","provider":"Ohio DOT","hls":null,"snapshot":"https://itscameras.dot.state.oh.us:443/images/artimis/CCTV035a.jpg","refreshMs":30000,"attribution":"Ora (Warner Varnado) · Ohio DOT"}},{"type":"Feature","geometry":{"type":"Point","coordinates":[-84.502212,39.105634]},"properties":{"id":"ora-oh-672","name":"I-71 at I-471 (Van Meter St), 4037","state":"OH","provider":"Ohio DOT","hls":null,"snapshot":"https://itscameras.dot.state.oh.us/images/artimis/CCTV037a.jpg","refreshMs":30000,"attribution":"Ora (Warner Varnado) · Ohio DOT"}},{"type":"Feature","geometry":{"type":"Point","coordinates":[-84.33802,39.26177]},"properties":{"id":"ora-oh-673","name":"I-275 at MM 50.1, Montgomery Rd, 4038","state":"OH","provider":"Ohio DOT","hls":null,"snapshot":"https://itscameras.dot.state.oh.us/images/artimis/CCTV038a-L.jpg","refreshMs":30000,"attribution":"Ora (Warner Varnado) · Ohio DOT"}},{"type":"Feature","geometry":{"type":"Point","coordinates":[-84.3706,39.2856]},"properties":{"id":"ora-oh-674","name":"I-275 at MM 47.7, Reed Hartman Highway, 4205","state":"OH","provider":"Ohio DOT","hls":null,"snapshot":"https://itscameras.dot.state.oh.us/images/artimis/CCTV039a-L.jpg","refreshMs":30000,"attribution":"Ora (Warner Varnado) · Ohio DOT"}},{"type":"Feature","geometry":{"type":"Point","coordinates":[-84.4848,39.2951]},"properties":{"id":"ora-oh-675","name":"I-275 at SR-4, 4040","state":"OH","provider":"Ohio DOT","hls":null,"snapshot":"https://itscameras.dot.state.oh.us:443/images/artimis/CCTV040a-L.jpg","refreshMs":30000,"attribution":"Ora (Warner Varnado) · Ohio DOT"}},{"type":"Feature","geometry":{"type":"Point","coordinates":[-84.351834,39.271092]},"properties":{"id":"ora-oh-676","name":"I-71 at I-275, 4041","state":"OH","provider":"Ohio DOT","hls":null,"snapshot":"https://itscameras.dot.state.oh.us/images/artimis/CCTV041a-L.jpg","refreshMs":30000,"attribution":"Ora (Warner Varnado) · Ohio DOT"}},{"type":"Feature","geometry":{"type":"Point","coordinates":[-84.504052,39.099383]},"properties":{"id":"ora-oh-677","name":"I-71 at US-50 (Lytle Tunnel), 4042","state":"OH","provider":"Ohio DOT","hls":null,"snapshot":"https://itscameras.dot.state.oh.us/images/artimis/CCTV042a.jpg","refreshMs":30000,"attribution":"Ora (Warner Varnado) · Ohio DOT"}},{"type":"Feature","geometry":{"type":"Point","coordinates":[-84.540087,39.151525]},"properties":{"id":"ora-oh-678","name":"I-75 at I-74, 4049","state":"OH","provider":"Ohio DOT","hls":null,"snapshot":"https://itscameras.dot.state.oh.us/images/artimis/CCTV049a-L.jpg","refreshMs":30000,"attribution":"Ora (Warner Varnado) · Ohio DOT"}},{"type":"Feature","geometry":{"type":"Point","coordinates":[-84.431596,39.315724]},"properties":{"id":"ora-oh-679","name":"I-75 at Allen Rd, 4066","state":"OH","provider":"Ohio DOT","hls":null,"snapshot":"https://itscameras.dot.state.oh.us/images/artimis/CCTV066a.jpg","refreshMs":30000,"attribution":"Ora (Warner Varnado) · Ohio DOT"}},{"type":"Feature","geometry":{"type":"Point","coordinates":[-84.413066,39.332538]},"properties":{"id":"ora-oh-680","name":"I-75 at N of Union Centre Blvd, 4067","state":"OH","provider":"Ohio DOT","hls":null,"snapshot":"https://itscameras.dot.state.oh.us/images/cincinnati/I-75_at_Union_Centre_Blvd.jpg","refreshMs":30000,"attribution":"Ora (Warner Varnado) · Ohio DOT"}},{"type":"Feature","geometry":{"type":"Point","coordinates":[-84.3964,39.3416]},"properties":{"id":"ora-oh-681","name":"I-75 at Cin-Day Rd, 4068","state":"OH","provider":"Ohio DOT","hls":null,"snapshot":"https://itscameras.dot.state.oh.us/images/artimis/CCTV068a.jpg","refreshMs":30000,"attribution":"Ora (Warner Varnado) · Ohio DOT"}},{"type":"Feature","geometry":{"type":"Point","coordinates":[-84.3735,39.3545]},"properties":{"id":"ora-oh-682","name":"I-75 at Tylersville Rd, 4069","state":"OH","provider":"Ohio DOT","hls":null,"snapshot":"https://itscameras.dot.state.oh.us/images/artimis/CCTV069a.jpg","refreshMs":30000,"attribution":"Ora (Warner Varnado) · Ohio DOT"}},{"type":"Feature","geometry":{"type":"Point","coordinates":[-84.36344,39.36925]},"properties":{"id":"ora-oh-683","name":"D08-Signal Liberty Way at I-75 NB Ramp, 4306","state":"OH","provider":"Ohio DOT","hls":null,"snapshot":"https://itscameras.dot.state.oh.us/images/artimis/Liberty_Way_at_I-75NB_Ramp.jpg","refreshMs":30000,"attribution":"Ora (Warner Varnado) · Ohio DOT"}},{"type":"Feature","geometry":{"type":"Point","coordinates":[-84.365256,39.369327]},"properties":{"id":"ora-oh-684","name":"I-75 at Liberty Way, SR-129, 4070","state":"OH","provider":"Ohio DOT","hls":null,"snapshot":"https://itscameras.dot.state.oh.us/images/artimis/CCTV070a-L.jpg","refreshMs":30000,"attribution":"Ora (Warner Varnado) · Ohio DOT"}},{"type":"Feature","geometry":{"type":"Point","coordinates":[-84.36,39.261]},"properties":{"id":"ora-oh-685","name":"I-71 at Deerfield Rd, 4071","state":"OH","provider":"Ohio DOT","hls":null,"snapshot":"https://itscameras.dot.state.oh.us/images/artimis/CCTV071a.jpg","refreshMs":30000,"attribution":"Ora (Warner Varnado) · Ohio DOT"}},{"type":"Feature","geometry":{"type":"Point","coordinates":[-84.3656,39.2495]},"properties":{"id":"ora-oh-686","name":"I-71 at Pfeiffer Rd, 4072","state":"OH","provider":"Ohio DOT","hls":null,"snapshot":"https://itscameras.dot.state.oh.us/images/artimis/CCTV072a-L.jpg","refreshMs":30000,"attribution":"Ora (Warner Varnado) · Ohio DOT"}},{"type":"Feature","geometry":{"type":"Point","coordinates":[-84.37345,39.201248]},"properties":{"id":"ora-oh-687","name":"I-71 at Montgomery Rd (Kenwood), 4074","state":"OH","provider":"Ohio DOT","hls":null,"snapshot":"https://itscameras.dot.state.oh.us/images/artimis/CCTV074a.jpg","refreshMs":30000,"attribution":"Ora (Warner Varnado) · Ohio DOT"}},{"type":"Feature","geometry":{"type":"Point","coordinates":[-84.386995,39.192691]},"properties":{"id":"ora-oh-688","name":"I-71 at Euclid Ave, 4075","state":"OH","provider":"Ohio DOT","hls":null,"snapshot":"https://itscameras.dot.state.oh.us/images/artimis/CCTV4075.jpg","refreshMs":30000,"attribution":"Ora (Warner Varnado) · Ohio DOT"}},{"type":"Feature","geometry":{"type":"Point","coordinates":[-84.39029,39.187401]},"properties":{"id":"ora-oh-689","name":"I-71 at North of Stewart Rd, 4076","state":"OH","provider":"Ohio DOT","hls":null,"snapshot":"https://itscameras.dot.state.oh.us/images/artimis/CCTV076a.jpg","refreshMs":30000,"attribution":"Ora (Warner Varnado) · Ohio DOT"}},{"type":"Feature","geometry":{"type":"Point","coordinates":[-84.400161,39.171819]},"properties":{"id":"ora-oh-690","name":"I-71 at Red Bank Rd, 4077","state":"OH","provider":"Ohio DOT","hls":null,"snapshot":"https://itscameras.dot.state.oh.us/images/artimis/CCTV077a-L.jpg","refreshMs":30000,"attribution":"Ora (Warner Varnado) · Ohio DOT"}},{"type":"Feature","geometry":{"type":"Point","coordinates":[-84.4201,39.1695]},"properties":{"id":"ora-oh-691","name":"I-71 at Kennedy Ave, 4078","state":"OH","provider":"Ohio DOT","hls":null,"snapshot":"https://itscameras.dot.state.oh.us/images/artimis/CCTV078a-L.jpg","refreshMs":30000,"attribution":"Ora (Warner Varnado) · Ohio DOT"}},{"type":"Feature","geometry":{"type":"Point","coordinates":[-84.431128,39.165076]},"properties":{"id":"ora-oh-692","name":"I-71 at SR-562 (Norwood Lateral), 4079","state":"OH","provider":"Ohio DOT","hls":null,"snapshot":"https://itscameras.dot.state.oh.us/images/artimis/CCTV079a.jpg","refreshMs":30000,"attribution":"Ora (Warner Varnado) · Ohio DOT"}},{"type":"Feature","geometry":{"type":"Point","coordinates":[-84.4457,39.15]},"properties":{"id":"ora-oh-693","name":"I-71 at Smith Rd, 4081","state":"OH","provider":"Ohio DOT","hls":null,"snapshot":"https://itscameras.dot.state.oh.us/images/artimis/CCTV081a.jpg","refreshMs":30000,"attribution":"Ora (Warner Varnado) · Ohio DOT"}},{"type":"Feature","geometry":{"type":"Point","coordinates":[-84.4572,39.1447]},"properties":{"id":"ora-oh-694","name":"I-71 at Dana Ave, 4082","state":"OH","provider":"Ohio DOT","hls":null,"snapshot":"https://itscameras.dot.state.oh.us/images/artimis/CCTV082a.jpg","refreshMs":30000,"attribution":"Ora (Warner Varnado) · Ohio DOT"}},{"type":"Feature","geometry":{"type":"Point","coordinates":[-84.31619,39.29233]},"properties":{"id":"ora-oh-695","name":"Fields Ertel Rd at Mason Montgomery Rd, 4301","state":"OH","provider":"Ohio DOT","hls":null,"snapshot":"https://itscameras.dot.state.oh.us/images/artimis/FEMM159.jpg","refreshMs":30000,"attribution":"Ora (Warner Varnado) · Ohio DOT"}},{"type":"Feature","geometry":{"type":"Point","coordinates":[-84.317179,39.292295]},"properties":{"id":"ora-oh-696","name":"I-71 at Mason-Montgomery/Fields Ertel Rd, 4096","state":"OH","provider":"Ohio DOT","hls":null,"snapshot":"https://itscameras.dot.state.oh.us/images/artimis/CCTV096a-L.jpg","refreshMs":30000,"attribution":"Ora (Warner Varnado) · Ohio DOT"}},{"type":"Feature","geometry":{"type":"Point","coordinates":[-84.480698,39.143783]},"properties":{"id":"ora-oh-697","name":"I-71 at N of Victory Parkway, 4084","state":"OH","provider":"Ohio DOT","hls":null,"snapshot":"https://itscameras.dot.state.oh.us/images/artimis/CCTV084a.jpg","refreshMs":30000,"attribution":"Ora (Warner Varnado) · Ohio DOT"}},{"type":"Feature","geometry":{"type":"Point","coordinates":[-84.493385,39.134928]},"properties":{"id":"ora-oh-698","name":"I-71 at Martin Luther King Dr, 4085","state":"OH","provider":"Ohio DOT","hls":null,"snapshot":"https://itscameras.dot.state.oh.us/images/artimis/CCTV085a.jpg","refreshMs":30000,"attribution":"Ora (Warner Varnado) · Ohio DOT"}},{"type":"Feature","geometry":{"type":"Point","coordinates":[-84.497307,39.127234]},"properties":{"id":"ora-oh-699","name":"I-71 at William Howard Taft Rd, 4086","state":"OH","provider":"Ohio DOT","hls":null,"snapshot":"https://itscameras.dot.state.oh.us/images/artimis/CCTV086a.jpg","refreshMs":30000,"attribution":"Ora (Warner Varnado) · Ohio DOT"}},{"type":"Feature","geometry":{"type":"Point","coordinates":[-84.497507,39.122422]},"properties":{"id":"ora-oh-700","name":"I-71 at McGregor Ave, 4087","state":"OH","provider":"Ohio DOT","hls":null,"snapshot":"https://itscameras.dot.state.oh.us/images/artimis/CCTV087a.jpg","refreshMs":30000,"attribution":"Ora (Warner Varnado) · Ohio DOT"}},{"type":"Feature","geometry":{"type":"Point","coordinates":[-84.566074,39.157156]},"properties":{"id":"ora-oh-701","name":"I-74 at Montana Ave, 4142","state":"OH","provider":"Ohio DOT","hls":null,"snapshot":"https://itscameras.dot.state.oh.us/images/artimis/CCTV142.jpg","refreshMs":30000,"attribution":"Ora (Warner Varnado) · Ohio DOT"}},{"type":"Feature","geometry":{"type":"Point","coordinates":[-84.26424,39.357217]},"properties":{"id":"ora-oh-702","name":"I-71 at SR-741/Kings Mills Rd, 4092","state":"OH","provider":"Ohio DOT","hls":null,"snapshot":"https://itscameras.dot.state.oh.us/images/artimis/CCTV092a.jpg","refreshMs":30000,"attribution":"Ora (Warner Varnado) · Ohio DOT"}},{"type":"Feature","geometry":{"type":"Point","coordinates":[-84.4291,39.2869]},"properties":{"id":"ora-oh-703","name":"I-275 at Mosteller Rd, 4101","state":"OH","provider":"Ohio DOT","hls":null,"snapshot":"https://itscameras.dot.state.oh.us/images/artimis/CCTV101a.jpg","refreshMs":30000,"attribution":"Ora (Warner Varnado) · Ohio DOT"}},{"type":"Feature","geometry":{"type":"Point","coordinates":[-84.443942,39.254422]},"properties":{"id":"ora-oh-704","name":"I-75 at Glendale Milford Rd, 4104","state":"OH","provider":"Ohio DOT","hls":null,"snapshot":"https://itscameras.dot.state.oh.us/images/artimis/CCTV104a-L.jpg","refreshMs":30000,"attribution":"Ora (Warner Varnado) · Ohio DOT"}},{"type":"Feature","geometry":{"type":"Point","coordinates":[-84.2675,39.1756]},"properties":{"id":"ora-oh-705","name":"I-275 at SR-131, 4105","state":"OH","provider":"Ohio DOT","hls":null,"snapshot":"https://itscameras.dot.state.oh.us/images/artimis/CCTV105a.jpg","refreshMs":30000,"attribution":"Ora (Warner Varnado) · Ohio DOT"}},{"type":"Feature","geometry":{"type":"Point","coordinates":[-84.29201,39.23322]},"properties":{"id":"ora-oh-706","name":"I-275 at E of Loveland-Madeira Rd, 4107","state":"OH","provider":"Ohio DOT","hls":null,"snapshot":"https://itscameras.dot.state.oh.us/images/artimis/CCTV4107.jpg","refreshMs":30000,"attribution":"Ora (Warner Varnado) · Ohio DOT"}},{"type":"Feature","geometry":{"type":"Point","coordinates":[-84.5236,39.298892]},"properties":{"id":"ora-oh-707","name":"I-275 at Winton Rd, 4108","state":"OH","provider":"Ohio DOT","hls":null,"snapshot":"https://itscameras.dot.state.oh.us/images/artimis/CCTV108a.jpg","refreshMs":30000,"attribution":"Ora (Warner Varnado) · Ohio DOT"}},{"type":"Feature","geometry":{"type":"Point","coordinates":[-84.284,39.1015]},"properties":{"id":"ora-oh-708","name":"I-275 at SR-32, 4109","state":"OH","provider":"Ohio DOT","hls":null,"snapshot":"https://itscameras.dot.state.oh.us:443/images/artimis/CCTV109a.jpg","refreshMs":30000,"attribution":"Ora (Warner Varnado) · Ohio DOT"}},{"type":"Feature","geometry":{"type":"Point","coordinates":[-84.4214,39.0604]},"properties":{"id":"ora-oh-709","name":"I-275 at Kellogg Ave, 4110","state":"OH","provider":"Ohio DOT","hls":null,"snapshot":"https://itscameras.dot.state.oh.us/images/artimis/CCTV110a.jpg","refreshMs":30000,"attribution":"Ora (Warner Varnado) · Ohio DOT"}},{"type":"Feature","geometry":{"type":"Point","coordinates":[-84.6007,39.2566]},"properties":{"id":"ora-oh-710","name":"I-275 at Colerain Ave / US-27, 4112","state":"OH","provider":"Ohio DOT","hls":null,"snapshot":"https://itscameras.dot.state.oh.us/images/artimis/CCTV112a.jpg","refreshMs":30000,"attribution":"Ora (Warner Varnado) · Ohio DOT"}},{"type":"Feature","geometry":{"type":"Point","coordinates":[-82.994403,40.031024]},"properties":{"id":"ora-oh-711","name":"(City of Columbus) I-71 at North Broadway St","state":"OH","provider":"Ohio DOT","hls":null,"snapshot":"https://itscameras.dot.state.oh.us/images/CMH/71-NorthBroadway.jpg","refreshMs":30000,"attribution":"Ora (Warner Varnado) · Ohio DOT"}},{"type":"Feature","geometry":{"type":"Point","coordinates":[-82.99454,40.01474]},"properties":{"id":"ora-oh-712","name":"I-71 at Hudson St, 2003","state":"OH","provider":"Ohio DOT","hls":null,"snapshot":"https://itscameras.dot.state.oh.us/images/CMH/I-71_at_Hudson_St.jpg","refreshMs":30000,"attribution":"Ora (Warner Varnado) · Ohio DOT"}},{"type":"Feature","geometry":{"type":"Point","coordinates":[-83.00334,39.96613]},"properties":{"id":"ora-oh-713","name":"(City of Columbus) Front St at Spring St","state":"OH","provider":"Ohio DOT","hls":null,"snapshot":"https://itscameras.dot.state.oh.us/images/CMH/Front-Spring.jpg","refreshMs":30000,"attribution":"Ora (Warner Varnado) · Ohio DOT"}},{"type":"Feature","geometry":{"type":"Point","coordinates":[-82.98423,40.00083]},"properties":{"id":"ora-oh-714","name":"I-71 at 17th Ave, 2005","state":"OH","provider":"Ohio DOT","hls":null,"snapshot":"https://itscameras.dot.state.oh.us/images/CMH/I-71_at_17th_Ave.jpg","refreshMs":30000,"attribution":"Ora (Warner Varnado) · Ohio DOT"}},{"type":"Feature","geometry":{"type":"Point","coordinates":[-82.98568,39.9862]},"properties":{"id":"ora-oh-715","name":"I-71 at 5th Ave, 2006","state":"OH","provider":"Ohio DOT","hls":null,"snapshot":"https://itscameras.dot.state.oh.us/images/CMH/I-71_at_5th_Ave.jpg","refreshMs":30000,"attribution":"Ora (Warner Varnado) · Ohio DOT"}},{"type":"Feature","geometry":{"type":"Point","coordinates":[-82.9998,39.95347]},"properties":{"id":"ora-oh-716","name":"(City of Columbus) I-70/I-71 at Front St","state":"OH","provider":"Ohio DOT","hls":null,"snapshot":"https://itscameras.dot.state.oh.us/images/CMH/Front-I70.jpg","refreshMs":30000,"attribution":"Ora (Warner Varnado) · Ohio DOT"}},{"type":"Feature","geometry":{"type":"Point","coordinates":[-83.02147,39.96598]},"properties":{"id":"ora-oh-717","name":"(City of Columbus) Dublin Rd (US-33) at SR-315/Souder Ave","state":"OH","provider":"Ohio DOT","hls":null,"snapshot":"https://itscameras.dot.state.oh.us/images/CMH/Dublin-315.jpg","refreshMs":30000,"attribution":"Ora (Warner Varnado) · Ohio DOT"}},{"type":"Feature","geometry":{"type":"Point","coordinates":[-82.99819,39.96263]},"properties":{"id":"ora-oh-718","name":"(City of Columbus) Broad St at 3rd St","state":"OH","provider":"Ohio DOT","hls":null,"snapshot":"https://itscameras.dot.state.oh.us/images/CMH/Broad-Third.jpg","refreshMs":30000,"attribution":"Ora (Warner Varnado) · Ohio DOT"}},{"type":"Feature","geometry":{"type":"Point","coordinates":[-82.995754,39.9595]},"properties":{"id":"ora-oh-719","name":"(City of Columbus) 4th St at Town St","state":"OH","provider":"Ohio DOT","hls":null,"snapshot":"https://itscameras.dot.state.oh.us/images/CMH/Fourth-Town.jpg","refreshMs":30000,"attribution":"Ora (Warner Varnado) · Ohio DOT"}},{"type":"Feature","geometry":{"type":"Point","coordinates":[-82.99767,40.04648]},"properties":{"id":"ora-oh-720","name":"I-71 at Cooke Rd, 2014","state":"OH","provider":"Ohio DOT","hls":null,"snapshot":"https://itscameras.dot.state.oh.us/images/CMH/I-71_at_Cooke_Rd.jpg","refreshMs":30000,"attribution":"Ora (Warner Varnado) · Ohio DOT"}},{"type":"Feature","geometry":{"type":"Point","coordinates":[-83.04485,39.95669]},"properties":{"id":"ora-oh-721","name":"I-70 at W Broad St, 2015","state":"OH","provider":"Ohio DOT","hls":null,"snapshot":"https://itscameras.dot.state.oh.us/images/CMH/I-70_at_W_Broad_St.jpg","refreshMs":30000,"attribution":"Ora (Warner Varnado) · Ohio DOT"}},{"type":"Feature","geometry":{"type":"Point","coordinates":[-82.9969,39.96526]},"properties":{"id":"ora-oh-722","name":"(City of Columbus) 4th St at Long St","state":"OH","provider":"Ohio DOT","hls":null,"snapshot":"https://itscameras.dot.state.oh.us/images/CMH/Fourth-Long.jpg","refreshMs":30000,"attribution":"Ora (Warner Varnado) · Ohio DOT"}},{"type":"Feature","geometry":{"type":"Point","coordinates":[-82.95873,39.95345]},"properties":{"id":"ora-oh-723","name":"I-70 at Kelton Ave, 2018","state":"OH","provider":"Ohio DOT","hls":null,"snapshot":"https://itscameras.dot.state.oh.us/images/CMH/I-70_at_Kelton_Ave.jpg","refreshMs":30000,"attribution":"Ora (Warner Varnado) · Ohio DOT"}},{"type":"Feature","geometry":{"type":"Point","coordinates":[-83.04604,39.96888]},"properties":{"id":"ora-oh-724","name":"I-670 at Grandview Ave, 2020","state":"OH","provider":"Ohio DOT","hls":null,"snapshot":"https://itscameras.dot.state.oh.us/images/CMH/I-670_at_Grandview_Ave.jpg","refreshMs":30000,"attribution":"Ora (Warner Varnado) · Ohio DOT"}},{"type":"Feature","geometry":{"type":"Point","coordinates":[-82.91576,39.93026]},"properties":{"id":"ora-oh-725","name":"I-70 at James Rd, 2022","state":"OH","provider":"Ohio DOT","hls":null,"snapshot":"https://itscameras.dot.state.oh.us/images/CMH/I-70_at_James_Rd.jpg","refreshMs":30000,"attribution":"Ora (Warner Varnado) · Ohio DOT"}},{"type":"Feature","geometry":{"type":"Point","coordinates":[-82.87846,39.93704]},"properties":{"id":"ora-oh-726","name":"I-70 at Hamilton Rd, 2024","state":"OH","provider":"Ohio DOT","hls":null,"snapshot":"https://itscameras.dot.state.oh.us/images/CMH/I-70_at_Hamilton_Rd.jpg","refreshMs":30000,"attribution":"Ora (Warner Varnado) · Ohio DOT"}},{"type":"Feature","geometry":{"type":"Point","coordinates":[-83.021601,39.977438]},"properties":{"id":"ora-oh-727","name":"(City of Columbus) SR-315 at I-670 / Goodale St","state":"OH","provider":"Ohio DOT","hls":null,"snapshot":"https://itscameras.dot.state.oh.us:443/images/CMH/SR-315_at_I-670_N.jpg","refreshMs":30000,"attribution":"Ora (Warner Varnado) · Ohio DOT"}},{"type":"Feature","geometry":{"type":"Point","coordinates":[-82.830423,39.933039]},"properties":{"id":"ora-oh-728","name":"(City of Columbus) I-70 at Brice Rd","state":"OH","provider":"Ohio DOT","hls":null,"snapshot":"https://itscameras.dot.state.oh.us/images/CMH/70-Brice.jpg","refreshMs":30000,"attribution":"Ora (Warner Varnado) · Ohio DOT"}},{"type":"Feature","geometry":{"type":"Point","coordinates":[-82.995164,39.915752]},"properties":{"id":"ora-oh-729","name":"(City of Columbus) SR-104 at High St","state":"OH","provider":"Ohio DOT","hls":null,"snapshot":"https://itscameras.dot.state.oh.us/images/CMH/SR104-High.jpg","refreshMs":30000,"attribution":"Ora (Warner Varnado) · Ohio DOT"}},{"type":"Feature","geometry":{"type":"Point","coordinates":[-83.00947,39.93961]},"properties":{"id":"ora-oh-730","name":"I-71 at Greenlawn Ave, 2028","state":"OH","provider":"Ohio DOT","hls":null,"snapshot":"https://itscameras.dot.state.oh.us/images/CMH/I-71_at_Greenlawn_Ave.jpg","refreshMs":30000,"attribution":"Ora (Warner Varnado) · Ohio DOT"}},{"type":"Feature","geometry":{"type":"Point","coordinates":[-83.100114,39.97458]},"properties":{"id":"ora-oh-731","name":"(City of Columbus) I-70 at Wilson Rd","state":"OH","provider":"Ohio DOT","hls":null,"snapshot":"https://itscameras.dot.state.oh.us/images/CMH/I-70_at_Wilson_Rd.jpg","refreshMs":30000,"attribution":"Ora (Warner Varnado) · Ohio DOT"}},{"type":"Feature","geometry":{"type":"Point","coordinates":[-82.998126,40.061749]},"properties":{"id":"ora-oh-732","name":"(City of Columbus) I-71 at Morse Rd","state":"OH","provider":"Ohio DOT","hls":null,"snapshot":"https://itscameras.dot.state.oh.us/images/CMH/71-Sinclair.jpg","refreshMs":30000,"attribution":"Ora (Warner Varnado) · Ohio DOT"}},{"type":"Feature","geometry":{"type":"Point","coordinates":[-82.987665,40.087339]},"properties":{"id":"ora-oh-733","name":"(City of Columbus) I-71 at SR-161, Dublin-Granville Rd","state":"OH","provider":"Ohio DOT","hls":null,"snapshot":"https://itscameras.dot.state.oh.us/images/CMH/71-DublinGranville.jpg","refreshMs":30000,"attribution":"Ora (Warner Varnado) · Ohio DOT"}},{"type":"Feature","geometry":{"type":"Point","coordinates":[-82.98126,40.105592]},"properties":{"id":"ora-oh-734","name":"(City of Columbus) I-71 at Schrock Rd","state":"OH","provider":"Ohio DOT","hls":null,"snapshot":"https://itscameras.dot.state.oh.us/images/CMH/71-Shrock.jpg","refreshMs":30000,"attribution":"Ora (Warner Varnado) · Ohio DOT"}},{"type":"Feature","geometry":{"type":"Point","coordinates":[-82.949333,40.110757]},"properties":{"id":"ora-oh-735","name":"(City of Columbus) Cleveland Ave at Schrock Rd","state":"OH","provider":"Ohio DOT","hls":null,"snapshot":"https://itscameras.dot.state.oh.us/images/CMH/Cleveland-Shrock.jpg","refreshMs":30000,"attribution":"Ora (Warner Varnado) · Ohio DOT"}},{"type":"Feature","geometry":{"type":"Point","coordinates":[-82.97057,40.14223]},"properties":{"id":"ora-oh-736","name":"I-71 at Polaris Pkwy, 2039","state":"OH","provider":"Ohio DOT","hls":null,"snapshot":"https://itscameras.dot.state.oh.us/images/CMH/CMH039.jpg","refreshMs":30000,"attribution":"Ora (Warner Varnado) · Ohio DOT"}},{"type":"Feature","geometry":{"type":"Point","coordinates":[-82.978484,40.109959]},"properties":{"id":"ora-oh-737","name":"I-71 at I-270 (North side), 2185","state":"OH","provider":"Ohio DOT","hls":null,"snapshot":"https://itscameras.dot.state.oh.us/images/CMH/CCTV2185.jpg","refreshMs":30000,"attribution":"Ora (Warner Varnado) · Ohio DOT"}},{"type":"Feature","geometry":{"type":"Point","coordinates":[-82.98396,39.96755]},"properties":{"id":"ora-oh-738","name":"I-71 at Long St, 2041","state":"OH","provider":"Ohio DOT","hls":null,"snapshot":"https://itscameras.dot.state.oh.us/images/CMH/CMH041-L.jpg","refreshMs":30000,"attribution":"Ora (Warner Varnado) · Ohio DOT"}},{"type":"Feature","geometry":{"type":"Point","coordinates":[-83.009037,40.005906]},"properties":{"id":"ora-oh-739","name":"(City of Columbus) High St at Lane Ave","state":"OH","provider":"Ohio DOT","hls":null,"snapshot":"https://itscameras.dot.state.oh.us/images/CMH/high_st_at_lane_ave.jpg","refreshMs":30000,"attribution":"Ora (Warner Varnado) · Ohio DOT"}},{"type":"Feature","geometry":{"type":"Point","coordinates":[-83.00355,39.96872]},"properties":{"id":"ora-oh-740","name":"(City of Columbus) Front St at Nationwide Blvd","state":"OH","provider":"Ohio DOT","hls":null,"snapshot":"https://itscameras.dot.state.oh.us/images/CMH/Front-Nationwide.jpg","refreshMs":30000,"attribution":"Ora (Warner Varnado) · Ohio DOT"}},{"type":"Feature","geometry":{"type":"Point","coordinates":[-83.009659,39.971365]},"properties":{"id":"ora-oh-741","name":"(City of Columbus) Neil Ave at Vine St","state":"OH","provider":"Ohio DOT","hls":null,"snapshot":"https://itscameras.dot.state.oh.us/images/CMH/Neil-Vine.jpg","refreshMs":30000,"attribution":"Ora (Warner Varnado) · Ohio DOT"}},{"type":"Feature","geometry":{"type":"Point","coordinates":[-83.02366,40.006497]},"properties":{"id":"ora-oh-742","name":"(City of Columbus) Lane Ave at Olentangy River Rd","state":"OH","provider":"Ohio DOT","hls":null,"snapshot":"https://itscameras.dot.state.oh.us/images/CMH/lane_ave_at_olentangy_river_rd.jpg","refreshMs":30000,"attribution":"Ora (Warner Varnado) · Ohio DOT"}},{"type":"Feature","geometry":{"type":"Point","coordinates":[-83.0381,39.89242]},"properties":{"id":"ora-oh-743","name":"I-71 at I-270 (South Side), 2050","state":"OH","provider":"Ohio DOT","hls":null,"snapshot":"https://itscameras.dot.state.oh.us/images/CMH/CMH050-L.jpg","refreshMs":30000,"attribution":"Ora (Warner Varnado) · Ohio DOT"}},{"type":"Feature","geometry":{"type":"Point","coordinates":[-83.07547,39.903862]},"properties":{"id":"ora-oh-744","name":"I-270 at US-62, 2051","state":"OH","provider":"Ohio DOT","hls":null,"snapshot":"https://itscameras.dot.state.oh.us/images/CMH/CMH051-L.jpg","refreshMs":30000,"attribution":"Ora (Warner Varnado) · Ohio DOT"}},{"type":"Feature","geometry":{"type":"Point","coordinates":[-83.12023,39.923129]},"properties":{"id":"ora-oh-745","name":"I-270 at Georgesville Rd  , 2052","state":"OH","provider":"Ohio DOT","hls":null,"snapshot":"https://itscameras.dot.state.oh.us/images/CMH/CMH052-L.jpg","refreshMs":30000,"attribution":"Ora (Warner Varnado) · Ohio DOT"}},{"type":"Feature","geometry":{"type":"Point","coordinates":[-83.118846,39.952313]},"properties":{"id":"ora-oh-746","name":"I-270 at Broad St/US-40, 2053","state":"OH","provider":"Ohio DOT","hls":null,"snapshot":"https://itscameras.dot.state.oh.us/images/CMH/CMH053.jpg","refreshMs":30000,"attribution":"Ora (Warner Varnado) · Ohio DOT"}},{"type":"Feature","geometry":{"type":"Point","coordinates":[-83.118522,39.976443]},"properties":{"id":"ora-oh-747","name":"I-70 at I-270 (West side), 2054","state":"OH","provider":"Ohio DOT","hls":null,"snapshot":"https://itscameras.dot.state.oh.us/images/CMH/CMH054.jpg","refreshMs":30000,"attribution":"Ora (Warner Varnado) · Ohio DOT"}},{"type":"Feature","geometry":{"type":"Point","coordinates":[-83.118814,40.002346]},"properties":{"id":"ora-oh-748","name":"I-270 at Roberts Rd, 2055","state":"OH","provider":"Ohio DOT","hls":null,"snapshot":"https://itscameras.dot.state.oh.us/images/CMH/CMH055.jpg","refreshMs":30000,"attribution":"Ora (Warner Varnado) · Ohio DOT"}},{"type":"Feature","geometry":{"type":"Point","coordinates":[-83.124456,40.032964]},"properties":{"id":"ora-oh-749","name":"I-270 at Cemetery Rd, 2056","state":"OH","provider":"Ohio DOT","hls":null,"snapshot":"https://itscameras.dot.state.oh.us/images/CMH/CMH056.jpg","refreshMs":30000,"attribution":"Ora (Warner Varnado) · Ohio DOT"}},{"type":"Feature","geometry":{"type":"Point","coordinates":[-83.0298,40.03015]},"properties":{"id":"ora-oh-750","name":"SR-315 at W North Broadway, 2057","state":"OH","provider":"Ohio DOT","hls":null,"snapshot":"https://itscameras.dot.state.oh.us/images/CMH/CMH057-L.jpg","refreshMs":30000,"attribution":"Ora (Warner Varnado) · Ohio DOT"}},{"type":"Feature","geometry":{"type":"Point","coordinates":[-83.032878,40.052188]},"properties":{"id":"ora-oh-751","name":"SR-315 at Henderson Rd, 2058","state":"OH","provider":"Ohio DOT","hls":null,"snapshot":"https://itscameras.dot.state.oh.us/images/CMH/CMH058.jpg","refreshMs":30000,"attribution":"Ora (Warner Varnado) · Ohio DOT"}},{"type":"Feature","geometry":{"type":"Point","coordinates":[-83.031201,40.062852]},"properties":{"id":"ora-oh-752","name":"SR-315 at Bethel Rd, 2059","state":"OH","provider":"Ohio DOT","hls":null,"snapshot":"https://itscameras.dot.state.oh.us/images/CMH/CMH059.jpg","refreshMs":30000,"attribution":"Ora (Warner Varnado) · Ohio DOT"}},{"type":"Feature","geometry":{"type":"Point","coordinates":[-83.065316,40.110846]},"properties":{"id":"ora-oh-753","name":"I-270 at Smoky Row Rd, 2060","state":"OH","provider":"Ohio DOT","hls":null,"snapshot":"https://itscameras.dot.state.oh.us/images/CMH/CMH060.jpg","refreshMs":30000,"attribution":"Ora (Warner Varnado) · Ohio DOT"}},{"type":"Feature","geometry":{"type":"Point","coordinates":[-82.901692,40.01142]},"properties":{"id":"ora-oh-754","name":"I-270 at I-670, 2062","state":"OH","provider":"Ohio DOT","hls":null,"snapshot":"https://itscameras.dot.state.oh.us:443/images/CMH/CMH062.jpg","refreshMs":30000,"attribution":"Ora (Warner Varnado) · Ohio DOT"}},{"type":"Feature","geometry":{"type":"Point","coordinates":[-82.867566,40.004196]},"properties":{"id":"ora-oh-755","name":"I-270 at Hamilton Rd, Exit 37, 2063","state":"OH","provider":"Ohio DOT","hls":null,"snapshot":"https://itscameras.dot.state.oh.us:443/images/CMH/CMH063-L.jpg","refreshMs":30000,"attribution":"Ora (Warner Varnado) · Ohio DOT"}},{"type":"Feature","geometry":{"type":"Point","coordinates":[-82.853608,39.978402]},"properties":{"id":"ora-oh-756","name":"I-270 at E Broad St/SR-16, 2064","state":"OH","provider":"Ohio DOT","hls":null,"snapshot":"https://itscameras.dot.state.oh.us/images/CMH/CMH064.jpg","refreshMs":30000,"attribution":"Ora (Warner Varnado) · Ohio DOT"}},{"type":"Feature","geometry":{"type":"Point","coordinates":[-82.85259,39.93331]},"properties":{"id":"ora-oh-757","name":"I-270 at I-70 (East side), 2065","state":"OH","provider":"Ohio DOT","hls":null,"snapshot":"https://itscameras.dot.state.oh.us/images/CMH/CMH065.jpg","refreshMs":30000,"attribution":"Ora (Warner Varnado) · Ohio DOT"}},{"type":"Feature","geometry":{"type":"Point","coordinates":[-82.897604,39.902318]},"properties":{"id":"ora-oh-758","name":"I-270 at US-33 (SE Side), 2066","state":"OH","provider":"Ohio DOT","hls":null,"snapshot":"https://itscameras.dot.state.oh.us/images/CMH/CMH066.jpg","refreshMs":30000,"attribution":"Ora (Warner Varnado) · Ohio DOT"}},{"type":"Feature","geometry":{"type":"Point","coordinates":[-82.933889,39.871355]},"properties":{"id":"ora-oh-759","name":"I-270 at Alum Creek Dr, 2067","state":"OH","provider":"Ohio DOT","hls":null,"snapshot":"https://itscameras.dot.state.oh.us:443/images/CMH/CMH067.jpg","refreshMs":30000,"attribution":"Ora (Warner Varnado) · Ohio DOT"}},{"type":"Feature","geometry":{"type":"Point","coordinates":[-83.003762,39.875017]},"properties":{"id":"ora-oh-760","name":"I-270 at US-23 (South Side), 2068","state":"OH","provider":"Ohio DOT","hls":null,"snapshot":"https://itscameras.dot.state.oh.us:443/images/CMH/CMH068-L.jpg","refreshMs":30000,"attribution":"Ora (Warner Varnado) · Ohio DOT"}},{"type":"Feature","geometry":{"type":"Point","coordinates":[-83.013869,39.917665]},"properties":{"id":"ora-oh-761","name":"I-71 at Frank Rd/SR-104, 2069","state":"OH","provider":"Ohio DOT","hls":null,"snapshot":"https://itscameras.dot.state.oh.us/images/CMH/CMH069.jpg","refreshMs":30000,"attribution":"Ora (Warner Varnado) · Ohio DOT"}},{"type":"Feature","geometry":{"type":"Point","coordinates":[-83.061302,39.967369]},"properties":{"id":"ora-oh-762","name":"I-70 at I-670, 2070","state":"OH","provider":"Ohio DOT","hls":null,"snapshot":"https://itscameras.dot.state.oh.us/images/CMH/CMH070.jpg","refreshMs":30000,"attribution":"Ora (Warner Varnado) · Ohio DOT"}},{"type":"Feature","geometry":{"type":"Point","coordinates":[-83.02528,39.991457]},"properties":{"id":"ora-oh-763","name":"SR-315 at King Ave, 2071","state":"OH","provider":"Ohio DOT","hls":null,"snapshot":"https://itscameras.dot.state.oh.us:443/images/CMH/CMH071.jpg","refreshMs":30000,"attribution":"Ora (Warner Varnado) · Ohio DOT"}},{"type":"Feature","geometry":{"type":"Point","coordinates":[-83.030555,40.006162]},"properties":{"id":"ora-oh-764","name":"SR-315 at Lane Ave, 2072","state":"OH","provider":"Ohio DOT","hls":null,"snapshot":"https://itscameras.dot.state.oh.us:443/images/CMH/CMH072.jpg","refreshMs":30000,"attribution":"Ora (Warner Varnado) · Ohio DOT"}},{"type":"Feature","geometry":{"type":"Point","coordinates":[-83.135363,40.076153]},"properties":{"id":"ora-oh-765","name":"I-270 at Tuttle Crossing, 2073","state":"OH","provider":"Ohio DOT","hls":null,"snapshot":"https://itscameras.dot.state.oh.us/images/CMH/I-270_at_Tuttle_Crossing_Blvd.jpg","refreshMs":30000,"attribution":"Ora (Warner Varnado) · Ohio DOT"}},{"type":"Feature","geometry":{"type":"Point","coordinates":[-83.136453,40.099353]},"properties":{"id":"ora-oh-766","name":"I-270 at US-33/SR-161 (NW Side), 2074","state":"OH","provider":"Ohio DOT","hls":null,"snapshot":"https://itscameras.dot.state.oh.us/images/CMH/CMH074.jpg","refreshMs":30000,"attribution":"Ora (Warner Varnado) · Ohio DOT"}},{"type":"Feature","geometry":{"type":"Point","coordinates":[-83.115187,40.108286]},"properties":{"id":"ora-oh-767","name":"I-270 at Dublin Rd, 2075","state":"OH","provider":"Ohio DOT","hls":null,"snapshot":"https://itscameras.dot.state.oh.us/images/CMH/CMH075.jpg","refreshMs":30000,"attribution":"Ora (Warner Varnado) · Ohio DOT"}},{"type":"Feature","geometry":{"type":"Point","coordinates":[-83.036513,40.089747]},"properties":{"id":"ora-oh-768","name":"SR-315 at SR-161, 2076","state":"OH","provider":"Ohio DOT","hls":null,"snapshot":"https://itscameras.dot.state.oh.us/images/CMH/CMH076.jpg","refreshMs":30000,"attribution":"Ora (Warner Varnado) · Ohio DOT"}},{"type":"Feature","geometry":{"type":"Point","coordinates":[-82.956334,39.980309]},"properties":{"id":"ora-oh-769","name":"I-670 at Leonard Ave, 2077","state":"OH","provider":"Ohio DOT","hls":null,"snapshot":"https://itscameras.dot.state.oh.us:443/images/CMH/CMH077.jpg","refreshMs":30000,"attribution":"Ora (Warner Varnado) · Ohio DOT"}},{"type":"Feature","geometry":{"type":"Point","coordinates":[-82.939581,39.98581]},"properties":{"id":"ora-oh-770","name":"I-670 at 5th Ave, 2078","state":"OH","provider":"Ohio DOT","hls":null,"snapshot":"https://itscameras.dot.state.oh.us:443/images/CMH/CMH078.jpg","refreshMs":30000,"attribution":"Ora (Warner Varnado) · Ohio DOT"}},{"type":"Feature","geometry":{"type":"Point","coordinates":[-83.090532,40.108632]},"properties":{"id":"ora-oh-771","name":"I-270 at Sawmill Rd, 2080","state":"OH","provider":"Ohio DOT","hls":null,"snapshot":"https://itscameras.dot.state.oh.us/images/CMH/CMH080.jpg","refreshMs":30000,"attribution":"Ora (Warner Varnado) · Ohio DOT"}},{"type":"Feature","geometry":{"type":"Point","coordinates":[-83.035694,40.11247]},"properties":{"id":"ora-oh-772","name":"I-270 at SR-315, 2081","state":"OH","provider":"Ohio DOT","hls":null,"snapshot":"https://itscameras.dot.state.oh.us/images/CMH/CMH081.jpg","refreshMs":30000,"attribution":"Ora (Warner Varnado) · Ohio DOT"}},{"type":"Feature","geometry":{"type":"Point","coordinates":[-83.017108,40.11158]},"properties":{"id":"ora-oh-773","name":"I-270 at US-23 (North Side), 2082","state":"OH","provider":"Ohio DOT","hls":null,"snapshot":"https://itscameras.dot.state.oh.us/images/CMH/CMH082.jpg","refreshMs":30000,"attribution":"Ora (Warner Varnado) · Ohio DOT"}},{"type":"Feature","geometry":{"type":"Point","coordinates":[-82.919853,39.917556]},"properties":{"id":"ora-oh-774","name":"US-33 at SR-104, 2083","state":"OH","provider":"Ohio DOT","hls":null,"snapshot":"https://itscameras.dot.state.oh.us/images/CMH/CMH083.jpg","refreshMs":30000,"attribution":"Ora (Warner Varnado) · Ohio DOT"}},{"type":"Feature","geometry":{"type":"Point","coordinates":[-82.925544,40.100405]},"properties":{"id":"ora-oh-775","name":"I-270 at SR 3/Westerville Rd, 2084","state":"OH","provider":"Ohio DOT","hls":null,"snapshot":"https://itscameras.dot.state.oh.us/images/CMH/CMH084.jpg","refreshMs":30000,"attribution":"Ora (Warner Varnado) · Ohio DOT"}},{"type":"Feature","geometry":{"type":"Point","coordinates":[-82.902639,40.057763]},"properties":{"id":"ora-oh-776","name":"I-270 at Morse Rd, 2085","state":"OH","provider":"Ohio DOT","hls":null,"snapshot":"https://itscameras.dot.state.oh.us/images/CMH/CMH085-L.jpg","refreshMs":30000,"attribution":"Ora (Warner Varnado) · Ohio DOT"}},{"type":"Feature","geometry":{"type":"Point","coordinates":[-82.926728,39.931603]},"properties":{"id":"ora-oh-777","name":"I-70 at US-33, 2086","state":"OH","provider":"Ohio DOT","hls":null,"snapshot":"https://itscameras.dot.state.oh.us/images/CMH/CMH086.jpg","refreshMs":30000,"attribution":"Ora (Warner Varnado) · Ohio DOT"}},{"type":"Feature","geometry":{"type":"Point","coordinates":[-82.997601,39.976066]},"properties":{"id":"ora-oh-778","name":"I-670 at Fourth St, 2087","state":"OH","provider":"Ohio DOT","hls":null,"snapshot":"https://itscameras.dot.state.oh.us:443/images/CMH/CMH087.jpg","refreshMs":30000,"attribution":"Ora (Warner Varnado) · Ohio DOT"}},{"type":"Feature","geometry":{"type":"Point","coordinates":[-82.788428,39.933119]},"properties":{"id":"ora-oh-779","name":"I-70 at SR-256, 2090","state":"OH","provider":"Ohio DOT","hls":null,"snapshot":"https://itscameras.dot.state.oh.us/images/CMH/CMH090.jpg","refreshMs":30000,"attribution":"Ora (Warner Varnado) · Ohio DOT"}},{"type":"Feature","geometry":{"type":"Point","coordinates":[-83.009765,39.973524]},"properties":{"id":"ora-oh-780","name":"I-670 at Neil Ave, 2091","state":"OH","provider":"Ohio DOT","hls":null,"snapshot":"https://itscameras.dot.state.oh.us:443/images/CMH/CMH091.jpg","refreshMs":30000,"attribution":"Ora (Warner Varnado) · Ohio DOT"}},{"type":"Feature","geometry":{"type":"Point","coordinates":[-82.990028,39.971612]},"properties":{"id":"ora-oh-781","name":"I-670 at Cleveland Ave, 2092","state":"OH","provider":"Ohio DOT","hls":null,"snapshot":"https://itscameras.dot.state.oh.us/images/CMH/CMH092.jpg","refreshMs":30000,"attribution":"Ora (Warner Varnado) · Ohio DOT"}},{"type":"Feature","geometry":{"type":"Point","coordinates":[-82.878024,40.080969]},"properties":{"id":"ora-oh-782","name":"SR-161 at Little Turtle Way, 2098","state":"OH","provider":"Ohio DOT","hls":null,"snapshot":"https://itscameras.dot.state.oh.us/images/CMH/SR-161_at_Little_Turtle_Way.jpg","refreshMs":30000,"attribution":"Ora (Warner Varnado) · Ohio DOT"}},{"type":"Feature","geometry":{"type":"Point","coordinates":[-83.262035,39.97784]},"properties":{"id":"ora-oh-783","name":"I-70 at SR-142, 2122","state":"OH","provider":"Ohio DOT","hls":null,"snapshot":"https://itscameras.dot.state.oh.us/images/CMH/CCTV2122.jpg","refreshMs":30000,"attribution":"Ora (Warner Varnado) · Ohio DOT"}},{"type":"Feature","geometry":{"type":"Point","coordinates":[-83.302546,39.964566]},"properties":{"id":"ora-oh-784","name":"I-70 at Taylor Blair Rd, 2121","state":"OH","provider":"Ohio DOT","hls":null,"snapshot":"https://itscameras.dot.state.oh.us/images/CMH/CCTV2121.jpg","refreshMs":30000,"attribution":"Ora (Warner Varnado) · Ohio DOT"}},{"type":"Feature","geometry":{"type":"Point","coordinates":[-83.34526,39.95897]},"properties":{"id":"ora-oh-785","name":"I-70 at SR-29, 2120","state":"OH","provider":"Ohio DOT","hls":null,"snapshot":"https://itscameras.dot.state.oh.us:443/images/CMH/CCTV2120.jpg","refreshMs":30000,"attribution":"Ora (Warner Varnado) · Ohio DOT"}},{"type":"Feature","geometry":{"type":"Point","coordinates":[-83.073391,39.856667]},"properties":{"id":"ora-oh-786","name":"I-71 at Hoover Rd, 2187","state":"OH","provider":"Ohio DOT","hls":null,"snapshot":"https://itscameras.dot.state.oh.us/images/CMH/CCTV2187.jpg","refreshMs":30000,"attribution":"Ora (Warner Varnado) · Ohio DOT"}},{"type":"Feature","geometry":{"type":"Point","coordinates":[-82.666009,40.07988]},"properties":{"id":"ora-oh-787","name":"SR-161 at SR-310, D05-008","state":"OH","provider":"Ohio DOT","hls":null,"snapshot":"https://itscameras.dot.state.oh.us/images/D05/D05-008.jpg","refreshMs":30000,"attribution":"Ora (Warner Varnado) · Ohio DOT"}},{"type":"Feature","geometry":{"type":"Point","coordinates":[-82.930335,40.209104]},"properties":{"id":"ora-oh-788","name":"I-71 at Plumb Rd, 2188","state":"OH","provider":"Ohio DOT","hls":null,"snapshot":"https://itscameras.dot.state.oh.us/images/CMH/CCTV2188.jpg","refreshMs":30000,"attribution":"Ora (Warner Varnado) · Ohio DOT"}},{"type":"Feature","geometry":{"type":"Point","coordinates":[-82.925343,40.285031]},"properties":{"id":"ora-oh-789","name":"I-71 at Berkshire Rd, 2186","state":"OH","provider":"Ohio DOT","hls":null,"snapshot":"https://itscameras.dot.state.oh.us/images/CMH/CCTV2186.jpg","refreshMs":30000,"attribution":"Ora (Warner Varnado) · Ohio DOT"}},{"type":"Feature","geometry":{"type":"Point","coordinates":[-81.761829,41.426642]},"properties":{"id":"ora-oh-790","name":"I-480 at Tiedeman Rd, 3102","state":"OH","provider":"Ohio DOT","hls":null,"snapshot":"https://itscameras.dot.state.oh.us/images/CLE/CCTV3102.jpg","refreshMs":30000,"attribution":"Ora (Warner Varnado) · Ohio DOT"}},{"type":"Feature","geometry":{"type":"Point","coordinates":[-82.021407,41.464817]},"properties":{"id":"ora-oh-791","name":"I-90 at SR-83, D03-002","state":"OH","provider":"Ohio DOT","hls":null,"snapshot":"https://itscameras.dot.state.oh.us/images/CLE/D03-002.jpg","refreshMs":30000,"attribution":"Ora (Warner Varnado) · Ohio DOT"}},{"type":"Feature","geometry":{"type":"Point","coordinates":[-82.408494,39.943717]},"properties":{"id":"ora-oh-792","name":"I-70 at SR-13, D05-007","state":"OH","provider":"Ohio DOT","hls":null,"snapshot":"https://itscameras.dot.state.oh.us/images/D05/D05-007.jpg","refreshMs":30000,"attribution":"Ora (Warner Varnado) · Ohio DOT"}},{"type":"Feature","geometry":{"type":"Point","coordinates":[-84.440245,39.300355]},"properties":{"id":"ora-oh-793","name":"I-75 at Crescentville Rd, 4097","state":"OH","provider":"Ohio DOT","hls":null,"snapshot":"https://itscameras.dot.state.oh.us/images/artimis/CCTV4097.jpg","refreshMs":30000,"attribution":"Ora (Warner Varnado) · Ohio DOT"}},{"type":"Feature","geometry":{"type":"Point","coordinates":[-84.282064,39.336798]},"properties":{"id":"ora-oh-794","name":"I-71 at Western Row Rd, 4094","state":"OH","provider":"Ohio DOT","hls":null,"snapshot":"https://itscameras.dot.state.oh.us/images/artimis/CCTV4094.jpg","refreshMs":30000,"attribution":"Ora (Warner Varnado) · Ohio DOT"}},{"type":"Feature","geometry":{"type":"Point","coordinates":[-83.587809,40.323464]},"properties":{"id":"ora-oh-795","name":"US-33 at SR-347, 1072","state":"OH","provider":"Ohio DOT","hls":null,"snapshot":"https://itscameras.dot.state.oh.us/images/Dayton/CCTV1072.jpg","refreshMs":30000,"attribution":"Ora (Warner Varnado) · Ohio DOT"}},{"type":"Feature","geometry":{"type":"Point","coordinates":[-80.720365,41.142405]},"properties":{"id":"ora-oh-796","name":"I-80 at Salt Springs Rd, 6078","state":"OH","provider":"Ohio DOT","hls":null,"snapshot":"https://itscameras.dot.state.oh.us/images/CLE/CCTV6078.jpg","refreshMs":30000,"attribution":"Ora (Warner Varnado) · Ohio DOT"}},{"type":"Feature","geometry":{"type":"Point","coordinates":[-84.15746,39.65883]},"properties":{"id":"ora-oh-797","name":"SR-48/Far Hills Ave at Whipp Rd, 1098","state":"OH","provider":"Ohio DOT","hls":null,"snapshot":"https://itscameras.dot.state.oh.us/images/Dayton/SR-48_Whipp.jpg","refreshMs":30000,"attribution":"Ora (Warner Varnado) · Ohio DOT"}},{"type":"Feature","geometry":{"type":"Point","coordinates":[-81.38755,40.77278]},"properties":{"id":"ora-oh-798","name":"I-77 at SR-800, 6079","state":"OH","provider":"Ohio DOT","hls":null,"snapshot":"https://itscameras.dot.state.oh.us/images/CLE/CCTV6079.jpg","refreshMs":30000,"attribution":"Ora (Warner Varnado) · Ohio DOT"}},{"type":"Feature","geometry":{"type":"Point","coordinates":[-84.4613,39.3515]},"properties":{"id":"ora-oh-799","name":"SR-747 at Smith Rd, 4357","state":"OH","provider":"Ohio DOT","hls":null,"snapshot":"https://itscameras.dot.state.oh.us:443/images/artimis/SR-747_Smith_Quad.jpg","refreshMs":30000,"attribution":"Ora (Warner Varnado) · Ohio DOT"}},{"type":"Feature","geometry":{"type":"Point","coordinates":[-84.4628,39.33265]},"properties":{"id":"ora-oh-800","name":"SR-747 at Port Union Rd, 4356","state":"OH","provider":"Ohio DOT","hls":null,"snapshot":"https://itscameras.dot.state.oh.us:443/images/artimis/SR-747_PortUnion_Quad.jpg","refreshMs":30000,"attribution":"Ora (Warner Varnado) · Ohio DOT"}},{"type":"Feature","geometry":{"type":"Point","coordinates":[-82.442262,39.538398]},"properties":{"id":"ora-oh-801","name":"US-33 at SR-664, D10-010","state":"OH","provider":"Ohio DOT","hls":null,"snapshot":"https://itscameras.dot.state.oh.us:443/images/D10/D10-010.jpg","refreshMs":30000,"attribution":"Ora (Warner Varnado) · Ohio DOT"}},{"type":"Feature","geometry":{"type":"Point","coordinates":[-84.168961,40.438467]},"properties":{"id":"ora-oh-802","name":"I-75 at SR-274, 1073","state":"OH","provider":"Ohio DOT","hls":null,"snapshot":"https://itscameras.dot.state.oh.us:443/images/Dayton/CCTV1073.jpg","refreshMs":30000,"attribution":"Ora (Warner Varnado) · Ohio DOT"}},{"type":"Feature","geometry":{"type":"Point","coordinates":[-81.375324,40.787698]},"properties":{"id":"ora-oh-803","name":"US-30 at Cherry Ave, 6080","state":"OH","provider":"Ohio DOT","hls":null,"snapshot":"https://itscameras.dot.state.oh.us:443/images/CLE/CCTV6080.jpg","refreshMs":30000,"attribution":"Ora (Warner Varnado) · Ohio DOT"}},{"type":"Feature","geometry":{"type":"Point","coordinates":[-82.017583,39.058305]},"properties":{"id":"ora-oh-804","name":"US-33 at SR-7/833, 947","state":"OH","provider":"Ohio DOT","hls":null,"snapshot":"https://itscameras.dot.state.oh.us:443/images/D10/D10-011.jpg","refreshMs":30000,"attribution":"Ora (Warner Varnado) · Ohio DOT"}},{"type":"Feature","geometry":{"type":"Point","coordinates":[-83.00089,39.95476]},"properties":{"id":"ora-oh-805","name":"(City of Columbus) Front St at Mound St","state":"OH","provider":"Ohio DOT","hls":null,"snapshot":"https://itscameras.dot.state.oh.us:443/images/CMH/Front-Mound.jpg","refreshMs":30000,"attribution":"Ora (Warner Varnado) · Ohio DOT"}},{"type":"Feature","geometry":{"type":"Point","coordinates":[-81.226169,41.678563]},"properties":{"id":"ora-oh-806","name":"I-90 at Painesville/Ravenna Rd, 3103","state":"OH","provider":"Ohio DOT","hls":null,"snapshot":"https://itscameras.dot.state.oh.us:443/images/CLE/CCTV3103.jpg","refreshMs":30000,"attribution":"Ora (Warner Varnado) · Ohio DOT"}},{"type":"Feature","geometry":{"type":"Point","coordinates":[-82.08365,41.42388]},"properties":{"id":"ora-oh-807","name":"I-90 at SR-254, D03-003","state":"OH","provider":"Ohio DOT","hls":null,"snapshot":"https://itscameras.dot.state.oh.us:443/images/D03/D03-003.jpg","refreshMs":30000,"attribution":"Ora (Warner Varnado) · Ohio DOT"}},{"type":"Feature","geometry":{"type":"Point","coordinates":[-81.522542,40.585723]},"properties":{"id":"ora-oh-808","name":"I-77 at US-250, D11-007","state":"OH","provider":"Ohio DOT","hls":null,"snapshot":"https://itscameras.dot.state.oh.us:443/images/D11/D11-007.jpg","refreshMs":30000,"attribution":"Ora (Warner Varnado) · Ohio DOT"}},{"type":"Feature","geometry":{"type":"Point","coordinates":[-81.492889,40.527635]},"properties":{"id":"ora-oh-809","name":"I-77 at SR-39, D11-008","state":"OH","provider":"Ohio DOT","hls":null,"snapshot":"https://itscameras.dot.state.oh.us:443/images/D11/D11-008.jpg","refreshMs":30000,"attribution":"Ora (Warner Varnado) · Ohio DOT"}},{"type":"Feature","geometry":{"type":"Point","coordinates":[-83.65933,41.13749]},"properties":{"id":"ora-oh-810","name":"I-75 at SR-613, D01-015","state":"OH","provider":"Ohio DOT","hls":null,"snapshot":"https://itscameras.dot.state.oh.us:443/images/D01/D01-015.jpg","refreshMs":30000,"attribution":"Ora (Warner Varnado) · Ohio DOT"}},{"type":"Feature","geometry":{"type":"Point","coordinates":[-84.50655,39.38511]},"properties":{"id":"ora-oh-811","name":"SR-4 Bypass at SR-129 EB Ramp, 4350","state":"OH","provider":"Ohio DOT","hls":null,"snapshot":"https://itscameras.dot.state.oh.us:443/images/artimis/SR-4_BP_SR-129_EB_Ramp.jpg","refreshMs":30000,"attribution":"Ora (Warner Varnado) · Ohio DOT"}},{"type":"Feature","geometry":{"type":"Point","coordinates":[-84.50596,39.38687]},"properties":{"id":"ora-oh-812","name":"SR-4 Bypass at SR-129 WB Ramp, 4351","state":"OH","provider":"Ohio DOT","hls":null,"snapshot":"https://itscameras.dot.state.oh.us:443/images/artimis/SR-4_BP_SR-129_WB_Ramp.jpg","refreshMs":30000,"attribution":"Ora (Warner Varnado) · Ohio DOT"}},{"type":"Feature","geometry":{"type":"Point","coordinates":[-83.867748,40.892305]},"properties":{"id":"ora-oh-813","name":"I-75 at SR-103, 958","state":"OH","provider":"Ohio DOT","hls":null,"snapshot":"https://itscameras.dot.state.oh.us:443/images/D01/D01-016.jpg","refreshMs":30000,"attribution":"Ora (Warner Varnado) · Ohio DOT"}},{"type":"Feature","geometry":{"type":"Point","coordinates":[-81.81881,41.35652]},"properties":{"id":"ora-oh-814","name":"I-71 at US-42/Pearl Rd, 3104","state":"OH","provider":"Ohio DOT","hls":null,"snapshot":"https://itscameras.dot.state.oh.us:443/images/CLE/CCTV3104.jpg","refreshMs":30000,"attribution":"Ora (Warner Varnado) · Ohio DOT"}},{"type":"Feature","geometry":{"type":"Point","coordinates":[-83.03389,40.02934]},"properties":{"id":"ora-oh-815","name":"(City of Columbus) N Broadway at SR-315 & Riverside Hospital","state":"OH","provider":"Ohio DOT","hls":null,"snapshot":"https://itscameras.dot.state.oh.us:443/images/cmh/NorthBroadway-SR315RiversideHospital.jpg","refreshMs":30000,"attribution":"Ora (Warner Varnado) · Ohio DOT"}},{"type":"Feature","geometry":{"type":"Point","coordinates":[-81.43247,40.88592]},"properties":{"id":"ora-oh-816","name":"I-77 at Portage St, 6077","state":"OH","provider":"Ohio DOT","hls":null,"snapshot":"https://itscameras.dot.state.oh.us:443/images/CLE/CCTV6077.jpg","refreshMs":30000,"attribution":"Ora (Warner Varnado) · Ohio DOT"}},{"type":"Feature","geometry":{"type":"Point","coordinates":[-84.2263,39.1995]},"properties":{"id":"ora-oh-817","name":"SR-28 at Buckwheat Rd, 4342","state":"OH","provider":"Ohio DOT","hls":null,"snapshot":"https://itscameras.dot.state.oh.us:443/images/artimis/sr-28_buckwheat.jpg","refreshMs":30000,"attribution":"Ora (Warner Varnado) · Ohio DOT"}},{"type":"Feature","geometry":{"type":"Point","coordinates":[-82.98906,39.95239]},"properties":{"id":"ora-oh-818","name":"(City of Columbus) Livingston Ave at Grant Ave","state":"OH","provider":"Ohio DOT","hls":null,"snapshot":"https://itscameras.dot.state.oh.us:443/images/CMH/Livingston-Grant.jpg","refreshMs":30000,"attribution":"Ora (Warner Varnado) · Ohio DOT"}},{"type":"Feature","geometry":{"type":"Point","coordinates":[-81.6944,40.7948]},"properties":{"id":"ora-oh-819","name":"US-30 at SR-94, D03-013","state":"OH","provider":"Ohio DOT","hls":null,"snapshot":"https://itscameras.dot.state.oh.us:443/images/D03/US-30_SR-94.jpg","refreshMs":30000,"attribution":"Ora (Warner Varnado) · Ohio DOT"}},{"type":"Feature","geometry":{"type":"Point","coordinates":[-83.117466,41.368209]},"properties":{"id":"ora-oh-820","name":"US-6 / US-20 at SR-53, 5081","state":"OH","provider":"Ohio DOT","hls":null,"snapshot":"https://itscameras.dot.state.oh.us:443/images/toledo/cctv5081.jpg","refreshMs":30000,"attribution":"Ora (Warner Varnado) · Ohio DOT"}},{"type":"Feature","geometry":{"type":"Point","coordinates":[-84.45003,39.243152]},"properties":{"id":"ora-oh-821","name":"I-75 at Vision Way, 4005","state":"OH","provider":"Ohio DOT","hls":null,"snapshot":"https://itscameras.dot.state.oh.us:443/images/artimis/CCTV4005.jpg","refreshMs":30000,"attribution":"Ora (Warner Varnado) · Ohio DOT"}},{"type":"Feature","geometry":{"type":"Point","coordinates":[-84.45119,39.23629]},"properties":{"id":"ora-oh-822","name":"I-75 at Shepherd Ln, 4162","state":"OH","provider":"Ohio DOT","hls":null,"snapshot":"https://itscameras.dot.state.oh.us:443/images/artimis/CCTV4162.jpg","refreshMs":30000,"attribution":"Ora (Warner Varnado) · Ohio DOT"}},{"type":"Feature","geometry":{"type":"Point","coordinates":[-84.03213,39.06318]},"properties":{"id":"ora-oh-823","name":"SR-32 at Dela Palma Rd, 4346","state":"OH","provider":"Ohio DOT","hls":null,"snapshot":"https://itscameras.dot.state.oh.us:443/images/artimis/SR-32_DePalma.jpg","refreshMs":30000,"attribution":"Ora (Warner Varnado) · Ohio DOT"}},{"type":"Feature","geometry":{"type":"Point","coordinates":[-83.006704,39.972874]},"properties":{"id":"ora-oh-824","name":"I-670 at West of Park St Cap, 2089","state":"OH","provider":"Ohio DOT","hls":null,"snapshot":"https://itscameras.dot.state.oh.us:443/images/CMH/CCTV2089.jpg","refreshMs":30000,"attribution":"Ora (Warner Varnado) · Ohio DOT"}},{"type":"Feature","geometry":{"type":"Point","coordinates":[-83.001844,39.974535]},"properties":{"id":"ora-oh-825","name":"I-670 at East of park St Cap, 2088","state":"OH","provider":"Ohio DOT","hls":null,"snapshot":"https://itscameras.dot.state.oh.us:443/images/CMH/CCTV2088.jpg","refreshMs":30000,"attribution":"Ora (Warner Varnado) · Ohio DOT"}},{"type":"Feature","geometry":{"type":"Point","coordinates":[-82.968244,39.872469]},"properties":{"id":"ora-oh-826","name":"I-270 at Lockbourne Rd, 2194","state":"OH","provider":"Ohio DOT","hls":null,"snapshot":"https://itscameras.dot.state.oh.us:443/images/cmh/CCTV2194.jpg","refreshMs":30000,"attribution":"Ora (Warner Varnado) · Ohio DOT"}},{"type":"Feature","geometry":{"type":"Point","coordinates":[-82.90657,40.082899]},"properties":{"id":"ora-oh-827","name":"I-270 at SR-161 NE Tunnel, 2195","state":"OH","provider":"Ohio DOT","hls":null,"snapshot":"https://itscameras.dot.state.oh.us:443/images/CMH/CCTV2195.jpg","refreshMs":30000,"attribution":"Ora (Warner Varnado) · Ohio DOT"}},{"type":"Feature","geometry":{"type":"Point","coordinates":[-83.027908,39.885829]},"properties":{"id":"ora-oh-828","name":"I-270 at SR-104 / Jackson Pike, 2196","state":"OH","provider":"Ohio DOT","hls":null,"snapshot":"https://itscameras.dot.state.oh.us:443/images/CMH/CCTV2196.jpg","refreshMs":30000,"attribution":"Ora (Warner Varnado) · Ohio DOT"}},{"type":"Feature","geometry":{"type":"Point","coordinates":[-83.053921,39.899771]},"properties":{"id":"ora-oh-829","name":"I-270 at Gantz Rd, 2197","state":"OH","provider":"Ohio DOT","hls":null,"snapshot":"https://itscameras.dot.state.oh.us:443/images/CMH/CCTV2197.jpg","refreshMs":30000,"attribution":"Ora (Warner Varnado) · Ohio DOT"}},{"type":"Feature","geometry":{"type":"Point","coordinates":[-84.48759,39.17643]},"properties":{"id":"ora-oh-830","name":"I-75 at SR-562, Looking North, 4163","state":"OH","provider":"Ohio DOT","hls":null,"snapshot":"https://itscameras.dot.state.oh.us:443/images/artimis/CCTV4163.jpg","refreshMs":30000,"attribution":"Ora (Warner Varnado) · Ohio DOT"}},{"type":"Feature","geometry":{"type":"Point","coordinates":[-84.48886,39.17493]},"properties":{"id":"ora-oh-831","name":"I-75 at SR-562, Looking South, 4164","state":"OH","provider":"Ohio DOT","hls":null,"snapshot":"https://itscameras.dot.state.oh.us:443/images/artimis/CCTV4164.jpg","refreshMs":30000,"attribution":"Ora (Warner Varnado) · Ohio DOT"}},{"type":"Feature","geometry":{"type":"Point","coordinates":[-84.36833,39.22598]},"properties":{"id":"ora-oh-832","name":"I-71 SB Ramp at SR-126, 4305","state":"OH","provider":"Ohio DOT","hls":null,"snapshot":"https://itscameras.dot.state.oh.us:443/images/artimis/I-71_SB_SR-126.jpg","refreshMs":30000,"attribution":"Ora (Warner Varnado) · Ohio DOT"}},{"type":"Feature","geometry":{"type":"Point","coordinates":[-82.969375,39.387641]},"properties":{"id":"ora-oh-833","name":"US-23 at SR-159, 983","state":"OH","provider":"Ohio DOT","hls":null,"snapshot":"https://itscameras.dot.state.oh.us:443/images/D09/US-23_SR_159.jpg","refreshMs":30000,"attribution":"Ora (Warner Varnado) · Ohio DOT"}},{"type":"Feature","geometry":{"type":"Point","coordinates":[-82.912695,39.887518]},"properties":{"id":"ora-oh-834","name":"I-270 at Williams Rd, 2198","state":"OH","provider":"Ohio DOT","hls":null,"snapshot":"https://itscameras.dot.state.oh.us:443/images/CMH/CCTV2198.jpg","refreshMs":30000,"attribution":"Ora (Warner Varnado) · Ohio DOT"}},{"type":"Feature","geometry":{"type":"Point","coordinates":[-81.437591,41.394548]},"properties":{"id":"ora-oh-835","name":"US-422 at SR-91, 3105","state":"OH","provider":"Ohio DOT","hls":null,"snapshot":"https://itscameras.dot.state.oh.us:443/images/CLE/CCTV3105.jpg","refreshMs":30000,"attribution":"Ora (Warner Varnado) · Ohio DOT"}},{"type":"Feature","geometry":{"type":"Point","coordinates":[-83.36832,40.25415]},"properties":{"id":"ora-oh-836","name":"US-33 at SR-4, 2226","state":"OH","provider":"Ohio DOT","hls":null,"snapshot":"https://itscameras.dot.state.oh.us:443/images/CMH/CCTV2226.jpg","refreshMs":30000,"attribution":"Ora (Warner Varnado) · Ohio DOT"}},{"type":"Feature","geometry":{"type":"Point","coordinates":[-84.193,39.6293]},"properties":{"id":"ora-oh-837","name":"SR-725 at Lyons Rd, 1101","state":"OH","provider":"Ohio DOT","hls":null,"snapshot":"https://itscameras.dot.state.oh.us:443/images/Dayton/SR-725_Lyons.jpg","refreshMs":30000,"attribution":"Ora (Warner Varnado) · Ohio DOT"}},{"type":"Feature","geometry":{"type":"Point","coordinates":[-84.2252,39.6378]},"properties":{"id":"ora-oh-838","name":"SR-725 at SR-741, 1102","state":"OH","provider":"Ohio DOT","hls":null,"snapshot":"https://itscameras.dot.state.oh.us:443/images/Dayton/SR-725_SR-741.jpg","refreshMs":30000,"attribution":"Ora (Warner Varnado) · Ohio DOT"}},{"type":"Feature","geometry":{"type":"Point","coordinates":[-84.423881,39.1667]},"properties":{"id":"ora-oh-839","name":"I-71 at Ridge Ave, 4165","state":"OH","provider":"Ohio DOT","hls":null,"snapshot":"https://itscameras.dot.state.oh.us:443/images/artimis/CCTV4165.jpg","refreshMs":30000,"attribution":"Ora (Warner Varnado) · Ohio DOT"}},{"type":"Feature","geometry":{"type":"Point","coordinates":[-83.0291,40.2005]},"properties":{"id":"ora-oh-840","name":"US-23 at Lewis Center Rd, 2210","state":"OH","provider":"Ohio DOT","hls":null,"snapshot":"https://itscameras.dot.state.oh.us:443/images/CMH/CCTV2210.jpg","refreshMs":30000,"attribution":"Ora (Warner Varnado) · Ohio DOT"}},{"type":"Feature","geometry":{"type":"Point","coordinates":[-84.50143,39.40881]},"properties":{"id":"ora-oh-841","name":"SR-4 at SR-4 Bypass (Northern Junction), 4348","state":"OH","provider":"Ohio DOT","hls":null,"snapshot":"https://itscameras.dot.state.oh.us:443/images/artimis/SR-4_SR-4BP_North.jpg","refreshMs":30000,"attribution":"Ora (Warner Varnado) · Ohio DOT"}},{"type":"Feature","geometry":{"type":"Point","coordinates":[-82.844017,39.95848]},"properties":{"id":"ora-oh-842","name":"I-270 at N of Main St, 2191","state":"OH","provider":"Ohio DOT","hls":null,"snapshot":"https://itscameras.dot.state.oh.us:443/images/CMH/CCTV2191.jpg","refreshMs":30000,"attribution":"Ora (Warner Varnado) · Ohio DOT"}},{"type":"Feature","geometry":{"type":"Point","coordinates":[-82.845692,39.95003]},"properties":{"id":"ora-oh-843","name":"I-270 at S of Main St, 2192","state":"OH","provider":"Ohio DOT","hls":null,"snapshot":"https://itscameras.dot.state.oh.us:443/images/CMH/CCTV2192.jpg","refreshMs":30000,"attribution":"Ora (Warner Varnado) · Ohio DOT"}},{"type":"Feature","geometry":{"type":"Point","coordinates":[-82.847106,39.943009]},"properties":{"id":"ora-oh-844","name":"I-270 at Livingston Ave, 2193","state":"OH","provider":"Ohio DOT","hls":null,"snapshot":"https://itscameras.dot.state.oh.us:443/images/CMH/CCTV2193.jpg","refreshMs":30000,"attribution":"Ora (Warner Varnado) · Ohio DOT"}},{"type":"Feature","geometry":{"type":"Point","coordinates":[-84.59582,39.24666]},"properties":{"id":"ora-oh-845","name":"US-27/Colerain Ave at Marshall Square, 4383","state":"OH","provider":"Ohio DOT","hls":null,"snapshot":"https://itscameras.dot.state.oh.us:443/images/artimis/marshal131.jpg","refreshMs":30000,"attribution":"Ora (Warner Varnado) · Ohio DOT"}},{"type":"Feature","geometry":{"type":"Point","coordinates":[-84.59788,39.25155]},"properties":{"id":"ora-oh-846","name":"US-27/Colerain Ave at Redskin Dr, 4386","state":"OH","provider":"Ohio DOT","hls":null,"snapshot":"https://itscameras.dot.state.oh.us:443/images/artimis/US-27_Redskin.jpg","refreshMs":30000,"attribution":"Ora (Warner Varnado) · Ohio DOT"}},{"type":"Feature","geometry":{"type":"Point","coordinates":[-84.60446,39.26427]},"properties":{"id":"ora-oh-847","name":"US-27/Colerain Ave at Struble Rd, 4393","state":"OH","provider":"Ohio DOT","hls":null,"snapshot":"https://itscameras.dot.state.oh.us:443/images/artimis/struble3.jpg","refreshMs":30000,"attribution":"Ora (Warner Varnado) · Ohio DOT"}},{"type":"Feature","geometry":{"type":"Point","coordinates":[-82.01048,39.95332]},"properties":{"id":"ora-oh-848","name":"SR-60/Maple Ave at SR-146/Adair Ave, D05-016","state":"OH","provider":"Ohio DOT","hls":null,"snapshot":"https://itscameras.dot.state.oh.us:443/images/D05/SR-60_At_SR-146.jpg","refreshMs":30000,"attribution":"Ora (Warner Varnado) · Ohio DOT"}},{"type":"Feature","geometry":{"type":"Point","coordinates":[-84.59476,39.24266]},"properties":{"id":"ora-oh-849","name":"US-27/Colerain Ave at Commons Circle, 4375","state":"OH","provider":"Ohio DOT","hls":null,"snapshot":"https://itscameras.dot.state.oh.us:443/images/artimis/commons163.jpg","refreshMs":30000,"attribution":"Ora (Warner Varnado) · Ohio DOT"}},{"type":"Feature","geometry":{"type":"Point","coordinates":[-81.960546,39.949474]},"properties":{"id":"ora-oh-850","name":"I-70 at SR-93, D05-009","state":"OH","provider":"Ohio DOT","hls":null,"snapshot":"https://itscameras.dot.state.oh.us:443/images/D05/D05-009.jpg","refreshMs":30000,"attribution":"Ora (Warner Varnado) · Ohio DOT"}},{"type":"Feature","geometry":{"type":"Point","coordinates":[-81.90087,39.968026]},"properties":{"id":"ora-oh-851","name":"I-70 at SR-797 / Sonora Rd, D05-010","state":"OH","provider":"Ohio DOT","hls":null,"snapshot":"https://itscameras.dot.state.oh.us:443/images/D05/D05-010.jpg","refreshMs":30000,"attribution":"Ora (Warner Varnado) · Ohio DOT"}},{"type":"Feature","geometry":{"type":"Point","coordinates":[-83.542086,41.634343]},"properties":{"id":"ora-oh-852","name":"I-75 at South Ave / Kuhlman Dr, 5082","state":"OH","provider":"Ohio DOT","hls":null,"snapshot":"https://itscameras.dot.state.oh.us:443/images/toledo/CCTV5082.jpg","refreshMs":30000,"attribution":"Ora (Warner Varnado) · Ohio DOT"}},{"type":"Feature","geometry":{"type":"Point","coordinates":[-82.992992,40.111394]},"properties":{"id":"ora-oh-853","name":"I-270 at Worthington Galena Rd, 2228","state":"OH","provider":"Ohio DOT","hls":null,"snapshot":"https://itscameras.dot.state.oh.us:443/images/CMH/CCTV2228.jpg","refreshMs":30000,"attribution":"Ora (Warner Varnado) · Ohio DOT"}},{"type":"Feature","geometry":{"type":"Point","coordinates":[-82.45814,38.43447]},"properties":{"id":"ora-oh-854","name":"SR-7 Interchange to SR-527, D09-010","state":"OH","provider":"Ohio DOT","hls":null,"snapshot":"https://itscameras.dot.state.oh.us:443/images/D09/D09-010.jpg","refreshMs":30000,"attribution":"Ora (Warner Varnado) · Ohio DOT"}},{"type":"Feature","geometry":{"type":"Point","coordinates":[-84.59891,39.25292]},"properties":{"id":"ora-oh-855","name":"US-27/Colerain Ave at Stone Creek Blvd, 4392","state":"OH","provider":"Ohio DOT","hls":null,"snapshot":"https://itscameras.dot.state.oh.us:443/images/artimis/US-27_Stone_Creek.jpg","refreshMs":30000,"attribution":"Ora (Warner Varnado) · Ohio DOT"}},{"type":"Feature","geometry":{"type":"Point","coordinates":[-84.60218,39.25951]},"properties":{"id":"ora-oh-856","name":"US-27/Colerain Ave at Dry Ridge Rd, 4377","state":"OH","provider":"Ohio DOT","hls":null,"snapshot":"https://itscameras.dot.state.oh.us:443/images/artimis/US-27_Dry_Ridge.jpg","refreshMs":30000,"attribution":"Ora (Warner Varnado) · Ohio DOT"}},{"type":"Feature","geometry":{"type":"Point","coordinates":[-84.45018,39.42773]},"properties":{"id":"ora-oh-857","name":"SR-747 at SR-4, 4360","state":"OH","provider":"Ohio DOT","hls":null,"snapshot":"https://itscameras.dot.state.oh.us:443/images/artimis/SR-747_SR-4.jpg","refreshMs":30000,"attribution":"Ora (Warner Varnado) · Ohio DOT"}},{"type":"Feature","geometry":{"type":"Point","coordinates":[-84.2364,39.175]},"properties":{"id":"ora-oh-858","name":"SR-131 at Wolfpen Pleasant Hill Rd, 4339","state":"OH","provider":"Ohio DOT","hls":null,"snapshot":"https://itscameras.dot.state.oh.us:443/images/artimis/SR-131_Wolfpen.jpg","refreshMs":30000,"attribution":"Ora (Warner Varnado) · Ohio DOT"}},{"type":"Feature","geometry":{"type":"Point","coordinates":[-84.01968,39.70645]},"properties":{"id":"ora-oh-859","name":"US-35 at Orchard Lane, 1124","state":"OH","provider":"Ohio DOT","hls":null,"snapshot":"https://itscameras.dot.state.oh.us:443/images/Dayton/US-35_Orchard_Ln.jpg","refreshMs":30000,"attribution":"Ora (Warner Varnado) · Ohio DOT"}},{"type":"Feature","geometry":{"type":"Point","coordinates":[-84.501033,39.11549]},"properties":{"id":"ora-oh-860","name":"I-71 SB to Reading Rd Ramp, 4166","state":"OH","provider":"Ohio DOT","hls":null,"snapshot":"https://itscameras.dot.state.oh.us:443/images/artimis/CCTV4166.jpg","refreshMs":30000,"attribution":"Ora (Warner Varnado) · Ohio DOT"}},{"type":"Feature","geometry":{"type":"Point","coordinates":[-84.02223,39.70692]},"properties":{"id":"ora-oh-861","name":"US-35 at West of Orchard Ln, 1125","state":"OH","provider":"Ohio DOT","hls":null,"snapshot":"https://itscameras.dot.state.oh.us:443/images/Dayton/US-35_W_of_Orchard_Ln.jpg","refreshMs":30000,"attribution":"Ora (Warner Varnado) · Ohio DOT"}},{"type":"Feature","geometry":{"type":"Point","coordinates":[-84.624517,39.239261]},"properties":{"id":"ora-oh-862","name":"I-275 at Brehm Rd, 4167","state":"OH","provider":"Ohio DOT","hls":null,"snapshot":"https://itscameras.dot.state.oh.us:443/images/artimis/CCTV4167.jpg","refreshMs":30000,"attribution":"Ora (Warner Varnado) · Ohio DOT"}},{"type":"Feature","geometry":{"type":"Point","coordinates":[-83.038568,40.228681]},"properties":{"id":"ora-oh-863","name":"US-23 at Glenn Pkwy, 2213","state":"OH","provider":"Ohio DOT","hls":null,"snapshot":"https://itscameras.dot.state.oh.us:443/images/CMH/CCTV2213.jpg","refreshMs":30000,"attribution":"Ora (Warner Varnado) · Ohio DOT"}},{"type":"Feature","geometry":{"type":"Point","coordinates":[-84.02861,39.70894]},"properties":{"id":"ora-oh-864","name":"US-35 at Factory Rd, 1123","state":"OH","provider":"Ohio DOT","hls":null,"snapshot":"https://itscameras.dot.state.oh.us:443/images/Dayton/US-35_Factory_Rd_Quad.jpg","refreshMs":30000,"attribution":"Ora (Warner Varnado) · Ohio DOT"}},{"type":"Feature","geometry":{"type":"Point","coordinates":[-81.80156,41.13618]},"properties":{"id":"ora-oh-865","name":"SR-18 at Nettleton Rd, D03-006","state":"OH","provider":"Ohio DOT","hls":null,"snapshot":"https://itscameras.dot.state.oh.us:443/images/CLE/SR-18_Nettleton.jpg","refreshMs":30000,"attribution":"Ora (Warner Varnado) · Ohio DOT"}},{"type":"Feature","geometry":{"type":"Point","coordinates":[-84.26979,39.217718]},"properties":{"id":"ora-oh-866","name":"I-275 at Price Rd/Loveland-Milford Rd, 4168","state":"OH","provider":"Ohio DOT","hls":null,"snapshot":"https://itscameras.dot.state.oh.us:443/images/artimis/CCTV4168.jpg","refreshMs":30000,"attribution":"Ora (Warner Varnado) · Ohio DOT"}},{"type":"Feature","geometry":{"type":"Point","coordinates":[-81.76547,40.7966]},"properties":{"id":"ora-oh-867","name":"US-30 at SR-57, D03-012","state":"OH","provider":"Ohio DOT","hls":null,"snapshot":"https://itscameras.dot.state.oh.us:443/images/D03/US-30_SR-57.jpg","refreshMs":30000,"attribution":"Ora (Warner Varnado) · Ohio DOT"}},{"type":"Feature","geometry":{"type":"Point","coordinates":[-84.278538,39.226322]},"properties":{"id":"ora-oh-868","name":"I-275 at Wards Corner Rd, 4169","state":"OH","provider":"Ohio DOT","hls":null,"snapshot":"https://itscameras.dot.state.oh.us:443/images/artimis/CCTV4169.jpg","refreshMs":30000,"attribution":"Ora (Warner Varnado) · Ohio DOT"}},{"type":"Feature","geometry":{"type":"Point","coordinates":[-82.52084,40.05946]},"properties":{"id":"ora-oh-869","name":"SR-661/SR-37 at SR-16, D05-017","state":"OH","provider":"Ohio DOT","hls":null,"snapshot":"https://itscameras.dot.state.oh.us:443/images/D05/SR-661_SR-37_at_SR-16.jpg","refreshMs":30000,"attribution":"Ora (Warner Varnado) · Ohio DOT"}},{"type":"Feature","geometry":{"type":"Point","coordinates":[-84.30632,39.24872]},"properties":{"id":"ora-oh-870","name":"I-275 at MM 52.0, Hopewell Rd, 4172","state":"OH","provider":"Ohio DOT","hls":null,"snapshot":"https://itscameras.dot.state.oh.us:443/images/artimis/CCTV4172.jpg","refreshMs":30000,"attribution":"Ora (Warner Varnado) · Ohio DOT"}},{"type":"Feature","geometry":{"type":"Point","coordinates":[-84.32016,39.25265]},"properties":{"id":"ora-oh-871","name":"I-275 at MM 51.2, Weil Rd, 4173","state":"OH","provider":"Ohio DOT","hls":null,"snapshot":"https://itscameras.dot.state.oh.us:443/images/artimis/CCTV4173.jpg","refreshMs":30000,"attribution":"Ora (Warner Varnado) · Ohio DOT"}},{"type":"Feature","geometry":{"type":"Point","coordinates":[-83.0105,39.3984]},"properties":{"id":"ora-oh-872","name":"SR-104 at SR-207, D09-012","state":"OH","provider":"Ohio DOT","hls":null,"snapshot":"https://itscameras.dot.state.oh.us:443/images/D09/SR-104_SR-207.jpg","refreshMs":30000,"attribution":"Ora (Warner Varnado) · Ohio DOT"}},{"type":"Feature","geometry":{"type":"Point","coordinates":[-84.2623,39.1915]},"properties":{"id":"ora-oh-873","name":"I-275 at North of SR-28, 4176","state":"OH","provider":"Ohio DOT","hls":null,"snapshot":"https://itscameras.dot.state.oh.us:443/images/artimis/CCTV4176.jpg","refreshMs":30000,"attribution":"Ora (Warner Varnado) · Ohio DOT"}},{"type":"Feature","geometry":{"type":"Point","coordinates":[-82.9833,39.9635]},"properties":{"id":"ora-oh-874","name":"I-71 at E Broad St, 2236","state":"OH","provider":"Ohio DOT","hls":null,"snapshot":"https://itscameras.dot.state.oh.us:443/images/CMH/CCTV2236.jpg","refreshMs":30000,"attribution":"Ora (Warner Varnado) · Ohio DOT"}},{"type":"Feature","geometry":{"type":"Point","coordinates":[-83.0134,39.9174]},"properties":{"id":"ora-oh-875","name":"(City of Columbus) Frank Rd at I-71 NB Ramps","state":"OH","provider":"Ohio DOT","hls":null,"snapshot":"https://itscameras.dot.state.oh.us:443/images/CMH/Frank-I71nb.jpg","refreshMs":30000,"attribution":"Ora (Warner Varnado) · Ohio DOT"}},{"type":"Feature","geometry":{"type":"Point","coordinates":[-82.9157,39.9176]},"properties":{"id":"ora-oh-876","name":"(City of Columbus) Refugee Rd at Winchester Pike","state":"OH","provider":"Ohio DOT","hls":null,"snapshot":"https://itscameras.dot.state.oh.us:443/images/CMH/Refugee-WinchesterPike.jpg","refreshMs":30000,"attribution":"Ora (Warner Varnado) · Ohio DOT"}},{"type":"Feature","geometry":{"type":"Point","coordinates":[-83.0001,39.8389]},"properties":{"id":"ora-oh-877","name":"(City of Columbus) High St at Scioto Downs","state":"OH","provider":"Ohio DOT","hls":null,"snapshot":"https://itscameras.dot.state.oh.us:443/images/CMH/High-SciotoDowns.jpg","refreshMs":30000,"attribution":"Ora (Warner Varnado) · Ohio DOT"}},{"type":"Feature","geometry":{"type":"Point","coordinates":[-83.0009,39.8823]},"properties":{"id":"ora-oh-878","name":"(City of Columbus) High St at Obetz Rd","state":"OH","provider":"Ohio DOT","hls":null,"snapshot":"https://itscameras.dot.state.oh.us:443/images/CMH/High-Obetz.jpg","refreshMs":30000,"attribution":"Ora (Warner Varnado) · Ohio DOT"}},{"type":"Feature","geometry":{"type":"Point","coordinates":[-82.9966,39.8918]},"properties":{"id":"ora-oh-879","name":"(City of Columbus) High St at Williams Rd","state":"OH","provider":"Ohio DOT","hls":null,"snapshot":"https://itscameras.dot.state.oh.us:443/images/CMH/High-Williams.jpg","refreshMs":30000,"attribution":"Ora (Warner Varnado) · Ohio DOT"}},{"type":"Feature","geometry":{"type":"Point","coordinates":[-82.8522,40.0788]},"properties":{"id":"ora-oh-880","name":"(City of Columbus) Hamilton Rd at Old Dublin-Granville Rd","state":"OH","provider":"Ohio DOT","hls":null,"snapshot":"https://itscameras.dot.state.oh.us:443/images/CMH/Hamilton-OldDublinGranville.jpg","refreshMs":30000,"attribution":"Ora (Warner Varnado) · Ohio DOT"}},{"type":"Feature","geometry":{"type":"Point","coordinates":[-82.9925,40.1466]},"properties":{"id":"ora-oh-881","name":"(City of Columbus) Gemini Pl at Polaris Pkwy","state":"OH","provider":"Ohio DOT","hls":null,"snapshot":"https://itscameras.dot.state.oh.us:443/images/CMH/PolarisPkwy-Gemini.jpg","refreshMs":30000,"attribution":"Ora (Warner Varnado) · Ohio DOT"}},{"type":"Feature","geometry":{"type":"Point","coordinates":[-82.9978,40.1504]},"properties":{"id":"ora-oh-882","name":"(City of Columbus) Polaris Pkwy at Old State Rd","state":"OH","provider":"Ohio DOT","hls":null,"snapshot":"https://itscameras.dot.state.oh.us:443/images/CMH/PolarisPkwy-OldState.jpg","refreshMs":30000,"attribution":"Ora (Warner Varnado) · Ohio DOT"}},{"type":"Feature","geometry":{"type":"Point","coordinates":[-82.9657,40.1426]},"properties":{"id":"ora-oh-883","name":"(City of Columbus) Polaris Pkwy at Orion Pl","state":"OH","provider":"Ohio DOT","hls":null,"snapshot":"https://itscameras.dot.state.oh.us:443/images/CMH/PolarisPkwy-Orion.jpg","refreshMs":30000,"attribution":"Ora (Warner Varnado) · Ohio DOT"}},{"type":"Feature","geometry":{"type":"Point","coordinates":[-83.0019,39.9869]},"properties":{"id":"ora-oh-884","name":"(City of Columbus) Fifth Ave at Summit St","state":"OH","provider":"Ohio DOT","hls":null,"snapshot":"https://itscameras.dot.state.oh.us:443/images/CMH/Summit-5th.jpg","refreshMs":30000,"attribution":"Ora (Warner Varnado) · Ohio DOT"}},{"type":"Feature","geometry":{"type":"Point","coordinates":[-83.0014,39.9944]},"properties":{"id":"ora-oh-885","name":"(City of Columbus) Eleventh Ave at Summit St","state":"OH","provider":"Ohio DOT","hls":null,"snapshot":"https://itscameras.dot.state.oh.us:443/images/CMH/Summit-11th.jpg","refreshMs":30000,"attribution":"Ora (Warner Varnado) · Ohio DOT"}},{"type":"Feature","geometry":{"type":"Point","coordinates":[-83.0011,40.0013]},"properties":{"id":"ora-oh-886","name":"(City of Columbus) Seventeenth Ave at Summit St","state":"OH","provider":"Ohio DOT","hls":null,"snapshot":"https://itscameras.dot.state.oh.us:443/images/CMH/Summit-17th.jpg","refreshMs":30000,"attribution":"Ora (Warner Varnado) · Ohio DOT"}},{"type":"Feature","geometry":{"type":"Point","coordinates":[-82.9989,39.9954]},"properties":{"id":"ora-oh-887","name":"(City of Columbus) Chittenden Ave at Fourth St","state":"OH","provider":"Ohio DOT","hls":null,"snapshot":"https://itscameras.dot.state.oh.us:443/images/CMH/4th-Chittenden.jpg","refreshMs":30000,"attribution":"Ora (Warner Varnado) · Ohio DOT"}},{"type":"Feature","geometry":{"type":"Point","coordinates":[-82.9111,40.0201]},"properties":{"id":"ora-oh-888","name":"(City of Columbus) Agler Rd at Stelzer Rd","state":"OH","provider":"Ohio DOT","hls":null,"snapshot":"https://itscameras.dot.state.oh.us:443/images/CMH/Stelzer-Agler.jpg","refreshMs":30000,"attribution":"Ora (Warner Varnado) · Ohio DOT"}},{"type":"Feature","geometry":{"type":"Point","coordinates":[-82.9104,40.03322]},"properties":{"id":"ora-oh-889","name":"(City of Columbus) McCutcheon Rd at Stelzer Rd","state":"OH","provider":"Ohio DOT","hls":null,"snapshot":"https://itscameras.dot.state.oh.us:443/images/CMH/Stelzer-McCutcheon.jpg","refreshMs":30000,"attribution":"Ora (Warner Varnado) · Ohio DOT"}},{"type":"Feature","geometry":{"type":"Point","coordinates":[-83.151,39.9813]},"properties":{"id":"ora-oh-890","name":"(City of Columbus) Hilliard-Rome Rd at Renner Rd","state":"OH","provider":"Ohio DOT","hls":null,"snapshot":"https://itscameras.dot.state.oh.us:443/images/CMH/HilliardRome-Renner.jpg","refreshMs":30000,"attribution":"Ora (Warner Varnado) · Ohio DOT"}},{"type":"Feature","geometry":{"type":"Point","coordinates":[-83.1541,40.0039]},"properties":{"id":"ora-oh-891","name":"(City of Columbus) Hilliard-Rome Rd at Roberts Rd","state":"OH","provider":"Ohio DOT","hls":null,"snapshot":"https://itscameras.dot.state.oh.us:443/images/CMH/HilliardRome-Roberts.jpg","refreshMs":30000,"attribution":"Ora (Warner Varnado) · Ohio DOT"}},{"type":"Feature","geometry":{"type":"Point","coordinates":[-83.0668,39.9898]},"properties":{"id":"ora-oh-892","name":"(City of Columbus) Dublin Rd at Fifth Ave","state":"OH","provider":"Ohio DOT","hls":null,"snapshot":"https://itscameras.dot.state.oh.us:443/images/CMH/5th-Dublin.jpg","refreshMs":30000,"attribution":"Ora (Warner Varnado) · Ohio DOT"}},{"type":"Feature","geometry":{"type":"Point","coordinates":[-83.1281,40.0643]},"properties":{"id":"ora-oh-893","name":"(City of Columbus) Hayden Run Rd at Edwards Farm Rd","state":"OH","provider":"Ohio DOT","hls":null,"snapshot":"https://itscameras.dot.state.oh.us:443/images/CMH/HaydenRun-EdwardsFarms.jpg","refreshMs":30000,"attribution":"Ora (Warner Varnado) · Ohio DOT"}},{"type":"Feature","geometry":{"type":"Point","coordinates":[-83.125,40.0648]},"properties":{"id":"ora-oh-894","name":"(City of Columbus) Hayden Run Rd at Camdem Pl","state":"OH","provider":"Ohio DOT","hls":null,"snapshot":"https://itscameras.dot.state.oh.us:443/images/CMH/HaydenRun-Cambden.jpg","refreshMs":30000,"attribution":"Ora (Warner Varnado) · Ohio DOT"}},{"type":"Feature","geometry":{"type":"Point","coordinates":[-83.0906,40.1181]},"properties":{"id":"ora-oh-895","name":"(City of Columbus) Hard Rd at Sawmill Rd","state":"OH","provider":"Ohio DOT","hls":null,"snapshot":"https://itscameras.dot.state.oh.us:443/images/CMH/Hard-Sawmill.jpg","refreshMs":30000,"attribution":"Ora (Warner Varnado) · Ohio DOT"}},{"type":"Feature","geometry":{"type":"Point","coordinates":[-83.0671,40.1174]},"properties":{"id":"ora-oh-896","name":"(City of Columbus) Hard Rd at Smoky Row Rd","state":"OH","provider":"Ohio DOT","hls":null,"snapshot":"https://itscameras.dot.state.oh.us:443/images/CMH/Hard-SmokyRow.jpg","refreshMs":30000,"attribution":"Ora (Warner Varnado) · Ohio DOT"}},{"type":"Feature","geometry":{"type":"Point","coordinates":[-83.0423,40.1167]},"properties":{"id":"ora-oh-897","name":"(City of Columbus) Hard Rd at Linworth Rd and Sefton Park Dr","state":"OH","provider":"Ohio DOT","hls":null,"snapshot":"https://itscameras.dot.state.oh.us:443/images/CMH/Hard-Linworth.jpg","refreshMs":30000,"attribution":"Ora (Warner Varnado) · Ohio DOT"}},{"type":"Feature","geometry":{"type":"Point","coordinates":[-83.0379,40.1075]},"properties":{"id":"ora-oh-898","name":"(City of Columbus) Olentangy River Rd at Wilson Bridge Rd","state":"OH","provider":"Ohio DOT","hls":null,"snapshot":"https://itscameras.dot.state.oh.us:443/images/CMH/OlentangyRR-WilsonBridge.jpg","refreshMs":30000,"attribution":"Ora (Warner Varnado) · Ohio DOT"}},{"type":"Feature","geometry":{"type":"Point","coordinates":[-83.0352,40.1215]},"properties":{"id":"ora-oh-899","name":"(City of Columbus) Olentangy River Rd at Mason Pl and SR-315","state":"OH","provider":"Ohio DOT","hls":null,"snapshot":"https://itscameras.dot.state.oh.us:443/images/CMH/OlentangyRR-MasonSR315.jpg","refreshMs":30000,"attribution":"Ora (Warner Varnado) · Ohio DOT"}},{"type":"Feature","geometry":{"type":"Point","coordinates":[-82.98292,39.966735]},"properties":{"id":"ora-oh-900","name":"I-71 NB at Long St / Elijah Pierce Ave, 2237","state":"OH","provider":"Ohio DOT","hls":null,"snapshot":"https://itscameras.dot.state.oh.us:443/images/CMH/CCTV2237.jpg","refreshMs":30000,"attribution":"Ora (Warner Varnado) · Ohio DOT"}},{"type":"Feature","geometry":{"type":"Point","coordinates":[-84.37,39.213]},"properties":{"id":"ora-oh-901","name":"I-71 at North of Kugler Mill Rd, 4177","state":"OH","provider":"Ohio DOT","hls":null,"snapshot":"https://itscameras.dot.state.oh.us:443/images/artimis/CCTV4177.jpg","refreshMs":30000,"attribution":"Ora (Warner Varnado) · Ohio DOT"}},{"type":"Feature","geometry":{"type":"Point","coordinates":[-82.82443,39.9111]},"properties":{"id":"ora-oh-902","name":"(City of Columbus) Refugee Rd at Gender Rd","state":"OH","provider":"Ohio DOT","hls":null,"snapshot":"https://itscameras.dot.state.oh.us:443/images/CMH/Refugee-Gender.jpg","refreshMs":30000,"attribution":"Ora (Warner Varnado) · Ohio DOT"}},{"type":"Feature","geometry":{"type":"Point","coordinates":[-82.9595,39.4071]},"properties":{"id":"ora-oh-903","name":"SR-159 at Delano Rd, D09-013","state":"OH","provider":"Ohio DOT","hls":null,"snapshot":"https://itscameras.dot.state.oh.us:443/images/D09/SR-159_Delano.jpg","refreshMs":30000,"attribution":"Ora (Warner Varnado) · Ohio DOT"}},{"type":"Feature","geometry":{"type":"Point","coordinates":[-83.0507,39.35]},"properties":{"id":"ora-oh-904","name":"US-50 at Veterans Pkwy, D09-028","state":"OH","provider":"Ohio DOT","hls":null,"snapshot":"https://itscameras.dot.state.oh.us:443/images/D09/US-50_Veterans.jpg","refreshMs":30000,"attribution":"Ora (Warner Varnado) · Ohio DOT"}},{"type":"Feature","geometry":{"type":"Point","coordinates":[-84.6336,39.2301]},"properties":{"id":"ora-oh-905","name":"I-275 at RRCC Hwy, 4178","state":"OH","provider":"Ohio DOT","hls":null,"snapshot":"https://itscameras.dot.state.oh.us:443/images/artimis/CCTV4178.jpg","refreshMs":30000,"attribution":"Ora (Warner Varnado) · Ohio DOT"}},{"type":"Feature","geometry":{"type":"Point","coordinates":[-83.0516,39.0474]},"properties":{"id":"ora-oh-906","name":"SR-32 at SR-104, D09-018","state":"OH","provider":"Ohio DOT","hls":null,"snapshot":"https://itscameras.dot.state.oh.us:443/images/D09/SR-32 at SR-104.jpg","refreshMs":30000,"attribution":"Ora (Warner Varnado) · Ohio DOT"}},{"type":"Feature","geometry":{"type":"Point","coordinates":[-84.464,39.1426]},"properties":{"id":"ora-oh-907","name":"I-71 at South of Dana Ave, 4179","state":"OH","provider":"Ohio DOT","hls":null,"snapshot":"https://itscameras.dot.state.oh.us:443/images/artimis/CCTV4179.jpg","refreshMs":30000,"attribution":"Ora (Warner Varnado) · Ohio DOT"}},{"type":"Feature","geometry":{"type":"Point","coordinates":[-84.25878,39.18835]},"properties":{"id":"ora-oh-908","name":"SR-28 at Romar Rd, 4344","state":"OH","provider":"Ohio DOT","hls":null,"snapshot":"https://itscameras.dot.state.oh.us:443/images/artimis/SR-28_Romar.jpg","refreshMs":30000,"attribution":"Ora (Warner Varnado) · Ohio DOT"}},{"type":"Feature","geometry":{"type":"Point","coordinates":[-82.98246,39.95498]},"properties":{"id":"ora-oh-909","name":"I-70 at I-71 Split, Parsons Ave, 2049","state":"OH","provider":"Ohio DOT","hls":null,"snapshot":"https://itscameras.dot.state.oh.us:443/images/CMH/CCTV2049.jpg","refreshMs":30000,"attribution":"Ora (Warner Varnado) · Ohio DOT"}},{"type":"Feature","geometry":{"type":"Point","coordinates":[-84.6476,39.3601]},"properties":{"id":"ora-oh-910","name":"US-27 at New London Rd, 4374","state":"OH","provider":"Ohio DOT","hls":null,"snapshot":"https://itscameras.dot.state.oh.us:443/images/artimis/US-27_New_London.jpg","refreshMs":30000,"attribution":"Ora (Warner Varnado) · Ohio DOT"}},{"type":"Feature","geometry":{"type":"Point","coordinates":[-84.1901,39.221]},"properties":{"id":"ora-oh-911","name":"SR-28 at SR-48, 4345","state":"OH","provider":"Ohio DOT","hls":null,"snapshot":"https://itscameras.dot.state.oh.us:443/images/artimis/SR-28_SR-48.jpg","refreshMs":30000,"attribution":"Ora (Warner Varnado) · Ohio DOT"}},{"type":"Feature","geometry":{"type":"Point","coordinates":[-83.4168,38.9337]},"properties":{"id":"ora-oh-912","name":"SR-32 at SR-41, D09-021","state":"OH","provider":"Ohio DOT","hls":null,"snapshot":"https://itscameras.dot.state.oh.us:443/images/D09/SR-32 at SR-41.jpg","refreshMs":30000,"attribution":"Ora (Warner Varnado) · Ohio DOT"}},{"type":"Feature","geometry":{"type":"Point","coordinates":[-82.98942,39.95457]},"properties":{"id":"ora-oh-913","name":"(City of Columbus) Fulton St. at Grant Ave.","state":"OH","provider":"Ohio DOT","hls":null,"snapshot":"https://itscameras.dot.state.oh.us/images/CMH/Fulton-Grant.jpg","refreshMs":30000,"attribution":"Ora (Warner Varnado) · Ohio DOT"}},{"type":"Feature","geometry":{"type":"Point","coordinates":[-83.0149,39.9661]},"properties":{"id":"ora-oh-914","name":"(City of Columbus) Spring St at Hocking St","state":"OH","provider":"Ohio DOT","hls":null,"snapshot":"https://itscameras.dot.state.oh.us/images/CMH/Spring-Hocking.jpg","refreshMs":30000,"attribution":"Ora (Warner Varnado) · Ohio DOT"}},{"type":"Feature","geometry":{"type":"Point","coordinates":[-83.01246,39.96545]},"properties":{"id":"ora-oh-915","name":"(City of Columbus) Long St at Hanover St","state":"OH","provider":"Ohio DOT","hls":null,"snapshot":"https://itscameras.dot.state.oh.us/images/CMH/Long-Hanover.jpg","refreshMs":30000,"attribution":"Ora (Warner Varnado) · Ohio DOT"}},{"type":"Feature","geometry":{"type":"Point","coordinates":[-82.90123,40.05707]},"properties":{"id":"ora-oh-916","name":"(City of Columbus) I-270 NB at Morse Rd","state":"OH","provider":"Ohio DOT","hls":null,"snapshot":"https://itscameras.dot.state.oh.us/images/CMH/Morse-270NB.jpg","refreshMs":30000,"attribution":"Ora (Warner Varnado) · Ohio DOT"}},{"type":"Feature","geometry":{"type":"Point","coordinates":[-82.90562,40.05746]},"properties":{"id":"ora-oh-917","name":"(City of Columbus) I-270 SB at Morse Rd","state":"OH","provider":"Ohio DOT","hls":null,"snapshot":"https://itscameras.dot.state.oh.us/images/CMH/Morse-270SB.jpg","refreshMs":30000,"attribution":"Ora (Warner Varnado) · Ohio DOT"}},{"type":"Feature","geometry":{"type":"Point","coordinates":[-82.9955,40.11879]},"properties":{"id":"ora-oh-918","name":"(City of Columbus) Sancus Blvd at Worthington Woods Blvd","state":"OH","provider":"Ohio DOT","hls":null,"snapshot":"https://itscameras.dot.state.oh.us/images/CMH/Sancus-WorthingtonWoods.jpg","refreshMs":30000,"attribution":"Ora (Warner Varnado) · Ohio DOT"}},{"type":"Feature","geometry":{"type":"Point","coordinates":[-83.00556,39.98716]},"properties":{"id":"ora-oh-919","name":"(City of Columbus) High St at Fifth Ave","state":"OH","provider":"Ohio DOT","hls":null,"snapshot":"https://itscameras.dot.state.oh.us/images/CMH/High-Fifth.jpg","refreshMs":30000,"attribution":"Ora (Warner Varnado) · Ohio DOT"}},{"type":"Feature","geometry":{"type":"Point","coordinates":[-83.01119,39.97739]},"properties":{"id":"ora-oh-920","name":"(City of Columbus) Neil Ave at Buttles Ave","state":"OH","provider":"Ohio DOT","hls":null,"snapshot":"https://itscameras.dot.state.oh.us/images/CMH/Neil-Buttles.jpg","refreshMs":30000,"attribution":"Ora (Warner Varnado) · Ohio DOT"}},{"type":"Feature","geometry":{"type":"Point","coordinates":[-83.01313,39.98734]},"properties":{"id":"ora-oh-921","name":"(City of Columbus) Neil Ave at Fifth Ave","state":"OH","provider":"Ohio DOT","hls":null,"snapshot":"https://itscameras.dot.state.oh.us/images/CMH/Neil-Fifth.jpg","refreshMs":30000,"attribution":"Ora (Warner Varnado) · Ohio DOT"}},{"type":"Feature","geometry":{"type":"Point","coordinates":[-83.01374,39.99042]},"properties":{"id":"ora-oh-922","name":"(City of Columbus) Neil Ave at King Ave","state":"OH","provider":"Ohio DOT","hls":null,"snapshot":"https://itscameras.dot.state.oh.us/images/CMH/Neil-King.jpg","refreshMs":30000,"attribution":"Ora (Warner Varnado) · Ohio DOT"}},{"type":"Feature","geometry":{"type":"Point","coordinates":[-83.01422,39.99328]},"properties":{"id":"ora-oh-923","name":"(City of Columbus) Neil Ave at Ninth Ave","state":"OH","provider":"Ohio DOT","hls":null,"snapshot":"https://itscameras.dot.state.oh.us/images/CMH/Neil-Ninth.jpg","refreshMs":30000,"attribution":"Ora (Warner Varnado) · Ohio DOT"}},{"type":"Feature","geometry":{"type":"Point","coordinates":[-83.96349,39.78886]},"properties":{"id":"ora-oh-924","name":"SR-235 at Dayton Yellow Springs Rd, 1121","state":"OH","provider":"Ohio DOT","hls":null,"snapshot":"https://itscameras.dot.state.oh.us:443/images/Dayton/SR-235_Dayton_Yellow_Springs.jpg","refreshMs":30000,"attribution":"Ora (Warner Varnado) · Ohio DOT"}},{"type":"Feature","geometry":{"type":"Point","coordinates":[-82.86387,40.05515]},"properties":{"id":"ora-oh-925","name":"(City of Columbus) Hamilton Rd at Morse Rd","state":"OH","provider":"Ohio DOT","hls":null,"snapshot":"https://itscameras.dot.state.oh.us:443/images/CMH/Hamilton-Morse.jpg","refreshMs":30000,"attribution":"Ora (Warner Varnado) · Ohio DOT"}},{"type":"Feature","geometry":{"type":"Point","coordinates":[-82.99958,39.98687]},"properties":{"id":"ora-oh-926","name":"(City of Columbus) Fifth Ave at Fourth St","state":"OH","provider":"Ohio DOT","hls":null,"snapshot":"https://itscameras.dot.state.oh.us:443/images/CMH/5th-4th.jpg","refreshMs":30000,"attribution":"Ora (Warner Varnado) · Ohio DOT"}},{"type":"Feature","geometry":{"type":"Point","coordinates":[-82.97521,40.14827]},"properties":{"id":"ora-oh-927","name":"(City of Columbus) Gemini Pl at Lyra Dr","state":"OH","provider":"Ohio DOT","hls":null,"snapshot":"https://itscameras.dot.state.oh.us:443/images/CMH/Gemini-Lyra.jpg","refreshMs":30000,"attribution":"Ora (Warner Varnado) · Ohio DOT"}},{"type":"Feature","geometry":{"type":"Point","coordinates":[-84.232,39.0382]},"properties":{"id":"ora-oh-928","name":"SR-125 at Amelia-Olive Branch Rd, 4319","state":"OH","provider":"Ohio DOT","hls":null,"snapshot":"https://itscameras.dot.state.oh.us:443/images/artimis/SR-125_Amelia.jpg","refreshMs":30000,"attribution":"Ora (Warner Varnado) · Ohio DOT"}},{"type":"Feature","geometry":{"type":"Point","coordinates":[-84.593,39.2396]},"properties":{"id":"ora-oh-929","name":"US-27 at Roundtop Rd, 4387","state":"OH","provider":"Ohio DOT","hls":null,"snapshot":"https://itscameras.dot.state.oh.us:443/images/artimis/Colerain_Ave_at_Roundtop.jpg","refreshMs":30000,"attribution":"Ora (Warner Varnado) · Ohio DOT"}},{"type":"Feature","geometry":{"type":"Point","coordinates":[-83.7272,38.9669]},"properties":{"id":"ora-oh-930","name":"SR-32 at US-62, D09-020","state":"OH","provider":"Ohio DOT","hls":null,"snapshot":"https://itscameras.dot.state.oh.us:443/images/D09/SR-32_US-62.jpg","refreshMs":30000,"attribution":"Ora (Warner Varnado) · Ohio DOT"}},{"type":"Feature","geometry":{"type":"Point","coordinates":[-84.451585,39.163941]},"properties":{"id":"ora-oh-931","name":"SR-562 at East of Montgomery Rd, 4180","state":"OH","provider":"Ohio DOT","hls":null,"snapshot":"https://itscameras.dot.state.oh.us:443/images/artimis/SR-562_E_Montgomery_Rd.jpg","refreshMs":30000,"attribution":"Ora (Warner Varnado) · Ohio DOT"}},{"type":"Feature","geometry":{"type":"Point","coordinates":[-82.6378,39.0319]},"properties":{"id":"ora-oh-932","name":"SR-32 at Burlington Rd, D09-016","state":"OH","provider":"Ohio DOT","hls":null,"snapshot":"https://itscameras.dot.state.oh.us:443/images/D09/SR-32_Burlington.jpg","refreshMs":30000,"attribution":"Ora (Warner Varnado) · Ohio DOT"}},{"type":"Feature","geometry":{"type":"Point","coordinates":[-84.6425,39.3191]},"properties":{"id":"ora-oh-933","name":"SR-128 at School Rd, 4338","state":"OH","provider":"Ohio DOT","hls":null,"snapshot":"https://itscameras.dot.state.oh.us:443/images/artimis/SR_128_School_Rd.jpg","refreshMs":30000,"attribution":"Ora (Warner Varnado) · Ohio DOT"}},{"type":"Feature","geometry":{"type":"Point","coordinates":[-82.93348,40.02697]},"properties":{"id":"ora-oh-934","name":"(City of Columbus) Sunbury Rd at Agler Rd & Cassady Ave","state":"OH","provider":"Ohio DOT","hls":null,"snapshot":"https://itscameras.dot.state.oh.us:443/images/CMH/Sunbury-Agler-Cassady.jpg","refreshMs":30000,"attribution":"Ora (Warner Varnado) · Ohio DOT"}},{"type":"Feature","geometry":{"type":"Point","coordinates":[-82.93274,40.03438]},"properties":{"id":"ora-oh-935","name":"(City of Columbus) Sunbury Rd at Innis Rd & McCutcheon Rd","state":"OH","provider":"Ohio DOT","hls":null,"snapshot":"https://itscameras.dot.state.oh.us:443/images/CMH/Sunbury-Innis-McCutcheon.jpg","refreshMs":30000,"attribution":"Ora (Warner Varnado) · Ohio DOT"}},{"type":"Feature","geometry":{"type":"Point","coordinates":[-82.94391,39.94865]},"properties":{"id":"ora-oh-936","name":"I-70 at Livingston Ave, 2040","state":"OH","provider":"Ohio DOT","hls":null,"snapshot":"https://itscameras.dot.state.oh.us:443/images/CMH/CCTV2040.jpg","refreshMs":30000,"attribution":"Ora (Warner Varnado) · Ohio DOT"}},{"type":"Feature","geometry":{"type":"Point","coordinates":[-82.05376,39.97451]},"properties":{"id":"ora-oh-937","name":"SR-146 at Dillon School, D05-013","state":"OH","provider":"Ohio DOT","hls":null,"snapshot":"https://itscameras.dot.state.oh.us:443/images/D05/SR_146_Dillon_School.jpg","refreshMs":30000,"attribution":"Ora (Warner Varnado) · Ohio DOT"}},{"type":"Feature","geometry":{"type":"Point","coordinates":[-84.33953,39.25966]},"properties":{"id":"ora-oh-938","name":"I-275 EB Ramp at Montgomery Rd, 4304","state":"OH","provider":"Ohio DOT","hls":null,"snapshot":"https://itscameras.dot.state.oh.us:443/images/artimis/I-275_EB_Ramp_Montgomery_Rd.jpg","refreshMs":30000,"attribution":"Ora (Warner Varnado) · Ohio DOT"}},{"type":"Feature","geometry":{"type":"Point","coordinates":[-84.2559,39.0538]},"properties":{"id":"ora-oh-939","name":"SR-125 at Merwin Ten Mile Rd, 4330","state":"OH","provider":"Ohio DOT","hls":null,"snapshot":"https://itscameras.dot.state.oh.us:443/images/artimis/SR-125_Merwin_Ten_Mile.jpg","refreshMs":30000,"attribution":"Ora (Warner Varnado) · Ohio DOT"}},{"type":"Feature","geometry":{"type":"Point","coordinates":[-84.226,39.03411]},"properties":{"id":"ora-oh-940","name":"SR-125 at Glen Mary Dr, 4325","state":"OH","provider":"Ohio DOT","hls":null,"snapshot":"https://itscameras.dot.state.oh.us:443/images/artimis/SR-125_Glen_Mary.jpg","refreshMs":30000,"attribution":"Ora (Warner Varnado) · Ohio DOT"}},{"type":"Feature","geometry":{"type":"Point","coordinates":[-84.2297,39.03668]},"properties":{"id":"ora-oh-941","name":"SR-125 at Lori Ln, 4329","state":"OH","provider":"Ohio DOT","hls":null,"snapshot":"https://itscameras.dot.state.oh.us:443/images/artimis/SR-125_Lori_Ln.jpg","refreshMs":30000,"attribution":"Ora (Warner Varnado) · Ohio DOT"}},{"type":"Feature","geometry":{"type":"Point","coordinates":[-84.244,39.0459]},"properties":{"id":"ora-oh-942","name":"SR-125 at Thriftway, 4333","state":"OH","provider":"Ohio DOT","hls":null,"snapshot":"https://itscameras.dot.state.oh.us:443/images/artimis/SR-125_Thriftway.jpg","refreshMs":30000,"attribution":"Ora (Warner Varnado) · Ohio DOT"}},{"type":"Feature","geometry":{"type":"Point","coordinates":[-84.33148,39.26725]},"properties":{"id":"ora-oh-943","name":"US-22 at Vintage Club Blvd, 4315","state":"OH","provider":"Ohio DOT","hls":null,"snapshot":"https://itscameras.dot.state.oh.us:443/images/artimis/US-22_Vintage_Club.jpg","refreshMs":30000,"attribution":"Ora (Warner Varnado) · Ohio DOT"}},{"type":"Feature","geometry":{"type":"Point","coordinates":[-84.3219,39.2777]},"properties":{"id":"ora-oh-944","name":"US-22 at Calumet Way/Appleseed Dr, 4365","state":"OH","provider":"Ohio DOT","hls":null,"snapshot":"https://itscameras.dot.state.oh.us:443/images/artimis/US-22_Calumet_Appleseed.jpg","refreshMs":30000,"attribution":"Ora (Warner Varnado) · Ohio DOT"}},{"type":"Feature","geometry":{"type":"Point","coordinates":[-84.32908,39.27014]},"properties":{"id":"ora-oh-945","name":"Montgomery Rd at Harper Point, 4313","state":"OH","provider":"Ohio DOT","hls":null,"snapshot":"https://itscameras.dot.state.oh.us:443/images/artimis/Montgomery_Harper_Point.jpg","refreshMs":30000,"attribution":"Ora (Warner Varnado) · Ohio DOT"}},{"type":"Feature","geometry":{"type":"Point","coordinates":[-84.25233,39.05148]},"properties":{"id":"ora-oh-946","name":"SR-125 at Waterford Pkwy, 4335","state":"OH","provider":"Ohio DOT","hls":null,"snapshot":"https://itscameras.dot.state.oh.us:443/images/artimis/SR-125_Waterford.jpg","refreshMs":30000,"attribution":"Ora (Warner Varnado) · Ohio DOT"}},{"type":"Feature","geometry":{"type":"Point","coordinates":[-84.3272,39.2728]},"properties":{"id":"ora-oh-947","name":"US-22 at Kemper Rd, 4368","state":"OH","provider":"Ohio DOT","hls":null,"snapshot":"https://itscameras.dot.state.oh.us:443/images/artimis/US-22_Kemper.jpg","refreshMs":30000,"attribution":"Ora (Warner Varnado) · Ohio DOT"}},{"type":"Feature","geometry":{"type":"Point","coordinates":[-84.2798,39.3062]},"properties":{"id":"ora-oh-948","name":"US-22 at Columbia Rd, 4366","state":"OH","provider":"Ohio DOT","hls":null,"snapshot":"https://itscameras.dot.state.oh.us:443/images/artimis/US-22_Columbia.jpg","refreshMs":30000,"attribution":"Ora (Warner Varnado) · Ohio DOT"}},{"type":"Feature","geometry":{"type":"Point","coordinates":[-84.3346,39.26456]},"properties":{"id":"ora-oh-949","name":"US-22/3 at Cornell Rd, 4369","state":"OH","provider":"Ohio DOT","hls":null,"snapshot":"https://itscameras.dot.state.oh.us:443/images/artimis/US-22_Cornell.jpg","refreshMs":30000,"attribution":"Ora (Warner Varnado) · Ohio DOT"}},{"type":"Feature","geometry":{"type":"Point","coordinates":[-84.3053,39.2875]},"properties":{"id":"ora-oh-950","name":"US-22/3 at Union Cemetery Rd, 4372","state":"OH","provider":"Ohio DOT","hls":null,"snapshot":"https://itscameras.dot.state.oh.us:443/images/artimis/Montgomery_Union_Cemetary.jpg","refreshMs":30000,"attribution":"Ora (Warner Varnado) · Ohio DOT"}},{"type":"Feature","geometry":{"type":"Point","coordinates":[-84.3102,39.2855]},"properties":{"id":"ora-oh-951","name":"Montgomery Rd at Enyart Rd, 4312","state":"OH","provider":"Ohio DOT","hls":null,"snapshot":"https://itscameras.dot.state.oh.us:443/images/artimis/Montgomery_Enyart.jpg","refreshMs":30000,"attribution":"Ora (Warner Varnado) · Ohio DOT"}},{"type":"Feature","geometry":{"type":"Point","coordinates":[-84.2948,39.2938]},"properties":{"id":"ora-oh-952","name":"Montgomery Rd at Crestview Dr, 4310","state":"OH","provider":"Ohio DOT","hls":null,"snapshot":"https://itscameras.dot.state.oh.us:443/images/artimis/Montgomery_Crestview.jpg","refreshMs":30000,"attribution":"Ora (Warner Varnado) · Ohio DOT"}},{"type":"Feature","geometry":{"type":"Point","coordinates":[-84.292,39.296]},"properties":{"id":"ora-oh-953","name":"Montgomery Rd at The Village Dr, 4314","state":"OH","provider":"Ohio DOT","hls":null,"snapshot":"https://itscameras.dot.state.oh.us:443/images/artimis/Montgomery_The_Village.jpg","refreshMs":30000,"attribution":"Ora (Warner Varnado) · Ohio DOT"}},{"type":"Feature","geometry":{"type":"Point","coordinates":[-84.2731,39.3097]},"properties":{"id":"ora-oh-954","name":"US-22/3 at Landen Dr, 4370","state":"OH","provider":"Ohio DOT","hls":null,"snapshot":"https://itscameras.dot.state.oh.us:443/images/artimis/US-22_Landen.jpg","refreshMs":30000,"attribution":"Ora (Warner Varnado) · Ohio DOT"}},{"type":"Feature","geometry":{"type":"Point","coordinates":[-82.98254,39.95436]},"properties":{"id":"ora-oh-955","name":"(City of Columbus) I-70 EB Ramp at Mooberry St/Parsons Ave","state":"OH","provider":"Ohio DOT","hls":null,"snapshot":"https://itscameras.dot.state.oh.us:443/images/cmh/70-Mooberry-Parsons.jpg","refreshMs":30000,"attribution":"Ora (Warner Varnado) · Ohio DOT"}},{"type":"Feature","geometry":{"type":"Point","coordinates":[-83.9368,39.48455]},"properties":{"id":"ora-oh-956","name":"SR-73 at SR-380, 4353","state":"OH","provider":"Ohio DOT","hls":null,"snapshot":"https://itscameras.dot.state.oh.us:443/images/artimis/SR-73_at_SR-380.jpg","refreshMs":30000,"attribution":"Ora (Warner Varnado) · Ohio DOT"}},{"type":"Feature","geometry":{"type":"Point","coordinates":[-82.868,39.2876]},"properties":{"id":"ora-oh-957","name":"US-50 at Lancaster Rd, D09-027","state":"OH","provider":"Ohio DOT","hls":null,"snapshot":"https://itscameras.dot.state.oh.us:443/images/D09/US-50_Lancaster.jpg","refreshMs":30000,"attribution":"Ora (Warner Varnado) · Ohio DOT"}},{"type":"Feature","geometry":{"type":"Point","coordinates":[-84.2829,39.3035]},"properties":{"id":"ora-oh-958","name":"US-22/3 at Townsley Dr, 4371","state":"OH","provider":"Ohio DOT","hls":null,"snapshot":"https://itscameras.dot.state.oh.us:443/images/artimis/US-22_Townsley.jpg","refreshMs":30000,"attribution":"Ora (Warner Varnado) · Ohio DOT"}},{"type":"Feature","geometry":{"type":"Point","coordinates":[-83.0057,39.3688]},"properties":{"id":"ora-oh-959","name":"SR-104 at Moundsville Rd, D09-011","state":"OH","provider":"Ohio DOT","hls":null,"snapshot":"https://itscameras.dot.state.oh.us:443/images/D09/SR-104_Moundsville.jpg","refreshMs":30000,"attribution":"Ora (Warner Varnado) · Ohio DOT"}},{"type":"Feature","geometry":{"type":"Point","coordinates":[-82.9971,39.3501]},"properties":{"id":"ora-oh-960","name":"US-35 at SR-104 EB Ramp, D09-025","state":"OH","provider":"Ohio DOT","hls":null,"snapshot":"https://itscameras.dot.state.oh.us:443/images/D09/US-35_SR-104_EB.jpg","refreshMs":30000,"attribution":"Ora (Warner Varnado) · Ohio DOT"}},{"type":"Feature","geometry":{"type":"Point","coordinates":[-82.9974,39.1104]},"properties":{"id":"ora-oh-961","name":"US-23 at 2nd St Waverly, D09-023","state":"OH","provider":"Ohio DOT","hls":null,"snapshot":"https://itscameras.dot.state.oh.us:443/images/D09/US-23_2nd.jpg","refreshMs":30000,"attribution":"Ora (Warner Varnado) · Ohio DOT"}},{"type":"Feature","geometry":{"type":"Point","coordinates":[-82.9982,39.3522]},"properties":{"id":"ora-oh-962","name":"US-35 at SR-104 WB Ramp, D09-026","state":"OH","provider":"Ohio DOT","hls":null,"snapshot":"https://itscameras.dot.state.oh.us:443/images/D09/US-35_SR-104_WB.jpg","refreshMs":30000,"attribution":"Ora (Warner Varnado) · Ohio DOT"}},{"type":"Feature","geometry":{"type":"Point","coordinates":[-84.2971,39.2921]},"properties":{"id":"ora-oh-963","name":"US-22 at Green Arbors Ln, 4367","state":"OH","provider":"Ohio DOT","hls":null,"snapshot":"https://itscameras.dot.state.oh.us:443/images/artimis/US-22_Green_Arbors.jpg","refreshMs":30000,"attribution":"Ora (Warner Varnado) · Ohio DOT"}},{"type":"Feature","geometry":{"type":"Point","coordinates":[-83.0672,39.94468]},"properties":{"id":"ora-oh-964","name":"(City of Columbus) Sullivant Ave at Richadson Ave","state":"OH","provider":"Ohio DOT","hls":null,"snapshot":"https://itscameras.dot.state.oh.us:443/images/CMH/Sullivant-Richardson.jpg","refreshMs":30000,"attribution":"Ora (Warner Varnado) · Ohio DOT"}},{"type":"Feature","geometry":{"type":"Point","coordinates":[-83.0636,39.9453]},"properties":{"id":"ora-oh-965","name":"(City of Columbus) Sullivant Ave at Wayne Ave","state":"OH","provider":"Ohio DOT","hls":null,"snapshot":"https://itscameras.dot.state.oh.us:443/images/CMH/Sullivant-Wayne.jpg","refreshMs":30000,"attribution":"Ora (Warner Varnado) · Ohio DOT"}},{"type":"Feature","geometry":{"type":"Point","coordinates":[-84.10233,39.63802]},"properties":{"id":"ora-oh-966","name":"SR-725 at Lakeman Dr, 1122","state":"OH","provider":"Ohio DOT","hls":null,"snapshot":"https://itscameras.dot.state.oh.us:443/images/Dayton/SR-725_Lakeman.jpg","refreshMs":30000,"attribution":"Ora (Warner Varnado) · Ohio DOT"}},{"type":"Feature","geometry":{"type":"Point","coordinates":[-84.325,39.2268]},"properties":{"id":"ora-oh-967","name":"SR-126 at Loveland Madreira Rd, 4399","state":"OH","provider":"Ohio DOT","hls":null,"snapshot":"https://itscameras.dot.state.oh.us:443/images/artimis/SR-126_Loveland.jpg","refreshMs":30000,"attribution":"Ora (Warner Varnado) · Ohio DOT"}},{"type":"Feature","geometry":{"type":"Point","coordinates":[-84.226,39.335]},"properties":{"id":"ora-oh-968","name":"US-22/3 at Willow Pond Blvd, 4400","state":"OH","provider":"Ohio DOT","hls":null,"snapshot":"https://itscameras.dot.state.oh.us:443/images/artimis/US-22_Willow_Pond.jpg","refreshMs":30000,"attribution":"Ora (Warner Varnado) · Ohio DOT"}},{"type":"Feature","geometry":{"type":"Point","coordinates":[-84.2198,39.3594]},"properties":{"id":"ora-oh-969","name":"SR-48 at Dwire Rd, 4401","state":"OH","provider":"Ohio DOT","hls":null,"snapshot":"https://itscameras.dot.state.oh.us:443/images/artimis/SR-48_Dwire.jpg","refreshMs":30000,"attribution":"Ora (Warner Varnado) · Ohio DOT"}},{"type":"Feature","geometry":{"type":"Point","coordinates":[-84.5843,39.2113]},"properties":{"id":"ora-oh-970","name":"US-27 at Banning Rd, 4404","state":"OH","provider":"Ohio DOT","hls":null,"snapshot":"https://itscameras.dot.state.oh.us:443/images/artimis/US-27_Banning.jpg","refreshMs":30000,"attribution":"Ora (Warner Varnado) · Ohio DOT"}},{"type":"Feature","geometry":{"type":"Point","coordinates":[-84.26608,39.18535]},"properties":{"id":"ora-oh-971","name":"SR-28 at McClelland Rd, 4403","state":"OH","provider":"Ohio DOT","hls":null,"snapshot":"https://itscameras.dot.state.oh.us:443/images/artimis/SR-28_McClelland.jpg","refreshMs":30000,"attribution":"Ora (Warner Varnado) · Ohio DOT"}},{"type":"Feature","geometry":{"type":"Point","coordinates":[-84.3522,39.1381]},"properties":{"id":"ora-oh-972","name":"US-50 at Newtown Rd, 4402","state":"OH","provider":"Ohio DOT","hls":null,"snapshot":"https://itscameras.dot.state.oh.us:443/images/artimis/US-50_Newtown.jpg","refreshMs":30000,"attribution":"Ora (Warner Varnado) · Ohio DOT"}},{"type":"Feature","geometry":{"type":"Point","coordinates":[-81.78539,41.13604]},"properties":{"id":"ora-oh-973","name":"SR-18 at Windfall Rd, D03-014","state":"OH","provider":"Ohio DOT","hls":null,"snapshot":"https://itscameras.dot.state.oh.us:443/images/D03/SR-18_Windfall_Rd.jpg","refreshMs":30000,"attribution":"Ora (Warner Varnado) · Ohio DOT"}},{"type":"Feature","geometry":{"type":"Point","coordinates":[-84.2881,39.06511]},"properties":{"id":"ora-oh-974","name":"SR-125 at Britton Blvd, 4405","state":"OH","provider":"Ohio DOT","hls":null,"snapshot":"https://itscameras.dot.state.oh.us:443/images/artimis/SR-125_Britton_Blvd.jpg","refreshMs":30000,"attribution":"Ora (Warner Varnado) · Ohio DOT"}},{"type":"Feature","geometry":{"type":"Point","coordinates":[-81.97184,39.94904]},"properties":{"id":"ora-oh-975","name":"I-70 at MM 156, Looking East, D05-027","state":"OH","provider":"Ohio DOT","hls":null,"snapshot":"https://itscameras.dot.state.oh.us:443/images/D05/D05_027.jpg","refreshMs":30000,"attribution":"Ora (Warner Varnado) · Ohio DOT"}},{"type":"Feature","geometry":{"type":"Point","coordinates":[-81.97184,39.94913]},"properties":{"id":"ora-oh-976","name":"I-70 at MM 156, Looking West, D05-027.1","state":"OH","provider":"Ohio DOT","hls":null,"snapshot":"https://itscameras.dot.state.oh.us:443/images/D05/D05_027_1.jpg","refreshMs":30000,"attribution":"Ora (Warner Varnado) · Ohio DOT"}},{"type":"Feature","geometry":{"type":"Point","coordinates":[-84.303901,39.245826]},"properties":{"id":"ora-oh-977","name":"I-275 at MM 52.4, W of Loveland Madeira Rd, 4182","state":"OH","provider":"Ohio DOT","hls":null,"snapshot":"https://itscameras.dot.state.oh.us:443/images/artimis/CCTV4182.jpg","refreshMs":30000,"attribution":"Ora (Warner Varnado) · Ohio DOT"}},{"type":"Feature","geometry":{"type":"Point","coordinates":[-84.325109,39.252924]},"properties":{"id":"ora-oh-978","name":"I-275 at MM 51.0, W of Weil Rd, 4187","state":"OH","provider":"Ohio DOT","hls":null,"snapshot":"https://itscameras.dot.state.oh.us:443/images/artimis/CCTV4187.jpg","refreshMs":30000,"attribution":"Ora (Warner Varnado) · Ohio DOT"}},{"type":"Feature","geometry":{"type":"Point","coordinates":[-84.356947,39.275373]},"properties":{"id":"ora-oh-979","name":"I-275 at MM 48.7, West of I-71, 4199","state":"OH","provider":"Ohio DOT","hls":null,"snapshot":"https://itscameras.dot.state.oh.us:443/images/artimis/CCTV4199.jpg","refreshMs":30000,"attribution":"Ora (Warner Varnado) · Ohio DOT"}},{"type":"Feature","geometry":{"type":"Point","coordinates":[-84.366013,39.281704]},"properties":{"id":"ora-oh-980","name":"I-275 at MM 48.1, Kemper Rd, 4202","state":"OH","provider":"Ohio DOT","hls":null,"snapshot":"https://itscameras.dot.state.oh.us:443/images/artimis/CCTV4202.jpg","refreshMs":30000,"attribution":"Ora (Warner Varnado) · Ohio DOT"}},{"type":"Feature","geometry":{"type":"Point","coordinates":[-84.329352,39.255147]},"properties":{"id":"ora-oh-981","name":"I-275 at MM 50.7, E of Weller Rd, 4190","state":"OH","provider":"Ohio DOT","hls":null,"snapshot":"https://itscameras.dot.state.oh.us:443/images/artimis/CCTV4190.jpg","refreshMs":30000,"attribution":"Ora (Warner Varnado) · Ohio DOT"}},{"type":"Feature","geometry":{"type":"Point","coordinates":[-82.37609,38.448485]},"properties":{"id":"ora-oh-982","name":"SR-7 at SR-775 (North), D09-032","state":"OH","provider":"Ohio DOT","hls":null,"snapshot":"https://itscameras.dot.state.oh.us:443/images/D09/SR-7_SR-775.jpg","refreshMs":30000,"attribution":"Ora (Warner Varnado) · Ohio DOT"}},{"type":"Feature","geometry":{"type":"Point","coordinates":[-83.15016,39.97324]},"properties":{"id":"ora-oh-983","name":"(City of Columbus) Hilliard-Rome Rd at Feder Rd & Fisher Rd","state":"OH","provider":"Ohio DOT","hls":null,"snapshot":"https://itscameras.dot.state.oh.us:443/images/CMH/HilliardRome-FederFisher.jpg","refreshMs":30000,"attribution":"Ora (Warner Varnado) · Ohio DOT"}},{"type":"Feature","geometry":{"type":"Point","coordinates":[-81.6871,41.1358]},"properties":{"id":"ora-oh-984","name":"SR-18 at Medina Line Rd, D03-016","state":"OH","provider":"Ohio DOT","hls":null,"snapshot":"https://itscameras.dot.state.oh.us:443/images/D03/SR-18_at_Medina_Line_Rd.jpg","refreshMs":30000,"attribution":"Ora (Warner Varnado) · Ohio DOT"}},{"type":"Feature","geometry":{"type":"Point","coordinates":[-81.7352,41.1361]},"properties":{"id":"ora-oh-985","name":"SR-18 at SR-94, D03-015","state":"OH","provider":"Ohio DOT","hls":null,"snapshot":"https://itscameras.dot.state.oh.us:443/images/D03/SR-18_at_SR-94.jpg","refreshMs":30000,"attribution":"Ora (Warner Varnado) · Ohio DOT"}},{"type":"Feature","geometry":{"type":"Point","coordinates":[-82.4061,38.4428]},"properties":{"id":"ora-oh-986","name":"SR-7 at SR-243/Bradrick Rd, D09-033","state":"OH","provider":"Ohio DOT","hls":null,"snapshot":"https://itscameras.dot.state.oh.us:443/images/D09/SR-7_at_SR-243.jpg","refreshMs":30000,"attribution":"Ora (Warner Varnado) · Ohio DOT"}},{"type":"Feature","geometry":{"type":"Point","coordinates":[-82.3811,38.4451]},"properties":{"id":"ora-oh-987","name":"SR-7 at CR-403/Irene Rd, D09-034","state":"OH","provider":"Ohio DOT","hls":null,"snapshot":"https://itscameras.dot.state.oh.us:443/images/D09/SR-7_at_CR-403.jpg","refreshMs":30000,"attribution":"Ora (Warner Varnado) · Ohio DOT"}},{"type":"Feature","geometry":{"type":"Point","coordinates":[-84.34175,39.2645]},"properties":{"id":"ora-oh-988","name":"I-275 at MM 49.8, W of Montgomery Rd, 4193","state":"OH","provider":"Ohio DOT","hls":null,"snapshot":"https://itscameras.dot.state.oh.us:443/images/artimis/CCTV4193.jpg","refreshMs":30000,"attribution":"Ora (Warner Varnado) · Ohio DOT"}},{"type":"Feature","geometry":{"type":"Point","coordinates":[-82.04026,39.94798]},"properties":{"id":"ora-oh-989","name":"I-70 at East of US-40, Exit 152, D05-029","state":"OH","provider":"Ohio DOT","hls":null,"snapshot":"https://itscameras.dot.state.oh.us:443/images/D05/D05-029.jpg","refreshMs":30000,"attribution":"Ora (Warner Varnado) · Ohio DOT"}},{"type":"Feature","geometry":{"type":"Point","coordinates":[-81.981467,39.946944]},"properties":{"id":"ora-oh-990","name":"I-70 at MM 156, East of Zanesville, D05-030","state":"OH","provider":"Ohio DOT","hls":null,"snapshot":"https://itscameras.dot.state.oh.us:443/images/D05/D05-030.jpg","refreshMs":30000,"attribution":"Ora (Warner Varnado) · Ohio DOT"}},{"type":"Feature","geometry":{"type":"Point","coordinates":[-84.6287,39.848]},"properties":{"id":"ora-oh-991","name":"US-40 at US-127, 1126","state":"OH","provider":"Ohio DOT","hls":null,"snapshot":"https://itscameras.dot.state.oh.us:443/images/Dayton/CCTV1126.jpg","refreshMs":30000,"attribution":"Ora (Warner Varnado) · Ohio DOT"}},{"type":"Feature","geometry":{"type":"Point","coordinates":[-84.37876,39.8707]},"properties":{"id":"ora-oh-992","name":"US-40 at SR-49, 1107","state":"OH","provider":"Ohio DOT","hls":null,"snapshot":"https://itscameras.dot.state.oh.us:443/images/Dayton/US-40 at SR-49.jpg","refreshMs":30000,"attribution":"Ora (Warner Varnado) · Ohio DOT"}},{"type":"Feature","geometry":{"type":"Point","coordinates":[-83.8578,39.9251]},"properties":{"id":"ora-oh-993","name":"US-40 at Upper Valley Pike, 1108","state":"OH","provider":"Ohio DOT","hls":null,"snapshot":"https://itscameras.dot.state.oh.us:443/images/Dayton/US-40_Upper_Vally_Pike.jpg","refreshMs":30000,"attribution":"Ora (Warner Varnado) · Ohio DOT"}},{"type":"Feature","geometry":{"type":"Point","coordinates":[-84.346389,39.267515]},"properties":{"id":"ora-oh-994","name":"I-275 at MM 49.5, East of I-71, 4196","state":"OH","provider":"Ohio DOT","hls":null,"snapshot":"https://itscameras.dot.state.oh.us:443/images/artimis/CCTV4196.jpg","refreshMs":30000,"attribution":"Ora (Warner Varnado) · Ohio DOT"}},{"type":"Feature","geometry":{"type":"Point","coordinates":[-82.59057,38.45161]},"properties":{"id":"ora-oh-995","name":"US-52 at Grandview Ave, D09-035","state":"OH","provider":"Ohio DOT","hls":null,"snapshot":"https://itscameras.dot.state.oh.us:443/images/D09/US_52_Grandview_Ave.jpg","refreshMs":30000,"attribution":"Ora (Warner Varnado) · Ohio DOT"}},{"type":"Feature","geometry":{"type":"Point","coordinates":[-82.5882,38.4464]},"properties":{"id":"ora-oh-996","name":"US-52 at Delta Ln, D09-036","state":"OH","provider":"Ohio DOT","hls":null,"snapshot":"https://itscameras.dot.state.oh.us:443/images/D09/US_52_Delta_Ln.jpg","refreshMs":30000,"attribution":"Ora (Warner Varnado) · Ohio DOT"}},{"type":"Feature","geometry":{"type":"Point","coordinates":[-84.248553,39.090648]},"properties":{"id":"ora-oh-997","name":"SR-32 at Bach Buxton, 4407","state":"OH","provider":"Ohio DOT","hls":null,"snapshot":"https://itscameras.dot.state.oh.us:443/images/artimis/SR-32_at_Bach_Buxton.jpg","refreshMs":30000,"attribution":"Ora (Warner Varnado) · Ohio DOT"}},{"type":"Feature","geometry":{"type":"Point","coordinates":[-84.3668,39.23953]},"properties":{"id":"ora-oh-998","name":"I-71 at North of SR-126, 4023","state":"OH","provider":"Ohio DOT","hls":null,"snapshot":"https://itscameras.dot.state.oh.us:443/images/artimis/CCTV4023.jpg","refreshMs":30000,"attribution":"Ora (Warner Varnado) · Ohio DOT"}},{"type":"Feature","geometry":{"type":"Point","coordinates":[-84.5913,39.2347]},"properties":{"id":"ora-oh-999","name":"US-27/Colerain Ave at Poole Rd, 4384","state":"OH","provider":"Ohio DOT","hls":null,"snapshot":"https://itscameras.dot.state.oh.us:443/images/artimis/Colerain_Ave_at_Poole_Rd.jpg","refreshMs":30000,"attribution":"Ora (Warner Varnado) · Ohio DOT"}},{"type":"Feature","geometry":{"type":"Point","coordinates":[-82.5116,38.4167]},"properties":{"id":"ora-oh-1000","name":"US-52 at Sandusky Rd, D09-037","state":"OH","provider":"Ohio DOT","hls":null,"snapshot":"https://itscameras.dot.state.oh.us:443/images/D09/US-52_Sandusky_Rd.jpg","refreshMs":30000,"attribution":"Ora (Warner Varnado) · Ohio DOT"}},{"type":"Feature","geometry":{"type":"Point","coordinates":[-82.52212,38.41423]},"properties":{"id":"ora-oh-1001","name":"US-52 at Walmart Way, D09-038","state":"OH","provider":"Ohio DOT","hls":null,"snapshot":"https://itscameras.dot.state.oh.us:443/images/D09/US-52_Walmart_Way.jpg","refreshMs":30000,"attribution":"Ora (Warner Varnado) · Ohio DOT"}},{"type":"Feature","geometry":{"type":"Point","coordinates":[-83.457188,39.69638]},"properties":{"id":"ora-oh-1002","name":"I-71 at SR-38, 2042","state":"OH","provider":"Ohio DOT","hls":null,"snapshot":"https://itscameras.dot.state.oh.us:443/images/CMH/I-71_at_SR-38.jpg","refreshMs":30000,"attribution":"Ora (Warner Varnado) · Ohio DOT"}},{"type":"Feature","geometry":{"type":"Point","coordinates":[-82.3379,38.4572]},"properties":{"id":"ora-oh-1003","name":"SR-7 at Kinley Ave, D09-039","state":"OH","provider":"Ohio DOT","hls":null,"snapshot":"https://itscameras.dot.state.oh.us:443/images/D09/SR-7_at_Kinley_Ave.jpg","refreshMs":30000,"attribution":"Ora (Warner Varnado) · Ohio DOT"}},{"type":"Feature","geometry":{"type":"Point","coordinates":[-83.07265,40.43383]},"properties":{"id":"ora-oh-1004","name":"US-23 at SR-229, 2238","state":"OH","provider":"Ohio DOT","hls":null,"snapshot":"https://itscameras.dot.state.oh.us:443/images/CMH/CCTV2238.jpg","refreshMs":30000,"attribution":"Ora (Warner Varnado) · Ohio DOT"}},{"type":"Feature","geometry":{"type":"Point","coordinates":[-83.074226,40.349614]},"properties":{"id":"ora-oh-1005","name":"US-23 at Coover Rd, 2239","state":"OH","provider":"Ohio DOT","hls":null,"snapshot":"https://itscameras.dot.state.oh.us:443/images/CMH/CCTV2239.jpg","refreshMs":30000,"attribution":"Ora (Warner Varnado) · Ohio DOT"}},{"type":"Feature","geometry":{"type":"Point","coordinates":[-82.953056,39.583142]},"properties":{"id":"ora-oh-1006","name":"US-23 at Sperry Dr, 2241","state":"OH","provider":"Ohio DOT","hls":null,"snapshot":"https://itscameras.dot.state.oh.us:443/images/CMH/US-23_Sperry_Dr.jpg","refreshMs":30000,"attribution":"Ora (Warner Varnado) · Ohio DOT"}},{"type":"Feature","geometry":{"type":"Point","coordinates":[-83.000648,39.83192]},"properties":{"id":"ora-oh-1007","name":"US-23 at SR-317/SR-665, 2240","state":"OH","provider":"Ohio DOT","hls":null,"snapshot":"https://itscameras.dot.state.oh.us:443/images/cmh/CCTV2240.jpg","refreshMs":30000,"attribution":"Ora (Warner Varnado) · Ohio DOT"}},{"type":"Feature","geometry":{"type":"Point","coordinates":[-82.9891,39.773448]},"properties":{"id":"ora-oh-1008","name":"US-23 at SR-762, 2242","state":"OH","provider":"Ohio DOT","hls":null,"snapshot":"https://itscameras.dot.state.oh.us:443/images/cmh/CCTV2242.jpg","refreshMs":30000,"attribution":"Ora (Warner Varnado) · Ohio DOT"}},{"type":"Feature","geometry":{"type":"Point","coordinates":[-83.063369,40.256241]},"properties":{"id":"ora-oh-1009","name":"US-23 at SR-315, 2243","state":"OH","provider":"Ohio DOT","hls":null,"snapshot":"https://itscameras.dot.state.oh.us:443/images/CMH/CCTV2243.jpg","refreshMs":30000,"attribution":"Ora (Warner Varnado) · Ohio DOT"}},{"type":"Feature","geometry":{"type":"Point","coordinates":[-82.97212,40.14823]},"properties":{"id":"ora-oh-1010","name":"I-71 at Gemini Place, 2093.5","state":"OH","provider":"Ohio DOT","hls":null,"snapshot":"https://itscameras.dot.state.oh.us:443/images/CMH/CCTV2093.5.jpg","refreshMs":30000,"attribution":"Ora (Warner Varnado) · Ohio DOT"}},{"type":"Feature","geometry":{"type":"Point","coordinates":[-84.219067,39.351575]},"properties":{"id":"ora-oh-1011","name":"SR-48 at Ridgeview Ln, 4410","state":"OH","provider":"Ohio DOT","hls":null,"snapshot":"https://itscameras.dot.state.oh.us:443/images/artimis/SR-48_at_Ridgeview_Ln.jpg","refreshMs":30000,"attribution":"Ora (Warner Varnado) · Ohio DOT"}},{"type":"Feature","geometry":{"type":"Point","coordinates":[-84.2191,39.3458]},"properties":{"id":"ora-oh-1012","name":"SR-48 at Grandin Rd, 4411","state":"OH","provider":"Ohio DOT","hls":null,"snapshot":"https://itscameras.dot.state.oh.us:443/images/artimis/SR-48_at_Grandin Rd.jpg","refreshMs":30000,"attribution":"Ora (Warner Varnado) · Ohio DOT"}},{"type":"Feature","geometry":{"type":"Point","coordinates":[-84.219564,39.33911]},"properties":{"id":"ora-oh-1013","name":"US-22/3 at SR-48, 4408","state":"OH","provider":"Ohio DOT","hls":null,"snapshot":"https://itscameras.dot.state.oh.us:443/images/artimis/US-22_3_at_SR-48.jpg","refreshMs":30000,"attribution":"Ora (Warner Varnado) · Ohio DOT"}},{"type":"Feature","geometry":{"type":"Point","coordinates":[-82.605168,40.073941]},"properties":{"id":"ora-oh-1014","name":"SR-161 at SR-37, D05-032","state":"OH","provider":"Ohio DOT","hls":null,"snapshot":"https://itscameras.dot.state.oh.us:443/images/D05/D05-032.jpg","refreshMs":30000,"attribution":"Ora (Warner Varnado) · Ohio DOT"}},{"type":"Feature","geometry":{"type":"Point","coordinates":[-82.9068,40.069368]},"properties":{"id":"ora-oh-1015","name":"I-270 at Sunbury Rd, 2244","state":"OH","provider":"Ohio DOT","hls":null,"snapshot":"https://itscameras.dot.state.oh.us:443/images/CMH/I-270_at_Sunbury_Rd.jpg","refreshMs":30000,"attribution":"Ora (Warner Varnado) · Ohio DOT"}},{"type":"Feature","geometry":{"type":"Point","coordinates":[-82.52911,40.060869]},"properties":{"id":"ora-oh-1016","name":"SR-37 at SR-16/Columbus Rd, D05-033","state":"OH","provider":"Ohio DOT","hls":null,"snapshot":"https://itscameras.dot.state.oh.us:443/images/D05/SR-37_at_SR-16_Columbus Rd.jpg","refreshMs":30000,"attribution":"Ora (Warner Varnado) · Ohio DOT"}},{"type":"Feature","geometry":{"type":"Point","coordinates":[-84.512476,39.098556]},"properties":{"id":"ora-oh-1017","name":"(City of Cincinnati) Third St at Vine St, 1260","state":"OH","provider":"Ohio DOT","hls":null,"snapshot":"https://itscameras.dot.state.oh.us:443/images/artimis/3rd_Vine.jpg","refreshMs":30000,"attribution":"Ora (Warner Varnado) · Ohio DOT"}},{"type":"Feature","geometry":{"type":"Point","coordinates":[-84.515526,39.097358]},"properties":{"id":"ora-oh-1018","name":"(City of Cincinnati) Second St at Elm St, 1261","state":"OH","provider":"Ohio DOT","hls":null,"snapshot":"https://itscameras.dot.state.oh.us:443/images/artimis/Second_Elm.jpg","refreshMs":30000,"attribution":"Ora (Warner Varnado) · Ohio DOT"}},{"type":"Feature","geometry":{"type":"Point","coordinates":[-84.507573,39.099309]},"properties":{"id":"ora-oh-1019","name":"(City of Cincinnati) 3rd St at Sycamore St, 1263","state":"OH","provider":"Ohio DOT","hls":null,"snapshot":"https://itscameras.dot.state.oh.us:443/images/artimis/3rd_Sycamore.jpg","refreshMs":30000,"attribution":"Ora (Warner Varnado) · Ohio DOT"}},{"type":"Feature","geometry":{"type":"Point","coordinates":[-84.498884,39.102093]},"properties":{"id":"ora-oh-1020","name":"(City of Cincinnati) Eggleston Ave at Pete Rose Way, 1264","state":"OH","provider":"Ohio DOT","hls":null,"snapshot":"https://itscameras.dot.state.oh.us:443/images/artimis/Eggleston_PRW.jpg","refreshMs":30000,"attribution":"Ora (Warner Varnado) · Ohio DOT"}},{"type":"Feature","geometry":{"type":"Point","coordinates":[-81.462403,39.628603]},"properties":{"id":"ora-oh-1021","name":"I-77 at TR-301 (Exit 16, Macksburg), D10-013","state":"OH","provider":"Ohio DOT","hls":null,"snapshot":"https://itscameras.dot.state.oh.us:443/images/D10/I-77_at_TR-301.jpg","refreshMs":30000,"attribution":"Ora (Warner Varnado) · Ohio DOT"}},{"type":"Feature","geometry":{"type":"Point","coordinates":[-81.44302,39.487232]},"properties":{"id":"ora-oh-1022","name":"I-77 at SR-821 (Exit 6), D10-014","state":"OH","provider":"Ohio DOT","hls":null,"snapshot":"https://itscameras.dot.state.oh.us:443/images/D10/I-77_at_SR-821.jpg","refreshMs":30000,"attribution":"Ora (Warner Varnado) · Ohio DOT"}},{"type":"Feature","geometry":{"type":"Point","coordinates":[-81.552623,39.787444]},"properties":{"id":"ora-oh-1023","name":"I-77 at SR-821 (Exit 28, Belle Valley), D10-012","state":"OH","provider":"Ohio DOT","hls":null,"snapshot":"https://itscameras.dot.state.oh.us:443/images/D10/I-77_at_SR-821_Exit_28.jpg","refreshMs":30000,"attribution":"Ora (Warner Varnado) · Ohio DOT"}},{"type":"Feature","geometry":{"type":"Point","coordinates":[-82.086774,39.327846]},"properties":{"id":"ora-oh-1024","name":"US-50/US-33 at Stimson Ave Roundabout, 1269","state":"OH","provider":"Ohio DOT","hls":null,"snapshot":"https://itscameras.dot.state.oh.us:443/images/D10/CCTV_Trailer_11.jpg","refreshMs":30000,"attribution":"Ora (Warner Varnado) · Ohio DOT"}},{"type":"Feature","geometry":{"type":"Point","coordinates":[-83.02264,38.73947]},"properties":{"id":"ora-oh-1025","name":"SR-852 at US-52 WB Ramp, D09-040","state":"OH","provider":"Ohio DOT","hls":null,"snapshot":"https://itscameras.dot.state.oh.us:443/images/D09/D09-040.jpg","refreshMs":30000,"attribution":"Ora (Warner Varnado) · Ohio DOT"}},{"type":"Feature","geometry":{"type":"Point","coordinates":[-82.802698,39.930928]},"properties":{"id":"ora-oh-1026","name":"I-70 at West of SR-256, 2275","state":"OH","provider":"Ohio DOT","hls":null,"snapshot":"https://itscameras.dot.state.oh.us:443/images/CMH/CCTV2275.jpg","refreshMs":30000,"attribution":"Ora (Warner Varnado) · Ohio DOT"}},{"type":"Feature","geometry":{"type":"Point","coordinates":[-84.23706,39.13794]},"properties":{"id":"ora-oh-1027","name":"US-50 at Roundbottom Rd, 4413","state":"OH","provider":"Ohio DOT","hls":null,"snapshot":"https://itscameras.dot.state.oh.us:443/images/artimis/CCTV4413.jpg","refreshMs":30000,"attribution":"Ora (Warner Varnado) · Ohio DOT"}},{"type":"Feature","geometry":{"type":"Point","coordinates":[-84.2402,39.1417]},"properties":{"id":"ora-oh-1028","name":"US-50 at Wolfpen Pleasant Hill, 4414","state":"OH","provider":"Ohio DOT","hls":null,"snapshot":"https://itscameras.dot.state.oh.us:443/images/artimis/CCTV4414.jpg","refreshMs":30000,"attribution":"Ora (Warner Varnado) · Ohio DOT"}},{"type":"Feature","geometry":{"type":"Point","coordinates":[-82.039818,39.948078]},"properties":{"id":"ora-oh-1029","name":"I-70 at East of US-40, Looking East, D05-034","state":"OH","provider":"Ohio DOT","hls":null,"snapshot":"https://itscameras.dot.state.oh.us:443/images/D05/D05-034.jpg","refreshMs":30000,"attribution":"Ora (Warner Varnado) · Ohio DOT"}},{"type":"Feature","geometry":{"type":"Point","coordinates":[-83.08071,39.97188]},"properties":{"id":"ora-oh-1030","name":"(Franklin County) Fisher Rd at Hague Ave, 1277","state":"OH","provider":"Ohio DOT","hls":null,"snapshot":"https://itscameras.dot.state.oh.us:443/images/cmh/FCEO-Fisher-Hague.jpg","refreshMs":30000,"attribution":"Ora (Warner Varnado) · Ohio DOT"}},{"type":"Feature","geometry":{"type":"Point","coordinates":[-82.9124,40.00593]},"properties":{"id":"ora-oh-1031","name":"(Franklin County) Stelzer Rd at Johnstown Rd, 1278","state":"OH","provider":"Ohio DOT","hls":null,"snapshot":"https://itscameras.dot.state.oh.us:443/images/cmh/FCEO-Stelzer-Johnstown.jpg","refreshMs":30000,"attribution":"Ora (Warner Varnado) · Ohio DOT"}},{"type":"Feature","geometry":{"type":"Point","coordinates":[-82.96248,40.03741]},"properties":{"id":"ora-oh-1032","name":"(Franklin County) Cleveland Ave at Innis Rd, 1279","state":"OH","provider":"Ohio DOT","hls":null,"snapshot":"https://itscameras.dot.state.oh.us:443/images/cmh/FCEO-Cleveland-Innis.jpg","refreshMs":30000,"attribution":"Ora (Warner Varnado) · Ohio DOT"}},{"type":"Feature","geometry":{"type":"Point","coordinates":[-82.81488,40.01945]},"properties":{"id":"ora-oh-1033","name":"(Franklin County) Reynoldsburg-New Albany Rd at Havens Corners Rd, 1280","state":"OH","provider":"Ohio DOT","hls":null,"snapshot":"https://itscameras.dot.state.oh.us:443/images/cmh/FCEO-RNA-HavensCorners.jpg","refreshMs":30000,"attribution":"Ora (Warner Varnado) · Ohio DOT"}},{"type":"Feature","geometry":{"type":"Point","coordinates":[-83.15982,40.05521]},"properties":{"id":"ora-oh-1034","name":"(Franklin County) Hayden Run Rd at Avery Rd, 1281","state":"OH","provider":"Ohio DOT","hls":null,"snapshot":"https://itscameras.dot.state.oh.us:443/images/cmh/FCEO-HaydenRun-Avery.jpg","refreshMs":30000,"attribution":"Ora (Warner Varnado) · Ohio DOT"}},{"type":"Feature","geometry":{"type":"Point","coordinates":[-82.93582,39.84386]},"properties":{"id":"ora-oh-1035","name":"(Franklin County) Alum Creek Dr at Rohr Rd, 1283","state":"OH","provider":"Ohio DOT","hls":null,"snapshot":"https://itscameras.dot.state.oh.us:443/images/cmh/FCEO-AlumCreek-Rohr.jpg","refreshMs":30000,"attribution":"Ora (Warner Varnado) · Ohio DOT"}},{"type":"Feature","geometry":{"type":"Point","coordinates":[-82.83355,40.01666]},"properties":{"id":"ora-oh-1036","name":"(Franklin County) Havens Corners Rd at Taylor Station Rd, 1284","state":"OH","provider":"Ohio DOT","hls":null,"snapshot":"https://itscameras.dot.state.oh.us:443/images/cmh/FCEO-HavensCorners-TaylorStation.jpg","refreshMs":30000,"attribution":"Ora (Warner Varnado) · Ohio DOT"}},{"type":"Feature","geometry":{"type":"Point","coordinates":[-83.03479,39.99782]},"properties":{"id":"ora-oh-1037","name":"(Franklin County) Kenny Rd at Kinnear Rd, 1285","state":"OH","provider":"Ohio DOT","hls":null,"snapshot":"https://itscameras.dot.state.oh.us:443/images/cmh/FCEO-Kenny-Kinnear.jpg","refreshMs":30000,"attribution":"Ora (Warner Varnado) · Ohio DOT"}},{"type":"Feature","geometry":{"type":"Point","coordinates":[-83.10274,40.02841]},"properties":{"id":"ora-oh-1038","name":"(Franklin County) Dublin Rd at Fishinger Rd, 1286","state":"OH","provider":"Ohio DOT","hls":null,"snapshot":"https://itscameras.dot.state.oh.us:443/images/cmh/FCEO-Dublin-Fishinger.jpg","refreshMs":30000,"attribution":"Ora (Warner Varnado) · Ohio DOT"}},{"type":"Feature","geometry":{"type":"Point","coordinates":[-82.89545,40.08559]},"properties":{"id":"ora-oh-1039","name":"(Franklin County) Sunbury Rd at Valley Quail Blvd South, 1287","state":"OH","provider":"Ohio DOT","hls":null,"snapshot":"https://itscameras.dot.state.oh.us:443/images/cmh/FCEO-Sunbury-ValleyQuail.jpg","refreshMs":30000,"attribution":"Ora (Warner Varnado) · Ohio DOT"}},{"type":"Feature","geometry":{"type":"Point","coordinates":[-83.18234,40.06014]},"properties":{"id":"ora-oh-1040","name":"(Franklin County) Hayden Run Rd at Cosgray Rd, 1288","state":"OH","provider":"Ohio DOT","hls":null,"snapshot":"https://itscameras.dot.state.oh.us:443/images/cmh/FCEO-HaydenRun-Cosgray.jpg","refreshMs":30000,"attribution":"Ora (Warner Varnado) · Ohio DOT"}},{"type":"Feature","geometry":{"type":"Point","coordinates":[-82.78965,40.01926]},"properties":{"id":"ora-oh-1041","name":"(Franklin County) Havens Corners Rd at Waggoner Rd, 1289","state":"OH","provider":"Ohio DOT","hls":null,"snapshot":"https://itscameras.dot.state.oh.us:443/images/cmh/FCEO-HavensCorners-Waggoner.jpg","refreshMs":30000,"attribution":"Ora (Warner Varnado) · Ohio DOT"}},{"type":"Feature","geometry":{"type":"Point","coordinates":[-83.17382,39.97311]},"properties":{"id":"ora-oh-1042","name":"(Franklin County) Alton & Darby Creek Rd at Feder Rd, 1290","state":"OH","provider":"Ohio DOT","hls":null,"snapshot":"https://itscameras.dot.state.oh.us:443/images/cmh/FCEO-AltonDarby-Feder.jpg","refreshMs":30000,"attribution":"Ora (Warner Varnado) · Ohio DOT"}},{"type":"Feature","geometry":{"type":"Point","coordinates":[-81.996075,40.9981]},"properties":{"id":"ora-oh-1043","name":"I-71 SB at SR-83, D03-017","state":"OH","provider":"Ohio DOT","hls":null,"snapshot":"https://itscameras.dot.state.oh.us:443/images/D03/I-71_SB_at_SR-83.jpg","refreshMs":30000,"attribution":"Ora (Warner Varnado) · Ohio DOT"}},{"type":"Feature","geometry":{"type":"Point","coordinates":[-81.864237,41.033803]},"properties":{"id":"ora-oh-1044","name":"I-76 WB at SR-3, D03-018","state":"OH","provider":"Ohio DOT","hls":null,"snapshot":"https://itscameras.dot.state.oh.us:443/images/D03/D03-018.jpg","refreshMs":30000,"attribution":"Ora (Warner Varnado) · Ohio DOT"}},{"type":"Feature","geometry":{"type":"Point","coordinates":[-82.726235,41.409242]},"properties":{"id":"ora-oh-1045","name":"SR-4 at Strub Rd, D03-019","state":"OH","provider":"Ohio DOT","hls":null,"snapshot":"https://itscameras.dot.state.oh.us:443/images/D03/SR-4_at_Strub.jpg","refreshMs":30000,"attribution":"Ora (Warner Varnado) · Ohio DOT"}},{"type":"Feature","geometry":{"type":"Point","coordinates":[-82.732162,41.397007]},"properties":{"id":"ora-oh-1046","name":"SR-4 at Bogart Rd, D03-020","state":"OH","provider":"Ohio DOT","hls":null,"snapshot":"https://itscameras.dot.state.oh.us:443/images/D03/SR-4_at_Bogart.jpg","refreshMs":30000,"attribution":"Ora (Warner Varnado) · Ohio DOT"}},{"type":"Feature","geometry":{"type":"Point","coordinates":[-83.212075,39.980017]},"properties":{"id":"ora-oh-1047","name":"I-70 at MM 88, 1296","state":"OH","provider":"Ohio DOT","hls":null,"snapshot":"https://itscameras.dot.state.oh.us:443/images/CMH/I-70 at MM 88.jpg","refreshMs":30000,"attribution":"Ora (Warner Varnado) · Ohio DOT"}},{"type":"Feature","geometry":{"type":"Point","coordinates":[-82.119258,41.418637]},"properties":{"id":"ora-oh-1048","name":"SR-57 at SR-254, D03-021","state":"OH","provider":"Ohio DOT","hls":null,"snapshot":"https://itscameras.dot.state.oh.us:443/images/D03/SR-57_at_SR-254.jpg","refreshMs":30000,"attribution":"Ora (Warner Varnado) · Ohio DOT"}},{"type":"Feature","geometry":{"type":"Point","coordinates":[-82.753664,40.079466]},"properties":{"id":"ora-oh-1049","name":"SR-161 at Beech Rd, D05-031","state":"OH","provider":"Ohio DOT","hls":null,"snapshot":"https://itscameras.dot.state.oh.us:443/images/D05/D05-031.jpg","refreshMs":30000,"attribution":"Ora (Warner Varnado) · Ohio DOT"}},{"type":"Feature","geometry":{"type":"Point","coordinates":[-82.797623,40.0889]},"properties":{"id":"ora-oh-1050","name":"SR-161 at US-62, 2278","state":"OH","provider":"Ohio DOT","hls":null,"snapshot":"https://itscameras.dot.state.oh.us:443/images/CMH/CCTV2278.jpg","refreshMs":30000,"attribution":"Ora (Warner Varnado) · Ohio DOT"}},{"type":"Feature","geometry":{"type":"Point","coordinates":[-82.682744,39.959037]},"properties":{"id":"ora-oh-1051","name":"US-40 at SR-310, D05-035","state":"OH","provider":"Ohio DOT","hls":null,"snapshot":"https://itscameras.dot.state.oh.us:443/images/D05/D05-035.jpg","refreshMs":30000,"attribution":"Ora (Warner Varnado) · Ohio DOT"}},{"type":"Feature","geometry":{"type":"Point","coordinates":[-84.594888,39.244278]},"properties":{"id":"ora-oh-1052","name":"US-27 at Mall Dr, 4382","state":"OH","provider":"Ohio DOT","hls":null,"snapshot":"https://itscameras.dot.state.oh.us:443/images/artimis/mall147.jpg","refreshMs":30000,"attribution":"Ora (Warner Varnado) · Ohio DOT"}},{"type":"Feature","geometry":{"type":"Point","coordinates":[-83.05697,39.95592]},"properties":{"id":"ora-oh-1053","name":"(City of Columbus) Broad St at Whitethorne Ave","state":"OH","provider":"Ohio DOT","hls":null,"snapshot":"https://itscameras.dot.state.oh.us:443/images/cmh/Broad-Whitethorne.jpg","refreshMs":30000,"attribution":"Ora (Warner Varnado) · Ohio DOT"}},{"type":"Feature","geometry":{"type":"Point","coordinates":[-82.960559,40.041695]},"properties":{"id":"ora-oh-1054","name":"(Franklin County) Cleveland Ave at Elmore Dr, 1305","state":"OH","provider":"Ohio DOT","hls":null,"snapshot":"https://itscameras.dot.state.oh.us:443/images/cmh/FCEO-Cleveland-Elmore.jpg","refreshMs":30000,"attribution":"Ora (Warner Varnado) · Ohio DOT"}},{"type":"Feature","geometry":{"type":"Point","coordinates":[-83.11065,39.95281]},"properties":{"id":"ora-oh-1055","name":"US-40/W Broad St at Georgesville Rd, 2223","state":"OH","provider":"Ohio DOT","hls":null,"snapshot":"https://itscameras.dot.state.oh.us:443/images/CMH/CCTV2223.jpg","refreshMs":30000,"attribution":"Ora (Warner Varnado) · Ohio DOT"}},{"type":"Feature","geometry":{"type":"Point","coordinates":[-81.873876,40.282461]},"properties":{"id":"ora-oh-1056","name":"US-36 at SR-16/SR-83, D05-036","state":"OH","provider":"Ohio DOT","hls":null,"snapshot":"https://itscameras.dot.state.oh.us:443/images/D05/D05-036.jpg","refreshMs":30000,"attribution":"Ora (Warner Varnado) · Ohio DOT"}},{"type":"Feature","geometry":{"type":"Point","coordinates":[-82.896289,40.08194]},"properties":{"id":"ora-oh-1057","name":"SR-161 at Sunbury Rd, 2276","state":"OH","provider":"Ohio DOT","hls":null,"snapshot":"https://itscameras.dot.state.oh.us:443/images/CMH/CCTV2276.jpg","refreshMs":30000,"attribution":"Ora (Warner Varnado) · Ohio DOT"}},{"type":"Feature","geometry":{"type":"Point","coordinates":[-83.84624,39.52052]},"properties":{"id":"ora-oh-1058","name":"US-68 at I-71 SB Ramp, 4412","state":"OH","provider":"Ohio DOT","hls":null,"snapshot":"https://itscameras.dot.state.oh.us:443/images/artimis/CCTV4412.jpg","refreshMs":30000,"attribution":"Ora (Warner Varnado) · Ohio DOT"}},{"type":"Feature","geometry":{"type":"Point","coordinates":[-83.586939,41.543753]},"properties":{"id":"ora-oh-1059","name":"US-20 at Crossroads Pkwy/Thompson Rd, 5089","state":"OH","provider":"Ohio DOT","hls":null,"snapshot":"https://itscameras.dot.state.oh.us:443/images/toledo/CCTV5089.jpg","refreshMs":30000,"attribution":"Ora (Warner Varnado) · Ohio DOT"}},{"type":"Feature","geometry":{"type":"Point","coordinates":[-80.74008,41.22988]},"properties":{"id":"ora-oh-1060","name":"SR-82 at SR-46, 6081","state":"OH","provider":"Ohio DOT","hls":null,"snapshot":"https://itscameras.dot.state.oh.us:443/images/CLE/CCTV6081.jpg","refreshMs":30000,"attribution":"Ora (Warner Varnado) · Ohio DOT"}},{"type":"Feature","geometry":{"type":"Point","coordinates":[-82.858477,41.524088]},"properties":{"id":"ora-oh-1061","name":"SR-53 at SR-163, 5085","state":"OH","provider":"Ohio DOT","hls":null,"snapshot":"https://itscameras.dot.state.oh.us:443/images/toledo/CCTV5085.jpg","refreshMs":30000,"attribution":"Ora (Warner Varnado) · Ohio DOT"}},{"type":"Feature","geometry":{"type":"Point","coordinates":[-82.20872,41.41446]},"properties":{"id":"ora-oh-1062","name":"SR-2 at SR-58, D03-024","state":"OH","provider":"Ohio DOT","hls":null,"snapshot":"https://itscameras.dot.state.oh.us:443/images/D03/D03-024.jpg","refreshMs":30000,"attribution":"Ora (Warner Varnado) · Ohio DOT"}},{"type":"Feature","geometry":{"type":"Point","coordinates":[-82.65588,41.39983]},"properties":{"id":"ora-oh-1063","name":"US-250 at SR-2, D03-022","state":"OH","provider":"Ohio DOT","hls":null,"snapshot":"https://itscameras.dot.state.oh.us:443/images/D03/D03-022.jpg","refreshMs":30000,"attribution":"Ora (Warner Varnado) · Ohio DOT"}},{"type":"Feature","geometry":{"type":"Point","coordinates":[-82.05508,41.46331]},"properties":{"id":"ora-oh-1064","name":"I-90 at SR-611, D03-026","state":"OH","provider":"Ohio DOT","hls":null,"snapshot":"https://itscameras.dot.state.oh.us:443/images/D03/D03-026.jpg","refreshMs":30000,"attribution":"Ora (Warner Varnado) · Ohio DOT"}},{"type":"Feature","geometry":{"type":"Point","coordinates":[-81.95042,41.4678]},"properties":{"id":"ora-oh-1065","name":"I-90 at Crocker Rd, 3143","state":"OH","provider":"Ohio DOT","hls":null,"snapshot":"https://itscameras.dot.state.oh.us:443/images/cle/CCTV3143.jpg","refreshMs":30000,"attribution":"Ora (Warner Varnado) · Ohio DOT"}},{"type":"Feature","geometry":{"type":"Point","coordinates":[-82.82361,40.09163]},"properties":{"id":"ora-oh-1066","name":"SR-161 at New Albany Rd, 2277","state":"OH","provider":"Ohio DOT","hls":null,"snapshot":"https://itscameras.dot.state.oh.us:443/images/cmh/CCTV2277.jpg","refreshMs":30000,"attribution":"Ora (Warner Varnado) · Ohio DOT"}},{"type":"Feature","geometry":{"type":"Point","coordinates":[-81.94428,41.39662]},"properties":{"id":"ora-oh-1067","name":"I-480 at Stearns Rd, 3139","state":"OH","provider":"Ohio DOT","hls":null,"snapshot":"https://itscameras.dot.state.oh.us:443/images/CLE/CCTV3139.jpg","refreshMs":30000,"attribution":"Ora (Warner Varnado) · Ohio DOT"}},{"type":"Feature","geometry":{"type":"Point","coordinates":[-84.2814,39.8593]},"properties":{"id":"ora-oh-1068","name":"SR-48 at I-70 WB Ramp, 1111","state":"OH","provider":"Ohio DOT","hls":null,"snapshot":"https://itscameras.dot.state.oh.us:443/images/Dayton/SR-48_at_I-70_WB_Ramp.jpg","refreshMs":30000,"attribution":"Ora (Warner Varnado) · Ohio DOT"}},{"type":"Feature","geometry":{"type":"Point","coordinates":[-84.279556,39.85801]},"properties":{"id":"ora-oh-1069","name":"SR-48 at I-70 EB Ramp, 1110","state":"OH","provider":"Ohio DOT","hls":null,"snapshot":"https://itscameras.dot.state.oh.us:443/images/Dayton/SR-48_at_I-70_EB_Ramp.jpg","refreshMs":30000,"attribution":"Ora (Warner Varnado) · Ohio DOT"}},{"type":"Feature","geometry":{"type":"Point","coordinates":[-84.2179,39.6361]},"properties":{"id":"ora-oh-1070","name":"SR-725 at Mad River Rd, 1114","state":"OH","provider":"Ohio DOT","hls":null,"snapshot":"https://itscameras.dot.state.oh.us:443/images/Dayton/SR-725_at_Mad_River_Rd.jpg","refreshMs":30000,"attribution":"Ora (Warner Varnado) · Ohio DOT"}},{"type":"Feature","geometry":{"type":"Point","coordinates":[-84.101064,39.867135]},"properties":{"id":"ora-oh-1071","name":"SR-201 at I-70 EB Ramp, 1113","state":"OH","provider":"Ohio DOT","hls":null,"snapshot":"https://itscameras.dot.state.oh.us:443/images/Dayton/CCTV1113.jpg","refreshMs":30000,"attribution":"Ora (Warner Varnado) · Ohio DOT"}},{"type":"Feature","geometry":{"type":"Point","coordinates":[-83.7206,39.8939]},"properties":{"id":"ora-oh-1072","name":"SR-41 at CR-363 Titus/Ridge, 1112","state":"OH","provider":"Ohio DOT","hls":null,"snapshot":"https://itscameras.dot.state.oh.us:443/images/Dayton/SR-41_at_CR-363_Titus_Ridge.jpg","refreshMs":30000,"attribution":"Ora (Warner Varnado) · Ohio DOT"}},{"type":"Feature","geometry":{"type":"Point","coordinates":[-84.3159,39.1169]},"properties":{"id":"ora-oh-1073","name":"SR-32 at 8 Mile Rd, 4415","state":"OH","provider":"Ohio DOT","hls":null,"snapshot":"https://itscameras.dot.state.oh.us:443/images/artimis/SR-32_at_8_Mile_Rd.jpg","refreshMs":30000,"attribution":"Ora (Warner Varnado) · Ohio DOT"}},{"type":"Feature","geometry":{"type":"Point","coordinates":[-84.188187,39.627597]},"properties":{"id":"ora-oh-1074","name":"SR-725 at McEwen Rd, 1109","state":"OH","provider":"Ohio DOT","hls":null,"snapshot":"https://itscameras.dot.state.oh.us:443/images/Dayton/CCTV1109.jpg","refreshMs":30000,"attribution":"Ora (Warner Varnado) · Ohio DOT"}},{"type":"Feature","geometry":{"type":"Point","coordinates":[-84.1811,39.6276]},"properties":{"id":"ora-oh-1075","name":"SR-725 at CR-145/Paragon Rd, 1115","state":"OH","provider":"Ohio DOT","hls":null,"snapshot":"https://itscameras.dot.state.oh.us:443/images/Dayton/SR-725_at_CR-145_Paragon_Rd.jpg","refreshMs":30000,"attribution":"Ora (Warner Varnado) · Ohio DOT"}},{"type":"Feature","geometry":{"type":"Point","coordinates":[-83.8427,39.9436]},"properties":{"id":"ora-oh-1076","name":"SR-41 SB at US-68, 1116","state":"OH","provider":"Ohio DOT","hls":null,"snapshot":"https://itscameras.dot.state.oh.us:443/images/Dayton/SR-41_SB_at_US-68.jpg","refreshMs":30000,"attribution":"Ora (Warner Varnado) · Ohio DOT"}},{"type":"Feature","geometry":{"type":"Point","coordinates":[-81.502722,40.550078]},"properties":{"id":"ora-oh-1077","name":"I-77 at Schneiders Crossing Rd, D11-012","state":"OH","provider":"Ohio DOT","hls":null,"snapshot":"https://itscameras.dot.state.oh.us:443/images/D11/D11-012.jpg","refreshMs":30000,"attribution":"Ora (Warner Varnado) · Ohio DOT"}},{"type":"Feature","geometry":{"type":"Point","coordinates":[-84.58065,40.65162]},"properties":{"id":"ora-oh-1078","name":"US-33 at US-127, D01-022","state":"OH","provider":"Ohio DOT","hls":null,"snapshot":"https://itscameras.dot.state.oh.us:443/images/D01/D01-022.jpg","refreshMs":30000,"attribution":"Ora (Warner Varnado) · Ohio DOT"}},{"type":"Feature","geometry":{"type":"Point","coordinates":[-81.98921,41.46491]},"properties":{"id":"ora-oh-1079","name":"I-90 at Nagel Rd, D03-027","state":"OH","provider":"Ohio DOT","hls":null,"snapshot":"https://itscameras.dot.state.oh.us:443/images/D03/D03-027.jpg","refreshMs":30000,"attribution":"Ora (Warner Varnado) · Ohio DOT"}},{"type":"Feature","geometry":{"type":"Point","coordinates":[-81.80141,41.42087]},"properties":{"id":"ora-oh-1080","name":"I-480 at W 150th St, 3135","state":"OH","provider":"Ohio DOT","hls":null,"snapshot":"https://itscameras.dot.state.oh.us:443/images/CLE/CCTV3135.jpg","refreshMs":30000,"attribution":"Ora (Warner Varnado) · Ohio DOT"}},{"type":"Feature","geometry":{"type":"Point","coordinates":[-81.90225,41.41349]},"properties":{"id":"ora-oh-1081","name":"I-480 at Great Northern Blvd, 3138","state":"OH","provider":"Ohio DOT","hls":null,"snapshot":"https://itscameras.dot.state.oh.us:443/images/CLE/CCTV3138.jpg","refreshMs":30000,"attribution":"Ora (Warner Varnado) · Ohio DOT"}},{"type":"Feature","geometry":{"type":"Point","coordinates":[-82.59086,41.40502]},"properties":{"id":"ora-oh-1082","name":"SR-2/US-6 at Rye Beach Rd, D03-023","state":"OH","provider":"Ohio DOT","hls":null,"snapshot":"https://itscameras.dot.state.oh.us:443/images/D03/D03-023.jpg","refreshMs":30000,"attribution":"Ora (Warner Varnado) · Ohio DOT"}},{"type":"Feature","geometry":{"type":"Point","coordinates":[-81.66057,41.4793]},"properties":{"id":"ora-oh-1083","name":"I-77 at I-490, 3141","state":"OH","provider":"Ohio DOT","hls":null,"snapshot":"https://itscameras.dot.state.oh.us:443/images/CLE/CCTV3141.jpg","refreshMs":30000,"attribution":"Ora (Warner Varnado) · Ohio DOT"}},{"type":"Feature","geometry":{"type":"Point","coordinates":[-81.65338,41.39703]},"properties":{"id":"ora-oh-1084","name":"I-77 at Rockside Rd, 3140","state":"OH","provider":"Ohio DOT","hls":null,"snapshot":"https://itscameras.dot.state.oh.us:443/images/CLE/CCTV3140.jpg","refreshMs":30000,"attribution":"Ora (Warner Varnado) · Ohio DOT"}},{"type":"Feature","geometry":{"type":"Point","coordinates":[-81.55358,41.26354]},"properties":{"id":"ora-oh-1085","name":"I-271 at Boston Mills Rd, 6082","state":"OH","provider":"Ohio DOT","hls":null,"snapshot":"https://itscameras.dot.state.oh.us:443/images/CLE/CCTV6082.jpg","refreshMs":30000,"attribution":"Ora (Warner Varnado) · Ohio DOT"}},{"type":"Feature","geometry":{"type":"Point","coordinates":[-80.62602,41.02388]},"properties":{"id":"ora-oh-1086","name":"I-680 at US-224, 6087","state":"OH","provider":"Ohio DOT","hls":null,"snapshot":"https://itscameras.dot.state.oh.us:443/images/CLE/CCTV6087.jpg","refreshMs":30000,"attribution":"Ora (Warner Varnado) · Ohio DOT"}},{"type":"Feature","geometry":{"type":"Point","coordinates":[-80.65057,41.09121]},"properties":{"id":"ora-oh-1087","name":"I-680 at US-62, 6088","state":"OH","provider":"Ohio DOT","hls":null,"snapshot":"https://itscameras.dot.state.oh.us:443/images/CLE/CCTV6088.jpg","refreshMs":30000,"attribution":"Ora (Warner Varnado) · Ohio DOT"}},{"type":"Feature","geometry":{"type":"Point","coordinates":[-80.75194,41.12436]},"properties":{"id":"ora-oh-1088","name":"I-680 at I-80/SR-11, 6086","state":"OH","provider":"Ohio DOT","hls":null,"snapshot":"https://itscameras.dot.state.oh.us:443/images/CLE/CCTV6086.jpg","refreshMs":30000,"attribution":"Ora (Warner Varnado) · Ohio DOT"}},{"type":"Feature","geometry":{"type":"Point","coordinates":[-81.3479,41.10779]},"properties":{"id":"ora-oh-1089","name":"I-76 at SR-43, 6083","state":"OH","provider":"Ohio DOT","hls":null,"snapshot":"https://itscameras.dot.state.oh.us:443/images/CLE/CCTV6083.jpg","refreshMs":30000,"attribution":"Ora (Warner Varnado) · Ohio DOT"}},{"type":"Feature","geometry":{"type":"Point","coordinates":[-82.51188,40.77871]},"properties":{"id":"ora-oh-1090","name":"US-30 at SR-13, D03-032","state":"OH","provider":"Ohio DOT","hls":null,"snapshot":"https://itscameras.dot.state.oh.us:443/images/D03/D03-032.jpg","refreshMs":30000,"attribution":"Ora (Warner Varnado) · Ohio DOT"}},{"type":"Feature","geometry":{"type":"Point","coordinates":[-83.03858,40.01883]},"properties":{"id":"ora-oh-1091","name":"(City of Columbus) Ackerman Rd at Kenny Rd","state":"OH","provider":"Ohio DOT","hls":null,"snapshot":"https://itscameras.dot.state.oh.us:443/images/cmh/Ackerman-Kenny.jpg","refreshMs":30000,"attribution":"Ora (Warner Varnado) · Ohio DOT"}},{"type":"Feature","geometry":{"type":"Point","coordinates":[-83.06612,39.9151]},"properties":{"id":"ora-oh-1092","name":"(City of Columbus) Alkire Rd at Harrisburg Pike","state":"OH","provider":"Ohio DOT","hls":null,"snapshot":"https://itscameras.dot.state.oh.us:443/images/cmh/Alkire-HarrisburgPike.jpg","refreshMs":30000,"attribution":"Ora (Warner Varnado) · Ohio DOT"}},{"type":"Feature","geometry":{"type":"Point","coordinates":[-83.07508,40.06423]},"properties":{"id":"ora-oh-1093","name":"(City of Columbus) Bethel Rd at Dierker Rd","state":"OH","provider":"Ohio DOT","hls":null,"snapshot":"https://itscameras.dot.state.oh.us:443/images/cmh/Bethel-Dierker.jpg","refreshMs":30000,"attribution":"Ora (Warner Varnado) · Ohio DOT"}},{"type":"Feature","geometry":{"type":"Point","coordinates":[-83.01921,39.95987]},"properties":{"id":"ora-oh-1094","name":"(City of Columbus) Broad St at SR-315 SB","state":"OH","provider":"Ohio DOT","hls":null,"snapshot":"https://itscameras.dot.state.oh.us:443/images/cmh/Broad-SR315SB.jpg","refreshMs":30000,"attribution":"Ora (Warner Varnado) · Ohio DOT"}},{"type":"Feature","geometry":{"type":"Point","coordinates":[-82.93718,39.94803]},"properties":{"id":"ora-oh-1095","name":"(City of Columbus) College Ave at Livingston Ave","state":"OH","provider":"Ohio DOT","hls":null,"snapshot":"https://itscameras.dot.state.oh.us:443/images/cmh/Livingston-College.jpg","refreshMs":30000,"attribution":"Ora (Warner Varnado) · Ohio DOT"}},{"type":"Feature","geometry":{"type":"Point","coordinates":[-83.02577,39.98795]},"properties":{"id":"ora-oh-1096","name":"(City of Columbus) Fifth Ave at Olentangy River Rd","state":"OH","provider":"Ohio DOT","hls":null,"snapshot":"https://itscameras.dot.state.oh.us:443/images/cmh/Olentangy-Fifth.jpg","refreshMs":30000,"attribution":"Ora (Warner Varnado) · Ohio DOT"}},{"type":"Feature","geometry":{"type":"Point","coordinates":[-83.11667,40.02749]},"properties":{"id":"ora-oh-1097","name":"(City of Columbus) Fishinger Blvd at Spring Mill Dr","state":"OH","provider":"Ohio DOT","hls":null,"snapshot":"https://itscameras.dot.state.oh.us:443/images/cmh/Fishinger-SpringMill.jpg","refreshMs":30000,"attribution":"Ora (Warner Varnado) · Ohio DOT"}},{"type":"Feature","geometry":{"type":"Point","coordinates":[-83.15076,39.98529]},"properties":{"id":"ora-oh-1098","name":"(City of Columbus) Hilliard-Rome Rd at Westchester Woods Blvd","state":"OH","provider":"Ohio DOT","hls":null,"snapshot":"https://itscameras.dot.state.oh.us:443/images/cmh/HilliardRome-WestchesterWoods.jpg","refreshMs":30000,"attribution":"Ora (Warner Varnado) · Ohio DOT"}},{"type":"Feature","geometry":{"type":"Point","coordinates":[-83.000953,40.031225]},"properties":{"id":"ora-oh-1099","name":"(City of Columbus) Indianola Ave at North Broadway","state":"OH","provider":"Ohio DOT","hls":null,"snapshot":"https://itscameras.dot.state.oh.us:443/images/cmh/NorthBroadway-Indianola.jpg","refreshMs":30000,"attribution":"Ora (Warner Varnado) · Ohio DOT"}},{"type":"Feature","geometry":{"type":"Point","coordinates":[-83.080397,40.004612]},"properties":{"id":"ora-oh-1100","name":"(City of Columbus) Lane Ave at Riverside Dr","state":"OH","provider":"Ohio DOT","hls":null,"snapshot":"https://itscameras.dot.state.oh.us:443/images/cmh/Lane-Riverside.jpg","refreshMs":30000,"attribution":"Ora (Warner Varnado) · Ohio DOT"}},{"type":"Feature","geometry":{"type":"Point","coordinates":[-82.991642,40.135875]},"properties":{"id":"ora-oh-1101","name":"(City of Columbus) Lazelle Rd at Sancus Blvd","state":"OH","provider":"Ohio DOT","hls":null,"snapshot":"https://itscameras.dot.state.oh.us:443/images/cmh/Sancus-Lazelle.jpg","refreshMs":30000,"attribution":"Ora (Warner Varnado) · Ohio DOT"}},{"type":"Feature","geometry":{"type":"Point","coordinates":[-82.987091,39.891376]},"properties":{"id":"ora-oh-1102","name":"(City of Columbus) Parsons Ave at Williams Rd","state":"OH","provider":"Ohio DOT","hls":null,"snapshot":"https://itscameras.dot.state.oh.us:443/images/cmh/Parsons-Williams.jpg","refreshMs":30000,"attribution":"Ora (Warner Varnado) · Ohio DOT"}},{"type":"Feature","geometry":{"type":"Point","coordinates":[-82.989521,40.142942]},"properties":{"id":"ora-oh-1103","name":"(City of Columbus) Polaris Pkwy at Sancus Blvd","state":"OH","provider":"Ohio DOT","hls":null,"snapshot":"https://itscameras.dot.state.oh.us:443/images/cmh/PolarisPkwy-Sancus.jpg","refreshMs":30000,"attribution":"Ora (Warner Varnado) · Ohio DOT"}},{"type":"Feature","geometry":{"type":"Point","coordinates":[-83.139112,40.003136]},"properties":{"id":"ora-oh-1104","name":"(City of Columbus) Roberts Rd at Walcutt Rd","state":"OH","provider":"Ohio DOT","hls":null,"snapshot":"https://itscameras.dot.state.oh.us:443/images/cmh/Roberts-Walcutt.jpg","refreshMs":30000,"attribution":"Ora (Warner Varnado) · Ohio DOT"}},{"type":"Feature","geometry":{"type":"Point","coordinates":[-81.84625,41.42365]},"properties":{"id":"ora-oh-1105","name":"I-480 at Grayton Rd, 3134","state":"OH","provider":"Ohio DOT","hls":null,"snapshot":"https://itscameras.dot.state.oh.us:443/images/CLE/CCTV3134.jpg","refreshMs":30000,"attribution":"Ora (Warner Varnado) · Ohio DOT"}},{"type":"Feature","geometry":{"type":"Point","coordinates":[-81.7911,41.19308]},"properties":{"id":"ora-oh-1106","name":"I-71 at SR-3, D03-028","state":"OH","provider":"Ohio DOT","hls":null,"snapshot":"https://itscameras.dot.state.oh.us:443/images/D03/D03-028.jpg","refreshMs":30000,"attribution":"Ora (Warner Varnado) · Ohio DOT"}},{"type":"Feature","geometry":{"type":"Point","coordinates":[-81.74352,41.19341]},"properties":{"id":"ora-oh-1107","name":"I-271 at SR-94, D03-031","state":"OH","provider":"Ohio DOT","hls":null,"snapshot":"https://itscameras.dot.state.oh.us:443/images/D03/D03-031.jpg","refreshMs":30000,"attribution":"Ora (Warner Varnado) · Ohio DOT"}},{"type":"Feature","geometry":{"type":"Point","coordinates":[-81.72925,41.04698]},"properties":{"id":"ora-oh-1108","name":"I-76 at SR-94, D03-030","state":"OH","provider":"Ohio DOT","hls":null,"snapshot":"https://itscameras.dot.state.oh.us:443/images/D03/D03-030.jpg","refreshMs":30000,"attribution":"Ora (Warner Varnado) · Ohio DOT"}},{"type":"Feature","geometry":{"type":"Point","coordinates":[-81.76166,41.03372]},"properties":{"id":"ora-oh-1109","name":"I-76 at SR-57, D03-029","state":"OH","provider":"Ohio DOT","hls":null,"snapshot":"https://itscameras.dot.state.oh.us:443/images/D03/D03-029.jpg","refreshMs":30000,"attribution":"Ora (Warner Varnado) · Ohio DOT"}},{"type":"Feature","geometry":{"type":"Point","coordinates":[-81.73409,41.42155]},"properties":{"id":"ora-oh-1110","name":"I-480 at Ridge Rd, 3136","state":"OH","provider":"Ohio DOT","hls":null,"snapshot":"https://itscameras.dot.state.oh.us:443/images/CLE/CCTV3136.jpg","refreshMs":30000,"attribution":"Ora (Warner Varnado) · Ohio DOT"}},{"type":"Feature","geometry":{"type":"Point","coordinates":[-81.24208,41.10964]},"properties":{"id":"ora-oh-1111","name":"I-76 at SR-44, 6084","state":"OH","provider":"Ohio DOT","hls":null,"snapshot":"https://itscameras.dot.state.oh.us:443/images/CLE/CCTV6084.jpg","refreshMs":30000,"attribution":"Ora (Warner Varnado) · Ohio DOT"}},{"type":"Feature","geometry":{"type":"Point","coordinates":[-81.15638,41.10558]},"properties":{"id":"ora-oh-1112","name":"I-76 at SR-14, 6085","state":"OH","provider":"Ohio DOT","hls":null,"snapshot":"https://itscameras.dot.state.oh.us:443/images/CLE/CCTV6085.jpg","refreshMs":30000,"attribution":"Ora (Warner Varnado) · Ohio DOT"}},{"type":"Feature","geometry":{"type":"Point","coordinates":[-84.13514,39.897205]},"properties":{"id":"ora-oh-1113","name":"US-40 at SR-202, 1118","state":"OH","provider":"Ohio DOT","hls":null,"snapshot":"https://itscameras.dot.state.oh.us:443/images/dayton/CCTV1118.jpg","refreshMs":30000,"attribution":"Ora (Warner Varnado) · Ohio DOT"}},{"type":"Feature","geometry":{"type":"Point","coordinates":[-80.5475,41.92381]},"properties":{"id":"ora-oh-1114","name":"I-90 at Ashtabula Rest Area, 6091","state":"OH","provider":"Ohio DOT","hls":null,"snapshot":"https://itscameras.dot.state.oh.us:443/images/cle/CCTV6091.jpg","refreshMs":30000,"attribution":"Ora (Warner Varnado) · Ohio DOT"}},{"type":"Feature","geometry":{"type":"Point","coordinates":[-80.66666,41.88094]},"properties":{"id":"ora-oh-1115","name":"I-90 at SR-193, 6089","state":"OH","provider":"Ohio DOT","hls":null,"snapshot":"https://itscameras.dot.state.oh.us:443/images/CLE/CCTV6089.jpg","refreshMs":30000,"attribution":"Ora (Warner Varnado) · Ohio DOT"}},{"type":"Feature","geometry":{"type":"Point","coordinates":[-81.807008,39.219182]},"properties":{"id":"ora-oh-1116","name":"US-50 at South of Brimstone Rd (Temporary), 1371","state":"OH","provider":"Ohio DOT","hls":null,"snapshot":"https://itscameras.dot.state.oh.us:443/images/D10/CCTV_Trailer_10.jpg","refreshMs":30000,"attribution":"Ora (Warner Varnado) · Ohio DOT"}},{"type":"Feature","geometry":{"type":"Point","coordinates":[-84.055435,39.87232]},"properties":{"id":"ora-oh-1117","name":"SR-235 at Center Point / Buc-ee's Blvd, 1120","state":"OH","provider":"Ohio DOT","hls":null,"snapshot":"https://itscameras.dot.state.oh.us:443/images/Dayton/CCTV1120.jpg","refreshMs":30000,"attribution":"Ora (Warner Varnado) · Ohio DOT"}},{"type":"Feature","geometry":{"type":"Point","coordinates":[-82.043036,41.46486]},"properties":{"id":"ora-oh-1118","name":"I-90 at East of SR-611","state":"OH","provider":"Ohio DOT","hls":null,"snapshot":"https://itscameras.dot.state.oh.us:443/images/CCTV_Trailer_5.jpg","refreshMs":30000,"attribution":"Ora (Warner Varnado) · Ohio DOT"}},{"type":"Feature","geometry":{"type":"Point","coordinates":[-81.659654,40.960162]},"properties":{"id":"ora-oh-1119","name":"SR-21 at Edwards Rd, D03-033","state":"OH","provider":"Ohio DOT","hls":null,"snapshot":"https://itscameras.dot.state.oh.us:443/images/D03/D03-033.jpg","refreshMs":30000,"attribution":"Ora (Warner Varnado) · Ohio DOT"}},{"type":"Feature","geometry":{"type":"Point","coordinates":[-80.52362,41.93517]},"properties":{"id":"ora-oh-1120","name":"I-90 at PA Line, Looking West, 6094","state":"OH","provider":"Ohio DOT","hls":null,"snapshot":"https://itscameras.dot.state.oh.us:443/images/RWIS/I-90_PA_Line.jpg","refreshMs":30000,"attribution":"Ora (Warner Varnado) · Ohio DOT"}}]}