{"type":"FeatureCollection","features":[{"type":"Feature","geometry":{"type":"Point","coordinates":[-123.85347,46.18785]},"properties":{"id":"ora-or-0","name":"US101 at Astoria - ODOT District Office","state":"OR","provider":"Oregon DOT","hls":null,"snapshot":"https://tripcheck.com/RoadCams/cams/AstoriaUS101MeglerBrNB_pid392.jpg","refreshMs":30000,"attribution":"Ora (Warner Varnado) · Oregon DOT"}},{"type":"Feature","geometry":{"type":"Point","coordinates":[-122.79119,45.47911]},"properties":{"id":"ora-or-1","name":"OR217 at Allen","state":"OR","provider":"Oregon DOT","hls":null,"snapshot":"https://tripcheck.com/RoadCams/cams/217allen_pid404.jpg","refreshMs":30000,"attribution":"Ora (Warner Varnado) · Oregon DOT"}},{"type":"Feature","geometry":{"type":"Point","coordinates":[-122.56558,45.49769]},"properties":{"id":"ora-or-2","name":"I-205 at Powell","state":"OR","provider":"Oregon DOT","hls":null,"snapshot":"https://tripcheck.com/RoadCams/cams/i205powl_pid497.jpg","refreshMs":30000,"attribution":"Ora (Warner Varnado) · Oregon DOT"}},{"type":"Feature","geometry":{"type":"Point","coordinates":[-122.71921,45.50701]},"properties":{"id":"ora-or-3","name":"US26 at Zoo Bridge","state":"OR","provider":"Oregon DOT","hls":null,"snapshot":"https://tripcheck.com/RoadCams/cams/26Zoo_pid498.jpg","refreshMs":30000,"attribution":"Ora (Warner Varnado) · Oregon DOT"}},{"type":"Feature","geometry":{"type":"Point","coordinates":[-122.78583,45.47169]},"properties":{"id":"ora-or-4","name":"OR217 at Denney","state":"OR","provider":"Oregon DOT","hls":null,"snapshot":"https://tripcheck.com/RoadCams/cams/217denney_pid516.jpg","refreshMs":30000,"attribution":"Ora (Warner Varnado) · Oregon DOT"}},{"type":"Feature","geometry":{"type":"Point","coordinates":[-122.77623,45.44269]},"properties":{"id":"ora-or-5","name":"OR217 at Greenburg","state":"OR","provider":"Oregon DOT","hls":null,"snapshot":"https://tripcheck.com/RoadCams/cams/217green_pid517.jpg","refreshMs":30000,"attribution":"Ora (Warner Varnado) · Oregon DOT"}},{"type":"Feature","geometry":{"type":"Point","coordinates":[-122.78636,45.46386]},"properties":{"id":"ora-or-6","name":"OR217 at Hall","state":"OR","provider":"Oregon DOT","hls":null,"snapshot":"https://tripcheck.com/RoadCams/cams/217hall_pid519.jpg","refreshMs":30000,"attribution":"Ora (Warner Varnado) · Oregon DOT"}},{"type":"Feature","geometry":{"type":"Point","coordinates":[-122.78461,45.45054]},"properties":{"id":"ora-or-7","name":"OR217 at Scholls Ferry Road","state":"OR","provider":"Oregon DOT","hls":null,"snapshot":"https://tripcheck.com/RoadCams/cams/217scholls_pid520.jpg","refreshMs":30000,"attribution":"Ora (Warner Varnado) · Oregon DOT"}},{"type":"Feature","geometry":{"type":"Point","coordinates":[-122.79244,45.49098]},"properties":{"id":"ora-or-8","name":"OR217 at Tualatin Valley Hwy","state":"OR","provider":"Oregon DOT","hls":null,"snapshot":"https://tripcheck.com/RoadCams/cams/217tv_pid521.jpg","refreshMs":30000,"attribution":"Ora (Warner Varnado) · Oregon DOT"}},{"type":"Feature","geometry":{"type":"Point","coordinates":[-122.79147,45.49919]},"properties":{"id":"ora-or-9","name":"OR217 at Walker","state":"OR","provider":"Oregon DOT","hls":null,"snapshot":"https://tripcheck.com/RoadCams/cams/217walker_pid522.jpg","refreshMs":30000,"attribution":"Ora (Warner Varnado) · Oregon DOT"}},{"type":"Feature","geometry":{"type":"Point","coordinates":[-122.77776,45.50797]},"properties":{"id":"ora-or-10","name":"US26 at OR217","state":"OR","provider":"Oregon DOT","hls":null,"snapshot":"https://tripcheck.com/RoadCams/cams/26_217_pid523.jpg","refreshMs":30000,"attribution":"Ora (Warner Varnado) · Oregon DOT"}},{"type":"Feature","geometry":{"type":"Point","coordinates":[-122.8429,45.53288]},"properties":{"id":"ora-or-11","name":"US26 at Bethany","state":"OR","provider":"Oregon DOT","hls":null,"snapshot":"https://tripcheck.com/RoadCams/cams/26Bethany_pid524.jpg","refreshMs":30000,"attribution":"Ora (Warner Varnado) · Oregon DOT"}},{"type":"Feature","geometry":{"type":"Point","coordinates":[-122.70289,45.51246]},"properties":{"id":"ora-or-12","name":"US26 at Jefferson Off-Ramp","state":"OR","provider":"Oregon DOT","hls":null,"snapshot":"https://tripcheck.com/RoadCams/cams/26Jefferson_pid525.jpg","refreshMs":30000,"attribution":"Ora (Warner Varnado) · Oregon DOT"}},{"type":"Feature","geometry":{"type":"Point","coordinates":[-122.81529,45.52189]},"properties":{"id":"ora-or-13","name":"US26 at Murray","state":"OR","provider":"Oregon DOT","hls":null,"snapshot":"https://tripcheck.com/RoadCams/cams/26Murray_pid526.jpg","refreshMs":30000,"attribution":"Ora (Warner Varnado) · Oregon DOT"}},{"type":"Feature","geometry":{"type":"Point","coordinates":[-122.69277,45.51538]},"properties":{"id":"ora-or-14","name":"US26 at East Vista Ridge Tunnel","state":"OR","provider":"Oregon DOT","hls":null,"snapshot":"https://tripcheck.com/RoadCams/cams/26tunnelE_pid529.jpg","refreshMs":30000,"attribution":"Ora (Warner Varnado) · Oregon DOT"}},{"type":"Feature","geometry":{"type":"Point","coordinates":[-122.6885,45.47085]},"properties":{"id":"ora-or-15","name":"OR99W at Bertha","state":"OR","provider":"Oregon DOT","hls":null,"snapshot":"https://tripcheck.com/RoadCams/cams/99wbertha_pid530.jpg","refreshMs":30000,"attribution":"Ora (Warner Varnado) · Oregon DOT"}},{"type":"Feature","geometry":{"type":"Point","coordinates":[-122.56808,45.46449]},"properties":{"id":"ora-or-16","name":"I-205 at 92nd","state":"OR","provider":"Oregon DOT","hls":null,"snapshot":"https://tripcheck.com/RoadCams/cams/i20592nd_pid532.jpg","refreshMs":30000,"attribution":"Ora (Warner Varnado) · Oregon DOT"}},{"type":"Feature","geometry":{"type":"Point","coordinates":[-122.54986,45.57143]},"properties":{"id":"ora-or-17","name":"I-205 at Airport Way","state":"OR","provider":"Oregon DOT","hls":null,"snapshot":"https://tripcheck.com/RoadCams/cams/i205arprt_pid533.jpg","refreshMs":30000,"attribution":"Ora (Warner Varnado) · Oregon DOT"}},{"type":"Feature","geometry":{"type":"Point","coordinates":[-122.56265,45.56051]},"properties":{"id":"ora-or-18","name":"I-205 at US30BY (Lombard)","state":"OR","provider":"Oregon DOT","hls":null,"snapshot":"https://tripcheck.com/RoadCams/cams/i205Killingsworth_pid534.jpg","refreshMs":30000,"attribution":"Ora (Warner Varnado) · Oregon DOT"}},{"type":"Feature","geometry":{"type":"Point","coordinates":[-122.56554,45.47928]},"properties":{"id":"ora-or-19","name":"I-205 at Foster","state":"OR","provider":"Oregon DOT","hls":null,"snapshot":"https://tripcheck.com/RoadCams/cams/i205fstr_pid535.jpg","refreshMs":30000,"attribution":"Ora (Warner Varnado) · Oregon DOT"}},{"type":"Feature","geometry":{"type":"Point","coordinates":[-122.57966,45.38484]},"properties":{"id":"ora-or-20","name":"I-205 at Gladstone","state":"OR","provider":"Oregon DOT","hls":null,"snapshot":"https://tripcheck.com/RoadCams/cams/i205Gladstone_pid536.jpg","refreshMs":30000,"attribution":"Ora (Warner Varnado) · Oregon DOT"}},{"type":"Feature","geometry":{"type":"Point","coordinates":[-122.5433,45.58449]},"properties":{"id":"ora-or-21","name":"I-205 at Government Island","state":"OR","provider":"Oregon DOT","hls":null,"snapshot":"https://tripcheck.com/RoadCams/cams/i205govt_pid537.jpg","refreshMs":30000,"attribution":"Ora (Warner Varnado) · Oregon DOT"}},{"type":"Feature","geometry":{"type":"Point","coordinates":[-122.57069,45.40735]},"properties":{"id":"ora-or-22","name":"I-205 at OR212 -224","state":"OR","provider":"Oregon DOT","hls":null,"snapshot":"https://tripcheck.com/RoadCams/cams/i205hwy212_pid538.jpg","refreshMs":30000,"attribution":"Ora (Warner Varnado) · Oregon DOT"}},{"type":"Feature","geometry":{"type":"Point","coordinates":[-122.57375,45.45674]},"properties":{"id":"ora-or-23","name":"I-205 at Johnson Creek","state":"OR","provider":"Oregon DOT","hls":null,"snapshot":"https://tripcheck.com/RoadCams/cams/i205jcrk_pid539.jpg","refreshMs":30000,"attribution":"Ora (Warner Varnado) · Oregon DOT"}},{"type":"Feature","geometry":{"type":"Point","coordinates":[-122.57465,45.41857]},"properties":{"id":"ora-or-24","name":"I-205 at Lawnfield Rd.","state":"OR","provider":"Oregon DOT","hls":null,"snapshot":"https://tripcheck.com/RoadCams/cams/i205Lawnfield_pid540.jpg","refreshMs":30000,"attribution":"Ora (Warner Varnado) · Oregon DOT"}},{"type":"Feature","geometry":{"type":"Point","coordinates":[-122.58771,45.37516]},"properties":{"id":"ora-or-25","name":"I-205 at Park Place - OR213","state":"OR","provider":"Oregon DOT","hls":null,"snapshot":"https://tripcheck.com/RoadCams/cams/i205ParkHwy213_pid541.jpg","refreshMs":30000,"attribution":"Ora (Warner Varnado) · Oregon DOT"}},{"type":"Feature","geometry":{"type":"Point","coordinates":[-122.56765,45.55555]},"properties":{"id":"ora-or-26","name":"I-205 at Prescott St.","state":"OR","provider":"Oregon DOT","hls":null,"snapshot":"https://tripcheck.com/RoadCams/cams/i205pres_pid542.jpg","refreshMs":30000,"attribution":"Ora (Warner Varnado) · Oregon DOT"}},{"type":"Feature","geometry":{"type":"Point","coordinates":[-122.56474,45.5182]},"properties":{"id":"ora-or-27","name":"I-205 at Stark","state":"OR","provider":"Oregon DOT","hls":null,"snapshot":"https://tripcheck.com/RoadCams/cams/i205strk_pid543.jpg","refreshMs":30000,"attribution":"Ora (Warner Varnado) · Oregon DOT"}},{"type":"Feature","geometry":{"type":"Point","coordinates":[-122.56556,45.43359]},"properties":{"id":"ora-or-28","name":"I-205 at Sunnyside","state":"OR","provider":"Oregon DOT","hls":null,"snapshot":"https://tripcheck.com/RoadCams/cams/i205Sunnyside_pid544.jpg","refreshMs":30000,"attribution":"Ora (Warner Varnado) · Oregon DOT"}},{"type":"Feature","geometry":{"type":"Point","coordinates":[-122.68711,45.52742]},"properties":{"id":"ora-or-29","name":"I-405 at Everett","state":"OR","provider":"Oregon DOT","hls":null,"snapshot":"https://tripcheck.com/RoadCams/cams/i405everett_pid545.jpg","refreshMs":30000,"attribution":"Ora (Warner Varnado) · Oregon DOT"}},{"type":"Feature","geometry":{"type":"Point","coordinates":[-122.68217,45.50615]},"properties":{"id":"ora-or-30","name":"I-405 at Fourth","state":"OR","provider":"Oregon DOT","hls":null,"snapshot":"https://tripcheck.com/RoadCams/cams/i405fourth_pid546.jpg","refreshMs":30000,"attribution":"Ora (Warner Varnado) · Oregon DOT"}},{"type":"Feature","geometry":{"type":"Point","coordinates":[-122.68935,45.51248]},"properties":{"id":"ora-or-31","name":"I-405 at Montgomery","state":"OR","provider":"Oregon DOT","hls":null,"snapshot":"https://tripcheck.com/RoadCams/cams/i405montgom_pid547.jpg","refreshMs":30000,"attribution":"Ora (Warner Varnado) · Oregon DOT"}},{"type":"Feature","geometry":{"type":"Point","coordinates":[-122.7462,45.42083]},"properties":{"id":"ora-or-32","name":"I-5 at OR217","state":"OR","provider":"Oregon DOT","hls":null,"snapshot":"https://tripcheck.com/RoadCams/cams/i5217_pid548.jpg","refreshMs":30000,"attribution":"Ora (Warner Varnado) · Oregon DOT"}},{"type":"Feature","geometry":{"type":"Point","coordinates":[-122.67338,45.5017]},"properties":{"id":"ora-or-33","name":"I-5 at I-405 - Naito Parkway","state":"OR","provider":"Oregon DOT","hls":null,"snapshot":"https://tripcheck.com/RoadCams/cams/i5at405_pid549.jpg","refreshMs":30000,"attribution":"Ora (Warner Varnado) · Oregon DOT"}},{"type":"Feature","geometry":{"type":"Point","coordinates":[-122.74062,45.44359]},"properties":{"id":"ora-or-34","name":"I-5 at ORE99W - Barbur Blvd.","state":"OR","provider":"Oregon DOT","hls":null,"snapshot":"https://tripcheck.com/RoadCams/cams/i5at99w_pid550.jpg","refreshMs":30000,"attribution":"Ora (Warner Varnado) · Oregon DOT"}},{"type":"Feature","geometry":{"type":"Point","coordinates":[-122.68012,45.46944]},"properties":{"id":"ora-or-35","name":"I-5 at Brier Place","state":"OR","provider":"Oregon DOT","hls":null,"snapshot":"https://tripcheck.com/RoadCams/cams/i5brier_pid551.jpg","refreshMs":30000,"attribution":"Ora (Warner Varnado) · Oregon DOT"}},{"type":"Feature","geometry":{"type":"Point","coordinates":[-122.71666,45.4538]},"properties":{"id":"ora-or-36","name":"I-5 at Capitol","state":"OR","provider":"Oregon DOT","hls":null,"snapshot":"https://tripcheck.com/RoadCams/cams/i5capitol_pid556.jpg","refreshMs":30000,"attribution":"Ora (Warner Varnado) · Oregon DOT"}},{"type":"Feature","geometry":{"type":"Point","coordinates":[-122.74318,45.40815]},"properties":{"id":"ora-or-37","name":"I-5 at Carman Drive","state":"OR","provider":"Oregon DOT","hls":null,"snapshot":"https://tripcheck.com/RoadCams/cams/i5carman_pid557.jpg","refreshMs":30000,"attribution":"Ora (Warner Varnado) · Oregon DOT"}},{"type":"Feature","geometry":{"type":"Point","coordinates":[-122.68044,45.58639]},"properties":{"id":"ora-or-38","name":"I-5 at Columbia","state":"OR","provider":"Oregon DOT","hls":null,"snapshot":"https://tripcheck.com/RoadCams/cams/i5columbia_pid558.jpg","refreshMs":30000,"attribution":"Ora (Warner Varnado) · Oregon DOT"}},{"type":"Feature","geometry":{"type":"Point","coordinates":[-122.76975,45.33631]},"properties":{"id":"ora-or-39","name":"I-5 at Elligsen Rd.","state":"OR","provider":"Oregon DOT","hls":null,"snapshot":"https://tripcheck.com/RoadCams/cams/i5elligs_pid559.jpg","refreshMs":30000,"attribution":"Ora (Warner Varnado) · Oregon DOT"}},{"type":"Feature","geometry":{"type":"Point","coordinates":[-122.67882,45.54723]},"properties":{"id":"ora-or-40","name":"I-5 at Fremont","state":"OR","provider":"Oregon DOT","hls":null,"snapshot":"https://tripcheck.com/RoadCams/cams/i5fremont_pid560.jpg","refreshMs":30000,"attribution":"Ora (Warner Varnado) · Oregon DOT"}},{"type":"Feature","geometry":{"type":"Point","coordinates":[-122.67896,45.55775]},"properties":{"id":"ora-or-41","name":"I-5 at Going","state":"OR","provider":"Oregon DOT","hls":null,"snapshot":"https://tripcheck.com/RoadCams/cams/i5going_pid561.jpg","refreshMs":30000,"attribution":"Ora (Warner Varnado) · Oregon DOT"}},{"type":"Feature","geometry":{"type":"Point","coordinates":[-122.74455,45.43709]},"properties":{"id":"ora-or-42","name":"I-5 at Haines","state":"OR","provider":"Oregon DOT","hls":null,"snapshot":"https://tripcheck.com/RoadCams/cams/i5haines_pid562.jpg","refreshMs":30000,"attribution":"Ora (Warner Varnado) · Oregon DOT"}},{"type":"Feature","geometry":{"type":"Point","coordinates":[-122.75896,45.36809]},"properties":{"id":"ora-or-43","name":"I-5 at I-205","state":"OR","provider":"Oregon DOT","hls":null,"snapshot":"https://tripcheck.com/RoadCams/cams/i5i205_pid563.jpg","refreshMs":30000,"attribution":"Ora (Warner Varnado) · Oregon DOT"}},{"type":"Feature","geometry":{"type":"Point","coordinates":[-122.74682,45.39657]},"properties":{"id":"ora-or-44","name":"I-5 at Lower Boones Road","state":"OR","provider":"Oregon DOT","hls":null,"snapshot":"https://tripcheck.com/RoadCams/cams/i5lboon_pid564.jpg","refreshMs":30000,"attribution":"Ora (Warner Varnado) · Oregon DOT"}},{"type":"Feature","geometry":{"type":"Point","coordinates":[-122.67886,45.57877]},"properties":{"id":"ora-or-45","name":"I-5 at Lombard","state":"OR","provider":"Oregon DOT","hls":null,"snapshot":"https://tripcheck.com/RoadCams/cams/i5lombard_pid565.jpg","refreshMs":30000,"attribution":"Ora (Warner Varnado) · Oregon DOT"}},{"type":"Feature","geometry":{"type":"Point","coordinates":[-122.6733,45.49423]},"properties":{"id":"ora-or-46","name":"I-5 at Macadam","state":"OR","provider":"Oregon DOT","hls":null,"snapshot":"https://tripcheck.com/RoadCams/cams/i5macadam_pid566.jpg","refreshMs":30000,"attribution":"Ora (Warner Varnado) · Oregon DOT"}},{"type":"Feature","geometry":{"type":"Point","coordinates":[-122.68304,45.60408]},"properties":{"id":"ora-or-47","name":"I-5 at Marine Drive","state":"OR","provider":"Oregon DOT","hls":null,"snapshot":"https://tripcheck.com/RoadCams/cams/i5marine_pid567.jpg","refreshMs":30000,"attribution":"Ora (Warner Varnado) · Oregon DOT"}},{"type":"Feature","geometry":{"type":"Point","coordinates":[-122.67723,45.47135]},"properties":{"id":"ora-or-48","name":"I-5 at Miles","state":"OR","provider":"Oregon DOT","hls":null,"snapshot":"https://tripcheck.com/RoadCams/cams/i5miles_pid568.jpg","refreshMs":30000,"attribution":"Ora (Warner Varnado) · Oregon DOT"}},{"type":"Feature","geometry":{"type":"Point","coordinates":[-122.66586,45.52099]},"properties":{"id":"ora-or-49","name":"I-5 at Morrison Bridge","state":"OR","provider":"Oregon DOT","hls":null,"snapshot":"https://tripcheck.com/RoadCams/cams/i5morrison_pid569.jpg","refreshMs":30000,"attribution":"Ora (Warner Varnado) · Oregon DOT"}},{"type":"Feature","geometry":{"type":"Point","coordinates":[-122.76467,45.35355]},"properties":{"id":"ora-or-50","name":"I-5 at Norwood","state":"OR","provider":"Oregon DOT","hls":null,"snapshot":"https://tripcheck.com/RoadCams/cams/i5norwoo_pid570.jpg","refreshMs":30000,"attribution":"Ora (Warner Varnado) · Oregon DOT"}},{"type":"Feature","geometry":{"type":"Point","coordinates":[-122.75188,45.38287]},"properties":{"id":"ora-or-51","name":"I-5 at Nyberg","state":"OR","provider":"Oregon DOT","hls":null,"snapshot":"https://tripcheck.com/RoadCams/cams/i5nyberg_pid571.jpg","refreshMs":30000,"attribution":"Ora (Warner Varnado) · Oregon DOT"}},{"type":"Feature","geometry":{"type":"Point","coordinates":[-122.67895,45.5697]},"properties":{"id":"ora-or-52","name":"I-5 at Rosa Parks Way","state":"OR","provider":"Oregon DOT","hls":null,"snapshot":"https://tripcheck.com/RoadCams/cams/i5portlandblvd_pid572.jpg","refreshMs":30000,"attribution":"Ora (Warner Varnado) · Oregon DOT"}},{"type":"Feature","geometry":{"type":"Point","coordinates":[-122.68909,45.47015]},"properties":{"id":"ora-or-53","name":"I-5 at Terwilliger","state":"OR","provider":"Oregon DOT","hls":null,"snapshot":"https://tripcheck.com/RoadCams/cams/i5terwil_pid573.jpg","refreshMs":30000,"attribution":"Ora (Warner Varnado) · Oregon DOT"}},{"type":"Feature","geometry":{"type":"Point","coordinates":[-122.68373,45.59644]},"properties":{"id":"ora-or-54","name":"I-5 at Victory","state":"OR","provider":"Oregon DOT","hls":null,"snapshot":"https://tripcheck.com/RoadCams/cams/i5Victory_pid574.jpg","refreshMs":30000,"attribution":"Ora (Warner Varnado) · Oregon DOT"}},{"type":"Feature","geometry":{"type":"Point","coordinates":[-122.76901,45.30315]},"properties":{"id":"ora-or-55","name":"I-5 at Wilsonville Rd.","state":"OR","provider":"Oregon DOT","hls":null,"snapshot":"https://tripcheck.com/RoadCams/cams/i5wilson_pid575.jpg","refreshMs":30000,"attribution":"Ora (Warner Varnado) · Oregon DOT"}},{"type":"Feature","geometry":{"type":"Point","coordinates":[-122.55889,45.54448]},"properties":{"id":"ora-or-56","name":"I-84 at 102nd","state":"OR","provider":"Oregon DOT","hls":null,"snapshot":"https://tripcheck.com/RoadCams/cams/i84102nd_pid576.jpg","refreshMs":30000,"attribution":"Ora (Warner Varnado) · Oregon DOT"}},{"type":"Feature","geometry":{"type":"Point","coordinates":[-122.55519,45.54766]},"properties":{"id":"ora-or-57","name":"I-84 at 105th","state":"OR","provider":"Oregon DOT","hls":null,"snapshot":"https://tripcheck.com/RoadCams/cams/i84105th_pid577.jpg","refreshMs":30000,"attribution":"Ora (Warner Varnado) · Oregon DOT"}},{"type":"Feature","geometry":{"type":"Point","coordinates":[-122.63511,45.53036]},"properties":{"id":"ora-or-58","name":"I-84 at 28th","state":"OR","provider":"Oregon DOT","hls":null,"snapshot":"https://tripcheck.com/RoadCams/cams/i8428th_pid578.jpg","refreshMs":30000,"attribution":"Ora (Warner Varnado) · Oregon DOT"}},{"type":"Feature","geometry":{"type":"Point","coordinates":[-122.62568,45.53392]},"properties":{"id":"ora-or-59","name":"I-84 at 37th","state":"OR","provider":"Oregon DOT","hls":null,"snapshot":"https://tripcheck.com/RoadCams/cams/i8437th_pid579.jpg","refreshMs":30000,"attribution":"Ora (Warner Varnado) · Oregon DOT"}},{"type":"Feature","geometry":{"type":"Point","coordinates":[-122.60881,45.52723]},"properties":{"id":"ora-or-60","name":"I-84 at 53rd","state":"OR","provider":"Oregon DOT","hls":null,"snapshot":"https://tripcheck.com/RoadCams/cams/i8453rd_pid580.jpg","refreshMs":30000,"attribution":"Ora (Warner Varnado) · Oregon DOT"}},{"type":"Feature","geometry":{"type":"Point","coordinates":[-122.57891,45.53289]},"properties":{"id":"ora-or-61","name":"I-84 at 82nd","state":"OR","provider":"Oregon DOT","hls":null,"snapshot":"https://tripcheck.com/RoadCams/cams/i8482nd_pid582.jpg","refreshMs":30000,"attribution":"Ora (Warner Varnado) · Oregon DOT"}},{"type":"Feature","geometry":{"type":"Point","coordinates":[-122.5658,45.53111]},"properties":{"id":"ora-or-62","name":"I-84 at I-205","state":"OR","provider":"Oregon DOT","hls":null,"snapshot":"https://tripcheck.com/RoadCams/cams/i84at205_pid583.jpg","refreshMs":30000,"attribution":"Ora (Warner Varnado) · Oregon DOT"}},{"type":"Feature","geometry":{"type":"Point","coordinates":[-122.5659,45.53213]},"properties":{"id":"ora-or-63","name":"I-84 at Halsey (Lower)","state":"OR","provider":"Oregon DOT","hls":null,"snapshot":"https://tripcheck.com/RoadCams/cams/i84halseyl_pid585.jpg","refreshMs":30000,"attribution":"Ora (Warner Varnado) · Oregon DOT"}},{"type":"Feature","geometry":{"type":"Point","coordinates":[-122.64923,45.52976]},"properties":{"id":"ora-or-64","name":"I-84 at Lloyd Blvd","state":"OR","provider":"Oregon DOT","hls":null,"snapshot":"https://tripcheck.com/RoadCams/cams/i84lloyd_pid587.jpg","refreshMs":30000,"attribution":"Ora (Warner Varnado) · Oregon DOT"}},{"type":"Feature","geometry":{"type":"Point","coordinates":[-122.66069,45.52746]},"properties":{"id":"ora-or-65","name":"I-84 at Metro Bldg.","state":"OR","provider":"Oregon DOT","hls":null,"snapshot":"https://tripcheck.com/RoadCams/cams/i84metro_pid588.jpg","refreshMs":30000,"attribution":"Ora (Warner Varnado) · Oregon DOT"}},{"type":"Feature","geometry":{"type":"Point","coordinates":[-122.6541,45.50129]},"properties":{"id":"ora-or-66","name":"US26 at Milwaukie","state":"OR","provider":"Oregon DOT","hls":null,"snapshot":"https://tripcheck.com/RoadCams/cams/26pwlmilw_pid590.jpg","refreshMs":30000,"attribution":"Ora (Warner Varnado) · Oregon DOT"}},{"type":"Feature","geometry":{"type":"Point","coordinates":[-122.66093,45.50168]},"properties":{"id":"ora-or-67","name":"US26 at Ross Island Bridge","state":"OR","provider":"Oregon DOT","hls":null,"snapshot":"https://tripcheck.com/RoadCams/cams/26ribridge_pid591.jpg","refreshMs":30000,"attribution":"Ora (Warner Varnado) · Oregon DOT"}},{"type":"Feature","geometry":{"type":"Point","coordinates":[-122.66607,45.53028]},"properties":{"id":"ora-or-68","name":"I-5 at Rose Quarter - Southbound Ramp","state":"OR","provider":"Oregon DOT","hls":null,"snapshot":"https://tripcheck.com/RoadCams/cams/RqI5ramp_pid593.jpg","refreshMs":30000,"attribution":"Ora (Warner Varnado) · Oregon DOT"}},{"type":"Feature","geometry":{"type":"Point","coordinates":[-122.66607,45.53028]},"properties":{"id":"ora-or-69","name":"I-5 at Rose Quarter - Interstate Avenue","state":"OR","provider":"Oregon DOT","hls":null,"snapshot":"https://tripcheck.com/RoadCams/cams/Rqinterstate_pid594.jpg","refreshMs":30000,"attribution":"Ora (Warner Varnado) · Oregon DOT"}},{"type":"Feature","geometry":{"type":"Point","coordinates":[-122.66655,45.53438]},"properties":{"id":"ora-or-70","name":"I-5 at Rose Quarter - Weidler","state":"OR","provider":"Oregon DOT","hls":null,"snapshot":"https://tripcheck.com/RoadCams/cams/Rqweidler_pid596.jpg","refreshMs":30000,"attribution":"Ora (Warner Varnado) · Oregon DOT"}},{"type":"Feature","geometry":{"type":"Point","coordinates":[-122.66677,45.53308]},"properties":{"id":"ora-or-71","name":"I-5 at Rose Quarter - Winning Way","state":"OR","provider":"Oregon DOT","hls":null,"snapshot":"https://tripcheck.com/RoadCams/cams/Rqwinning_pid597.jpg","refreshMs":30000,"attribution":"Ora (Warner Varnado) · Oregon DOT"}},{"type":"Feature","geometry":{"type":"Point","coordinates":[-120.20511,45.71963]},"properties":{"id":"ora-or-72","name":"I-84 at Arlington","state":"OR","provider":"Oregon DOT","hls":null,"snapshot":"https://tripcheck.com/RoadCams/cams/Arlington_pid600.jpg","refreshMs":30000,"attribution":"Ora (Warner Varnado) · Oregon DOT"}},{"type":"Feature","geometry":{"type":"Point","coordinates":[-121.39835,42.35376]},"properties":{"id":"ora-or-73","name":"OR140 at Bly Mtn","state":"OR","provider":"Oregon DOT","hls":null,"snapshot":"https://tripcheck.com/RoadCams/cams/BlyMtn_pid606.jpg","refreshMs":30000,"attribution":"Ora (Warner Varnado) · Oregon DOT"}},{"type":"Feature","geometry":{"type":"Point","coordinates":[-122.37478,41.38202]},"properties":{"id":"ora-or-74","name":"I-5 California at Black Butte","state":"OR","provider":"Oregon DOT","hls":null,"snapshot":"https://tripcheck.com/RoadCams/cams/BlackButte_pid607.jpg","refreshMs":30000,"attribution":"Ora (Warner Varnado) · Oregon DOT"}},{"type":"Feature","geometry":{"type":"Point","coordinates":[-120.28722,41.56056]},"properties":{"id":"ora-or-75","name":"SR 299 California at Cedar Pass","state":"OR","provider":"Oregon DOT","hls":null,"snapshot":"https://tripcheck.com/RoadCams/cams/CedarPass_pid608.jpg","refreshMs":30000,"attribution":"Ora (Warner Varnado) · Oregon DOT"}},{"type":"Feature","geometry":{"type":"Point","coordinates":[-121.90567,41.9845]},"properties":{"id":"ora-or-76","name":"US97 California at Dorris","state":"OR","provider":"Oregon DOT","hls":null,"snapshot":"https://tripcheck.com/RoadCams/cams/Dorris_pid609.jpg","refreshMs":30000,"attribution":"Ora (Warner Varnado) · Oregon DOT"}},{"type":"Feature","geometry":{"type":"Point","coordinates":[-122.19296,41.63326]},"properties":{"id":"ora-or-77","name":"US97 California at Grass Lake","state":"OR","provider":"Oregon DOT","hls":null,"snapshot":"https://tripcheck.com/RoadCams/cams/GrassLake_pid610.jpg","refreshMs":30000,"attribution":"Ora (Warner Varnado) · Oregon DOT"}},{"type":"Feature","geometry":{"type":"Point","coordinates":[-122.60975,41.99306]},"properties":{"id":"ora-or-78","name":"I-5 California at Hilt","state":"OR","provider":"Oregon DOT","hls":null,"snapshot":"https://tripcheck.com/RoadCams/cams/Hilt_pid611.jpg","refreshMs":30000,"attribution":"Ora (Warner Varnado) · Oregon DOT"}},{"type":"Feature","geometry":{"type":"Point","coordinates":[-122.06532,41.75748]},"properties":{"id":"ora-or-79","name":"US97 California  at Mt. Hebron","state":"OR","provider":"Oregon DOT","hls":null,"snapshot":"https://tripcheck.com/RoadCams/cams/MtHebron_pid612.jpg","refreshMs":30000,"attribution":"Ora (Warner Varnado) · Oregon DOT"}},{"type":"Feature","geometry":{"type":"Point","coordinates":[-122.61042,41.99627]},"properties":{"id":"ora-or-80","name":"I-5 California at North Hilt","state":"OR","provider":"Oregon DOT","hls":null,"snapshot":"https://tripcheck.com/RoadCams/cams/NorthHilt_pid613.jpg","refreshMs":30000,"attribution":"Ora (Warner Varnado) · Oregon DOT"}},{"type":"Feature","geometry":{"type":"Point","coordinates":[-122.40259,41.42947]},"properties":{"id":"ora-or-81","name":"I-5 California at North Weed","state":"OR","provider":"Oregon DOT","hls":null,"snapshot":"https://tripcheck.com/RoadCams/cams/NorthWeed_pid614.jpg","refreshMs":30000,"attribution":"Ora (Warner Varnado) · Oregon DOT"}},{"type":"Feature","geometry":{"type":"Point","coordinates":[-122.63559,41.68597]},"properties":{"id":"ora-or-82","name":"I-5 California at South Yreka","state":"OR","provider":"Oregon DOT","hls":null,"snapshot":"https://tripcheck.com/RoadCams/cams/WaltersRd_pid615.jpg","refreshMs":30000,"attribution":"Ora (Warner Varnado) · Oregon DOT"}},{"type":"Feature","geometry":{"type":"Point","coordinates":[-122.45306,41.47444]},"properties":{"id":"ora-or-83","name":"I-5 California at Weed Airport","state":"OR","provider":"Oregon DOT","hls":null,"snapshot":"https://tripcheck.com/RoadCams/cams/WeedAirport_pid616.jpg","refreshMs":30000,"attribution":"Ora (Warner Varnado) · Oregon DOT"}},{"type":"Feature","geometry":{"type":"Point","coordinates":[-122.63271,41.73194]},"properties":{"id":"ora-or-84","name":"I-5 California at Yreka","state":"OR","provider":"Oregon DOT","hls":null,"snapshot":"https://tripcheck.com/RoadCams/cams/Yreka_pid617.jpg","refreshMs":30000,"attribution":"Ora (Warner Varnado) · Oregon DOT"}},{"type":"Feature","geometry":{"type":"Point","coordinates":[-124.12305,44.12833]},"properties":{"id":"ora-or-85","name":"US101 at Cape Cove","state":"OR","provider":"Oregon DOT","hls":null,"snapshot":"https://tripcheck.com/RoadCams/cams/CapeCove_pid618.jpg","refreshMs":30000,"attribution":"Ora (Warner Varnado) · Oregon DOT"}},{"type":"Feature","geometry":{"type":"Point","coordinates":[-121.88484,45.66931]},"properties":{"id":"ora-or-86","name":"I-84 at Cascade Locks","state":"OR","provider":"Oregon DOT","hls":null,"snapshot":"https://tripcheck.com/RoadCams/cams/CascadeLocksWB_pid620.jpg","refreshMs":30000,"attribution":"Ora (Warner Varnado) · Oregon DOT"}},{"type":"Feature","geometry":{"type":"Point","coordinates":[-121.78639,43.2235]},"properties":{"id":"ora-or-87","name":"US97 at Chemult","state":"OR","provider":"Oregon DOT","hls":null,"snapshot":"https://tripcheck.com/RoadCams/cams/Chemult_pid621.jpg","refreshMs":30000,"attribution":"Ora (Warner Varnado) · Oregon DOT"}},{"type":"Feature","geometry":{"type":"Point","coordinates":[-122.13563,44.72616]},"properties":{"id":"ora-or-88","name":"ORE22 at Detroit","state":"OR","provider":"Oregon DOT","hls":null,"snapshot":"https://tripcheck.com/RoadCams/cams/Detroit1_pid622.jpg","refreshMs":30000,"attribution":"Ora (Warner Varnado) · Oregon DOT"}},{"type":"Feature","geometry":{"type":"Point","coordinates":[-118.50341,45.60035]},"properties":{"id":"ora-or-89","name":"I-84 at Cabbage Hill - Deadman Pass","state":"OR","provider":"Oregon DOT","hls":null,"snapshot":"https://tripcheck.com/RoadCams/cams/DeadmanP-CabbageHill_pid623.jpg","refreshMs":30000,"attribution":"Ora (Warner Varnado) · Oregon DOT"}},{"type":"Feature","geometry":{"type":"Point","coordinates":[-121.74129,45.30123]},"properties":{"id":"ora-or-90","name":"US26 at Government Camp","state":"OR","provider":"Oregon DOT","hls":null,"snapshot":"https://tripcheck.com/RoadCams/cams/GovernmentCamp_pid624.jpg","refreshMs":30000,"attribution":"Ora (Warner Varnado) · Oregon DOT"}},{"type":"Feature","geometry":{"type":"Point","coordinates":[-122.60612,42.07246]},"properties":{"id":"ora-or-91","name":"I-5 at Exit 6 Near Siskiyou Summit","state":"OR","provider":"Oregon DOT","hls":null,"snapshot":"https://tripcheck.com/RoadCams/cams/I-5atExit6_pid625.jpg","refreshMs":30000,"attribution":"Ora (Warner Varnado) · Oregon DOT"}},{"type":"Feature","geometry":{"type":"Point","coordinates":[-121.50037,43.67448]},"properties":{"id":"ora-or-92","name":"US97 at LaPine","state":"OR","provider":"Oregon DOT","hls":null,"snapshot":"https://tripcheck.com/RoadCams/cams/LaPine_pid630.jpg","refreshMs":30000,"attribution":"Ora (Warner Varnado) · Oregon DOT"}},{"type":"Feature","geometry":{"type":"Point","coordinates":[-121.35743,43.90677]},"properties":{"id":"ora-or-93","name":"US97 at Lava Butte","state":"OR","provider":"Oregon DOT","hls":null,"snapshot":"https://tripcheck.com/RoadCams/cams/LavaButte_pid631.jpg","refreshMs":30000,"attribution":"Ora (Warner Varnado) · Oregon DOT"}},{"type":"Feature","geometry":{"type":"Point","coordinates":[-120.65276,45.72919]},"properties":{"id":"ora-or-94","name":"I-84 at LePage Park -  John Day River","state":"OR","provider":"Oregon DOT","hls":null,"snapshot":"https://tripcheck.com/RoadCams/cams/LePagePark-JohnDay_pid632.jpg","refreshMs":30000,"attribution":"Ora (Warner Varnado) · Oregon DOT"}},{"type":"Feature","geometry":{"type":"Point","coordinates":[-124.00531,44.99569]},"properties":{"id":"ora-or-95","name":"US101 at Lincoln City -  Logan Rd","state":"OR","provider":"Oregon DOT","hls":null,"snapshot":"https://tripcheck.com/RoadCams/cams/LincolnCityLogan_pid633.jpg","refreshMs":30000,"attribution":"Ora (Warner Varnado) · Oregon DOT"}},{"type":"Feature","geometry":{"type":"Point","coordinates":[-124.00531,44.99569]},"properties":{"id":"ora-or-96","name":"US101 at Lincoln City","state":"OR","provider":"Oregon DOT","hls":null,"snapshot":"https://tripcheck.com/RoadCams/cams/LincolnCityUS101_pid634.jpg","refreshMs":30000,"attribution":"Ora (Warner Varnado) · Oregon DOT"}},{"type":"Feature","geometry":{"type":"Point","coordinates":[-119.01476,45.71822]},"properties":{"id":"ora-or-97","name":"I-84 at Lorenzen Road","state":"OR","provider":"Oregon DOT","hls":null,"snapshot":"https://tripcheck.com/RoadCams/cams/LorenzenRoad_pid635.jpg","refreshMs":30000,"attribution":"Ora (Warner Varnado) · Oregon DOT"}},{"type":"Feature","geometry":{"type":"Point","coordinates":[-123.71508,45.07213]},"properties":{"id":"ora-or-98","name":"OR18 at Murphy Hill","state":"OR","provider":"Oregon DOT","hls":null,"snapshot":"https://tripcheck.com/RoadCams/cams/MurphyHill_pid643.jpg","refreshMs":30000,"attribution":"Ora (Warner Varnado) · Oregon DOT"}},{"type":"Feature","geometry":{"type":"Point","coordinates":[-121.16359,44.25257]},"properties":{"id":"ora-or-99","name":"Redmond at Roberts Field","state":"OR","provider":"Oregon DOT","hls":null,"snapshot":"https://tripcheck.com/RoadCams/cams/RedmondAirport_pid649.jpg","refreshMs":30000,"attribution":"Ora (Warner Varnado) · Oregon DOT"}},{"type":"Feature","geometry":{"type":"Point","coordinates":[-122.99357,44.98434]},"properties":{"id":"ora-or-100","name":"I-5 Salem at Exit 258","state":"OR","provider":"Oregon DOT","hls":null,"snapshot":"https://tripcheck.com/RoadCams/cams/HayesvilleInterch-S_pid651.jpg","refreshMs":30000,"attribution":"Ora (Warner Varnado) · Oregon DOT"}},{"type":"Feature","geometry":{"type":"Point","coordinates":[-123.92425,45.96512]},"properties":{"id":"ora-or-101","name":"US101 at Seaside","state":"OR","provider":"Oregon DOT","hls":null,"snapshot":"https://tripcheck.com/RoadCams/cams/Seaside_pid652.jpg","refreshMs":30000,"attribution":"Ora (Warner Varnado) · Oregon DOT"}},{"type":"Feature","geometry":{"type":"Point","coordinates":[-121.55902,44.29501]},"properties":{"id":"ora-or-102","name":"US20 at Sisters","state":"OR","provider":"Oregon DOT","hls":null,"snapshot":"https://tripcheck.com/RoadCams/cams/Sisters_pid653.jpg","refreshMs":30000,"attribution":"Ora (Warner Varnado) · Oregon DOT"}},{"type":"Feature","geometry":{"type":"Point","coordinates":[-116.94171,44.00876]},"properties":{"id":"ora-or-103","name":"I-84 at Snake River","state":"OR","provider":"Oregon DOT","hls":null,"snapshot":"https://tripcheck.com/RoadCams/cams/Snake River_pid654.JPG","refreshMs":30000,"attribution":"Ora (Warner Varnado) · Oregon DOT"}},{"type":"Feature","geometry":{"type":"Point","coordinates":[-123.56799,45.06205]},"properties":{"id":"ora-or-104","name":"OR18 at OR22  - Valley Junction","state":"OR","provider":"Oregon DOT","hls":null,"snapshot":"https://tripcheck.com/RoadCams/cams/ValleyJunction_pid656.jpg","refreshMs":30000,"attribution":"Ora (Warner Varnado) · Oregon DOT"}},{"type":"Feature","geometry":{"type":"Point","coordinates":[-117.3675,44.49611]},"properties":{"id":"ora-or-105","name":"I-84 at Weatherby Rest Area","state":"OR","provider":"Oregon DOT","hls":null,"snapshot":"https://tripcheck.com/RoadCams/cams/Weatherby_pid657.jpg","refreshMs":30000,"attribution":"Ora (Warner Varnado) · Oregon DOT"}},{"type":"Feature","geometry":{"type":"Point","coordinates":[-122.03383,43.59702]},"properties":{"id":"ora-or-106","name":"OR58 at Willamette Pass","state":"OR","provider":"Oregon DOT","hls":null,"snapshot":"https://tripcheck.com/RoadCams/cams/WillamettePass_pid658.jpg","refreshMs":30000,"attribution":"Ora (Warner Varnado) · Oregon DOT"}},{"type":"Feature","geometry":{"type":"Point","coordinates":[-122.59599,45.36701]},"properties":{"id":"ora-or-107","name":"I-205 at 99E","state":"OR","provider":"Oregon DOT","hls":null,"snapshot":"https://tripcheck.com/RoadCams/cams/i20599E_pid660.jpg","refreshMs":30000,"attribution":"Ora (Warner Varnado) · Oregon DOT"}},{"type":"Feature","geometry":{"type":"Point","coordinates":[-122.61184,45.36192]},"properties":{"id":"ora-or-108","name":"I-205 at OR43","state":"OR","provider":"Oregon DOT","hls":null,"snapshot":"https://tripcheck.com/RoadCams/cams/i205OR43_pid661.jpg","refreshMs":30000,"attribution":"Ora (Warner Varnado) · Oregon DOT"}},{"type":"Feature","geometry":{"type":"Point","coordinates":[-122.62824,45.35166]},"properties":{"id":"ora-or-109","name":"I-205 at Willamette Falls Viewpoint","state":"OR","provider":"Oregon DOT","hls":null,"snapshot":"https://tripcheck.com/RoadCams/cams/i205VWpt_pid662.jpg","refreshMs":30000,"attribution":"Ora (Warner Varnado) · Oregon DOT"}},{"type":"Feature","geometry":{"type":"Point","coordinates":[-122.65082,45.3472]},"properties":{"id":"ora-or-110","name":"I-205 at 10th West Linn","state":"OR","provider":"Oregon DOT","hls":null,"snapshot":"https://tripcheck.com/RoadCams/cams/i20510th_pid663.jpg","refreshMs":30000,"attribution":"Ora (Warner Varnado) · Oregon DOT"}},{"type":"Feature","geometry":{"type":"Point","coordinates":[-122.66501,45.35742]},"properties":{"id":"ora-or-111","name":"I-205 at Blankenship Road","state":"OR","provider":"Oregon DOT","hls":null,"snapshot":"https://tripcheck.com/RoadCams/cams/i205blnk_pid664.jpg","refreshMs":30000,"attribution":"Ora (Warner Varnado) · Oregon DOT"}},{"type":"Feature","geometry":{"type":"Point","coordinates":[-122.70643,45.36999]},"properties":{"id":"ora-or-112","name":"I-205 at Stafford Road","state":"OR","provider":"Oregon DOT","hls":null,"snapshot":"https://tripcheck.com/RoadCams/cams/i205staf_pid665.jpg","refreshMs":30000,"attribution":"Ora (Warner Varnado) · Oregon DOT"}},{"type":"Feature","geometry":{"type":"Point","coordinates":[-122.73595,45.50845]},"properties":{"id":"ora-or-113","name":"US26 at Sylvan Interchange - Skyline","state":"OR","provider":"Oregon DOT","hls":null,"snapshot":"https://tripcheck.com/RoadCams/cams/26Sylvan_pid675.jpg","refreshMs":30000,"attribution":"Ora (Warner Varnado) · Oregon DOT"}},{"type":"Feature","geometry":{"type":"Point","coordinates":[-123.3656,43.16664]},"properties":{"id":"ora-or-114","name":"I-5 at Roseburg - Milepost 120","state":"OR","provider":"Oregon DOT","hls":null,"snapshot":"https://tripcheck.com/RoadCams/cams/RoseburgSouthMP120 SB_pid676.JPG","refreshMs":30000,"attribution":"Ora (Warner Varnado) · Oregon DOT"}},{"type":"Feature","geometry":{"type":"Point","coordinates":[-121.79871,42.19257]},"properties":{"id":"ora-or-115","name":"US97 at Green Springs Interchange","state":"OR","provider":"Oregon DOT","hls":null,"snapshot":"https://tripcheck.com/RoadCams/cams/Green Springs Interchange_pid708.jpg","refreshMs":30000,"attribution":"Ora (Warner Varnado) · Oregon DOT"}},{"type":"Feature","geometry":{"type":"Point","coordinates":[-122.205,42.39592]},"properties":{"id":"ora-or-116","name":"OR140 at Lake of the Woods","state":"OR","provider":"Oregon DOT","hls":null,"snapshot":"https://tripcheck.com/RoadCams/cams/LakeoftheWoods_pid743.jpg","refreshMs":30000,"attribution":"Ora (Warner Varnado) · Oregon DOT"}},{"type":"Feature","geometry":{"type":"Point","coordinates":[-122.55998,45.62119]},"properties":{"id":"ora-or-117","name":"I-205 Washington - Vancouver at Mill Plain","state":"OR","provider":"Oregon DOT","hls":null,"snapshot":"https://tripcheck.com/RoadCams/cams/I-205_Mill Plain_pid761.jpg","refreshMs":30000,"attribution":"Ora (Warner Varnado) · Oregon DOT"}},{"type":"Feature","geometry":{"type":"Point","coordinates":[-122.65543,45.71831]},"properties":{"id":"ora-or-118","name":"I-5 Washington - Vancouver at 134th","state":"OR","provider":"Oregon DOT","hls":null,"snapshot":"https://tripcheck.com/RoadCams/cams/I-5_134th_pid762.jpg","refreshMs":30000,"attribution":"Ora (Warner Varnado) · Oregon DOT"}},{"type":"Feature","geometry":{"type":"Point","coordinates":[-122.66222,45.64217]},"properties":{"id":"ora-or-119","name":"I-5 Washington - Vancouver at 29th","state":"OR","provider":"Oregon DOT","hls":null,"snapshot":"https://tripcheck.com/RoadCams/cams/I-5_29th_pid767.jpg","refreshMs":30000,"attribution":"Ora (Warner Varnado) · Oregon DOT"}},{"type":"Feature","geometry":{"type":"Point","coordinates":[-122.66481,45.67667]},"properties":{"id":"ora-or-120","name":"I-5 Washington - Vancouver at 78th","state":"OR","provider":"Oregon DOT","hls":null,"snapshot":"https://tripcheck.com/RoadCams/cams/I-5_78th_pid768.jpg","refreshMs":30000,"attribution":"Ora (Warner Varnado) · Oregon DOT"}},{"type":"Feature","geometry":{"type":"Point","coordinates":[-122.66187,45.69317]},"properties":{"id":"ora-or-121","name":"I-5 Washington - Vancouver at 99th","state":"OR","provider":"Oregon DOT","hls":null,"snapshot":"https://tripcheck.com/RoadCams/cams/I-5_99st_pid769.jpg","refreshMs":30000,"attribution":"Ora (Warner Varnado) · Oregon DOT"}},{"type":"Feature","geometry":{"type":"Point","coordinates":[-122.66588,45.65962]},"properties":{"id":"ora-or-122","name":"I-5 Washington - Vancouver  at Main Street","state":"OR","provider":"Oregon DOT","hls":null,"snapshot":"https://tripcheck.com/RoadCams/cams/I-5_Main_pid770.jpg","refreshMs":30000,"attribution":"Ora (Warner Varnado) · Oregon DOT"}},{"type":"Feature","geometry":{"type":"Point","coordinates":[-122.66535,45.63152]},"properties":{"id":"ora-or-123","name":"I-5 Washington - Vancouver at Mill Plain","state":"OR","provider":"Oregon DOT","hls":null,"snapshot":"https://tripcheck.com/RoadCams/cams/I-5_Millplain_pid771.jpg","refreshMs":30000,"attribution":"Ora (Warner Varnado) · Oregon DOT"}},{"type":"Feature","geometry":{"type":"Point","coordinates":[-122.67057,45.62452]},"properties":{"id":"ora-or-124","name":"I-5 Washington - Vancouver at SR-14","state":"OR","provider":"Oregon DOT","hls":null,"snapshot":"https://tripcheck.com/RoadCams/cams/I-5_SR14_pid772.jpg","refreshMs":30000,"attribution":"Ora (Warner Varnado) · Oregon DOT"}},{"type":"Feature","geometry":{"type":"Point","coordinates":[-122.54632,45.6022]},"properties":{"id":"ora-or-125","name":"SR-14 Washington - Vancouver at I-205","state":"OR","provider":"Oregon DOT","hls":null,"snapshot":"https://tripcheck.com/RoadCams/cams/SR14_i-205e_pid773.jpg","refreshMs":30000,"attribution":"Ora (Warner Varnado) · Oregon DOT"}},{"type":"Feature","geometry":{"type":"Point","coordinates":[-122.55723,45.60474]},"properties":{"id":"ora-or-126","name":"SR-14 Washington - Vancouver at I-205","state":"OR","provider":"Oregon DOT","hls":null,"snapshot":"https://tripcheck.com/RoadCams/cams/SR14_i-205w_pid774.jpg","refreshMs":30000,"attribution":"Ora (Warner Varnado) · Oregon DOT"}},{"type":"Feature","geometry":{"type":"Point","coordinates":[-122.5584,45.66206]},"properties":{"id":"ora-or-127","name":"SR-500 Washington - Vancouver at 112th","state":"OR","provider":"Oregon DOT","hls":null,"snapshot":"https://tripcheck.com/RoadCams/cams/SR500_112_pid775.jpg","refreshMs":30000,"attribution":"Ora (Warner Varnado) · Oregon DOT"}},{"type":"Feature","geometry":{"type":"Point","coordinates":[-122.58713,45.65451]},"properties":{"id":"ora-or-128","name":"SR-500 Washington - Vancouver at Thurston","state":"OR","provider":"Oregon DOT","hls":null,"snapshot":"https://tripcheck.com/RoadCams/cams/SR500_Thurston_pid776.jpg","refreshMs":30000,"attribution":"Ora (Warner Varnado) · Oregon DOT"}},{"type":"Feature","geometry":{"type":"Point","coordinates":[-122.9842,45.0275]},"properties":{"id":"ora-or-129","name":"I-5 at Perkins Road","state":"OR","provider":"Oregon DOT","hls":null,"snapshot":"https://tripcheck.com/RoadCams/cams/I-5atPerkinsRd_pid797.jpg","refreshMs":30000,"attribution":"Ora (Warner Varnado) · Oregon DOT"}},{"type":"Feature","geometry":{"type":"Point","coordinates":[-122.78641,45.26025]},"properties":{"id":"ora-or-130","name":"I-5 at Arndt Rd","state":"OR","provider":"Oregon DOT","hls":null,"snapshot":"https://tripcheck.com/RoadCams/cams/I-5atArndtRd_pid798.jpg","refreshMs":30000,"attribution":"Ora (Warner Varnado) · Oregon DOT"}},{"type":"Feature","geometry":{"type":"Point","coordinates":[-122.7941,45.51447]},"properties":{"id":"ora-or-131","name":"US26 at Cedar Hills","state":"OR","provider":"Oregon DOT","hls":null,"snapshot":"https://tripcheck.com/RoadCams/cams/26CedarHills_pid1328.jpg","refreshMs":30000,"attribution":"Ora (Warner Varnado) · Oregon DOT"}},{"type":"Feature","geometry":{"type":"Point","coordinates":[-122.8678,45.54143]},"properties":{"id":"ora-or-132","name":"US26 at 185th Street","state":"OR","provider":"Oregon DOT","hls":null,"snapshot":"https://tripcheck.com/RoadCams/cams/26_185th_pid1329.jpg","refreshMs":30000,"attribution":"Ora (Warner Varnado) · Oregon DOT"}},{"type":"Feature","geometry":{"type":"Point","coordinates":[-122.9006,45.55357]},"properties":{"id":"ora-or-133","name":"US26 at Cornelius Pass","state":"OR","provider":"Oregon DOT","hls":null,"snapshot":"https://tripcheck.com/RoadCams/cams/26Cornelius_pid1330.jpg","refreshMs":30000,"attribution":"Ora (Warner Varnado) · Oregon DOT"}},{"type":"Feature","geometry":{"type":"Point","coordinates":[-122.9264,45.56464]},"properties":{"id":"ora-or-134","name":"US26 at Helvetia","state":"OR","provider":"Oregon DOT","hls":null,"snapshot":"https://tripcheck.com/RoadCams/cams/26Helvetia_pid1331.jpg","refreshMs":30000,"attribution":"Ora (Warner Varnado) · Oregon DOT"}},{"type":"Feature","geometry":{"type":"Point","coordinates":[-122.70953,45.50737]},"properties":{"id":"ora-or-135","name":"US26 at Washington Park","state":"OR","provider":"Oregon DOT","hls":null,"snapshot":"https://tripcheck.com/RoadCams/cams/26Washington_pid1332.jpg","refreshMs":30000,"attribution":"Ora (Warner Varnado) · Oregon DOT"}},{"type":"Feature","geometry":{"type":"Point","coordinates":[-122.14151,44.39548]},"properties":{"id":"ora-or-136","name":"US20 at Tombstone","state":"OR","provider":"Oregon DOT","hls":null,"snapshot":"https://tripcheck.com/RoadCams/cams/US20atTombstone_pid1354.jpg","refreshMs":30000,"attribution":"Ora (Warner Varnado) · Oregon DOT"}},{"type":"Feature","geometry":{"type":"Point","coordinates":[-123.06086,44.35911]},"properties":{"id":"ora-or-137","name":"I-5 at Lake Creek - South of ORE228","state":"OR","provider":"Oregon DOT","hls":null,"snapshot":"https://tripcheck.com/RoadCams/cams/LakeCreek_pid1355.JPG","refreshMs":30000,"attribution":"Ora (Warner Varnado) · Oregon DOT"}},{"type":"Feature","geometry":{"type":"Point","coordinates":[-119.96998,44.13108]},"properties":{"id":"ora-or-138","name":"Crook Co - OR380 at Paulina","state":"OR","provider":"Oregon DOT","hls":null,"snapshot":"https://tripcheck.com/RoadCams/cams/Paulina_pid1362.jpg","refreshMs":30000,"attribution":"Ora (Warner Varnado) · Oregon DOT"}},{"type":"Feature","geometry":{"type":"Point","coordinates":[-122.03533,45.3761]},"properties":{"id":"ora-or-139","name":"US26 at Brightwood","state":"OR","provider":"Oregon DOT","hls":null,"snapshot":"https://tripcheck.com/RoadCams/cams/Brightwood2_pid1381.jpg","refreshMs":30000,"attribution":"Ora (Warner Varnado) · Oregon DOT"}},{"type":"Feature","geometry":{"type":"Point","coordinates":[-123.05409,44.68103]},"properties":{"id":"ora-or-140","name":"I-5 at North Albany","state":"OR","provider":"Oregon DOT","hls":null,"snapshot":"https://tripcheck.com/RoadCams/cams/NorthAlbany_pid1489.jpg","refreshMs":30000,"attribution":"Ora (Warner Varnado) · Oregon DOT"}},{"type":"Feature","geometry":{"type":"Point","coordinates":[-122.99555,44.89029]},"properties":{"id":"ora-or-141","name":"I-5 Salem at Kuebler Blvd","state":"OR","provider":"Oregon DOT","hls":null,"snapshot":"https://tripcheck.com/RoadCams/cams/I-5atKueblerRdSouthSalem_pid1496.jpg","refreshMs":30000,"attribution":"Ora (Warner Varnado) · Oregon DOT"}},{"type":"Feature","geometry":{"type":"Point","coordinates":[-123.00999,43.97546]},"properties":{"id":"ora-or-142","name":"I-5 Near Goshen","state":"OR","provider":"Oregon DOT","hls":null,"snapshot":"https://tripcheck.com/RoadCams/cams/I-5@Goshen_pid1504.jpg","refreshMs":30000,"attribution":"Ora (Warner Varnado) · Oregon DOT"}},{"type":"Feature","geometry":{"type":"Point","coordinates":[-123.02985,44.02854]},"properties":{"id":"ora-or-143","name":"I-5 at Near ORE 225 McVay Hwy","state":"OR","provider":"Oregon DOT","hls":null,"snapshot":"https://tripcheck.com/RoadCams/cams/I-5SouthEugene_pid1507.jpg","refreshMs":30000,"attribution":"Ora (Warner Varnado) · Oregon DOT"}},{"type":"Feature","geometry":{"type":"Point","coordinates":[-121.948,45.34479]},"properties":{"id":"ora-or-144","name":"Clackamas County - US26 at ZigZag - Hoodland","state":"OR","provider":"Oregon DOT","hls":null,"snapshot":"https://tripcheck.com/RoadCams/cams/ZigZag_pid1511.jpg","refreshMs":30000,"attribution":"Ora (Warner Varnado) · Oregon DOT"}},{"type":"Feature","geometry":{"type":"Point","coordinates":[-118.49194,44.57479]},"properties":{"id":"ora-or-145","name":"US26 at Austin Junction","state":"OR","provider":"Oregon DOT","hls":null,"snapshot":"https://tripcheck.com/RoadCams/cams/AustinJunction_pid1522.jpg","refreshMs":30000,"attribution":"Ora (Warner Varnado) · Oregon DOT"}},{"type":"Feature","geometry":{"type":"Point","coordinates":[-123.14498,44.09774]},"properties":{"id":"ora-or-146","name":"OR569 Beltline Near NW Expressway","state":"OR","provider":"Oregon DOT","hls":null,"snapshot":"https://tripcheck.com/RoadCams/cams/EugeneBeltline_pid1523.jpg","refreshMs":30000,"attribution":"Ora (Warner Varnado) · Oregon DOT"}},{"type":"Feature","geometry":{"type":"Point","coordinates":[-118.01328,45.23381]},"properties":{"id":"ora-or-147","name":"Ladd Canyon at Charles Reynolds","state":"OR","provider":"Oregon DOT","hls":null,"snapshot":"https://tripcheck.com/RoadCams/cams/LaddCreekBase_pid1554.jpg","refreshMs":30000,"attribution":"Ora (Warner Varnado) · Oregon DOT"}},{"type":"Feature","geometry":{"type":"Point","coordinates":[-122.50928,45.54242]},"properties":{"id":"ora-or-148","name":"I-84 at 148th","state":"OR","provider":"Oregon DOT","hls":null,"snapshot":"https://tripcheck.com/RoadCams/cams/i84@148th_pid1579.jpg","refreshMs":30000,"attribution":"Ora (Warner Varnado) · Oregon DOT"}},{"type":"Feature","geometry":{"type":"Point","coordinates":[-122.47686,45.54129]},"properties":{"id":"ora-or-149","name":"I-84 at 181st","state":"OR","provider":"Oregon DOT","hls":null,"snapshot":"https://tripcheck.com/RoadCams/cams/i84@181st_pid1580.jpg","refreshMs":30000,"attribution":"Ora (Warner Varnado) · Oregon DOT"}},{"type":"Feature","geometry":{"type":"Point","coordinates":[-122.44903,45.53891]},"properties":{"id":"ora-or-150","name":"I-84 at Fairview","state":"OR","provider":"Oregon DOT","hls":null,"snapshot":"https://tripcheck.com/RoadCams/cams/i84@207th_pid1581.jpg","refreshMs":30000,"attribution":"Ora (Warner Varnado) · Oregon DOT"}},{"type":"Feature","geometry":{"type":"Point","coordinates":[-122.43399,45.54189]},"properties":{"id":"ora-or-151","name":"I-84 at 223rd","state":"OR","provider":"Oregon DOT","hls":null,"snapshot":"https://tripcheck.com/RoadCams/cams/i84@223rd_pid1582.jpg","refreshMs":30000,"attribution":"Ora (Warner Varnado) · Oregon DOT"}},{"type":"Feature","geometry":{"type":"Point","coordinates":[-122.39041,45.54487]},"properties":{"id":"ora-or-152","name":"I-84 at 257th","state":"OR","provider":"Oregon DOT","hls":null,"snapshot":"https://tripcheck.com/RoadCams/cams/i84@257th_pid1583.JPG","refreshMs":30000,"attribution":"Ora (Warner Varnado) · Oregon DOT"}},{"type":"Feature","geometry":{"type":"Point","coordinates":[-117.86204,42.41121]},"properties":{"id":"ora-or-153","name":"US95 at Basque Station","state":"OR","provider":"Oregon DOT","hls":null,"snapshot":"https://tripcheck.com/RoadCams/cams/Basque_pid1597.jpg","refreshMs":30000,"attribution":"Ora (Warner Varnado) · Oregon DOT"}},{"type":"Feature","geometry":{"type":"Point","coordinates":[-117.05336,42.9797]},"properties":{"id":"ora-or-154","name":"US95 at Jordan Valley","state":"OR","provider":"Oregon DOT","hls":null,"snapshot":"https://tripcheck.com/RoadCams/cams/JordanValley_pid1598.jpg","refreshMs":30000,"attribution":"Ora (Warner Varnado) · Oregon DOT"}},{"type":"Feature","geometry":{"type":"Point","coordinates":[-123.04974,44.06378]},"properties":{"id":"ora-or-155","name":"I-5 at I-105","state":"OR","provider":"Oregon DOT","hls":null,"snapshot":"https://tripcheck.com/RoadCams/cams/I-5 SB at I-105_pid1612.jpg","refreshMs":30000,"attribution":"Ora (Warner Varnado) · Oregon DOT"}},{"type":"Feature","geometry":{"type":"Point","coordinates":[-123.09888,44.09182]},"properties":{"id":"ora-or-156","name":"OR569 Beltline at Delta Hwy","state":"OR","provider":"Oregon DOT","hls":null,"snapshot":"https://tripcheck.com/RoadCams/cams/ORE569WBatDeltaHwy_pid1613.jpg","refreshMs":30000,"attribution":"Ora (Warner Varnado) · Oregon DOT"}},{"type":"Feature","geometry":{"type":"Point","coordinates":[-122.70034,42.21103]},"properties":{"id":"ora-or-157","name":"I-5 at Ashland -  North Mountain Ave","state":"OR","provider":"Oregon DOT","hls":null,"snapshot":"https://tripcheck.com/RoadCams/cams/I-5atN.MountainAve_pid1637.jpg","refreshMs":30000,"attribution":"Ora (Warner Varnado) · Oregon DOT"}},{"type":"Feature","geometry":{"type":"Point","coordinates":[-123.56367,43.63467]},"properties":{"id":"ora-or-158","name":"ORE38 at Elkton","state":"OR","provider":"Oregon DOT","hls":null,"snapshot":"https://tripcheck.com/RoadCams/cams/Elkton_pid1652.JPG","refreshMs":30000,"attribution":"Ora (Warner Varnado) · Oregon DOT"}},{"type":"Feature","geometry":{"type":"Point","coordinates":[-123.53511,45.58953]},"properties":{"id":"ora-or-159","name":"OR6 at Lees Camp","state":"OR","provider":"Oregon DOT","hls":null,"snapshot":"https://tripcheck.com/RoadCams/cams/Lees Camp_pid1655.JPG","refreshMs":30000,"attribution":"Ora (Warner Varnado) · Oregon DOT"}},{"type":"Feature","geometry":{"type":"Point","coordinates":[-117.32564,44.44522]},"properties":{"id":"ora-or-160","name":"I-84 at Rye Valley Interchange","state":"OR","provider":"Oregon DOT","hls":null,"snapshot":"https://tripcheck.com/RoadCams/cams/I-84 EB at Rye Valley_pid1661.JPG","refreshMs":30000,"attribution":"Ora (Warner Varnado) · Oregon DOT"}},{"type":"Feature","geometry":{"type":"Point","coordinates":[-117.42147,44.54953]},"properties":{"id":"ora-or-161","name":"I-84 at Plano Road Interchange","state":"OR","provider":"Oregon DOT","hls":null,"snapshot":"https://tripcheck.com/RoadCams/cams/I-84 At Plano Road_pid1662.JPG","refreshMs":30000,"attribution":"Ora (Warner Varnado) · Oregon DOT"}},{"type":"Feature","geometry":{"type":"Point","coordinates":[-122.61294,42.01611]},"properties":{"id":"ora-or-162","name":"I-5 at Siskiyou Exit 1","state":"OR","provider":"Oregon DOT","hls":null,"snapshot":"https://tripcheck.com/RoadCams/cams/Siskiyou I-5 SB at Exit 1_pid1669.JPG","refreshMs":30000,"attribution":"Ora (Warner Varnado) · Oregon DOT"}},{"type":"Feature","geometry":{"type":"Point","coordinates":[-123.06726,44.08781]},"properties":{"id":"ora-or-163","name":"OR569 Beltline at Coburg Rd.","state":"OR","provider":"Oregon DOT","hls":null,"snapshot":"https://tripcheck.com/RoadCams/cams/ORE569 at Coburg Rd_pid1672.JPG","refreshMs":30000,"attribution":"Ora (Warner Varnado) · Oregon DOT"}},{"type":"Feature","geometry":{"type":"Point","coordinates":[-121.93815,44.43628]},"properties":{"id":"ora-or-164","name":"US20 at Santiam Jct","state":"OR","provider":"Oregon DOT","hls":null,"snapshot":"https://tripcheck.com/RoadCams/cams/US20 at Santiam Jct_pid1675.JPG","refreshMs":30000,"attribution":"Ora (Warner Varnado) · Oregon DOT"}},{"type":"Feature","geometry":{"type":"Point","coordinates":[-122.61294,42.01611]},"properties":{"id":"ora-or-165","name":"I-5 at Siskiyou Exit 1","state":"OR","provider":"Oregon DOT","hls":null,"snapshot":"https://tripcheck.com/RoadCams/cams/Siskiyou I-5 NB at Exit 1_pid1682.JPG","refreshMs":30000,"attribution":"Ora (Warner Varnado) · Oregon DOT"}},{"type":"Feature","geometry":{"type":"Point","coordinates":[-122.61518,42.00549]},"properties":{"id":"ora-or-166","name":"I-5 at Siskiyou MP.2","state":"OR","provider":"Oregon DOT","hls":null,"snapshot":"https://tripcheck.com/RoadCams/cams/Siskiyou I-5 SB at MP.2_pid1685.JPG","refreshMs":30000,"attribution":"Ora (Warner Varnado) · Oregon DOT"}},{"type":"Feature","geometry":{"type":"Point","coordinates":[-122.61518,42.00549]},"properties":{"id":"ora-or-167","name":"I-5 at Siskiyou MP.2","state":"OR","provider":"Oregon DOT","hls":null,"snapshot":"https://tripcheck.com/RoadCams/cams/Siskiyou I-5 NB at MP.2_pid1688.JPG","refreshMs":30000,"attribution":"Ora (Warner Varnado) · Oregon DOT"}},{"type":"Feature","geometry":{"type":"Point","coordinates":[-121.85625,42.6795]},"properties":{"id":"ora-or-168","name":"US97 at Spring Creek (Top of Grade)","state":"OR","provider":"Oregon DOT","hls":null,"snapshot":"https://tripcheck.com/RoadCams/cams/US97 at Spring Creek (Top of Grade)_pid1726.JPG","refreshMs":30000,"attribution":"Ora (Warner Varnado) · Oregon DOT"}},{"type":"Feature","geometry":{"type":"Point","coordinates":[-121.82514,43.06591]},"properties":{"id":"ora-or-169","name":"US97 Near OR138 Jct - Milepoint 214","state":"OR","provider":"Oregon DOT","hls":null,"snapshot":"https://tripcheck.com/RoadCams/cams/US97 at MP214 Near ORE138 Jct_pid1729.JPG","refreshMs":30000,"attribution":"Ora (Warner Varnado) · Oregon DOT"}},{"type":"Feature","geometry":{"type":"Point","coordinates":[-123.10485,44.07491]},"properties":{"id":"ora-or-170","name":"OR132 Delta Hwy Near Woodfield","state":"OR","provider":"Oregon DOT","hls":null,"snapshot":"https://tripcheck.com/RoadCams/cams/Delta Hwy_pid1732.JPG","refreshMs":30000,"attribution":"Ora (Warner Varnado) · Oregon DOT"}},{"type":"Feature","geometry":{"type":"Point","coordinates":[-121.33056,44.79526]},"properties":{"id":"ora-or-171","name":"US26 Near Warm Springs","state":"OR","provider":"Oregon DOT","hls":null,"snapshot":"https://tripcheck.com/RoadCams/cams/US26 Near Warm Springs_pid1742.JPG","refreshMs":30000,"attribution":"Ora (Warner Varnado) · Oregon DOT"}},{"type":"Feature","geometry":{"type":"Point","coordinates":[-123.10578,44.07646]},"properties":{"id":"ora-or-172","name":"OR132 Delta Hwy Near Valley River","state":"OR","provider":"Oregon DOT","hls":null,"snapshot":"https://tripcheck.com/RoadCams/cams/Delta Hwy at Valley River_pid1754.JPG","refreshMs":30000,"attribution":"Ora (Warner Varnado) · Oregon DOT"}},{"type":"Feature","geometry":{"type":"Point","coordinates":[-121.70028,45.22876]},"properties":{"id":"ora-or-173","name":"US26 at Frog Lake","state":"OR","provider":"Oregon DOT","hls":null,"snapshot":"https://tripcheck.com/RoadCams/cams/US26 at Frog Lake VMS_pid1773.JPG","refreshMs":30000,"attribution":"Ora (Warner Varnado) · Oregon DOT"}},{"type":"Feature","geometry":{"type":"Point","coordinates":[-121.76868,45.30263]},"properties":{"id":"ora-or-174","name":"US26 at Govt Camp Lp Rd","state":"OR","provider":"Oregon DOT","hls":null,"snapshot":"https://tripcheck.com/RoadCams/cams/US26 at Govt Camp Lp Rd_pid1776.JPG","refreshMs":30000,"attribution":"Ora (Warner Varnado) · Oregon DOT"}},{"type":"Feature","geometry":{"type":"Point","coordinates":[-123.51895,45.84196]},"properties":{"id":"ora-or-175","name":"US26 at Quartz Creek","state":"OR","provider":"Oregon DOT","hls":null,"snapshot":"https://tripcheck.com/RoadCams/cams/26Quartzcrk_pid1786.JPG","refreshMs":30000,"attribution":"Ora (Warner Varnado) · Oregon DOT"}},{"type":"Feature","geometry":{"type":"Point","coordinates":[-124.27359,42.05506]},"properties":{"id":"ora-or-176","name":"US101 at Brookings","state":"OR","provider":"Oregon DOT","hls":null,"snapshot":"https://tripcheck.com/RoadCams/cams/Hwy 101 at Brookings NB_pid1804.JPG","refreshMs":30000,"attribution":"Ora (Warner Varnado) · Oregon DOT"}},{"type":"Feature","geometry":{"type":"Point","coordinates":[-124.27359,42.05506]},"properties":{"id":"ora-or-177","name":"US101 at Brookings","state":"OR","provider":"Oregon DOT","hls":null,"snapshot":"https://tripcheck.com/RoadCams/cams/Hwy 101 at Brookings SB_pid1807.JPG","refreshMs":30000,"attribution":"Ora (Warner Varnado) · Oregon DOT"}},{"type":"Feature","geometry":{"type":"Point","coordinates":[-123.29748,43.02425]},"properties":{"id":"ora-or-178","name":"I-5 at Myrtle Creek","state":"OR","provider":"Oregon DOT","hls":null,"snapshot":"https://tripcheck.com/RoadCams/cams/MyrtleCreekN_pid1814.JPG","refreshMs":30000,"attribution":"Ora (Warner Varnado) · Oregon DOT"}},{"type":"Feature","geometry":{"type":"Point","coordinates":[-123.29748,43.02425]},"properties":{"id":"ora-or-179","name":"I-5 at Myrtle Creek","state":"OR","provider":"Oregon DOT","hls":null,"snapshot":"https://tripcheck.com/RoadCams/cams/MyrtleCreekS_pid1819.JPG","refreshMs":30000,"attribution":"Ora (Warner Varnado) · Oregon DOT"}},{"type":"Feature","geometry":{"type":"Point","coordinates":[-121.50208,45.71061]},"properties":{"id":"ora-or-180","name":"I-84 at Hood River Exit 64 A","state":"OR","provider":"Oregon DOT","hls":null,"snapshot":"https://tripcheck.com/RoadCams/cams/Hood River Exit 64a_pid1863.JPG","refreshMs":30000,"attribution":"Ora (Warner Varnado) · Oregon DOT"}},{"type":"Feature","geometry":{"type":"Point","coordinates":[-123.12807,44.09718]},"properties":{"id":"ora-or-181","name":"OR569 Beltline at River Rd.","state":"OR","provider":"Oregon DOT","hls":null,"snapshot":"https://tripcheck.com/RoadCams/cams/Beltline at River Rd_pid1869.JPG","refreshMs":30000,"attribution":"Ora (Warner Varnado) · Oregon DOT"}},{"type":"Feature","geometry":{"type":"Point","coordinates":[-123.04486,44.08392]},"properties":{"id":"ora-or-182","name":"I-5 at OR569 Beltline","state":"OR","provider":"Oregon DOT","hls":null,"snapshot":"https://tripcheck.com/RoadCams/cams/I-5 NB at Beltline_pid1872.JPG","refreshMs":30000,"attribution":"Ora (Warner Varnado) · Oregon DOT"}},{"type":"Feature","geometry":{"type":"Point","coordinates":[-121.91279,45.33134]},"properties":{"id":"ora-or-183","name":"US26 at Arlie Mitchell Rd.","state":"OR","provider":"Oregon DOT","hls":null,"snapshot":"https://tripcheck.com/RoadCams/cams/US26 EB at Arlie Mitchell Rd._pid1875.JPG","refreshMs":30000,"attribution":"Ora (Warner Varnado) · Oregon DOT"}},{"type":"Feature","geometry":{"type":"Point","coordinates":[-121.71364,45.28315]},"properties":{"id":"ora-or-184","name":"US26 at Hwy35","state":"OR","provider":"Oregon DOT","hls":null,"snapshot":"https://tripcheck.com/RoadCams/cams/US26 at Hwy35_pid1881.JPG","refreshMs":30000,"attribution":"Ora (Warner Varnado) · Oregon DOT"}},{"type":"Feature","geometry":{"type":"Point","coordinates":[-121.72479,45.28413]},"properties":{"id":"ora-or-185","name":"US26 at Trillium Lake","state":"OR","provider":"Oregon DOT","hls":null,"snapshot":"https://tripcheck.com/RoadCams/cams/US26 at Trillium Lake EB_pid1887.JPG","refreshMs":30000,"attribution":"Ora (Warner Varnado) · Oregon DOT"}},{"type":"Feature","geometry":{"type":"Point","coordinates":[-121.87792,42.65397]},"properties":{"id":"ora-or-186","name":"US97 at Spring Creek  (Bottom of Grade)","state":"OR","provider":"Oregon DOT","hls":null,"snapshot":"https://tripcheck.com/RoadCams/cams/Spring Creek Bottom_pid1890.JPG","refreshMs":30000,"attribution":"Ora (Warner Varnado) · Oregon DOT"}},{"type":"Feature","geometry":{"type":"Point","coordinates":[-121.17324,44.26955]},"properties":{"id":"ora-or-187","name":"OR126 – Highland Ave at SW 5th St","state":"OR","provider":"Oregon DOT","hls":null,"snapshot":"https://tripcheck.com/RoadCams/cams/Redmond Highland_pid1893.JPG","refreshMs":30000,"attribution":"Ora (Warner Varnado) · Oregon DOT"}},{"type":"Feature","geometry":{"type":"Point","coordinates":[-121.744,45.30184]},"properties":{"id":"ora-or-188","name":"US26 at Government Camp Maint","state":"OR","provider":"Oregon DOT","hls":null,"snapshot":"https://tripcheck.com/RoadCams/cams/US26 at Govn Camp Maint_pid1899.JPG","refreshMs":30000,"attribution":"Ora (Warner Varnado) · Oregon DOT"}},{"type":"Feature","geometry":{"type":"Point","coordinates":[-123.19676,45.68278]},"properties":{"id":"ora-or-189","name":"US26 at Staleys Junction","state":"OR","provider":"Oregon DOT","hls":null,"snapshot":"https://tripcheck.com/RoadCams/cams/US26 at Staleys Junction_pid1912.JPG","refreshMs":30000,"attribution":"Ora (Warner Varnado) · Oregon DOT"}},{"type":"Feature","geometry":{"type":"Point","coordinates":[-121.69786,45.20802]},"properties":{"id":"ora-or-190","name":"US26 at Blue Box Pass Summit","state":"OR","provider":"Oregon DOT","hls":null,"snapshot":"https://tripcheck.com/RoadCams/cams/Blue Box Pass_pid1919.JPG","refreshMs":30000,"attribution":"Ora (Warner Varnado) · Oregon DOT"}},{"type":"Feature","geometry":{"type":"Point","coordinates":[-121.35743,43.90677]},"properties":{"id":"ora-or-191","name":"US97 at Lava Butte","state":"OR","provider":"Oregon DOT","hls":null,"snapshot":"https://tripcheck.com/RoadCams/cams/Lava Butte S_pid1923.JPG","refreshMs":30000,"attribution":"Ora (Warner Varnado) · Oregon DOT"}},{"type":"Feature","geometry":{"type":"Point","coordinates":[-122.79668,45.40467]},"properties":{"id":"ora-or-192","name":"OR99W at Durham Rd","state":"OR","provider":"Oregon DOT","hls":null,"snapshot":"https://tripcheck.com/RoadCams/cams/OR99W at Durham Rd_pid2107.JPG","refreshMs":30000,"attribution":"Ora (Warner Varnado) · Oregon DOT"}},{"type":"Feature","geometry":{"type":"Point","coordinates":[-122.78765,45.41855]},"properties":{"id":"ora-or-193","name":"OR99W at McDonald","state":"OR","provider":"Oregon DOT","hls":null,"snapshot":"https://tripcheck.com/RoadCams/cams/OR99W at McDonald_pid2110.JPG","refreshMs":30000,"attribution":"Ora (Warner Varnado) · Oregon DOT"}},{"type":"Feature","geometry":{"type":"Point","coordinates":[-121.69624,43.46236]},"properties":{"id":"ora-or-194","name":"US97 at Crescent","state":"OR","provider":"Oregon DOT","hls":null,"snapshot":"https://tripcheck.com/RoadCams/cams/US97 at Crescent North_pid2119.JPG","refreshMs":30000,"attribution":"Ora (Warner Varnado) · Oregon DOT"}},{"type":"Feature","geometry":{"type":"Point","coordinates":[-123.33727,43.3892]},"properties":{"id":"ora-or-195","name":"I-5 at Sutherlin","state":"OR","provider":"Oregon DOT","hls":null,"snapshot":"https://tripcheck.com/RoadCams/cams/I-5 at Sutherlin NB_pid2257.JPG","refreshMs":30000,"attribution":"Ora (Warner Varnado) · Oregon DOT"}},{"type":"Feature","geometry":{"type":"Point","coordinates":[-123.33727,43.3892]},"properties":{"id":"ora-or-196","name":"I-5 at Sutherlin","state":"OR","provider":"Oregon DOT","hls":null,"snapshot":"https://tripcheck.com/RoadCams/cams/I-5 at Sutherlin SB_pid2261.JPG","refreshMs":30000,"attribution":"Ora (Warner Varnado) · Oregon DOT"}},{"type":"Feature","geometry":{"type":"Point","coordinates":[-123.21911,43.70762]},"properties":{"id":"ora-or-197","name":"I-5 at Exit 162","state":"OR","provider":"Oregon DOT","hls":null,"snapshot":"https://tripcheck.com/RoadCams/cams/I-5 at Exit 162 NB_pid2265.JPG","refreshMs":30000,"attribution":"Ora (Warner Varnado) · Oregon DOT"}},{"type":"Feature","geometry":{"type":"Point","coordinates":[-123.21911,43.70762]},"properties":{"id":"ora-or-198","name":"I-5 at Exit 162","state":"OR","provider":"Oregon DOT","hls":null,"snapshot":"https://tripcheck.com/RoadCams/cams/I-5 at Exit 162 SB_pid2270.JPG","refreshMs":30000,"attribution":"Ora (Warner Varnado) · Oregon DOT"}},{"type":"Feature","geometry":{"type":"Point","coordinates":[-122.16974,44.7326]},"properties":{"id":"ora-or-199","name":"OR22 at Detroit Ranger Station","state":"OR","provider":"Oregon DOT","hls":null,"snapshot":"https://tripcheck.com/RoadCams/cams/OR22 at Detroit Ranger Station_pid2277.JPG","refreshMs":30000,"attribution":"Ora (Warner Varnado) · Oregon DOT"}},{"type":"Feature","geometry":{"type":"Point","coordinates":[-122.65274,44.41004]},"properties":{"id":"ora-or-200","name":"US20 at Sweet Home","state":"OR","provider":"Oregon DOT","hls":null,"snapshot":"https://tripcheck.com/RoadCams/cams/US20 at Sweet Home_pid2282.JPG","refreshMs":30000,"attribution":"Ora (Warner Varnado) · Oregon DOT"}},{"type":"Feature","geometry":{"type":"Point","coordinates":[-121.04595,42.40274]},"properties":{"id":"ora-or-201","name":"OR140 at Bly","state":"OR","provider":"Oregon DOT","hls":null,"snapshot":"https://tripcheck.com/RoadCams/cams/ORE140 at Bly_pid2285.JPG","refreshMs":30000,"attribution":"Ora (Warner Varnado) · Oregon DOT"}},{"type":"Feature","geometry":{"type":"Point","coordinates":[-122.132,43.12657]},"properties":{"id":"ora-or-202","name":"OR138 at OR230 Diamond Lake","state":"OR","provider":"Oregon DOT","hls":null,"snapshot":"https://tripcheck.com/RoadCams/cams/ORE230 at ORE138 Diamond Lake_pid2289.JPG","refreshMs":30000,"attribution":"Ora (Warner Varnado) · Oregon DOT"}},{"type":"Feature","geometry":{"type":"Point","coordinates":[-122.132,43.12657]},"properties":{"id":"ora-or-203","name":"OR138 at OR230 Diamond Lake","state":"OR","provider":"Oregon DOT","hls":null,"snapshot":"https://tripcheck.com/RoadCams/cams/ORE230 at ORE138 Diamond Lake_pid2293.JPG","refreshMs":30000,"attribution":"Ora (Warner Varnado) · Oregon DOT"}},{"type":"Feature","geometry":{"type":"Point","coordinates":[-123.92577,46.12138]},"properties":{"id":"ora-or-204","name":"US101 at Camp Rilea","state":"OR","provider":"Oregon DOT","hls":null,"snapshot":"https://tripcheck.com/RoadCams/cams/US101 at Camp Rilea_pid2301.JPG","refreshMs":30000,"attribution":"Ora (Warner Varnado) · Oregon DOT"}},{"type":"Feature","geometry":{"type":"Point","coordinates":[-123.46215,45.79717]},"properties":{"id":"ora-or-205","name":"US26 at Sunset Rest Area","state":"OR","provider":"Oregon DOT","hls":null,"snapshot":"https://tripcheck.com/RoadCams/cams/US26 at Sunset Rest Area_pid2310.JPG","refreshMs":30000,"attribution":"Ora (Warner Varnado) · Oregon DOT"}},{"type":"Feature","geometry":{"type":"Point","coordinates":[-122.96946,46.09594]},"properties":{"id":"ora-or-206","name":"US30 at Lewis and Clark Bridge","state":"OR","provider":"Oregon DOT","hls":null,"snapshot":"https://tripcheck.com/RoadCams/cams/US30 at Lewis and Clark Bridge_pid2316.JPG","refreshMs":30000,"attribution":"Ora (Warner Varnado) · Oregon DOT"}},{"type":"Feature","geometry":{"type":"Point","coordinates":[-119.20434,45.76377]},"properties":{"id":"ora-or-207","name":"US395 at Stanfield Interchange","state":"OR","provider":"Oregon DOT","hls":null,"snapshot":"https://tripcheck.com/RoadCams/cams/US395 at Stanfield Interchange_pid2317.JPG","refreshMs":30000,"attribution":"Ora (Warner Varnado) · Oregon DOT"}},{"type":"Feature","geometry":{"type":"Point","coordinates":[-119.3859,45.8008]},"properties":{"id":"ora-or-208","name":"I-82 at I-84 - Westland Rd.","state":"OR","provider":"Oregon DOT","hls":null,"snapshot":"https://tripcheck.com/RoadCams/cams/I-82 at I-84_pid2321.JPG","refreshMs":30000,"attribution":"Ora (Warner Varnado) · Oregon DOT"}},{"type":"Feature","geometry":{"type":"Point","coordinates":[-117.95979,45.11459]},"properties":{"id":"ora-or-209","name":"I-84 at Clover Creek","state":"OR","provider":"Oregon DOT","hls":null,"snapshot":"https://tripcheck.com/RoadCams/cams/I-84 at Clover Creek EB_pid2325.JPG","refreshMs":30000,"attribution":"Ora (Warner Varnado) · Oregon DOT"}},{"type":"Feature","geometry":{"type":"Point","coordinates":[-122.22311,45.37609]},"properties":{"id":"ora-or-210","name":"US26 at Firwood Rd","state":"OR","provider":"Oregon DOT","hls":null,"snapshot":"https://tripcheck.com/RoadCams/cams/US26 at Firwood Rd_pid2331.JPG","refreshMs":30000,"attribution":"Ora (Warner Varnado) · Oregon DOT"}},{"type":"Feature","geometry":{"type":"Point","coordinates":[-122.14291,45.36687]},"properties":{"id":"ora-or-211","name":"US26 at Cherryville Dr","state":"OR","provider":"Oregon DOT","hls":null,"snapshot":"https://tripcheck.com/RoadCams/cams/US26 at Cherryville Dr_pid2332.JPG","refreshMs":30000,"attribution":"Ora (Warner Varnado) · Oregon DOT"}},{"type":"Feature","geometry":{"type":"Point","coordinates":[-124.41323,42.42905]},"properties":{"id":"ora-or-212","name":"US101 at Gold Beach","state":"OR","provider":"Oregon DOT","hls":null,"snapshot":"https://tripcheck.com/RoadCams/cams/US101 at Gold Beach_pid2336.JPG","refreshMs":30000,"attribution":"Ora (Warner Varnado) · Oregon DOT"}},{"type":"Feature","geometry":{"type":"Point","coordinates":[-123.36976,42.53673]},"properties":{"id":"ora-or-213","name":"I-5 at Hugo","state":"OR","provider":"Oregon DOT","hls":null,"snapshot":"https://tripcheck.com/RoadCams/cams/I-5 at Hugo NB_pid2340.JPG","refreshMs":30000,"attribution":"Ora (Warner Varnado) · Oregon DOT"}},{"type":"Feature","geometry":{"type":"Point","coordinates":[-123.36976,42.53673]},"properties":{"id":"ora-or-214","name":"I-5 at Hugo","state":"OR","provider":"Oregon DOT","hls":null,"snapshot":"https://tripcheck.com/RoadCams/cams/I-5 at Hugo SB_pid2344.JPG","refreshMs":30000,"attribution":"Ora (Warner Varnado) · Oregon DOT"}},{"type":"Feature","geometry":{"type":"Point","coordinates":[-124.10767,43.70112]},"properties":{"id":"ora-or-215","name":"US101 at Reedsport","state":"OR","provider":"Oregon DOT","hls":null,"snapshot":"https://tripcheck.com/RoadCams/cams/US101 at Reedsport_pid2349.JPG","refreshMs":30000,"attribution":"Ora (Warner Varnado) · Oregon DOT"}},{"type":"Feature","geometry":{"type":"Point","coordinates":[-124.19721,43.17426]},"properties":{"id":"ora-or-216","name":"OR42 at Coquille","state":"OR","provider":"Oregon DOT","hls":null,"snapshot":"https://tripcheck.com/RoadCams/cams/ORE42 at Coquille_pid2353.JPG","refreshMs":30000,"attribution":"Ora (Warner Varnado) · Oregon DOT"}},{"type":"Feature","geometry":{"type":"Point","coordinates":[-121.08852,44.33085]},"properties":{"id":"ora-or-217","name":"OR370 at Lone Pine Rd","state":"OR","provider":"Oregon DOT","hls":null,"snapshot":"https://tripcheck.com/RoadCams/cams/ORE370 at Lone Pine Rd_pid2369.JPG","refreshMs":30000,"attribution":"Ora (Warner Varnado) · Oregon DOT"}},{"type":"Feature","geometry":{"type":"Point","coordinates":[-121.08852,44.33085]},"properties":{"id":"ora-or-218","name":"OR370 at Lone Pine Rd","state":"OR","provider":"Oregon DOT","hls":null,"snapshot":"https://tripcheck.com/RoadCams/cams/ORE370 at Lone Pine Rd._pid2373.JPG","refreshMs":30000,"attribution":"Ora (Warner Varnado) · Oregon DOT"}},{"type":"Feature","geometry":{"type":"Point","coordinates":[-117.9191,45.01481]},"properties":{"id":"ora-or-219","name":"I-84 at North Powder","state":"OR","provider":"Oregon DOT","hls":null,"snapshot":"https://tripcheck.com/RoadCams/cams/North Powder_pid2379.JPG","refreshMs":30000,"attribution":"Ora (Warner Varnado) · Oregon DOT"}},{"type":"Feature","geometry":{"type":"Point","coordinates":[-120.29421,42.23809]},"properties":{"id":"ora-or-220","name":"OR140 at Warner Mtn Summit","state":"OR","provider":"Oregon DOT","hls":null,"snapshot":"https://tripcheck.com/RoadCams/cams/ORE140 at Warner Mtn Summit_pid2380.JPG","refreshMs":30000,"attribution":"Ora (Warner Varnado) · Oregon DOT"}},{"type":"Feature","geometry":{"type":"Point","coordinates":[-124.22081,43.43415]},"properties":{"id":"ora-or-221","name":"US101 at McCullough Bridge","state":"OR","provider":"Oregon DOT","hls":null,"snapshot":"https://tripcheck.com/RoadCams/cams/US101 at Mc Cullough Bridge_pid2384.JPG","refreshMs":30000,"attribution":"Ora (Warner Varnado) · Oregon DOT"}},{"type":"Feature","geometry":{"type":"Point","coordinates":[-123.14477,43.75225]},"properties":{"id":"ora-or-222","name":"I-5 at Cottage Grove - 2 miles south","state":"OR","provider":"Oregon DOT","hls":null,"snapshot":"https://tripcheck.com/RoadCams/cams/I-5 at Cottage Grove 2mi South_pid2388.JPG","refreshMs":30000,"attribution":"Ora (Warner Varnado) · Oregon DOT"}},{"type":"Feature","geometry":{"type":"Point","coordinates":[-123.331,42.76678]},"properties":{"id":"ora-or-223","name":"I-5 at Barton Rd","state":"OR","provider":"Oregon DOT","hls":null,"snapshot":"https://tripcheck.com/RoadCams/cams/I-5 at Barton Rd_pid2392.JPG","refreshMs":30000,"attribution":"Ora (Warner Varnado) · Oregon DOT"}},{"type":"Feature","geometry":{"type":"Point","coordinates":[-123.64956,43.0652]},"properties":{"id":"ora-or-224","name":"OR42 at Camas Mountain","state":"OR","provider":"Oregon DOT","hls":null,"snapshot":"https://tripcheck.com/RoadCams/cams/ORE42 at Camas Mountain_pid2396.JPG","refreshMs":30000,"attribution":"Ora (Warner Varnado) · Oregon DOT"}},{"type":"Feature","geometry":{"type":"Point","coordinates":[-123.64956,43.0652]},"properties":{"id":"ora-or-225","name":"OR42 at Camas Mountain","state":"OR","provider":"Oregon DOT","hls":null,"snapshot":"https://tripcheck.com/RoadCams/cams/ORE42 at Camas Mountain_pid2400.JPG","refreshMs":30000,"attribution":"Ora (Warner Varnado) · Oregon DOT"}},{"type":"Feature","geometry":{"type":"Point","coordinates":[-123.36157,43.22709]},"properties":{"id":"ora-or-226","name":"I-5 at Roseburg - Garden Valley","state":"OR","provider":"Oregon DOT","hls":null,"snapshot":"https://tripcheck.com/RoadCams/cams/I-5 at Roseburg - Garden Valley Exit S_pid2408.JPG","refreshMs":30000,"attribution":"Ora (Warner Varnado) · Oregon DOT"}},{"type":"Feature","geometry":{"type":"Point","coordinates":[-120.34726,42.17242]},"properties":{"id":"ora-or-227","name":"US395 at Lakeview","state":"OR","provider":"Oregon DOT","hls":null,"snapshot":"https://tripcheck.com/RoadCams/cams/Lakeview_pid2412.JPG","refreshMs":30000,"attribution":"Ora (Warner Varnado) · Oregon DOT"}},{"type":"Feature","geometry":{"type":"Point","coordinates":[-120.54261,42.69282]},"properties":{"id":"ora-or-228","name":"OR31 at Paisley","state":"OR","provider":"Oregon DOT","hls":null,"snapshot":"https://tripcheck.com/RoadCams/cams/Paisley_pid2415.JPG","refreshMs":30000,"attribution":"Ora (Warner Varnado) · Oregon DOT"}},{"type":"Feature","geometry":{"type":"Point","coordinates":[-120.98703,43.90011]},"properties":{"id":"ora-or-229","name":"US20 at Horse Ridge","state":"OR","provider":"Oregon DOT","hls":null,"snapshot":"https://tripcheck.com/RoadCams/cams/US20 at Horse Ridge_pid2418.JPG","refreshMs":30000,"attribution":"Ora (Warner Varnado) · Oregon DOT"}},{"type":"Feature","geometry":{"type":"Point","coordinates":[-123.01814,44.93939]},"properties":{"id":"ora-or-230","name":"Salem - Center and 17th","state":"OR","provider":"Oregon DOT","hls":null,"snapshot":"https://tripcheck.com/RoadCams/cams/Center and 17th_pid2422.JPG","refreshMs":30000,"attribution":"Ora (Warner Varnado) · Oregon DOT"}},{"type":"Feature","geometry":{"type":"Point","coordinates":[-123.0272,44.93704]},"properties":{"id":"ora-or-231","name":"Salem - 12th and State","state":"OR","provider":"Oregon DOT","hls":null,"snapshot":"https://tripcheck.com/RoadCams/cams/12th and State_pid2426.JPG","refreshMs":30000,"attribution":"Ora (Warner Varnado) · Oregon DOT"}},{"type":"Feature","geometry":{"type":"Point","coordinates":[-123.01015,44.93256]},"properties":{"id":"ora-or-232","name":"Salem - 25th and State","state":"OR","provider":"Oregon DOT","hls":null,"snapshot":"https://tripcheck.com/RoadCams/cams/25th and State_pid2430.JPG","refreshMs":30000,"attribution":"Ora (Warner Varnado) · Oregon DOT"}},{"type":"Feature","geometry":{"type":"Point","coordinates":[-123.03628,44.89432]},"properties":{"id":"ora-or-233","name":"Salem - Commercial and 12th","state":"OR","provider":"Oregon DOT","hls":null,"snapshot":"https://tripcheck.com/RoadCams/cams/Commercial and 12th_pid2434.JPG","refreshMs":30000,"attribution":"Ora (Warner Varnado) · Oregon DOT"}},{"type":"Feature","geometry":{"type":"Point","coordinates":[-123.03878,44.94374]},"properties":{"id":"ora-or-234","name":"Salem - Commercial and Center","state":"OR","provider":"Oregon DOT","hls":null,"snapshot":"https://tripcheck.com/RoadCams/cams/Commercial and Center_pid2438.JPG","refreshMs":30000,"attribution":"Ora (Warner Varnado) · Oregon DOT"}},{"type":"Feature","geometry":{"type":"Point","coordinates":[-123.04521,44.91354]},"properties":{"id":"ora-or-235","name":"Salem - Commercial and Fairview","state":"OR","provider":"Oregon DOT","hls":null,"snapshot":"https://tripcheck.com/RoadCams/cams/Commercial and Fairview_pid2442.JPG","refreshMs":30000,"attribution":"Ora (Warner Varnado) · Oregon DOT"}},{"type":"Feature","geometry":{"type":"Point","coordinates":[-123.0303,44.88212]},"properties":{"id":"ora-or-236","name":"Salem - Commercial and Kuebler","state":"OR","provider":"Oregon DOT","hls":null,"snapshot":"https://tripcheck.com/RoadCams/cams/Commercial and Kuebler_pid2446.JPG","refreshMs":30000,"attribution":"Ora (Warner Varnado) · Oregon DOT"}},{"type":"Feature","geometry":{"type":"Point","coordinates":[-123.03506,44.952]},"properties":{"id":"ora-or-237","name":"Salem - Commercial and Market","state":"OR","provider":"Oregon DOT","hls":null,"snapshot":"https://tripcheck.com/RoadCams/cams/Commercial and Market_pid2450.JPG","refreshMs":30000,"attribution":"Ora (Warner Varnado) · Oregon DOT"}},{"type":"Feature","geometry":{"type":"Point","coordinates":[-123.04394,44.93326]},"properties":{"id":"ora-or-238","name":"Salem - Commercial and Mission","state":"OR","provider":"Oregon DOT","hls":null,"snapshot":"https://tripcheck.com/RoadCams/cams/Commercial and Mission_pid2454.JPG","refreshMs":30000,"attribution":"Ora (Warner Varnado) · Oregon DOT"}},{"type":"Feature","geometry":{"type":"Point","coordinates":[-123.04151,44.93848]},"properties":{"id":"ora-or-239","name":"Salem - Commercial and Trade","state":"OR","provider":"Oregon DOT","hls":null,"snapshot":"https://tripcheck.com/RoadCams/cams/Commercial and Trade_pid2458.JPG","refreshMs":30000,"attribution":"Ora (Warner Varnado) · Oregon DOT"}},{"type":"Feature","geometry":{"type":"Point","coordinates":[-123.04891,44.94479]},"properties":{"id":"ora-or-240","name":"Salem - Edgewater and Wallace","state":"OR","provider":"Oregon DOT","hls":null,"snapshot":"https://tripcheck.com/RoadCams/cams/Edgewater and Wallace_pid2462.JPG","refreshMs":30000,"attribution":"Ora (Warner Varnado) · Oregon DOT"}},{"type":"Feature","geometry":{"type":"Point","coordinates":[-123.01563,44.96006]},"properties":{"id":"ora-or-241","name":"Salem - Fairgrounds and Silverton","state":"OR","provider":"Oregon DOT","hls":null,"snapshot":"https://tripcheck.com/RoadCams/cams/Fairgrounds and Silverton_pid2466.JPG","refreshMs":30000,"attribution":"Ora (Warner Varnado) · Oregon DOT"}},{"type":"Feature","geometry":{"type":"Point","coordinates":[-123.06128,44.88294]},"properties":{"id":"ora-or-242","name":"Salem - Kuebler and Liberty","state":"OR","provider":"Oregon DOT","hls":null,"snapshot":"https://tripcheck.com/RoadCams/cams/Kuebler and Liberty_pid2470.JPG","refreshMs":30000,"attribution":"Ora (Warner Varnado) · Oregon DOT"}},{"type":"Feature","geometry":{"type":"Point","coordinates":[-122.99962,44.88536]},"properties":{"id":"ora-or-243","name":"Salem - Kuebler at I-5","state":"OR","provider":"Oregon DOT","hls":null,"snapshot":"https://tripcheck.com/RoadCams/cams/Kuebler at I5_pid2474.JPG","refreshMs":30000,"attribution":"Ora (Warner Varnado) · Oregon DOT"}},{"type":"Feature","geometry":{"type":"Point","coordinates":[-122.98297,44.93971]},"properties":{"id":"ora-or-244","name":"Salem - Lancaster and Center","state":"OR","provider":"Oregon DOT","hls":null,"snapshot":"https://tripcheck.com/RoadCams/cams/Lancaster and Center_pid2478.JPG","refreshMs":30000,"attribution":"Ora (Warner Varnado) · Oregon DOT"}},{"type":"Feature","geometry":{"type":"Point","coordinates":[-122.98372,44.95017]},"properties":{"id":"ora-or-245","name":"Salem - Lancaster and Market","state":"OR","provider":"Oregon DOT","hls":null,"snapshot":"https://tripcheck.com/RoadCams/cams/Lancaster and Market_pid2482.JPG","refreshMs":30000,"attribution":"Ora (Warner Varnado) · Oregon DOT"}},{"type":"Feature","geometry":{"type":"Point","coordinates":[-122.98021,44.91513]},"properties":{"id":"ora-or-246","name":"Salem - Lancaster and Rickey","state":"OR","provider":"Oregon DOT","hls":null,"snapshot":"https://tripcheck.com/RoadCams/cams/Lancaster and Rickey_pid2486.JPG","refreshMs":30000,"attribution":"Ora (Warner Varnado) · Oregon DOT"}},{"type":"Feature","geometry":{"type":"Point","coordinates":[-123.03662,44.94441]},"properties":{"id":"ora-or-247","name":"Salem - Liberty and Marion","state":"OR","provider":"Oregon DOT","hls":null,"snapshot":"https://tripcheck.com/RoadCams/cams/Liberty and Marion_pid2490.JPG","refreshMs":30000,"attribution":"Ora (Warner Varnado) · Oregon DOT"}},{"type":"Feature","geometry":{"type":"Point","coordinates":[-123.01341,44.94877]},"properties":{"id":"ora-or-248","name":"Salem - Market and 17th","state":"OR","provider":"Oregon DOT","hls":null,"snapshot":"https://tripcheck.com/RoadCams/cams/Market and 17th_pid2494.JPG","refreshMs":30000,"attribution":"Ora (Warner Varnado) · Oregon DOT"}},{"type":"Feature","geometry":{"type":"Point","coordinates":[-123.0315,44.9511]},"properties":{"id":"ora-or-249","name":"Salem - Market and Broadway","state":"OR","provider":"Oregon DOT","hls":null,"snapshot":"https://tripcheck.com/RoadCams/cams/Market and Broadway_pid2498.JPG","refreshMs":30000,"attribution":"Ora (Warner Varnado) · Oregon DOT"}},{"type":"Feature","geometry":{"type":"Point","coordinates":[-123.84756,42.96334]},"properties":{"id":"ora-or-250","name":"OR42 at Coos County Line","state":"OR","provider":"Oregon DOT","hls":null,"snapshot":"https://tripcheck.com/RoadCams/cams/ORE42 at Coos County Line_pid2502.JPG","refreshMs":30000,"attribution":"Ora (Warner Varnado) · Oregon DOT"}},{"type":"Feature","geometry":{"type":"Point","coordinates":[-124.49011,42.74319]},"properties":{"id":"ora-or-251","name":"US101 at Port Orford","state":"OR","provider":"Oregon DOT","hls":null,"snapshot":"https://tripcheck.com/RoadCams/cams/US101 at Port Orford_pid2507.JPG","refreshMs":30000,"attribution":"Ora (Warner Varnado) · Oregon DOT"}},{"type":"Feature","geometry":{"type":"Point","coordinates":[-124.49011,42.74319]},"properties":{"id":"ora-or-252","name":"US101 at Port Orford Storm","state":"OR","provider":"Oregon DOT","hls":null,"snapshot":"https://tripcheck.com/RoadCams/cams/US101 at Port Orford Storm_pid2511.JPG","refreshMs":30000,"attribution":"Ora (Warner Varnado) · Oregon DOT"}},{"type":"Feature","geometry":{"type":"Point","coordinates":[-122.64759,42.15781]},"properties":{"id":"ora-or-253","name":"I-5 at Crowson Rd - Siskiyou Chain Up Area","state":"OR","provider":"Oregon DOT","hls":null,"snapshot":"https://tripcheck.com/RoadCams/cams/Siskiyou Chain Up Area N_pid2515.JPG","refreshMs":30000,"attribution":"Ora (Warner Varnado) · Oregon DOT"}},{"type":"Feature","geometry":{"type":"Point","coordinates":[-123.59136,42.32996]},"properties":{"id":"ora-or-254","name":"US199 at Hayes Hill","state":"OR","provider":"Oregon DOT","hls":null,"snapshot":"https://tripcheck.com/RoadCams/cams/HayesHillSummit_pid2523.JPG","refreshMs":30000,"attribution":"Ora (Warner Varnado) · Oregon DOT"}},{"type":"Feature","geometry":{"type":"Point","coordinates":[-123.38441,42.59884]},"properties":{"id":"ora-or-255","name":"I-5 at Sexton Summit","state":"OR","provider":"Oregon DOT","hls":null,"snapshot":"https://tripcheck.com/RoadCams/cams/SextonSummitN_pid2527.JPG","refreshMs":30000,"attribution":"Ora (Warner Varnado) · Oregon DOT"}},{"type":"Feature","geometry":{"type":"Point","coordinates":[-123.38441,42.59884]},"properties":{"id":"ora-or-256","name":"I-5 at Sexton Summit","state":"OR","provider":"Oregon DOT","hls":null,"snapshot":"https://tripcheck.com/RoadCams/cams/SextonSummitS_pid2531.JPG","refreshMs":30000,"attribution":"Ora (Warner Varnado) · Oregon DOT"}},{"type":"Feature","geometry":{"type":"Point","coordinates":[-122.85513,42.316]},"properties":{"id":"ora-or-257","name":"I-5 at Medford - Barnett Rd.","state":"OR","provider":"Oregon DOT","hls":null,"snapshot":"https://tripcheck.com/RoadCams/cams/I-5 Medford Barnett Rd_pid2535.JPG","refreshMs":30000,"attribution":"Ora (Warner Varnado) · Oregon DOT"}},{"type":"Feature","geometry":{"type":"Point","coordinates":[-123.10897,44.09619]},"properties":{"id":"ora-or-258","name":"OR569 Beltline at River Ave.","state":"OR","provider":"Oregon DOT","hls":null,"snapshot":"https://tripcheck.com/RoadCams/cams/Eugene River Ave._pid2539.JPG","refreshMs":30000,"attribution":"Ora (Warner Varnado) · Oregon DOT"}},{"type":"Feature","geometry":{"type":"Point","coordinates":[-122.86574,42.32328]},"properties":{"id":"ora-or-259","name":"I-5 at Medford - 12th St.","state":"OR","provider":"Oregon DOT","hls":null,"snapshot":"https://tripcheck.com/RoadCams/cams/I-5 Medford Barnett Rd N_pid2543.JPG","refreshMs":30000,"attribution":"Ora (Warner Varnado) · Oregon DOT"}},{"type":"Feature","geometry":{"type":"Point","coordinates":[-120.04165,44.55214]},"properties":{"id":"ora-or-260","name":"US26 at Keyes Summit","state":"OR","provider":"Oregon DOT","hls":null,"snapshot":"https://tripcheck.com/RoadCams/cams/US26 at Keyes Summit_pid2550.JPG","refreshMs":30000,"attribution":"Ora (Warner Varnado) · Oregon DOT"}},{"type":"Feature","geometry":{"type":"Point","coordinates":[-122.50944,42.25023]},"properties":{"id":"ora-or-261","name":"Jackson County - Dead Indian Memorial Rd. Summit","state":"OR","provider":"Oregon DOT","hls":null,"snapshot":"https://tripcheck.com/RoadCams/cams/Dead Indian Memorial Rd E_pid2554.JPG","refreshMs":30000,"attribution":"Ora (Warner Varnado) · Oregon DOT"}},{"type":"Feature","geometry":{"type":"Point","coordinates":[-122.50944,42.25023]},"properties":{"id":"ora-or-262","name":"Jackson County - Dead Indian Memorial Rd. Summit","state":"OR","provider":"Oregon DOT","hls":null,"snapshot":"https://tripcheck.com/RoadCams/cams/Dead Indian Memorial Rd W_pid2558.JPG","refreshMs":30000,"attribution":"Ora (Warner Varnado) · Oregon DOT"}},{"type":"Feature","geometry":{"type":"Point","coordinates":[-121.19416,44.47596]},"properties":{"id":"ora-or-263","name":"US97 at Juniper Butte","state":"OR","provider":"Oregon DOT","hls":null,"snapshot":"https://tripcheck.com/RoadCams/cams/Juniper Butte_pid2562.JPG","refreshMs":30000,"attribution":"Ora (Warner Varnado) · Oregon DOT"}},{"type":"Feature","geometry":{"type":"Point","coordinates":[-120.23817,43.67444]},"properties":{"id":"ora-or-264","name":"US20 at Hampton","state":"OR","provider":"Oregon DOT","hls":null,"snapshot":"https://tripcheck.com/RoadCams/cams/US20 at Hampton_pid2565.JPG","refreshMs":30000,"attribution":"Ora (Warner Varnado) · Oregon DOT"}},{"type":"Feature","geometry":{"type":"Point","coordinates":[-119.5036,43.54125]},"properties":{"id":"ora-or-265","name":"US20 at US395 - Riley","state":"OR","provider":"Oregon DOT","hls":null,"snapshot":"https://tripcheck.com/RoadCams/cams/US20 at US395 Riley_pid2569.JPG","refreshMs":30000,"attribution":"Ora (Warner Varnado) · Oregon DOT"}},{"type":"Feature","geometry":{"type":"Point","coordinates":[-124.19717,43.17426]},"properties":{"id":"ora-or-266","name":"OR42 at Coquille","state":"OR","provider":"Oregon DOT","hls":null,"snapshot":"https://tripcheck.com/RoadCams/cams/ORE42 at Coquille S_pid2576.JPG","refreshMs":30000,"attribution":"Ora (Warner Varnado) · Oregon DOT"}},{"type":"Feature","geometry":{"type":"Point","coordinates":[-119.99357,42.96836]},"properties":{"id":"ora-or-267","name":"US395 at Alkali Lake","state":"OR","provider":"Oregon DOT","hls":null,"snapshot":"https://tripcheck.com/RoadCams/cams/US395 at Alkali Lake_pid2580.JPG","refreshMs":30000,"attribution":"Ora (Warner Varnado) · Oregon DOT"}},{"type":"Feature","geometry":{"type":"Point","coordinates":[-119.89586,42.17732]},"properties":{"id":"ora-or-268","name":"OR140 at Adel","state":"OR","provider":"Oregon DOT","hls":null,"snapshot":"https://tripcheck.com/RoadCams/cams/ORE140 at Adel_pid2584.JPG","refreshMs":30000,"attribution":"Ora (Warner Varnado) · Oregon DOT"}},{"type":"Feature","geometry":{"type":"Point","coordinates":[-120.38832,44.50025]},"properties":{"id":"ora-or-269","name":"US26 at Ochoco Summit","state":"OR","provider":"Oregon DOT","hls":null,"snapshot":"https://tripcheck.com/RoadCams/cams/US26 at Ochoco Summit_pid2588.JPG","refreshMs":30000,"attribution":"Ora (Warner Varnado) · Oregon DOT"}},{"type":"Feature","geometry":{"type":"Point","coordinates":[-121.83395,42.82256]},"properties":{"id":"ora-or-270","name":"US97 at Sand Creek","state":"OR","provider":"Oregon DOT","hls":null,"snapshot":"https://tripcheck.com/RoadCams/cams/US97 at Sand Creek_pid2592.JPG","refreshMs":30000,"attribution":"Ora (Warner Varnado) · Oregon DOT"}},{"type":"Feature","geometry":{"type":"Point","coordinates":[-123.43891,46.1708]},"properties":{"id":"ora-or-271","name":"US30 at Bradley Wayside","state":"OR","provider":"Oregon DOT","hls":null,"snapshot":"https://tripcheck.com/RoadCams/cams/US30 at Bradley Wayside_pid2596.JPG","refreshMs":30000,"attribution":"Ora (Warner Varnado) · Oregon DOT"}},{"type":"Feature","geometry":{"type":"Point","coordinates":[-119.62318,45.83362]},"properties":{"id":"ora-or-272","name":"I-84 Boardman at Bombing Range Rd WB","state":"OR","provider":"Oregon DOT","hls":null,"snapshot":"https://tripcheck.com/RoadCams/cams/I84 Bombing Range Rd_pid2600.JPG","refreshMs":30000,"attribution":"Ora (Warner Varnado) · Oregon DOT"}},{"type":"Feature","geometry":{"type":"Point","coordinates":[-123.43577,43.45884]},"properties":{"id":"ora-or-273","name":"OR138 at Marvin Hill","state":"OR","provider":"Oregon DOT","hls":null,"snapshot":"https://tripcheck.com/RoadCams/cams/Marvin Hill EB_pid2604.JPG","refreshMs":30000,"attribution":"Ora (Warner Varnado) · Oregon DOT"}},{"type":"Feature","geometry":{"type":"Point","coordinates":[-123.4357,43.45894]},"properties":{"id":"ora-or-274","name":"OR138 at Marvin Hill","state":"OR","provider":"Oregon DOT","hls":null,"snapshot":"https://tripcheck.com/RoadCams/cams/Marvin Hill WB_pid2609.JPG","refreshMs":30000,"attribution":"Ora (Warner Varnado) · Oregon DOT"}},{"type":"Feature","geometry":{"type":"Point","coordinates":[-122.9835,44.96592]},"properties":{"id":"ora-or-275","name":"Salem - Lancaster and Devonshire","state":"OR","provider":"Oregon DOT","hls":null,"snapshot":"https://tripcheck.com/RoadCams/cams/Lancaster and Devonshire_pid2615.JPG","refreshMs":30000,"attribution":"Ora (Warner Varnado) · Oregon DOT"}},{"type":"Feature","geometry":{"type":"Point","coordinates":[-123.04791,44.03871]},"properties":{"id":"ora-or-276","name":"I-5 at Willamette River Bridge","state":"OR","provider":"Oregon DOT","hls":null,"snapshot":"https://tripcheck.com/RoadCams/cams/I-5 at Willamette River Bridge_pid2619.JPG","refreshMs":30000,"attribution":"Ora (Warner Varnado) · Oregon DOT"}},{"type":"Feature","geometry":{"type":"Point","coordinates":[-122.8268,42.29221]},"properties":{"id":"ora-or-277","name":"I-5 at Phoenix","state":"OR","provider":"Oregon DOT","hls":null,"snapshot":"https://tripcheck.com/RoadCams/cams/I-5 at Phoenix N_pid2623.JPG","refreshMs":30000,"attribution":"Ora (Warner Varnado) · Oregon DOT"}},{"type":"Feature","geometry":{"type":"Point","coordinates":[-122.82729,42.2925]},"properties":{"id":"ora-or-278","name":"I-5 at Phoenix","state":"OR","provider":"Oregon DOT","hls":null,"snapshot":"https://tripcheck.com/RoadCams/cams/I-5 at Phoenix S_pid2627.JPG","refreshMs":30000,"attribution":"Ora (Warner Varnado) · Oregon DOT"}},{"type":"Feature","geometry":{"type":"Point","coordinates":[-120.28225,42.48064]},"properties":{"id":"ora-or-279","name":"US395 at Valley Falls - ORE31","state":"OR","provider":"Oregon DOT","hls":null,"snapshot":"https://tripcheck.com/RoadCams/cams/US395 at Valley Falls_pid2635.JPG","refreshMs":30000,"attribution":"Ora (Warner Varnado) · Oregon DOT"}},{"type":"Feature","geometry":{"type":"Point","coordinates":[-120.81385,42.32098]},"properties":{"id":"ora-or-280","name":"OR140 at Quartz Mountain","state":"OR","provider":"Oregon DOT","hls":null,"snapshot":"https://tripcheck.com/RoadCams/cams/Quartz Mtn_pid2640.JPG","refreshMs":30000,"attribution":"Ora (Warner Varnado) · Oregon DOT"}},{"type":"Feature","geometry":{"type":"Point","coordinates":[-121.1903,44.39073]},"properties":{"id":"ora-or-281","name":"US97 at Ogden Wayside","state":"OR","provider":"Oregon DOT","hls":null,"snapshot":"https://tripcheck.com/RoadCams/cams/US97 at Ogden Wayside N_pid2643.JPG","refreshMs":30000,"attribution":"Ora (Warner Varnado) · Oregon DOT"}},{"type":"Feature","geometry":{"type":"Point","coordinates":[-121.19013,44.39091]},"properties":{"id":"ora-or-282","name":"US97 at Ogden Wayside","state":"OR","provider":"Oregon DOT","hls":null,"snapshot":"https://tripcheck.com/RoadCams/cams/US97 at Ogden Wayside S_pid2647.JPG","refreshMs":30000,"attribution":"Ora (Warner Varnado) · Oregon DOT"}},{"type":"Feature","geometry":{"type":"Point","coordinates":[-124.04531,43.98504]},"properties":{"id":"ora-or-283","name":"OR126 at Cushman","state":"OR","provider":"Oregon DOT","hls":null,"snapshot":"https://tripcheck.com/RoadCams/cams/ORE126 at Cushman_pid2651.JPG","refreshMs":30000,"attribution":"Ora (Warner Varnado) · Oregon DOT"}},{"type":"Feature","geometry":{"type":"Point","coordinates":[-122.99361,44.92794]},"properties":{"id":"ora-or-284","name":"Salem - Hawthorne and State","state":"OR","provider":"Oregon DOT","hls":null,"snapshot":"https://tripcheck.com/RoadCams/cams/Hawthorn and State_pid2655.JPG","refreshMs":30000,"attribution":"Ora (Warner Varnado) · Oregon DOT"}},{"type":"Feature","geometry":{"type":"Point","coordinates":[-123.14477,43.75225]},"properties":{"id":"ora-or-285","name":"I-5 at Cottage Grove - 2 miles south","state":"OR","provider":"Oregon DOT","hls":null,"snapshot":"https://tripcheck.com/RoadCams/cams/I-5 at Cottage Grove 2mi South_pid2680.JPG","refreshMs":30000,"attribution":"Ora (Warner Varnado) · Oregon DOT"}},{"type":"Feature","geometry":{"type":"Point","coordinates":[-122.57866,45.5048]},"properties":{"id":"ora-or-286","name":"82nd Ave at Division St","state":"OR","provider":"Oregon DOT","hls":null,"snapshot":"https://tripcheck.com/RoadCams/cams/ORE213 at Division St_pid2684.JPG","refreshMs":30000,"attribution":"Ora (Warner Varnado) · Oregon DOT"}},{"type":"Feature","geometry":{"type":"Point","coordinates":[-122.57902,45.47586]},"properties":{"id":"ora-or-287","name":"82nd Ave at Duke St","state":"OR","provider":"Oregon DOT","hls":null,"snapshot":"https://tripcheck.com/RoadCams/cams/ORE213 at Duke St_pid2688.JPG","refreshMs":30000,"attribution":"Ora (Warner Varnado) · Oregon DOT"}},{"type":"Feature","geometry":{"type":"Point","coordinates":[-122.57889,45.48278]},"properties":{"id":"ora-or-288","name":"82nd Ave at Foster Rd","state":"OR","provider":"Oregon DOT","hls":null,"snapshot":"https://tripcheck.com/RoadCams/cams/ORE213 at Foster Rd_pid2692.JPG","refreshMs":30000,"attribution":"Ora (Warner Varnado) · Oregon DOT"}},{"type":"Feature","geometry":{"type":"Point","coordinates":[-122.57903,45.52638]},"properties":{"id":"ora-or-289","name":"82nd Ave at Glisan St","state":"OR","provider":"Oregon DOT","hls":null,"snapshot":"https://tripcheck.com/RoadCams/cams/ORE213 at Glisan St_pid2696.JPG","refreshMs":30000,"attribution":"Ora (Warner Varnado) · Oregon DOT"}},{"type":"Feature","geometry":{"type":"Point","coordinates":[-122.57854,45.56264]},"properties":{"id":"ora-or-290","name":"82nd Ave at Killingsworth","state":"OR","provider":"Oregon DOT","hls":null,"snapshot":"https://tripcheck.com/RoadCams/cams/ORE213 at Killingsworth_pid2700.JPG","refreshMs":30000,"attribution":"Ora (Warner Varnado) · Oregon DOT"}},{"type":"Feature","geometry":{"type":"Point","coordinates":[-122.57875,45.49743]},"properties":{"id":"ora-or-291","name":"82nd Ave at Powell Blvd","state":"OR","provider":"Oregon DOT","hls":null,"snapshot":"https://tripcheck.com/RoadCams/cams/ORE213 at Powell Blvd E_pid2704.JPG","refreshMs":30000,"attribution":"Ora (Warner Varnado) · Oregon DOT"}},{"type":"Feature","geometry":{"type":"Point","coordinates":[-122.57875,45.49743]},"properties":{"id":"ora-or-292","name":"82nd Ave at Powell Blvd","state":"OR","provider":"Oregon DOT","hls":null,"snapshot":"https://tripcheck.com/RoadCams/cams/ORE213 at Powell Blvd N_pid2708.JPG","refreshMs":30000,"attribution":"Ora (Warner Varnado) · Oregon DOT"}},{"type":"Feature","geometry":{"type":"Point","coordinates":[-122.57867,45.55242]},"properties":{"id":"ora-or-293","name":"82nd Ave at Sandy Blvd","state":"OR","provider":"Oregon DOT","hls":null,"snapshot":"https://tripcheck.com/RoadCams/cams/ORE213 at Sandy Blvd_pid2712.JPG","refreshMs":30000,"attribution":"Ora (Warner Varnado) · Oregon DOT"}},{"type":"Feature","geometry":{"type":"Point","coordinates":[-122.57903,45.46444]},"properties":{"id":"ora-or-294","name":"82nd Ave at Springwater","state":"OR","provider":"Oregon DOT","hls":null,"snapshot":"https://tripcheck.com/RoadCams/cams/ORE213 at Springwater_pid2716.JPG","refreshMs":30000,"attribution":"Ora (Warner Varnado) · Oregon DOT"}},{"type":"Feature","geometry":{"type":"Point","coordinates":[-122.57899,45.51839]},"properties":{"id":"ora-or-295","name":"82nd Ave at Washington St","state":"OR","provider":"Oregon DOT","hls":null,"snapshot":"https://tripcheck.com/RoadCams/cams/ORE213 at Washington St_pid2720.JPG","refreshMs":30000,"attribution":"Ora (Warner Varnado) · Oregon DOT"}},{"type":"Feature","geometry":{"type":"Point","coordinates":[-122.57873,45.50131]},"properties":{"id":"ora-or-296","name":"82nd Ave at Woodward St","state":"OR","provider":"Oregon DOT","hls":null,"snapshot":"https://tripcheck.com/RoadCams/cams/ORE213 at Woodward St_pid2724.JPG","refreshMs":30000,"attribution":"Ora (Warner Varnado) · Oregon DOT"}},{"type":"Feature","geometry":{"type":"Point","coordinates":[-121.85731,44.422]},"properties":{"id":"ora-or-297","name":"US20 at Santiam Pass","state":"OR","provider":"Oregon DOT","hls":null,"snapshot":"https://tripcheck.com/RoadCams/cams/Santiam Pass_pid2728.JPG","refreshMs":30000,"attribution":"Ora (Warner Varnado) · Oregon DOT"}},{"type":"Feature","geometry":{"type":"Point","coordinates":[-122.12074,45.57908]},"properties":{"id":"ora-or-298","name":"I-84 at Multnomah Falls Parking","state":"OR","provider":"Oregon DOT","hls":null,"snapshot":"https://tripcheck.com/RoadCams/cams/I-84 at Multnomah Falls Parking_pid2732.JPG","refreshMs":30000,"attribution":"Ora (Warner Varnado) · Oregon DOT"}},{"type":"Feature","geometry":{"type":"Point","coordinates":[-123.30139,45.7596]},"properties":{"id":"ora-or-299","name":"US26 at Timber Jct","state":"OR","provider":"Oregon DOT","hls":null,"snapshot":"https://tripcheck.com/RoadCams/cams/US26 at Timber Jct_pid2736.JPG","refreshMs":30000,"attribution":"Ora (Warner Varnado) · Oregon DOT"}},{"type":"Feature","geometry":{"type":"Point","coordinates":[-121.86808,42.44446]},"properties":{"id":"ora-or-300","name":"US97 at Modoc Point","state":"OR","provider":"Oregon DOT","hls":null,"snapshot":"https://tripcheck.com/RoadCams/cams/US97 at Modoc Point_pid2740.JPG","refreshMs":30000,"attribution":"Ora (Warner Varnado) · Oregon DOT"}},{"type":"Feature","geometry":{"type":"Point","coordinates":[-121.98145,42.3516]},"properties":{"id":"ora-or-301","name":"OR140 at Doak Mountain","state":"OR","provider":"Oregon DOT","hls":null,"snapshot":"https://tripcheck.com/RoadCams/cams/ORE140 at Doak Mountain_pid2744.JPG","refreshMs":30000,"attribution":"Ora (Warner Varnado) · Oregon DOT"}},{"type":"Feature","geometry":{"type":"Point","coordinates":[-120.979,45.64343]},"properties":{"id":"ora-or-302","name":"I-84 at Celilo","state":"OR","provider":"Oregon DOT","hls":null,"snapshot":"https://tripcheck.com/RoadCams/cams/I-84 at Celilo_pid2748.JPG","refreshMs":30000,"attribution":"Ora (Warner Varnado) · Oregon DOT"}},{"type":"Feature","geometry":{"type":"Point","coordinates":[-124.05742,44.62311]},"properties":{"id":"ora-or-303","name":"US101 at Newport - Yaquina Bay Jetty","state":"OR","provider":"Oregon DOT","hls":null,"snapshot":"https://tripcheck.com/RoadCams/cams/Yaquina Bay Jetty_pid2766.JPG","refreshMs":30000,"attribution":"Ora (Warner Varnado) · Oregon DOT"}},{"type":"Feature","geometry":{"type":"Point","coordinates":[-124.05941,44.62452]},"properties":{"id":"ora-or-304","name":"US101 at Newport - Yaquina Bay Bridge N","state":"OR","provider":"Oregon DOT","hls":null,"snapshot":"https://tripcheck.com/RoadCams/cams/Yaquina Bay Bridge_pid2770.JPG","refreshMs":30000,"attribution":"Ora (Warner Varnado) · Oregon DOT"}},{"type":"Feature","geometry":{"type":"Point","coordinates":[-123.04874,44.08394]},"properties":{"id":"ora-or-305","name":"I-5 at OR569 Beltline","state":"OR","provider":"Oregon DOT","hls":null,"snapshot":"https://tripcheck.com/RoadCams/cams/I-5 SB at Beltline_pid2774.JPG","refreshMs":30000,"attribution":"Ora (Warner Varnado) · Oregon DOT"}},{"type":"Feature","geometry":{"type":"Point","coordinates":[-124.05944,44.62454]},"properties":{"id":"ora-or-306","name":"US101 at Newport - Yaquina Bay Bridge S","state":"OR","provider":"Oregon DOT","hls":null,"snapshot":"https://tripcheck.com/RoadCams/cams/Yaquina Bay Bridge N_pid2778.JPG","refreshMs":30000,"attribution":"Ora (Warner Varnado) · Oregon DOT"}},{"type":"Feature","geometry":{"type":"Point","coordinates":[-119.33521,42.00401]},"properties":{"id":"ora-or-307","name":"OR140 at Nevada State Line","state":"OR","provider":"Oregon DOT","hls":null,"snapshot":"https://tripcheck.com/RoadCams/cams/ORE140 at Nevada State Line E_pid2782.JPG","refreshMs":30000,"attribution":"Ora (Warner Varnado) · Oregon DOT"}},{"type":"Feature","geometry":{"type":"Point","coordinates":[-119.33521,42.00401]},"properties":{"id":"ora-or-308","name":"OR140 at Nevada State Line","state":"OR","provider":"Oregon DOT","hls":null,"snapshot":"https://tripcheck.com/RoadCams/cams/ORE140 at Nevada State Line W_pid2786.JPG","refreshMs":30000,"attribution":"Ora (Warner Varnado) · Oregon DOT"}},{"type":"Feature","geometry":{"type":"Point","coordinates":[-122.78562,45.45052]},"properties":{"id":"ora-or-309","name":"Washington County - Scholls Ferry at OR217","state":"OR","provider":"Oregon DOT","hls":null,"snapshot":"https://tripcheck.com/RoadCams/cams/Scholls Ferry Rd_pid2790.JPG","refreshMs":30000,"attribution":"Ora (Warner Varnado) · Oregon DOT"}},{"type":"Feature","geometry":{"type":"Point","coordinates":[-122.86729,45.53829]},"properties":{"id":"ora-or-310","name":"Washington County - 185th Ave at Evergreen Pkwy","state":"OR","provider":"Oregon DOT","hls":null,"snapshot":"https://tripcheck.com/RoadCams/cams/185th and Evergreen_pid2794.JPG","refreshMs":30000,"attribution":"Ora (Warner Varnado) · Oregon DOT"}},{"type":"Feature","geometry":{"type":"Point","coordinates":[-122.75629,45.38275]},"properties":{"id":"ora-or-311","name":"Washington County - Nyberg St at Fred Meyer Access","state":"OR","provider":"Oregon DOT","hls":null,"snapshot":"https://tripcheck.com/RoadCams/cams/Nyberg St at Fred Meyer Access_pid2798.JPG","refreshMs":30000,"attribution":"Ora (Warner Varnado) · Oregon DOT"}},{"type":"Feature","geometry":{"type":"Point","coordinates":[-123.30975,43.52648]},"properties":{"id":"ora-or-312","name":"I-5 at Rice Hill","state":"OR","provider":"Oregon DOT","hls":null,"snapshot":"https://tripcheck.com/RoadCams/cams/I-5 at Rice Hill SB_pid2808.JPG","refreshMs":30000,"attribution":"Ora (Warner Varnado) · Oregon DOT"}},{"type":"Feature","geometry":{"type":"Point","coordinates":[-123.26019,42.82689]},"properties":{"id":"ora-or-313","name":"I-5 at Canyon Mt","state":"OR","provider":"Oregon DOT","hls":null,"snapshot":"https://tripcheck.com/RoadCams/cams/I-5 at Canyon Mt NB_pid2816.JPG","refreshMs":30000,"attribution":"Ora (Warner Varnado) · Oregon DOT"}},{"type":"Feature","geometry":{"type":"Point","coordinates":[-123.30975,43.52648]},"properties":{"id":"ora-or-314","name":"I-5 at Rice Hill","state":"OR","provider":"Oregon DOT","hls":null,"snapshot":"https://tripcheck.com/RoadCams/cams/I-5 at Rice Hill NB_pid2820.JPG","refreshMs":30000,"attribution":"Ora (Warner Varnado) · Oregon DOT"}},{"type":"Feature","geometry":{"type":"Point","coordinates":[-123.26019,42.82689]},"properties":{"id":"ora-or-315","name":"I-5 at Canyon Mt","state":"OR","provider":"Oregon DOT","hls":null,"snapshot":"https://tripcheck.com/RoadCams/cams/I-5 at Canyon Mt SB_pid2824.JPG","refreshMs":30000,"attribution":"Ora (Warner Varnado) · Oregon DOT"}},{"type":"Feature","geometry":{"type":"Point","coordinates":[-122.86776,45.53404]},"properties":{"id":"ora-or-316","name":"Washington County - 185th Ave at Cornell Rd","state":"OR","provider":"Oregon DOT","hls":null,"snapshot":"https://tripcheck.com/RoadCams/cams/185th Ave at Cornell Rd_pid2828.JPG","refreshMs":30000,"attribution":"Ora (Warner Varnado) · Oregon DOT"}},{"type":"Feature","geometry":{"type":"Point","coordinates":[-122.86727,45.5278]},"properties":{"id":"ora-or-317","name":"Washington County - 185th Ave at Walker Rd","state":"OR","provider":"Oregon DOT","hls":null,"snapshot":"https://tripcheck.com/RoadCams/cams/185th Ave at Walker Rd_pid2832.JPG","refreshMs":30000,"attribution":"Ora (Warner Varnado) · Oregon DOT"}},{"type":"Feature","geometry":{"type":"Point","coordinates":[-122.90052,45.5397]},"properties":{"id":"ora-or-318","name":"Washington County - Cornelius Pass Rd at Cornell","state":"OR","provider":"Oregon DOT","hls":null,"snapshot":"https://tripcheck.com/RoadCams/cams/Cornelius Pass Rd at Cornell_pid2836.JPG","refreshMs":30000,"attribution":"Ora (Warner Varnado) · Oregon DOT"}},{"type":"Feature","geometry":{"type":"Point","coordinates":[-122.8617,45.53449]},"properties":{"id":"ora-or-319","name":"Washington County - Cornell Rd at Evergreen Pkwy","state":"OR","provider":"Oregon DOT","hls":null,"snapshot":"https://tripcheck.com/RoadCams/cams/Cornell Rd at Evergreen Pkwy_pid2840.JPG","refreshMs":30000,"attribution":"Ora (Warner Varnado) · Oregon DOT"}},{"type":"Feature","geometry":{"type":"Point","coordinates":[-122.88588,45.54538]},"properties":{"id":"ora-or-320","name":"Washington County - Evergreen Pkwy at Rock Creek Trail","state":"OR","provider":"Oregon DOT","hls":null,"snapshot":"https://tripcheck.com/RoadCams/cams/Evergreen Pkwy at Rock Creek Trail_pid2844.JPG","refreshMs":30000,"attribution":"Ora (Warner Varnado) · Oregon DOT"}},{"type":"Feature","geometry":{"type":"Point","coordinates":[-122.7535,45.3825]},"properties":{"id":"ora-or-321","name":"Washington County - Nyberg St at I-5","state":"OR","provider":"Oregon DOT","hls":null,"snapshot":"https://tripcheck.com/RoadCams/cams/Nyberg St at I-5_pid2848.JPG","refreshMs":30000,"attribution":"Ora (Warner Varnado) · Oregon DOT"}},{"type":"Feature","geometry":{"type":"Point","coordinates":[-122.85639,45.38139]},"properties":{"id":"ora-or-322","name":"Washington County - Roy Rogers Rd at Scholls Sherwood Rd","state":"OR","provider":"Oregon DOT","hls":null,"snapshot":"https://tripcheck.com/RoadCams/cams/Roy Rogers Rd at Scholls Sherwood Rd_pid2852.JPG","refreshMs":30000,"attribution":"Ora (Warner Varnado) · Oregon DOT"}},{"type":"Feature","geometry":{"type":"Point","coordinates":[-122.80518,45.44361]},"properties":{"id":"ora-or-323","name":"Washington County - Scholls Ferry Rd at 125th Ave","state":"OR","provider":"Oregon DOT","hls":null,"snapshot":"https://tripcheck.com/RoadCams/cams/Scholls Ferry Rd at 125th Ave_pid2856.JPG","refreshMs":30000,"attribution":"Ora (Warner Varnado) · Oregon DOT"}},{"type":"Feature","geometry":{"type":"Point","coordinates":[-122.78255,45.45703]},"properties":{"id":"ora-or-324","name":"Washington County - Scholls Ferry Rd at Hall Blvd","state":"OR","provider":"Oregon DOT","hls":null,"snapshot":"https://tripcheck.com/RoadCams/cams/Scholls Ferry Rd at Hall Blvd_pid2860.JPG","refreshMs":30000,"attribution":"Ora (Warner Varnado) · Oregon DOT"}},{"type":"Feature","geometry":{"type":"Point","coordinates":[-122.80583,45.36926]},"properties":{"id":"ora-or-325","name":"Washington County - Tualatin Sherwood Rd at 124th Ave","state":"OR","provider":"Oregon DOT","hls":null,"snapshot":"https://tripcheck.com/RoadCams/cams/Tualatin Sherwood Rd at 124th Ave_pid2864.JPG","refreshMs":30000,"attribution":"Ora (Warner Varnado) · Oregon DOT"}},{"type":"Feature","geometry":{"type":"Point","coordinates":[-122.76792,45.38126]},"properties":{"id":"ora-or-326","name":"Washington County - Tualatin Sherwood Rd at 89th","state":"OR","provider":"Oregon DOT","hls":null,"snapshot":"https://tripcheck.com/RoadCams/cams/Tualatin Sherwood Rd at 89th_pid2868.JPG","refreshMs":30000,"attribution":"Ora (Warner Varnado) · Oregon DOT"}},{"type":"Feature","geometry":{"type":"Point","coordinates":[-122.77454,45.37894]},"properties":{"id":"ora-or-327","name":"Washington County - Tualatin Sherwood Rd at 95th","state":"OR","provider":"Oregon DOT","hls":null,"snapshot":"https://tripcheck.com/RoadCams/cams/Tualatin Sherwood Rd at 95th_pid2872.JPG","refreshMs":30000,"attribution":"Ora (Warner Varnado) · Oregon DOT"}},{"type":"Feature","geometry":{"type":"Point","coordinates":[-122.83897,45.36781]},"properties":{"id":"ora-or-328","name":"Washington County - Tualatin Sherwood Rd at Baler Way","state":"OR","provider":"Oregon DOT","hls":null,"snapshot":"https://tripcheck.com/RoadCams/cams/Tualatin Sherwood Rd at Baler Way_pid2876.JPG","refreshMs":30000,"attribution":"Ora (Warner Varnado) · Oregon DOT"}},{"type":"Feature","geometry":{"type":"Point","coordinates":[-122.76451,45.38137]},"properties":{"id":"ora-or-329","name":"Washington County - Tualatin Sherwood Rd at Boones Ferry Rd","state":"OR","provider":"Oregon DOT","hls":null,"snapshot":"https://tripcheck.com/RoadCams/cams/Tualatin Sherwood Rd at Boones Ferry Rd_pid2880.JPG","refreshMs":30000,"attribution":"Ora (Warner Varnado) · Oregon DOT"}},{"type":"Feature","geometry":{"type":"Point","coordinates":[-122.75924,45.38128]},"properties":{"id":"ora-or-330","name":"Washington County - Tualatin Sherwood Rd at Martinazzi Ave","state":"OR","provider":"Oregon DOT","hls":null,"snapshot":"https://tripcheck.com/RoadCams/cams/Tualatin Sherwood Rd at Martinazzi Ave_pid2884.JPG","refreshMs":30000,"attribution":"Ora (Warner Varnado) · Oregon DOT"}},{"type":"Feature","geometry":{"type":"Point","coordinates":[-122.78228,45.37798]},"properties":{"id":"ora-or-331","name":"Washington County - Tualatin Sherwood Rd at Teton Ave","state":"OR","provider":"Oregon DOT","hls":null,"snapshot":"https://tripcheck.com/RoadCams/cams/Tualatin Sherwood Rd at Teton Ave_pid2888.JPG","refreshMs":30000,"attribution":"Ora (Warner Varnado) · Oregon DOT"}},{"type":"Feature","geometry":{"type":"Point","coordinates":[-124.39561,43.14882]},"properties":{"id":"ora-or-332","name":"US101 at Bullards Bridge","state":"OR","provider":"Oregon DOT","hls":null,"snapshot":"https://tripcheck.com/RoadCams/cams/US101 at Bullards Bridge N_pid2908.JPG","refreshMs":30000,"attribution":"Ora (Warner Varnado) · Oregon DOT"}},{"type":"Feature","geometry":{"type":"Point","coordinates":[-124.39561,43.14882]},"properties":{"id":"ora-or-333","name":"US101 at Bullards Bridge","state":"OR","provider":"Oregon DOT","hls":null,"snapshot":"https://tripcheck.com/RoadCams/cams/US101 at Bullards Bridge W_pid2912.JPG","refreshMs":30000,"attribution":"Ora (Warner Varnado) · Oregon DOT"}},{"type":"Feature","geometry":{"type":"Point","coordinates":[-122.90408,42.37888]},"properties":{"id":"ora-or-334","name":"I-5 at East Pine","state":"OR","provider":"Oregon DOT","hls":null,"snapshot":"https://tripcheck.com/RoadCams/cams/I-5 at East Pine_pid2916.JPG","refreshMs":30000,"attribution":"Ora (Warner Varnado) · Oregon DOT"}},{"type":"Feature","geometry":{"type":"Point","coordinates":[-122.4447,42.90696]},"properties":{"id":"ora-or-335","name":"OR62 at Union Creek","state":"OR","provider":"Oregon DOT","hls":null,"snapshot":"https://tripcheck.com/RoadCams/cams/ORE62 at Union Creek_pid2920.JPG","refreshMs":30000,"attribution":"Ora (Warner Varnado) · Oregon DOT"}},{"type":"Feature","geometry":{"type":"Point","coordinates":[-122.9861,44.8964]},"properties":{"id":"ora-or-336","name":"I-5 at Mill Creek","state":"OR","provider":"Oregon DOT","hls":null,"snapshot":"https://tripcheck.com/RoadCams/cams/I-5 at Mill Creek_pid2924.JPG","refreshMs":30000,"attribution":"Ora (Warner Varnado) · Oregon DOT"}},{"type":"Feature","geometry":{"type":"Point","coordinates":[-123.80364,43.67491]},"properties":{"id":"ora-or-337","name":"OR38 at Wells Creek","state":"OR","provider":"Oregon DOT","hls":null,"snapshot":"https://tripcheck.com/RoadCams/cams/Hwy38 at Wells Creek_pid2928.JPG","refreshMs":30000,"attribution":"Ora (Warner Varnado) · Oregon DOT"}},{"type":"Feature","geometry":{"type":"Point","coordinates":[-122.86768,45.51578]},"properties":{"id":"ora-or-338","name":"Washington County - 185th Ave at Baseline Rd","state":"OR","provider":"Oregon DOT","hls":null,"snapshot":"https://tripcheck.com/RoadCams/cams/185th Ave at Baseline Rd_pid2932.JPG","refreshMs":30000,"attribution":"Ora (Warner Varnado) · Oregon DOT"}},{"type":"Feature","geometry":{"type":"Point","coordinates":[-122.86739,45.55813]},"properties":{"id":"ora-or-339","name":"Washington County - 185th Ave at West Union Rd","state":"OR","provider":"Oregon DOT","hls":null,"snapshot":"https://tripcheck.com/RoadCams/cams/185th Ave at West Union Rd_pid2936.JPG","refreshMs":30000,"attribution":"Ora (Warner Varnado) · Oregon DOT"}},{"type":"Feature","geometry":{"type":"Point","coordinates":[-122.82648,45.50371]},"properties":{"id":"ora-or-340","name":"Washington County - Murray Blvd at Jenkins Rd","state":"OR","provider":"Oregon DOT","hls":null,"snapshot":"https://tripcheck.com/RoadCams/cams/Murray Blvd at Jenkins Rd_pid2940.JPG","refreshMs":30000,"attribution":"Ora (Warner Varnado) · Oregon DOT"}},{"type":"Feature","geometry":{"type":"Point","coordinates":[-122.82638,45.45555]},"properties":{"id":"ora-or-341","name":"Washington County - Murray Blvd at Maverick St","state":"OR","provider":"Oregon DOT","hls":null,"snapshot":"https://tripcheck.com/RoadCams/cams/Murray Blvd at Maverick St_pid2944.JPG","refreshMs":30000,"attribution":"Ora (Warner Varnado) · Oregon DOT"}},{"type":"Feature","geometry":{"type":"Point","coordinates":[-122.82638,45.47661]},"properties":{"id":"ora-or-342","name":"Washington County - Murray Blvd at Allen Blvd","state":"OR","provider":"Oregon DOT","hls":null,"snapshot":"https://tripcheck.com/RoadCams/cams/Murray Blvd at Allen Blvd_pid2948.JPG","refreshMs":30000,"attribution":"Ora (Warner Varnado) · Oregon DOT"}},{"type":"Feature","geometry":{"type":"Point","coordinates":[-122.85169,45.48196]},"properties":{"id":"ora-or-343","name":"Washington County - Farmington Rd at 170th Ave","state":"OR","provider":"Oregon DOT","hls":null,"snapshot":"https://tripcheck.com/RoadCams/cams/Farmington Rd at 170th Ave_pid2952.JPG","refreshMs":30000,"attribution":"Ora (Warner Varnado) · Oregon DOT"}},{"type":"Feature","geometry":{"type":"Point","coordinates":[-122.85193,45.40053]},"properties":{"id":"ora-or-344","name":"Washington County - Roy Rogers Rd at Beef Bend Rd","state":"OR","provider":"Oregon DOT","hls":null,"snapshot":"https://tripcheck.com/RoadCams/cams/Roy Rogers at Beef Bend_pid2956.JPG","refreshMs":30000,"attribution":"Ora (Warner Varnado) · Oregon DOT"}},{"type":"Feature","geometry":{"type":"Point","coordinates":[-122.82627,45.4383]},"properties":{"id":"ora-or-345","name":"Washington County - Scholls Ferry Rd at Murray Blvd","state":"OR","provider":"Oregon DOT","hls":null,"snapshot":"https://tripcheck.com/RoadCams/cams/Scholls Ferry Rd at Murray Blvd_pid2960.JPG","refreshMs":30000,"attribution":"Ora (Warner Varnado) · Oregon DOT"}},{"type":"Feature","geometry":{"type":"Point","coordinates":[-123.52596,44.59352]},"properties":{"id":"ora-or-346","name":"US20 at Dudlee Hill","state":"OR","provider":"Oregon DOT","hls":null,"snapshot":"https://tripcheck.com/RoadCams/cams/US20 at Dudlee Hill_pid2964.JPG","refreshMs":30000,"attribution":"Ora (Warner Varnado) · Oregon DOT"}},{"type":"Feature","geometry":{"type":"Point","coordinates":[-123.0165,44.8245]},"properties":{"id":"ora-or-347","name":"I-5 at South Salem  - Enchanted Way","state":"OR","provider":"Oregon DOT","hls":null,"snapshot":"https://tripcheck.com/RoadCams/cams/I-5 at Enchanted Way_pid2968.JPG","refreshMs":30000,"attribution":"Ora (Warner Varnado) · Oregon DOT"}},{"type":"Feature","geometry":{"type":"Point","coordinates":[-120.69589,45.19383]},"properties":{"id":"ora-or-348","name":"US97 at Kent","state":"OR","provider":"Oregon DOT","hls":null,"snapshot":"https://tripcheck.com/RoadCams/cams/US97 at Kent_pid2973.JPG","refreshMs":30000,"attribution":"Ora (Warner Varnado) · Oregon DOT"}},{"type":"Feature","geometry":{"type":"Point","coordinates":[-123.19676,45.68278]},"properties":{"id":"ora-or-349","name":"US26 at Staleys Junction","state":"OR","provider":"Oregon DOT","hls":null,"snapshot":"https://tripcheck.com/RoadCams/cams/US26 at Staleys Junction2_pid2981.JPG","refreshMs":30000,"attribution":"Ora (Warner Varnado) · Oregon DOT"}},{"type":"Feature","geometry":{"type":"Point","coordinates":[-123.19676,45.68278]},"properties":{"id":"ora-or-350","name":"US26 at Staleys Junction","state":"OR","provider":"Oregon DOT","hls":null,"snapshot":"https://tripcheck.com/RoadCams/cams/US26 at Staleys Junction3_pid2985.JPG","refreshMs":30000,"attribution":"Ora (Warner Varnado) · Oregon DOT"}},{"type":"Feature","geometry":{"type":"Point","coordinates":[-124.01688,44.96706]},"properties":{"id":"ora-or-351","name":"US101 at Lincoln City - D River Wayside","state":"OR","provider":"Oregon DOT","hls":null,"snapshot":"https://tripcheck.com/RoadCams/cams/US101 at Lincoln City at D River_pid2989.JPG","refreshMs":30000,"attribution":"Ora (Warner Varnado) · Oregon DOT"}},{"type":"Feature","geometry":{"type":"Point","coordinates":[-122.56339,44.77653]},"properties":{"id":"ora-or-352","name":"OR22 at Santiam Park","state":"OR","provider":"Oregon DOT","hls":null,"snapshot":"https://tripcheck.com/RoadCams/cams/ORE22 at Santiam Park EB_pid2993.JPG","refreshMs":30000,"attribution":"Ora (Warner Varnado) · Oregon DOT"}},{"type":"Feature","geometry":{"type":"Point","coordinates":[-122.56339,44.77653]},"properties":{"id":"ora-or-353","name":"OR22 at Santiam Park","state":"OR","provider":"Oregon DOT","hls":null,"snapshot":"https://tripcheck.com/RoadCams/cams/ORE22 at Santiam Park WB_pid2997.JPG","refreshMs":30000,"attribution":"Ora (Warner Varnado) · Oregon DOT"}},{"type":"Feature","geometry":{"type":"Point","coordinates":[-122.87967,45.15138]},"properties":{"id":"ora-or-354","name":"I-5 at Woodburn","state":"OR","provider":"Oregon DOT","hls":null,"snapshot":"https://tripcheck.com/RoadCams/cams/I-5 at Woodburn_pid3001.JPG","refreshMs":30000,"attribution":"Ora (Warner Varnado) · Oregon DOT"}},{"type":"Feature","geometry":{"type":"Point","coordinates":[-122.13565,43.61698]},"properties":{"id":"ora-or-355","name":"OR58 at Salt Creek Tunnel","state":"OR","provider":"Oregon DOT","hls":null,"snapshot":"https://tripcheck.com/RoadCams/cams/ORE58 at Salt Creek Tunnel WB_pid3021.JPG","refreshMs":30000,"attribution":"Ora (Warner Varnado) · Oregon DOT"}},{"type":"Feature","geometry":{"type":"Point","coordinates":[-122.13565,43.61698]},"properties":{"id":"ora-or-356","name":"OR58 at Salt Creek Tunnel","state":"OR","provider":"Oregon DOT","hls":null,"snapshot":"https://tripcheck.com/RoadCams/cams/ORE58 at Salt Creek Tunnel EB_pid3025.JPG","refreshMs":30000,"attribution":"Ora (Warner Varnado) · Oregon DOT"}},{"type":"Feature","geometry":{"type":"Point","coordinates":[-123.0515,44.95025]},"properties":{"id":"ora-or-357","name":"OR221 at Glen Creek","state":"OR","provider":"Oregon DOT","hls":null,"snapshot":"https://tripcheck.com/RoadCams/cams/ORE221 at Glenn Creek_pid3029.JPG","refreshMs":30000,"attribution":"Ora (Warner Varnado) · Oregon DOT"}},{"type":"Feature","geometry":{"type":"Point","coordinates":[-123.05269,44.95327]},"properties":{"id":"ora-or-358","name":"OR221 at Orchard Heights","state":"OR","provider":"Oregon DOT","hls":null,"snapshot":"https://tripcheck.com/RoadCams/cams/ORE221 at Orchard Heights_pid3033.JPG","refreshMs":30000,"attribution":"Ora (Warner Varnado) · Oregon DOT"}},{"type":"Feature","geometry":{"type":"Point","coordinates":[-122.55976,45.43347]},"properties":{"id":"ora-or-359","name":"Clackamas Co - 101st at Sunnyside","state":"OR","provider":"Oregon DOT","hls":null,"snapshot":"https://tripcheck.com/RoadCams/cams/101st at Sunnyside_pid3037.JPG","refreshMs":30000,"attribution":"Ora (Warner Varnado) · Oregon DOT"}},{"type":"Feature","geometry":{"type":"Point","coordinates":[-122.53802,45.42881]},"properties":{"id":"ora-or-360","name":"Clackamas Co - 122nd at Sunnyside","state":"OR","provider":"Oregon DOT","hls":null,"snapshot":"https://tripcheck.com/RoadCams/cams/122nd at Sunnyside_pid3041.JPG","refreshMs":30000,"attribution":"Ora (Warner Varnado) · Oregon DOT"}},{"type":"Feature","geometry":{"type":"Point","coordinates":[-122.51747,45.42497]},"properties":{"id":"ora-or-361","name":"Clackamas Co - 142nd at Sunnyside","state":"OR","provider":"Oregon DOT","hls":null,"snapshot":"https://tripcheck.com/RoadCams/cams/142nd at Sunnyside_pid3049.JPG","refreshMs":30000,"attribution":"Ora (Warner Varnado) · Oregon DOT"}},{"type":"Feature","geometry":{"type":"Point","coordinates":[-122.50727,45.42532]},"properties":{"id":"ora-or-362","name":"Clackamas Co - 152nd at Sunnyside","state":"OR","provider":"Oregon DOT","hls":null,"snapshot":"https://tripcheck.com/RoadCams/cams/152nd at Sunnyside_pid3053.JPG","refreshMs":30000,"attribution":"Ora (Warner Varnado) · Oregon DOT"}},{"type":"Feature","geometry":{"type":"Point","coordinates":[-122.49687,45.42703]},"properties":{"id":"ora-or-363","name":"Clackamas Co - 162nd at Sunnyside","state":"OR","provider":"Oregon DOT","hls":null,"snapshot":"https://tripcheck.com/RoadCams/cams/162nd at Sunnyside_pid3057.JPG","refreshMs":30000,"attribution":"Ora (Warner Varnado) · Oregon DOT"}},{"type":"Feature","geometry":{"type":"Point","coordinates":[-122.57924,45.43255]},"properties":{"id":"ora-or-364","name":"Clackamas Co - 82nd at Sunnyside","state":"OR","provider":"Oregon DOT","hls":null,"snapshot":"https://tripcheck.com/RoadCams/cams/82nd at Sunnyside_pid3069.JPG","refreshMs":30000,"attribution":"Ora (Warner Varnado) · Oregon DOT"}},{"type":"Feature","geometry":{"type":"Point","coordinates":[-122.56868,45.45676]},"properties":{"id":"ora-or-365","name":"Clackamas Co - 92nd at JCB","state":"OR","provider":"Oregon DOT","hls":null,"snapshot":"https://tripcheck.com/RoadCams/cams/92nd at JCB_pid3073.JPG","refreshMs":30000,"attribution":"Ora (Warner Varnado) · Oregon DOT"}},{"type":"Feature","geometry":{"type":"Point","coordinates":[-122.5695,45.43336]},"properties":{"id":"ora-or-366","name":"Clackamas Co - 93rd at Sunnyside","state":"OR","provider":"Oregon DOT","hls":null,"snapshot":"https://tripcheck.com/RoadCams/cams/93rd at Sunnyside_pid3077.JPG","refreshMs":30000,"attribution":"Ora (Warner Varnado) · Oregon DOT"}},{"type":"Feature","geometry":{"type":"Point","coordinates":[-122.56261,45.45612]},"properties":{"id":"ora-or-367","name":"Clackamas Co - Hunter Bluff at JCB","state":"OR","provider":"Oregon DOT","hls":null,"snapshot":"https://tripcheck.com/RoadCams/cams/Hunter Bluff at JCB_pid3081.JPG","refreshMs":30000,"attribution":"Ora (Warner Varnado) · Oregon DOT"}},{"type":"Feature","geometry":{"type":"Point","coordinates":[-122.5639,45.40342]},"properties":{"id":"ora-or-368","name":"Clackamas Co - Jennifer at Evelyn","state":"OR","provider":"Oregon DOT","hls":null,"snapshot":"https://tripcheck.com/RoadCams/cams/Jennifer at Evelyn_pid3085.JPG","refreshMs":30000,"attribution":"Ora (Warner Varnado) · Oregon DOT"}},{"type":"Feature","geometry":{"type":"Point","coordinates":[-122.54858,45.43328]},"properties":{"id":"ora-or-369","name":"Clackamas Co - Valley View at Sunnyside","state":"OR","provider":"Oregon DOT","hls":null,"snapshot":"https://tripcheck.com/RoadCams/cams/Valley View at Sunnyside_pid3089.JPG","refreshMs":30000,"attribution":"Ora (Warner Varnado) · Oregon DOT"}},{"type":"Feature","geometry":{"type":"Point","coordinates":[-120.75376,44.19319]},"properties":{"id":"ora-or-370","name":"Crook County - Juniper Canyon Fire Station","state":"OR","provider":"Oregon DOT","hls":null,"snapshot":"https://tripcheck.com/RoadCams/cams/Juniper Canyon Fire Station_pid3093.JPG","refreshMs":30000,"attribution":"Ora (Warner Varnado) · Oregon DOT"}},{"type":"Feature","geometry":{"type":"Point","coordinates":[-120.83428,45.6713]},"properties":{"id":"ora-or-371","name":"I-84 at US97 Biggs Jct.","state":"OR","provider":"Oregon DOT","hls":null,"snapshot":"https://tripcheck.com/RoadCams/cams/I-84 at US97 Biggs Jct._pid3097.JPG","refreshMs":30000,"attribution":"Ora (Warner Varnado) · Oregon DOT"}},{"type":"Feature","geometry":{"type":"Point","coordinates":[-121.32803,44.00212]},"properties":{"id":"ora-or-372","name":"US97 at Rocking Horse","state":"OR","provider":"Oregon DOT","hls":null,"snapshot":"https://tripcheck.com/RoadCams/cams/US97 at Rocking Horse_pid3101.JPG","refreshMs":30000,"attribution":"Ora (Warner Varnado) · Oregon DOT"}},{"type":"Feature","geometry":{"type":"Point","coordinates":[-120.83333,45.66953]},"properties":{"id":"ora-or-373","name":"US97 at Biggs Jct","state":"OR","provider":"Oregon DOT","hls":null,"snapshot":"https://tripcheck.com/RoadCams/cams/US97 at Biggs Jct_pid3105.JPG","refreshMs":30000,"attribution":"Ora (Warner Varnado) · Oregon DOT"}},{"type":"Feature","geometry":{"type":"Point","coordinates":[-118.12911,43.7706]},"properties":{"id":"ora-or-374","name":"US20 at Drinkwater Pass","state":"OR","provider":"Oregon DOT","hls":null,"snapshot":"https://tripcheck.com/RoadCams/cams/US20 at Drinkwater Pass_pid3109.JPG","refreshMs":30000,"attribution":"Ora (Warner Varnado) · Oregon DOT"}},{"type":"Feature","geometry":{"type":"Point","coordinates":[-118.33723,43.78388]},"properties":{"id":"ora-or-375","name":"US20 at Drinkwater Pass","state":"OR","provider":"Oregon DOT","hls":null,"snapshot":"https://tripcheck.com/RoadCams/cams/US20 at Drinkwater Pass_pid3113.JPG","refreshMs":30000,"attribution":"Ora (Warner Varnado) · Oregon DOT"}},{"type":"Feature","geometry":{"type":"Point","coordinates":[-123.35649,43.29019]},"properties":{"id":"ora-or-376","name":"I-5 at Del Rio Rd.","state":"OR","provider":"Oregon DOT","hls":null,"snapshot":"https://tripcheck.com/RoadCams/cams/I-5 at Del Rio Rd NB_pid3117.JPG","refreshMs":30000,"attribution":"Ora (Warner Varnado) · Oregon DOT"}},{"type":"Feature","geometry":{"type":"Point","coordinates":[-123.35649,43.29019]},"properties":{"id":"ora-or-377","name":"I-5 at Del Rio Rd.","state":"OR","provider":"Oregon DOT","hls":null,"snapshot":"https://tripcheck.com/RoadCams/cams/I-5 at Del Rio Rd. SB_pid3121.JPG","refreshMs":30000,"attribution":"Ora (Warner Varnado) · Oregon DOT"}},{"type":"Feature","geometry":{"type":"Point","coordinates":[-122.84311,45.36988]},"properties":{"id":"ora-or-378","name":"OR99W at Tualatin Sherwood","state":"OR","provider":"Oregon DOT","hls":null,"snapshot":"https://tripcheck.com/RoadCams/cams/OR99W at Tualatin Sherwood_pid3129.JPG","refreshMs":30000,"attribution":"Ora (Warner Varnado) · Oregon DOT"}},{"type":"Feature","geometry":{"type":"Point","coordinates":[-122.84804,45.36646]},"properties":{"id":"ora-or-379","name":"OR99W at SW Edy Rd","state":"OR","provider":"Oregon DOT","hls":null,"snapshot":"https://tripcheck.com/RoadCams/cams/OR99W at SW Edy Rd_pid3133.JPG","refreshMs":30000,"attribution":"Ora (Warner Varnado) · Oregon DOT"}},{"type":"Feature","geometry":{"type":"Point","coordinates":[-122.85635,45.36081]},"properties":{"id":"ora-or-380","name":"OR99W at Meineke Rd","state":"OR","provider":"Oregon DOT","hls":null,"snapshot":"https://tripcheck.com/RoadCams/cams/ORE99W at Meineke Rd_pid3137.JPG","refreshMs":30000,"attribution":"Ora (Warner Varnado) · Oregon DOT"}},{"type":"Feature","geometry":{"type":"Point","coordinates":[-122.86803,45.35319]},"properties":{"id":"ora-or-381","name":"OR99W at Sunset Blvd","state":"OR","provider":"Oregon DOT","hls":null,"snapshot":"https://tripcheck.com/RoadCams/cams/ORE99W at Sunset Blvd_pid3141.JPG","refreshMs":30000,"attribution":"Ora (Warner Varnado) · Oregon DOT"}},{"type":"Feature","geometry":{"type":"Point","coordinates":[-122.7726,45.30291]},"properties":{"id":"ora-or-382","name":"Clackamas Co - Boones Ferry Rd at Wilsonville Rd","state":"OR","provider":"Oregon DOT","hls":null,"snapshot":"https://tripcheck.com/RoadCams/cams/Boones Ferry Rd at Wilsonville Rd_pid3145.JPG","refreshMs":30000,"attribution":"Ora (Warner Varnado) · Oregon DOT"}},{"type":"Feature","geometry":{"type":"Point","coordinates":[-122.59285,45.45595]},"properties":{"id":"ora-or-383","name":"Clackamas Co - Bell Rd at Johnson Creek Blvd","state":"OR","provider":"Oregon DOT","hls":null,"snapshot":"https://tripcheck.com/RoadCams/cams/Bell Rd at Johnson Creek Blvd_pid3153.JPG","refreshMs":30000,"attribution":"Ora (Warner Varnado) · Oregon DOT"}},{"type":"Feature","geometry":{"type":"Point","coordinates":[-121.30732,44.05197]},"properties":{"id":"ora-or-384","name":"US97 at Colorado","state":"OR","provider":"Oregon DOT","hls":null,"snapshot":"https://tripcheck.com/RoadCams/cams/US97 at Colorado_pid3157.JPG","refreshMs":30000,"attribution":"Ora (Warner Varnado) · Oregon DOT"}},{"type":"Feature","geometry":{"type":"Point","coordinates":[-121.30058,44.091]},"properties":{"id":"ora-or-385","name":"US97 at Empire Blvd","state":"OR","provider":"Oregon DOT","hls":null,"snapshot":"https://tripcheck.com/RoadCams/cams/US97 at Empire_pid3161.JPG","refreshMs":30000,"attribution":"Ora (Warner Varnado) · Oregon DOT"}},{"type":"Feature","geometry":{"type":"Point","coordinates":[-122.65457,45.50329]},"properties":{"id":"ora-or-386","name":"Portland - 11th at Milwaukie N","state":"OR","provider":"Oregon DOT","hls":null,"snapshot":"https://tripcheck.com/RoadCams/cams/11th at Milwaukie N_pid3169.JPG","refreshMs":30000,"attribution":"Ora (Warner Varnado) · Oregon DOT"}},{"type":"Feature","geometry":{"type":"Point","coordinates":[-122.65414,45.50314]},"properties":{"id":"ora-or-387","name":"Portland - 11th at Milwaukie S","state":"OR","provider":"Oregon DOT","hls":null,"snapshot":"https://tripcheck.com/RoadCams/cams/11th at Milwaukie S_pid3173.JPG","refreshMs":30000,"attribution":"Ora (Warner Varnado) · Oregon DOT"}},{"type":"Feature","geometry":{"type":"Point","coordinates":[-122.65381,45.5036]},"properties":{"id":"ora-or-388","name":"Portland - 12th at Clinton","state":"OR","provider":"Oregon DOT","hls":null,"snapshot":"https://tripcheck.com/RoadCams/cams/12th at Clinton_pid3177.JPG","refreshMs":30000,"attribution":"Ora (Warner Varnado) · Oregon DOT"}},{"type":"Feature","geometry":{"type":"Point","coordinates":[-122.6536,45.50494]},"properties":{"id":"ora-or-389","name":"Portland - 12th at Division","state":"OR","provider":"Oregon DOT","hls":null,"snapshot":"https://tripcheck.com/RoadCams/cams/12th at Division_pid3181.JPG","refreshMs":30000,"attribution":"Ora (Warner Varnado) · Oregon DOT"}},{"type":"Feature","geometry":{"type":"Point","coordinates":[-122.68207,45.50816]},"properties":{"id":"ora-or-390","name":"Portland - 4th at Lincoln","state":"OR","provider":"Oregon DOT","hls":null,"snapshot":"https://tripcheck.com/RoadCams/cams/4th at Lincoln_pid3185.JPG","refreshMs":30000,"attribution":"Ora (Warner Varnado) · Oregon DOT"}},{"type":"Feature","geometry":{"type":"Point","coordinates":[-122.65745,45.50573]},"properties":{"id":"ora-or-391","name":"Portland - 8th at Division","state":"OR","provider":"Oregon DOT","hls":null,"snapshot":"https://tripcheck.com/RoadCams/cams/8th at Division_pid3189.JPG","refreshMs":30000,"attribution":"Ora (Warner Varnado) · Oregon DOT"}},{"type":"Feature","geometry":{"type":"Point","coordinates":[-122.65796,45.50476]},"properties":{"id":"ora-or-392","name":"Portland - 8th at Division Place","state":"OR","provider":"Oregon DOT","hls":null,"snapshot":"https://tripcheck.com/RoadCams/cams/8th at Division Place_pid3193.JPG","refreshMs":30000,"attribution":"Ora (Warner Varnado) · Oregon DOT"}},{"type":"Feature","geometry":{"type":"Point","coordinates":[-122.59829,45.49026]},"properties":{"id":"ora-or-393","name":"Portland - Foster at Holgate","state":"OR","provider":"Oregon DOT","hls":null,"snapshot":"https://tripcheck.com/RoadCams/cams/Foster at Holgate_pid3197.JPG","refreshMs":30000,"attribution":"Ora (Warner Varnado) · Oregon DOT"}},{"type":"Feature","geometry":{"type":"Point","coordinates":[-122.57897,45.53726]},"properties":{"id":"ora-or-394","name":"82nd Ave at NE Tillamook","state":"OR","provider":"Oregon DOT","hls":null,"snapshot":"https://tripcheck.com/RoadCams/cams/ORE213 at NE Tillamook_pid3201.JPG","refreshMs":30000,"attribution":"Ora (Warner Varnado) · Oregon DOT"}},{"type":"Feature","geometry":{"type":"Point","coordinates":[-122.67916,45.47321]},"properties":{"id":"ora-or-395","name":"OR99W at Brier","state":"OR","provider":"Oregon DOT","hls":null,"snapshot":"https://tripcheck.com/RoadCams/cams/ORE99W at Brier_pid3205.JPG","refreshMs":30000,"attribution":"Ora (Warner Varnado) · Oregon DOT"}},{"type":"Feature","geometry":{"type":"Point","coordinates":[-122.72113,45.45335]},"properties":{"id":"ora-or-396","name":"OR99W at Capitol","state":"OR","provider":"Oregon DOT","hls":null,"snapshot":"https://tripcheck.com/RoadCams/cams/ORE99W at Capitol_pid3209.JPG","refreshMs":30000,"attribution":"Ora (Warner Varnado) · Oregon DOT"}},{"type":"Feature","geometry":{"type":"Point","coordinates":[-122.67675,45.49253]},"properties":{"id":"ora-or-397","name":"Portland - OR99W at Hamilton N","state":"OR","provider":"Oregon DOT","hls":null,"snapshot":"https://tripcheck.com/RoadCams/cams/ORE99W at Hamilton N_pid3213.JPG","refreshMs":30000,"attribution":"Ora (Warner Varnado) · Oregon DOT"}},{"type":"Feature","geometry":{"type":"Point","coordinates":[-122.68218,45.48978]},"properties":{"id":"ora-or-398","name":"Portland - OR99W at Hamilton S","state":"OR","provider":"Oregon DOT","hls":null,"snapshot":"https://tripcheck.com/RoadCams/cams/ORE99W at Hamilton S_pid3217.JPG","refreshMs":30000,"attribution":"Ora (Warner Varnado) · Oregon DOT"}},{"type":"Feature","geometry":{"type":"Point","coordinates":[-122.67273,45.50241]},"properties":{"id":"ora-or-399","name":"Portland - Moody Ave. at Porter St.","state":"OR","provider":"Oregon DOT","hls":null,"snapshot":"https://tripcheck.com/RoadCams/cams/ORE99W at Lincoln_pid3221.JPG","refreshMs":30000,"attribution":"Ora (Warner Varnado) · Oregon DOT"}},{"type":"Feature","geometry":{"type":"Point","coordinates":[-122.67597,45.51127]},"properties":{"id":"ora-or-400","name":"Portland - SW Naito Pkwy at Market","state":"OR","provider":"Oregon DOT","hls":null,"snapshot":"https://tripcheck.com/RoadCams/cams/ORE99W at Market_pid3225.JPG","refreshMs":30000,"attribution":"Ora (Warner Varnado) · Oregon DOT"}},{"type":"Feature","geometry":{"type":"Point","coordinates":[-122.71414,45.4562]},"properties":{"id":"ora-or-401","name":"OR99W at Taylors Ferry","state":"OR","provider":"Oregon DOT","hls":null,"snapshot":"https://tripcheck.com/RoadCams/cams/ORE99W at Taylors Ferry_pid3229.JPG","refreshMs":30000,"attribution":"Ora (Warner Varnado) · Oregon DOT"}},{"type":"Feature","geometry":{"type":"Point","coordinates":[-122.58374,45.55036]},"properties":{"id":"ora-or-402","name":"Portland - Sandy Blvd at 77th","state":"OR","provider":"Oregon DOT","hls":null,"snapshot":"https://tripcheck.com/RoadCams/cams/Sandy Blvd at 77th_pid3233.JPG","refreshMs":30000,"attribution":"Ora (Warner Varnado) · Oregon DOT"}},{"type":"Feature","geometry":{"type":"Point","coordinates":[-122.64453,45.49941]},"properties":{"id":"ora-or-403","name":"US26 at 21st","state":"OR","provider":"Oregon DOT","hls":null,"snapshot":"https://tripcheck.com/RoadCams/cams/US26 at 21st_pid3237.JPG","refreshMs":30000,"attribution":"Ora (Warner Varnado) · Oregon DOT"}},{"type":"Feature","geometry":{"type":"Point","coordinates":[-122.62246,45.49747]},"properties":{"id":"ora-or-404","name":"US26 at 39th SW","state":"OR","provider":"Oregon DOT","hls":null,"snapshot":"https://tripcheck.com/RoadCams/cams/US26 at 39th SW_pid3241.JPG","refreshMs":30000,"attribution":"Ora (Warner Varnado) · Oregon DOT"}},{"type":"Feature","geometry":{"type":"Point","coordinates":[-122.63974,45.49787]},"properties":{"id":"ora-or-405","name":"US26 at SE 26th","state":"OR","provider":"Oregon DOT","hls":null,"snapshot":"https://tripcheck.com/RoadCams/cams/US26 at SE 26th_pid3245.JPG","refreshMs":30000,"attribution":"Ora (Warner Varnado) · Oregon DOT"}},{"type":"Feature","geometry":{"type":"Point","coordinates":[-122.63161,45.49671]},"properties":{"id":"ora-or-406","name":"US26 at SE 33rd","state":"OR","provider":"Oregon DOT","hls":null,"snapshot":"https://tripcheck.com/RoadCams/cams/US26 at SE 33rd_pid3249.JPG","refreshMs":30000,"attribution":"Ora (Warner Varnado) · Oregon DOT"}},{"type":"Feature","geometry":{"type":"Point","coordinates":[-122.61151,45.49739]},"properties":{"id":"ora-or-407","name":"US26 at SE Foster","state":"OR","provider":"Oregon DOT","hls":null,"snapshot":"https://tripcheck.com/RoadCams/cams/US26 at SE Foster_pid3253.JPG","refreshMs":30000,"attribution":"Ora (Warner Varnado) · Oregon DOT"}},{"type":"Feature","geometry":{"type":"Point","coordinates":[-122.62276,45.4972]},"properties":{"id":"ora-or-408","name":"US26 at SE 39th","state":"OR","provider":"Oregon DOT","hls":null,"snapshot":"https://tripcheck.com/RoadCams/cams/US26 at SE 39th_pid3257.JPG","refreshMs":30000,"attribution":"Ora (Warner Varnado) · Oregon DOT"}},{"type":"Feature","geometry":{"type":"Point","coordinates":[-122.71101,45.54646]},"properties":{"id":"ora-or-409","name":"US30 at 29th","state":"OR","provider":"Oregon DOT","hls":null,"snapshot":"https://tripcheck.com/RoadCams/cams/US30 at 29th_pid3261.JPG","refreshMs":30000,"attribution":"Ora (Warner Varnado) · Oregon DOT"}},{"type":"Feature","geometry":{"type":"Point","coordinates":[-124.1378,41.71996]},"properties":{"id":"ora-or-410","name":"US101 at North of Cushing Creek","state":"OR","provider":"Oregon DOT","hls":null,"snapshot":"https://tripcheck.com/RoadCams/cams/US101 at North of Cushing Creek N_pid3269.JPG","refreshMs":30000,"attribution":"Ora (Warner Varnado) · Oregon DOT"}},{"type":"Feature","geometry":{"type":"Point","coordinates":[-124.1378,41.71996]},"properties":{"id":"ora-or-411","name":"US101 at North of Cushing Creek","state":"OR","provider":"Oregon DOT","hls":null,"snapshot":"https://tripcheck.com/RoadCams/cams/US101 at North of Cushing Creek S_pid3273.JPG","refreshMs":30000,"attribution":"Ora (Warner Varnado) · Oregon DOT"}},{"type":"Feature","geometry":{"type":"Point","coordinates":[-124.13705,41.89984]},"properties":{"id":"ora-or-412","name":"US101 at North of SR197","state":"OR","provider":"Oregon DOT","hls":null,"snapshot":"https://tripcheck.com/RoadCams/cams/US101 at North of SR197 N_pid3277.JPG","refreshMs":30000,"attribution":"Ora (Warner Varnado) · Oregon DOT"}},{"type":"Feature","geometry":{"type":"Point","coordinates":[-124.13705,41.89984]},"properties":{"id":"ora-or-413","name":"US101 at North of SR197","state":"OR","provider":"Oregon DOT","hls":null,"snapshot":"https://tripcheck.com/RoadCams/cams/US101 at North of SR197 S_pid3281.JPG","refreshMs":30000,"attribution":"Ora (Warner Varnado) · Oregon DOT"}},{"type":"Feature","geometry":{"type":"Point","coordinates":[-124.1261,41.70553]},"properties":{"id":"ora-or-414","name":"US101 at South of Cushing Creek","state":"OR","provider":"Oregon DOT","hls":null,"snapshot":"https://tripcheck.com/RoadCams/cams/US101 at South of Cushing Creek N_pid3285.JPG","refreshMs":30000,"attribution":"Ora (Warner Varnado) · Oregon DOT"}},{"type":"Feature","geometry":{"type":"Point","coordinates":[-124.1261,41.70553]},"properties":{"id":"ora-or-415","name":"US101 at South of Cushing Creek","state":"OR","provider":"Oregon DOT","hls":null,"snapshot":"https://tripcheck.com/RoadCams/cams/US101 at South of Cushing Creek S_pid3289.JPG","refreshMs":30000,"attribution":"Ora (Warner Varnado) · Oregon DOT"}},{"type":"Feature","geometry":{"type":"Point","coordinates":[-124.17971,41.77947]},"properties":{"id":"ora-or-416","name":"US101 at South of US199","state":"OR","provider":"Oregon DOT","hls":null,"snapshot":"https://tripcheck.com/RoadCams/cams/US101 at South of US199 N_pid3293.JPG","refreshMs":30000,"attribution":"Ora (Warner Varnado) · Oregon DOT"}},{"type":"Feature","geometry":{"type":"Point","coordinates":[-124.17971,41.77947]},"properties":{"id":"ora-or-417","name":"US101 at South of US199","state":"OR","provider":"Oregon DOT","hls":null,"snapshot":"https://tripcheck.com/RoadCams/cams/US101 at South of US199 S_pid3297.JPG","refreshMs":30000,"attribution":"Ora (Warner Varnado) · Oregon DOT"}},{"type":"Feature","geometry":{"type":"Point","coordinates":[-123.72021,41.99402]},"properties":{"id":"ora-or-418","name":"US199 at South of Oregon State Line","state":"OR","provider":"Oregon DOT","hls":null,"snapshot":"https://tripcheck.com/RoadCams/cams/US199 at S of OR State Line E_pid3301.JPG","refreshMs":30000,"attribution":"Ora (Warner Varnado) · Oregon DOT"}},{"type":"Feature","geometry":{"type":"Point","coordinates":[-123.72021,41.99402]},"properties":{"id":"ora-or-419","name":"US199 at South of Oregon State Line","state":"OR","provider":"Oregon DOT","hls":null,"snapshot":"https://tripcheck.com/RoadCams/cams/US199 at S of OR State Line W_pid3305.JPG","refreshMs":30000,"attribution":"Ora (Warner Varnado) · Oregon DOT"}},{"type":"Feature","geometry":{"type":"Point","coordinates":[-124.12825,43.76297]},"properties":{"id":"ora-or-420","name":"US101 at Gardiner Hill","state":"OR","provider":"Oregon DOT","hls":null,"snapshot":"https://tripcheck.com/RoadCams/cams/US101 at Gardiner Hill 1_pid3309.JPG","refreshMs":30000,"attribution":"Ora (Warner Varnado) · Oregon DOT"}},{"type":"Feature","geometry":{"type":"Point","coordinates":[-124.12825,43.76297]},"properties":{"id":"ora-or-421","name":"US101 at Gardiner Hill","state":"OR","provider":"Oregon DOT","hls":null,"snapshot":"https://tripcheck.com/RoadCams/cams/US101 at Gardiner Hill 2_pid3313.JPG","refreshMs":30000,"attribution":"Ora (Warner Varnado) · Oregon DOT"}},{"type":"Feature","geometry":{"type":"Point","coordinates":[-123.851,46.19371]},"properties":{"id":"ora-or-422","name":"US101 at Astoria Bridge (Center Span)","state":"OR","provider":"Oregon DOT","hls":null,"snapshot":"https://tripcheck.com/RoadCams/cams/US101 at Astoria Bridge (Center)_pid3318.JPG","refreshMs":30000,"attribution":"Ora (Warner Varnado) · Oregon DOT"}},{"type":"Feature","geometry":{"type":"Point","coordinates":[-123.85278,46.19666]},"properties":{"id":"ora-or-423","name":"US101 at Astoria Bridge (North Span)","state":"OR","provider":"Oregon DOT","hls":null,"snapshot":"https://tripcheck.com/RoadCams/cams/US101 at Astoria Bridge (North Span)_pid3322.JPG","refreshMs":30000,"attribution":"Ora (Warner Varnado) · Oregon DOT"}},{"type":"Feature","geometry":{"type":"Point","coordinates":[-121.30889,44.06755]},"properties":{"id":"ora-or-424","name":"US97 Bend - Ramp to Wall and Revere","state":"OR","provider":"Oregon DOT","hls":null,"snapshot":"https://tripcheck.com/RoadCams/cams/US97 at Wall and Revere_pid3334.JPG","refreshMs":30000,"attribution":"Ora (Warner Varnado) · Oregon DOT"}},{"type":"Feature","geometry":{"type":"Point","coordinates":[-121.30461,44.07905]},"properties":{"id":"ora-or-425","name":"US20 at Bend - Butler Market Rd","state":"OR","provider":"Oregon DOT","hls":null,"snapshot":"https://tripcheck.com/RoadCams/cams/US20 at Butler Market_pid3338.JPG","refreshMs":30000,"attribution":"Ora (Warner Varnado) · Oregon DOT"}},{"type":"Feature","geometry":{"type":"Point","coordinates":[-121.93806,44.43648]},"properties":{"id":"ora-or-426","name":"US20 at Santiam Jct","state":"OR","provider":"Oregon DOT","hls":null,"snapshot":"https://tripcheck.com/RoadCams/cams/US20 at Santiam Jct WB_pid3342.JPG","refreshMs":30000,"attribution":"Ora (Warner Varnado) · Oregon DOT"}},{"type":"Feature","geometry":{"type":"Point","coordinates":[-117.81706,44.87116]},"properties":{"id":"ora-or-427","name":"I-84 at Medical Springs WB","state":"OR","provider":"Oregon DOT","hls":null,"snapshot":"https://tripcheck.com/RoadCams/cams/I-84 at Medical Springs_pid3347.JPG","refreshMs":30000,"attribution":"Ora (Warner Varnado) · Oregon DOT"}},{"type":"Feature","geometry":{"type":"Point","coordinates":[-122.03386,43.59702]},"properties":{"id":"ora-or-428","name":"OR58 at Willamette Pass","state":"OR","provider":"Oregon DOT","hls":null,"snapshot":"https://tripcheck.com/RoadCams/cams/Willamette Pass_pid3351.JPG","refreshMs":30000,"attribution":"Ora (Warner Varnado) · Oregon DOT"}},{"type":"Feature","geometry":{"type":"Point","coordinates":[-120.23159,44.93972]},"properties":{"id":"ora-or-429","name":"OR218 at Prindle Hill","state":"OR","provider":"Oregon DOT","hls":null,"snapshot":"https://tripcheck.com/RoadCams/cams/ORE218 at Prindle Hill_pid3355.JPG","refreshMs":30000,"attribution":"Ora (Warner Varnado) · Oregon DOT"}},{"type":"Feature","geometry":{"type":"Point","coordinates":[-122.88565,42.36308]},"properties":{"id":"ora-or-430","name":"I-5 at Table Rock","state":"OR","provider":"Oregon DOT","hls":null,"snapshot":"https://tripcheck.com/RoadCams/cams/I-5 at Table Rock_pid3359.JPG","refreshMs":30000,"attribution":"Ora (Warner Varnado) · Oregon DOT"}},{"type":"Feature","geometry":{"type":"Point","coordinates":[-123.35676,42.42055]},"properties":{"id":"ora-or-431","name":"US199 at Grants Pass","state":"OR","provider":"Oregon DOT","hls":null,"snapshot":"https://tripcheck.com/RoadCams/cams/US199 at Grants Pass_pid3363.JPG","refreshMs":30000,"attribution":"Ora (Warner Varnado) · Oregon DOT"}},{"type":"Feature","geometry":{"type":"Point","coordinates":[-123.35676,42.42055]},"properties":{"id":"ora-or-432","name":"US199 at Grants Pass","state":"OR","provider":"Oregon DOT","hls":null,"snapshot":"https://tripcheck.com/RoadCams/cams/US199 at Grants Pass SB_pid3367.JPG","refreshMs":30000,"attribution":"Ora (Warner Varnado) · Oregon DOT"}},{"type":"Feature","geometry":{"type":"Point","coordinates":[-122.81531,42.28123]},"properties":{"id":"ora-or-433","name":"I-5 at N. Phoenix Rd. (Fern Valley)","state":"OR","provider":"Oregon DOT","hls":null,"snapshot":"https://tripcheck.com/RoadCams/cams/I-5 at N. Phoenix Rd. (Fern Valley)_pid3375.JPG","refreshMs":30000,"attribution":"Ora (Warner Varnado) · Oregon DOT"}},{"type":"Feature","geometry":{"type":"Point","coordinates":[-118.93364,45.69109]},"properties":{"id":"ora-or-434","name":"I-84 at Barnhart Rd","state":"OR","provider":"Oregon DOT","hls":null,"snapshot":"https://tripcheck.com/RoadCams/cams/I-84 at Barnhart EB_pid3385.JPG","refreshMs":30000,"attribution":"Ora (Warner Varnado) · Oregon DOT"}},{"type":"Feature","geometry":{"type":"Point","coordinates":[-122.79221,45.37275]},"properties":{"id":"ora-or-435","name":"Washington County - Tualatin Sherwood Rd at Avery St","state":"OR","provider":"Oregon DOT","hls":null,"snapshot":"https://tripcheck.com/RoadCams/cams/Tualatin Sherwood Rd at Avery St_pid3387.JPG","refreshMs":30000,"attribution":"Ora (Warner Varnado) · Oregon DOT"}},{"type":"Feature","geometry":{"type":"Point","coordinates":[-122.81632,45.36831]},"properties":{"id":"ora-or-436","name":"Washington County - Tualatin Sherwood Rd at Oregon St","state":"OR","provider":"Oregon DOT","hls":null,"snapshot":"https://tripcheck.com/RoadCams/cams/Tualatin Sherwood Rd at Oregon St_pid3391.JPG","refreshMs":30000,"attribution":"Ora (Warner Varnado) · Oregon DOT"}},{"type":"Feature","geometry":{"type":"Point","coordinates":[-122.84318,45.36999]},"properties":{"id":"ora-or-437","name":"Washington County - Tualatin Sherwood Rd at OR99W","state":"OR","provider":"Oregon DOT","hls":null,"snapshot":"https://tripcheck.com/RoadCams/cams/Tualatin Sherwood Rd at OR99W_pid3395.JPG","refreshMs":30000,"attribution":"Ora (Warner Varnado) · Oregon DOT"}},{"type":"Feature","geometry":{"type":"Point","coordinates":[-122.84674,45.3714]},"properties":{"id":"ora-or-438","name":"Washington County - Roy Rogers Rd at Borchers Dr","state":"OR","provider":"Oregon DOT","hls":null,"snapshot":"https://tripcheck.com/RoadCams/cams/Roy Rogers Rd at Borchers Dr_pid3399.JPG","refreshMs":30000,"attribution":"Ora (Warner Varnado) · Oregon DOT"}},{"type":"Feature","geometry":{"type":"Point","coordinates":[-122.75125,45.43316]},"properties":{"id":"ora-or-439","name":"Washington County - Dartmouth St at 72nd Ave","state":"OR","provider":"Oregon DOT","hls":null,"snapshot":"https://tripcheck.com/RoadCams/cams/Dartmouth St at 72nd Ave_pid3403.JPG","refreshMs":30000,"attribution":"Ora (Warner Varnado) · Oregon DOT"}},{"type":"Feature","geometry":{"type":"Point","coordinates":[-122.75624,45.43449]},"properties":{"id":"ora-or-440","name":"Washington County - Dartmouth St at Costco","state":"OR","provider":"Oregon DOT","hls":null,"snapshot":"https://tripcheck.com/RoadCams/cams/Dartmouth St at Costco_pid3407.JPG","refreshMs":30000,"attribution":"Ora (Warner Varnado) · Oregon DOT"}},{"type":"Feature","geometry":{"type":"Point","coordinates":[-122.85351,45.42638]},"properties":{"id":"ora-or-441","name":"Washington County - Scholls Ferry Rd at Roy Rogers Rd","state":"OR","provider":"Oregon DOT","hls":null,"snapshot":"https://tripcheck.com/RoadCams/cams/Scholls Ferry Rd at Roy Rogers Rd_pid3411.JPG","refreshMs":30000,"attribution":"Ora (Warner Varnado) · Oregon DOT"}},{"type":"Feature","geometry":{"type":"Point","coordinates":[-122.82217,45.51088]},"properties":{"id":"ora-or-442","name":"Washington County - Murray Blvd at Walker Rd","state":"OR","provider":"Oregon DOT","hls":null,"snapshot":"https://tripcheck.com/RoadCams/cams/Murray Blvd at Walker Rd_pid3415.JPG","refreshMs":30000,"attribution":"Ora (Warner Varnado) · Oregon DOT"}},{"type":"Feature","geometry":{"type":"Point","coordinates":[-122.9569,45.53066]},"properties":{"id":"ora-or-443","name":"Washington County - Cornell Rd at 25th Ave","state":"OR","provider":"Oregon DOT","hls":null,"snapshot":"https://tripcheck.com/RoadCams/cams/Cornell Rd at 25th Ave_pid3423.JPG","refreshMs":30000,"attribution":"Ora (Warner Varnado) · Oregon DOT"}},{"type":"Feature","geometry":{"type":"Point","coordinates":[-122.91197,45.53424]},"properties":{"id":"ora-or-444","name":"Washington County - Cornell Rd at Century Blvd","state":"OR","provider":"Oregon DOT","hls":null,"snapshot":"https://tripcheck.com/RoadCams/cams/Cornell Rd at Century Blvd_pid3427.JPG","refreshMs":30000,"attribution":"Ora (Warner Varnado) · Oregon DOT"}},{"type":"Feature","geometry":{"type":"Point","coordinates":[-122.93805,45.5327]},"properties":{"id":"ora-or-445","name":"Washington County - Cornell Rd at Brookwood Pkwy","state":"OR","provider":"Oregon DOT","hls":null,"snapshot":"https://tripcheck.com/RoadCams/cams/Cornell Rd at Brookwood Pkwy_pid3431.JPG","refreshMs":30000,"attribution":"Ora (Warner Varnado) · Oregon DOT"}},{"type":"Feature","geometry":{"type":"Point","coordinates":[-122.81417,45.52667]},"properties":{"id":"ora-or-446","name":"Washington County - Cornell Rd at Murray Blvd","state":"OR","provider":"Oregon DOT","hls":null,"snapshot":"https://tripcheck.com/RoadCams/cams/Cornell Rd at Murray Blvd_pid3435.JPG","refreshMs":30000,"attribution":"Ora (Warner Varnado) · Oregon DOT"}},{"type":"Feature","geometry":{"type":"Point","coordinates":[-122.82449,45.53072]},"properties":{"id":"ora-or-447","name":"Washington County - Cornell Rd at 143rd Ave","state":"OR","provider":"Oregon DOT","hls":null,"snapshot":"https://tripcheck.com/RoadCams/cams/Cornell Rd at 143rd Ave_pid3439.JPG","refreshMs":30000,"attribution":"Ora (Warner Varnado) · Oregon DOT"}},{"type":"Feature","geometry":{"type":"Point","coordinates":[-122.90129,45.5152]},"properties":{"id":"ora-or-448","name":"Washington County - Cornelius Pass Rd at Baseline Rd","state":"OR","provider":"Oregon DOT","hls":null,"snapshot":"https://tripcheck.com/RoadCams/cams/Cornelius Pass Rd at Baseline Rd_pid3443.JPG","refreshMs":30000,"attribution":"Ora (Warner Varnado) · Oregon DOT"}},{"type":"Feature","geometry":{"type":"Point","coordinates":[-122.93695,45.52005]},"properties":{"id":"ora-or-449","name":"Washington County - Brookwood Blvd at Main St","state":"OR","provider":"Oregon DOT","hls":null,"snapshot":"https://tripcheck.com/RoadCams/cams/Brookwood Blvd at Main St_pid3447.JPG","refreshMs":30000,"attribution":"Ora (Warner Varnado) · Oregon DOT"}},{"type":"Feature","geometry":{"type":"Point","coordinates":[-122.63963,45.44194]},"properties":{"id":"ora-or-450","name":"Clackamas Co - 21st at Adams","state":"OR","provider":"Oregon DOT","hls":null,"snapshot":"https://tripcheck.com/RoadCams/cams/21st at Adams_pid3455.JPG","refreshMs":30000,"attribution":"Ora (Warner Varnado) · Oregon DOT"}},{"type":"Feature","geometry":{"type":"Point","coordinates":[-122.6398,45.44261]},"properties":{"id":"ora-or-451","name":"Clackamas Co - 21st at Washington","state":"OR","provider":"Oregon DOT","hls":null,"snapshot":"https://tripcheck.com/RoadCams/cams/21st at Washington_pid3459.JPG","refreshMs":30000,"attribution":"Ora (Warner Varnado) · Oregon DOT"}},{"type":"Feature","geometry":{"type":"Point","coordinates":[-122.6398,45.44261]},"properties":{"id":"ora-or-452","name":"Clackamas Co - 21st at Washington","state":"OR","provider":"Oregon DOT","hls":null,"snapshot":"https://tripcheck.com/RoadCams/cams/21st at Washington W_pid3463.JPG","refreshMs":30000,"attribution":"Ora (Warner Varnado) · Oregon DOT"}},{"type":"Feature","geometry":{"type":"Point","coordinates":[-122.63608,45.43018]},"properties":{"id":"ora-or-453","name":"Clackamas Co - Park at 27th Ave","state":"OR","provider":"Oregon DOT","hls":null,"snapshot":"https://tripcheck.com/RoadCams/cams/Park at 27th Ave_pid3467.JPG","refreshMs":30000,"attribution":"Ora (Warner Varnado) · Oregon DOT"}},{"type":"Feature","geometry":{"type":"Point","coordinates":[-123.64674,42.16249]},"properties":{"id":"ora-or-454","name":"US199 at OR46 (Cave Junction)","state":"OR","provider":"Oregon DOT","hls":null,"snapshot":"https://tripcheck.com/RoadCams/cams/US199 at ORE46 (Cave Junction)_pid3471.JPG","refreshMs":30000,"attribution":"Ora (Warner Varnado) · Oregon DOT"}},{"type":"Feature","geometry":{"type":"Point","coordinates":[-123.33953,42.42332]},"properties":{"id":"ora-or-455","name":"US199 at Ringuette St (Grants Pass)","state":"OR","provider":"Oregon DOT","hls":null,"snapshot":"https://tripcheck.com/RoadCams/cams/US199 at Ringuette St NB_pid3475.JPG","refreshMs":30000,"attribution":"Ora (Warner Varnado) · Oregon DOT"}},{"type":"Feature","geometry":{"type":"Point","coordinates":[-123.33953,42.42332]},"properties":{"id":"ora-or-456","name":"US199 at Ringuette St (Grants Pass)","state":"OR","provider":"Oregon DOT","hls":null,"snapshot":"https://tripcheck.com/RoadCams/cams/US199 at Ringuette St SB_pid3479.JPG","refreshMs":30000,"attribution":"Ora (Warner Varnado) · Oregon DOT"}},{"type":"Feature","geometry":{"type":"Point","coordinates":[-118.19319,44.44075]},"properties":{"id":"ora-or-457","name":"US26 at Unity","state":"OR","provider":"Oregon DOT","hls":null,"snapshot":"https://tripcheck.com/RoadCams/cams/US26 at Unity WB_pid3483.JPG","refreshMs":30000,"attribution":"Ora (Warner Varnado) · Oregon DOT"}},{"type":"Feature","geometry":{"type":"Point","coordinates":[-122.76655,45.58431]},"properties":{"id":"ora-or-458","name":"US30 at St Johns Bridge Top","state":"OR","provider":"Oregon DOT","hls":null,"snapshot":"https://tripcheck.com/RoadCams/cams/US30 at St Johns Bridge Top_pid3487.JPG","refreshMs":30000,"attribution":"Ora (Warner Varnado) · Oregon DOT"}},{"type":"Feature","geometry":{"type":"Point","coordinates":[-118.97216,44.13827]},"properties":{"id":"ora-or-459","name":"US395C at Seneca","state":"OR","provider":"Oregon DOT","hls":null,"snapshot":"https://tripcheck.com/RoadCams/cams/US395C at Seneca_pid3491.JPG","refreshMs":30000,"attribution":"Ora (Warner Varnado) · Oregon DOT"}},{"type":"Feature","geometry":{"type":"Point","coordinates":[-119.10822,44.706]},"properties":{"id":"ora-or-460","name":"US395B at Long Creek","state":"OR","provider":"Oregon DOT","hls":null,"snapshot":"https://tripcheck.com/RoadCams/cams/US395B at Long Creek_pid3495.JPG","refreshMs":30000,"attribution":"Ora (Warner Varnado) · Oregon DOT"}},{"type":"Feature","geometry":{"type":"Point","coordinates":[-118.16314,44.71702]},"properties":{"id":"ora-or-461","name":"OR7 at Sumpter","state":"OR","provider":"Oregon DOT","hls":null,"snapshot":"https://tripcheck.com/RoadCams/cams/ORE7 at Sumpter_pid3499.JPG","refreshMs":30000,"attribution":"Ora (Warner Varnado) · Oregon DOT"}},{"type":"Feature","geometry":{"type":"Point","coordinates":[-123.17028,42.43191]},"properties":{"id":"ora-or-462","name":"I-5 at Rogue River","state":"OR","provider":"Oregon DOT","hls":null,"snapshot":"https://tripcheck.com/RoadCams/cams/I-5 at Rogue River NB_pid3503.JPG","refreshMs":30000,"attribution":"Ora (Warner Varnado) · Oregon DOT"}},{"type":"Feature","geometry":{"type":"Point","coordinates":[-123.17028,42.43191]},"properties":{"id":"ora-or-463","name":"I-5 at Rogue River","state":"OR","provider":"Oregon DOT","hls":null,"snapshot":"https://tripcheck.com/RoadCams/cams/I-5 at Rogue River SB_pid3507.JPG","refreshMs":30000,"attribution":"Ora (Warner Varnado) · Oregon DOT"}},{"type":"Feature","geometry":{"type":"Point","coordinates":[-121.12957,44.6388]},"properties":{"id":"ora-or-464","name":"US97 at US26 Jct","state":"OR","provider":"Oregon DOT","hls":null,"snapshot":"https://tripcheck.com/RoadCams/cams/US97 at US26 Jct NB_pid3511.JPG","refreshMs":30000,"attribution":"Ora (Warner Varnado) · Oregon DOT"}},{"type":"Feature","geometry":{"type":"Point","coordinates":[-118.94709,44.39905]},"properties":{"id":"ora-or-465","name":"US395C at Canyon City","state":"OR","provider":"Oregon DOT","hls":null,"snapshot":"https://tripcheck.com/RoadCams/cams/US395C at Canyon City_pid3515.JPG","refreshMs":30000,"attribution":"Ora (Warner Varnado) · Oregon DOT"}},{"type":"Feature","geometry":{"type":"Point","coordinates":[-120.8549,44.3029]},"properties":{"id":"ora-or-466","name":"3rd St at Harwood MP18.35","state":"OR","provider":"Oregon DOT","hls":null,"snapshot":"https://tripcheck.com/RoadCams/cams/3rd St at Harwood_pid3527.JPG","refreshMs":30000,"attribution":"Ora (Warner Varnado) · Oregon DOT"}},{"type":"Feature","geometry":{"type":"Point","coordinates":[-117.99389,45.18917]},"properties":{"id":"ora-or-467","name":"I-84 at Ladd Creek Summit","state":"OR","provider":"Oregon DOT","hls":null,"snapshot":"https://tripcheck.com/RoadCams/cams/I-84 at Ladd Creek Summit_pid3531.JPG","refreshMs":30000,"attribution":"Ora (Warner Varnado) · Oregon DOT"}},{"type":"Feature","geometry":{"type":"Point","coordinates":[-118.97776,45.27005]},"properties":{"id":"ora-or-468","name":"US395 at Battle Mountain","state":"OR","provider":"Oregon DOT","hls":null,"snapshot":"https://tripcheck.com/RoadCams/cams/US395 at Battle Mountain_pid3536.JPG","refreshMs":30000,"attribution":"Ora (Warner Varnado) · Oregon DOT"}},{"type":"Feature","geometry":{"type":"Point","coordinates":[-118.24599,45.79015]},"properties":{"id":"ora-or-469","name":"OR204 at Tollgate Sand Shed","state":"OR","provider":"Oregon DOT","hls":null,"snapshot":"https://tripcheck.com/RoadCams/cams/ORE204 at Tollgate Sand Shed_pid3541.JPG","refreshMs":30000,"attribution":"Ora (Warner Varnado) · Oregon DOT"}},{"type":"Feature","geometry":{"type":"Point","coordinates":[-121.65663,43.99178]},"properties":{"id":"ora-or-470","name":"Century Drive at MP 21.11","state":"OR","provider":"Oregon DOT","hls":null,"snapshot":"https://tripcheck.com/RoadCams/cams/Century Dr at MP 21.11 E_pid3545.JPG","refreshMs":30000,"attribution":"Ora (Warner Varnado) · Oregon DOT"}},{"type":"Feature","geometry":{"type":"Point","coordinates":[-122.85008,42.31169]},"properties":{"id":"ora-or-471","name":"I-5 at Garfield","state":"OR","provider":"Oregon DOT","hls":null,"snapshot":"https://tripcheck.com/RoadCams/cams/I-5 at Garfield_pid3549.JPG","refreshMs":30000,"attribution":"Ora (Warner Varnado) · Oregon DOT"}},{"type":"Feature","geometry":{"type":"Point","coordinates":[-122.87698,42.35024]},"properties":{"id":"ora-or-472","name":"I-5 at North Medford Interchange","state":"OR","provider":"Oregon DOT","hls":null,"snapshot":"https://tripcheck.com/RoadCams/cams/I-5 at North Medford Interchange_pid3553.JPG","refreshMs":30000,"attribution":"Ora (Warner Varnado) · Oregon DOT"}},{"type":"Feature","geometry":{"type":"Point","coordinates":[-121.65663,43.99178]},"properties":{"id":"ora-or-473","name":"Century Drive at MP 21.11","state":"OR","provider":"Oregon DOT","hls":null,"snapshot":"https://tripcheck.com/RoadCams/cams/Century Dr at MP 21.11 W_pid3557.JPG","refreshMs":30000,"attribution":"Ora (Warner Varnado) · Oregon DOT"}},{"type":"Feature","geometry":{"type":"Point","coordinates":[-122.79258,45.29864]},"properties":{"id":"ora-or-474","name":"Clackamas Co - Willamette Way W at Wilsonville Rd","state":"OR","provider":"Oregon DOT","hls":null,"snapshot":"https://tripcheck.com/RoadCams/cams/Willamette Way W at Wilsonville Rd_pid3561.JPG","refreshMs":30000,"attribution":"Ora (Warner Varnado) · Oregon DOT"}},{"type":"Feature","geometry":{"type":"Point","coordinates":[-122.79258,45.29864]},"properties":{"id":"ora-or-475","name":"Clackamas Co - Willamette Way E at Wilsonville Rd","state":"OR","provider":"Oregon DOT","hls":null,"snapshot":"https://tripcheck.com/RoadCams/cams/Willamette Way E at Wilsonville Rd_pid3565.JPG","refreshMs":30000,"attribution":"Ora (Warner Varnado) · Oregon DOT"}},{"type":"Feature","geometry":{"type":"Point","coordinates":[-122.78605,45.30232]},"properties":{"id":"ora-or-476","name":"Clackamas Co - Brown at Wilsonville Rd","state":"OR","provider":"Oregon DOT","hls":null,"snapshot":"https://tripcheck.com/RoadCams/cams/Brown at Wilsonville Rd E_pid3569.JPG","refreshMs":30000,"attribution":"Ora (Warner Varnado) · Oregon DOT"}},{"type":"Feature","geometry":{"type":"Point","coordinates":[-122.78605,45.30232]},"properties":{"id":"ora-or-477","name":"Clackamas Co - Brown at Wilsonville Rd","state":"OR","provider":"Oregon DOT","hls":null,"snapshot":"https://tripcheck.com/RoadCams/cams/Brown at Wilsonville Rd W_pid3573.JPG","refreshMs":30000,"attribution":"Ora (Warner Varnado) · Oregon DOT"}},{"type":"Feature","geometry":{"type":"Point","coordinates":[-122.778,45.30295]},"properties":{"id":"ora-or-478","name":"Clackamas Co - Kinsman at Wilsonville Rd","state":"OR","provider":"Oregon DOT","hls":null,"snapshot":"https://tripcheck.com/RoadCams/cams/Kinsman at Wilsonville Rd E_pid3577.JPG","refreshMs":30000,"attribution":"Ora (Warner Varnado) · Oregon DOT"}},{"type":"Feature","geometry":{"type":"Point","coordinates":[-122.778,45.30295]},"properties":{"id":"ora-or-479","name":"Clackamas Co - Kinsman at Wilsonville Rd W","state":"OR","provider":"Oregon DOT","hls":null,"snapshot":"https://tripcheck.com/RoadCams/cams/Kinsman at Wilsonville Rd W_pid3581.JPG","refreshMs":30000,"attribution":"Ora (Warner Varnado) · Oregon DOT"}},{"type":"Feature","geometry":{"type":"Point","coordinates":[-122.77864,45.31027]},"properties":{"id":"ora-or-480","name":"Clackamas Co - Kinsman at Barber St","state":"OR","provider":"Oregon DOT","hls":null,"snapshot":"https://tripcheck.com/RoadCams/cams/Kinsman at Barber St_pid3585.JPG","refreshMs":30000,"attribution":"Ora (Warner Varnado) · Oregon DOT"}},{"type":"Feature","geometry":{"type":"Point","coordinates":[-122.80651,45.52554]},"properties":{"id":"ora-or-481","name":"Washington Co - Cornell Rd at Saltzman Rd","state":"OR","provider":"Oregon DOT","hls":null,"snapshot":"https://tripcheck.com/RoadCams/cams/Cornell Rd at Saltzman Rd_pid3597.JPG","refreshMs":30000,"attribution":"Ora (Warner Varnado) · Oregon DOT"}},{"type":"Feature","geometry":{"type":"Point","coordinates":[-123.00471,45.57266]},"properties":{"id":"ora-or-482","name":"Washington Co - Glencoe Rd at Scotch Church Rd","state":"OR","provider":"Oregon DOT","hls":null,"snapshot":"https://tripcheck.com/RoadCams/cams/Glencoe Rd at Scotch Church Rd_pid3601.JPG","refreshMs":30000,"attribution":"Ora (Warner Varnado) · Oregon DOT"}},{"type":"Feature","geometry":{"type":"Point","coordinates":[-122.92599,45.56319]},"properties":{"id":"ora-or-483","name":"Washington Co - Brookwood Blvd at US26","state":"OR","provider":"Oregon DOT","hls":null,"snapshot":"https://tripcheck.com/RoadCams/cams/Brookwood Blvd at US26_pid3605.JPG","refreshMs":30000,"attribution":"Ora (Warner Varnado) · Oregon DOT"}},{"type":"Feature","geometry":{"type":"Point","coordinates":[-122.92658,45.55693]},"properties":{"id":"ora-or-484","name":"Washington Co - Brookwood Blvd at Huffman","state":"OR","provider":"Oregon DOT","hls":null,"snapshot":"https://tripcheck.com/RoadCams/cams/Brookwood Blvd at Huffman_pid3609.JPG","refreshMs":30000,"attribution":"Ora (Warner Varnado) · Oregon DOT"}},{"type":"Feature","geometry":{"type":"Point","coordinates":[-122.92618,45.55077]},"properties":{"id":"ora-or-485","name":"Washington Co - Brookwood Blvd at Evergreen","state":"OR","provider":"Oregon DOT","hls":null,"snapshot":"https://tripcheck.com/RoadCams/cams/Brookwood Blvd at Evergreen_pid3613.JPG","refreshMs":30000,"attribution":"Ora (Warner Varnado) · Oregon DOT"}},{"type":"Feature","geometry":{"type":"Point","coordinates":[-120.84933,44.99043]},"properties":{"id":"ora-or-486","name":"US97 at Mt Identifier","state":"OR","provider":"Oregon DOT","hls":null,"snapshot":"https://tripcheck.com/RoadCams/cams/US97 at Mt Identifier_pid3617.JPG","refreshMs":30000,"attribution":"Ora (Warner Varnado) · Oregon DOT"}},{"type":"Feature","geometry":{"type":"Point","coordinates":[-122.87054,42.33142]},"properties":{"id":"ora-or-487","name":"I-5 at Medford Viaduct","state":"OR","provider":"Oregon DOT","hls":null,"snapshot":"https://tripcheck.com/RoadCams/cams/I-5 at Medford Viaduct_pid3621.JPG","refreshMs":30000,"attribution":"Ora (Warner Varnado) · Oregon DOT"}},{"type":"Feature","geometry":{"type":"Point","coordinates":[-122.87024,42.35434]},"properties":{"id":"ora-or-488","name":"OR62 at Poplar","state":"OR","provider":"Oregon DOT","hls":null,"snapshot":"https://tripcheck.com/RoadCams/cams/ORE62 at Poplar_pid3625.JPG","refreshMs":30000,"attribution":"Ora (Warner Varnado) · Oregon DOT"}},{"type":"Feature","geometry":{"type":"Point","coordinates":[-120.72366,45.60839]},"properties":{"id":"ora-or-489","name":"US97 at Wasco","state":"OR","provider":"Oregon DOT","hls":null,"snapshot":"https://tripcheck.com/RoadCams/cams/US97 at Wasco_pid3629.JPG","refreshMs":30000,"attribution":"Ora (Warner Varnado) · Oregon DOT"}},{"type":"Feature","geometry":{"type":"Point","coordinates":[-118.02323,45.25952]},"properties":{"id":"ora-or-490","name":"I-84 at MP 267","state":"OR","provider":"Oregon DOT","hls":null,"snapshot":"https://tripcheck.com/RoadCams/cams/I-84 at MP 267_pid3633.JPG","refreshMs":30000,"attribution":"Ora (Warner Varnado) · Oregon DOT"}},{"type":"Feature","geometry":{"type":"Point","coordinates":[-119.1862,45.7602]},"properties":{"id":"ora-or-491","name":"I-84 at Stanfield","state":"OR","provider":"Oregon DOT","hls":null,"snapshot":"https://tripcheck.com/RoadCams/cams/I-84 at Stanfield_pid3637.jpg","refreshMs":30000,"attribution":"Ora (Warner Varnado) · Oregon DOT"}},{"type":"Feature","geometry":{"type":"Point","coordinates":[-122.98886,44.91536]},"properties":{"id":"ora-or-492","name":"I-5 Salem at OR22","state":"OR","provider":"Oregon DOT","hls":null,"snapshot":"https://tripcheck.com/RoadCams/cams/I-5 at ORE22_pid3641.JPG","refreshMs":30000,"attribution":"Ora (Warner Varnado) · Oregon DOT"}},{"type":"Feature","geometry":{"type":"Point","coordinates":[-122.74929,45.50653]},"properties":{"id":"ora-or-493","name":"US26 at Camelot Court Overpass","state":"OR","provider":"Oregon DOT","hls":null,"snapshot":"https://tripcheck.com/RoadCams/cams/US26 at Camelot_pid3646.JPG","refreshMs":30000,"attribution":"Ora (Warner Varnado) · Oregon DOT"}},{"type":"Feature","geometry":{"type":"Point","coordinates":[-118.91574,45.68691]},"properties":{"id":"ora-or-494","name":"I-84 at Pendleton","state":"OR","provider":"Oregon DOT","hls":null,"snapshot":"https://tripcheck.com/RoadCams/cams/I-84 at Pendleton E_pid3650.jpg","refreshMs":30000,"attribution":"Ora (Warner Varnado) · Oregon DOT"}},{"type":"Feature","geometry":{"type":"Point","coordinates":[-118.91574,45.68691]},"properties":{"id":"ora-or-495","name":"I-84 at Pendleton","state":"OR","provider":"Oregon DOT","hls":null,"snapshot":"https://tripcheck.com/RoadCams/cams/I-84 at Pendleton W_pid3653.jpg","refreshMs":30000,"attribution":"Ora (Warner Varnado) · Oregon DOT"}},{"type":"Feature","geometry":{"type":"Point","coordinates":[-117.82422,44.92243]},"properties":{"id":"ora-or-496","name":"I-84 at Baker Valley Rest Area","state":"OR","provider":"Oregon DOT","hls":null,"snapshot":"https://tripcheck.com/RoadCams/cams/I-84 at Baker Valley W_pid3656.jpg","refreshMs":30000,"attribution":"Ora (Warner Varnado) · Oregon DOT"}},{"type":"Feature","geometry":{"type":"Point","coordinates":[-118.05243,45.31147]},"properties":{"id":"ora-or-497","name":"I-84 at Gekeler","state":"OR","provider":"Oregon DOT","hls":null,"snapshot":"https://tripcheck.com/RoadCams/cams/I-84 at Gekeler E_pid3659.jpg","refreshMs":30000,"attribution":"Ora (Warner Varnado) · Oregon DOT"}},{"type":"Feature","geometry":{"type":"Point","coordinates":[-122.5747,45.33168]},"properties":{"id":"ora-or-498","name":"OR213 at Beavercreek","state":"OR","provider":"Oregon DOT","hls":null,"snapshot":"https://tripcheck.com/RoadCams/cams/ORE213 at Beavercreek_pid3666.JPG","refreshMs":30000,"attribution":"Ora (Warner Varnado) · Oregon DOT"}},{"type":"Feature","geometry":{"type":"Point","coordinates":[-117.64913,44.27741]},"properties":{"id":"ora-or-499","name":"US26 at Brogan Hill","state":"OR","provider":"Oregon DOT","hls":null,"snapshot":"https://tripcheck.com/RoadCams/cams/US26 at Brogan Hill_pid3670.JPG","refreshMs":30000,"attribution":"Ora (Warner Varnado) · Oregon DOT"}},{"type":"Feature","geometry":{"type":"Point","coordinates":[-117.17915,44.25949]},"properties":{"id":"ora-or-500","name":"OR201N at I-84 WB Onramp","state":"OR","provider":"Oregon DOT","hls":null,"snapshot":"https://tripcheck.com/RoadCams/cams/ORE201N at I-84 WB Onramp_pid3674.JPG","refreshMs":30000,"attribution":"Ora (Warner Varnado) · Oregon DOT"}},{"type":"Feature","geometry":{"type":"Point","coordinates":[-116.98683,44.21619]},"properties":{"id":"ora-or-501","name":"OR201 at Weiser","state":"OR","provider":"Oregon DOT","hls":null,"snapshot":"https://tripcheck.com/RoadCams/cams/ORE201 at Weiser_pid3682.JPG","refreshMs":30000,"attribution":"Ora (Warner Varnado) · Oregon DOT"}},{"type":"Feature","geometry":{"type":"Point","coordinates":[-117.2384,44.30163]},"properties":{"id":"ora-or-502","name":"I-84 at Farewell Bend","state":"OR","provider":"Oregon DOT","hls":null,"snapshot":"https://tripcheck.com/RoadCams/cams/I-84 at Farewell Bend EB_pid3686.JPG","refreshMs":30000,"attribution":"Ora (Warner Varnado) · Oregon DOT"}},{"type":"Feature","geometry":{"type":"Point","coordinates":[-117.2384,44.30163]},"properties":{"id":"ora-or-503","name":"I-84 at Farewell Bend","state":"OR","provider":"Oregon DOT","hls":null,"snapshot":"https://tripcheck.com/RoadCams/cams/I-84 at Farewell Bend WB_pid3690.JPG","refreshMs":30000,"attribution":"Ora (Warner Varnado) · Oregon DOT"}},{"type":"Feature","geometry":{"type":"Point","coordinates":[-122.6876,45.50284]},"properties":{"id":"ora-or-504","name":"Portland - SW Sam Jackson at Terwilliger","state":"OR","provider":"Oregon DOT","hls":null,"snapshot":"https://tripcheck.com/RoadCams/cams/SW Sam Jackson at Terwilliger_pid3694.JPG","refreshMs":30000,"attribution":"Ora (Warner Varnado) · Oregon DOT"}},{"type":"Feature","geometry":{"type":"Point","coordinates":[-122.68368,45.50978]},"properties":{"id":"ora-or-505","name":"Portland - SW 6th at I-405","state":"OR","provider":"Oregon DOT","hls":null,"snapshot":"https://tripcheck.com/RoadCams/cams/SW 6th at I-405_pid3698.JPG","refreshMs":30000,"attribution":"Ora (Warner Varnado) · Oregon DOT"}},{"type":"Feature","geometry":{"type":"Point","coordinates":[-122.53762,45.50411]},"properties":{"id":"ora-or-506","name":"Portland - SE 122nd at Division SWC","state":"OR","provider":"Oregon DOT","hls":null,"snapshot":"https://tripcheck.com/RoadCams/cams/SE 122nd at Division EW_pid3702.JPG","refreshMs":30000,"attribution":"Ora (Warner Varnado) · Oregon DOT"}},{"type":"Feature","geometry":{"type":"Point","coordinates":[-122.70129,45.52397]},"properties":{"id":"ora-or-507","name":"Portland - W Burnside at 24th Pl","state":"OR","provider":"Oregon DOT","hls":null,"snapshot":"https://tripcheck.com/RoadCams/cams/W Burnside at 24th Pl_pid3710.JPG","refreshMs":30000,"attribution":"Ora (Warner Varnado) · Oregon DOT"}},{"type":"Feature","geometry":{"type":"Point","coordinates":[-122.71122,45.52292]},"properties":{"id":"ora-or-508","name":"Portland - W Burnside at Tichner","state":"OR","provider":"Oregon DOT","hls":null,"snapshot":"https://tripcheck.com/RoadCams/cams/W. Burnside at Tichner_pid3714.JPG","refreshMs":30000,"attribution":"Ora (Warner Varnado) · Oregon DOT"}},{"type":"Feature","geometry":{"type":"Point","coordinates":[-122.67236,45.52308]},"properties":{"id":"ora-or-509","name":"Portland - W Burnside at 2nd","state":"OR","provider":"Oregon DOT","hls":null,"snapshot":"https://tripcheck.com/RoadCams/cams/W Burnside at 2nd_pid3718.JPG","refreshMs":30000,"attribution":"Ora (Warner Varnado) · Oregon DOT"}},{"type":"Feature","geometry":{"type":"Point","coordinates":[-122.53765,45.50413]},"properties":{"id":"ora-or-510","name":"Portland - SE 122nd at Division NEC","state":"OR","provider":"Oregon DOT","hls":null,"snapshot":"https://tripcheck.com/RoadCams/cams/122nd at Division NS_pid3722.JPG","refreshMs":30000,"attribution":"Ora (Warner Varnado) · Oregon DOT"}},{"type":"Feature","geometry":{"type":"Point","coordinates":[-123.01805,45.26995]},"properties":{"id":"ora-or-511","name":"OR99W at OR18","state":"OR","provider":"Oregon DOT","hls":null,"snapshot":"https://tripcheck.com/RoadCams/cams/ORE99W at ORE18_pid3726.JPG","refreshMs":30000,"attribution":"Ora (Warner Varnado) · Oregon DOT"}},{"type":"Feature","geometry":{"type":"Point","coordinates":[-123.00905,45.27068]},"properties":{"id":"ora-or-512","name":"OR18 at Fulquartz Landing","state":"OR","provider":"Oregon DOT","hls":null,"snapshot":"https://tripcheck.com/RoadCams/cams/ORE18 at Fulquartz Landing_pid3730.JPG","refreshMs":30000,"attribution":"Ora (Warner Varnado) · Oregon DOT"}},{"type":"Feature","geometry":{"type":"Point","coordinates":[-122.99959,45.27515]},"properties":{"id":"ora-or-513","name":"OR18 at 8th St","state":"OR","provider":"Oregon DOT","hls":null,"snapshot":"https://tripcheck.com/RoadCams/cams/ORE18 at 8th St_pid3734.JPG","refreshMs":30000,"attribution":"Ora (Warner Varnado) · Oregon DOT"}},{"type":"Feature","geometry":{"type":"Point","coordinates":[-122.97925,45.28478]},"properties":{"id":"ora-or-514","name":"OR18 at Waterfront St","state":"OR","provider":"Oregon DOT","hls":null,"snapshot":"https://tripcheck.com/RoadCams/cams/ORE18 at Waterfront St_pid3738.JPG","refreshMs":30000,"attribution":"Ora (Warner Varnado) · Oregon DOT"}},{"type":"Feature","geometry":{"type":"Point","coordinates":[-122.96061,45.29061]},"properties":{"id":"ora-or-515","name":"OR18 at Wynooski Rd","state":"OR","provider":"Oregon DOT","hls":null,"snapshot":"https://tripcheck.com/RoadCams/cams/ORE18 at Wynooski Rd_pid3742.JPG","refreshMs":30000,"attribution":"Ora (Warner Varnado) · Oregon DOT"}},{"type":"Feature","geometry":{"type":"Point","coordinates":[-122.94748,45.29023]},"properties":{"id":"ora-or-516","name":"OR219 at OR18","state":"OR","provider":"Oregon DOT","hls":null,"snapshot":"https://tripcheck.com/RoadCams/cams/ORE219 at ORE18_pid3746.JPG","refreshMs":30000,"attribution":"Ora (Warner Varnado) · Oregon DOT"}},{"type":"Feature","geometry":{"type":"Point","coordinates":[-122.94956,45.29354]},"properties":{"id":"ora-or-517","name":"OR219 at Springbrook Rd","state":"OR","provider":"Oregon DOT","hls":null,"snapshot":"https://tripcheck.com/RoadCams/cams/ORE219 at Springbrook Rd_pid3750.JPG","refreshMs":30000,"attribution":"Ora (Warner Varnado) · Oregon DOT"}},{"type":"Feature","geometry":{"type":"Point","coordinates":[-122.94698,45.29898]},"properties":{"id":"ora-or-518","name":"OR18 at Fernwood Rd","state":"OR","provider":"Oregon DOT","hls":null,"snapshot":"https://tripcheck.com/RoadCams/cams/ORE18 at Fernwood Rd_pid3754.JPG","refreshMs":30000,"attribution":"Ora (Warner Varnado) · Oregon DOT"}},{"type":"Feature","geometry":{"type":"Point","coordinates":[-122.94658,45.3064]},"properties":{"id":"ora-or-519","name":"OR99W at Springbrook Rd","state":"OR","provider":"Oregon DOT","hls":null,"snapshot":"https://tripcheck.com/RoadCams/cams/ORE99W at Springbrook Rd_pid3758.JPG","refreshMs":30000,"attribution":"Ora (Warner Varnado) · Oregon DOT"}},{"type":"Feature","geometry":{"type":"Point","coordinates":[-122.70838,45.36686]},"properties":{"id":"ora-or-520","name":"Clackamas Co - Stafford Rd at Ek Rd","state":"OR","provider":"Oregon DOT","hls":null,"snapshot":"https://tripcheck.com/RoadCams/cams/Stafford Rd at Ek Rd_pid3762.JPG","refreshMs":30000,"attribution":"Ora (Warner Varnado) · Oregon DOT"}},{"type":"Feature","geometry":{"type":"Point","coordinates":[-122.70838,45.36686]},"properties":{"id":"ora-or-521","name":"Clackamas Co - Stafford Rd at Ek Rd","state":"OR","provider":"Oregon DOT","hls":null,"snapshot":"https://tripcheck.com/RoadCams/cams/Stafford Rd at Ek Rd S_pid3766.JPG","refreshMs":30000,"attribution":"Ora (Warner Varnado) · Oregon DOT"}},{"type":"Feature","geometry":{"type":"Point","coordinates":[-122.89072,45.53872]},"properties":{"id":"ora-or-522","name":"Washington County - Cornell Rd at Rock Creek Tr","state":"OR","provider":"Oregon DOT","hls":null,"snapshot":"https://tripcheck.com/RoadCams/cams/Cornell Rd at Rock Creek Tr_pid3774.JPG","refreshMs":30000,"attribution":"Ora (Warner Varnado) · Oregon DOT"}},{"type":"Feature","geometry":{"type":"Point","coordinates":[-122.89994,45.54637]},"properties":{"id":"ora-or-523","name":"Washington County - Cornelius Pass Rd at Evergreen Pkwy","state":"OR","provider":"Oregon DOT","hls":null,"snapshot":"https://tripcheck.com/RoadCams/cams/Cornelius Pass Rd at Evergreen Pkwy_pid3778.JPG","refreshMs":30000,"attribution":"Ora (Warner Varnado) · Oregon DOT"}},{"type":"Feature","geometry":{"type":"Point","coordinates":[-123.09123,45.51048]},"properties":{"id":"ora-or-524","name":"Washington County - Fern Hill Rd at Taylor Way","state":"OR","provider":"Oregon DOT","hls":null,"snapshot":"https://tripcheck.com/RoadCams/cams/Fern Hill Rd at Taylor Way_pid3782.JPG","refreshMs":30000,"attribution":"Ora (Warner Varnado) · Oregon DOT"}},{"type":"Feature","geometry":{"type":"Point","coordinates":[-123.84756,42.96334]},"properties":{"id":"ora-or-525","name":"OR42 at Coos County Line","state":"OR","provider":"Oregon DOT","hls":null,"snapshot":"https://tripcheck.com/RoadCams/cams/ORE42 at Coos County Line_pid3786.JPG","refreshMs":30000,"attribution":"Ora (Warner Varnado) · Oregon DOT"}},{"type":"Feature","geometry":{"type":"Point","coordinates":[-122.58203,45.42245]},"properties":{"id":"ora-or-526","name":"OR224 at Johnson Rd","state":"OR","provider":"Oregon DOT","hls":null,"snapshot":"https://tripcheck.com/RoadCams/cams/ORE 224 at Johnson Rd_pid3790.jpg","refreshMs":30000,"attribution":"Ora (Warner Varnado) · Oregon DOT"}},{"type":"Feature","geometry":{"type":"Point","coordinates":[-122.63218,45.44666]},"properties":{"id":"ora-or-527","name":"OR224 a Harrison St","state":"OR","provider":"Oregon DOT","hls":null,"snapshot":"https://tripcheck.com/RoadCams/cams/ORE 224 a Harrison St_pid3794.jpg","refreshMs":30000,"attribution":"Ora (Warner Varnado) · Oregon DOT"}},{"type":"Feature","geometry":{"type":"Point","coordinates":[-122.50491,45.40947]},"properties":{"id":"ora-or-528","name":"OR224 at ORE212","state":"OR","provider":"Oregon DOT","hls":null,"snapshot":"https://tripcheck.com/RoadCams/cams/ORE224 at OR212_pid3798.jpg","refreshMs":30000,"attribution":"Ora (Warner Varnado) · Oregon DOT"}},{"type":"Feature","geometry":{"type":"Point","coordinates":[-122.5246,45.41047]},"properties":{"id":"ora-or-529","name":"OR224 at 135th Ave","state":"OR","provider":"Oregon DOT","hls":null,"snapshot":"https://tripcheck.com/RoadCams/cams/ORE224 at 135th Ave_pid3802.jpg","refreshMs":30000,"attribution":"Ora (Warner Varnado) · Oregon DOT"}},{"type":"Feature","geometry":{"type":"Point","coordinates":[-122.96946,46.09594]},"properties":{"id":"ora-or-530","name":"US30 at Lewis and Clark Bridge","state":"OR","provider":"Oregon DOT","hls":null,"snapshot":"https://tripcheck.com/RoadCams/cams/US30 at Lewis and Clark Bridge NB_pid3814.JPG","refreshMs":30000,"attribution":"Ora (Warner Varnado) · Oregon DOT"}},{"type":"Feature","geometry":{"type":"Point","coordinates":[-122.96946,46.09594]},"properties":{"id":"ora-or-531","name":"US30 at Lewis and Clark Bridge","state":"OR","provider":"Oregon DOT","hls":null,"snapshot":"https://tripcheck.com/RoadCams/cams/US30 at Lewis and Clark Bridge EB_pid3818.JPG","refreshMs":30000,"attribution":"Ora (Warner Varnado) · Oregon DOT"}},{"type":"Feature","geometry":{"type":"Point","coordinates":[-121.60809,45.13251]},"properties":{"id":"ora-or-532","name":"US26 at OR216 Jct","state":"OR","provider":"Oregon DOT","hls":null,"snapshot":"https://tripcheck.com/RoadCams/cams/US26 at ORE216 Jct_pid3822.JPG","refreshMs":30000,"attribution":"Ora (Warner Varnado) · Oregon DOT"}},{"type":"Feature","geometry":{"type":"Point","coordinates":[-122.67896,45.47635]},"properties":{"id":"ora-or-533","name":"I-5 at Terwilliger","state":"OR","provider":"Oregon DOT","hls":null,"snapshot":"https://tripcheck.com/RoadCams/cams/I-5 at Terwilliger_pid3826.JPG","refreshMs":30000,"attribution":"Ora (Warner Varnado) · Oregon DOT"}},{"type":"Feature","geometry":{"type":"Point","coordinates":[-121.29476,44.10955]},"properties":{"id":"ora-or-534","name":"US97 at Cooley Rd.","state":"OR","provider":"Oregon DOT","hls":null,"snapshot":"https://tripcheck.com/RoadCams/cams/US97 at Cooley Rd_pid3830.JPG","refreshMs":30000,"attribution":"Ora (Warner Varnado) · Oregon DOT"}},{"type":"Feature","geometry":{"type":"Point","coordinates":[-118.7168,45.6565]},"properties":{"id":"ora-or-535","name":"I-84 at Pendleton MP214","state":"OR","provider":"Oregon DOT","hls":null,"snapshot":"https://tripcheck.com/RoadCams/cams/I-84 at Pendleton_pid3834.JPG","refreshMs":30000,"attribution":"Ora (Warner Varnado) · Oregon DOT"}},{"type":"Feature","geometry":{"type":"Point","coordinates":[-118.7168,45.6565]},"properties":{"id":"ora-or-536","name":"I-84 at Pendleton MP214","state":"OR","provider":"Oregon DOT","hls":null,"snapshot":"https://tripcheck.com/RoadCams/cams/I-84 at Pendleton MP214_pid3838.JPG","refreshMs":30000,"attribution":"Ora (Warner Varnado) · Oregon DOT"}},{"type":"Feature","geometry":{"type":"Point","coordinates":[-123.53312,44.05435]},"properties":{"id":"ora-or-537","name":"OR126 at Walton (Cougar/Badger Pass)","state":"OR","provider":"Oregon DOT","hls":null,"snapshot":"https://tripcheck.com/RoadCams/cams/ORE126 at Veneta_pid3842.JPG","refreshMs":30000,"attribution":"Ora (Warner Varnado) · Oregon DOT"}},{"type":"Feature","geometry":{"type":"Point","coordinates":[-123.53312,44.05435]},"properties":{"id":"ora-or-538","name":"OR126 at Walton (Cougar/Badger Pass)","state":"OR","provider":"Oregon DOT","hls":null,"snapshot":"https://tripcheck.com/RoadCams/cams/ORE126 at Veneta_pid3846.JPG","refreshMs":30000,"attribution":"Ora (Warner Varnado) · Oregon DOT"}},{"type":"Feature","geometry":{"type":"Point","coordinates":[-119.15255,45.75381]},"properties":{"id":"ora-or-539","name":"I-84 at Echo","state":"OR","provider":"Oregon DOT","hls":null,"snapshot":"https://tripcheck.com/RoadCams/cams/I-84 at Echo WB_pid3850.jpg","refreshMs":30000,"attribution":"Ora (Warner Varnado) · Oregon DOT"}},{"type":"Feature","geometry":{"type":"Point","coordinates":[-119.15255,45.75381]},"properties":{"id":"ora-or-540","name":"I-84 at Echo","state":"OR","provider":"Oregon DOT","hls":null,"snapshot":"https://tripcheck.com/RoadCams/cams/I-84 at Echo EB_pid3854.jpg","refreshMs":30000,"attribution":"Ora (Warner Varnado) · Oregon DOT"}},{"type":"Feature","geometry":{"type":"Point","coordinates":[-123.19797,45.2093]},"properties":{"id":"ora-or-541","name":"OR99W at 2nd St","state":"OR","provider":"Oregon DOT","hls":null,"snapshot":"https://tripcheck.com/RoadCams/cams/ORE99W at 2nd St NB_pid3858.jpg","refreshMs":30000,"attribution":"Ora (Warner Varnado) · Oregon DOT"}},{"type":"Feature","geometry":{"type":"Point","coordinates":[-123.19911,45.2093]},"properties":{"id":"ora-or-542","name":"OR99W at 2nd St","state":"OR","provider":"Oregon DOT","hls":null,"snapshot":"https://tripcheck.com/RoadCams/cams/ORE99W at 2nd St SB_pid3862.jpg","refreshMs":30000,"attribution":"Ora (Warner Varnado) · Oregon DOT"}},{"type":"Feature","geometry":{"type":"Point","coordinates":[-121.1695,44.27271]},"properties":{"id":"ora-or-543","name":"US97 at Evergreen / ORE126","state":"OR","provider":"Oregon DOT","hls":null,"snapshot":"https://tripcheck.com/RoadCams/cams/US97 at Evergreen_pid3866.jpg","refreshMs":30000,"attribution":"Ora (Warner Varnado) · Oregon DOT"}},{"type":"Feature","geometry":{"type":"Point","coordinates":[-116.942,44.0084]},"properties":{"id":"ora-or-544","name":"I-84 at Snake River","state":"OR","provider":"Oregon DOT","hls":null,"snapshot":"https://tripcheck.com/RoadCams/cams/Snake River_pid3870.jpg","refreshMs":30000,"attribution":"Ora (Warner Varnado) · Oregon DOT"}},{"type":"Feature","geometry":{"type":"Point","coordinates":[-121.64452,45.31122]},"properties":{"id":"ora-or-545","name":"OR35 at Meadows Dr","state":"OR","provider":"Oregon DOT","hls":null,"snapshot":"https://tripcheck.com/RoadCams/cams/ORE35 at Meadows Dr SB_pid3874.jpg","refreshMs":30000,"attribution":"Ora (Warner Varnado) · Oregon DOT"}},{"type":"Feature","geometry":{"type":"Point","coordinates":[-118.42187,45.83558]},"properties":{"id":"ora-or-546","name":"OR11 at OR204","state":"OR","provider":"Oregon DOT","hls":null,"snapshot":"https://tripcheck.com/RoadCams/cams/ORE11 at OR204 EB_pid3878.jpg","refreshMs":30000,"attribution":"Ora (Warner Varnado) · Oregon DOT"}},{"type":"Feature","geometry":{"type":"Point","coordinates":[-118.42187,45.83558]},"properties":{"id":"ora-or-547","name":"OR11 at OR204","state":"OR","provider":"Oregon DOT","hls":null,"snapshot":"https://tripcheck.com/RoadCams/cams/ORE11 at OR204 NB_pid3882.jpg","refreshMs":30000,"attribution":"Ora (Warner Varnado) · Oregon DOT"}},{"type":"Feature","geometry":{"type":"Point","coordinates":[-118.42187,45.83558]},"properties":{"id":"ora-or-548","name":"OR11 at OR204","state":"OR","provider":"Oregon DOT","hls":null,"snapshot":"https://tripcheck.com/RoadCams/cams/ORE11 at OR204 WB_pid3886.jpg","refreshMs":30000,"attribution":"Ora (Warner Varnado) · Oregon DOT"}},{"type":"Feature","geometry":{"type":"Point","coordinates":[-122.6057,45.43004]},"properties":{"id":"ora-or-549","name":"OR224 at Harmony Rd","state":"OR","provider":"Oregon DOT","hls":null,"snapshot":"https://tripcheck.com/RoadCams/cams/ORE224 at Harmony Rd_pid3890.jpg","refreshMs":30000,"attribution":"Ora (Warner Varnado) · Oregon DOT"}},{"type":"Feature","geometry":{"type":"Point","coordinates":[-122.92135,44.88624]},"properties":{"id":"ora-or-550","name":"OR22 at OSCI Hill","state":"OR","provider":"Oregon DOT","hls":null,"snapshot":"https://tripcheck.com/RoadCams/cams/ORE22 at OSCI Hill WB_pid3894.jpg","refreshMs":30000,"attribution":"Ora (Warner Varnado) · Oregon DOT"}},{"type":"Feature","geometry":{"type":"Point","coordinates":[-122.92135,44.88624]},"properties":{"id":"ora-or-551","name":"OR22 at OSCI Hill","state":"OR","provider":"Oregon DOT","hls":null,"snapshot":"https://tripcheck.com/RoadCams/cams/ORE22 at OSCI Hill EB_pid3898.jpg","refreshMs":30000,"attribution":"Ora (Warner Varnado) · Oregon DOT"}},{"type":"Feature","geometry":{"type":"Point","coordinates":[-123.06104,44.55614]},"properties":{"id":"ora-or-552","name":"I-5 at OR34","state":"OR","provider":"Oregon DOT","hls":null,"snapshot":"https://tripcheck.com/RoadCams/cams/I-5 at ORE34 NB_pid3903.jpg","refreshMs":30000,"attribution":"Ora (Warner Varnado) · Oregon DOT"}},{"type":"Feature","geometry":{"type":"Point","coordinates":[-117.17915,44.25949]},"properties":{"id":"ora-or-553","name":"OR201N at I-84 EB Onramp","state":"OR","provider":"Oregon DOT","hls":null,"snapshot":"https://tripcheck.com/RoadCams/cams/ORE201N at I-84 EB Onramp_pid3907.JPG","refreshMs":30000,"attribution":"Ora (Warner Varnado) · Oregon DOT"}},{"type":"Feature","geometry":{"type":"Point","coordinates":[-123.38765,45.00737]},"properties":{"id":"ora-or-554","name":"OR22 at Butler Hill","state":"OR","provider":"Oregon DOT","hls":null,"snapshot":"https://tripcheck.com/RoadCams/cams/ORE22 at Butler Hill EB_pid3911.jpg","refreshMs":30000,"attribution":"Ora (Warner Varnado) · Oregon DOT"}},{"type":"Feature","geometry":{"type":"Point","coordinates":[-123.38765,45.00737]},"properties":{"id":"ora-or-555","name":"OR22 at Butler Hill","state":"OR","provider":"Oregon DOT","hls":null,"snapshot":"https://tripcheck.com/RoadCams/cams/ORE22 at Butler HillWB_pid3915.jpg","refreshMs":30000,"attribution":"Ora (Warner Varnado) · Oregon DOT"}},{"type":"Feature","geometry":{"type":"Point","coordinates":[-123.23519,44.5637]},"properties":{"id":"ora-or-556","name":"OR34 at Peoria Rd","state":"OR","provider":"Oregon DOT","hls":null,"snapshot":"https://tripcheck.com/RoadCams/cams/ORE34 at Peoria Rd EB_pid3919.jpg","refreshMs":30000,"attribution":"Ora (Warner Varnado) · Oregon DOT"}},{"type":"Feature","geometry":{"type":"Point","coordinates":[-122.82631,45.46554]},"properties":{"id":"ora-or-557","name":"Washington County - Murray Blvd at Hart Rd","state":"OR","provider":"Oregon DOT","hls":null,"snapshot":"https://tripcheck.com/RoadCams/cams/Murray Blvd at Hart_pid3923.jpg","refreshMs":30000,"attribution":"Ora (Warner Varnado) · Oregon DOT"}},{"type":"Feature","geometry":{"type":"Point","coordinates":[-122.82617,45.45296]},"properties":{"id":"ora-or-558","name":"Washington County - Murray Blvd at Beard St","state":"OR","provider":"Oregon DOT","hls":null,"snapshot":"https://tripcheck.com/RoadCams/cams/Murray Blvd at Beard St_pid3927.JPG","refreshMs":30000,"attribution":"Ora (Warner Varnado) · Oregon DOT"}},{"type":"Feature","geometry":{"type":"Point","coordinates":[-122.87433,45.54069]},"properties":{"id":"ora-or-559","name":"Washington County - Evergreen Pkwy at Stucki Ave","state":"OR","provider":"Oregon DOT","hls":null,"snapshot":"https://tripcheck.com/RoadCams/cams/Evergreen Pkwy at Stucki Ave_pid3931.JPG","refreshMs":30000,"attribution":"Ora (Warner Varnado) · Oregon DOT"}},{"type":"Feature","geometry":{"type":"Point","coordinates":[-122.74901,45.40521]},"properties":{"id":"ora-or-560","name":"Washington County - Upper Boones Ferry Rd at Carman Dr","state":"OR","provider":"Oregon DOT","hls":null,"snapshot":"https://tripcheck.com/RoadCams/cams/Upper Boones Ferry Rd at Carman Dr_pid3935.JPG","refreshMs":30000,"attribution":"Ora (Warner Varnado) · Oregon DOT"}},{"type":"Feature","geometry":{"type":"Point","coordinates":[-122.7525,45.40221]},"properties":{"id":"ora-or-561","name":"Washington County - Durham Rd at Upper Boones Ferry Rd","state":"OR","provider":"Oregon DOT","hls":null,"snapshot":"https://tripcheck.com/RoadCams/cams/Durham Rd at Upper Boones Ferry Rd_pid3939.JPG","refreshMs":30000,"attribution":"Ora (Warner Varnado) · Oregon DOT"}},{"type":"Feature","geometry":{"type":"Point","coordinates":[-122.79465,45.40414]},"properties":{"id":"ora-or-562","name":"Washington County - Durham Rd at Summerfield Dr","state":"OR","provider":"Oregon DOT","hls":null,"snapshot":"https://tripcheck.com/RoadCams/cams/Durham Rd at Summerfield Dr_pid3943.JPG","refreshMs":30000,"attribution":"Ora (Warner Varnado) · Oregon DOT"}},{"type":"Feature","geometry":{"type":"Point","coordinates":[-122.76472,45.40438]},"properties":{"id":"ora-or-563","name":"Washington County - Durham Rd at Hall Blvd","state":"OR","provider":"Oregon DOT","hls":null,"snapshot":"https://tripcheck.com/RoadCams/cams/Durham Rd at Hall Blvd_pid3947.JPG","refreshMs":30000,"attribution":"Ora (Warner Varnado) · Oregon DOT"}},{"type":"Feature","geometry":{"type":"Point","coordinates":[-122.77145,45.40426]},"properties":{"id":"ora-or-564","name":"Washington County - Durham Rd at 92nd Ave","state":"OR","provider":"Oregon DOT","hls":null,"snapshot":"https://tripcheck.com/RoadCams/cams/Durham Rd at 92nd Ave_pid3951.JPG","refreshMs":30000,"attribution":"Ora (Warner Varnado) · Oregon DOT"}},{"type":"Feature","geometry":{"type":"Point","coordinates":[-122.84306,45.52963]},"properties":{"id":"ora-or-565","name":"Washington County - Cornell Rd at Bethany Blvd","state":"OR","provider":"Oregon DOT","hls":null,"snapshot":"https://tripcheck.com/RoadCams/cams/Cornell Rd at Bethany Blvd_pid3955.JPG","refreshMs":30000,"attribution":"Ora (Warner Varnado) · Oregon DOT"}},{"type":"Feature","geometry":{"type":"Point","coordinates":[-122.85456,45.53474]},"properties":{"id":"ora-or-566","name":"Washington County - Cornell Rd at 173rd Ave","state":"OR","provider":"Oregon DOT","hls":null,"snapshot":"https://tripcheck.com/RoadCams/cams/Cornell Rd at 173rd Ave_pid3959.JPG","refreshMs":30000,"attribution":"Ora (Warner Varnado) · Oregon DOT"}},{"type":"Feature","geometry":{"type":"Point","coordinates":[-122.84027,45.52957]},"properties":{"id":"ora-or-567","name":"Washington County - Cornell Rd at 158th Ave","state":"OR","provider":"Oregon DOT","hls":null,"snapshot":"https://tripcheck.com/RoadCams/cams/Cornell Rd at 158th Ave_pid3963.JPG","refreshMs":30000,"attribution":"Ora (Warner Varnado) · Oregon DOT"}},{"type":"Feature","geometry":{"type":"Point","coordinates":[-122.75912,45.3847]},"properties":{"id":"ora-or-568","name":"Washington County - Boones Ferry Rd at Martinazzi Ave","state":"OR","provider":"Oregon DOT","hls":null,"snapshot":"https://tripcheck.com/RoadCams/cams/Boones Ferry Rd at Martinazzi Ave_pid3967.JPG","refreshMs":30000,"attribution":"Ora (Warner Varnado) · Oregon DOT"}},{"type":"Feature","geometry":{"type":"Point","coordinates":[-122.74385,45.37558]},"properties":{"id":"ora-or-569","name":"Washington County - 65th Ave at Sagert St","state":"OR","provider":"Oregon DOT","hls":null,"snapshot":"https://tripcheck.com/RoadCams/cams/65th Ave at Sagert St_pid3971.JPG","refreshMs":30000,"attribution":"Ora (Warner Varnado) · Oregon DOT"}},{"type":"Feature","geometry":{"type":"Point","coordinates":[-122.83971,45.51671]},"properties":{"id":"ora-or-570","name":"Washington County - 158th Ave at Walker Rd","state":"OR","provider":"Oregon DOT","hls":null,"snapshot":"https://tripcheck.com/RoadCams/cams/158th Ave at Walker Rd_pid3975.JPG","refreshMs":30000,"attribution":"Ora (Warner Varnado) · Oregon DOT"}},{"type":"Feature","geometry":{"type":"Point","coordinates":[-122.86157,42.35945]},"properties":{"id":"ora-or-571","name":"OR62 at Delta Waters","state":"OR","provider":"Oregon DOT","hls":null,"snapshot":"https://tripcheck.com/RoadCams/cams/ORE62 at Delta Waters_pid3979.jpg","refreshMs":30000,"attribution":"Ora (Warner Varnado) · Oregon DOT"}},{"type":"Feature","geometry":{"type":"Point","coordinates":[-123.89081,44.67438]},"properties":{"id":"ora-or-572","name":"US20 at Pioneer Mountain","state":"OR","provider":"Oregon DOT","hls":null,"snapshot":"https://tripcheck.com/RoadCams/cams/US20 at Pioneer Mountain EB_pid3983.JPG","refreshMs":30000,"attribution":"Ora (Warner Varnado) · Oregon DOT"}},{"type":"Feature","geometry":{"type":"Point","coordinates":[-123.89081,44.67438]},"properties":{"id":"ora-or-573","name":"US20 at Pioneer Mountain","state":"OR","provider":"Oregon DOT","hls":null,"snapshot":"https://tripcheck.com/RoadCams/cams/US20 at Pioneer Mountain WB_pid3987.JPG","refreshMs":30000,"attribution":"Ora (Warner Varnado) · Oregon DOT"}},{"type":"Feature","geometry":{"type":"Point","coordinates":[-119.02047,43.61422]},"properties":{"id":"ora-or-574","name":"US20 at US395 Burns","state":"OR","provider":"Oregon DOT","hls":null,"snapshot":"https://tripcheck.com/RoadCams/cams/US20 at US395 Burns EB_pid3991.JPG","refreshMs":30000,"attribution":"Ora (Warner Varnado) · Oregon DOT"}},{"type":"Feature","geometry":{"type":"Point","coordinates":[-122.132,43.12657]},"properties":{"id":"ora-or-575","name":"OR138 at Diamond Lake Jct","state":"OR","provider":"Oregon DOT","hls":null,"snapshot":"https://tripcheck.com/RoadCams/cams/ORE138 at Diamond Lake Jct. W_pid3995.JPG","refreshMs":30000,"attribution":"Ora (Warner Varnado) · Oregon DOT"}},{"type":"Feature","geometry":{"type":"Point","coordinates":[-123.35445,43.11135]},"properties":{"id":"ora-or-576","name":"I-5 at Roberts Mountain","state":"OR","provider":"Oregon DOT","hls":null,"snapshot":"https://tripcheck.com/RoadCams/cams/I-5 at Roberts Mountain N_pid3999.JPG","refreshMs":30000,"attribution":"Ora (Warner Varnado) · Oregon DOT"}},{"type":"Feature","geometry":{"type":"Point","coordinates":[-123.35445,43.11135]},"properties":{"id":"ora-or-577","name":"I-5 at Roberts Mountain","state":"OR","provider":"Oregon DOT","hls":null,"snapshot":"https://tripcheck.com/RoadCams/cams/I-5 at Roberts Mountain S_pid4003.JPG","refreshMs":30000,"attribution":"Ora (Warner Varnado) · Oregon DOT"}},{"type":"Feature","geometry":{"type":"Point","coordinates":[-122.54065,45.43008]},"properties":{"id":"ora-or-578","name":"Clackamas Co - 119th at Sunnyside","state":"OR","provider":"Oregon DOT","hls":null,"snapshot":"https://tripcheck.com/RoadCams/cams/119th at Sunnyside_pid4011.JPG","refreshMs":30000,"attribution":"Ora (Warner Varnado) · Oregon DOT"}},{"type":"Feature","geometry":{"type":"Point","coordinates":[-122.53798,45.41854]},"properties":{"id":"ora-or-579","name":"Clackamas Co - 122nd at Summers Lane","state":"OR","provider":"Oregon DOT","hls":null,"snapshot":"https://tripcheck.com/RoadCams/cams/122nd at Summers Lane_pid4015.JPG","refreshMs":30000,"attribution":"Ora (Warner Varnado) · Oregon DOT"}},{"type":"Feature","geometry":{"type":"Point","coordinates":[-122.57503,45.45684]},"properties":{"id":"ora-or-580","name":"Clackamas Co - Johnson Creek Blvd at Fuller Rd","state":"OR","provider":"Oregon DOT","hls":null,"snapshot":"https://tripcheck.com/RoadCams/cams/Johnson Creek Blvd at Fuller Rd_pid4019.JPG","refreshMs":30000,"attribution":"Ora (Warner Varnado) · Oregon DOT"}},{"type":"Feature","geometry":{"type":"Point","coordinates":[-122.6466,45.36928]},"properties":{"id":"ora-or-581","name":"Clackamas Co - Rosemont at Santa Anita","state":"OR","provider":"Oregon DOT","hls":null,"snapshot":"https://tripcheck.com/RoadCams/cams/Rosemont at Santa Anita_pid4023.JPG","refreshMs":30000,"attribution":"Ora (Warner Varnado) · Oregon DOT"}},{"type":"Feature","geometry":{"type":"Point","coordinates":[-122.572,45.33108]},"properties":{"id":"ora-or-582","name":"Clackamas Co - Beavercreek Rd at Maple Lane","state":"OR","provider":"Oregon DOT","hls":null,"snapshot":"https://tripcheck.com/RoadCams/cams/Beavercreek Rd at Maple Lane_pid4027.JPG","refreshMs":30000,"attribution":"Ora (Warner Varnado) · Oregon DOT"}},{"type":"Feature","geometry":{"type":"Point","coordinates":[-122.54716,45.30963]},"properties":{"id":"ora-or-583","name":"Clackamas Co - Beavercreek at Henrici","state":"OR","provider":"Oregon DOT","hls":null,"snapshot":"https://tripcheck.com/RoadCams/cams/Beavercreek at Henrici_pid4031.JPG","refreshMs":30000,"attribution":"Ora (Warner Varnado) · Oregon DOT"}},{"type":"Feature","geometry":{"type":"Point","coordinates":[-122.56872,45.45055]},"properties":{"id":"ora-or-584","name":"Clackamas Co - 92nd at Bob Schumacher","state":"OR","provider":"Oregon DOT","hls":null,"snapshot":"https://tripcheck.com/RoadCams/cams/92nd at Bob Schumacher_pid4035.JPG","refreshMs":30000,"attribution":"Ora (Warner Varnado) · Oregon DOT"}},{"type":"Feature","geometry":{"type":"Point","coordinates":[-121.29943,44.10266]},"properties":{"id":"ora-or-585","name":"US97 at Robal Rd","state":"OR","provider":"Oregon DOT","hls":null,"snapshot":"https://tripcheck.com/RoadCams/cams/US97 at Robal Rd_pid4039.JPG","refreshMs":30000,"attribution":"Ora (Warner Varnado) · Oregon DOT"}},{"type":"Feature","geometry":{"type":"Point","coordinates":[-122.89461,45.32243]},"properties":{"id":"ora-or-586","name":"OR99W at Rex Hill","state":"OR","provider":"Oregon DOT","hls":null,"snapshot":"https://tripcheck.com/RoadCams/cams/ORE99W at Rex Hill_pid4043.JPG","refreshMs":30000,"attribution":"Ora (Warner Varnado) · Oregon DOT"}},{"type":"Feature","geometry":{"type":"Point","coordinates":[-122.89461,45.32243]},"properties":{"id":"ora-or-587","name":"OR99W at Rex Hill","state":"OR","provider":"Oregon DOT","hls":null,"snapshot":"https://tripcheck.com/RoadCams/cams/ORE99W at Rex Hill N_pid4047.jpg","refreshMs":30000,"attribution":"Ora (Warner Varnado) · Oregon DOT"}},{"type":"Feature","geometry":{"type":"Point","coordinates":[-123.02109,46.09593]},"properties":{"id":"ora-or-588","name":"US30 at Rainier Summit","state":"OR","provider":"Oregon DOT","hls":null,"snapshot":"https://tripcheck.com/RoadCams/cams/US30 at Rainier Summit WB_pid4051.JPG","refreshMs":30000,"attribution":"Ora (Warner Varnado) · Oregon DOT"}},{"type":"Feature","geometry":{"type":"Point","coordinates":[-123.02109,46.09593]},"properties":{"id":"ora-or-589","name":"US30 at Rainier Summit","state":"OR","provider":"Oregon DOT","hls":null,"snapshot":"https://tripcheck.com/RoadCams/cams/US30 at Rainier Summit EB_pid4055.jpg","refreshMs":30000,"attribution":"Ora (Warner Varnado) · Oregon DOT"}},{"type":"Feature","geometry":{"type":"Point","coordinates":[-120.93793,44.90404]},"properties":{"id":"ora-or-590","name":"US97 at Cow Canyon","state":"OR","provider":"Oregon DOT","hls":null,"snapshot":"https://tripcheck.com/RoadCams/cams/US97 at Cow Canyon N_pid4063.JPG","refreshMs":30000,"attribution":"Ora (Warner Varnado) · Oregon DOT"}},{"type":"Feature","geometry":{"type":"Point","coordinates":[-120.93793,44.90404]},"properties":{"id":"ora-or-591","name":"US97 at Cow Canyon","state":"OR","provider":"Oregon DOT","hls":null,"snapshot":"https://tripcheck.com/RoadCams/cams/US97 at Cow Canyon S_pid4065.JPG","refreshMs":30000,"attribution":"Ora (Warner Varnado) · Oregon DOT"}},{"type":"Feature","geometry":{"type":"Point","coordinates":[-121.14249,45.34324]},"properties":{"id":"ora-or-592","name":"US197 at Tygh Ridge","state":"OR","provider":"Oregon DOT","hls":null,"snapshot":"https://tripcheck.com/RoadCams/cams/US197 at Tygh Ridge N_pid4069.JPG","refreshMs":30000,"attribution":"Ora (Warner Varnado) · Oregon DOT"}},{"type":"Feature","geometry":{"type":"Point","coordinates":[-121.24373,44.18115]},"properties":{"id":"ora-or-593","name":"US97 at SW 61st St S","state":"OR","provider":"Oregon DOT","hls":null,"snapshot":"https://tripcheck.com/RoadCams/cams/US97 at SW 61st St S_pid4073.JPG","refreshMs":30000,"attribution":"Ora (Warner Varnado) · Oregon DOT"}},{"type":"Feature","geometry":{"type":"Point","coordinates":[-123.09645,43.75657]},"properties":{"id":"ora-or-594","name":"I-5 at Martin Creek","state":"OR","provider":"Oregon DOT","hls":null,"snapshot":"https://tripcheck.com/RoadCams/cams/I-5 at Martin CreekN_pid4077.jpg","refreshMs":30000,"attribution":"Ora (Warner Varnado) · Oregon DOT"}},{"type":"Feature","geometry":{"type":"Point","coordinates":[-119.17391,45.90254]},"properties":{"id":"ora-or-595","name":"US730 at Hatrock","state":"OR","provider":"Oregon DOT","hls":null,"snapshot":"https://tripcheck.com/RoadCams/cams/US730 at Hatrock_pid4081.jpg","refreshMs":30000,"attribution":"Ora (Warner Varnado) · Oregon DOT"}},{"type":"Feature","geometry":{"type":"Point","coordinates":[-122.22689,44.17278]},"properties":{"id":"ora-or-596","name":"OR126 at McKenzie","state":"OR","provider":"Oregon DOT","hls":null,"snapshot":"https://tripcheck.com/RoadCams/cams/ORE126 at McKenzie E_pid4085.jpg","refreshMs":30000,"attribution":"Ora (Warner Varnado) · Oregon DOT"}},{"type":"Feature","geometry":{"type":"Point","coordinates":[-122.22689,44.17278]},"properties":{"id":"ora-or-597","name":"OR126 at McKenzie","state":"OR","provider":"Oregon DOT","hls":null,"snapshot":"https://tripcheck.com/RoadCams/cams/ORE126 at McKenzie W_pid4089.jpg","refreshMs":30000,"attribution":"Ora (Warner Varnado) · Oregon DOT"}},{"type":"Feature","geometry":{"type":"Point","coordinates":[-123.01488,43.9181]},"properties":{"id":"ora-or-598","name":"OR222 EB at I-5 NB Ramps","state":"OR","provider":"Oregon DOT","hls":null,"snapshot":"https://tripcheck.com/RoadCams/cams/ORE222 EB at I-5 SB Ramps_pid4093.jpg","refreshMs":30000,"attribution":"Ora (Warner Varnado) · Oregon DOT"}},{"type":"Feature","geometry":{"type":"Point","coordinates":[-123.36112,43.10496]},"properties":{"id":"ora-or-599","name":"I-5 at Roberts Mountain","state":"OR","provider":"Oregon DOT","hls":null,"snapshot":"https://tripcheck.com/RoadCams/cams/I-5 at Roberts Mnt N_pid4097.jpg","refreshMs":30000,"attribution":"Ora (Warner Varnado) · Oregon DOT"}},{"type":"Feature","geometry":{"type":"Point","coordinates":[-123.36112,43.10496]},"properties":{"id":"ora-or-600","name":"I-5 at Roberts Mountain","state":"OR","provider":"Oregon DOT","hls":null,"snapshot":"https://tripcheck.com/RoadCams/cams/I-5 at Roberts Mtn S_pid4101.jpg","refreshMs":30000,"attribution":"Ora (Warner Varnado) · Oregon DOT"}},{"type":"Feature","geometry":{"type":"Point","coordinates":[-121.85444,45.30694]},"properties":{"id":"ora-or-601","name":"US26 at USFS Rd 35","state":"OR","provider":"Oregon DOT","hls":null,"snapshot":"https://tripcheck.com/RoadCams/cams/US26 at USFS Rd EB_pid4105.jpg","refreshMs":30000,"attribution":"Ora (Warner Varnado) · Oregon DOT"}},{"type":"Feature","geometry":{"type":"Point","coordinates":[-121.81695,45.30502]},"properties":{"id":"ora-or-602","name":"US26 at Run Away Truck Ramp","state":"OR","provider":"Oregon DOT","hls":null,"snapshot":"https://tripcheck.com/RoadCams/cams/US26 at Run Away Truck Ramp WB_pid4109.jpg","refreshMs":30000,"attribution":"Ora (Warner Varnado) · Oregon DOT"}},{"type":"Feature","geometry":{"type":"Point","coordinates":[-121.78977,45.306]},"properties":{"id":"ora-or-603","name":"US26 at West of Mirror Lake Trailhead","state":"OR","provider":"Oregon DOT","hls":null,"snapshot":"https://tripcheck.com/RoadCams/cams/US26 at West of Mirror Lake Trailhead WB_pid4113.jpg","refreshMs":30000,"attribution":"Ora (Warner Varnado) · Oregon DOT"}},{"type":"Feature","geometry":{"type":"Point","coordinates":[-121.7787,45.3029]},"properties":{"id":"ora-or-604","name":"US26 at Ski Bowl West","state":"OR","provider":"Oregon DOT","hls":null,"snapshot":"https://tripcheck.com/RoadCams/cams/US26 at Ski Bowl West EB_pid4117.jpg","refreshMs":30000,"attribution":"Ora (Warner Varnado) · Oregon DOT"}},{"type":"Feature","geometry":{"type":"Point","coordinates":[-121.56578,45.51753]},"properties":{"id":"ora-or-605","name":"OR35 at Parkdale Maint","state":"OR","provider":"Oregon DOT","hls":null,"snapshot":"https://tripcheck.com/RoadCams/cams/ORE35 at Parkdale Maint SB_pid4121.jpg","refreshMs":30000,"attribution":"Ora (Warner Varnado) · Oregon DOT"}},{"type":"Feature","geometry":{"type":"Point","coordinates":[-122.93822,44.05551]},"properties":{"id":"ora-or-606","name":"OR126 at 52nd","state":"OR","provider":"Oregon DOT","hls":null,"snapshot":"https://tripcheck.com/RoadCams/cams/I-105 at 52nd_pid4125.jpg","refreshMs":30000,"attribution":"Ora (Warner Varnado) · Oregon DOT"}},{"type":"Feature","geometry":{"type":"Point","coordinates":[-123.10189,44.05213]},"properties":{"id":"ora-or-607","name":"Eugene - 7th at Jefferson","state":"OR","provider":"Oregon DOT","hls":null,"snapshot":"https://tripcheck.com/RoadCams/cams/7th at Jefferson_pid4129.jpg","refreshMs":30000,"attribution":"Ora (Warner Varnado) · Oregon DOT"}},{"type":"Feature","geometry":{"type":"Point","coordinates":[-123.1228,44.05334]},"properties":{"id":"ora-or-608","name":"Eugene - 6th at Garfield","state":"OR","provider":"Oregon DOT","hls":null,"snapshot":"https://tripcheck.com/RoadCams/cams/6th at Garfield_pid4133.jpg","refreshMs":30000,"attribution":"Ora (Warner Varnado) · Oregon DOT"}},{"type":"Feature","geometry":{"type":"Point","coordinates":[-123.14801,44.04803]},"properties":{"id":"ora-or-609","name":"Eugene - 11th at Bailey Hill","state":"OR","provider":"Oregon DOT","hls":null,"snapshot":"https://tripcheck.com/RoadCams/cams/11th at Bailey Hill_pid4137.jpg","refreshMs":30000,"attribution":"Ora (Warner Varnado) · Oregon DOT"}},{"type":"Feature","geometry":{"type":"Point","coordinates":[-123.12291,44.04777]},"properties":{"id":"ora-or-610","name":"Eugene - 11th at Garfield","state":"OR","provider":"Oregon DOT","hls":null,"snapshot":"https://tripcheck.com/RoadCams/cams/11th at Garfield_pid4141.jpg","refreshMs":30000,"attribution":"Ora (Warner Varnado) · Oregon DOT"}},{"type":"Feature","geometry":{"type":"Point","coordinates":[-123.11828,44.05215]},"properties":{"id":"ora-or-611","name":"Eugene - 7th at Chambers","state":"OR","provider":"Oregon DOT","hls":null,"snapshot":"https://tripcheck.com/RoadCams/cams/7th at Chambers_pid4145.jpg","refreshMs":30000,"attribution":"Ora (Warner Varnado) · Oregon DOT"}},{"type":"Feature","geometry":{"type":"Point","coordinates":[-123.10706,44.05324]},"properties":{"id":"ora-or-612","name":"Eugene - 6th at Blair","state":"OR","provider":"Oregon DOT","hls":null,"snapshot":"https://tripcheck.com/RoadCams/cams/6th at Blair_pid4149.jpg","refreshMs":30000,"attribution":"Ora (Warner Varnado) · Oregon DOT"}},{"type":"Feature","geometry":{"type":"Point","coordinates":[-123.09579,44.05097]},"properties":{"id":"ora-or-613","name":"Eugene - 8th at Charnelton","state":"OR","provider":"Oregon DOT","hls":null,"snapshot":"https://tripcheck.com/RoadCams/cams/8th at Charnelton_pid4153.jpg","refreshMs":30000,"attribution":"Ora (Warner Varnado) · Oregon DOT"}},{"type":"Feature","geometry":{"type":"Point","coordinates":[-123.16249,44.04803]},"properties":{"id":"ora-or-614","name":"Eugene - 11th at Bertelsen","state":"OR","provider":"Oregon DOT","hls":null,"snapshot":"https://tripcheck.com/RoadCams/cams/11th at Bertelsen_pid4157.jpg","refreshMs":30000,"attribution":"Ora (Warner Varnado) · Oregon DOT"}},{"type":"Feature","geometry":{"type":"Point","coordinates":[-123.12989,44.04787]},"properties":{"id":"ora-or-615","name":"Eugene - 11th at McKinley","state":"OR","provider":"Oregon DOT","hls":null,"snapshot":"https://tripcheck.com/RoadCams/cams/11th at McKinley_pid4161.jpg","refreshMs":30000,"attribution":"Ora (Warner Varnado) · Oregon DOT"}},{"type":"Feature","geometry":{"type":"Point","coordinates":[-123.11853,44.05326]},"properties":{"id":"ora-or-616","name":"Eugene - 6th at Chambers","state":"OR","provider":"Oregon DOT","hls":null,"snapshot":"https://tripcheck.com/RoadCams/cams/6th at Chambers_pid4165.jpg","refreshMs":30000,"attribution":"Ora (Warner Varnado) · Oregon DOT"}},{"type":"Feature","geometry":{"type":"Point","coordinates":[-123.09574,44.05323]},"properties":{"id":"ora-or-617","name":"Eugene - 6th at Charnelton","state":"OR","provider":"Oregon DOT","hls":null,"snapshot":"https://tripcheck.com/RoadCams/cams/6th at Charnelton_pid4169.jpg","refreshMs":30000,"attribution":"Ora (Warner Varnado) · Oregon DOT"}},{"type":"Feature","geometry":{"type":"Point","coordinates":[-123.1354,44.04792]},"properties":{"id":"ora-or-618","name":"Eugene - 11th at Oak Patch","state":"OR","provider":"Oregon DOT","hls":null,"snapshot":"https://tripcheck.com/RoadCams/cams/11th at Oak Patch_pid4173.jpg","refreshMs":30000,"attribution":"Ora (Warner Varnado) · Oregon DOT"}},{"type":"Feature","geometry":{"type":"Point","coordinates":[-122.87782,45.53456]},"properties":{"id":"ora-or-619","name":"Washington County - Cornell Rd at Stucki Ave","state":"OR","provider":"Oregon DOT","hls":null,"snapshot":"https://tripcheck.com/RoadCams/cams/Cornell Rd at Stucki Ave_pid4177.jpg","refreshMs":30000,"attribution":"Ora (Warner Varnado) · Oregon DOT"}},{"type":"Feature","geometry":{"type":"Point","coordinates":[-122.86766,45.54526]},"properties":{"id":"ora-or-620","name":"Washington County - 185th Ave at Rock Creek Blvd","state":"OR","provider":"Oregon DOT","hls":null,"snapshot":"https://tripcheck.com/RoadCams/cams/185th Ave at Rock Creek Blvd_pid4181.jpg","refreshMs":30000,"attribution":"Ora (Warner Varnado) · Oregon DOT"}},{"type":"Feature","geometry":{"type":"Point","coordinates":[-122.46713,43.74461]},"properties":{"id":"ora-or-621","name":"Oakridge - OR58 at Crestview St.","state":"OR","provider":"Oregon DOT","hls":null,"snapshot":"https://tripcheck.com/RoadCams/cams/ORE58 at Crestview E_pid4183.jpg","refreshMs":30000,"attribution":"Ora (Warner Varnado) · Oregon DOT"}},{"type":"Feature","geometry":{"type":"Point","coordinates":[-123.35205,44.05431]},"properties":{"id":"ora-or-622","name":"OR126 at Territorial Hwy","state":"OR","provider":"Oregon DOT","hls":null,"snapshot":"https://tripcheck.com/RoadCams/cams/ORE126 at Territorial Hwy EB_pid4187.jpg","refreshMs":30000,"attribution":"Ora (Warner Varnado) · Oregon DOT"}},{"type":"Feature","geometry":{"type":"Point","coordinates":[-122.83886,45.54446]},"properties":{"id":"ora-or-623","name":"Washington County - Bethany Blvd at West Union Rd","state":"OR","provider":"Oregon DOT","hls":null,"snapshot":"https://tripcheck.com/RoadCams/cams/Bethany Blvd at West Union Rd_pid4193.jpg","refreshMs":30000,"attribution":"Ora (Warner Varnado) · Oregon DOT"}},{"type":"Feature","geometry":{"type":"Point","coordinates":[-122.77543,45.5099]},"properties":{"id":"ora-or-624","name":"Washington County - Barnes Rd at Baltic Ave","state":"OR","provider":"Oregon DOT","hls":null,"snapshot":"https://tripcheck.com/RoadCams/cams/Barnes Rd at Baltic Ave_pid4197.jpg","refreshMs":30000,"attribution":"Ora (Warner Varnado) · Oregon DOT"}},{"type":"Feature","geometry":{"type":"Point","coordinates":[-122.78972,45.44734]},"properties":{"id":"ora-or-625","name":"Washington County - Scholls Ferry Rd at Nimbus","state":"OR","provider":"Oregon DOT","hls":null,"snapshot":"https://tripcheck.com/RoadCams/cams/Scholls Ferry Rd at Nimbus_pid4201.jpg","refreshMs":30000,"attribution":"Ora (Warner Varnado) · Oregon DOT"}},{"type":"Feature","geometry":{"type":"Point","coordinates":[-122.80034,45.44418]},"properties":{"id":"ora-or-626","name":"Washington County - Scholls Ferry Rd at 121st Ave","state":"OR","provider":"Oregon DOT","hls":null,"snapshot":"https://tripcheck.com/RoadCams/cams/Scholls Ferry Rd at 121st Ave_pid4205.jpg","refreshMs":30000,"attribution":"Ora (Warner Varnado) · Oregon DOT"}},{"type":"Feature","geometry":{"type":"Point","coordinates":[-122.8672,45.50024]},"properties":{"id":"ora-or-627","name":"Washington County - 185th Ave at Johnson St","state":"OR","provider":"Oregon DOT","hls":null,"snapshot":"https://tripcheck.com/RoadCams/cams/185th Ave at Johnson St_pid4209.jpg","refreshMs":30000,"attribution":"Ora (Warner Varnado) · Oregon DOT"}},{"type":"Feature","geometry":{"type":"Point","coordinates":[-122.8672,45.49412]},"properties":{"id":"ora-or-628","name":"Washington County - Tualatin Valley Hwy at 185th Ave","state":"OR","provider":"Oregon DOT","hls":null,"snapshot":"https://tripcheck.com/RoadCams/cams/Tualatin Valley Hwy at 185th Ave_pid4213.jpg","refreshMs":30000,"attribution":"Ora (Warner Varnado) · Oregon DOT"}},{"type":"Feature","geometry":{"type":"Point","coordinates":[-122.82626,45.49446]},"properties":{"id":"ora-or-629","name":"Washington County - Murray Blvd at Millikan Way","state":"OR","provider":"Oregon DOT","hls":null,"snapshot":"https://tripcheck.com/RoadCams/cams/Murray Blvd at Millikan Way_pid4217.jpg","refreshMs":30000,"attribution":"Ora (Warner Varnado) · Oregon DOT"}},{"type":"Feature","geometry":{"type":"Point","coordinates":[-122.7458,45.51595]},"properties":{"id":"ora-or-630","name":"Washington County - Barnes Rd at Burnside Rd","state":"OR","provider":"Oregon DOT","hls":null,"snapshot":"https://tripcheck.com/RoadCams/cams/Barnes Rd at Burnside Rd_pid4221.jpg","refreshMs":30000,"attribution":"Ora (Warner Varnado) · Oregon DOT"}},{"type":"Feature","geometry":{"type":"Point","coordinates":[-116.77713,43.86522]},"properties":{"id":"ora-or-631","name":"Idaho - I-84 at Black Canyon W","state":"OR","provider":"Oregon DOT","hls":null,"snapshot":"https://tripcheck.com/RoadCams/cams/ID I-84 at Black Canyon N_pid4237.jpg","refreshMs":30000,"attribution":"Ora (Warner Varnado) · Oregon DOT"}},{"type":"Feature","geometry":{"type":"Point","coordinates":[-116.91239,43.96971]},"properties":{"id":"ora-or-632","name":"Idaho - I-84 at US95 Junction WB","state":"OR","provider":"Oregon DOT","hls":null,"snapshot":"https://tripcheck.com/RoadCams/cams/ID I-84 at US95 Junction WB_pid4241.jpg","refreshMs":30000,"attribution":"Ora (Warner Varnado) · Oregon DOT"}},{"type":"Feature","geometry":{"type":"Point","coordinates":[-116.91239,43.96971]},"properties":{"id":"ora-or-633","name":"Idaho - I-84 at US95 Junction EB","state":"OR","provider":"Oregon DOT","hls":null,"snapshot":"https://tripcheck.com/RoadCams/cams/ID I-84 at US95 Junction EB_pid4245.jpg","refreshMs":30000,"attribution":"Ora (Warner Varnado) · Oregon DOT"}},{"type":"Feature","geometry":{"type":"Point","coordinates":[-123.0514,44.13704]},"properties":{"id":"ora-or-634","name":"Coburg - I-5 at Van Duyn Rd","state":"OR","provider":"Oregon DOT","hls":null,"snapshot":"https://tripcheck.com/RoadCams/cams/I-5 at Van Duyn Rd N_pid4249.jpg","refreshMs":30000,"attribution":"Ora (Warner Varnado) · Oregon DOT"}},{"type":"Feature","geometry":{"type":"Point","coordinates":[-122.90235,45.49738]},"properties":{"id":"ora-or-635","name":"OR8 at Cornelius Pass Rd","state":"OR","provider":"Oregon DOT","hls":null,"snapshot":"https://tripcheck.com/RoadCams/cams/ORE8 at Cornelius Pass Rd_pid4253.jpg","refreshMs":30000,"attribution":"Ora (Warner Varnado) · Oregon DOT"}},{"type":"Feature","geometry":{"type":"Point","coordinates":[-122.86742,45.49421]},"properties":{"id":"ora-or-636","name":"OR8 at 185th Ave","state":"OR","provider":"Oregon DOT","hls":null,"snapshot":"https://tripcheck.com/RoadCams/cams/ORE8 at 185th Ave_pid4257.jpg","refreshMs":30000,"attribution":"Ora (Warner Varnado) · Oregon DOT"}},{"type":"Feature","geometry":{"type":"Point","coordinates":[-116.98568,43.29447]},"properties":{"id":"ora-or-637","name":"Idaho - US95 at Ion Summit NW","state":"OR","provider":"Oregon DOT","hls":null,"snapshot":"https://tripcheck.com/RoadCams/cams/US95 at Ion Summit NW_pid4261.jpg","refreshMs":30000,"attribution":"Ora (Warner Varnado) · Oregon DOT"}},{"type":"Feature","geometry":{"type":"Point","coordinates":[-116.98568,43.29447]},"properties":{"id":"ora-or-638","name":"Idaho - US95 at Ion Summit SB","state":"OR","provider":"Oregon DOT","hls":null,"snapshot":"https://tripcheck.com/RoadCams/cams/US95 at Ion Summit SB_pid4265.jpg","refreshMs":30000,"attribution":"Ora (Warner Varnado) · Oregon DOT"}},{"type":"Feature","geometry":{"type":"Point","coordinates":[-116.79902,44.44494]},"properties":{"id":"ora-or-639","name":"Idaho - US95 at Midvale Hill NE","state":"OR","provider":"Oregon DOT","hls":null,"snapshot":"https://tripcheck.com/RoadCams/cams/ID US95 at Midvale Hill NE_pid4269.jpg","refreshMs":30000,"attribution":"Ora (Warner Varnado) · Oregon DOT"}},{"type":"Feature","geometry":{"type":"Point","coordinates":[-116.79902,44.44494]},"properties":{"id":"ora-or-640","name":"Idaho - US95 at Midvale Hill SW","state":"OR","provider":"Oregon DOT","hls":null,"snapshot":"https://tripcheck.com/RoadCams/cams/ID US95 at Midvale Hill SW_pid4273.jpg","refreshMs":30000,"attribution":"Ora (Warner Varnado) · Oregon DOT"}},{"type":"Feature","geometry":{"type":"Point","coordinates":[-116.79902,44.44494]},"properties":{"id":"ora-or-641","name":"Idaho - US95 Pavement at Midvale Hill","state":"OR","provider":"Oregon DOT","hls":null,"snapshot":"https://tripcheck.com/RoadCams/cams/ID US95 Pavement at Midvale Hill_pid4277.jpg","refreshMs":30000,"attribution":"Ora (Warner Varnado) · Oregon DOT"}},{"type":"Feature","geometry":{"type":"Point","coordinates":[-123.02454,44.01348]},"properties":{"id":"ora-or-642","name":"OR225 at 30th Ave","state":"OR","provider":"Oregon DOT","hls":null,"snapshot":"https://tripcheck.com/RoadCams/cams/ORE225 at 30th Ave_pid4281.jpg","refreshMs":30000,"attribution":"Ora (Warner Varnado) · Oregon DOT"}},{"type":"Feature","geometry":{"type":"Point","coordinates":[-118.22511,45.34536]},"properties":{"id":"ora-or-643","name":"I-84 at OR244 Hilgard","state":"OR","provider":"Oregon DOT","hls":null,"snapshot":"https://tripcheck.com/RoadCams/cams/I-84 at ORE244 Hilgard_pid4287.jpg","refreshMs":30000,"attribution":"Ora (Warner Varnado) · Oregon DOT"}},{"type":"Feature","geometry":{"type":"Point","coordinates":[-123.20272,44.193]},"properties":{"id":"ora-or-644","name":"OR99W at HWY36 Junction City","state":"OR","provider":"Oregon DOT","hls":null,"snapshot":"https://tripcheck.com/RoadCams/cams/ORE99W at HWY36 Junction City_pid4289.jpg","refreshMs":30000,"attribution":"Ora (Warner Varnado) · Oregon DOT"}},{"type":"Feature","geometry":{"type":"Point","coordinates":[-121.30289,44.07504]},"properties":{"id":"ora-or-645","name":"US20 at Parkway On-Ramp","state":"OR","provider":"Oregon DOT","hls":null,"snapshot":"https://tripcheck.com/RoadCams/cams/US20 at Parkway On-Ramp_pid4291.jpg","refreshMs":30000,"attribution":"Ora (Warner Varnado) · Oregon DOT"}},{"type":"Feature","geometry":{"type":"Point","coordinates":[-123.08664,44.05322]},"properties":{"id":"ora-or-646","name":"Eugene - Ferry St. Bridge Viaduct at 6th Ave","state":"OR","provider":"Oregon DOT","hls":null,"snapshot":"https://tripcheck.com/RoadCams/cams/Ferry Street Bridge Viaduct at 6th Ave_pid4293.jpg","refreshMs":30000,"attribution":"Ora (Warner Varnado) · Oregon DOT"}},{"type":"Feature","geometry":{"type":"Point","coordinates":[-123.08404,44.05794]},"properties":{"id":"ora-or-647","name":"Eugene - Ferry Street Bridge","state":"OR","provider":"Oregon DOT","hls":null,"snapshot":"https://tripcheck.com/RoadCams/cams/Ferry Street Bridge_pid4295.jpg","refreshMs":30000,"attribution":"Ora (Warner Varnado) · Oregon DOT"}},{"type":"Feature","geometry":{"type":"Point","coordinates":[-123.08022,44.06229]},"properties":{"id":"ora-or-648","name":"Eugene - Coburg Rd at I-105 EB Onramp","state":"OR","provider":"Oregon DOT","hls":null,"snapshot":"https://tripcheck.com/RoadCams/cams/Coburg Rd at I-105 EB Onramp_pid4297.jpg","refreshMs":30000,"attribution":"Ora (Warner Varnado) · Oregon DOT"}},{"type":"Feature","geometry":{"type":"Point","coordinates":[-123.0792,44.06319]},"properties":{"id":"ora-or-649","name":"Eugene - Coburg Rd at I-105 Flyover Ramp","state":"OR","provider":"Oregon DOT","hls":null,"snapshot":"https://tripcheck.com/RoadCams/cams/Coburg Rd at I-105 Flyover R_pid4299.jpg","refreshMs":30000,"attribution":"Ora (Warner Varnado) · Oregon DOT"}},{"type":"Feature","geometry":{"type":"Point","coordinates":[-122.93121,45.50061]},"properties":{"id":"ora-or-650","name":"OR8 (TV Hwy) at Brookwood Ave","state":"OR","provider":"Oregon DOT","hls":null,"snapshot":"https://tripcheck.com/RoadCams/cams/ORE8 (TV Hwy) at Brookwood Ave_pid4301.jpg","refreshMs":30000,"attribution":"Ora (Warner Varnado) · Oregon DOT"}},{"type":"Feature","geometry":{"type":"Point","coordinates":[-122.59298,45.42369]},"properties":{"id":"ora-or-651","name":"Clackamas Co - Lake at Webster","state":"OR","provider":"Oregon DOT","hls":null,"snapshot":"https://tripcheck.com/RoadCams/cams/Lake at Webster_pid4303.jpg","refreshMs":30000,"attribution":"Ora (Warner Varnado) · Oregon DOT"}},{"type":"Feature","geometry":{"type":"Point","coordinates":[-122.58728,45.37087]},"properties":{"id":"ora-or-652","name":"Clackamas Co - Prairie Schooner Way at Washington St","state":"OR","provider":"Oregon DOT","hls":null,"snapshot":"https://tripcheck.com/RoadCams/cams/Prairie Schooner Wa_pid4305.jpg","refreshMs":30000,"attribution":"Ora (Warner Varnado) · Oregon DOT"}},{"type":"Feature","geometry":{"type":"Point","coordinates":[-122.5885,45.33385]},"properties":{"id":"ora-or-653","name":"Clackamas Co - Molalla at Beavercreek Rd","state":"OR","provider":"Oregon DOT","hls":null,"snapshot":"https://tripcheck.com/RoadCams/cams/Molalla at Beavercree_pid4307.jpg","refreshMs":30000,"attribution":"Ora (Warner Varnado) · Oregon DOT"}},{"type":"Feature","geometry":{"type":"Point","coordinates":[-122.60149,45.35991]},"properties":{"id":"ora-or-654","name":"Clackamas Co - 12th at Washington St","state":"OR","provider":"Oregon DOT","hls":null,"snapshot":"https://tripcheck.com/RoadCams/cams/12th at Washington St_pid4309.jpg","refreshMs":30000,"attribution":"Ora (Warner Varnado) · Oregon DOT"}},{"type":"Feature","geometry":{"type":"Point","coordinates":[-122.60001,45.36143]},"properties":{"id":"ora-or-655","name":"Clackamas Co - 14th at Washington St","state":"OR","provider":"Oregon DOT","hls":null,"snapshot":"https://tripcheck.com/RoadCams/cams/14th at Washington St_pid4311.jpg","refreshMs":30000,"attribution":"Ora (Warner Varnado) · Oregon DOT"}},{"type":"Feature","geometry":{"type":"Point","coordinates":[-122.59701,45.36397]},"properties":{"id":"ora-or-656","name":"Clackamas Co - Abernethy 17th at Washington St","state":"OR","provider":"Oregon DOT","hls":null,"snapshot":"https://tripcheck.com/RoadCams/cams/Abernethy17th at Washington St_pid4313.jpg","refreshMs":30000,"attribution":"Ora (Warner Varnado) · Oregon DOT"}},{"type":"Feature","geometry":{"type":"Point","coordinates":[-123.35496,43.21096]},"properties":{"id":"ora-or-657","name":"I-5 at Roseburg - Exit 124","state":"OR","provider":"Oregon DOT","hls":null,"snapshot":"https://tripcheck.com/RoadCams/cams/I-5 at Exit 124 NB_pid4315.jpg","refreshMs":30000,"attribution":"Ora (Warner Varnado) · Oregon DOT"}},{"type":"Feature","geometry":{"type":"Point","coordinates":[-123.36157,43.22709]},"properties":{"id":"ora-or-658","name":"I-5 at Roseburg - Garden Valley","state":"OR","provider":"Oregon DOT","hls":null,"snapshot":"https://tripcheck.com/RoadCams/cams/I-5 at Garden Valley NB_pid4317.jpg","refreshMs":30000,"attribution":"Ora (Warner Varnado) · Oregon DOT"}},{"type":"Feature","geometry":{"type":"Point","coordinates":[-124.11289,43.03214]},"properties":{"id":"ora-or-659","name":"OR42 at OR542 (Powers Jct.)","state":"OR","provider":"Oregon DOT","hls":null,"snapshot":"https://tripcheck.com/RoadCams/cams/ORE42 at ORE542 (Powers Jct.) EB_pid4319.jpg","refreshMs":30000,"attribution":"Ora (Warner Varnado) · Oregon DOT"}},{"type":"Feature","geometry":{"type":"Point","coordinates":[-124.11289,43.03214]},"properties":{"id":"ora-or-660","name":"OR42 at OR542 (Powers Jct.)","state":"OR","provider":"Oregon DOT","hls":null,"snapshot":"https://tripcheck.com/RoadCams/cams/ORE42 at ORE542 (Powers Jct.) WB_pid4321.jpg","refreshMs":30000,"attribution":"Ora (Warner Varnado) · Oregon DOT"}},{"type":"Feature","geometry":{"type":"Point","coordinates":[-124.30703,43.2096]},"properties":{"id":"ora-or-661","name":"US101 at E. Beaver Ln. (Beaver Hill) SB","state":"OR","provider":"Oregon DOT","hls":null,"snapshot":"https://tripcheck.com/RoadCams/cams/US101 at E. Beaver Lane (Beaver Hill) SB_pid4323.jpg","refreshMs":30000,"attribution":"Ora (Warner Varnado) · Oregon DOT"}},{"type":"Feature","geometry":{"type":"Point","coordinates":[-124.30703,43.2096]},"properties":{"id":"ora-or-662","name":"US101 at E. Beaver Ln (Beaver Hill) NB","state":"OR","provider":"Oregon DOT","hls":null,"snapshot":"https://tripcheck.com/RoadCams/cams/US101 at E. Beaver Lane (Beaver Hill) NB_pid4325.jpg","refreshMs":30000,"attribution":"Ora (Warner Varnado) · Oregon DOT"}},{"type":"Feature","geometry":{"type":"Point","coordinates":[-121.31551,44.02897]},"properties":{"id":"ora-or-663","name":"US97 at Powers Rd","state":"OR","provider":"Oregon DOT","hls":null,"snapshot":"https://tripcheck.com/RoadCams/cams/US97 at Powers Rd_pid4327.jpg","refreshMs":30000,"attribution":"Ora (Warner Varnado) · Oregon DOT"}},{"type":"Feature","geometry":{"type":"Point","coordinates":[-124.10767,43.70112]},"properties":{"id":"ora-or-664","name":"US101 at Reedsport","state":"OR","provider":"Oregon DOT","hls":null,"snapshot":"https://tripcheck.com/RoadCams/cams/US101 at Reedsport S_pid4329.jpg","refreshMs":30000,"attribution":"Ora (Warner Varnado) · Oregon DOT"}},{"type":"Feature","geometry":{"type":"Point","coordinates":[-121.32006,44.01303]},"properties":{"id":"ora-or-665","name":"US97 at Murphy Rd Exit","state":"OR","provider":"Oregon DOT","hls":null,"snapshot":"https://tripcheck.com/RoadCams/cams/US97 at Murphy Rd Exit_pid4331.jpg","refreshMs":30000,"attribution":"Ora (Warner Varnado) · Oregon DOT"}},{"type":"Feature","geometry":{"type":"Point","coordinates":[-121.3288,44.00113]},"properties":{"id":"ora-or-666","name":"US97 at Rocking Horse","state":"OR","provider":"Oregon DOT","hls":null,"snapshot":"https://tripcheck.com/RoadCams/cams/US97 at Rocking Horse NB_pid4333.jpg","refreshMs":30000,"attribution":"Ora (Warner Varnado) · Oregon DOT"}},{"type":"Feature","geometry":{"type":"Point","coordinates":[-117.94508,45.56777]},"properties":{"id":"ora-or-667","name":"OR204 at Elgin","state":"OR","provider":"Oregon DOT","hls":null,"snapshot":"https://tripcheck.com/RoadCams/cams/ORE204 at Elgin_pid4337.jpg","refreshMs":30000,"attribution":"Ora (Warner Varnado) · Oregon DOT"}},{"type":"Feature","geometry":{"type":"Point","coordinates":[-121.30752,44.06805]},"properties":{"id":"ora-or-668","name":"US97 at Revere Parkway On-Ramp","state":"OR","provider":"Oregon DOT","hls":null,"snapshot":"https://tripcheck.com/RoadCams/cams/US97 at Revere On-Ramp Bend Parkway_pid4339.jpg","refreshMs":30000,"attribution":"Ora (Warner Varnado) · Oregon DOT"}},{"type":"Feature","geometry":{"type":"Point","coordinates":[-120.75247,45.00614]},"properties":{"id":"ora-or-669","name":"US97 at Shaniko NB","state":"OR","provider":"Oregon DOT","hls":null,"snapshot":"https://tripcheck.com/RoadCams/cams/US97 at Shaniko NB_pid4341.jpg","refreshMs":30000,"attribution":"Ora (Warner Varnado) · Oregon DOT"}},{"type":"Feature","geometry":{"type":"Point","coordinates":[-120.75247,45.00614]},"properties":{"id":"ora-or-670","name":"US97 at Shaniko SB","state":"OR","provider":"Oregon DOT","hls":null,"snapshot":"https://tripcheck.com/RoadCams/cams/US97 at Shaniko SB_pid4343.jpg","refreshMs":30000,"attribution":"Ora (Warner Varnado) · Oregon DOT"}},{"type":"Feature","geometry":{"type":"Point","coordinates":[-121.16899,45.59929]},"properties":{"id":"ora-or-671","name":"I-84 at Brewery Grade EB","state":"OR","provider":"Oregon DOT","hls":null,"snapshot":"https://tripcheck.com/RoadCams/cams/I-84 at Brewery Grade EB_pid4345.jpg","refreshMs":30000,"attribution":"Ora (Warner Varnado) · Oregon DOT"}},{"type":"Feature","geometry":{"type":"Point","coordinates":[-121.16899,45.59929]},"properties":{"id":"ora-or-672","name":"I-84 at Brewery Grade WB","state":"OR","provider":"Oregon DOT","hls":null,"snapshot":"https://tripcheck.com/RoadCams/cams/I-84 at Brewery Grade WB_pid4347.jpg","refreshMs":30000,"attribution":"Ora (Warner Varnado) · Oregon DOT"}},{"type":"Feature","geometry":{"type":"Point","coordinates":[-121.34956,43.94912]},"properties":{"id":"ora-or-673","name":"US97 at Bend Scales NB","state":"OR","provider":"Oregon DOT","hls":null,"snapshot":"https://tripcheck.com/RoadCams/cams/US97 at Lava Butte Scales NB_pid4349.jpg","refreshMs":30000,"attribution":"Ora (Warner Varnado) · Oregon DOT"}},{"type":"Feature","geometry":{"type":"Point","coordinates":[-121.34956,43.94912]},"properties":{"id":"ora-or-674","name":"US97 at Bend Scales SB","state":"OR","provider":"Oregon DOT","hls":null,"snapshot":"https://tripcheck.com/RoadCams/cams/US97 at Lava Butte Scales SB_pid4351.jpg","refreshMs":30000,"attribution":"Ora (Warner Varnado) · Oregon DOT"}},{"type":"Feature","geometry":{"type":"Point","coordinates":[-123.87166,46.2348]},"properties":{"id":"ora-or-675","name":"US101 Washington - Astoria Megler Bridge","state":"OR","provider":"Oregon DOT","hls":null,"snapshot":"https://tripcheck.com/RoadCams/cams/US101_AstoriaMeglerBri_pid4353.jpg","refreshMs":30000,"attribution":"Ora (Warner Varnado) · Oregon DOT"}},{"type":"Feature","geometry":{"type":"Point","coordinates":[-121.90538,45.66274]},"properties":{"id":"ora-or-676","name":"SR-14 Washington - Bridge of the Gods","state":"OR","provider":"Oregon DOT","hls":null,"snapshot":"https://tripcheck.com/RoadCams/cams/SR14 at Bridge of the Gods_pid4355.jpg","refreshMs":30000,"attribution":"Ora (Warner Varnado) · Oregon DOT"}},{"type":"Feature","geometry":{"type":"Point","coordinates":[-121.49023,45.7241]},"properties":{"id":"ora-or-677","name":"SR-14 Washington - Hood River Bridge","state":"OR","provider":"Oregon DOT","hls":null,"snapshot":"https://tripcheck.com/RoadCams/cams/SR14 at Hood River Bridge_pid4357.jpg","refreshMs":30000,"attribution":"Ora (Warner Varnado) · Oregon DOT"}},{"type":"Feature","geometry":{"type":"Point","coordinates":[-119.33623,45.94719]},"properties":{"id":"ora-or-678","name":"I-82 Washington at Plymouth Port of Entry","state":"OR","provider":"Oregon DOT","hls":null,"snapshot":"https://tripcheck.com/RoadCams/cams/I-82 at Plymouth Port of Entry_pid4359.jpg","refreshMs":30000,"attribution":"Ora (Warner Varnado) · Oregon DOT"}},{"type":"Feature","geometry":{"type":"Point","coordinates":[-117.77275,44.72282]},"properties":{"id":"ora-or-679","name":"I-84 at MP309","state":"OR","provider":"Oregon DOT","hls":null,"snapshot":"https://tripcheck.com/RoadCams/cams/I-84 at MP309_pid4361.jpg","refreshMs":30000,"attribution":"Ora (Warner Varnado) · Oregon DOT"}},{"type":"Feature","geometry":{"type":"Point","coordinates":[-121.30755,44.03878]},"properties":{"id":"ora-or-680","name":"US97 at Reed Market Bend Parkway","state":"OR","provider":"Oregon DOT","hls":null,"snapshot":"https://tripcheck.com/RoadCams/cams/US97 at Reed Market Bend Parkway_pid4363.jpg","refreshMs":30000,"attribution":"Ora (Warner Varnado) · Oregon DOT"}},{"type":"Feature","geometry":{"type":"Point","coordinates":[-119.91024,43.57443]},"properties":{"id":"ora-or-681","name":"US20 at Buck Creek","state":"OR","provider":"Oregon DOT","hls":null,"snapshot":"https://tripcheck.com/RoadCams/cams/US20 at Buck Creek_pid4365.jpg","refreshMs":30000,"attribution":"Ora (Warner Varnado) · Oregon DOT"}},{"type":"Feature","geometry":{"type":"Point","coordinates":[-122.90218,45.49749]},"properties":{"id":"ora-or-682","name":"Washington County - Cornelius Pass Rd at Tualatin Valley Hwy","state":"OR","provider":"Oregon DOT","hls":null,"snapshot":"https://tripcheck.com/RoadCams/cams/Cornelius Pass Rd at Tualatin Valley Hwy_pid4367.jpg","refreshMs":30000,"attribution":"Ora (Warner Varnado) · Oregon DOT"}},{"type":"Feature","geometry":{"type":"Point","coordinates":[-122.90204,45.50867]},"properties":{"id":"ora-or-683","name":"Washington County - Cornelius Pass Rd at Frances St","state":"OR","provider":"Oregon DOT","hls":null,"snapshot":"https://tripcheck.com/RoadCams/cams/Cornelius Pass Rd at Frances St_pid4369.jpg","refreshMs":30000,"attribution":"Ora (Warner Varnado) · Oregon DOT"}},{"type":"Feature","geometry":{"type":"Point","coordinates":[-122.89968,45.52699]},"properties":{"id":"ora-or-684","name":"Washington County - Cornelius Pass Rd at Wilkins St","state":"OR","provider":"Oregon DOT","hls":null,"snapshot":"https://tripcheck.com/RoadCams/cams/Cornelius Pass Rd at Wilkins St_pid4371.jpg","refreshMs":30000,"attribution":"Ora (Warner Varnado) · Oregon DOT"}},{"type":"Feature","geometry":{"type":"Point","coordinates":[-122.86757,45.56231]},"properties":{"id":"ora-or-685","name":"Washington County - 185th Ave at Springville Rd","state":"OR","provider":"Oregon DOT","hls":null,"snapshot":"https://tripcheck.com/RoadCams/cams/185th Ave at Springville Rd_pid4373.jpg","refreshMs":30000,"attribution":"Ora (Warner Varnado) · Oregon DOT"}},{"type":"Feature","geometry":{"type":"Point","coordinates":[-122.89268,45.46653]},"properties":{"id":"ora-or-686","name":"Washington County - Farmington Rd at 209th Ave","state":"OR","provider":"Oregon DOT","hls":null,"snapshot":"https://tripcheck.com/RoadCams/cams/Farmington Rd at 209th Ave_pid4375.jpg","refreshMs":30000,"attribution":"Ora (Warner Varnado) · Oregon DOT"}},{"type":"Feature","geometry":{"type":"Point","coordinates":[-122.7765,45.44588]},"properties":{"id":"ora-or-687","name":"Washington County - Greenburg Rd at Washington Square Rd","state":"OR","provider":"Oregon DOT","hls":null,"snapshot":"https://tripcheck.com/RoadCams/cams/Greenburg Rd at Washington Square Rd_pid4377.jpg","refreshMs":30000,"attribution":"Ora (Warner Varnado) · Oregon DOT"}},{"type":"Feature","geometry":{"type":"Point","coordinates":[-122.85746,45.45136]},"properties":{"id":"ora-or-688","name":"Washington County - 175th Ave at Kemmer Rd","state":"OR","provider":"Oregon DOT","hls":null,"snapshot":"https://tripcheck.com/RoadCams/cams/175th Ave at Kemmer Rd_pid4379.jpg","refreshMs":30000,"attribution":"Ora (Warner Varnado) · Oregon DOT"}},{"type":"Feature","geometry":{"type":"Point","coordinates":[-122.7922,45.5163]},"properties":{"id":"ora-or-689","name":"Washington County - Barnes Rd at Cedar Hills Blvd","state":"OR","provider":"Oregon DOT","hls":null,"snapshot":"https://tripcheck.com/RoadCams/cams/Barnes Rd at Cedar Hills Blvd_pid4381.jpg","refreshMs":30000,"attribution":"Ora (Warner Varnado) · Oregon DOT"}},{"type":"Feature","geometry":{"type":"Point","coordinates":[-122.82613,45.48579]},"properties":{"id":"ora-or-690","name":"Washington County - Murray Blvd at Farmington Rd","state":"OR","provider":"Oregon DOT","hls":null,"snapshot":"https://tripcheck.com/RoadCams/cams/Murray Blvd at Farmington Rd_pid4383.jpg","refreshMs":30000,"attribution":"Ora (Warner Varnado) · Oregon DOT"}},{"type":"Feature","geometry":{"type":"Point","coordinates":[-122.82611,45.48954]},"properties":{"id":"ora-or-691","name":"Washington County - Tualatin Valley Hwy at Murray Blvd","state":"OR","provider":"Oregon DOT","hls":null,"snapshot":"https://tripcheck.com/RoadCams/cams/Tualatin Valley Hwy at Murray Blvd_pid4385.jpg","refreshMs":30000,"attribution":"Ora (Warner Varnado) · Oregon DOT"}},{"type":"Feature","geometry":{"type":"Point","coordinates":[-122.83981,45.43201]},"properties":{"id":"ora-or-692","name":"Washington County - Scholls Ferry Rd at Blackbird Dr","state":"OR","provider":"Oregon DOT","hls":null,"snapshot":"https://tripcheck.com/RoadCams/cams/Scholls Ferry Rd at Blackbird Dr_pid4387.jpg","refreshMs":30000,"attribution":"Ora (Warner Varnado) · Oregon DOT"}},{"type":"Feature","geometry":{"type":"Point","coordinates":[-122.83151,45.4353]},"properties":{"id":"ora-or-693","name":"Washington County - Scholls Ferry Rd at Teal Blvd","state":"OR","provider":"Oregon DOT","hls":null,"snapshot":"https://tripcheck.com/RoadCams/cams/Scholls Ferry Rd at Teal Blvd_pid4389.jpg","refreshMs":30000,"attribution":"Ora (Warner Varnado) · Oregon DOT"}},{"type":"Feature","geometry":{"type":"Point","coordinates":[-122.90993,45.55036]},"properties":{"id":"ora-or-694","name":"Washington County - Evergreen Blvd at 229th Ave","state":"OR","provider":"Oregon DOT","hls":null,"snapshot":"https://tripcheck.com/RoadCams/cams/Evergreen Blvd at 229th Ave_pid4391.jpg","refreshMs":30000,"attribution":"Ora (Warner Varnado) · Oregon DOT"}},{"type":"Feature","geometry":{"type":"Point","coordinates":[-122.74515,45.38267]},"properties":{"id":"ora-or-695","name":"Washington County - Nyberg St at 65th Ave","state":"OR","provider":"Oregon DOT","hls":null,"snapshot":"https://tripcheck.com/RoadCams/cams/Nyberg St at 65th Ave_pid4393.jpg","refreshMs":30000,"attribution":"Ora (Warner Varnado) · Oregon DOT"}},{"type":"Feature","geometry":{"type":"Point","coordinates":[-122.76422,45.38423]},"properties":{"id":"ora-or-696","name":"Washington County - Tualatin Rd at Boones Ferry Rd","state":"OR","provider":"Oregon DOT","hls":null,"snapshot":"https://tripcheck.com/RoadCams/cams/Tualatin Rd at Boones Ferry Rd_pid4395.jpg","refreshMs":30000,"attribution":"Ora (Warner Varnado) · Oregon DOT"}},{"type":"Feature","geometry":{"type":"Point","coordinates":[-123.79162,45.46213]},"properties":{"id":"ora-or-697","name":"OR6 at Olsen Rd","state":"OR","provider":"Oregon DOT","hls":null,"snapshot":"https://tripcheck.com/RoadCams/cams/ORE6 at Olsen Rd EB_pid4397.jpg","refreshMs":30000,"attribution":"Ora (Warner Varnado) · Oregon DOT"}},{"type":"Feature","geometry":{"type":"Point","coordinates":[-123.75859,45.46689]},"properties":{"id":"ora-or-698","name":"OR6 at Fairview WB","state":"OR","provider":"Oregon DOT","hls":null,"snapshot":"https://tripcheck.com/RoadCams/cams/ORE6 at Fairview WB_pid4399.jpg","refreshMs":30000,"attribution":"Ora (Warner Varnado) · Oregon DOT"}},{"type":"Feature","geometry":{"type":"Point","coordinates":[-123.92736,45.97442]},"properties":{"id":"ora-or-699","name":"US101 at Seaside MP 22.50 SB","state":"OR","provider":"Oregon DOT","hls":null,"snapshot":"https://tripcheck.com/RoadCams/cams/US101 at MP22.50 SB_pid4401.jpg","refreshMs":30000,"attribution":"Ora (Warner Varnado) · Oregon DOT"}},{"type":"Feature","geometry":{"type":"Point","coordinates":[-123.8712,45.90256]},"properties":{"id":"ora-or-700","name":"US26 at MP3.82","state":"OR","provider":"Oregon DOT","hls":null,"snapshot":"https://tripcheck.com/RoadCams/cams/US26 at MP3.82 WB_pid4403.jpg","refreshMs":30000,"attribution":"Ora (Warner Varnado) · Oregon DOT"}},{"type":"Feature","geometry":{"type":"Point","coordinates":[-122.56593,45.52616]},"properties":{"id":"ora-or-701","name":"I-205 at Glisan SB","state":"OR","provider":"Oregon DOT","hls":null,"snapshot":"https://tripcheck.com/RoadCams/cams/I-205 at Glisan SB_pid4405.jpg","refreshMs":30000,"attribution":"Ora (Warner Varnado) · Oregon DOT"}},{"type":"Feature","geometry":{"type":"Point","coordinates":[-122.56553,45.50482]},"properties":{"id":"ora-or-702","name":"I-205 at Division SB","state":"OR","provider":"Oregon DOT","hls":null,"snapshot":"https://tripcheck.com/RoadCams/cams/I-205 at Division SB_pid4407.jpg","refreshMs":30000,"attribution":"Ora (Warner Varnado) · Oregon DOT"}},{"type":"Feature","geometry":{"type":"Point","coordinates":[-118.10945,45.78543]},"properties":{"id":"ora-or-703","name":"OR204 at Tollgate","state":"OR","provider":"Oregon DOT","hls":null,"snapshot":"https://tripcheck.com/RoadCams/cams/ORE204 at Tollgate_pid4411.jpg","refreshMs":30000,"attribution":"Ora (Warner Varnado) · Oregon DOT"}},{"type":"Feature","geometry":{"type":"Point","coordinates":[-120.98841,44.41207]},"properties":{"id":"ora-or-704","name":"US26 @ Crook County Line MP16.3","state":"OR","provider":"Oregon DOT","hls":null,"snapshot":"https://tripcheck.com/RoadCams/cams/SWZT009 - Trailer I_pid4413.jpg","refreshMs":30000,"attribution":"Ora (Warner Varnado) · Oregon DOT"}},{"type":"Feature","geometry":{"type":"Point","coordinates":[-122.58888,45.43233]},"properties":{"id":"ora-or-705","name":"Clackamas Co - Harmony Rd at Aquatic Center Driveway","state":"OR","provider":"Oregon DOT","hls":null,"snapshot":"https://tripcheck.com/RoadCams/cams/Harmony Rd at Aquatic Center Driveway_pid4415.jpg","refreshMs":30000,"attribution":"Ora (Warner Varnado) · Oregon DOT"}},{"type":"Feature","geometry":{"type":"Point","coordinates":[-122.55534,45.43369]},"properties":{"id":"ora-or-706","name":"Clackamas Co - 105th at Sunnyside","state":"OR","provider":"Oregon DOT","hls":null,"snapshot":"https://tripcheck.com/RoadCams/cams/105th at Sunnyside_pid4417.jpg","refreshMs":30000,"attribution":"Ora (Warner Varnado) · Oregon DOT"}},{"type":"Feature","geometry":{"type":"Point","coordinates":[-122.55212,45.43374]},"properties":{"id":"ora-or-707","name":"Clackamas Co - Sunnybrook Blvd at Sunnyside Rd","state":"OR","provider":"Oregon DOT","hls":null,"snapshot":"https://tripcheck.com/RoadCams/cams/Sunnybrook Blvd at Sunnyside Rd_pid4419.jpg","refreshMs":30000,"attribution":"Ora (Warner Varnado) · Oregon DOT"}},{"type":"Feature","geometry":{"type":"Point","coordinates":[-122.59894,45.44795]},"properties":{"id":"ora-or-708","name":"Clackamas Co - King Rd at Linwood Ave","state":"OR","provider":"Oregon DOT","hls":null,"snapshot":"https://tripcheck.com/RoadCams/cams/King Rd at Linwood Ave_pid4423.jpg","refreshMs":30000,"attribution":"Ora (Warner Varnado) · Oregon DOT"}},{"type":"Feature","geometry":{"type":"Point","coordinates":[-122.57674,45.45139]},"properties":{"id":"ora-or-709","name":"Clackamas Co - Otty Rd at Fuller Rd","state":"OR","provider":"Oregon DOT","hls":null,"snapshot":"https://tripcheck.com/RoadCams/cams/Otty Rd at Fuller Rd_pid4425.jpg","refreshMs":30000,"attribution":"Ora (Warner Varnado) · Oregon DOT"}},{"type":"Feature","geometry":{"type":"Point","coordinates":[-122.56705,45.43845]},"properties":{"id":"ora-or-710","name":"Clackamas Co - Bob Schumacher at Monterey","state":"OR","provider":"Oregon DOT","hls":null,"snapshot":"https://tripcheck.com/RoadCams/cams/Bob Schumacher at Monterey_pid4427.jpg","refreshMs":30000,"attribution":"Ora (Warner Varnado) · Oregon DOT"}},{"type":"Feature","geometry":{"type":"Point","coordinates":[-122.62033,42.43214]},"properties":{"id":"ora-or-711","name":"OR140 at Medford Lake Creek Scales","state":"OR","provider":"Oregon DOT","hls":null,"snapshot":"https://tripcheck.com/RoadCams/cams/ORE140 at Medford Lake Creek Scales_pid4429.jpg","refreshMs":30000,"attribution":"Ora (Warner Varnado) · Oregon DOT"}},{"type":"Feature","geometry":{"type":"Point","coordinates":[-123.94987,45.90996]},"properties":{"id":"ora-or-712","name":"US101 at Cannon Beach NB","state":"OR","provider":"Oregon DOT","hls":null,"snapshot":"https://tripcheck.com/RoadCams/cams/US101 at Cannon Beach SB_pid4431.jpg","refreshMs":30000,"attribution":"Ora (Warner Varnado) · Oregon DOT"}},{"type":"Feature","geometry":{"type":"Point","coordinates":[-119.62318,45.83362]},"properties":{"id":"ora-or-713","name":"I-84 Boardman at Bombing Range Rd EB","state":"OR","provider":"Oregon DOT","hls":null,"snapshot":"https://tripcheck.com/RoadCams/cams/I84 Bombing Range Rd EB_pid4433.jpg","refreshMs":30000,"attribution":"Ora (Warner Varnado) · Oregon DOT"}},{"type":"Feature","geometry":{"type":"Point","coordinates":[-117.76889,45.60168]},"properties":{"id":"ora-or-714","name":"OR82 at Minam Summit","state":"OR","provider":"Oregon DOT","hls":null,"snapshot":"https://tripcheck.com/RoadCams/cams/ORE82 at Minam Summit_pid4435.jpg","refreshMs":30000,"attribution":"Ora (Warner Varnado) · Oregon DOT"}},{"type":"Feature","geometry":{"type":"Point","coordinates":[-123.06076,44.17144]},"properties":{"id":"ora-or-715","name":"I-5 at Coburg SB","state":"OR","provider":"Oregon DOT","hls":null,"snapshot":"https://tripcheck.com/RoadCams/cams/I-5 at Coburg SB_pid4437.jpg","refreshMs":30000,"attribution":"Ora (Warner Varnado) · Oregon DOT"}},{"type":"Feature","geometry":{"type":"Point","coordinates":[-123.06076,44.17144]},"properties":{"id":"ora-or-716","name":"I-5 at Coburg NB","state":"OR","provider":"Oregon DOT","hls":null,"snapshot":"https://tripcheck.com/RoadCams/cams/I-5 at Coburg NB_pid4439.jpg","refreshMs":30000,"attribution":"Ora (Warner Varnado) · Oregon DOT"}},{"type":"Feature","geometry":{"type":"Point","coordinates":[-123.11436,44.93047]},"properties":{"id":"ora-or-717","name":"OR22 at Eola EB","state":"OR","provider":"Oregon DOT","hls":null,"snapshot":"https://tripcheck.com/RoadCams/cams/ORE22 at Eola EB_pid4441.jpg","refreshMs":30000,"attribution":"Ora (Warner Varnado) · Oregon DOT"}},{"type":"Feature","geometry":{"type":"Point","coordinates":[-123.11436,44.93047]},"properties":{"id":"ora-or-718","name":"OR22 at Eola WB","state":"OR","provider":"Oregon DOT","hls":null,"snapshot":"https://tripcheck.com/RoadCams/cams/ORE22 at Eola B_pid4443.jpg","refreshMs":30000,"attribution":"Ora (Warner Varnado) · Oregon DOT"}},{"type":"Feature","geometry":{"type":"Point","coordinates":[-122.8514,42.42314]},"properties":{"id":"ora-or-719","name":"OR62 at OR140 (Leigh Way)","state":"OR","provider":"Oregon DOT","hls":null,"snapshot":"https://tripcheck.com/RoadCams/cams/ORE62 at ORE140 (Leigh Way)_pid4445.jpg","refreshMs":30000,"attribution":"Ora (Warner Varnado) · Oregon DOT"}},{"type":"Feature","geometry":{"type":"Point","coordinates":[-123.29001,42.43777]},"properties":{"id":"ora-or-720","name":"I-5 at Grants Pass","state":"OR","provider":"Oregon DOT","hls":null,"snapshot":"https://tripcheck.com/RoadCams/cams/I-5 at Grants Pass MP 55_pid4447.jpg","refreshMs":30000,"attribution":"Ora (Warner Varnado) · Oregon DOT"}},{"type":"Feature","geometry":{"type":"Point","coordinates":[-122.75964,45.57555]},"properties":{"id":"ora-or-721","name":"US30 at St Johns Bridge NB","state":"OR","provider":"Oregon DOT","hls":null,"snapshot":"https://tripcheck.com/RoadCams/cams/US30 at St Johns Bridge NB_pid4449.jpg","refreshMs":30000,"attribution":"Ora (Warner Varnado) · Oregon DOT"}},{"type":"Feature","geometry":{"type":"Point","coordinates":[-122.75964,45.57555]},"properties":{"id":"ora-or-722","name":"US30 at St Johns Bridge SB","state":"OR","provider":"Oregon DOT","hls":null,"snapshot":"https://tripcheck.com/RoadCams/cams/US30 at St Johns Bridge SB_pid4451.jpg","refreshMs":30000,"attribution":"Ora (Warner Varnado) · Oregon DOT"}},{"type":"Feature","geometry":{"type":"Point","coordinates":[-118.40119,45.47922]},"properties":{"id":"ora-or-723","name":"I-84 at Meacham WB","state":"OR","provider":"Oregon DOT","hls":null,"snapshot":"https://tripcheck.com/RoadCams/cams/I-84 at Meacham WB_pid4453.jpg","refreshMs":30000,"attribution":"Ora (Warner Varnado) · Oregon DOT"}},{"type":"Feature","geometry":{"type":"Point","coordinates":[-118.40119,45.47922]},"properties":{"id":"ora-or-724","name":"I-84 at Meacham EB","state":"OR","provider":"Oregon DOT","hls":null,"snapshot":"https://tripcheck.com/RoadCams/cams/I-84 at Meacham EB_pid4455.jpg","refreshMs":30000,"attribution":"Ora (Warner Varnado) · Oregon DOT"}},{"type":"Feature","geometry":{"type":"Point","coordinates":[-123.95608,45.5703]},"properties":{"id":"ora-or-725","name":"Barview Jetty Lookout (USCG)","state":"OR","provider":"Oregon DOT","hls":null,"snapshot":"https://tripcheck.com/RoadCams/cams/Barview Jetty Lookout_pid4457.jpg","refreshMs":30000,"attribution":"Ora (Warner Varnado) · Oregon DOT"}},{"type":"Feature","geometry":{"type":"Point","coordinates":[-122.75002,45.36985]},"properties":{"id":"ora-or-726","name":"I-205 at I-5 Ramps","state":"OR","provider":"Oregon DOT","hls":null,"snapshot":"https://tripcheck.com/RoadCams/cams/I-205 at I-5 Ramps_pid4459.jpg","refreshMs":30000,"attribution":"Ora (Warner Varnado) · Oregon DOT"}},{"type":"Feature","geometry":{"type":"Point","coordinates":[-118.31953,45.3893]},"properties":{"id":"ora-or-727","name":"I-84 at Spring Creek","state":"OR","provider":"Oregon DOT","hls":null,"snapshot":"https://tripcheck.com/RoadCams/cams/I-84 at Spring Creek EB_pid4461.jpg","refreshMs":30000,"attribution":"Ora (Warner Varnado) · Oregon DOT"}},{"type":"Feature","geometry":{"type":"Point","coordinates":[-118.43253,45.51322]},"properties":{"id":"ora-or-728","name":"I-84 at Meacham","state":"OR","provider":"Oregon DOT","hls":null,"snapshot":"https://tripcheck.com/RoadCams/cams/I-84 at Meacham WB MP237.10_pid4463.jpg","refreshMs":30000,"attribution":"Ora (Warner Varnado) · Oregon DOT"}},{"type":"Feature","geometry":{"type":"Point","coordinates":[-118.43253,45.51322]},"properties":{"id":"ora-or-729","name":"I-84 at Meacham","state":"OR","provider":"Oregon DOT","hls":null,"snapshot":"https://tripcheck.com/RoadCams/cams/I-84 at Meacham EB MP237.10_pid4465.jpg","refreshMs":30000,"attribution":"Ora (Warner Varnado) · Oregon DOT"}},{"type":"Feature","geometry":{"type":"Point","coordinates":[-118.50186,45.59977]},"properties":{"id":"ora-or-730","name":"I-84 at Deadman Pass","state":"OR","provider":"Oregon DOT","hls":null,"snapshot":"https://tripcheck.com/RoadCams/cams/I-84 at DeadmanPassW_pid4467.jpg","refreshMs":30000,"attribution":"Ora (Warner Varnado) · Oregon DOT"}},{"type":"Feature","geometry":{"type":"Point","coordinates":[-118.50186,45.59977]},"properties":{"id":"ora-or-731","name":"I-84 at Deadman Pass","state":"OR","provider":"Oregon DOT","hls":null,"snapshot":"https://tripcheck.com/RoadCams/cams/I-84 at DeadmanPassE_pid4469.jpg","refreshMs":30000,"attribution":"Ora (Warner Varnado) · Oregon DOT"}},{"type":"Feature","geometry":{"type":"Point","coordinates":[-118.554,45.58965]},"properties":{"id":"ora-or-732","name":"I-84 at Poverty Flats","state":"OR","provider":"Oregon DOT","hls":null,"snapshot":"https://tripcheck.com/RoadCams/cams/I-84 at Poverty Flats WB_pid4471.jpg","refreshMs":30000,"attribution":"Ora (Warner Varnado) · Oregon DOT"}},{"type":"Feature","geometry":{"type":"Point","coordinates":[-118.554,45.58965]},"properties":{"id":"ora-or-733","name":"I-84 at Poverty Flats","state":"OR","provider":"Oregon DOT","hls":null,"snapshot":"https://tripcheck.com/RoadCams/cams/I-84 at Poverty Flats EB_pid4473.jpg","refreshMs":30000,"attribution":"Ora (Warner Varnado) · Oregon DOT"}},{"type":"Feature","geometry":{"type":"Point","coordinates":[-118.58935,45.58327]},"properties":{"id":"ora-or-734","name":"I-84 at Poverty Flats Gate","state":"OR","provider":"Oregon DOT","hls":null,"snapshot":"https://tripcheck.com/RoadCams/cams/I-84 at Poverty Flats Gate_pid4475.jpg","refreshMs":30000,"attribution":"Ora (Warner Varnado) · Oregon DOT"}},{"type":"Feature","geometry":{"type":"Point","coordinates":[-118.58935,45.58327]},"properties":{"id":"ora-or-735","name":"I-84 at Poverty Flats Off Ramp","state":"OR","provider":"Oregon DOT","hls":null,"snapshot":"https://tripcheck.com/RoadCams/cams/I-84 at Poverty Flats Off Ramp_pid4477.jpg","refreshMs":30000,"attribution":"Ora (Warner Varnado) · Oregon DOT"}},{"type":"Feature","geometry":{"type":"Point","coordinates":[-118.59933,45.58569]},"properties":{"id":"ora-or-736","name":"I-84 at Cabbage Hill MP223.52","state":"OR","provider":"Oregon DOT","hls":null,"snapshot":"https://tripcheck.com/RoadCams/cams/I-84 at Cabbage Hill MP223.52 WB_pid4479.jpg","refreshMs":30000,"attribution":"Ora (Warner Varnado) · Oregon DOT"}},{"type":"Feature","geometry":{"type":"Point","coordinates":[-118.59933,45.58569]},"properties":{"id":"ora-or-737","name":"I-84 at Cabbage Hill MP223.52","state":"OR","provider":"Oregon DOT","hls":null,"snapshot":"https://tripcheck.com/RoadCams/cams/I-84 at Cabbage Hill MP223.52 EB_pid4481.jpg","refreshMs":30000,"attribution":"Ora (Warner Varnado) · Oregon DOT"}},{"type":"Feature","geometry":{"type":"Point","coordinates":[-118.62233,45.58333]},"properties":{"id":"ora-or-738","name":"I-84 at Cabbage Hill MP222.35","state":"OR","provider":"Oregon DOT","hls":null,"snapshot":"https://tripcheck.com/RoadCams/cams/I-84 at Cabbage Hill MP222.35 WB_pid4483.jpg","refreshMs":30000,"attribution":"Ora (Warner Varnado) · Oregon DOT"}},{"type":"Feature","geometry":{"type":"Point","coordinates":[-118.62233,45.58333]},"properties":{"id":"ora-or-739","name":"I-84 at Cabbage Hill MP222.35","state":"OR","provider":"Oregon DOT","hls":null,"snapshot":"https://tripcheck.com/RoadCams/cams/I-84 at Cabbage Hill MP222.35 EB_pid4485.jpg","refreshMs":30000,"attribution":"Ora (Warner Varnado) · Oregon DOT"}},{"type":"Feature","geometry":{"type":"Point","coordinates":[-118.61096,45.59109]},"properties":{"id":"ora-or-740","name":"I-84 at Cabbage Hill MP221.45","state":"OR","provider":"Oregon DOT","hls":null,"snapshot":"https://tripcheck.com/RoadCams/cams/I-84 at Cabbage Hill MP221.45 WB_pid4487.jpg","refreshMs":30000,"attribution":"Ora (Warner Varnado) · Oregon DOT"}},{"type":"Feature","geometry":{"type":"Point","coordinates":[-118.61096,45.59109]},"properties":{"id":"ora-or-741","name":"I-84 at Cabbage Hill MP221.45","state":"OR","provider":"Oregon DOT","hls":null,"snapshot":"https://tripcheck.com/RoadCams/cams/I-84 at Cabbage Hill MP221.45 EB_pid4489.jpg","refreshMs":30000,"attribution":"Ora (Warner Varnado) · Oregon DOT"}},{"type":"Feature","geometry":{"type":"Point","coordinates":[-118.61732,45.59542]},"properties":{"id":"ora-or-742","name":"I-84 at Cabbage Hill MP220.83","state":"OR","provider":"Oregon DOT","hls":null,"snapshot":"https://tripcheck.com/RoadCams/cams/I-84 at Cabbage Hill MP220.83 WB_pid4491.jpg","refreshMs":30000,"attribution":"Ora (Warner Varnado) · Oregon DOT"}},{"type":"Feature","geometry":{"type":"Point","coordinates":[-118.61732,45.59542]},"properties":{"id":"ora-or-743","name":"I-84 at Cabbage Hill MP220.83","state":"OR","provider":"Oregon DOT","hls":null,"snapshot":"https://tripcheck.com/RoadCams/cams/I-84 at Cabbage Hill MP220.83 EB_pid4493.jpg","refreshMs":30000,"attribution":"Ora (Warner Varnado) · Oregon DOT"}},{"type":"Feature","geometry":{"type":"Point","coordinates":[-118.64443,45.59194]},"properties":{"id":"ora-or-744","name":"I-84 at Cabbage Hill","state":"OR","provider":"Oregon DOT","hls":null,"snapshot":"https://tripcheck.com/RoadCams/cams/I-84 at Cabbage Hill MP220.59 WB_pid4495.jpg","refreshMs":30000,"attribution":"Ora (Warner Varnado) · Oregon DOT"}},{"type":"Feature","geometry":{"type":"Point","coordinates":[-118.64443,45.59194]},"properties":{"id":"ora-or-745","name":"I-84 at Cabbage Hill","state":"OR","provider":"Oregon DOT","hls":null,"snapshot":"https://tripcheck.com/RoadCams/cams/I-84 at Cabbage Hill MP220.59 EB_pid4497.jpg","refreshMs":30000,"attribution":"Ora (Warner Varnado) · Oregon DOT"}},{"type":"Feature","geometry":{"type":"Point","coordinates":[-118.63999,45.60159]},"properties":{"id":"ora-or-746","name":"I-84 at Mission","state":"OR","provider":"Oregon DOT","hls":null,"snapshot":"https://tripcheck.com/RoadCams/cams/I-84 at Mission WB_pid4499.jpg","refreshMs":30000,"attribution":"Ora (Warner Varnado) · Oregon DOT"}},{"type":"Feature","geometry":{"type":"Point","coordinates":[-118.63999,45.60159]},"properties":{"id":"ora-or-747","name":"I-84 at Mission","state":"OR","provider":"Oregon DOT","hls":null,"snapshot":"https://tripcheck.com/RoadCams/cams/I-84 at Mission EB_pid4501.jpg","refreshMs":30000,"attribution":"Ora (Warner Varnado) · Oregon DOT"}},{"type":"Feature","geometry":{"type":"Point","coordinates":[-118.05435,45.75706]},"properties":{"id":"ora-or-748","name":"OR204 at Spout Springs","state":"OR","provider":"Oregon DOT","hls":null,"snapshot":"https://tripcheck.com/RoadCams/cams/ORE204 at Spout Springs_pid4503.jpg","refreshMs":30000,"attribution":"Ora (Warner Varnado) · Oregon DOT"}},{"type":"Feature","geometry":{"type":"Point","coordinates":[-122.3107,45.41373]},"properties":{"id":"ora-or-749","name":"US26 at Sandy Maintenance","state":"OR","provider":"Oregon DOT","hls":null,"snapshot":"https://tripcheck.com/RoadCams/cams/US26 at Sandy Maintenance EB_pid4505.jpg","refreshMs":30000,"attribution":"Ora (Warner Varnado) · Oregon DOT"}},{"type":"Feature","geometry":{"type":"Point","coordinates":[-123.32359,42.4648]},"properties":{"id":"ora-or-750","name":"I-5 at Grants Pass Exit MP58","state":"OR","provider":"Oregon DOT","hls":null,"snapshot":"https://tripcheck.com/RoadCams/cams/I-5 at Grants Pass Exit MP58 SB_pid4507.jpg","refreshMs":30000,"attribution":"Ora (Warner Varnado) · Oregon DOT"}},{"type":"Feature","geometry":{"type":"Point","coordinates":[-123.32359,42.4648]},"properties":{"id":"ora-or-751","name":"I-5 at Grants Pass Exit MP58","state":"OR","provider":"Oregon DOT","hls":null,"snapshot":"https://tripcheck.com/RoadCams/cams/I-5 at Grants Pass Exit MP58 NB_pid4509.jpg","refreshMs":30000,"attribution":"Ora (Warner Varnado) · Oregon DOT"}},{"type":"Feature","geometry":{"type":"Point","coordinates":[-118.02594,45.21363]},"properties":{"id":"ora-or-752","name":"I-84 at Ladd Creek","state":"OR","provider":"Oregon DOT","hls":null,"snapshot":"https://tripcheck.com/RoadCams/cams/I-84 at LaddCrk270E_pid4511.jpg","refreshMs":30000,"attribution":"Ora (Warner Varnado) · Oregon DOT"}},{"type":"Feature","geometry":{"type":"Point","coordinates":[-118.02594,45.21363]},"properties":{"id":"ora-or-753","name":"I-84 at Ladd Creek","state":"OR","provider":"Oregon DOT","hls":null,"snapshot":"https://tripcheck.com/RoadCams/cams/I-84 at LaddCrk270W_pid4513.jpg","refreshMs":30000,"attribution":"Ora (Warner Varnado) · Oregon DOT"}},{"type":"Feature","geometry":{"type":"Point","coordinates":[-122.57607,45.39343]},"properties":{"id":"ora-or-754","name":"I-205 at Strawberry","state":"OR","provider":"Oregon DOT","hls":null,"snapshot":"https://tripcheck.com/RoadCams/cams/I-205 at Strawberry SB_pid4515.jpg","refreshMs":30000,"attribution":"Ora (Warner Varnado) · Oregon DOT"}},{"type":"Feature","geometry":{"type":"Point","coordinates":[-122.79558,45.37106]},"properties":{"id":"ora-or-755","name":"Washington County - Tualatin Sherwood Rd at 115th Ave","state":"OR","provider":"Oregon DOT","hls":null,"snapshot":"https://tripcheck.com/RoadCams/cams/Tualatin Sherwood Rd at 115th Ave_pid4517.jpg","refreshMs":30000,"attribution":"Ora (Warner Varnado) · Oregon DOT"}},{"type":"Feature","geometry":{"type":"Point","coordinates":[-122.88508,45.41913]},"properties":{"id":"ora-or-756","name":"Washington County - Scholls Ferry Rd at Teufel Hill Rd","state":"OR","provider":"Oregon DOT","hls":null,"snapshot":"https://tripcheck.com/RoadCams/cams/Scholls Ferry Rd at Teufel Hill Rd_pid4519.jpg","refreshMs":30000,"attribution":"Ora (Warner Varnado) · Oregon DOT"}},{"type":"Feature","geometry":{"type":"Point","coordinates":[-123.08944,45.50185]},"properties":{"id":"ora-or-757","name":"Washington County - Fern Hill Rd at Geiger Rd","state":"OR","provider":"Oregon DOT","hls":null,"snapshot":"https://tripcheck.com/RoadCams/cams/Fern Hill Rd at Geiger Rd_pid4521.jpg","refreshMs":30000,"attribution":"Ora (Warner Varnado) · Oregon DOT"}},{"type":"Feature","geometry":{"type":"Point","coordinates":[-123.09144,45.51041]},"properties":{"id":"ora-or-758","name":"Washington County - Fern Hill Rd at Taylor Way","state":"OR","provider":"Oregon DOT","hls":null,"snapshot":"https://tripcheck.com/RoadCams/cams/Fern Hill Rd at Taylor Way_pid4523.jpg","refreshMs":30000,"attribution":"Ora (Warner Varnado) · Oregon DOT"}},{"type":"Feature","geometry":{"type":"Point","coordinates":[-122.85711,45.46191]},"properties":{"id":"ora-or-759","name":"Washington County - 175th Ave at Rigert Rd","state":"OR","provider":"Oregon DOT","hls":null,"snapshot":"https://tripcheck.com/RoadCams/cams/175th Ave at Rigert Rd_pid4525.jpg","refreshMs":30000,"attribution":"Ora (Warner Varnado) · Oregon DOT"}},{"type":"Feature","geometry":{"type":"Point","coordinates":[-122.85378,45.42757]},"properties":{"id":"ora-or-760","name":"Washington County - 175th Ave at Scholls Ferry Rd","state":"OR","provider":"Oregon DOT","hls":null,"snapshot":"https://tripcheck.com/RoadCams/cams/175th Ave at Scholls Ferry Rd_pid4527.jpg","refreshMs":30000,"attribution":"Ora (Warner Varnado) · Oregon DOT"}},{"type":"Feature","geometry":{"type":"Point","coordinates":[-122.80126,45.51969]},"properties":{"id":"ora-or-761","name":"Washington County - Barnes Rd at 118th Ave","state":"OR","provider":"Oregon DOT","hls":null,"snapshot":"https://tripcheck.com/RoadCams/cams/Barnes Rd at 118th Ave_pid4529.jpg","refreshMs":30000,"attribution":"Ora (Warner Varnado) · Oregon DOT"}},{"type":"Feature","geometry":{"type":"Point","coordinates":[-122.77458,45.50935]},"properties":{"id":"ora-or-762","name":"Washington County - Barnes Rd at Baltic Rd","state":"OR","provider":"Oregon DOT","hls":null,"snapshot":"https://tripcheck.com/RoadCams/cams/Barnes Rd at Baltic Rd_pid4531.jpg","refreshMs":30000,"attribution":"Ora (Warner Varnado) · Oregon DOT"}},{"type":"Feature","geometry":{"type":"Point","coordinates":[-122.74685,45.51596]},"properties":{"id":"ora-or-763","name":"Washington County - Barnes Rd at Burnside Rd","state":"OR","provider":"Oregon DOT","hls":null,"snapshot":"https://tripcheck.com/RoadCams/cams/Barnes Rd at Burnside Rd_pid4533.jpg","refreshMs":30000,"attribution":"Ora (Warner Varnado) · Oregon DOT"}},{"type":"Feature","geometry":{"type":"Point","coordinates":[-122.77927,45.51223]},"properties":{"id":"ora-or-764","name":"Washington County - Barnes Rd at Peterkort Center","state":"OR","provider":"Oregon DOT","hls":null,"snapshot":"https://tripcheck.com/RoadCams/cams/Barnes Rd at Peterkort Center_pid4535.jpg","refreshMs":30000,"attribution":"Ora (Warner Varnado) · Oregon DOT"}},{"type":"Feature","geometry":{"type":"Point","coordinates":[-122.76517,45.52963]},"properties":{"id":"ora-or-765","name":"Washington County - Cornell Rd at 87th Ave","state":"OR","provider":"Oregon DOT","hls":null,"snapshot":"https://tripcheck.com/RoadCams/cams/Cornell Rd at 87th Ave_pid4537.jpg","refreshMs":30000,"attribution":"Ora (Warner Varnado) · Oregon DOT"}},{"type":"Feature","geometry":{"type":"Point","coordinates":[-122.79235,45.52628]},"properties":{"id":"ora-or-766","name":"Washington County - Cornell Rd at Cedar Hills Blvd","state":"OR","provider":"Oregon DOT","hls":null,"snapshot":"https://tripcheck.com/RoadCams/cams/Cornell Rd at Cedar Hills Blvd_pid4539.jpg","refreshMs":30000,"attribution":"Ora (Warner Varnado) · Oregon DOT"}},{"type":"Feature","geometry":{"type":"Point","coordinates":[-123.0511,45.41907]},"properties":{"id":"ora-or-767","name":"Washington County - Bald Peak Rd at Southwind Dr","state":"OR","provider":"Oregon DOT","hls":null,"snapshot":"https://tripcheck.com/RoadCams/cams/Bald Peak Rd at Southwind Dr_pid4541.jpg","refreshMs":30000,"attribution":"Ora (Warner Varnado) · Oregon DOT"}},{"type":"Feature","geometry":{"type":"Point","coordinates":[-122.8183,45.41565]},"properties":{"id":"ora-or-768","name":"Washington County - Bull Mountain Rd at Peachtree Dr","state":"OR","provider":"Oregon DOT","hls":null,"snapshot":"https://tripcheck.com/RoadCams/cams/Bull Mountain Rd at Peachtree Dr_pid4543.jpg","refreshMs":30000,"attribution":"Ora (Warner Varnado) · Oregon DOT"}},{"type":"Feature","geometry":{"type":"Point","coordinates":[-123.29501,45.71979]},"properties":{"id":"ora-or-769","name":"Washington County - Timber Rd at Railroad Ave","state":"OR","provider":"Oregon DOT","hls":null,"snapshot":"https://tripcheck.com/RoadCams/cams/Timber Rd at Railroad Ave_pid4545.jpg","refreshMs":30000,"attribution":"Ora (Warner Varnado) · Oregon DOT"}},{"type":"Feature","geometry":{"type":"Point","coordinates":[-122.96394,44.90781]},"properties":{"id":"ora-or-770","name":"OR22 at Cordon Rd","state":"OR","provider":"Oregon DOT","hls":null,"snapshot":"https://tripcheck.com/RoadCams/cams/ORE22 at Cordon Rd EB_pid4547.jpg","refreshMs":30000,"attribution":"Ora (Warner Varnado) · Oregon DOT"}},{"type":"Feature","geometry":{"type":"Point","coordinates":[-122.96394,44.90781]},"properties":{"id":"ora-or-771","name":"OR22 at Cordon Rd","state":"OR","provider":"Oregon DOT","hls":null,"snapshot":"https://tripcheck.com/RoadCams/cams/ORE22 at Cordon Rd WB_pid4549.jpg","refreshMs":30000,"attribution":"Ora (Warner Varnado) · Oregon DOT"}},{"type":"Feature","geometry":{"type":"Point","coordinates":[-121.66456,44.38624]},"properties":{"id":"ora-or-772","name":"US20 at Camp Sherman","state":"OR","provider":"Oregon DOT","hls":null,"snapshot":"https://tripcheck.com/RoadCams/cams/SWZT010 - Trailer J_pid4551.jpg","refreshMs":30000,"attribution":"Ora (Warner Varnado) · Oregon DOT"}},{"type":"Feature","geometry":{"type":"Point","coordinates":[-122.93822,44.05551]},"properties":{"id":"ora-or-773","name":"OR126 at 52nd","state":"OR","provider":"Oregon DOT","hls":null,"snapshot":"https://tripcheck.com/RoadCams/cams/I-105 at 52nd E_pid4552.jpg","refreshMs":30000,"attribution":"Ora (Warner Varnado) · Oregon DOT"}},{"type":"Feature","geometry":{"type":"Point","coordinates":[-123.24407,45.61255]},"properties":{"id":"ora-or-774","name":"OR6 at Gales Creek Rd","state":"OR","provider":"Oregon DOT","hls":null,"snapshot":"https://tripcheck.com/RoadCams/cams/ORE6 at Gales Creek Rd_pid4554.jpg","refreshMs":30000,"attribution":"Ora (Warner Varnado) · Oregon DOT"}},{"type":"Feature","geometry":{"type":"Point","coordinates":[-123.06256,44.62998]},"properties":{"id":"ora-or-775","name":"I-5 at US20 MP 233.2","state":"OR","provider":"Oregon DOT","hls":null,"snapshot":"https://tripcheck.com/RoadCams/cams/I-5 at US20 MP 233.2 SB_pid4556.jpg","refreshMs":30000,"attribution":"Ora (Warner Varnado) · Oregon DOT"}},{"type":"Feature","geometry":{"type":"Point","coordinates":[-123.29306,44.05271]},"properties":{"id":"ora-or-776","name":"OR126 at Central Rd","state":"OR","provider":"Oregon DOT","hls":null,"snapshot":"https://tripcheck.com/RoadCams/cams/ORE126 at Central Rd EB_pid4558.jpg","refreshMs":30000,"attribution":"Ora (Warner Varnado) · Oregon DOT"}},{"type":"Feature","geometry":{"type":"Point","coordinates":[-123.29306,44.05271]},"properties":{"id":"ora-or-777","name":"OR126 at Central Rd","state":"OR","provider":"Oregon DOT","hls":null,"snapshot":"https://tripcheck.com/RoadCams/cams/ORE126 at Central Rd WB_pid4560.jpg","refreshMs":30000,"attribution":"Ora (Warner Varnado) · Oregon DOT"}},{"type":"Feature","geometry":{"type":"Point","coordinates":[-122.81178,42.47253]},"properties":{"id":"ora-or-778","name":"OR62 at Linn Rd Eagle Point","state":"OR","provider":"Oregon DOT","hls":null,"snapshot":"https://tripcheck.com/RoadCams/cams/ORE62 at Linn Rd Eagle Point SB_pid4562.jpg","refreshMs":30000,"attribution":"Ora (Warner Varnado) · Oregon DOT"}},{"type":"Feature","geometry":{"type":"Point","coordinates":[-122.81181,42.47252]},"properties":{"id":"ora-or-779","name":"OR62 at Linn Rd Eagle Point","state":"OR","provider":"Oregon DOT","hls":null,"snapshot":"https://tripcheck.com/RoadCams/cams/ORE62 at Linn Rd Eagle Point NB_pid4564.jpg","refreshMs":30000,"attribution":"Ora (Warner Varnado) · Oregon DOT"}},{"type":"Feature","geometry":{"type":"Point","coordinates":[-123.67999,45.89776]},"properties":{"id":"ora-or-780","name":"US26 at David Douglas Park","state":"OR","provider":"Oregon DOT","hls":null,"snapshot":"https://tripcheck.com/RoadCams/cams/US26 at David Douglas ParkWB_pid4566.jpg","refreshMs":30000,"attribution":"Ora (Warner Varnado) · Oregon DOT"}},{"type":"Feature","geometry":{"type":"Point","coordinates":[-121.05044,43.128]},"properties":{"id":"ora-or-781","name":"OR31 at Silver Lake MP47.3","state":"OR","provider":"Oregon DOT","hls":null,"snapshot":"https://tripcheck.com/RoadCams/cams/SWZT011 - Trailer K_pid4570.jpg","refreshMs":30000,"attribution":"Ora (Warner Varnado) · Oregon DOT"}},{"type":"Feature","geometry":{"type":"Point","coordinates":[-123.08273,44.55599]},"properties":{"id":"ora-or-782","name":"OR34 at Columbus","state":"OR","provider":"Oregon DOT","hls":null,"snapshot":"https://tripcheck.com/RoadCams/cams/ORE34 at Columbus EB_pid4572.jpg","refreshMs":30000,"attribution":"Ora (Warner Varnado) · Oregon DOT"}},{"type":"Feature","geometry":{"type":"Point","coordinates":[-123.08273,44.55599]},"properties":{"id":"ora-or-783","name":"OR34 at Columbus","state":"OR","provider":"Oregon DOT","hls":null,"snapshot":"https://tripcheck.com/RoadCams/cams/ORE34 at Columbus WB_pid4574.jpg","refreshMs":30000,"attribution":"Ora (Warner Varnado) · Oregon DOT"}},{"type":"Feature","geometry":{"type":"Point","coordinates":[-123.19938,45.73924]},"properties":{"id":"ora-or-784","name":"OR47 at Stub Stewart Park","state":"OR","provider":"Oregon DOT","hls":null,"snapshot":"https://tripcheck.com/RoadCams/cams/ORE47 at Stub Stewart Park SB_pid4576.jpg","refreshMs":30000,"attribution":"Ora (Warner Varnado) · Oregon DOT"}},{"type":"Feature","geometry":{"type":"Point","coordinates":[-122.53821,45.54689]},"properties":{"id":"ora-or-785","name":"I-84 at 122nd WB","state":"OR","provider":"Oregon DOT","hls":null,"snapshot":"https://tripcheck.com/RoadCams/cams/I-84 at 122nd WB_pid4578.jpg","refreshMs":30000,"attribution":"Ora (Warner Varnado) · Oregon DOT"}},{"type":"Feature","geometry":{"type":"Point","coordinates":[-117.60111,45.61009]},"properties":{"id":"ora-or-786","name":"Hwy82 at Bramlet Rd","state":"OR","provider":"Oregon DOT","hls":null,"snapshot":"https://tripcheck.com/RoadCams/cams/Hwy82 at Bramlet Rd W_pid4580.jpg","refreshMs":30000,"attribution":"Ora (Warner Varnado) · Oregon DOT"}},{"type":"Feature","geometry":{"type":"Point","coordinates":[-117.60111,45.61009]},"properties":{"id":"ora-or-787","name":"Hwy82 at Bramlet Rd","state":"OR","provider":"Oregon DOT","hls":null,"snapshot":"https://tripcheck.com/RoadCams/cams/Hwy82 at Bramlet Rd E_pid4582.jpg","refreshMs":30000,"attribution":"Ora (Warner Varnado) · Oregon DOT"}},{"type":"Feature","geometry":{"type":"Point","coordinates":[-119.60021,44.49784]},"properties":{"id":"ora-or-788","name":"US26 at Picture Gorge","state":"OR","provider":"Oregon DOT","hls":null,"snapshot":"https://tripcheck.com/RoadCams/cams/US26 at Picture GorW_pid4584.jpg","refreshMs":30000,"attribution":"Ora (Warner Varnado) · Oregon DOT"}},{"type":"Feature","geometry":{"type":"Point","coordinates":[-119.60021,44.49784]},"properties":{"id":"ora-or-789","name":"US26 at Picture Gorge","state":"OR","provider":"Oregon DOT","hls":null,"snapshot":"https://tripcheck.com/RoadCams/cams/US26 at Picture GorE_pid4586.jpg","refreshMs":30000,"attribution":"Ora (Warner Varnado) · Oregon DOT"}},{"type":"Feature","geometry":{"type":"Point","coordinates":[-122.66202,44.85368]},"properties":{"id":"ora-or-790","name":"OR214 at Silver Ridge","state":"OR","provider":"Oregon DOT","hls":null,"snapshot":"https://tripcheck.com/RoadCams/cams/OR214 at Silver CrW_pid4588.jpg","refreshMs":30000,"attribution":"Ora (Warner Varnado) · Oregon DOT"}},{"type":"Feature","geometry":{"type":"Point","coordinates":[-122.66132,44.8535]},"properties":{"id":"ora-or-791","name":"OR214 at Silver Creek","state":"OR","provider":"Oregon DOT","hls":null,"snapshot":"https://tripcheck.com/RoadCams/cams/OR214 at Silver CrE_pid4590.jpg","refreshMs":30000,"attribution":"Ora (Warner Varnado) · Oregon DOT"}},{"type":"Feature","geometry":{"type":"Point","coordinates":[-117.65963,44.68314]},"properties":{"id":"ora-or-792","name":"I-84 at Alder Creek Rd","state":"OR","provider":"Oregon DOT","hls":null,"snapshot":"https://tripcheck.com/RoadCams/cams/I-84 at Alder CreekW_pid4592.jpg","refreshMs":30000,"attribution":"Ora (Warner Varnado) · Oregon DOT"}},{"type":"Feature","geometry":{"type":"Point","coordinates":[-117.65963,44.68314]},"properties":{"id":"ora-or-793","name":"I-84 at Alder Creek Rd","state":"OR","provider":"Oregon DOT","hls":null,"snapshot":"https://tripcheck.com/RoadCams/cams/I-84 at Alder CreekE_pid4594.jpg","refreshMs":30000,"attribution":"Ora (Warner Varnado) · Oregon DOT"}},{"type":"Feature","geometry":{"type":"Point","coordinates":[-117.76889,45.60168]},"properties":{"id":"ora-or-794","name":"OR82 at Minam Summit","state":"OR","provider":"Oregon DOT","hls":null,"snapshot":"https://tripcheck.com/RoadCams/cams/ORE82 at Minam Summit W_pid4596.jpg","refreshMs":30000,"attribution":"Ora (Warner Varnado) · Oregon DOT"}},{"type":"Feature","geometry":{"type":"Point","coordinates":[-123.82343,43.65537]},"properties":{"id":"ora-or-795","name":"OR38 at Scottsburg","state":"OR","provider":"Oregon DOT","hls":null,"snapshot":"https://tripcheck.com/RoadCams/cams/ORE38 at ScottsburgW_pid4598.jpg","refreshMs":30000,"attribution":"Ora (Warner Varnado) · Oregon DOT"}},{"type":"Feature","geometry":{"type":"Point","coordinates":[-123.82343,43.65537]},"properties":{"id":"ora-or-796","name":"OR38 at Scottsburg","state":"OR","provider":"Oregon DOT","hls":null,"snapshot":"https://tripcheck.com/RoadCams/cams/ORE38 at ScottsburgE_pid4600.jpg","refreshMs":30000,"attribution":"Ora (Warner Varnado) · Oregon DOT"}},{"type":"Feature","geometry":{"type":"Point","coordinates":[-118.05435,45.75706]},"properties":{"id":"ora-or-797","name":"OR204 at Spout Springs","state":"OR","provider":"Oregon DOT","hls":null,"snapshot":"https://tripcheck.com/RoadCams/cams/ORE204 at Spout Springs WB_pid4602.jpg","refreshMs":30000,"attribution":"Ora (Warner Varnado) · Oregon DOT"}},{"type":"Feature","geometry":{"type":"Point","coordinates":[-123.29968,43.02619]},"properties":{"id":"ora-or-798","name":"I-5 at Myrtle Creek","state":"OR","provider":"Oregon DOT","hls":null,"snapshot":"https://tripcheck.com/RoadCams/cams/I-5 at Myrtle Creek NB_pid4606.jpg","refreshMs":30000,"attribution":"Ora (Warner Varnado) · Oregon DOT"}},{"type":"Feature","geometry":{"type":"Point","coordinates":[-117.84783,42.77757]},"properties":{"id":"ora-or-799","name":"US95 at Burns Jct","state":"OR","provider":"Oregon DOT","hls":null,"snapshot":"https://tripcheck.com/RoadCams/cams/US95 at Burns Jct SB_pid4608.jpg","refreshMs":30000,"attribution":"Ora (Warner Varnado) · Oregon DOT"}},{"type":"Feature","geometry":{"type":"Point","coordinates":[-117.84783,42.77736]},"properties":{"id":"ora-or-800","name":"US95 at Burns Jct","state":"OR","provider":"Oregon DOT","hls":null,"snapshot":"https://tripcheck.com/RoadCams/cams/US95 at Burns Jct NB_pid4610.jpg","refreshMs":30000,"attribution":"Ora (Warner Varnado) · Oregon DOT"}},{"type":"Feature","geometry":{"type":"Point","coordinates":[-123.29913,43.02214]},"properties":{"id":"ora-or-801","name":"I-5 at Myrtle Creek","state":"OR","provider":"Oregon DOT","hls":null,"snapshot":"https://tripcheck.com/RoadCams/cams/I-5 at Myrtle Creek NB2_pid4612.jpg","refreshMs":30000,"attribution":"Ora (Warner Varnado) · Oregon DOT"}},{"type":"Feature","geometry":{"type":"Point","coordinates":[-122.99438,43.99247]},"properties":{"id":"ora-or-802","name":"OR58 at MP0.86","state":"OR","provider":"Oregon DOT","hls":null,"snapshot":"https://tripcheck.com/RoadCams/cams/ORE58 WB MP0.86_pid4614.jpg","refreshMs":30000,"attribution":"Ora (Warner Varnado) · Oregon DOT"}},{"type":"Feature","geometry":{"type":"Point","coordinates":[-122.99438,43.99247]},"properties":{"id":"ora-or-803","name":"OR58 EB at MP0.86","state":"OR","provider":"Oregon DOT","hls":null,"snapshot":"https://tripcheck.com/RoadCams/cams/ORE58 EB MP0.86_pid4616.jpg","refreshMs":30000,"attribution":"Ora (Warner Varnado) · Oregon DOT"}},{"type":"Feature","geometry":{"type":"Point","coordinates":[-123.76105,46.1925]},"properties":{"id":"ora-or-804","name":"US30 at Tongue Point","state":"OR","provider":"Oregon DOT","hls":null,"snapshot":"https://tripcheck.com/RoadCams/cams/US30 at Tongue Pnt E_pid4618.jpg","refreshMs":30000,"attribution":"Ora (Warner Varnado) · Oregon DOT"}},{"type":"Feature","geometry":{"type":"Point","coordinates":[-123.76105,46.1925]},"properties":{"id":"ora-or-805","name":"US30 at Tongue Point","state":"OR","provider":"Oregon DOT","hls":null,"snapshot":"https://tripcheck.com/RoadCams/cams/US30 at Tongue Pnt W_pid4620.jpg","refreshMs":30000,"attribution":"Ora (Warner Varnado) · Oregon DOT"}},{"type":"Feature","geometry":{"type":"Point","coordinates":[-122.96428,45.35468]},"properties":{"id":"ora-or-806","name":"OR219 at Chehalem Mt.","state":"OR","provider":"Oregon DOT","hls":null,"snapshot":"https://tripcheck.com/RoadCams/cams/ORE219 at Chehalem N_pid4622.jpg","refreshMs":30000,"attribution":"Ora (Warner Varnado) · Oregon DOT"}},{"type":"Feature","geometry":{"type":"Point","coordinates":[-122.96428,45.35468]},"properties":{"id":"ora-or-807","name":"OR219 at Chehalem Mt.","state":"OR","provider":"Oregon DOT","hls":null,"snapshot":"https://tripcheck.com/RoadCams/cams/ORE219 at Chehalem S_pid4624.jpg","refreshMs":30000,"attribution":"Ora (Warner Varnado) · Oregon DOT"}},{"type":"Feature","geometry":{"type":"Point","coordinates":[-123.04734,44.11776]},"properties":{"id":"ora-or-808","name":"I-5 at Egge Rd","state":"OR","provider":"Oregon DOT","hls":null,"snapshot":"https://tripcheck.com/RoadCams/cams/I-5 at Egge Rd S_pid4626.jpg","refreshMs":30000,"attribution":"Ora (Warner Varnado) · Oregon DOT"}},{"type":"Feature","geometry":{"type":"Point","coordinates":[-123.04734,44.11776]},"properties":{"id":"ora-or-809","name":"I-5 at Egge Rd","state":"OR","provider":"Oregon DOT","hls":null,"snapshot":"https://tripcheck.com/RoadCams/cams/I-5 at Egge Rd N_pid4628.jpg","refreshMs":30000,"attribution":"Ora (Warner Varnado) · Oregon DOT"}},{"type":"Feature","geometry":{"type":"Point","coordinates":[-121.70189,45.68788]},"properties":{"id":"ora-or-810","name":"I-84 at Wyeth Scale Ramp","state":"OR","provider":"Oregon DOT","hls":null,"snapshot":"https://tripcheck.com/RoadCams/cams/I-84 at Wyeth Scale Ramp W_pid4630.jpg","refreshMs":30000,"attribution":"Ora (Warner Varnado) · Oregon DOT"}},{"type":"Feature","geometry":{"type":"Point","coordinates":[-124.10312,43.97461]},"properties":{"id":"ora-or-811","name":"US101 at OR126 S","state":"OR","provider":"Oregon DOT","hls":null,"snapshot":"https://tripcheck.com/RoadCams/cams/US101 at ORE126 S_pid4632.jpg","refreshMs":30000,"attribution":"Ora (Warner Varnado) · Oregon DOT"}},{"type":"Feature","geometry":{"type":"Point","coordinates":[-123.10756,44.64211]},"properties":{"id":"ora-or-812","name":"US20 at Spring Hill Dr","state":"OR","provider":"Oregon DOT","hls":null,"snapshot":"https://tripcheck.com/RoadCams/cams/US20 at Spring Hill Dr E_pid4634.jpg","refreshMs":30000,"attribution":"Ora (Warner Varnado) · Oregon DOT"}},{"type":"Feature","geometry":{"type":"Point","coordinates":[-123.10756,44.64211]},"properties":{"id":"ora-or-813","name":"US20 at Spring Hill Dr","state":"OR","provider":"Oregon DOT","hls":null,"snapshot":"https://tripcheck.com/RoadCams/cams/US20 at Spring Hill Dr N_pid4636.jpg","refreshMs":30000,"attribution":"Ora (Warner Varnado) · Oregon DOT"}},{"type":"Feature","geometry":{"type":"Point","coordinates":[-123.10756,44.64211]},"properties":{"id":"ora-or-814","name":"US20 at Spring Hill Dr","state":"OR","provider":"Oregon DOT","hls":null,"snapshot":"https://tripcheck.com/RoadCams/cams/US20 at Spring Hill Dr W_pid4638.jpg","refreshMs":30000,"attribution":"Ora (Warner Varnado) · Oregon DOT"}},{"type":"Feature","geometry":{"type":"Point","coordinates":[-123.96946,45.21548]},"properties":{"id":"ora-or-815","name":"Cape Kiwanda Dr @ Webb Park Rd.","state":"OR","provider":"Oregon DOT","hls":null,"snapshot":"https://tripcheck.com/RoadCams/cams/Pelican Brewing_pid4640.jpg","refreshMs":30000,"attribution":"Ora (Warner Varnado) · Oregon DOT"}},{"type":"Feature","geometry":{"type":"Point","coordinates":[-122.88103,42.34643]},"properties":{"id":"ora-or-816","name":"OR62 at Rogue Valley Mall Ent","state":"OR","provider":"Oregon DOT","hls":null,"snapshot":"https://tripcheck.com/RoadCams/cams/ORE62 at Rogue Valley Mall Ent_pid4642.jpg","refreshMs":30000,"attribution":"Ora (Warner Varnado) · Oregon DOT"}},{"type":"Feature","geometry":{"type":"Point","coordinates":[-119.3242,45.92285]},"properties":{"id":"ora-or-817","name":"I-82 at Umatilla","state":"OR","provider":"Oregon DOT","hls":null,"snapshot":"https://tripcheck.com/RoadCams/cams/I-82 at Umatilla NB_pid4644.jpg","refreshMs":30000,"attribution":"Ora (Warner Varnado) · Oregon DOT"}},{"type":"Feature","geometry":{"type":"Point","coordinates":[-119.3242,45.92285]},"properties":{"id":"ora-or-818","name":"I-82 at Umatilla","state":"OR","provider":"Oregon DOT","hls":null,"snapshot":"https://tripcheck.com/RoadCams/cams/I-82 at Umatilla SB_pid4646.jpg","refreshMs":30000,"attribution":"Ora (Warner Varnado) · Oregon DOT"}},{"type":"Feature","geometry":{"type":"Point","coordinates":[-124.12305,44.12833]},"properties":{"id":"ora-or-819","name":"US101 at Cape Cove","state":"OR","provider":"Oregon DOT","hls":null,"snapshot":"https://tripcheck.com/RoadCams/cams/Cape Cove NB_pid4648.jpg","refreshMs":30000,"attribution":"Ora (Warner Varnado) · Oregon DOT"}},{"type":"Feature","geometry":{"type":"Point","coordinates":[-122.86476,42.37071]},"properties":{"id":"ora-or-820","name":"OR62 at Commerce Dr","state":"OR","provider":"Oregon DOT","hls":null,"snapshot":"https://tripcheck.com/RoadCams/cams/ORE62 at Commerce Dr_pid4650.jpg","refreshMs":30000,"attribution":"Ora (Warner Varnado) · Oregon DOT"}},{"type":"Feature","geometry":{"type":"Point","coordinates":[-122.85584,42.41214]},"properties":{"id":"ora-or-821","name":"OR62 at Fowler Dr","state":"OR","provider":"Oregon DOT","hls":null,"snapshot":"https://tripcheck.com/RoadCams/cams/ORE62 at Fowler Dr_pid4652.jpg","refreshMs":30000,"attribution":"Ora (Warner Varnado) · Oregon DOT"}},{"type":"Feature","geometry":{"type":"Point","coordinates":[-121.24636,44.05492]},"properties":{"id":"ora-or-822","name":"US20 at Ward-Hamby Rd","state":"OR","provider":"Oregon DOT","hls":null,"snapshot":"https://tripcheck.com/RoadCams/cams/US20 at Ward-Hamby Rd_pid4654.jpg","refreshMs":30000,"attribution":"Ora (Warner Varnado) · Oregon DOT"}},{"type":"Feature","geometry":{"type":"Point","coordinates":[-122.86373,42.41003]},"properties":{"id":"ora-or-823","name":"OR62 at Gregory Rd","state":"OR","provider":"Oregon DOT","hls":null,"snapshot":"https://tripcheck.com/RoadCams/cams/ORE62 at Gregory Rd_pid4656.jpg","refreshMs":30000,"attribution":"Ora (Warner Varnado) · Oregon DOT"}},{"type":"Feature","geometry":{"type":"Point","coordinates":[-122.86539,42.38967]},"properties":{"id":"ora-or-824","name":"OR62 at Vilas Rd","state":"OR","provider":"Oregon DOT","hls":null,"snapshot":"https://tripcheck.com/RoadCams/cams/ORE62 at Vilas Rd_pid4658.jpg","refreshMs":30000,"attribution":"Ora (Warner Varnado) · Oregon DOT"}},{"type":"Feature","geometry":{"type":"Point","coordinates":[-117.26252,45.89137]},"properties":{"id":"ora-or-825","name":"OR3 at Flora MP 9.4","state":"OR","provider":"Oregon DOT","hls":null,"snapshot":"https://tripcheck.com/RoadCams/cams/ORE3 at Flora MP9.4_pid4660.jpg","refreshMs":30000,"attribution":"Ora (Warner Varnado) · Oregon DOT"}},{"type":"Feature","geometry":{"type":"Point","coordinates":[-123.00922,45.2797]},"properties":{"id":"ora-or-826","name":"OR99W at 5th St","state":"OR","provider":"Oregon DOT","hls":null,"snapshot":"https://tripcheck.com/RoadCams/cams/ORE99W at 5th St_pid4662.jpg","refreshMs":30000,"attribution":"Ora (Warner Varnado) · Oregon DOT"}},{"type":"Feature","geometry":{"type":"Point","coordinates":[-123.37089,42.73518]},"properties":{"id":"ora-or-827","name":"I-5 at Stage Road Pass","state":"OR","provider":"Oregon DOT","hls":null,"snapshot":"https://tripcheck.com/RoadCams/cams/I-5 at Stage Road Pass SB_pid4664.jpg","refreshMs":30000,"attribution":"Ora (Warner Varnado) · Oregon DOT"}},{"type":"Feature","geometry":{"type":"Point","coordinates":[-123.37089,42.73518]},"properties":{"id":"ora-or-828","name":"I-5 at Stage Road Pass","state":"OR","provider":"Oregon DOT","hls":null,"snapshot":"https://tripcheck.com/RoadCams/cams/I-5 at Stage Road Pass NB_pid4666.jpg","refreshMs":30000,"attribution":"Ora (Warner Varnado) · Oregon DOT"}},{"type":"Feature","geometry":{"type":"Point","coordinates":[-123.35962,43.20084]},"properties":{"id":"ora-or-829","name":"I-5 at Roseburg","state":"OR","provider":"Oregon DOT","hls":null,"snapshot":"https://tripcheck.com/RoadCams/cams/I-5 at Roseburg MP123_pid4668.jpg","refreshMs":30000,"attribution":"Ora (Warner Varnado) · Oregon DOT"}},{"type":"Feature","geometry":{"type":"Point","coordinates":[-122.6782,45.6128]},"properties":{"id":"ora-or-830","name":"I-5 at Interstate Bridge NB (South End)","state":"OR","provider":"Oregon DOT","hls":null,"snapshot":"https://tripcheck.com/RoadCams/cams/I-5 Bridge NB S.End_pid4670.jpg","refreshMs":30000,"attribution":"Ora (Warner Varnado) · Oregon DOT"}},{"type":"Feature","geometry":{"type":"Point","coordinates":[-122.67783,45.61396]},"properties":{"id":"ora-or-831","name":"I-5 at Interstate Bridge SB (South End)","state":"OR","provider":"Oregon DOT","hls":null,"snapshot":"https://tripcheck.com/RoadCams/cams/I-5 Bridge SB S.End_pid4672.jpg","refreshMs":30000,"attribution":"Ora (Warner Varnado) · Oregon DOT"}},{"type":"Feature","geometry":{"type":"Point","coordinates":[-122.67505,45.61789]},"properties":{"id":"ora-or-832","name":"I-5 at Interstate Bridge NB (Midspan)","state":"OR","provider":"Oregon DOT","hls":null,"snapshot":"https://tripcheck.com/RoadCams/cams/I-5 Bridge NB Mid_pid4674.jpg","refreshMs":30000,"attribution":"Ora (Warner Varnado) · Oregon DOT"}},{"type":"Feature","geometry":{"type":"Point","coordinates":[-122.67417,45.6202]},"properties":{"id":"ora-or-833","name":"I-5 at Interstate Bridge SB (North End)","state":"OR","provider":"Oregon DOT","hls":null,"snapshot":"https://tripcheck.com/RoadCams/cams/I-5 Bridge SB North_pid4676.jpg","refreshMs":30000,"attribution":"Ora (Warner Varnado) · Oregon DOT"}},{"type":"Feature","geometry":{"type":"Point","coordinates":[-122.7745,45.23069]},"properties":{"id":"ora-or-834","name":"OR551 at Ehlen Rd","state":"OR","provider":"Oregon DOT","hls":null,"snapshot":"https://tripcheck.com/RoadCams/cams/ORE551 at Ehlen Rd S_pid4678.jpg","refreshMs":30000,"attribution":"Ora (Warner Varnado) · Oregon DOT"}},{"type":"Feature","geometry":{"type":"Point","coordinates":[-122.7745,45.23069]},"properties":{"id":"ora-or-835","name":"OR551 at Ehlen Rd","state":"OR","provider":"Oregon DOT","hls":null,"snapshot":"https://tripcheck.com/RoadCams/cams/ORE551 at Ehlen Rd N_pid4680.jpg","refreshMs":30000,"attribution":"Ora (Warner Varnado) · Oregon DOT"}},{"type":"Feature","geometry":{"type":"Point","coordinates":[-121.47196,43.72037]},"properties":{"id":"ora-or-836","name":"US97 at Drafter Rd","state":"OR","provider":"Oregon DOT","hls":null,"snapshot":"https://tripcheck.com/RoadCams/cams/US97 at Drafter Rd N_pid4682.jpg","refreshMs":30000,"attribution":"Ora (Warner Varnado) · Oregon DOT"}},{"type":"Feature","geometry":{"type":"Point","coordinates":[-121.47196,43.72037]},"properties":{"id":"ora-or-837","name":"US97 at Drafter Rd S","state":"OR","provider":"Oregon DOT","hls":null,"snapshot":"https://tripcheck.com/RoadCams/cams/US97 at Drafter Rd S_pid4684.jpg","refreshMs":30000,"attribution":"Ora (Warner Varnado) · Oregon DOT"}},{"type":"Feature","geometry":{"type":"Point","coordinates":[-117.21718,44.28628]},"properties":{"id":"ora-or-838","name":"I-84 at Farewell Bend","state":"OR","provider":"Oregon DOT","hls":null,"snapshot":"https://tripcheck.com/RoadCams/cams/I-84 at Farewell Bend 353 E_pid4686.jpg","refreshMs":30000,"attribution":"Ora (Warner Varnado) · Oregon DOT"}},{"type":"Feature","geometry":{"type":"Point","coordinates":[-117.21718,44.28628]},"properties":{"id":"ora-or-839","name":"I-84 at Farewell Bend","state":"OR","provider":"Oregon DOT","hls":null,"snapshot":"https://tripcheck.com/RoadCams/cams/I-84 at Farewell Bend 353 W_pid4688.jpg","refreshMs":30000,"attribution":"Ora (Warner Varnado) · Oregon DOT"}},{"type":"Feature","geometry":{"type":"Point","coordinates":[-122.60288,42.06332]},"properties":{"id":"ora-or-840","name":"I-5 at Siskiyou Summit","state":"OR","provider":"Oregon DOT","hls":null,"snapshot":"https://tripcheck.com/RoadCams/cams/I-5 at Siskiyou Summit S_pid4690.jpg","refreshMs":30000,"attribution":"Ora (Warner Varnado) · Oregon DOT"}},{"type":"Feature","geometry":{"type":"Point","coordinates":[-122.60902,42.05229]},"properties":{"id":"ora-or-841","name":"I-5 at Siskiyou","state":"OR","provider":"Oregon DOT","hls":null,"snapshot":"https://tripcheck.com/RoadCams/cams/I-5 at Siskiyou MP3.68 NB_pid4692.jpg","refreshMs":30000,"attribution":"Ora (Warner Varnado) · Oregon DOT"}},{"type":"Feature","geometry":{"type":"Point","coordinates":[-122.60286,42.09242]},"properties":{"id":"ora-or-842","name":"I-5 at Siskiyou","state":"OR","provider":"Oregon DOT","hls":null,"snapshot":"https://tripcheck.com/RoadCams/cams/I-5 at Siskiyou MP6.87 SB_pid4696.jpg","refreshMs":30000,"attribution":"Ora (Warner Varnado) · Oregon DOT"}},{"type":"Feature","geometry":{"type":"Point","coordinates":[-122.60286,42.09242]},"properties":{"id":"ora-or-843","name":"I-5 at Siskiyou","state":"OR","provider":"Oregon DOT","hls":null,"snapshot":"https://tripcheck.com/RoadCams/cams/I-5 at Siskiyou MP6.87NB_pid4698.jpg","refreshMs":30000,"attribution":"Ora (Warner Varnado) · Oregon DOT"}},{"type":"Feature","geometry":{"type":"Point","coordinates":[-122.63203,42.13114]},"properties":{"id":"ora-or-844","name":"I-5 at Siskiyou","state":"OR","provider":"Oregon DOT","hls":null,"snapshot":"https://tripcheck.com/RoadCams/cams/I-5 at Siskiyou 10N_pid4700.jpg","refreshMs":30000,"attribution":"Ora (Warner Varnado) · Oregon DOT"}},{"type":"Feature","geometry":{"type":"Point","coordinates":[-122.63203,42.13114]},"properties":{"id":"ora-or-845","name":"I-5 at Siskiyou","state":"OR","provider":"Oregon DOT","hls":null,"snapshot":"https://tripcheck.com/RoadCams/cams/I-5 at Siskiyou 10S_pid4702.jpg","refreshMs":30000,"attribution":"Ora (Warner Varnado) · Oregon DOT"}},{"type":"Feature","geometry":{"type":"Point","coordinates":[-122.25116,42.29946]},"properties":{"id":"ora-or-846","name":"Dead Indian Memorial Rd at Clover Creek Rd","state":"OR","provider":"Oregon DOT","hls":null,"snapshot":"https://tripcheck.com/RoadCams/cams/Dead Indian Memorial Rd EB at Clover Creek MP28.35_pid4704.jpg","refreshMs":30000,"attribution":"Ora (Warner Varnado) · Oregon DOT"}},{"type":"Feature","geometry":{"type":"Point","coordinates":[-122.25116,42.29945]},"properties":{"id":"ora-or-847","name":"Dead Indian Memorial Rd at Clover Creek Rd","state":"OR","provider":"Oregon DOT","hls":null,"snapshot":"https://tripcheck.com/RoadCams/cams/Dead Indian Memorial Rd SB at Clover Creek MP28.35_pid4706.jpg","refreshMs":30000,"attribution":"Ora (Warner Varnado) · Oregon DOT"}},{"type":"Feature","geometry":{"type":"Point","coordinates":[-124.39831,43.11895]},"properties":{"id":"ora-or-848","name":"US101 at OR42S","state":"OR","provider":"Oregon DOT","hls":null,"snapshot":"https://tripcheck.com/RoadCams/cams/US101 at OR42S NB_pid4708.jpg","refreshMs":30000,"attribution":"Ora (Warner Varnado) · Oregon DOT"}},{"type":"Feature","geometry":{"type":"Point","coordinates":[-124.39831,43.11895]},"properties":{"id":"ora-or-849","name":"US101 at OR42S","state":"OR","provider":"Oregon DOT","hls":null,"snapshot":"https://tripcheck.com/RoadCams/cams/US101 at OR42S SB_pid4710.jpg","refreshMs":30000,"attribution":"Ora (Warner Varnado) · Oregon DOT"}},{"type":"Feature","geometry":{"type":"Point","coordinates":[-122.53763,45.408]},"properties":{"id":"ora-or-850","name":"OR224 at 122nd Ave","state":"OR","provider":"Oregon DOT","hls":null,"snapshot":"https://tripcheck.com/RoadCams/cams/ORE224 at 122nd Ave_pid4712.jpg","refreshMs":30000,"attribution":"Ora (Warner Varnado) · Oregon DOT"}},{"type":"Feature","geometry":{"type":"Point","coordinates":[-122.8592,45.61368]},"properties":{"id":"ora-or-851","name":"OR127 Cornelius Pass at MP3.08","state":"OR","provider":"Oregon DOT","hls":null,"snapshot":"https://tripcheck.com/RoadCams/cams/OR127 Cornelius Pass MP3.08_pid4714.jpg","refreshMs":30000,"attribution":"Ora (Warner Varnado) · Oregon DOT"}},{"type":"Feature","geometry":{"type":"Point","coordinates":[-122.8592,45.61368]},"properties":{"id":"ora-or-852","name":"OR127 Cornelius Pass at MP3.08","state":"OR","provider":"Oregon DOT","hls":null,"snapshot":"https://tripcheck.com/RoadCams/cams/OR127 Cornelius Pass MP3.08 S_pid4716.jpg","refreshMs":30000,"attribution":"Ora (Warner Varnado) · Oregon DOT"}},{"type":"Feature","geometry":{"type":"Point","coordinates":[-123.06632,44.64168]},"properties":{"id":"ora-or-853","name":"OR99E at MP0.42","state":"OR","provider":"Oregon DOT","hls":null,"snapshot":"https://tripcheck.com/RoadCams/cams/OR99E NB @ MP.42_pid4718.jpg","refreshMs":30000,"attribution":"Ora (Warner Varnado) · Oregon DOT"}},{"type":"Feature","geometry":{"type":"Point","coordinates":[-123.06632,44.64168]},"properties":{"id":"ora-or-854","name":"OR99E at MP0.42","state":"OR","provider":"Oregon DOT","hls":null,"snapshot":"https://tripcheck.com/RoadCams/cams/OR99E SB @ MP.42_pid4720.jpg","refreshMs":30000,"attribution":"Ora (Warner Varnado) · Oregon DOT"}},{"type":"Feature","geometry":{"type":"Point","coordinates":[-123.07323,44.6321]},"properties":{"id":"ora-or-855","name":"US20 at Waverly Dr SE","state":"OR","provider":"Oregon DOT","hls":null,"snapshot":"https://tripcheck.com/RoadCams/cams/US20 at Waverly Dr WB_pid4722.jpg","refreshMs":30000,"attribution":"Ora (Warner Varnado) · Oregon DOT"}},{"type":"Feature","geometry":{"type":"Point","coordinates":[-123.07323,44.6321]},"properties":{"id":"ora-or-856","name":"US20 at Waverly Dr SE","state":"OR","provider":"Oregon DOT","hls":null,"snapshot":"https://tripcheck.com/RoadCams/cams/US20 at Waverly Dr EB_pid4724.jpg","refreshMs":30000,"attribution":"Ora (Warner Varnado) · Oregon DOT"}},{"type":"Feature","geometry":{"type":"Point","coordinates":[-122.65772,42.17225]},"properties":{"id":"ora-or-857","name":"I-5 at Crowson Rd - Siskiyou Chain Up Area","state":"OR","provider":"Oregon DOT","hls":null,"snapshot":"https://tripcheck.com/RoadCams/cams/I-5 at Crowson Rd S_pid4726.jpg","refreshMs":30000,"attribution":"Ora (Warner Varnado) · Oregon DOT"}},{"type":"Feature","geometry":{"type":"Point","coordinates":[-122.55849,45.40766]},"properties":{"id":"ora-or-858","name":"OR224 at Evelyn St","state":"OR","provider":"Oregon DOT","hls":null,"snapshot":"https://tripcheck.com/RoadCams/cams/OR224 a Evelyn St E_pid4728.jpg","refreshMs":30000,"attribution":"Ora (Warner Varnado) · Oregon DOT"}},{"type":"Feature","geometry":{"type":"Point","coordinates":[-122.67537,45.54396]},"properties":{"id":"ora-or-859","name":"I-5 at Kerby","state":"OR","provider":"Oregon DOT","hls":null,"snapshot":"https://tripcheck.com/RoadCams/cams/I-5 at Kerby_pid4730.jpg","refreshMs":30000,"attribution":"Ora (Warner Varnado) · Oregon DOT"}},{"type":"Feature","geometry":{"type":"Point","coordinates":[-123.8968,46.16254]},"properties":{"id":"ora-or-860","name":"US101 at Harbor St","state":"OR","provider":"Oregon DOT","hls":null,"snapshot":"https://tripcheck.com/RoadCams/cams/US101 at Harbor St_pid4732.jpg","refreshMs":30000,"attribution":"Ora (Warner Varnado) · Oregon DOT"}},{"type":"Feature","geometry":{"type":"Point","coordinates":[-123.90064,46.16008]},"properties":{"id":"ora-or-861","name":"US101 at Neptune Dr","state":"OR","provider":"Oregon DOT","hls":null,"snapshot":"https://tripcheck.com/RoadCams/cams/US101 at Neptune Dr_pid4734.jpg","refreshMs":30000,"attribution":"Ora (Warner Varnado) · Oregon DOT"}},{"type":"Feature","geometry":{"type":"Point","coordinates":[-122.8377,45.83884]},"properties":{"id":"ora-or-862","name":"US30 at Millard Rd","state":"OR","provider":"Oregon DOT","hls":null,"snapshot":"https://tripcheck.com/RoadCams/cams/US30 at Millard Rd W_pid4736.jpg","refreshMs":30000,"attribution":"Ora (Warner Varnado) · Oregon DOT"}},{"type":"Feature","geometry":{"type":"Point","coordinates":[-122.66814,45.53686]},"properties":{"id":"ora-or-863","name":"I-5 at Broadway","state":"OR","provider":"Oregon DOT","hls":null,"snapshot":"https://tripcheck.com/RoadCams/cams/I-5 at Broadway N_pid4737.jpg","refreshMs":30000,"attribution":"Ora (Warner Varnado) · Oregon DOT"}},{"type":"Feature","geometry":{"type":"Point","coordinates":[-122.76224,45.43486]},"properties":{"id":"ora-or-864","name":"OR217 at OR99W","state":"OR","provider":"Oregon DOT","hls":null,"snapshot":"https://tripcheck.com/RoadCams/cams/OR217 at OR99W SB_pid4738.jpg","refreshMs":30000,"attribution":"Ora (Warner Varnado) · Oregon DOT"}},{"type":"Feature","geometry":{"type":"Point","coordinates":[-122.59443,45.53367]},"properties":{"id":"ora-or-865","name":"I-84 at 67th","state":"OR","provider":"Oregon DOT","hls":null,"snapshot":"https://tripcheck.com/RoadCams/cams/I-84 at 67th W_pid4740.jpg","refreshMs":30000,"attribution":"Ora (Warner Varnado) · Oregon DOT"}},{"type":"Feature","geometry":{"type":"Point","coordinates":[-124.12111,46.90436]},"properties":{"id":"ora-or-866","name":"Grays Harbor Westport - WA (USCG)","state":"OR","provider":"Oregon DOT","hls":null,"snapshot":"https://tripcheck.com/RoadCams/cams/Grays Harbor Westport - WA_pid4742.jpg","refreshMs":30000,"attribution":"Ora (Warner Varnado) · Oregon DOT"}},{"type":"Feature","geometry":{"type":"Point","coordinates":[-122.66726,45.5092]},"properties":{"id":"ora-or-867","name":"I-5 at Marquam Bridge (Upper Deck East)","state":"OR","provider":"Oregon DOT","hls":null,"snapshot":"https://tripcheck.com/RoadCams/cams/I-5 at Marquam Bridge (Upper Deck East)_pid4744.jpg","refreshMs":30000,"attribution":"Ora (Warner Varnado) · Oregon DOT"}},{"type":"Feature","geometry":{"type":"Point","coordinates":[-122.81563,45.52164]},"properties":{"id":"ora-or-868","name":"NW Murray at US26 EB","state":"OR","provider":"Oregon DOT","hls":null,"snapshot":"https://tripcheck.com/RoadCams/cams/NW Murray @ US26 EB_pid4746.jpg","refreshMs":30000,"attribution":"Ora (Warner Varnado) · Oregon DOT"}},{"type":"Feature","geometry":{"type":"Point","coordinates":[-121.31922,44.05079]},"properties":{"id":"ora-or-869","name":"Bend SW Colorado Ave at SW Industrial Dr","state":"OR","provider":"Oregon DOT","hls":null,"snapshot":"https://tripcheck.com/RoadCams/cams/Bend SW Colorado Ave at SW Industrial Dr_pid4748.jpg","refreshMs":30000,"attribution":"Ora (Warner Varnado) · Oregon DOT"}},{"type":"Feature","geometry":{"type":"Point","coordinates":[-121.30892,44.05166]},"properties":{"id":"ora-or-870","name":"US97 Ramp at Arizona-Colorado","state":"OR","provider":"Oregon DOT","hls":null,"snapshot":"https://tripcheck.com/RoadCams/cams/US97 Ramp at Arizona-Colorado_pid4750.jpg","refreshMs":30000,"attribution":"Ora (Warner Varnado) · Oregon DOT"}},{"type":"Feature","geometry":{"type":"Point","coordinates":[-121.30732,44.05197]},"properties":{"id":"ora-or-871","name":"Bend Parkway US97 at Colorado Couplet","state":"OR","provider":"Oregon DOT","hls":null,"snapshot":"https://tripcheck.com/RoadCams/cams/dummy camera name_pid4752.jpg","refreshMs":30000,"attribution":"Ora (Warner Varnado) · Oregon DOT"}},{"type":"Feature","geometry":{"type":"Point","coordinates":[-121.31637,44.05157]},"properties":{"id":"ora-or-872","name":"Bend NW Arizona Ave at NW Bond St","state":"OR","provider":"Oregon DOT","hls":null,"snapshot":"https://tripcheck.com/RoadCams/cams/Bend NW Arizona Ave at NW Bond St_pid4754.jpg","refreshMs":30000,"attribution":"Ora (Warner Varnado) · Oregon DOT"}},{"type":"Feature","geometry":{"type":"Point","coordinates":[-121.31775,44.05231]},"properties":{"id":"ora-or-873","name":"Bend NW Colorado Ave at NW Wall St","state":"OR","provider":"Oregon DOT","hls":null,"snapshot":"https://tripcheck.com/RoadCams/cams/Bend Colorado Ave at Wall St_pid4756.jpg","refreshMs":30000,"attribution":"Ora (Warner Varnado) · Oregon DOT"}},{"type":"Feature","geometry":{"type":"Point","coordinates":[-121.80239,42.25856]},"properties":{"id":"ora-or-874","name":"US97 at Dan Obrien Way","state":"OR","provider":"Oregon DOT","hls":null,"snapshot":"https://tripcheck.com/RoadCams/cams/US97 at Dan Obrien Way NB_pid4758.jpg","refreshMs":30000,"attribution":"Ora (Warner Varnado) · Oregon DOT"}},{"type":"Feature","geometry":{"type":"Point","coordinates":[-124.05138,46.27611]},"properties":{"id":"ora-or-875","name":"Cape Disappointment Ilwaco - WA (USCG)","state":"OR","provider":"Oregon DOT","hls":null,"snapshot":"https://tripcheck.com/RoadCams/cams/Cape Disappointment Ilwaco_pid4760.jpg","refreshMs":30000,"attribution":"Ora (Warner Varnado) · Oregon DOT"}},{"type":"Feature","geometry":{"type":"Point","coordinates":[-122.8036,44.06875]},"properties":{"id":"ora-or-876","name":"OR126 at Walterville","state":"OR","provider":"Oregon DOT","hls":null,"snapshot":"https://tripcheck.com/RoadCams/cams/OR126 at Walterville_pid4761.jpg","refreshMs":30000,"attribution":"Ora (Warner Varnado) · Oregon DOT"}},{"type":"Feature","geometry":{"type":"Point","coordinates":[-122.8036,44.06875]},"properties":{"id":"ora-or-877","name":"OR126 at Walterville","state":"OR","provider":"Oregon DOT","hls":null,"snapshot":"https://tripcheck.com/RoadCams/cams/OR126 at Walterville WB_pid4763.jpg","refreshMs":30000,"attribution":"Ora (Warner Varnado) · Oregon DOT"}},{"type":"Feature","geometry":{"type":"Point","coordinates":[-122.57699,45.42203]},"properties":{"id":"ora-or-878","name":"OR224 at OR213","state":"OR","provider":"Oregon DOT","hls":null,"snapshot":"https://tripcheck.com/RoadCams/cams/OR224 at OR213 WB_pid4765.jpg","refreshMs":30000,"attribution":"Ora (Warner Varnado) · Oregon DOT"}},{"type":"Feature","geometry":{"type":"Point","coordinates":[-122.53763,45.56737]},"properties":{"id":"ora-or-879","name":"Portland - NE Airport Way at Win Sivers","state":"OR","provider":"Oregon DOT","hls":null,"snapshot":"https://tripcheck.com/RoadCams/cams/NE Airport Way @ Win Sivers_pid4767.jpg","refreshMs":30000,"attribution":"Ora (Warner Varnado) · Oregon DOT"}},{"type":"Feature","geometry":{"type":"Point","coordinates":[-122.54432,45.56796]},"properties":{"id":"ora-or-880","name":"Portland - NE Airport Way at Holman","state":"OR","provider":"Oregon DOT","hls":null,"snapshot":"https://tripcheck.com/RoadCams/cams/NE Airport Way @ Holman_pid4769.jpg","refreshMs":30000,"attribution":"Ora (Warner Varnado) · Oregon DOT"}},{"type":"Feature","geometry":{"type":"Point","coordinates":[-122.57259,45.58094]},"properties":{"id":"ora-or-881","name":"Portland - NE Airport Way at 82nd","state":"OR","provider":"Oregon DOT","hls":null,"snapshot":"https://tripcheck.com/RoadCams/cams/NE Airport Way @ 82nd_pid4771.jpg","refreshMs":30000,"attribution":"Ora (Warner Varnado) · Oregon DOT"}},{"type":"Feature","geometry":{"type":"Point","coordinates":[-122.50021,45.55759]},"properties":{"id":"ora-or-882","name":"Portland - NE Airport Way at 158th","state":"OR","provider":"Oregon DOT","hls":null,"snapshot":"https://tripcheck.com/RoadCams/cams/NE Airport Way @ 158th_pid4773.jpg","refreshMs":30000,"attribution":"Ora (Warner Varnado) · Oregon DOT"}},{"type":"Feature","geometry":{"type":"Point","coordinates":[-122.51028,45.55957]},"properties":{"id":"ora-or-883","name":"Portland - NE Airport Way at 148th","state":"OR","provider":"Oregon DOT","hls":null,"snapshot":"https://tripcheck.com/RoadCams/cams/NE Airport Way @ 148th_pid4775.jpg","refreshMs":30000,"attribution":"Ora (Warner Varnado) · Oregon DOT"}},{"type":"Feature","geometry":{"type":"Point","coordinates":[-122.52112,45.56195]},"properties":{"id":"ora-or-884","name":"Portland - NE Airport Way at 138th","state":"OR","provider":"Oregon DOT","hls":null,"snapshot":"https://tripcheck.com/RoadCams/cams/NE Airport Way @ 138th_pid4777.jpg","refreshMs":30000,"attribution":"Ora (Warner Varnado) · Oregon DOT"}},{"type":"Feature","geometry":{"type":"Point","coordinates":[-122.53396,45.56545]},"properties":{"id":"ora-or-885","name":"Portland - NE Airport Way at 122nd SWC","state":"OR","provider":"Oregon DOT","hls":null,"snapshot":"https://tripcheck.com/RoadCams/cams/NE Airport Way @ 122nd SWC_pid4779.jpg","refreshMs":30000,"attribution":"Ora (Warner Varnado) · Oregon DOT"}},{"type":"Feature","geometry":{"type":"Point","coordinates":[-122.53367,45.5658]},"properties":{"id":"ora-or-886","name":"Portland - NE Airport Way at 122nd NWC","state":"OR","provider":"Oregon DOT","hls":null,"snapshot":"https://tripcheck.com/RoadCams/cams/NE Airport Way @ 122nd NWC_pid4781.jpg","refreshMs":30000,"attribution":"Ora (Warner Varnado) · Oregon DOT"}},{"type":"Feature","geometry":{"type":"Point","coordinates":[-121.80238,42.25855]},"properties":{"id":"ora-or-887","name":"US97 at Dan Obrien Way","state":"OR","provider":"Oregon DOT","hls":null,"snapshot":"https://tripcheck.com/RoadCams/cams/US97 at Dan Obrien Way SB_pid4783.jpg","refreshMs":30000,"attribution":"Ora (Warner Varnado) · Oregon DOT"}},{"type":"Feature","geometry":{"type":"Point","coordinates":[-122.40131,45.54446]},"properties":{"id":"ora-or-888","name":"I-84 at Marine Dr","state":"OR","provider":"Oregon DOT","hls":null,"snapshot":"https://tripcheck.com/RoadCams/cams/I-84 at Marine Dr_pid4785.jpg","refreshMs":30000,"attribution":"Ora (Warner Varnado) · Oregon DOT"}},{"type":"Feature","geometry":{"type":"Point","coordinates":[-122.41853,45.53952]},"properties":{"id":"ora-or-889","name":"I-84 at 238th Dr","state":"OR","provider":"Oregon DOT","hls":null,"snapshot":"https://tripcheck.com/RoadCams/cams/I-84 at 238th Dr_pid4787.jpg","refreshMs":30000,"attribution":"Ora (Warner Varnado) · Oregon DOT"}},{"type":"Feature","geometry":{"type":"Point","coordinates":[-122.49509,45.54217]},"properties":{"id":"ora-or-890","name":"I-84 at 162nd","state":"OR","provider":"Oregon DOT","hls":null,"snapshot":"https://tripcheck.com/RoadCams/cams/I-84 EB at 162nd_pid4789.jpg","refreshMs":30000,"attribution":"Ora (Warner Varnado) · Oregon DOT"}},{"type":"Feature","geometry":{"type":"Point","coordinates":[-122.38743,45.46549]},"properties":{"id":"ora-or-891","name":"US26 at 267th","state":"OR","provider":"Oregon DOT","hls":null,"snapshot":"https://tripcheck.com/RoadCams/cams/US26 EB at 267th_pid4791.jpg","refreshMs":30000,"attribution":"Ora (Warner Varnado) · Oregon DOT"}},{"type":"Feature","geometry":{"type":"Point","coordinates":[-122.38743,45.46549]},"properties":{"id":"ora-or-892","name":"US26 at 267th","state":"OR","provider":"Oregon DOT","hls":null,"snapshot":"https://tripcheck.com/RoadCams/cams/US26 WB at 267th_pid4793.jpg","refreshMs":30000,"attribution":"Ora (Warner Varnado) · Oregon DOT"}},{"type":"Feature","geometry":{"type":"Point","coordinates":[-122.68525,45.53636]},"properties":{"id":"ora-or-893","name":"I-405 at Fremont Bridge (Top of Arch)","state":"OR","provider":"Oregon DOT","hls":null,"snapshot":"https://tripcheck.com/RoadCams/cams/I-405 at Fremont Top_pid4795.jpg","refreshMs":30000,"attribution":"Ora (Warner Varnado) · Oregon DOT"}},{"type":"Feature","geometry":{"type":"Point","coordinates":[-122.68541,45.52175]},"properties":{"id":"ora-or-894","name":"I-405 at SW Alder","state":"OR","provider":"Oregon DOT","hls":null,"snapshot":"https://tripcheck.com/RoadCams/cams/I-405 at SW Alder NB_pid4797.jpg","refreshMs":30000,"attribution":"Ora (Warner Varnado) · Oregon DOT"}},{"type":"Feature","geometry":{"type":"Point","coordinates":[-122.6883,45.51696]},"properties":{"id":"ora-or-895","name":"I-405 at SW Jefferson","state":"OR","provider":"Oregon DOT","hls":null,"snapshot":"https://tripcheck.com/RoadCams/cams/I-405 at SW Jefferson_pid4799.jpg","refreshMs":30000,"attribution":"Ora (Warner Varnado) · Oregon DOT"}},{"type":"Feature","geometry":{"type":"Point","coordinates":[-122.67886,45.48323]},"properties":{"id":"ora-or-896","name":"I-5 at Iowa","state":"OR","provider":"Oregon DOT","hls":null,"snapshot":"https://tripcheck.com/RoadCams/cams/I-5 at Iowa VMS_pid4801.jpg","refreshMs":30000,"attribution":"Ora (Warner Varnado) · Oregon DOT"}},{"type":"Feature","geometry":{"type":"Point","coordinates":[-122.66985,45.50766]},"properties":{"id":"ora-or-897","name":"I-5 at Marquam Bridge (Upper Deck West)","state":"OR","provider":"Oregon DOT","hls":null,"snapshot":"https://tripcheck.com/RoadCams/cams/I-5 at Marquam Bridge (Upper Deck West)_pid4803.jpg","refreshMs":30000,"attribution":"Ora (Warner Varnado) · Oregon DOT"}},{"type":"Feature","geometry":{"type":"Point","coordinates":[-122.66917,45.50799]},"properties":{"id":"ora-or-898","name":"I-5 at Marquam Bridge (Lower Deck Mid Span)","state":"OR","provider":"Oregon DOT","hls":null,"snapshot":"https://tripcheck.com/RoadCams/cams/I-5 at Marquam Bridge (Upper Deck West)_pid4805.jpg","refreshMs":30000,"attribution":"Ora (Warner Varnado) · Oregon DOT"}},{"type":"Feature","geometry":{"type":"Point","coordinates":[-122.64507,45.50483]},"properties":{"id":"ora-or-899","name":"Portland - Division at 20th","state":"OR","provider":"Oregon DOT","hls":null,"snapshot":"https://tripcheck.com/RoadCams/cams/Division at 20th_pid4807.jpg","refreshMs":30000,"attribution":"Ora (Warner Varnado) · Oregon DOT"}},{"type":"Feature","geometry":{"type":"Point","coordinates":[-122.63961,45.50481]},"properties":{"id":"ora-or-900","name":"Portland - Division at 26th","state":"OR","provider":"Oregon DOT","hls":null,"snapshot":"https://tripcheck.com/RoadCams/cams/Division at 26th_pid4809.jpg","refreshMs":30000,"attribution":"Ora (Warner Varnado) · Oregon DOT"}},{"type":"Feature","geometry":{"type":"Point","coordinates":[-122.62956,45.50479]},"properties":{"id":"ora-or-901","name":"Portland - Division at 34th","state":"OR","provider":"Oregon DOT","hls":null,"snapshot":"https://tripcheck.com/RoadCams/cams/Division at 34th_pid4811.jpg","refreshMs":30000,"attribution":"Ora (Warner Varnado) · Oregon DOT"}},{"type":"Feature","geometry":{"type":"Point","coordinates":[-122.60167,45.50536]},"properties":{"id":"ora-or-902","name":"Portland - Division at 60th","state":"OR","provider":"Oregon DOT","hls":null,"snapshot":"https://tripcheck.com/RoadCams/cams/Division at 60th_pid4815.jpg","refreshMs":30000,"attribution":"Ora (Warner Varnado) · Oregon DOT"}},{"type":"Feature","geometry":{"type":"Point","coordinates":[-122.58527,45.50539]},"properties":{"id":"ora-or-903","name":"Portland - Division at 76th","state":"OR","provider":"Oregon DOT","hls":null,"snapshot":"https://tripcheck.com/RoadCams/cams/Division at 76th_pid4817.jpg","refreshMs":30000,"attribution":"Ora (Warner Varnado) · Oregon DOT"}},{"type":"Feature","geometry":{"type":"Point","coordinates":[-122.57424,45.5046]},"properties":{"id":"ora-or-904","name":"Portland - Division at 87th","state":"OR","provider":"Oregon DOT","hls":null,"snapshot":"https://tripcheck.com/RoadCams/cams/Division at 87th_pid4819.jpg","refreshMs":30000,"attribution":"Ora (Warner Varnado) · Oregon DOT"}},{"type":"Feature","geometry":{"type":"Point","coordinates":[-122.55957,45.50432]},"properties":{"id":"ora-or-905","name":"Portland - Division at 101st","state":"OR","provider":"Oregon DOT","hls":null,"snapshot":"https://tripcheck.com/RoadCams/cams/Division at 101st_pid4821.jpg","refreshMs":30000,"attribution":"Ora (Warner Varnado) · Oregon DOT"}},{"type":"Feature","geometry":{"type":"Point","coordinates":[-122.5448,45.50417]},"properties":{"id":"ora-or-906","name":"Portland - Division at 115th","state":"OR","provider":"Oregon DOT","hls":null,"snapshot":"https://tripcheck.com/RoadCams/cams/Division at 115th_pid4823.jpg","refreshMs":30000,"attribution":"Ora (Warner Varnado) · Oregon DOT"}},{"type":"Feature","geometry":{"type":"Point","coordinates":[-122.5409,45.50412]},"properties":{"id":"ora-or-907","name":"Portland - Division at 119th","state":"OR","provider":"Oregon DOT","hls":null,"snapshot":"https://tripcheck.com/RoadCams/cams/Division at 119th_pid4825.jpg","refreshMs":30000,"attribution":"Ora (Warner Varnado) · Oregon DOT"}},{"type":"Feature","geometry":{"type":"Point","coordinates":[-122.69737,45.57714]},"properties":{"id":"ora-or-908","name":"Portland - N Lombard at Peninsular","state":"OR","provider":"Oregon DOT","hls":null,"snapshot":"https://tripcheck.com/RoadCams/cams/N Lombard at Peninsular_pid4829.jpg","refreshMs":30000,"attribution":"Ora (Warner Varnado) · Oregon DOT"}},{"type":"Feature","geometry":{"type":"Point","coordinates":[-122.70278,45.57714]},"properties":{"id":"ora-or-909","name":"Portland - N Lombard at Wabash","state":"OR","provider":"Oregon DOT","hls":null,"snapshot":"https://tripcheck.com/RoadCams/cams/N Lombard at Wabash_pid4831.jpg","refreshMs":30000,"attribution":"Ora (Warner Varnado) · Oregon DOT"}},{"type":"Feature","geometry":{"type":"Point","coordinates":[-122.70793,45.57711]},"properties":{"id":"ora-or-910","name":"Portland - N Lombard at Chautauqua","state":"OR","provider":"Oregon DOT","hls":null,"snapshot":"https://tripcheck.com/RoadCams/cams/N Lombard at Chautauqua_pid4833.jpg","refreshMs":30000,"attribution":"Ora (Warner Varnado) · Oregon DOT"}},{"type":"Feature","geometry":{"type":"Point","coordinates":[-122.7183,45.58041]},"properties":{"id":"ora-or-911","name":"Portland - N Lombard at Fiske","state":"OR","provider":"Oregon DOT","hls":null,"snapshot":"https://tripcheck.com/RoadCams/cams/N Lombard at Fiske_pid4835.jpg","refreshMs":30000,"attribution":"Ora (Warner Varnado) · Oregon DOT"}},{"type":"Feature","geometry":{"type":"Point","coordinates":[-121.30352,44.07675]},"properties":{"id":"ora-or-912","name":"US97 at US20 Overpass Bend Pkwy","state":"OR","provider":"Oregon DOT","hls":null,"snapshot":"https://tripcheck.com/RoadCams/cams/US97 at US20 Overpass Bend Pkwy_pid4836.jpg","refreshMs":30000,"attribution":"Ora (Warner Varnado) · Oregon DOT"}},{"type":"Feature","geometry":{"type":"Point","coordinates":[-122.56492,45.42963]},"properties":{"id":"ora-or-913","name":"I-205 at Sunnybrook","state":"OR","provider":"Oregon DOT","hls":null,"snapshot":"https://tripcheck.com/RoadCams/cams/I-205 at Sunnybrook NB_pid4838.jpg","refreshMs":30000,"attribution":"Ora (Warner Varnado) · Oregon DOT"}},{"type":"Feature","geometry":{"type":"Point","coordinates":[-123.33081,42.98627]},"properties":{"id":"ora-or-914","name":"I-5 at Chadwick Ln","state":"OR","provider":"Oregon DOT","hls":null,"snapshot":"https://tripcheck.com/RoadCams/cams/I-5 at Chadwick Ln NB_pid4840.jpg","refreshMs":30000,"attribution":"Ora (Warner Varnado) · Oregon DOT"}},{"type":"Feature","geometry":{"type":"Point","coordinates":[-123.36462,43.14753]},"properties":{"id":"ora-or-915","name":"I-5 at Grant Smith Rd","state":"OR","provider":"Oregon DOT","hls":null,"snapshot":"https://tripcheck.com/RoadCams/cams/I-5 at Grant Smith Rd_pid4842.jpg","refreshMs":30000,"attribution":"Ora (Warner Varnado) · Oregon DOT"}},{"type":"Feature","geometry":{"type":"Point","coordinates":[-121.82868,43.08096]},"properties":{"id":"ora-or-916","name":"OR138 near US97","state":"OR","provider":"Oregon DOT","hls":null,"snapshot":"https://tripcheck.com/RoadCams/cams/OR138 near US97 E_pid4844.jpg","refreshMs":30000,"attribution":"Ora (Warner Varnado) · Oregon DOT"}},{"type":"Feature","geometry":{"type":"Point","coordinates":[-121.82868,43.08096]},"properties":{"id":"ora-or-917","name":"OR138 near US97","state":"OR","provider":"Oregon DOT","hls":null,"snapshot":"https://tripcheck.com/RoadCams/cams/OR138 near US97 W_pid4846.jpg","refreshMs":30000,"attribution":"Ora (Warner Varnado) · Oregon DOT"}},{"type":"Feature","geometry":{"type":"Point","coordinates":[-122.91848,42.38952]},"properties":{"id":"ora-or-918","name":"I-5 at Upton Rd","state":"OR","provider":"Oregon DOT","hls":null,"snapshot":"https://tripcheck.com/RoadCams/cams/I-5 NB at Upton Rd_pid4848.jpg","refreshMs":30000,"attribution":"Ora (Warner Varnado) · Oregon DOT"}},{"type":"Feature","geometry":{"type":"Point","coordinates":[-121.61866,42.55426]},"properties":{"id":"ora-or-919","name":"Sprague River Rd at Lone Pine Rd","state":"OR","provider":"Oregon DOT","hls":null,"snapshot":"https://tripcheck.com/RoadCams/cams/Sprague River Rd at Lone Pine Rd_pid4850.jpg","refreshMs":30000,"attribution":"Ora (Warner Varnado) · Oregon DOT"}},{"type":"Feature","geometry":{"type":"Point","coordinates":[-122.68671,45.52357]},"properties":{"id":"ora-or-920","name":"Portland - NW Couch at 15th","state":"OR","provider":"Oregon DOT","hls":null,"snapshot":"https://tripcheck.com/RoadCams/cams/NW Couch at 15th_pid4852.jpg","refreshMs":30000,"attribution":"Ora (Warner Varnado) · Oregon DOT"}},{"type":"Feature","geometry":{"type":"Point","coordinates":[-122.68652,45.52289]},"properties":{"id":"ora-or-921","name":"Portland - W Burnside at 15th","state":"OR","provider":"Oregon DOT","hls":null,"snapshot":"https://tripcheck.com/RoadCams/cams/W Burnside at 15th_pid4854.jpg","refreshMs":30000,"attribution":"Ora (Warner Varnado) · Oregon DOT"}},{"type":"Feature","geometry":{"type":"Point","coordinates":[-122.53478,45.50402]},"properties":{"id":"ora-or-922","name":"Portland - Division at 125th","state":"OR","provider":"Oregon DOT","hls":null,"snapshot":"https://tripcheck.com/RoadCams/cams/SE Division at 125th_pid4856.jpg","refreshMs":30000,"attribution":"Ora (Warner Varnado) · Oregon DOT"}},{"type":"Feature","geometry":{"type":"Point","coordinates":[-122.52996,45.50405]},"properties":{"id":"ora-or-923","name":"Portland - Division at 130th","state":"OR","provider":"Oregon DOT","hls":null,"snapshot":"https://tripcheck.com/RoadCams/cams/SE Division at 130th_pid4858.jpg","refreshMs":30000,"attribution":"Ora (Warner Varnado) · Oregon DOT"}},{"type":"Feature","geometry":{"type":"Point","coordinates":[-122.5139,45.50418]},"properties":{"id":"ora-or-924","name":"Portland - Division at 145th","state":"OR","provider":"Oregon DOT","hls":null,"snapshot":"https://tripcheck.com/RoadCams/cams/SE Division at 145th_pid4859.jpg","refreshMs":30000,"attribution":"Ora (Warner Varnado) · Oregon DOT"}},{"type":"Feature","geometry":{"type":"Point","coordinates":[-122.5106,45.50425]},"properties":{"id":"ora-or-925","name":"Portland - Division at 148th","state":"OR","provider":"Oregon DOT","hls":null,"snapshot":"https://tripcheck.com/RoadCams/cams/SE Division at 148th_pid4861.jpg","refreshMs":30000,"attribution":"Ora (Warner Varnado) · Oregon DOT"}},{"type":"Feature","geometry":{"type":"Point","coordinates":[-122.507,45.50429]},"properties":{"id":"ora-or-926","name":"Portland - Division at 152nd","state":"OR","provider":"Oregon DOT","hls":null,"snapshot":"https://tripcheck.com/RoadCams/cams/SE Division at 152nd_pid4863.jpg","refreshMs":30000,"attribution":"Ora (Warner Varnado) · Oregon DOT"}},{"type":"Feature","geometry":{"type":"Point","coordinates":[-122.49673,45.50462]},"properties":{"id":"ora-or-927","name":"Portland - Division at 162nd NWC","state":"OR","provider":"Oregon DOT","hls":null,"snapshot":"https://tripcheck.com/RoadCams/cams/SE Division at 162nd NWC_pid4865.jpg","refreshMs":30000,"attribution":"Ora (Warner Varnado) · Oregon DOT"}},{"type":"Feature","geometry":{"type":"Point","coordinates":[-122.49672,45.5045]},"properties":{"id":"ora-or-928","name":"Portland - Division at 162nd SWC","state":"OR","provider":"Oregon DOT","hls":null,"snapshot":"https://tripcheck.com/RoadCams/cams/SE Division at 162nd SWC_pid4867.jpg","refreshMs":30000,"attribution":"Ora (Warner Varnado) · Oregon DOT"}},{"type":"Feature","geometry":{"type":"Point","coordinates":[-122.48467,45.50465]},"properties":{"id":"ora-or-929","name":"Portland - Division at 174th","state":"OR","provider":"Oregon DOT","hls":null,"snapshot":"https://tripcheck.com/RoadCams/cams/SE Division at 174th_pid4869.jpg","refreshMs":30000,"attribution":"Ora (Warner Varnado) · Oregon DOT"}},{"type":"Feature","geometry":{"type":"Point","coordinates":[-122.65372,45.50493]},"properties":{"id":"ora-or-930","name":"Portland - Division at 12th","state":"OR","provider":"Oregon DOT","hls":null,"snapshot":"https://tripcheck.com/RoadCams/cams/SE Division at 12th_pid4871.jpg","refreshMs":30000,"attribution":"Ora (Warner Varnado) · Oregon DOT"}},{"type":"Feature","geometry":{"type":"Point","coordinates":[-122.58086,45.50525]},"properties":{"id":"ora-or-931","name":"Portland - Division at 80th","state":"OR","provider":"Oregon DOT","hls":null,"snapshot":"https://tripcheck.com/RoadCams/cams/SE Division at 80th_pid4873.jpg","refreshMs":30000,"attribution":"Ora (Warner Varnado) · Oregon DOT"}},{"type":"Feature","geometry":{"type":"Point","coordinates":[-122.57679,45.50463]},"properties":{"id":"ora-or-932","name":"Portland - Division at 84th","state":"OR","provider":"Oregon DOT","hls":null,"snapshot":"https://tripcheck.com/RoadCams/cams/SE Division at 84th_pid4875.jpg","refreshMs":30000,"attribution":"Ora (Warner Varnado) · Oregon DOT"}},{"type":"Feature","geometry":{"type":"Point","coordinates":[-122.57175,45.50451]},"properties":{"id":"ora-or-933","name":"Portland - Division at 89th","state":"OR","provider":"Oregon DOT","hls":null,"snapshot":"https://tripcheck.com/RoadCams/cams/SE Division at 89th_pid4877.jpg","refreshMs":30000,"attribution":"Ora (Warner Varnado) · Oregon DOT"}},{"type":"Feature","geometry":{"type":"Point","coordinates":[-122.56863,45.50448]},"properties":{"id":"ora-or-934","name":"Portland - Division at 92nd","state":"OR","provider":"Oregon DOT","hls":null,"snapshot":"https://tripcheck.com/RoadCams/cams/SE Division at 92nd_pid4879.jpg","refreshMs":30000,"attribution":"Ora (Warner Varnado) · Oregon DOT"}},{"type":"Feature","geometry":{"type":"Point","coordinates":[-122.55639,45.50436]},"properties":{"id":"ora-or-935","name":"Portland - Division at 104th","state":"OR","provider":"Oregon DOT","hls":null,"snapshot":"https://tripcheck.com/RoadCams/cams/SE Division at 104th_pid4881.jpg","refreshMs":30000,"attribution":"Ora (Warner Varnado) · Oregon DOT"}},{"type":"Feature","geometry":{"type":"Point","coordinates":[-122.52368,45.50409]},"properties":{"id":"ora-or-936","name":"Portland - Division at 136th","state":"OR","provider":"Oregon DOT","hls":null,"snapshot":"https://tripcheck.com/RoadCams/cams/SE Division at 136th_pid4883.jpg","refreshMs":30000,"attribution":"Ora (Warner Varnado) · Oregon DOT"}},{"type":"Feature","geometry":{"type":"Point","coordinates":[-122.52096,45.5041]},"properties":{"id":"ora-or-937","name":"Portland - Division at 139th","state":"OR","provider":"Oregon DOT","hls":null,"snapshot":"https://tripcheck.com/RoadCams/cams/SE Division at 139th_pid4885.jpg","refreshMs":30000,"attribution":"Ora (Warner Varnado) · Oregon DOT"}},{"type":"Feature","geometry":{"type":"Point","coordinates":[-122.50513,45.50434]},"properties":{"id":"ora-or-938","name":"Portland - Division at 154th","state":"OR","provider":"Oregon DOT","hls":null,"snapshot":"https://tripcheck.com/RoadCams/cams/SE Division at 154th_pid4887.jpg","refreshMs":30000,"attribution":"Ora (Warner Varnado) · Oregon DOT"}},{"type":"Feature","geometry":{"type":"Point","coordinates":[-122.49856,45.50449]},"properties":{"id":"ora-or-939","name":"Portland - Division at 160th","state":"OR","provider":"Oregon DOT","hls":null,"snapshot":"https://tripcheck.com/RoadCams/cams/SE Division at 160th_pid4889.jpg","refreshMs":30000,"attribution":"Ora (Warner Varnado) · Oregon DOT"}},{"type":"Feature","geometry":{"type":"Point","coordinates":[-122.49157,45.5046]},"properties":{"id":"ora-or-940","name":"Portland - Division at 166th","state":"OR","provider":"Oregon DOT","hls":null,"snapshot":"https://tripcheck.com/RoadCams/cams/SE Division at 166th_pid4891.jpg","refreshMs":30000,"attribution":"Ora (Warner Varnado) · Oregon DOT"}},{"type":"Feature","geometry":{"type":"Point","coordinates":[-122.73039,45.59531]},"properties":{"id":"ora-or-941","name":"Portland - N Columbia at Macrum","state":"OR","provider":"Oregon DOT","hls":null,"snapshot":"https://tripcheck.com/RoadCams/cams/N Columbia at Macrum_pid4893.jpg","refreshMs":30000,"attribution":"Ora (Warner Varnado) · Oregon DOT"}},{"type":"Feature","geometry":{"type":"Point","coordinates":[-118.03969,45.2957]},"properties":{"id":"ora-or-942","name":"RampGate I-84 EB at Union Interchange","state":"OR","provider":"Oregon DOT","hls":null,"snapshot":"https://tripcheck.com/RoadCams/cams/RampGate I84 EB at Union Interchange_pid4895.jpg","refreshMs":30000,"attribution":"Ora (Warner Varnado) · Oregon DOT"}},{"type":"Feature","geometry":{"type":"Point","coordinates":[-118.03509,45.29293]},"properties":{"id":"ora-or-943","name":"RampGate I-84 WB at Union Interchange","state":"OR","provider":"Oregon DOT","hls":null,"snapshot":"https://tripcheck.com/RoadCams/cams/RampGate I84 WB at Union Interchange_pid4897.jpg","refreshMs":30000,"attribution":"Ora (Warner Varnado) · Oregon DOT"}},{"type":"Feature","geometry":{"type":"Point","coordinates":[-122.89629,44.51557]},"properties":{"id":"ora-or-944","name":"US20 at Weldwood Dr","state":"OR","provider":"Oregon DOT","hls":null,"snapshot":"https://tripcheck.com/RoadCams/cams/US20 EB at Weldwood Dr_pid4899.jpg","refreshMs":30000,"attribution":"Ora (Warner Varnado) · Oregon DOT"}},{"type":"Feature","geometry":{"type":"Point","coordinates":[-124.13636,44.01861]},"properties":{"id":"ora-or-945","name":"Siuslaw River Florence (USCG)","state":"OR","provider":"Oregon DOT","hls":null,"snapshot":"https://tripcheck.com/RoadCams/cams/Siuslaw River Florence_pid4901.jpg","refreshMs":30000,"attribution":"Ora (Warner Varnado) · Oregon DOT"}},{"type":"Feature","geometry":{"type":"Point","coordinates":[-122.65866,45.52758]},"properties":{"id":"ora-or-946","name":"Portland - NE Lloyd at 7th","state":"OR","provider":"Oregon DOT","hls":null,"snapshot":"https://tripcheck.com/RoadCams/cams/NE Lloyd at 7th CAM35_pid4902.jpg","refreshMs":30000,"attribution":"Ora (Warner Varnado) · Oregon DOT"}},{"type":"Feature","geometry":{"type":"Point","coordinates":[-124.06289,44.62413]},"properties":{"id":"ora-or-947","name":"Yaquina Bay Newport (USCG)","state":"OR","provider":"Oregon DOT","hls":null,"snapshot":"https://tripcheck.com/RoadCams/cams/Yaquina Bay Newport USCG_pid4904.jpg","refreshMs":30000,"attribution":"Ora (Warner Varnado) · Oregon DOT"}},{"type":"Feature","geometry":{"type":"Point","coordinates":[-124.0623,44.80902]},"properties":{"id":"ora-or-948","name":"Depoe Bay (USCG)","state":"OR","provider":"Oregon DOT","hls":null,"snapshot":"https://tripcheck.com/RoadCams/cams/Depoe Bay USCG_pid4906.jpg","refreshMs":30000,"attribution":"Ora (Warner Varnado) · Oregon DOT"}},{"type":"Feature","geometry":{"type":"Point","coordinates":[-124.33686,43.35072]},"properties":{"id":"ora-or-949","name":"Coos River Charleston (USCG)","state":"OR","provider":"Oregon DOT","hls":null,"snapshot":"https://tripcheck.com/RoadCams/cams/Coos River Charleston USCG_pid4908.jpg","refreshMs":30000,"attribution":"Ora (Warner Varnado) · Oregon DOT"}},{"type":"Feature","geometry":{"type":"Point","coordinates":[-122.69554,45.51583]},"properties":{"id":"ora-or-950","name":"US26 WB at Vista Ridge Tunnel (East End)","state":"OR","provider":"Oregon DOT","hls":null,"snapshot":"https://tripcheck.com/RoadCams/cams/US26 WB at Vista Ridge Tunnel (East End)_pid4910.jpg","refreshMs":30000,"attribution":"Ora (Warner Varnado) · Oregon DOT"}},{"type":"Feature","geometry":{"type":"Point","coordinates":[-122.69816,45.51618]},"properties":{"id":"ora-or-951","name":"US26 WB at Vista Ridge Tunnel (West End)","state":"OR","provider":"Oregon DOT","hls":null,"snapshot":"https://tripcheck.com/RoadCams/cams/US26 WB @ Vista Ridge Tunnel (West End)_pid4912.jpg","refreshMs":30000,"attribution":"Ora (Warner Varnado) · Oregon DOT"}},{"type":"Feature","geometry":{"type":"Point","coordinates":[-122.69806,45.51586]},"properties":{"id":"ora-or-952","name":"US26 EB at Vista Ridge Tunnel (West End)","state":"OR","provider":"Oregon DOT","hls":null,"snapshot":"https://tripcheck.com/RoadCams/cams/US26 at Vista Ridger W_pid4914.jpg","refreshMs":30000,"attribution":"Ora (Warner Varnado) · Oregon DOT"}},{"type":"Feature","geometry":{"type":"Point","coordinates":[-122.69676,45.51571]},"properties":{"id":"ora-or-953","name":"US26 EB at Vista Ridge Tunnel (East End)","state":"OR","provider":"Oregon DOT","hls":null,"snapshot":"https://tripcheck.com/RoadCams/cams/US26 EB at Vista Ridge Tunnel (East End)_pid4916.jpg","refreshMs":30000,"attribution":"Ora (Warner Varnado) · Oregon DOT"}},{"type":"Feature","geometry":{"type":"Point","coordinates":[-124.26788,42.04663]},"properties":{"id":"ora-or-954","name":"Chetco River Harbor (USCG)","state":"OR","provider":"Oregon DOT","hls":null,"snapshot":"https://tripcheck.com/RoadCams/cams/Chetco River Harbor (USCG)_pid4918.jpg","refreshMs":30000,"attribution":"Ora (Warner Varnado) · Oregon DOT"}},{"type":"Feature","geometry":{"type":"Point","coordinates":[-124.20589,43.66689]},"properties":{"id":"ora-or-955","name":"Umpqua River/Winchester Bay (USCG)","state":"OR","provider":"Oregon DOT","hls":null,"snapshot":"https://tripcheck.com/RoadCams/cams/Umpqua River Winchester Bay (USCG)_pid4922.jpg","refreshMs":30000,"attribution":"Ora (Warner Varnado) · Oregon DOT"}},{"type":"Feature","geometry":{"type":"Point","coordinates":[-122.66092,45.51294]},"properties":{"id":"ora-or-956","name":"Portland - SE Grand Ave at SE Madison St","state":"OR","provider":"Oregon DOT","hls":null,"snapshot":"https://tripcheck.com/RoadCams/cams/SE Grand Ave at SE Madison St_pid4924.jpg","refreshMs":30000,"attribution":"Ora (Warner Varnado) · Oregon DOT"}},{"type":"Feature","geometry":{"type":"Point","coordinates":[-121.0503,44.24872]},"properties":{"id":"ora-or-957","name":"OR126 at Powell Butte","state":"OR","provider":"Oregon DOT","hls":null,"snapshot":"https://tripcheck.com/RoadCams/cams/OR126 at Powell Butte WB Hwy MP6.72_pid4926.jpg","refreshMs":30000,"attribution":"Ora (Warner Varnado) · Oregon DOT"}},{"type":"Feature","geometry":{"type":"Point","coordinates":[-121.0503,44.24872]},"properties":{"id":"ora-or-958","name":"OR126 at Powell Butte","state":"OR","provider":"Oregon DOT","hls":null,"snapshot":"https://tripcheck.com/RoadCams/cams/OR126 at Powell Butte EB Hwy MP6.72_pid4928.jpg","refreshMs":30000,"attribution":"Ora (Warner Varnado) · Oregon DOT"}},{"type":"Feature","geometry":{"type":"Point","coordinates":[-122.65855,45.51225]},"properties":{"id":"ora-or-959","name":"Portland - SE Hawthorne at SE 7th St","state":"OR","provider":"Oregon DOT","hls":null,"snapshot":"https://tripcheck.com/RoadCams/cams/SE Hawthorne at SE 7th St_pid4930.jpg","refreshMs":30000,"attribution":"Ora (Warner Varnado) · Oregon DOT"}},{"type":"Feature","geometry":{"type":"Point","coordinates":[-122.69322,45.47877]},"properties":{"id":"ora-or-960","name":"Portland - SW Capitol Hwy at Sunset Blvd","state":"OR","provider":"Oregon DOT","hls":null,"snapshot":"https://tripcheck.com/RoadCams/cams/SW Capitol Hwy at Sunset Blvd_pid4932.jpg","refreshMs":30000,"attribution":"Ora (Warner Varnado) · Oregon DOT"}},{"type":"Feature","geometry":{"type":"Point","coordinates":[-118.68663,45.63972]},"properties":{"id":"ora-or-961","name":"I-84 at Pendleton","state":"OR","provider":"Oregon DOT","hls":null,"snapshot":"https://tripcheck.com/RoadCams/cams/I-84 at Pendleton 215.85 WB_pid4934.jpg","refreshMs":30000,"attribution":"Ora (Warner Varnado) · Oregon DOT"}},{"type":"Feature","geometry":{"type":"Point","coordinates":[-118.68663,45.63972]},"properties":{"id":"ora-or-962","name":"I-84 at Pendleton","state":"OR","provider":"Oregon DOT","hls":null,"snapshot":"https://tripcheck.com/RoadCams/cams/I-84 at Pendleton 215.85 EB_pid4936.jpg","refreshMs":30000,"attribution":"Ora (Warner Varnado) · Oregon DOT"}},{"type":"Feature","geometry":{"type":"Point","coordinates":[-118.79025,45.66151]},"properties":{"id":"ora-or-963","name":"I-84 at Pendleton","state":"OR","provider":"Oregon DOT","hls":null,"snapshot":"https://tripcheck.com/RoadCams/cams/I-84 at Pendleton MP210.36 WB_pid4938.jpg","refreshMs":30000,"attribution":"Ora (Warner Varnado) · Oregon DOT"}},{"type":"Feature","geometry":{"type":"Point","coordinates":[-118.79025,45.66151]},"properties":{"id":"ora-or-964","name":"I-84 at Pendleton","state":"OR","provider":"Oregon DOT","hls":null,"snapshot":"https://tripcheck.com/RoadCams/cams/I-84 at Pendleton MP210.36 EB_pid4940.jpg","refreshMs":30000,"attribution":"Ora (Warner Varnado) · Oregon DOT"}},{"type":"Feature","geometry":{"type":"Point","coordinates":[-118.68953,45.6418]},"properties":{"id":"ora-or-965","name":"I-84 at Pendleton MP215.69","state":"OR","provider":"Oregon DOT","hls":null,"snapshot":"https://tripcheck.com/RoadCams/cams/I-84 at Pendleton 215.69W_pid4942.jpg","refreshMs":30000,"attribution":"Ora (Warner Varnado) · Oregon DOT"}},{"type":"Feature","geometry":{"type":"Point","coordinates":[-118.68953,45.6418]},"properties":{"id":"ora-or-966","name":"I-84 at Pendleton MP215.69","state":"OR","provider":"Oregon DOT","hls":null,"snapshot":"https://tripcheck.com/RoadCams/cams/I-84 at Pendleton 215.69E_pid4944.jpg","refreshMs":30000,"attribution":"Ora (Warner Varnado) · Oregon DOT"}},{"type":"Feature","geometry":{"type":"Point","coordinates":[-118.6838,45.63716]},"properties":{"id":"ora-or-967","name":"OR331 at Pendleton MP4.6","state":"OR","provider":"Oregon DOT","hls":null,"snapshot":"https://tripcheck.com/RoadCams/cams/OR331 at Pendleton MP4.6 I-84 MP216E_pid4946.jpg","refreshMs":30000,"attribution":"Ora (Warner Varnado) · Oregon DOT"}},{"type":"Feature","geometry":{"type":"Point","coordinates":[-122.087,42.5871]},"properties":{"id":"ora-or-968","name":"Klamath Falls - Westside Road","state":"OR","provider":"Oregon DOT","hls":null,"snapshot":"https://tripcheck.com/RoadCams/cams/Westside Road MP 6.06_pid4948.jpg","refreshMs":30000,"attribution":"Ora (Warner Varnado) · Oregon DOT"}},{"type":"Feature","geometry":{"type":"Point","coordinates":[-122.58711,45.43257]},"properties":{"id":"ora-or-969","name":"Clackamas Co - Harmony Rd at Fuller Rd","state":"OR","provider":"Oregon DOT","hls":null,"snapshot":"https://tripcheck.com/RoadCams/cams/Harmony Rd at Fuller_pid4950.jpg","refreshMs":30000,"attribution":"Ora (Warner Varnado) · Oregon DOT"}},{"type":"Feature","geometry":{"type":"Point","coordinates":[-122.57497,45.43322]},"properties":{"id":"ora-or-970","name":"Clackamas Co - Sunnyside Rd at 8600 Block","state":"OR","provider":"Oregon DOT","hls":null,"snapshot":"https://tripcheck.com/RoadCams/cams/Sunnyside Rd at 8600 Block_pid4952.jpg","refreshMs":30000,"attribution":"Ora (Warner Varnado) · Oregon DOT"}},{"type":"Feature","geometry":{"type":"Point","coordinates":[-122.57108,45.43328]},"properties":{"id":"ora-or-971","name":"Clackamas Co - Sunnyside Rd at 9000 Block","state":"OR","provider":"Oregon DOT","hls":null,"snapshot":"https://tripcheck.com/RoadCams/cams/Sunnyside Rd at 9000 Block_pid4954.jpg","refreshMs":30000,"attribution":"Ora (Warner Varnado) · Oregon DOT"}},{"type":"Feature","geometry":{"type":"Point","coordinates":[-122.56169,45.4334]},"properties":{"id":"ora-or-972","name":"Clackamas Co - Sunnyside Rd at Stevens Rd","state":"OR","provider":"Oregon DOT","hls":null,"snapshot":"https://tripcheck.com/RoadCams/cams/Sunnyside Rd at Stevens Rd_pid4956.jpg","refreshMs":30000,"attribution":"Ora (Warner Varnado) · Oregon DOT"}},{"type":"Feature","geometry":{"type":"Point","coordinates":[-122.5439,45.43175]},"properties":{"id":"ora-or-973","name":"Clackamas Co - Sunnyside Rd at 117th Ave","state":"OR","provider":"Oregon DOT","hls":null,"snapshot":"https://tripcheck.com/RoadCams/cams/Sunnyside Rd at 117th Ave_pid4958.jpg","refreshMs":30000,"attribution":"Ora (Warner Varnado) · Oregon DOT"}},{"type":"Feature","geometry":{"type":"Point","coordinates":[-122.52772,45.42673]},"properties":{"id":"ora-or-974","name":"Clackamas Co - Sunnyside Rd at 132nd Ave","state":"OR","provider":"Oregon DOT","hls":null,"snapshot":"https://tripcheck.com/RoadCams/cams/Sunnyside Rd at 132nd Ave_pid4960.jpg","refreshMs":30000,"attribution":"Ora (Warner Varnado) · Oregon DOT"}},{"type":"Feature","geometry":{"type":"Point","coordinates":[-122.51237,45.42487]},"properties":{"id":"ora-or-975","name":"Clackamas Co - Sunnyside Rd at 147th Ave","state":"OR","provider":"Oregon DOT","hls":null,"snapshot":"https://tripcheck.com/RoadCams/cams/Sunnyside Rd at 147th Ave_pid4962.jpg","refreshMs":30000,"attribution":"Ora (Warner Varnado) · Oregon DOT"}},{"type":"Feature","geometry":{"type":"Point","coordinates":[-122.50178,45.42681]},"properties":{"id":"ora-or-976","name":"Clackamas Co - Sunnyside Rd at 157th Ave","state":"OR","provider":"Oregon DOT","hls":null,"snapshot":"https://tripcheck.com/RoadCams/cams/Sunnyside Rd at 157th Ave_pid4964.jpg","refreshMs":30000,"attribution":"Ora (Warner Varnado) · Oregon DOT"}},{"type":"Feature","geometry":{"type":"Point","coordinates":[-122.48955,45.4269]},"properties":{"id":"ora-or-977","name":"Clackamas Co - Sunnyside Rd at 169th Ave","state":"OR","provider":"Oregon DOT","hls":null,"snapshot":"https://tripcheck.com/RoadCams/cams/Sunnyside Rd at 169th Ave_pid4966.jpg","refreshMs":30000,"attribution":"Ora (Warner Varnado) · Oregon DOT"}},{"type":"Feature","geometry":{"type":"Point","coordinates":[-122.48574,45.42633]},"properties":{"id":"ora-or-978","name":"Clackamas Co - Sunnyside Rd at 172nd Ave","state":"OR","provider":"Oregon DOT","hls":null,"snapshot":"https://tripcheck.com/RoadCams/cams/Sunnyside Rd at 172nd Ave_pid4968.jpg","refreshMs":30000,"attribution":"Ora (Warner Varnado) · Oregon DOT"}},{"type":"Feature","geometry":{"type":"Point","coordinates":[-122.48554,45.41466]},"properties":{"id":"ora-or-979","name":"Clackamas Co - 172nd Ave at Rock Creek Blvd","state":"OR","provider":"Oregon DOT","hls":null,"snapshot":"https://tripcheck.com/RoadCams/cams/172nd Ave at Rock Creek Blvd_pid4970.jpg","refreshMs":30000,"attribution":"Ora (Warner Varnado) · Oregon DOT"}},{"type":"Feature","geometry":{"type":"Point","coordinates":[-122.48575,45.42919]},"properties":{"id":"ora-or-980","name":"Clackamas Co - 172nd Ave at Misty Dr and Vogel Rd","state":"OR","provider":"Oregon DOT","hls":null,"snapshot":"https://tripcheck.com/RoadCams/cams/172nd Ave at Misty Dr and Vogel Rd_pid4972.jpg","refreshMs":30000,"attribution":"Ora (Warner Varnado) · Oregon DOT"}},{"type":"Feature","geometry":{"type":"Point","coordinates":[-122.57699,45.43005]},"properties":{"id":"ora-or-981","name":"Clackamas Co - Sunnybrook Blvd at 84th Ave","state":"OR","provider":"Oregon DOT","hls":null,"snapshot":"https://tripcheck.com/RoadCams/cams/Sunnybrook Blvd at 84th Ave_pid4974.jpg","refreshMs":30000,"attribution":"Ora (Warner Varnado) · Oregon DOT"}},{"type":"Feature","geometry":{"type":"Point","coordinates":[-122.57405,45.42988]},"properties":{"id":"ora-or-982","name":"Clackamas Co - Sunnybrook Blvd at 8600 Block","state":"OR","provider":"Oregon DOT","hls":null,"snapshot":"https://tripcheck.com/RoadCams/cams/Sunnybrook Blvd at 8600 Block_pid4976.jpg","refreshMs":30000,"attribution":"Ora (Warner Varnado) · Oregon DOT"}},{"type":"Feature","geometry":{"type":"Point","coordinates":[-122.57116,45.4299]},"properties":{"id":"ora-or-983","name":"Clackamas Co - Sunnybrook Blvd at Oak Bluff Blvd","state":"OR","provider":"Oregon DOT","hls":null,"snapshot":"https://tripcheck.com/RoadCams/cams/Sunnybrook Blvd at Oak Bluff Blvd_pid4978.jpg","refreshMs":30000,"attribution":"Ora (Warner Varnado) · Oregon DOT"}},{"type":"Feature","geometry":{"type":"Point","coordinates":[-122.56828,45.42981]},"properties":{"id":"ora-or-984","name":"Clackamas Co - Sunnybrook Blvd at 93rd Ave","state":"OR","provider":"Oregon DOT","hls":null,"snapshot":"https://tripcheck.com/RoadCams/cams/Sunnybrook Blvd at 93rd Ave_pid4980.jpg","refreshMs":30000,"attribution":"Ora (Warner Varnado) · Oregon DOT"}},{"type":"Feature","geometry":{"type":"Point","coordinates":[-122.56331,45.42947]},"properties":{"id":"ora-or-985","name":"Clackamas Co - Sunnybrook Blvd at 97th Ave","state":"OR","provider":"Oregon DOT","hls":null,"snapshot":"https://tripcheck.com/RoadCams/cams/Sunnybrook Blvd at 97th Ave_pid4982.jpg","refreshMs":30000,"attribution":"Ora (Warner Varnado) · Oregon DOT"}},{"type":"Feature","geometry":{"type":"Point","coordinates":[-122.59899,45.45611]},"properties":{"id":"ora-or-986","name":"Clackamas Co - Johnson Creek Blvd at Linwood Ave and Flavel Dr","state":"OR","provider":"Oregon DOT","hls":null,"snapshot":"https://tripcheck.com/RoadCams/cams/Johnson Creek Blvd at Linwood Ave and Flavel Dr_pid4984.jpg","refreshMs":30000,"attribution":"Ora (Warner Varnado) · Oregon DOT"}},{"type":"Feature","geometry":{"type":"Point","coordinates":[-122.59281,45.44791]},"properties":{"id":"ora-or-987","name":"Clackamas Co - King Rd at Bell Ave","state":"OR","provider":"Oregon DOT","hls":null,"snapshot":"https://tripcheck.com/RoadCams/cams/King Rd at Bell Ave_pid4986.jpg","refreshMs":30000,"attribution":"Ora (Warner Varnado) · Oregon DOT"}},{"type":"Feature","geometry":{"type":"Point","coordinates":[-122.5682,45.44155]},"properties":{"id":"ora-or-988","name":"Clackamas Co - Bob Schumacher Rd at Causey Ave","state":"OR","provider":"Oregon DOT","hls":null,"snapshot":"https://tripcheck.com/RoadCams/cams/Bob Schumacher Rd at Causey Ave_pid4988.jpg","refreshMs":30000,"attribution":"Ora (Warner Varnado) · Oregon DOT"}},{"type":"Feature","geometry":{"type":"Point","coordinates":[-122.56389,45.43561]},"properties":{"id":"ora-or-989","name":"Clackamas Co - Stevens Rd at Bob Schumacher Rd","state":"OR","provider":"Oregon DOT","hls":null,"snapshot":"https://tripcheck.com/RoadCams/cams/Stevens Rd at Bob Schumacher Rd_pid4990.jpg","refreshMs":30000,"attribution":"Ora (Warner Varnado) · Oregon DOT"}},{"type":"Feature","geometry":{"type":"Point","coordinates":[-122.56192,45.43487]},"properties":{"id":"ora-or-990","name":"Clackamas Co - Stevens Rd at Gramor","state":"OR","provider":"Oregon DOT","hls":null,"snapshot":"https://tripcheck.com/RoadCams/cams/Stevens Rd at Gramor_pid4992.jpg","refreshMs":30000,"attribution":"Ora (Warner Varnado) · Oregon DOT"}},{"type":"Feature","geometry":{"type":"Point","coordinates":[-122.57564,45.43825]},"properties":{"id":"ora-or-991","name":"Clackamas Co - Monterey Ave at 85th Ave","state":"OR","provider":"Oregon DOT","hls":null,"snapshot":"https://tripcheck.com/RoadCams/cams/Monterey Ave at 85th A_pid4994.jpg","refreshMs":30000,"attribution":"Ora (Warner Varnado) · Oregon DOT"}},{"type":"Feature","geometry":{"type":"Point","coordinates":[-122.63275,45.43023]},"properties":{"id":"ora-or-992","name":"Clackamas Co - Oatfield Rd at Park Ave","state":"OR","provider":"Oregon DOT","hls":null,"snapshot":"https://tripcheck.com/RoadCams/cams/Oatfield Rd at Park Ave_pid4996.jpg","refreshMs":30000,"attribution":"Ora (Warner Varnado) · Oregon DOT"}},{"type":"Feature","geometry":{"type":"Point","coordinates":[-122.62807,45.4175]},"properties":{"id":"ora-or-993","name":"Clackamas Co - Oatfield Rd at Oak Grove Blvd","state":"OR","provider":"Oregon DOT","hls":null,"snapshot":"https://tripcheck.com/RoadCams/cams/Oatfield Rd at Oak Grove Blvd_pid4998.jpg","refreshMs":30000,"attribution":"Ora (Warner Varnado) · Oregon DOT"}},{"type":"Feature","geometry":{"type":"Point","coordinates":[-122.62143,45.41136]},"properties":{"id":"ora-or-994","name":"Clackamas Co - Oatfield Rd at Concord Rd","state":"OR","provider":"Oregon DOT","hls":null,"snapshot":"https://tripcheck.com/RoadCams/cams/Oatfield Rd at Concord Rd_pid5000.jpg","refreshMs":30000,"attribution":"Ora (Warner Varnado) · Oregon DOT"}},{"type":"Feature","geometry":{"type":"Point","coordinates":[-122.6174,45.40817]},"properties":{"id":"ora-or-995","name":"Clackamas Co - Oatfield Rd at Thiessen Rd","state":"OR","provider":"Oregon DOT","hls":null,"snapshot":"https://tripcheck.com/RoadCams/cams/Oatfield Rd at Thiessen Rd_pid5002.jpg","refreshMs":30000,"attribution":"Ora (Warner Varnado) · Oregon DOT"}},{"type":"Feature","geometry":{"type":"Point","coordinates":[-122.61058,45.4032]},"properties":{"id":"ora-or-996","name":"Clackamas Co - Oatfield Rd at Roethe Rd","state":"OR","provider":"Oregon DOT","hls":null,"snapshot":"https://tripcheck.com/RoadCams/cams/Oatfield Rd at Roethe Rd_pid5004.jpg","refreshMs":30000,"attribution":"Ora (Warner Varnado) · Oregon DOT"}},{"type":"Feature","geometry":{"type":"Point","coordinates":[-122.60056,45.3972]},"properties":{"id":"ora-or-997","name":"Clackamas Co - Oatfield Rd at Jennings Ave","state":"OR","provider":"Oregon DOT","hls":null,"snapshot":"https://tripcheck.com/RoadCams/cams/Oatfield Rd at Jennings Ave_pid5006.jpg","refreshMs":30000,"attribution":"Ora (Warner Varnado) · Oregon DOT"}},{"type":"Feature","geometry":{"type":"Point","coordinates":[-122.58289,45.42399]},"properties":{"id":"ora-or-998","name":"Clackamas Co - Johnson Rd at Deer Creek Ln","state":"OR","provider":"Oregon DOT","hls":null,"snapshot":"https://tripcheck.com/RoadCams/cams/Johnson Rd at Deer Creek Ln_pid5008.jpg","refreshMs":30000,"attribution":"Ora (Warner Varnado) · Oregon DOT"}},{"type":"Feature","geometry":{"type":"Point","coordinates":[-122.56821,45.41261]},"properties":{"id":"ora-or-999","name":"Clackamas Co - 82nd Dr at Tolbert St","state":"OR","provider":"Oregon DOT","hls":null,"snapshot":"https://tripcheck.com/RoadCams/cams/82nd Dr at Tolbert St_pid5010.jpg","refreshMs":30000,"attribution":"Ora (Warner Varnado) · Oregon DOT"}},{"type":"Feature","geometry":{"type":"Point","coordinates":[-122.59327,45.41614]},"properties":{"id":"ora-or-1000","name":"Clackamas Co - Webster Rd at Thiessen Rd","state":"OR","provider":"Oregon DOT","hls":null,"snapshot":"https://tripcheck.com/RoadCams/cams/Webster Rd at Thiessen Rd_pid5012.jpg","refreshMs":30000,"attribution":"Ora (Warner Varnado) · Oregon DOT"}},{"type":"Feature","geometry":{"type":"Point","coordinates":[-122.59042,45.41082]},"properties":{"id":"ora-or-1001","name":"Clackamas Co - Webster Rd at Clackamas Rd","state":"OR","provider":"Oregon DOT","hls":null,"snapshot":"https://tripcheck.com/RoadCams/cams/Webster Rd at Clackamas Rd_pid5014.jpg","refreshMs":30000,"attribution":"Ora (Warner Varnado) · Oregon DOT"}},{"type":"Feature","geometry":{"type":"Point","coordinates":[-122.56889,45.40549]},"properties":{"id":"ora-or-1002","name":"Clackamas Co - 82nd Dr at Fred Meyer North","state":"OR","provider":"Oregon DOT","hls":null,"snapshot":"https://tripcheck.com/RoadCams/cams/82nd Dr at Fred Meyer North_pid5016.jpg","refreshMs":30000,"attribution":"Ora (Warner Varnado) · Oregon DOT"}},{"type":"Feature","geometry":{"type":"Point","coordinates":[-122.56892,45.40377]},"properties":{"id":"ora-or-1003","name":"Clackamas Co - 82nd Dr at Fred Meyer South","state":"OR","provider":"Oregon DOT","hls":null,"snapshot":"https://tripcheck.com/RoadCams/cams/82nd Dr at Fred Meyer South_pid5018.jpg","refreshMs":30000,"attribution":"Ora (Warner Varnado) · Oregon DOT"}},{"type":"Feature","geometry":{"type":"Point","coordinates":[-122.58704,45.36455]},"properties":{"id":"ora-or-1004","name":"Clackamas Co - Redland Rd at Abernethy Rd and Holcomb Blvd","state":"OR","provider":"Oregon DOT","hls":null,"snapshot":"https://tripcheck.com/RoadCams/cams/Redland Rd at Abernethy Rd and Holcomb Blvd_pid5020.jpg","refreshMs":30000,"attribution":"Ora (Warner Varnado) · Oregon DOT"}},{"type":"Feature","geometry":{"type":"Point","coordinates":[-122.47547,45.23435]},"properties":{"id":"ora-or-1005","name":"Clackamas Co - Beavercreek Rd at Clarkes Fire Station","state":"OR","provider":"Oregon DOT","hls":null,"snapshot":"https://tripcheck.com/RoadCams/cams/Beavercreek Rd at Clarkes Fire Station_pid5026.jpg","refreshMs":30000,"attribution":"Ora (Warner Varnado) · Oregon DOT"}},{"type":"Feature","geometry":{"type":"Point","coordinates":[-122.69246,45.29852]},"properties":{"id":"ora-or-1006","name":"Clackamas Co - Canby Ferry South","state":"OR","provider":"Oregon DOT","hls":null,"snapshot":"https://tripcheck.com/RoadCams/cams/Canby Ferry South_pid5030.jpg","refreshMs":30000,"attribution":"Ora (Warner Varnado) · Oregon DOT"}},{"type":"Feature","geometry":{"type":"Point","coordinates":[-122.74352,45.33592]},"properties":{"id":"ora-or-1007","name":"Clackamas Co - Stafford Rd at 65th Ave","state":"OR","provider":"Oregon DOT","hls":null,"snapshot":"https://tripcheck.com/RoadCams/cams/Stafford Rd at 65th Ave_pid5032.jpg","refreshMs":30000,"attribution":"Ora (Warner Varnado) · Oregon DOT"}},{"type":"Feature","geometry":{"type":"Point","coordinates":[-122.5908,45.33675]},"properties":{"id":"ora-or-1008","name":"Clackamas Co - Molalla Ave at Warner Milne Rd","state":"OR","provider":"Oregon DOT","hls":null,"snapshot":"https://tripcheck.com/RoadCams/cams/Molalla Ave at Warner Milne Rd_pid5036.jpg","refreshMs":30000,"attribution":"Ora (Warner Varnado) · Oregon DOT"}},{"type":"Feature","geometry":{"type":"Point","coordinates":[-122.58973,45.33534]},"properties":{"id":"ora-or-1009","name":"Clackamas Co - Molalla Ave at Safeway and McDonalds","state":"OR","provider":"Oregon DOT","hls":null,"snapshot":"https://tripcheck.com/RoadCams/cams/Molalla Ave at Safeway and McDonalds_pid5038.jpg","refreshMs":30000,"attribution":"Ora (Warner Varnado) · Oregon DOT"}},{"type":"Feature","geometry":{"type":"Point","coordinates":[-122.58631,45.33122]},"properties":{"id":"ora-or-1010","name":"Clackamas Co - Molalla Ave at Clairmont Way","state":"OR","provider":"Oregon DOT","hls":null,"snapshot":"https://tripcheck.com/RoadCams/cams/Molalla Ave at Clairmont Way_pid5040.jpg","refreshMs":30000,"attribution":"Ora (Warner Varnado) · Oregon DOT"}},{"type":"Feature","geometry":{"type":"Point","coordinates":[-122.58427,45.32882]},"properties":{"id":"ora-or-1011","name":"Clackamas Co - Molalla Ave at Fir St","state":"OR","provider":"Oregon DOT","hls":null,"snapshot":"https://tripcheck.com/RoadCams/cams/Molalla Ave at Fir St_pid5044.jpg","refreshMs":30000,"attribution":"Ora (Warner Varnado) · Oregon DOT"}},{"type":"Feature","geometry":{"type":"Point","coordinates":[-122.60494,45.33644]},"properties":{"id":"ora-or-1012","name":"Clackamas Co - Warner Milne and Warner Parrott at Linn and Leland","state":"OR","provider":"Oregon DOT","hls":null,"snapshot":"https://tripcheck.com/RoadCams/cams/Warner Milne and Warner Parrott at Linn and Leland_pid5046.jpg","refreshMs":30000,"attribution":"Ora (Warner Varnado) · Oregon DOT"}},{"type":"Feature","geometry":{"type":"Point","coordinates":[-122.59842,45.33644]},"properties":{"id":"ora-or-1013","name":"Clackamas Co - Beavercreek Rd at Warner Milne Rd","state":"OR","provider":"Oregon DOT","hls":null,"snapshot":"https://tripcheck.com/RoadCams/cams/Beavercreek Rd at Warner Milne Rd_pid5048.jpg","refreshMs":30000,"attribution":"Ora (Warner Varnado) · Oregon DOT"}},{"type":"Feature","geometry":{"type":"Point","coordinates":[-122.59158,45.33367]},"properties":{"id":"ora-or-1014","name":"Clackamas Co - Beavercreek Rd at Theater and Hilltop Mall","state":"OR","provider":"Oregon DOT","hls":null,"snapshot":"https://tripcheck.com/RoadCams/cams/Beavercreek Rd at Theater and Hilltop Mall_pid5050.jpg","refreshMs":30000,"attribution":"Ora (Warner Varnado) · Oregon DOT"}},{"type":"Feature","geometry":{"type":"Point","coordinates":[-122.58252,45.33297]},"properties":{"id":"ora-or-1015","name":"Clackamas Co - Beavercreek Rd at Fred Meyer","state":"OR","provider":"Oregon DOT","hls":null,"snapshot":"https://tripcheck.com/RoadCams/cams/Beavercreek Rd at Fred Meyer_pid5054.jpg","refreshMs":30000,"attribution":"Ora (Warner Varnado) · Oregon DOT"}},{"type":"Feature","geometry":{"type":"Point","coordinates":[-122.57911,45.33258]},"properties":{"id":"ora-or-1016","name":"Clackamas Co - Beavercreek Rd at Fir St","state":"OR","provider":"Oregon DOT","hls":null,"snapshot":"https://tripcheck.com/RoadCams/cams/Beavercreek Rd at Fir St_pid5056.jpg","refreshMs":30000,"attribution":"Ora (Warner Varnado) · Oregon DOT"}},{"type":"Feature","geometry":{"type":"Point","coordinates":[-122.76542,45.33551]},"properties":{"id":"ora-or-1017","name":"Clackamas Co - Elligsen Rd at Parkway Ave and Argyle Ave","state":"OR","provider":"Oregon DOT","hls":null,"snapshot":"https://tripcheck.com/RoadCams/cams/Elligsen Rd at Parkway Ave and Argyle Ave_pid5058.jpg","refreshMs":30000,"attribution":"Ora (Warner Varnado) · Oregon DOT"}},{"type":"Feature","geometry":{"type":"Point","coordinates":[-122.77339,45.335]},"properties":{"id":"ora-or-1018","name":"Clackamas Co - 95th Ave at Commerce Cir","state":"OR","provider":"Oregon DOT","hls":null,"snapshot":"https://tripcheck.com/RoadCams/cams/95th Ave at Commerce Cir_pid5062.jpg","refreshMs":30000,"attribution":"Ora (Warner Varnado) · Oregon DOT"}},{"type":"Feature","geometry":{"type":"Point","coordinates":[-122.79278,45.29873]},"properties":{"id":"ora-or-1019","name":"Clackamas Co - Wilsonville Rd at Willamette Way East","state":"OR","provider":"Oregon DOT","hls":null,"snapshot":"https://tripcheck.com/RoadCams/cams/Wilsonville Rd at Willamette Way East_pid5064.jpg","refreshMs":30000,"attribution":"Ora (Warner Varnado) · Oregon DOT"}},{"type":"Feature","geometry":{"type":"Point","coordinates":[-122.77797,45.30292]},"properties":{"id":"ora-or-1020","name":"Clackamas Co - Wilsonville Rd at Kinsman Rd","state":"OR","provider":"Oregon DOT","hls":null,"snapshot":"https://tripcheck.com/RoadCams/cams/Wilsonville Rd at Kinsman Rd_pid5068.jpg","refreshMs":30000,"attribution":"Ora (Warner Varnado) · Oregon DOT"}},{"type":"Feature","geometry":{"type":"Point","coordinates":[-122.76581,45.30292]},"properties":{"id":"ora-or-1021","name":"Clackamas Co - Wilsonville Rd at Town Center Loop West","state":"OR","provider":"Oregon DOT","hls":null,"snapshot":"https://tripcheck.com/RoadCams/cams/Wilsonville Rd at Town Center Loop West_pid5070.jpg","refreshMs":30000,"attribution":"Ora (Warner Varnado) · Oregon DOT"}},{"type":"Feature","geometry":{"type":"Point","coordinates":[-122.76028,45.30297]},"properties":{"id":"ora-or-1022","name":"Clackamas Co - Wilsonville Rd at Town Center Loop East","state":"OR","provider":"Oregon DOT","hls":null,"snapshot":"https://tripcheck.com/RoadCams/cams/Wilsonville Rd at Town Center Loop East_pid5072.jpg","refreshMs":30000,"attribution":"Ora (Warner Varnado) · Oregon DOT"}},{"type":"Feature","geometry":{"type":"Point","coordinates":[-122.74374,45.31755]},"properties":{"id":"ora-or-1023","name":"Clackamas Co - Stafford and Wilsonville at Advance and Boeckman","state":"OR","provider":"Oregon DOT","hls":null,"snapshot":"https://tripcheck.com/RoadCams/cams/Stafford and Wilsonville at Advance and Boeckman_pid5074.jpg","refreshMs":30000,"attribution":"Ora (Warner Varnado) · Oregon DOT"}},{"type":"Feature","geometry":{"type":"Point","coordinates":[-122.72315,45.4086]},"properties":{"id":"ora-or-1024","name":"Clackamas Co - Boones Ferry Rd at Bryant Rd and Firwood Rd","state":"OR","provider":"Oregon DOT","hls":null,"snapshot":"https://tripcheck.com/RoadCams/cams/Boones Ferry Rd at Bryant Rd and Firwood Rd_pid5076.jpg","refreshMs":30000,"attribution":"Ora (Warner Varnado) · Oregon DOT"}},{"type":"Feature","geometry":{"type":"Point","coordinates":[-122.719,45.41075]},"properties":{"id":"ora-or-1025","name":"Clackamas Co - Boones Ferry Rd at Oakridge Rd and Reese Rd","state":"OR","provider":"Oregon DOT","hls":null,"snapshot":"https://tripcheck.com/RoadCams/cams/Boones Ferry Rd at Oakridge Rd and Reese Rd_pid5078.jpg","refreshMs":30000,"attribution":"Ora (Warner Varnado) · Oregon DOT"}},{"type":"Feature","geometry":{"type":"Point","coordinates":[-122.71596,45.41568]},"properties":{"id":"ora-or-1026","name":"Clackamas Co - Boones Ferry Rd at Kruse Way","state":"OR","provider":"Oregon DOT","hls":null,"snapshot":"https://tripcheck.com/RoadCams/cams/Boones Ferry Rd at Kruse Way_pid5080.jpg","refreshMs":30000,"attribution":"Ora (Warner Varnado) · Oregon DOT"}},{"type":"Feature","geometry":{"type":"Point","coordinates":[-122.72619,45.40686]},"properties":{"id":"ora-or-1027","name":"Clackamas Co - Boones Ferry Rd at Madrona St","state":"OR","provider":"Oregon DOT","hls":null,"snapshot":"https://tripcheck.com/RoadCams/cams/Boones Ferry Rd at Madrona St_pid5084.jpg","refreshMs":30000,"attribution":"Ora (Warner Varnado) · Oregon DOT"}},{"type":"Feature","geometry":{"type":"Point","coordinates":[-122.67481,45.26738]},"properties":{"id":"ora-or-1028","name":"Clackamas Co - Sequoia Pkwy at Hazel Dell Way","state":"OR","provider":"Oregon DOT","hls":null,"snapshot":"https://tripcheck.com/RoadCams/cams/Sequoia Pkwy at Hazel Dell Way_pid5088.jpg","refreshMs":30000,"attribution":"Ora (Warner Varnado) · Oregon DOT"}},{"type":"Feature","geometry":{"type":"Point","coordinates":[-123.30139,45.7596]},"properties":{"id":"ora-or-1029","name":"US26 at Timber Jct","state":"OR","provider":"Oregon DOT","hls":null,"snapshot":"https://tripcheck.com/RoadCams/cams/US26 at Timber Jct W_pid5092.jpg","refreshMs":30000,"attribution":"Ora (Warner Varnado) · Oregon DOT"}},{"type":"Feature","geometry":{"type":"Point","coordinates":[-123.20831,44.05161]},"properties":{"id":"ora-or-1030","name":"OR126 at Green Hill Rd","state":"OR","provider":"Oregon DOT","hls":null,"snapshot":"https://tripcheck.com/RoadCams/cams/OR569 at Green Hill Rd EB_pid5094.jpg","refreshMs":30000,"attribution":"Ora (Warner Varnado) · Oregon DOT"}},{"type":"Feature","geometry":{"type":"Point","coordinates":[-121.29719,44.10075]},"properties":{"id":"ora-or-1031","name":"US97 at Robal SB On-Ramp","state":"OR","provider":"Oregon DOT","hls":null,"snapshot":"https://tripcheck.com/RoadCams/cams/US97 at Robal SB On-Ramp_pid5096.jpg","refreshMs":30000,"attribution":"Ora (Warner Varnado) · Oregon DOT"}},{"type":"Feature","geometry":{"type":"Point","coordinates":[-123.08673,44.0611]},"properties":{"id":"ora-or-1032","name":"I-105 at Country Club","state":"OR","provider":"Oregon DOT","hls":null,"snapshot":"https://tripcheck.com/RoadCams/cams/OR126 at Country Club_pid5102.jpg","refreshMs":30000,"attribution":"Ora (Warner Varnado) · Oregon DOT"}},{"type":"Feature","geometry":{"type":"Point","coordinates":[-117.00721,43.98855]},"properties":{"id":"ora-or-1033","name":"US26 at Cairo Jct Roundabout","state":"OR","provider":"Oregon DOT","hls":null,"snapshot":"https://tripcheck.com/RoadCams/cams/US26 at Cairo Jct Roundabout_pid5104.jpg","refreshMs":30000,"attribution":"Ora (Warner Varnado) · Oregon DOT"}},{"type":"Feature","geometry":{"type":"Point","coordinates":[-123.17315,44.04801]},"properties":{"id":"ora-or-1034","name":"OR569 at OR126/W 11th","state":"OR","provider":"Oregon DOT","hls":null,"snapshot":"https://tripcheck.com/RoadCams/cams/OR569 at OR126 W 11thEB_pid5106.jpg","refreshMs":30000,"attribution":"Ora (Warner Varnado) · Oregon DOT"}},{"type":"Feature","geometry":{"type":"Point","coordinates":[-123.17315,44.04801]},"properties":{"id":"ora-or-1035","name":"OR569 at OR126/W 11th","state":"OR","provider":"Oregon DOT","hls":null,"snapshot":"https://tripcheck.com/RoadCams/cams/OR569 at OR126 W 11th WB_pid5108.jpg","refreshMs":30000,"attribution":"Ora (Warner Varnado) · Oregon DOT"}},{"type":"Feature","geometry":{"type":"Point","coordinates":[-123.17338,44.0648]},"properties":{"id":"ora-or-1036","name":"OR569 at Roosevelt Blvd","state":"OR","provider":"Oregon DOT","hls":null,"snapshot":"https://tripcheck.com/RoadCams/cams/OR569 at Roosevelt Blvd SB_pid5110.jpg","refreshMs":30000,"attribution":"Ora (Warner Varnado) · Oregon DOT"}},{"type":"Feature","geometry":{"type":"Point","coordinates":[-123.17338,44.0648]},"properties":{"id":"ora-or-1037","name":"OR569 at Roosevelt Blvd","state":"OR","provider":"Oregon DOT","hls":null,"snapshot":"https://tripcheck.com/RoadCams/cams/OR569 at Roosevelt Blvd NB_pid5112.jpg","refreshMs":30000,"attribution":"Ora (Warner Varnado) · Oregon DOT"}},{"type":"Feature","geometry":{"type":"Point","coordinates":[-122.48723,45.50457]},"properties":{"id":"ora-or-1038","name":"Portland - SE Division at 170th","state":"OR","provider":"Oregon DOT","hls":null,"snapshot":"https://tripcheck.com/RoadCams/cams/Portland - SE Division at 170th_pid5114.jpg","refreshMs":30000,"attribution":"Ora (Warner Varnado) · Oregon DOT"}},{"type":"Feature","geometry":{"type":"Point","coordinates":[-122.69465,45.56019]},"properties":{"id":"ora-or-1039","name":"Portland - N Greeley at Adidas Dr N","state":"OR","provider":"Oregon DOT","hls":null,"snapshot":"https://tripcheck.com/RoadCams/cams/N Greeley at Adidas Driveway N_pid5116.jpg","refreshMs":30000,"attribution":"Ora (Warner Varnado) · Oregon DOT"}},{"type":"Feature","geometry":{"type":"Point","coordinates":[-121.30061,44.08481]},"properties":{"id":"ora-or-1040","name":"US97 at Empire NB Off-Ramp","state":"OR","provider":"Oregon DOT","hls":null,"snapshot":"https://tripcheck.com/RoadCams/cams/US97 at Empire NB Off-Ramp MP135.88_pid5118.jpg","refreshMs":30000,"attribution":"Ora (Warner Varnado) · Oregon DOT"}},{"type":"Feature","geometry":{"type":"Point","coordinates":[-121.31258,44.11236]},"properties":{"id":"ora-or-1041","name":"US20 at Cooley Rd","state":"OR","provider":"Oregon DOT","hls":null,"snapshot":"https://tripcheck.com/RoadCams/cams/US20 at Cooley Rd_pid5120.jpg","refreshMs":30000,"attribution":"Ora (Warner Varnado) · Oregon DOT"}},{"type":"Feature","geometry":{"type":"Point","coordinates":[-123.07263,44.06256]},"properties":{"id":"ora-or-1042","name":"I-105 at Coburg Rd","state":"OR","provider":"Oregon DOT","hls":null,"snapshot":"https://tripcheck.com/RoadCams/cams/OR126 at Coburg Rd_pid5122.jpg","refreshMs":30000,"attribution":"Ora (Warner Varnado) · Oregon DOT"}},{"type":"Feature","geometry":{"type":"Point","coordinates":[-123.1663,44.09658]},"properties":{"id":"ora-or-1043","name":"OR569 at OR99","state":"OR","provider":"Oregon DOT","hls":null,"snapshot":"https://tripcheck.com/RoadCams/cams/OR569 at OR99_pid5124.jpg","refreshMs":30000,"attribution":"Ora (Warner Varnado) · Oregon DOT"}},{"type":"Feature","geometry":{"type":"Point","coordinates":[-123.17214,44.08476]},"properties":{"id":"ora-or-1044","name":"OR569 at Barger Dr","state":"OR","provider":"Oregon DOT","hls":null,"snapshot":"https://tripcheck.com/RoadCams/cams/OR569 at Barger Dr_pid5126.jpg","refreshMs":30000,"attribution":"Ora (Warner Varnado) · Oregon DOT"}},{"type":"Feature","geometry":{"type":"Point","coordinates":[-123.04802,44.03862]},"properties":{"id":"ora-or-1045","name":"I-5 at Willamette River Bridge","state":"OR","provider":"Oregon DOT","hls":null,"snapshot":"https://tripcheck.com/RoadCams/cams/I-5 at Willamette River Bridge SB_pid5128.jpg","refreshMs":30000,"attribution":"Ora (Warner Varnado) · Oregon DOT"}},{"type":"Feature","geometry":{"type":"Point","coordinates":[-122.57878,45.48797]},"properties":{"id":"ora-or-1046","name":"Portland - SE 82nd at Schiller","state":"OR","provider":"Oregon DOT","hls":null,"snapshot":"https://tripcheck.com/RoadCams/cams/SE 82nd at Schiller_pid5130.jpg","refreshMs":30000,"attribution":"Ora (Warner Varnado) · Oregon DOT"}},{"type":"Feature","geometry":{"type":"Point","coordinates":[-122.57861,45.50342]},"properties":{"id":"ora-or-1047","name":"Portland - SE 82nd at Clinton","state":"OR","provider":"Oregon DOT","hls":null,"snapshot":"https://tripcheck.com/RoadCams/cams/SE 82nd at Clinton_pid5132.jpg","refreshMs":30000,"attribution":"Ora (Warner Varnado) · Oregon DOT"}},{"type":"Feature","geometry":{"type":"Point","coordinates":[-123.71508,45.07213]},"properties":{"id":"ora-or-1048","name":"OR18 at Murphy Hill","state":"OR","provider":"Oregon DOT","hls":null,"snapshot":"https://tripcheck.com/RoadCams/cams/OR18 WB at Murphy Hill_pid5134.jpg","refreshMs":30000,"attribution":"Ora (Warner Varnado) · Oregon DOT"}},{"type":"Feature","geometry":{"type":"Point","coordinates":[-122.53771,45.48969]},"properties":{"id":"ora-or-1049","name":"Portland - SE Holgate at 122nd","state":"OR","provider":"Oregon DOT","hls":null,"snapshot":"https://tripcheck.com/RoadCams/cams/Holgate at 122nd_pid5136.jpg","refreshMs":30000,"attribution":"Ora (Warner Varnado) · Oregon DOT"}},{"type":"Feature","geometry":{"type":"Point","coordinates":[-117.60101,44.659]},"properties":{"id":"ora-or-1050","name":"I-84 at Pleasant Valley","state":"OR","provider":"Oregon DOT","hls":null,"snapshot":"https://tripcheck.com/RoadCams/cams/I-84 at Pleasant Valley WB_pid5138.jpg","refreshMs":30000,"attribution":"Ora (Warner Varnado) · Oregon DOT"}},{"type":"Feature","geometry":{"type":"Point","coordinates":[-117.60101,44.659]},"properties":{"id":"ora-or-1051","name":"I-84 at Pleasant Valley","state":"OR","provider":"Oregon DOT","hls":null,"snapshot":"https://tripcheck.com/RoadCams/cams/I-84 at Pleasant Valley EB_pid5140.jpg","refreshMs":30000,"attribution":"Ora (Warner Varnado) · Oregon DOT"}},{"type":"Feature","geometry":{"type":"Point","coordinates":[-121.80386,42.19105]},"properties":{"id":"ora-or-1052","name":"OR66 Green Springs Hwy at OR140","state":"OR","provider":"Oregon DOT","hls":null,"snapshot":"https://tripcheck.com/RoadCams/cams/OR66 Green Springs Hwy at OR140_pid5142.jpg","refreshMs":30000,"attribution":"Ora (Warner Varnado) · Oregon DOT"}},{"type":"Feature","geometry":{"type":"Point","coordinates":[-122.57916,45.4704]},"properties":{"id":"ora-or-1053","name":"Portland - SE 82nd and Knapp","state":"OR","provider":"Oregon DOT","hls":null,"snapshot":"https://tripcheck.com/RoadCams/cams/SE 82nd and Knapp_pid5144.jpg","refreshMs":30000,"attribution":"Ora (Warner Varnado) · Oregon DOT"}},{"type":"Feature","geometry":{"type":"Point","coordinates":[-118.52995,45.18369]},"properties":{"id":"ora-or-1054","name":"OR244 at Ukiah-Hilgard Summit","state":"OR","provider":"Oregon DOT","hls":null,"snapshot":"https://tripcheck.com/RoadCams/cams/OR244 at Ukiah-Hilgard Summit EB_pid5146.jpg","refreshMs":30000,"attribution":"Ora (Warner Varnado) · Oregon DOT"}},{"type":"Feature","geometry":{"type":"Point","coordinates":[-118.52995,45.18369]},"properties":{"id":"ora-or-1055","name":"OR244 at Ukiah-Hilgard Summit","state":"OR","provider":"Oregon DOT","hls":null,"snapshot":"https://tripcheck.com/RoadCams/cams/OR244 at Ukiah-Hilgard Summit WB_pid5148.jpg","refreshMs":30000,"attribution":"Ora (Warner Varnado) · Oregon DOT"}},{"type":"Feature","geometry":{"type":"Point","coordinates":[-119.00458,45.29958]},"properties":{"id":"ora-or-1056","name":"US395 at Cape Horn","state":"OR","provider":"Oregon DOT","hls":null,"snapshot":"https://tripcheck.com/RoadCams/cams/US395 at Cape Horn S_pid5150.jpg","refreshMs":30000,"attribution":"Ora (Warner Varnado) · Oregon DOT"}},{"type":"Feature","geometry":{"type":"Point","coordinates":[-119.00458,45.29958]},"properties":{"id":"ora-or-1057","name":"US395 at Cape Horn","state":"OR","provider":"Oregon DOT","hls":null,"snapshot":"https://tripcheck.com/RoadCams/cams/US395 at Cape Horn S_pid5153.jpg","refreshMs":30000,"attribution":"Ora (Warner Varnado) · Oregon DOT"}},{"type":"Feature","geometry":{"type":"Point","coordinates":[-118.97652,45.99975]},"properties":{"id":"ora-or-1058","name":"US730 at Rockfall Area","state":"OR","provider":"Oregon DOT","hls":null,"snapshot":"https://tripcheck.com/RoadCams/cams/US730 at Rockfall EB_pid5154.jpg","refreshMs":30000,"attribution":"Ora (Warner Varnado) · Oregon DOT"}},{"type":"Feature","geometry":{"type":"Point","coordinates":[-118.97652,45.99975]},"properties":{"id":"ora-or-1059","name":"US730 at Rockfall Area","state":"OR","provider":"Oregon DOT","hls":null,"snapshot":"https://tripcheck.com/RoadCams/cams/US730 at Rockfall WB_pid5156.jpg","refreshMs":30000,"attribution":"Ora (Warner Varnado) · Oregon DOT"}},{"type":"Feature","geometry":{"type":"Point","coordinates":[-117.11848,44.83517]},"properties":{"id":"ora-or-1060","name":"OR86 at Halfway Valley","state":"OR","provider":"Oregon DOT","hls":null,"snapshot":"https://tripcheck.com/RoadCams/cams/OR86 at Halfway Valley WB_pid5158.jpg","refreshMs":30000,"attribution":"Ora (Warner Varnado) · Oregon DOT"}},{"type":"Feature","geometry":{"type":"Point","coordinates":[-117.11848,44.83517]},"properties":{"id":"ora-or-1061","name":"OR86 at Halfway Valley","state":"OR","provider":"Oregon DOT","hls":null,"snapshot":"https://tripcheck.com/RoadCams/cams/OR86 at Halfway Valley EB_pid5160.jpg","refreshMs":30000,"attribution":"Ora (Warner Varnado) · Oregon DOT"}},{"type":"Feature","geometry":{"type":"Point","coordinates":[-118.38704,45.97384]},"properties":{"id":"ora-or-1062","name":"OR11 at Crockett Rd","state":"OR","provider":"Oregon DOT","hls":null,"snapshot":"https://tripcheck.com/RoadCams/cams/OR11 at Crocket Rd N_pid5162.jpg","refreshMs":30000,"attribution":"Ora (Warner Varnado) · Oregon DOT"}},{"type":"Feature","geometry":{"type":"Point","coordinates":[-118.38704,45.97384]},"properties":{"id":"ora-or-1063","name":"OR11 at Crockett Rd","state":"OR","provider":"Oregon DOT","hls":null,"snapshot":"https://tripcheck.com/RoadCams/cams/OR11 at Crocket Rd S_pid5164.jpg","refreshMs":30000,"attribution":"Ora (Warner Varnado) · Oregon DOT"}},{"type":"Feature","geometry":{"type":"Point","coordinates":[-117.07495,43.73263]},"properties":{"id":"ora-or-1064","name":"OR201 at Adrian","state":"OR","provider":"Oregon DOT","hls":null,"snapshot":"https://tripcheck.com/RoadCams/cams/OR201 at Adrian NB_pid5166.jpg","refreshMs":30000,"attribution":"Ora (Warner Varnado) · Oregon DOT"}},{"type":"Feature","geometry":{"type":"Point","coordinates":[-117.07495,43.73263]},"properties":{"id":"ora-or-1065","name":"OR201 at Adrian","state":"OR","provider":"Oregon DOT","hls":null,"snapshot":"https://tripcheck.com/RoadCams/cams/OR201 at Adrian SB_pid5168.jpg","refreshMs":30000,"attribution":"Ora (Warner Varnado) · Oregon DOT"}},{"type":"Feature","geometry":{"type":"Point","coordinates":[-118.39943,45.85519]},"properties":{"id":"ora-or-1066","name":"OR11 at Dry Creek","state":"OR","provider":"Oregon DOT","hls":null,"snapshot":"https://tripcheck.com/RoadCams/cams/OR11 at Dry Creek NB_pid5170.jpg","refreshMs":30000,"attribution":"Ora (Warner Varnado) · Oregon DOT"}},{"type":"Feature","geometry":{"type":"Point","coordinates":[-118.39943,45.85519]},"properties":{"id":"ora-or-1067","name":"OR11 at Dry Creek","state":"OR","provider":"Oregon DOT","hls":null,"snapshot":"https://tripcheck.com/RoadCams/cams/OR11 at Dry Creek SB_pid5172.jpg","refreshMs":30000,"attribution":"Ora (Warner Varnado) · Oregon DOT"}},{"type":"Feature","geometry":{"type":"Point","coordinates":[-117.81907,42.31911]},"properties":{"id":"ora-or-1068","name":"US95 at Blue Mtn Pass","state":"OR","provider":"Oregon DOT","hls":null,"snapshot":"https://tripcheck.com/RoadCams/cams/US95 at Blue Mtn NB_pid5174.jpg","refreshMs":30000,"attribution":"Ora (Warner Varnado) · Oregon DOT"}},{"type":"Feature","geometry":{"type":"Point","coordinates":[-117.81907,42.31911]},"properties":{"id":"ora-or-1069","name":"US95 at Blue Mtn Pass","state":"OR","provider":"Oregon DOT","hls":null,"snapshot":"https://tripcheck.com/RoadCams/cams/US95 at Blue Mtn SB_pid5176.jpg","refreshMs":30000,"attribution":"Ora (Warner Varnado) · Oregon DOT"}},{"type":"Feature","geometry":{"type":"Point","coordinates":[-117.71804,42.00014]},"properties":{"id":"ora-or-1070","name":"US95 at McDermitt","state":"OR","provider":"Oregon DOT","hls":null,"snapshot":"https://tripcheck.com/RoadCams/cams/US95 at Nevada NB_pid5178.jpg","refreshMs":30000,"attribution":"Ora (Warner Varnado) · Oregon DOT"}},{"type":"Feature","geometry":{"type":"Point","coordinates":[-117.71804,42.00014]},"properties":{"id":"ora-or-1071","name":"US95 at McDermitt","state":"OR","provider":"Oregon DOT","hls":null,"snapshot":"https://tripcheck.com/RoadCams/cams/US95 at Nevada SB_pid5180.jpg","refreshMs":30000,"attribution":"Ora (Warner Varnado) · Oregon DOT"}},{"type":"Feature","geometry":{"type":"Point","coordinates":[-117.60601,42.85079]},"properties":{"id":"ora-or-1072","name":"US95 at Rome Hill","state":"OR","provider":"Oregon DOT","hls":null,"snapshot":"https://tripcheck.com/RoadCams/cams/US95 at Rome Hill NB_pid5182.jpg","refreshMs":30000,"attribution":"Ora (Warner Varnado) · Oregon DOT"}},{"type":"Feature","geometry":{"type":"Point","coordinates":[-117.60601,42.85079]},"properties":{"id":"ora-or-1073","name":"US95 at Rome Hill","state":"OR","provider":"Oregon DOT","hls":null,"snapshot":"https://tripcheck.com/RoadCams/cams/US95 at Rome Hill SB_pid5184.jpg","refreshMs":30000,"attribution":"Ora (Warner Varnado) · Oregon DOT"}},{"type":"Feature","geometry":{"type":"Point","coordinates":[-122.65469,45.52224]},"properties":{"id":"ora-or-1074","name":"Portland - SE Ankeny at 11th Ave","state":"OR","provider":"Oregon DOT","hls":null,"snapshot":"https://tripcheck.com/RoadCams/cams/SE Ankeny at 11th Ave_pid5186.jpg","refreshMs":30000,"attribution":"Ora (Warner Varnado) · Oregon DOT"}},{"type":"Feature","geometry":{"type":"Point","coordinates":[-118.9148,42.82738]},"properties":{"id":"ora-or-1075","name":"OR205 at Frenchglen","state":"OR","provider":"Oregon DOT","hls":null,"snapshot":"https://tripcheck.com/RoadCams/cams/OR205 at Frenchglen_pid5188.jpg","refreshMs":30000,"attribution":"Ora (Warner Varnado) · Oregon DOT"}},{"type":"Feature","geometry":{"type":"Point","coordinates":[-123.05319,44.72986]},"properties":{"id":"ora-or-1076","name":"I-5 at Dever Conner","state":"OR","provider":"Oregon DOT","hls":null,"snapshot":"https://tripcheck.com/RoadCams/cams/I-5 at Hoefer Dr South_pid5189.jpg","refreshMs":30000,"attribution":"Ora (Warner Varnado) · Oregon DOT"}},{"type":"Feature","geometry":{"type":"Point","coordinates":[-123.05319,44.72986]},"properties":{"id":"ora-or-1077","name":"I-5 at Dever Conner","state":"OR","provider":"Oregon DOT","hls":null,"snapshot":"https://tripcheck.com/RoadCams/cams/I-5 at Hoefer Dr North_pid5191.jpg","refreshMs":30000,"attribution":"Ora (Warner Varnado) · Oregon DOT"}},{"type":"Feature","geometry":{"type":"Point","coordinates":[-122.9896,45.29607]},"properties":{"id":"ora-or-1078","name":"OR99W at Home Acres Rd","state":"OR","provider":"Oregon DOT","hls":null,"snapshot":"https://tripcheck.com/RoadCams/cams/OR99W at Home Acres Rd SB_pid5193.jpg","refreshMs":30000,"attribution":"Ora (Warner Varnado) · Oregon DOT"}},{"type":"Feature","geometry":{"type":"Point","coordinates":[-122.9896,45.29607]},"properties":{"id":"ora-or-1079","name":"OR99W at Home Acres Rd","state":"OR","provider":"Oregon DOT","hls":null,"snapshot":"https://tripcheck.com/RoadCams/cams/OR99W at Home Acres Rd NB_pid5195.jpg","refreshMs":30000,"attribution":"Ora (Warner Varnado) · Oregon DOT"}},{"type":"Feature","geometry":{"type":"Point","coordinates":[-117.83901,44.57281]},"properties":{"id":"ora-or-1080","name":"OR245 at Dooley Mtn","state":"OR","provider":"Oregon DOT","hls":null,"snapshot":"https://tripcheck.com/RoadCams/cams/OR245 @ Dooley Mtn N_pid5197.jpg","refreshMs":30000,"attribution":"Ora (Warner Varnado) · Oregon DOT"}},{"type":"Feature","geometry":{"type":"Point","coordinates":[-117.83901,44.57281]},"properties":{"id":"ora-or-1081","name":"OR245 at Dooley Mtn","state":"OR","provider":"Oregon DOT","hls":null,"snapshot":"https://tripcheck.com/RoadCams/cams/OR245 @ Dooley Mtn S_pid5199.jpg","refreshMs":30000,"attribution":"Ora (Warner Varnado) · Oregon DOT"}},{"type":"Feature","geometry":{"type":"Point","coordinates":[-123.03264,44.79883]},"properties":{"id":"ora-or-1082","name":"I-5 at N Jefferson","state":"OR","provider":"Oregon DOT","hls":null,"snapshot":"https://tripcheck.com/RoadCams/cams/I-5 SB at N Jefferson_pid5201.jpg","refreshMs":30000,"attribution":"Ora (Warner Varnado) · Oregon DOT"}},{"type":"Feature","geometry":{"type":"Point","coordinates":[-123.03264,44.79883]},"properties":{"id":"ora-or-1083","name":"I-5 at N Jefferson","state":"OR","provider":"Oregon DOT","hls":null,"snapshot":"https://tripcheck.com/RoadCams/cams/I-5 NB at N Jefferson_pid5203.jpg","refreshMs":30000,"attribution":"Ora (Warner Varnado) · Oregon DOT"}},{"type":"Feature","geometry":{"type":"Point","coordinates":[-123.00826,44.84252]},"properties":{"id":"ora-or-1084","name":"I-5 at Delaney Rd","state":"OR","provider":"Oregon DOT","hls":null,"snapshot":"https://tripcheck.com/RoadCams/cams/I-5 NB at Delaney Rd_pid5205.jpg","refreshMs":30000,"attribution":"Ora (Warner Varnado) · Oregon DOT"}},{"type":"Feature","geometry":{"type":"Point","coordinates":[-122.9902,44.96751]},"properties":{"id":"ora-or-1085","name":"I-5 at Silverton Rd","state":"OR","provider":"Oregon DOT","hls":null,"snapshot":"https://tripcheck.com/RoadCams/cams/I5 NB @ Silverton Rd_pid5207.jpg","refreshMs":30000,"attribution":"Ora (Warner Varnado) · Oregon DOT"}},{"type":"Feature","geometry":{"type":"Point","coordinates":[-122.9902,44.96751]},"properties":{"id":"ora-or-1086","name":"I-5 at Silverton Rd","state":"OR","provider":"Oregon DOT","hls":null,"snapshot":"https://tripcheck.com/RoadCams/cams/I-5 SB at Silverton Rd_pid5209.jpg","refreshMs":30000,"attribution":"Ora (Warner Varnado) · Oregon DOT"}},{"type":"Feature","geometry":{"type":"Point","coordinates":[-122.98364,45.03013]},"properties":{"id":"ora-or-1087","name":"I-5 at Perkins","state":"OR","provider":"Oregon DOT","hls":null,"snapshot":"https://tripcheck.com/RoadCams/cams/I-5 SB at Perkins_pid5211.jpg","refreshMs":30000,"attribution":"Ora (Warner Varnado) · Oregon DOT"}},{"type":"Feature","geometry":{"type":"Point","coordinates":[-123.01253,44.85577]},"properties":{"id":"ora-or-1088","name":"I-5 at Commercial St","state":"OR","provider":"Oregon DOT","hls":null,"snapshot":"https://tripcheck.com/RoadCams/cams/I-5 at Commercial St SB_pid5213.jpg","refreshMs":30000,"attribution":"Ora (Warner Varnado) · Oregon DOT"}},{"type":"Feature","geometry":{"type":"Point","coordinates":[-118.08811,44.34412]},"properties":{"id":"ora-or-1089","name":"US26 at Eldorado Summit","state":"OR","provider":"Oregon DOT","hls":null,"snapshot":"https://tripcheck.com/RoadCams/cams/US26 at Eldorado EB_pid5215.jpg","refreshMs":30000,"attribution":"Ora (Warner Varnado) · Oregon DOT"}},{"type":"Feature","geometry":{"type":"Point","coordinates":[-118.08811,44.34412]},"properties":{"id":"ora-or-1090","name":"US26 at Eldorado Summit","state":"OR","provider":"Oregon DOT","hls":null,"snapshot":"https://tripcheck.com/RoadCams/cams/US26 at Eldorado WB_pid5217.jpg","refreshMs":30000,"attribution":"Ora (Warner Varnado) · Oregon DOT"}},{"type":"Feature","geometry":{"type":"Point","coordinates":[-122.58047,45.56515]},"properties":{"id":"ora-or-1091","name":"Portland - NE Columbia at 80th","state":"OR","provider":"Oregon DOT","hls":null,"snapshot":"https://tripcheck.com/RoadCams/cams/NE Columbia at 80th_pid5219.jpg","refreshMs":30000,"attribution":"Ora (Warner Varnado) · Oregon DOT"}},{"type":"Feature","geometry":{"type":"Point","coordinates":[-122.60055,45.56877]},"properties":{"id":"ora-or-1092","name":"Portland - NE Columbia at 60th","state":"OR","provider":"Oregon DOT","hls":null,"snapshot":"https://tripcheck.com/RoadCams/cams/NE Columbia at 0th_pid5221.jpg","refreshMs":30000,"attribution":"Ora (Warner Varnado) · Oregon DOT"}},{"type":"Feature","geometry":{"type":"Point","coordinates":[-119.67786,45.0263]},"properties":{"id":"ora-or-1093","name":"OR207 at OHV Park","state":"OR","provider":"Oregon DOT","hls":null,"snapshot":"https://tripcheck.com/RoadCams/cams/OR207 at OHV Park SB MP21.72_pid5223.jpg","refreshMs":30000,"attribution":"Ora (Warner Varnado) · Oregon DOT"}},{"type":"Feature","geometry":{"type":"Point","coordinates":[-119.67786,45.0263]},"properties":{"id":"ora-or-1094","name":"OR207 at OHV Park","state":"OR","provider":"Oregon DOT","hls":null,"snapshot":"https://tripcheck.com/RoadCams/cams/OR207 at OHV Park NB MP21.72_pid5225.jpg","refreshMs":30000,"attribution":"Ora (Warner Varnado) · Oregon DOT"}},{"type":"Feature","geometry":{"type":"Point","coordinates":[-118.53866,43.69175]},"properties":{"id":"ora-or-1095","name":"US20 at Stinking Water Summit","state":"OR","provider":"Oregon DOT","hls":null,"snapshot":"https://tripcheck.com/RoadCams/cams/US20 at Stinking Water Summit EB_pid5227.jpg","refreshMs":30000,"attribution":"Ora (Warner Varnado) · Oregon DOT"}},{"type":"Feature","geometry":{"type":"Point","coordinates":[-118.53866,43.69175]},"properties":{"id":"ora-or-1096","name":"US20 at Stinking Water Summit","state":"OR","provider":"Oregon DOT","hls":null,"snapshot":"https://tripcheck.com/RoadCams/cams/US20 at Stinking Water Summit WB_pid5229.jpg","refreshMs":30000,"attribution":"Ora (Warner Varnado) · Oregon DOT"}},{"type":"Feature","geometry":{"type":"Point","coordinates":[-117.9191,45.01481]},"properties":{"id":"ora-or-1097","name":"I-84 at North Powder","state":"OR","provider":"Oregon DOT","hls":null,"snapshot":"https://tripcheck.com/RoadCams/cams/I-84 at N Powder S_pid5234.jpg","refreshMs":30000,"attribution":"Ora (Warner Varnado) · Oregon DOT"}},{"type":"Feature","geometry":{"type":"Point","coordinates":[-122.74385,45.37684]},"properties":{"id":"ora-or-1098","name":"Washington County - 65th Ave at Borland Rd","state":"OR","provider":"Oregon DOT","hls":null,"snapshot":"https://tripcheck.com/RoadCams/cams/65th Ave at Borland Rd_pid5236.jpg","refreshMs":30000,"attribution":"Ora (Warner Varnado) · Oregon DOT"}},{"type":"Feature","geometry":{"type":"Point","coordinates":[-122.85198,45.41955]},"properties":{"id":"ora-or-1099","name":"Washington County - Roy Rogers Rd at Jean Louise Rd","state":"OR","provider":"Oregon DOT","hls":null,"snapshot":"https://tripcheck.com/RoadCams/cams/Roy Rogers Rd at Jean Louise Rd_pid5238.jpg","refreshMs":30000,"attribution":"Ora (Warner Varnado) · Oregon DOT"}},{"type":"Feature","geometry":{"type":"Point","coordinates":[-122.90026,45.49262]},"properties":{"id":"ora-or-1100","name":"Washington County - Cornelius Pass Rd at Blanton St","state":"OR","provider":"Oregon DOT","hls":null,"snapshot":"https://tripcheck.com/RoadCams/cams/Cornelius Pass Rd at Blanton St_pid5242.jpg","refreshMs":30000,"attribution":"Ora (Warner Varnado) · Oregon DOT"}},{"type":"Feature","geometry":{"type":"Point","coordinates":[-122.74909,45.3974]},"properties":{"id":"ora-or-1101","name":"Washington County - 72nd Ave at Trimet","state":"OR","provider":"Oregon DOT","hls":null,"snapshot":"https://tripcheck.com/RoadCams/cams/72nd Ave at Trimet_pid5244.jpg","refreshMs":30000,"attribution":"Ora (Warner Varnado) · Oregon DOT"}},{"type":"Feature","geometry":{"type":"Point","coordinates":[-122.749,45.39907]},"properties":{"id":"ora-or-1102","name":"Washington County - 72nd Ave at Durham Rd","state":"OR","provider":"Oregon DOT","hls":null,"snapshot":"https://tripcheck.com/RoadCams/cams/72nd Ave at Durham Rd_pid5246.jpg","refreshMs":30000,"attribution":"Ora (Warner Varnado) · Oregon DOT"}},{"type":"Feature","geometry":{"type":"Point","coordinates":[-123.04042,45.54307]},"properties":{"id":"ora-or-1103","name":"Washington County - Susbauer Rd at Hornecker Rd","state":"OR","provider":"Oregon DOT","hls":null,"snapshot":"https://tripcheck.com/RoadCams/cams/Susbauer Rd at Hornecker Rd_pid5248.jpg","refreshMs":30000,"attribution":"Ora (Warner Varnado) · Oregon DOT"}},{"type":"Feature","geometry":{"type":"Point","coordinates":[-123.04198,45.5389]},"properties":{"id":"ora-or-1104","name":"Washington County - Susbauer Rd at Long Rd","state":"OR","provider":"Oregon DOT","hls":null,"snapshot":"https://tripcheck.com/RoadCams/cams/Susbauer Rd at Long Rd_pid5250.jpg","refreshMs":30000,"attribution":"Ora (Warner Varnado) · Oregon DOT"}},{"type":"Feature","geometry":{"type":"Point","coordinates":[-122.89248,45.46619]},"properties":{"id":"ora-or-1105","name":"Washington County - Grabhorn Rd at Farmington Rd","state":"OR","provider":"Oregon DOT","hls":null,"snapshot":"https://tripcheck.com/RoadCams/cams/Grabhorn Rd at Farmington Rd_pid5252.jpg","refreshMs":30000,"attribution":"Ora (Warner Varnado) · Oregon DOT"}},{"type":"Feature","geometry":{"type":"Point","coordinates":[-122.88609,45.43279]},"properties":{"id":"ora-or-1106","name":"Washington County - Grabhorn Rd at Tile Flat Rd","state":"OR","provider":"Oregon DOT","hls":null,"snapshot":"https://tripcheck.com/RoadCams/cams/Grabhorn Rd at Tile Flat Rd_pid5254.jpg","refreshMs":30000,"attribution":"Ora (Warner Varnado) · Oregon DOT"}},{"type":"Feature","geometry":{"type":"Point","coordinates":[-122.82634,45.48944]},"properties":{"id":"ora-or-1107","name":"OR8 at Murray Blvd","state":"OR","provider":"Oregon DOT","hls":null,"snapshot":"https://tripcheck.com/RoadCams/cams/OR8 at Murray Blvd_pid5256.jpg","refreshMs":30000,"attribution":"Ora (Warner Varnado) · Oregon DOT"}},{"type":"Feature","geometry":{"type":"Point","coordinates":[-121.8573,44.422]},"properties":{"id":"ora-or-1108","name":"US20 at Santiam Pass","state":"OR","provider":"Oregon DOT","hls":null,"snapshot":"https://tripcheck.com/RoadCams/cams/Santiam Pass WB_pid5258.jpg","refreshMs":30000,"attribution":"Ora (Warner Varnado) · Oregon DOT"}},{"type":"Feature","geometry":{"type":"Point","coordinates":[-117.70135,45.62017]},"properties":{"id":"ora-or-1109","name":"OR82 at Minam Big Canyon","state":"OR","provider":"Oregon DOT","hls":null,"snapshot":"https://tripcheck.com/RoadCams/cams/OR82 at Minam EB MP34.9_pid5260.jpg","refreshMs":30000,"attribution":"Ora (Warner Varnado) · Oregon DOT"}},{"type":"Feature","geometry":{"type":"Point","coordinates":[-117.70135,45.62017]},"properties":{"id":"ora-or-1110","name":"OR82 at Minam Big Canyon","state":"OR","provider":"Oregon DOT","hls":null,"snapshot":"https://tripcheck.com/RoadCams/cams/OR82 at Minam WB MP34.9_pid5262.jpg","refreshMs":30000,"attribution":"Ora (Warner Varnado) · Oregon DOT"}},{"type":"Feature","geometry":{"type":"Point","coordinates":[-117.67024,45.09741]},"properties":{"id":"ora-or-1111","name":"OR203 at Catherine Creek Summit","state":"OR","provider":"Oregon DOT","hls":null,"snapshot":"https://tripcheck.com/RoadCams/cams/OR203 @ Catherine Creek Summit SB MP14.05_pid5264.jpg","refreshMs":30000,"attribution":"Ora (Warner Varnado) · Oregon DOT"}},{"type":"Feature","geometry":{"type":"Point","coordinates":[-117.67024,45.09741]},"properties":{"id":"ora-or-1112","name":"OR203 at Catherine Creek Summit","state":"OR","provider":"Oregon DOT","hls":null,"snapshot":"https://tripcheck.com/RoadCams/cams/OR203 at Catherine Creek Summit NB MP14.05_pid5266.jpg","refreshMs":30000,"attribution":"Ora (Warner Varnado) · Oregon DOT"}},{"type":"Feature","geometry":{"type":"Point","coordinates":[-118.22841,43.09677]},"properties":{"id":"ora-or-1113","name":"OR78 at Folly Farm","state":"OR","provider":"Oregon DOT","hls":null,"snapshot":"https://tripcheck.com/RoadCams/cams/OR78 at Folly Farm EB MP60.88_pid5268.jpg","refreshMs":30000,"attribution":"Ora (Warner Varnado) · Oregon DOT"}},{"type":"Feature","geometry":{"type":"Point","coordinates":[-118.22841,43.09677]},"properties":{"id":"ora-or-1114","name":"OR78 at Folly Farm","state":"OR","provider":"Oregon DOT","hls":null,"snapshot":"https://tripcheck.com/RoadCams/cams/OR78 at Folly Farm WB MP60.88_pid5270.jpg","refreshMs":30000,"attribution":"Ora (Warner Varnado) · Oregon DOT"}},{"type":"Feature","geometry":{"type":"Point","coordinates":[-123.17097,45.22934]},"properties":{"id":"ora-or-1115","name":"OR99W at Lafayette Ave","state":"OR","provider":"Oregon DOT","hls":null,"snapshot":"https://tripcheck.com/RoadCams/cams/OR99W SB @ Lafayette_pid5272.jpg","refreshMs":30000,"attribution":"Ora (Warner Varnado) · Oregon DOT"}},{"type":"Feature","geometry":{"type":"Point","coordinates":[-122.62069,45.57185]},"properties":{"id":"ora-or-1116","name":"Portland - NE Columbia at 42nd","state":"OR","provider":"Oregon DOT","hls":null,"snapshot":"https://tripcheck.com/RoadCams/cams/NE Columbia at 42nd_pid5274.jpg","refreshMs":30000,"attribution":"Ora (Warner Varnado) · Oregon DOT"}},{"type":"Feature","geometry":{"type":"Point","coordinates":[-122.57884,45.51625]},"properties":{"id":"ora-or-1117","name":"Portland - SE 82nd & Yamhill","state":"OR","provider":"Oregon DOT","hls":null,"snapshot":"https://tripcheck.com/RoadCams/cams/SE 82nd & Yamhill_pid5276.jpg","refreshMs":30000,"attribution":"Ora (Warner Varnado) · Oregon DOT"}},{"type":"Feature","geometry":{"type":"Point","coordinates":[-122.57914,45.46848]},"properties":{"id":"ora-or-1118","name":"Portland - SE 82nd & Flavel","state":"OR","provider":"Oregon DOT","hls":null,"snapshot":"https://tripcheck.com/RoadCams/cams/SE 82nd & Flavel_pid5278.jpg","refreshMs":30000,"attribution":"Ora (Warner Varnado) · Oregon DOT"}},{"type":"Feature","geometry":{"type":"Point","coordinates":[-122.57891,45.54241]},"properties":{"id":"ora-or-1119","name":"NE 82nd & McDaniel H.S.","state":"OR","provider":"Oregon DOT","hls":null,"snapshot":"https://tripcheck.com/RoadCams/cams/NE 82nd & McDaniel H.S._pid5280.jpg","refreshMs":30000,"attribution":"Ora (Warner Varnado) · Oregon DOT"}},{"type":"Feature","geometry":{"type":"Point","coordinates":[-122.83769,45.83914]},"properties":{"id":"ora-or-1120","name":"US30 at Millard Rd","state":"OR","provider":"Oregon DOT","hls":null,"snapshot":"https://tripcheck.com/RoadCams/cams/US30 EB at Millard Rd MP26.96_pid5282.jpg","refreshMs":30000,"attribution":"Ora (Warner Varnado) · Oregon DOT"}},{"type":"Feature","geometry":{"type":"Point","coordinates":[-122.57864,45.51013]},"properties":{"id":"ora-or-1121","name":"SE 82nd at Mill","state":"OR","provider":"Oregon DOT","hls":null,"snapshot":"https://tripcheck.com/RoadCams/cams/SE 82nd at Mill_pid5284.jpg","refreshMs":30000,"attribution":"Ora (Warner Varnado) · Oregon DOT"}},{"type":"Feature","geometry":{"type":"Point","coordinates":[-122.67141,45.53347]},"properties":{"id":"ora-or-1122","name":"N Broadway at Larrabee","state":"OR","provider":"Oregon DOT","hls":null,"snapshot":"https://tripcheck.com/RoadCams/cams/N Broadway at Larrabee CAM231_pid5286.jpg","refreshMs":30000,"attribution":"Ora (Warner Varnado) · Oregon DOT"}},{"type":"Feature","geometry":{"type":"Point","coordinates":[-122.66596,45.53084]},"properties":{"id":"ora-or-1123","name":"NE Multnomah at Wheeler","state":"OR","provider":"Oregon DOT","hls":null,"snapshot":"https://tripcheck.com/RoadCams/cams/NE Multnomah at Wheeler CAM232_pid5288.jpg","refreshMs":30000,"attribution":"Ora (Warner Varnado) · Oregon DOT"}},{"type":"Feature","geometry":{"type":"Point","coordinates":[-122.57901,45.48272]},"properties":{"id":"ora-or-1124","name":"SE 82nd at SE Foster","state":"OR","provider":"Oregon DOT","hls":null,"snapshot":"https://tripcheck.com/RoadCams/cams/SE 82nd at SE Foster_pid5290.jpg","refreshMs":30000,"attribution":"Ora (Warner Varnado) · Oregon DOT"}},{"type":"Feature","geometry":{"type":"Point","coordinates":[-122.57898,45.47964]},"properties":{"id":"ora-or-1125","name":"SE 82nd & Woodstock CAM237","state":"OR","provider":"Oregon DOT","hls":null,"snapshot":"https://tripcheck.com/RoadCams/cams/SE 82nd & Woodstock_pid5292.jpg","refreshMs":30000,"attribution":"Ora (Warner Varnado) · Oregon DOT"}},{"type":"Feature","geometry":{"type":"Point","coordinates":[-122.99404,42.29126]},"properties":{"id":"ora-or-1126","name":"OR238 at Jacksonville Hill","state":"OR","provider":"Oregon DOT","hls":null,"snapshot":"https://tripcheck.com/RoadCams/cams/OR238 at Jacksonville Hill WB_pid5294.jpg","refreshMs":30000,"attribution":"Ora (Warner Varnado) · Oregon DOT"}}]}