{"type":"FeatureCollection","features":[{"type":"Feature","geometry":{"type":"Point","coordinates":[-121.736394,46.785799]},"properties":{"id":"ora-wa-0","name":"Mt. Rainier","state":"WA","provider":"WSDOT","hls":null,"snapshot":"https://www.nps.gov/webcams-mora/east.jpg","refreshMs":30000,"attribution":"Ora (Warner Varnado) · WSDOT"}},{"type":"Feature","geometry":{"type":"Point","coordinates":[-122.823364,47.048766]},"properties":{"id":"ora-wa-1","name":"College @ Martin Way (Lacey)","state":"WA","provider":"WSDOT","hls":null,"snapshot":"https://images.wsdot.wa.gov/orflow/005vc10895.jpg","refreshMs":30000,"attribution":"Ora (Warner Varnado) · WSDOT"}},{"type":"Feature","geometry":{"type":"Point","coordinates":[-122.891596,47.039727]},"properties":{"id":"ora-wa-2","name":"Plum @ Union (Olympia)","state":"WA","provider":"WSDOT","hls":null,"snapshot":"https://images.wsdot.wa.gov/orflow/005vc10561.jpg","refreshMs":30000,"attribution":"Ora (Warner Varnado) · WSDOT"}},{"type":"Feature","geometry":{"type":"Point","coordinates":[-122.833618,47.047902]},"properties":{"id":"ora-wa-3","name":"Sleater-Kinney @ Martin Way (Olympia)","state":"WA","provider":"WSDOT","hls":null,"snapshot":"https://images.wsdot.wa.gov/orflow/005vc10840.jpg","refreshMs":30000,"attribution":"Ora (Warner Varnado) · WSDOT"}},{"type":"Feature","geometry":{"type":"Point","coordinates":[-120.25669,48.47764]},"properties":{"id":"ora-wa-4","name":"Winthrop","state":"WA","provider":"WSDOT","hls":null,"snapshot":"https://sunmountainlodge.com/wp-content/uploads/webcam/smlcam.jpg","refreshMs":30000,"attribution":"Ora (Warner Varnado) · WSDOT"}},{"type":"Feature","geometry":{"type":"Point","coordinates":[-120.291016,47.454987]},"properties":{"id":"ora-wa-5","name":"Douglas County: Eastmont Ave","state":"WA","provider":"WSDOT","hls":null,"snapshot":"https://images.wsdot.wa.gov/nc/DOUvc00001.jpg","refreshMs":30000,"attribution":"Ora (Warner Varnado) · WSDOT"}},{"type":"Feature","geometry":{"type":"Point","coordinates":[-117.42651,47.65449]},"properties":{"id":"ora-wa-6","name":"2nd / Monroe (Spokane)","state":"WA","provider":"WSDOT","hls":null,"snapshot":"https://images.wsdot.wa.gov/spokane/cos_2nd_monroe.jpg","refreshMs":30000,"attribution":"Ora (Warner Varnado) · WSDOT"}},{"type":"Feature","geometry":{"type":"Point","coordinates":[-117.413345,47.6535]},"properties":{"id":"ora-wa-7","name":"3rd / Browne (Spokane)","state":"WA","provider":"WSDOT","hls":null,"snapshot":"https://images.wsdot.wa.gov/spokane/cos_3rd_browne.jpg","refreshMs":30000,"attribution":"Ora (Warner Varnado) · WSDOT"}},{"type":"Feature","geometry":{"type":"Point","coordinates":[-117.43555,47.65352]},"properties":{"id":"ora-wa-8","name":"3rd / Maple (Spokane)","state":"WA","provider":"WSDOT","hls":null,"snapshot":"https://images.wsdot.wa.gov/spokane/cos_3rd_maple.jpg","refreshMs":30000,"attribution":"Ora (Warner Varnado) · WSDOT"}},{"type":"Feature","geometry":{"type":"Point","coordinates":[-117.41796,47.65349]},"properties":{"id":"ora-wa-9","name":"3rd / Washington (Spokane)","state":"WA","provider":"WSDOT","hls":null,"snapshot":"https://images.wsdot.wa.gov/spokane/cos_3rd_washington.jpg","refreshMs":30000,"attribution":"Ora (Warner Varnado) · WSDOT"}},{"type":"Feature","geometry":{"type":"Point","coordinates":[-122.5112,47.62314]},"properties":{"id":"ora-wa-10","name":"WSF Bainbridge Ferry Holding","state":"WA","provider":"WSDOT","hls":null,"snapshot":"https://images.wsdot.wa.gov/wsf/Bainbridge/Bainbridge.jpg","refreshMs":30000,"attribution":"Ora (Warner Varnado) · WSDOT"}},{"type":"Feature","geometry":{"type":"Point","coordinates":[-122.514133,47.624849]},"properties":{"id":"ora-wa-11","name":"SR 305 at MP 0.2: Winslow Way","state":"WA","provider":"WSDOT","hls":null,"snapshot":"https://images.wsdot.wa.gov/orflow/305vc00023.jpg","refreshMs":30000,"attribution":"Ora (Warner Varnado) · WSDOT"}},{"type":"Feature","geometry":{"type":"Point","coordinates":[-122.515529,47.635773]},"properties":{"id":"ora-wa-12","name":"SR 305 @ MP 1: High School Rd","state":"WA","provider":"WSDOT","hls":null,"snapshot":"https://images.wsdot.wa.gov/orflow/305vc00098.jpg","refreshMs":30000,"attribution":"Ora (Warner Varnado) · WSDOT"}},{"type":"Feature","geometry":{"type":"Point","coordinates":[-122.884565,48.56895]},"properties":{"id":"ora-wa-13","name":"WSF Lopez Ferry Approach","state":"WA","provider":"WSDOT","hls":null,"snapshot":"https://images.wsdot.wa.gov/wsf/lopez/approach.jpg","refreshMs":30000,"attribution":"Ora (Warner Varnado) · WSDOT"}},{"type":"Feature","geometry":{"type":"Point","coordinates":[-122.883996,48.569207]},"properties":{"id":"ora-wa-14","name":"WSF Lopez Ferry Holding","state":"WA","provider":"WSDOT","hls":null,"snapshot":"https://images.wsdot.wa.gov/wsf/lopez/holding3.jpg","refreshMs":30000,"attribution":"Ora (Warner Varnado) · WSDOT"}},{"type":"Feature","geometry":{"type":"Point","coordinates":[-122.514782,47.303365]},"properties":{"id":"ora-wa-15","name":"WSF Point Defiance Holding","state":"WA","provider":"WSDOT","hls":null,"snapshot":"https://images.wsdot.wa.gov/wsf/PointDefiance/PtDefHolding.jpg","refreshMs":30000,"attribution":"Ora (Warner Varnado) · WSDOT"}},{"type":"Feature","geometry":{"type":"Point","coordinates":[-122.514751,47.30365]},"properties":{"id":"ora-wa-16","name":"WSF Point Defiance Booth","state":"WA","provider":"WSDOT","hls":null,"snapshot":"https://images.wsdot.wa.gov/wsf/PointDefiance/PtDefBooth.jpg","refreshMs":30000,"attribution":"Ora (Warner Varnado) · WSDOT"}},{"type":"Feature","geometry":{"type":"Point","coordinates":[-123.0066,48.5351]},"properties":{"id":"ora-wa-17","name":"WSF Friday Harbor Ferry Holding","state":"WA","provider":"WSDOT","hls":null,"snapshot":"https://images.wsdot.wa.gov/wsf/fridayharbor/friholding.jpg","refreshMs":30000,"attribution":"Ora (Warner Varnado) · WSDOT"}},{"type":"Feature","geometry":{"type":"Point","coordinates":[-123.014861,48.533251]},"properties":{"id":"ora-wa-18","name":"WSF Friday Harbor Upper Holding","state":"WA","provider":"WSDOT","hls":null,"snapshot":"https://images.wsdot.wa.gov/wsf/fridayharbor/upperholding.jpg","refreshMs":30000,"attribution":"Ora (Warner Varnado) · WSDOT"}},{"type":"Feature","geometry":{"type":"Point","coordinates":[-122.300562,47.92825]},"properties":{"id":"ora-wa-19","name":"SR 525 at MP 6.9: 76th St SW South - WSF Mukilteo","state":"WA","provider":"WSDOT","hls":null,"snapshot":"https://images.wsdot.wa.gov/nw/525vc00694.jpg","refreshMs":30000,"attribution":"Ora (Warner Varnado) · WSDOT"}},{"type":"Feature","geometry":{"type":"Point","coordinates":[-122.945556,48.598694]},"properties":{"id":"ora-wa-20","name":"WSF Orcas Ferry","state":"WA","provider":"WSDOT","hls":null,"snapshot":"https://images.wsdot.wa.gov/wsf/orcas/booth.jpg","refreshMs":30000,"attribution":"Ora (Warner Varnado) · WSDOT"}},{"type":"Feature","geometry":{"type":"Point","coordinates":[-122.300644,47.928385]},"properties":{"id":"ora-wa-21","name":"SR 525 at MP 6.9: 76th St SW North - WSF Mukilteo","state":"WA","provider":"WSDOT","hls":null,"snapshot":"https://images.wsdot.wa.gov/nw/525vc00695.jpg","refreshMs":30000,"attribution":"Ora (Warner Varnado) · WSDOT"}},{"type":"Feature","geometry":{"type":"Point","coordinates":[-122.306348,47.933469]},"properties":{"id":"ora-wa-22","name":"SR 525 at MP 7.4: Clover Ln - WSF Mukilteo","state":"WA","provider":"WSDOT","hls":null,"snapshot":"https://images.wsdot.wa.gov/nw/525vc00740.jpg","refreshMs":30000,"attribution":"Ora (Warner Varnado) · WSDOT"}},{"type":"Feature","geometry":{"type":"Point","coordinates":[-122.304359,47.944755]},"properties":{"id":"ora-wa-23","name":"SR 525 at MP 8.1: 5th St South - WSF Mukilteo","state":"WA","provider":"WSDOT","hls":null,"snapshot":"https://images.wsdot.wa.gov/nw/525vc00819.jpg","refreshMs":30000,"attribution":"Ora (Warner Varnado) · WSDOT"}},{"type":"Feature","geometry":{"type":"Point","coordinates":[-122.351516,47.974813]},"properties":{"id":"ora-wa-24","name":"WSF Clinton Dock","state":"WA","provider":"WSDOT","hls":null,"snapshot":"https://images.wsdot.wa.gov/wsf/clinton/boothdock.jpg","refreshMs":30000,"attribution":"Ora (Warner Varnado) · WSDOT"}},{"type":"Feature","geometry":{"type":"Point","coordinates":[-122.304287,47.944899]},"properties":{"id":"ora-wa-25","name":"SR 525 at MP 8.2: 5th St North - WSF Mukilteo","state":"WA","provider":"WSDOT","hls":null,"snapshot":"https://images.wsdot.wa.gov/nw/525vc00820.jpg","refreshMs":30000,"attribution":"Ora (Warner Varnado) · WSDOT"}},{"type":"Feature","geometry":{"type":"Point","coordinates":[-122.301103,47.948838]},"properties":{"id":"ora-wa-26","name":"SR 525 at MP 8.4: 1st Street","state":"WA","provider":"WSDOT","hls":null,"snapshot":"https://images.wsdot.wa.gov/nw/525vc00858.jpg","refreshMs":30000,"attribution":"Ora (Warner Varnado) · WSDOT"}},{"type":"Feature","geometry":{"type":"Point","coordinates":[-122.302007,47.948756]},"properties":{"id":"ora-wa-27","name":"WSF Mukilteo Holding","state":"WA","provider":"WSDOT","hls":null,"snapshot":"https://images.wsdot.wa.gov/wsf/Mukilteo/Terminal/mukterm.jpg","refreshMs":30000,"attribution":"Ora (Warner Varnado) · WSDOT"}},{"type":"Feature","geometry":{"type":"Point","coordinates":[-122.352079,47.974718]},"properties":{"id":"ora-wa-28","name":"WSF Clinton","state":"WA","provider":"WSDOT","hls":null,"snapshot":"https://images.wsdot.wa.gov/wsf/clinton/terminal/clinton.jpg","refreshMs":30000,"attribution":"Ora (Warner Varnado) · WSDOT"}},{"type":"Feature","geometry":{"type":"Point","coordinates":[-122.359076,47.979638]},"properties":{"id":"ora-wa-29","name":"WSF Clinton W SR 525","state":"WA","provider":"WSDOT","hls":null,"snapshot":"https://images.wsdot.wa.gov/wsf/clinton/clintwest.jpg","refreshMs":30000,"attribution":"Ora (Warner Varnado) · WSDOT"}},{"type":"Feature","geometry":{"type":"Point","coordinates":[-122.356762,47.97919]},"properties":{"id":"ora-wa-30","name":"WSF Clinton E SR 525","state":"WA","provider":"WSDOT","hls":null,"snapshot":"https://images.wsdot.wa.gov/wsf/clinton/clinteast.jpg","refreshMs":30000,"attribution":"Ora (Warner Varnado) · WSDOT"}},{"type":"Feature","geometry":{"type":"Point","coordinates":[-122.3382,47.60285]},"properties":{"id":"ora-wa-31","name":"WSF Seattle Ferry Main Vehicle Holding","state":"WA","provider":"WSDOT","hls":null,"snapshot":"https://images.wsdot.wa.gov/wsf/colman/seattlemain.jpg","refreshMs":30000,"attribution":"Ora (Warner Varnado) · WSDOT"}},{"type":"Feature","geometry":{"type":"Point","coordinates":[-122.62535,47.56265]},"properties":{"id":"ora-wa-32","name":"WSF Bremerton Ferry Holding","state":"WA","provider":"WSDOT","hls":null,"snapshot":"https://images.wsdot.wa.gov/wsf/bremerton/holding/holding.jpg","refreshMs":30000,"attribution":"Ora (Warner Varnado) · WSDOT"}},{"type":"Feature","geometry":{"type":"Point","coordinates":[-122.672701,48.159349]},"properties":{"id":"ora-wa-33","name":"WSF Coupeville","state":"WA","provider":"WSDOT","hls":null,"snapshot":"https://images.wsdot.wa.gov/wsf/Keystone/Street/keyStreet.jpg","refreshMs":30000,"attribution":"Ora (Warner Varnado) · WSDOT"}},{"type":"Feature","geometry":{"type":"Point","coordinates":[-122.39359,47.5232]},"properties":{"id":"ora-wa-34","name":"WSF Fauntleroy Ferry Holding","state":"WA","provider":"WSDOT","hls":null,"snapshot":"https://images.wsdot.wa.gov/wsf/fauntleroy/terminal/fauntleroy.jpg","refreshMs":30000,"attribution":"Ora (Warner Varnado) · WSDOT"}},{"type":"Feature","geometry":{"type":"Point","coordinates":[-122.392938,47.52263]},"properties":{"id":"ora-wa-35","name":"WSF Fauntleroy Way looking North","state":"WA","provider":"WSDOT","hls":null,"snapshot":"https://images.wsdot.wa.gov/wsf/fauntleroy/terminal/fauntterminal.jpg","refreshMs":30000,"attribution":"Ora (Warner Varnado) · WSDOT"}},{"type":"Feature","geometry":{"type":"Point","coordinates":[-122.392652,47.524794]},"properties":{"id":"ora-wa-36","name":"WSF Fauntleroy Trenton St looking North","state":"WA","provider":"WSDOT","hls":null,"snapshot":"https://images.wsdot.wa.gov/wsf/fauntleroy/terminal/faunttrenton.jpg","refreshMs":30000,"attribution":"Ora (Warner Varnado) · WSDOT"}},{"type":"Feature","geometry":{"type":"Point","coordinates":[-122.392633,47.530459]},"properties":{"id":"ora-wa-37","name":"WSF Fauntleroy Lincoln Park looking North","state":"WA","provider":"WSDOT","hls":null,"snapshot":"https://images.wsdot.wa.gov/wsf/fauntleroy/terminal/fauntlincoln.jpg","refreshMs":30000,"attribution":"Ora (Warner Varnado) · WSDOT"}},{"type":"Feature","geometry":{"type":"Point","coordinates":[-122.392883,47.526718]},"properties":{"id":"ora-wa-38","name":"WSF Fauntleroy Way and Cloverdale St.","state":"WA","provider":"WSDOT","hls":null,"snapshot":"https://www.seattle.gov/trafficcams/images/Fauntleroy_SW_Cloverdale_NS.jpg","refreshMs":30000,"attribution":"Ora (Warner Varnado) · WSDOT"}},{"type":"Feature","geometry":{"type":"Point","coordinates":[-122.496861,47.797035]},"properties":{"id":"ora-wa-39","name":"WSF Kingston SR 104 at Toll Booths","state":"WA","provider":"WSDOT","hls":null,"snapshot":"https://images.wsdot.wa.gov/orflow/104vc02466.jpg","refreshMs":30000,"attribution":"Ora (Warner Varnado) · WSDOT"}},{"type":"Feature","geometry":{"type":"Point","coordinates":[-122.495519,47.797124]},"properties":{"id":"ora-wa-40","name":"WSF Kingston Terminal","state":"WA","provider":"WSDOT","hls":null,"snapshot":"https://images.wsdot.wa.gov/orflow/104vc02465.jpg","refreshMs":30000,"attribution":"Ora (Warner Varnado) · WSDOT"}},{"type":"Feature","geometry":{"type":"Point","coordinates":[-122.503472,47.802667]},"properties":{"id":"ora-wa-41","name":"WSF Kingston Lindvog Rd","state":"WA","provider":"WSDOT","hls":null,"snapshot":"https://images.wsdot.wa.gov/orflow/104vc02390.jpg","refreshMs":30000,"attribution":"Ora (Warner Varnado) · WSDOT"}},{"type":"Feature","geometry":{"type":"Point","coordinates":[-122.517503,47.808285]},"properties":{"id":"ora-wa-42","name":"WSF Kingston Barber","state":"WA","provider":"WSDOT","hls":null,"snapshot":"https://images.wsdot.wa.gov/orflow/104vc02314.jpg","refreshMs":30000,"attribution":"Ora (Warner Varnado) · WSDOT"}},{"type":"Feature","geometry":{"type":"Point","coordinates":[-122.52564,47.80941]},"properties":{"id":"ora-wa-43","name":"WSF Kingston Ferry Sign","state":"WA","provider":"WSDOT","hls":null,"snapshot":"https://images.wsdot.wa.gov/wsf/kingston/fse/fse.jpg","refreshMs":30000,"attribution":"Ora (Warner Varnado) · WSDOT"}},{"type":"Feature","geometry":{"type":"Point","coordinates":[-122.760466,48.112086]},"properties":{"id":"ora-wa-44","name":"WSF Port Townsend","state":"WA","provider":"WSDOT","hls":null,"snapshot":"https://images.wsdot.wa.gov/wsf/PortTownsend/Street/ptStreet.jpg","refreshMs":30000,"attribution":"Ora (Warner Varnado) · WSDOT"}},{"type":"Feature","geometry":{"type":"Point","coordinates":[-122.4973,47.51189]},"properties":{"id":"ora-wa-45","name":"WSF Southworth Ferry","state":"WA","provider":"WSDOT","hls":null,"snapshot":"https://images.wsdot.wa.gov/wsf/southworth/holding.jpg","refreshMs":30000,"attribution":"Ora (Warner Varnado) · WSDOT"}},{"type":"Feature","geometry":{"type":"Point","coordinates":[-122.506968,47.332941]},"properties":{"id":"ora-wa-46","name":"WSF Tahlequah Ferry Holding","state":"WA","provider":"WSDOT","hls":null,"snapshot":"https://images.wsdot.wa.gov/wsf/Tahlequah/holding/holding.jpg","refreshMs":30000,"attribution":"Ora (Warner Varnado) · WSDOT"}},{"type":"Feature","geometry":{"type":"Point","coordinates":[-122.506957,47.333079]},"properties":{"id":"ora-wa-47","name":"WSF Tahlequah @ SW Tahlequah Rd","state":"WA","provider":"WSDOT","hls":null,"snapshot":"https://images.wsdot.wa.gov/wsf/Tahlequah/VMSSign/VMSSign.jpg","refreshMs":30000,"attribution":"Ora (Warner Varnado) · WSDOT"}},{"type":"Feature","geometry":{"type":"Point","coordinates":[-122.463852,47.510459]},"properties":{"id":"ora-wa-48","name":"WSF Vashon Ferry Holding (South)","state":"WA","provider":"WSDOT","hls":null,"snapshot":"https://images.wsdot.wa.gov/wsf/vashon/HoldingSouth.jpg","refreshMs":30000,"attribution":"Ora (Warner Varnado) · WSDOT"}},{"type":"Feature","geometry":{"type":"Point","coordinates":[-122.461681,47.505512]},"properties":{"id":"ora-wa-49","name":"WSF Vashon Hwy & 112th (South)","state":"WA","provider":"WSDOT","hls":null,"snapshot":"https://images.wsdot.wa.gov/wsf/vashon/VSHvc00003.jpg","refreshMs":30000,"attribution":"Ora (Warner Varnado) · WSDOT"}},{"type":"Feature","geometry":{"type":"Point","coordinates":[-122.46173,47.505682]},"properties":{"id":"ora-wa-50","name":"WSF Vashon Hwy & 112th (North)","state":"WA","provider":"WSDOT","hls":null,"snapshot":"https://images.wsdot.wa.gov/wsf/vashon/VSHvc00004.jpg","refreshMs":30000,"attribution":"Ora (Warner Varnado) · WSDOT"}},{"type":"Feature","geometry":{"type":"Point","coordinates":[-122.46284,47.507367]},"properties":{"id":"ora-wa-51","name":"WSF Vashon Hwy & Bunker (South)","state":"WA","provider":"WSDOT","hls":null,"snapshot":"https://images.wsdot.wa.gov/wsf/vashon/VSHvc00002.jpg","refreshMs":30000,"attribution":"Ora (Warner Varnado) · WSDOT"}},{"type":"Feature","geometry":{"type":"Point","coordinates":[-122.46291,47.507541]},"properties":{"id":"ora-wa-52","name":"WSF Vashon Hwy & Bunker (North)","state":"WA","provider":"WSDOT","hls":null,"snapshot":"https://images.wsdot.wa.gov/wsf/vashon/VSHvc00001.jpg","refreshMs":30000,"attribution":"Ora (Warner Varnado) · WSDOT"}},{"type":"Feature","geometry":{"type":"Point","coordinates":[-122.382307,47.802073]},"properties":{"id":"ora-wa-53","name":"WSF Edmonds Underpass","state":"WA","provider":"WSDOT","hls":null,"snapshot":"https://images.wsdot.wa.gov/wsf/edmonds/104underpass.jpg","refreshMs":30000,"attribution":"Ora (Warner Varnado) · WSDOT"}},{"type":"Feature","geometry":{"type":"Point","coordinates":[-122.382463,47.802181]},"properties":{"id":"ora-wa-54","name":"WSF Edmonds Pine","state":"WA","provider":"WSDOT","hls":null,"snapshot":"https://images.wsdot.wa.gov/wsf/edmonds/104pine.jpg","refreshMs":30000,"attribution":"Ora (Warner Varnado) · WSDOT"}},{"type":"Feature","geometry":{"type":"Point","coordinates":[-122.383213,47.809182]},"properties":{"id":"ora-wa-55","name":"WSF Edmonds W Dayton St","state":"WA","provider":"WSDOT","hls":null,"snapshot":"https://images.wsdot.wa.gov/wsf/edmonds/104dayton.jpg","refreshMs":30000,"attribution":"Ora (Warner Varnado) · WSDOT"}},{"type":"Feature","geometry":{"type":"Point","coordinates":[-122.383209,47.809746]},"properties":{"id":"ora-wa-56","name":"WSF Edmonds Holding","state":"WA","provider":"WSDOT","hls":null,"snapshot":"https://images.wsdot.wa.gov/wsf/edmonds/holding.jpg","refreshMs":30000,"attribution":"Ora (Warner Varnado) · WSDOT"}},{"type":"Feature","geometry":{"type":"Point","coordinates":[-122.366986,47.790573]},"properties":{"id":"ora-wa-57","name":"WSF Edmonds VMS Sign","state":"WA","provider":"WSDOT","hls":null,"snapshot":"https://images.wsdot.wa.gov/wsf/edmonds/104vms_wts.jpg","refreshMs":30000,"attribution":"Ora (Warner Varnado) · WSDOT"}},{"type":"Feature","geometry":{"type":"Point","coordinates":[-122.679509,48.503437]},"properties":{"id":"ora-wa-58","name":"WSF Anacortes Ferry Holding","state":"WA","provider":"WSDOT","hls":null,"snapshot":"https://images.wsdot.wa.gov/wsf/anacortes/holding/anahold.jpg","refreshMs":30000,"attribution":"Ora (Warner Varnado) · WSDOT"}},{"type":"Feature","geometry":{"type":"Point","coordinates":[-122.679337,48.501976]},"properties":{"id":"ora-wa-59","name":"WSF Anacortes Ferry Terminal Rd","state":"WA","provider":"WSDOT","hls":null,"snapshot":"https://images.wsdot.wa.gov/wsf/anacortes/road/anaroad.jpg","refreshMs":30000,"attribution":"Ora (Warner Varnado) · WSDOT"}},{"type":"Feature","geometry":{"type":"Point","coordinates":[-122.679048,48.505975]},"properties":{"id":"ora-wa-60","name":"WSF Anacortes Ferry Terminal","state":"WA","provider":"WSDOT","hls":null,"snapshot":"https://images.wsdot.wa.gov/wsf/anacortes/terminal/anaterm.jpg","refreshMs":30000,"attribution":"Ora (Warner Varnado) · WSDOT"}},{"type":"Feature","geometry":{"type":"Point","coordinates":[-119.303858,46.255074]},"properties":{"id":"ora-wa-61","name":"I-182 at MP 2.38: Queensgate Avenue","state":"WA","provider":"WSDOT","hls":null,"snapshot":"https://images.wsdot.wa.gov/SC/182vc00238.jpg","refreshMs":30000,"attribution":"Ora (Warner Varnado) · WSDOT"}},{"type":"Feature","geometry":{"type":"Point","coordinates":[-119.275273,46.258715]},"properties":{"id":"ora-wa-62","name":"I-182 at MP 4.3: Jadwin Avenue","state":"WA","provider":"WSDOT","hls":null,"snapshot":"https://images.wsdot.wa.gov/sc/182VC00435.jpg","refreshMs":30000,"attribution":"Ora (Warner Varnado) · WSDOT"}},{"type":"Feature","geometry":{"type":"Point","coordinates":[-119.221707,46.275051]},"properties":{"id":"ora-wa-63","name":"I-182 at MP 7.3: Road 100","state":"WA","provider":"WSDOT","hls":null,"snapshot":"https://images.wsdot.wa.gov/sc/182vc00731.jpg","refreshMs":30000,"attribution":"Ora (Warner Varnado) · WSDOT"}},{"type":"Feature","geometry":{"type":"Point","coordinates":[-119.183549,46.265841]},"properties":{"id":"ora-wa-64","name":"I-182 at MP 9.2: Road 68","state":"WA","provider":"WSDOT","hls":null,"snapshot":"https://images.wsdot.wa.gov/sc/182VC00927.jpg","refreshMs":30000,"attribution":"Ora (Warner Varnado) · WSDOT"}},{"type":"Feature","geometry":{"type":"Point","coordinates":[-122.552192,45.606196]},"properties":{"id":"ora-wa-65","name":"I-205 at MP 27.4: SR-14 Interchange","state":"WA","provider":"WSDOT","hls":null,"snapshot":"https://images.wsdot.wa.gov/sw/205vc02740.jpg","refreshMs":30000,"attribution":"Ora (Warner Varnado) · WSDOT"}},{"type":"Feature","geometry":{"type":"Point","coordinates":[-122.559988,45.62118]},"properties":{"id":"ora-wa-66","name":"I-205 at MP 28.3: Mill Plain Blvd Camera","state":"WA","provider":"WSDOT","hls":null,"snapshot":"https://images.wsdot.wa.gov/sw/205vc02834.jpg","refreshMs":30000,"attribution":"Ora (Warner Varnado) · WSDOT"}},{"type":"Feature","geometry":{"type":"Point","coordinates":[-122.559139,45.619417]},"properties":{"id":"ora-wa-67","name":"I-205 at MP 28.2: Millplain Ramp Meter SB","state":"WA","provider":"WSDOT","hls":null,"snapshot":"https://images.wsdot.wa.gov/sw/205vc02827.jpg","refreshMs":30000,"attribution":"Ora (Warner Varnado) · WSDOT"}},{"type":"Feature","geometry":{"type":"Point","coordinates":[-122.557008,45.620871]},"properties":{"id":"ora-wa-68","name":"I-205 at MP 28.4: Mill Plain Interchange","state":"WA","provider":"WSDOT","hls":null,"snapshot":"https://images.wsdot.wa.gov/sw/205vc02840.jpg","refreshMs":30000,"attribution":"Ora (Warner Varnado) · WSDOT"}},{"type":"Feature","geometry":{"type":"Point","coordinates":[-122.560933,45.635549]},"properties":{"id":"ora-wa-69","name":"I-205 at MP 29.3: 18th St","state":"WA","provider":"WSDOT","hls":null,"snapshot":"https://images.wsdot.wa.gov/sw/205vc02936.jpg","refreshMs":30000,"attribution":"Ora (Warner Varnado) · WSDOT"}},{"type":"Feature","geometry":{"type":"Point","coordinates":[-122.559333,45.624602]},"properties":{"id":"ora-wa-70","name":"I-205 at MP 28.6: 6th St","state":"WA","provider":"WSDOT","hls":null,"snapshot":"https://images.wsdot.wa.gov/sw/205vc02863.jpg","refreshMs":30000,"attribution":"Ora (Warner Varnado) · WSDOT"}},{"type":"Feature","geometry":{"type":"Point","coordinates":[-122.560071,45.632864]},"properties":{"id":"ora-wa-71","name":"I-205 at MP 29.1: 15th St","state":"WA","provider":"WSDOT","hls":null,"snapshot":"https://images.wsdot.wa.gov/sw/205vc02913.jpg","refreshMs":30000,"attribution":"Ora (Warner Varnado) · WSDOT"}},{"type":"Feature","geometry":{"type":"Point","coordinates":[-122.558861,45.624099]},"properties":{"id":"ora-wa-72","name":"I-205 at MP 28.6: Millplain Ramp Meter NB","state":"WA","provider":"WSDOT","hls":null,"snapshot":"https://images.wsdot.wa.gov/sw/205vc02862.jpg","refreshMs":30000,"attribution":"Ora (Warner Varnado) · WSDOT"}},{"type":"Feature","geometry":{"type":"Point","coordinates":[-122.566753,45.649538]},"properties":{"id":"ora-wa-73","name":"I-205 at MP 30.3: 39th St SB","state":"WA","provider":"WSDOT","hls":null,"snapshot":"https://images.wsdot.wa.gov/sw/205vc03036.jpg","refreshMs":30000,"attribution":"Ora (Warner Varnado) · WSDOT"}},{"type":"Feature","geometry":{"type":"Point","coordinates":[-122.565947,45.64995]},"properties":{"id":"ora-wa-74","name":"I-205 at MP 30.3: 39th St NB","state":"WA","provider":"WSDOT","hls":null,"snapshot":"https://images.wsdot.wa.gov/sw/205vc03038.jpg","refreshMs":30000,"attribution":"Ora (Warner Varnado) · WSDOT"}},{"type":"Feature","geometry":{"type":"Point","coordinates":[-122.563993,45.642218]},"properties":{"id":"ora-wa-75","name":"I-205 at MP 29.7: Burton Rd","state":"WA","provider":"WSDOT","hls":null,"snapshot":"https://images.wsdot.wa.gov/sw/205vc02976.jpg","refreshMs":30000,"attribution":"Ora (Warner Varnado) · WSDOT"}},{"type":"Feature","geometry":{"type":"Point","coordinates":[-122.570395,45.657208]},"properties":{"id":"ora-wa-76","name":"I-205 at MP 30.9: SR 500 Camera 1","state":"WA","provider":"WSDOT","hls":null,"snapshot":"https://images.wsdot.wa.gov/sw/205vc03090.jpg","refreshMs":30000,"attribution":"Ora (Warner Varnado) · WSDOT"}},{"type":"Feature","geometry":{"type":"Point","coordinates":[-122.572657,45.65956]},"properties":{"id":"ora-wa-77","name":"I-205 at MP 31.1: SR 500 / 4th Plain Ramp Meter","state":"WA","provider":"WSDOT","hls":null,"snapshot":"https://images.wsdot.wa.gov/sw/205vc03111.jpg","refreshMs":30000,"attribution":"Ora (Warner Varnado) · WSDOT"}},{"type":"Feature","geometry":{"type":"Point","coordinates":[-122.571529,45.654298]},"properties":{"id":"ora-wa-78","name":"I-205 at MP 30.8: SR 500 SB Ramp Meter","state":"WA","provider":"WSDOT","hls":null,"snapshot":"https://images.wsdot.wa.gov/sw/205vc03076.jpg","refreshMs":30000,"attribution":"Ora (Warner Varnado) · WSDOT"}},{"type":"Feature","geometry":{"type":"Point","coordinates":[-122.571108,45.657217]},"properties":{"id":"ora-wa-79","name":"I-205 at MP 30.9: SR 500 Camera 2","state":"WA","provider":"WSDOT","hls":null,"snapshot":"https://images.wsdot.wa.gov/sw/205vc03093.jpg","refreshMs":30000,"attribution":"Ora (Warner Varnado) · WSDOT"}},{"type":"Feature","geometry":{"type":"Point","coordinates":[-122.578088,45.66429]},"properties":{"id":"ora-wa-80","name":"I-205 at MP 31.5: 58th St","state":"WA","provider":"WSDOT","hls":null,"snapshot":"https://images.wsdot.wa.gov/sw/205vc03153.jpg","refreshMs":30000,"attribution":"Ora (Warner Varnado) · WSDOT"}},{"type":"Feature","geometry":{"type":"Point","coordinates":[-122.592433,45.682033]},"properties":{"id":"ora-wa-81","name":"I-205 at MP 32.9: South of Padden Parkway","state":"WA","provider":"WSDOT","hls":null,"snapshot":"https://images.wsdot.wa.gov/sw/205vc03295.jpg","refreshMs":30000,"attribution":"Ora (Warner Varnado) · WSDOT"}},{"type":"Feature","geometry":{"type":"Point","coordinates":[-122.586184,45.678719]},"properties":{"id":"ora-wa-82","name":"I-205 at MP 32.6: 78th St","state":"WA","provider":"WSDOT","hls":null,"snapshot":"https://images.wsdot.wa.gov/sw/205vc03260.jpg","refreshMs":30000,"attribution":"Ora (Warner Varnado) · WSDOT"}},{"type":"Feature","geometry":{"type":"Point","coordinates":[-122.596402,45.684052]},"properties":{"id":"ora-wa-83","name":"I-205 at MP 33.2: North of Padden Parkway","state":"WA","provider":"WSDOT","hls":null,"snapshot":"https://images.wsdot.wa.gov/sw/205vc03321.jpg","refreshMs":30000,"attribution":"Ora (Warner Varnado) · WSDOT"}},{"type":"Feature","geometry":{"type":"Point","coordinates":[-122.611031,45.695796]},"properties":{"id":"ora-wa-84","name":"SR 205 at MP 34.3: St Johns Rd","state":"WA","provider":"WSDOT","hls":null,"snapshot":"https://images.wsdot.wa.gov/sw/205vc03434.jpg","refreshMs":30000,"attribution":"Ora (Warner Varnado) · WSDOT"}},{"type":"Feature","geometry":{"type":"Point","coordinates":[-122.60178,45.6874]},"properties":{"id":"ora-wa-85","name":"I-205 at MP 33.6: Andresen Rd","state":"WA","provider":"WSDOT","hls":null,"snapshot":"https://images.wsdot.wa.gov/sw/205vc03356.jpg","refreshMs":30000,"attribution":"Ora (Warner Varnado) · WSDOT"}},{"type":"Feature","geometry":{"type":"Point","coordinates":[-122.640009,45.712136]},"properties":{"id":"ora-wa-86","name":"I-205 at MP 36.1: Salmon Creek","state":"WA","provider":"WSDOT","hls":null,"snapshot":"https://images.wsdot.wa.gov/sw/205vc03615.jpg","refreshMs":30000,"attribution":"Ora (Warner Varnado) · WSDOT"}},{"type":"Feature","geometry":{"type":"Point","coordinates":[-122.647799,45.716687]},"properties":{"id":"ora-wa-87","name":"I-205 at MP 36.8: 134th St","state":"WA","provider":"WSDOT","hls":null,"snapshot":"https://images.wsdot.wa.gov/sw/205vc03688.jpg","refreshMs":30000,"attribution":"Ora (Warner Varnado) · WSDOT"}},{"type":"Feature","geometry":{"type":"Point","coordinates":[-122.65417,45.722571]},"properties":{"id":"ora-wa-88","name":"I-205 at MP 37: 139th St","state":"WA","provider":"WSDOT","hls":null,"snapshot":"https://images.wsdot.wa.gov/sw/205vc03708.jpg","refreshMs":30000,"attribution":"Ora (Warner Varnado) · WSDOT"}},{"type":"Feature","geometry":{"type":"Point","coordinates":[-122.651671,45.719707]},"properties":{"id":"ora-wa-89","name":"I-205 at MP 36.9: 20th Ave","state":"WA","provider":"WSDOT","hls":null,"snapshot":"https://images.wsdot.wa.gov/sw/205vc03693.jpg","refreshMs":30000,"attribution":"Ora (Warner Varnado) · WSDOT"}},{"type":"Feature","geometry":{"type":"Point","coordinates":[-122.648338,45.716668]},"properties":{"id":"ora-wa-90","name":"I-205 at MP 36.7: SB 134th St Ramp Meter","state":"WA","provider":"WSDOT","hls":null,"snapshot":"https://images.wsdot.wa.gov/sw/205vc03670.jpg","refreshMs":30000,"attribution":"Ora (Warner Varnado) · WSDOT"}},{"type":"Feature","geometry":{"type":"Point","coordinates":[-122.258334,47.462588]},"properties":{"id":"ora-wa-91","name":"I-405 at MP 0.3: Southcenter","state":"WA","provider":"WSDOT","hls":null,"snapshot":"https://images.wsdot.wa.gov/nw/405vc00034.jpg","refreshMs":30000,"attribution":"Ora (Warner Varnado) · WSDOT"}},{"type":"Feature","geometry":{"type":"Point","coordinates":[-122.254269,47.461764]},"properties":{"id":"ora-wa-92","name":"I-405 at MP 0.5: Andover Park W","state":"WA","provider":"WSDOT","hls":null,"snapshot":"https://images.wsdot.wa.gov/nw/405vc00052.jpg","refreshMs":30000,"attribution":"Ora (Warner Varnado) · WSDOT"}},{"type":"Feature","geometry":{"type":"Point","coordinates":[-122.247465,47.463134]},"properties":{"id":"ora-wa-93","name":"I-405 at MP 0.8: West Valley Hwy (SR 181)","state":"WA","provider":"WSDOT","hls":null,"snapshot":"https://images.wsdot.wa.gov/nw/405vc00088.jpg","refreshMs":30000,"attribution":"Ora (Warner Varnado) · WSDOT"}},{"type":"Feature","geometry":{"type":"Point","coordinates":[-122.237351,47.466314]},"properties":{"id":"ora-wa-94","name":"I-405 at MP 1.4: Longacres Dr","state":"WA","provider":"WSDOT","hls":null,"snapshot":"https://images.wsdot.wa.gov/nw/405vc00140.jpg","refreshMs":30000,"attribution":"Ora (Warner Varnado) · WSDOT"}},{"type":"Feature","geometry":{"type":"Point","coordinates":[-122.232709,47.467122]},"properties":{"id":"ora-wa-95","name":"I-405 at MP 1.6: Oakesdale Ave","state":"WA","provider":"WSDOT","hls":null,"snapshot":"https://images.wsdot.wa.gov/nw/405vc00163.jpg","refreshMs":30000,"attribution":"Ora (Warner Varnado) · WSDOT"}},{"type":"Feature","geometry":{"type":"Point","coordinates":[-122.215182,47.467855]},"properties":{"id":"ora-wa-96","name":"I-405 at MP 2.4: SR 167, East","state":"WA","provider":"WSDOT","hls":null,"snapshot":"https://images.wsdot.wa.gov/nw/405vc00245.jpg","refreshMs":30000,"attribution":"Ora (Warner Varnado) · WSDOT"}},{"type":"Feature","geometry":{"type":"Point","coordinates":[-122.218697,47.468042]},"properties":{"id":"ora-wa-97","name":"I-405 at MP 2.2: SR 167 Interchange","state":"WA","provider":"WSDOT","hls":null,"snapshot":"https://images.wsdot.wa.gov/nw/405vc00229.jpg","refreshMs":30000,"attribution":"Ora (Warner Varnado) · WSDOT"}},{"type":"Feature","geometry":{"type":"Point","coordinates":[-122.208325,47.468789]},"properties":{"id":"ora-wa-98","name":"I-405 at MP 2.7: Talbot Rd S","state":"WA","provider":"WSDOT","hls":null,"snapshot":"https://images.wsdot.wa.gov/nw/405vc00277.jpg","refreshMs":30000,"attribution":"Ora (Warner Varnado) · WSDOT"}},{"type":"Feature","geometry":{"type":"Point","coordinates":[-122.204335,47.471498]},"properties":{"id":"ora-wa-99","name":"I-405 at MP 3: S 10th St","state":"WA","provider":"WSDOT","hls":null,"snapshot":"https://images.wsdot.wa.gov/nw/405vc00304.jpg","refreshMs":30000,"attribution":"Ora (Warner Varnado) · WSDOT"}},{"type":"Feature","geometry":{"type":"Point","coordinates":[-122.203266,47.477447]},"properties":{"id":"ora-wa-100","name":"I-405 at MP 3.4: S 5th St","state":"WA","provider":"WSDOT","hls":null,"snapshot":"https://images.wsdot.wa.gov/nw/405vc00345.jpg","refreshMs":30000,"attribution":"Ora (Warner Varnado) · WSDOT"}},{"type":"Feature","geometry":{"type":"Point","coordinates":[-122.200979,47.479852]},"properties":{"id":"ora-wa-101","name":"I-405 at MP 3.6: S 3rd St","state":"WA","provider":"WSDOT","hls":null,"snapshot":"https://images.wsdot.wa.gov/nw/405vc00364.jpg","refreshMs":30000,"attribution":"Ora (Warner Varnado) · WSDOT"}},{"type":"Feature","geometry":{"type":"Point","coordinates":[-122.207721,47.468396]},"properties":{"id":"ora-wa-102","name":"I-405 at MP 2.8: Talbot Rd, NB Ramp","state":"WA","provider":"WSDOT","hls":null,"snapshot":"https://images.wsdot.wa.gov/nw/405vc00279.jpg","refreshMs":30000,"attribution":"Ora (Warner Varnado) · WSDOT"}},{"type":"Feature","geometry":{"type":"Point","coordinates":[-122.194756,47.485715]},"properties":{"id":"ora-wa-103","name":"I-405 at MP 4.1: SR 169 Interchange","state":"WA","provider":"WSDOT","hls":null,"snapshot":"https://images.wsdot.wa.gov/nw/405vc00417.jpg","refreshMs":30000,"attribution":"Ora (Warner Varnado) · WSDOT"}},{"type":"Feature","geometry":{"type":"Point","coordinates":[-122.195618,47.48363]},"properties":{"id":"ora-wa-104","name":"I-405 at MP 4: SR 169, NB Ramps","state":"WA","provider":"WSDOT","hls":null,"snapshot":"https://images.wsdot.wa.gov/nw/405vc00402.jpg","refreshMs":30000,"attribution":"Ora (Warner Varnado) · WSDOT"}},{"type":"Feature","geometry":{"type":"Point","coordinates":[-122.191893,47.493607]},"properties":{"id":"ora-wa-105","name":"I-405 at MP 4.7: Sunset Blvd","state":"WA","provider":"WSDOT","hls":null,"snapshot":"https://images.wsdot.wa.gov/nw/405vc00475.jpg","refreshMs":30000,"attribution":"Ora (Warner Varnado) · WSDOT"}},{"type":"Feature","geometry":{"type":"Point","coordinates":[-122.196941,47.484093]},"properties":{"id":"ora-wa-106","name":"I-405 at MP 4: SR 169, SB Ramps","state":"WA","provider":"WSDOT","hls":null,"snapshot":"https://images.wsdot.wa.gov/nw/405vc00397.jpg","refreshMs":30000,"attribution":"Ora (Warner Varnado) · WSDOT"}},{"type":"Feature","geometry":{"type":"Point","coordinates":[-122.196327,47.501978]},"properties":{"id":"ora-wa-107","name":"I-405 at MP 5.3: NE Park Dr","state":"WA","provider":"WSDOT","hls":null,"snapshot":"https://images.wsdot.wa.gov/nw/405vc00537.jpg","refreshMs":30000,"attribution":"Ora (Warner Varnado) · WSDOT"}},{"type":"Feature","geometry":{"type":"Point","coordinates":[-122.198589,47.512402]},"properties":{"id":"ora-wa-108","name":"I-405 at MP 6: NE 24th St","state":"WA","provider":"WSDOT","hls":null,"snapshot":"https://images.wsdot.wa.gov/nw/405vc00602.jpg","refreshMs":30000,"attribution":"Ora (Warner Varnado) · WSDOT"}},{"type":"Feature","geometry":{"type":"Point","coordinates":[-122.198357,47.518595]},"properties":{"id":"ora-wa-109","name":"I-405 at MP 6.5: NE 30th St","state":"WA","provider":"WSDOT","hls":null,"snapshot":"https://images.wsdot.wa.gov/nw/405vc00652.jpg","refreshMs":30000,"attribution":"Ora (Warner Varnado) · WSDOT"}},{"type":"Feature","geometry":{"type":"Point","coordinates":[-122.197369,47.53226]},"properties":{"id":"ora-wa-110","name":"I-405 at MP 7.4: NE 44th St","state":"WA","provider":"WSDOT","hls":null,"snapshot":"https://images.wsdot.wa.gov/nw/405vc00747.jpg","refreshMs":30000,"attribution":"Ora (Warner Varnado) · WSDOT"}},{"type":"Feature","geometry":{"type":"Point","coordinates":[-122.194676,47.539458]},"properties":{"id":"ora-wa-111","name":"I-405 at MP 8: SE 71st St","state":"WA","provider":"WSDOT","hls":null,"snapshot":"https://images.wsdot.wa.gov/nw/405vc00800.jpg","refreshMs":30000,"attribution":"Ora (Warner Varnado) · WSDOT"}},{"type":"Feature","geometry":{"type":"Point","coordinates":[-122.195396,47.545226]},"properties":{"id":"ora-wa-112","name":"I-405 at MP 8.4: SE 64th St","state":"WA","provider":"WSDOT","hls":null,"snapshot":"https://images.wsdot.wa.gov/nw/405vc00840.jpg","refreshMs":30000,"attribution":"Ora (Warner Varnado) · WSDOT"}},{"type":"Feature","geometry":{"type":"Point","coordinates":[-122.193595,47.552146]},"properties":{"id":"ora-wa-113","name":"I-405 at MP 8.8: SE 59th St","state":"WA","provider":"WSDOT","hls":null,"snapshot":"https://images.wsdot.wa.gov/nw/405vc00889.jpg","refreshMs":30000,"attribution":"Ora (Warner Varnado) · WSDOT"}},{"type":"Feature","geometry":{"type":"Point","coordinates":[-122.189986,47.556913]},"properties":{"id":"ora-wa-114","name":"I-405 at MP 9.2: 112th Ave SE","state":"WA","provider":"WSDOT","hls":null,"snapshot":"https://images.wsdot.wa.gov/nw/405vc00926.jpg","refreshMs":30000,"attribution":"Ora (Warner Varnado) · WSDOT"}},{"type":"Feature","geometry":{"type":"Point","coordinates":[-122.179611,47.567436]},"properties":{"id":"ora-wa-115","name":"I-405 at MP 10.1: Coal Creek Pkwy","state":"WA","provider":"WSDOT","hls":null,"snapshot":"https://images.wsdot.wa.gov/nw/405vc01016.jpg","refreshMs":30000,"attribution":"Ora (Warner Varnado) · WSDOT"}},{"type":"Feature","geometry":{"type":"Point","coordinates":[-122.186536,47.564612]},"properties":{"id":"ora-wa-116","name":"I-405 at MP 9.8: SE 46th St","state":"WA","provider":"WSDOT","hls":null,"snapshot":"https://images.wsdot.wa.gov/nw/405vc00980.jpg","refreshMs":30000,"attribution":"Ora (Warner Varnado) · WSDOT"}},{"type":"Feature","geometry":{"type":"Point","coordinates":[-122.174119,47.57939]},"properties":{"id":"ora-wa-117","name":"I-405 at MP 11: I-90 Interchange SE Quad","state":"WA","provider":"WSDOT","hls":null,"snapshot":"https://images.wsdot.wa.gov/nw/405vc01105.jpg","refreshMs":30000,"attribution":"Ora (Warner Varnado) · WSDOT"}},{"type":"Feature","geometry":{"type":"Point","coordinates":[-122.174141,47.579539]},"properties":{"id":"ora-wa-118","name":"I-405 at MP 11: I-90 Interchange (Factoria)","state":"WA","provider":"WSDOT","hls":null,"snapshot":"https://images.wsdot.wa.gov/nw/405vc01106.jpg","refreshMs":30000,"attribution":"Ora (Warner Varnado) · WSDOT"}},{"type":"Feature","geometry":{"type":"Point","coordinates":[-122.176496,47.573861]},"properties":{"id":"ora-wa-119","name":"I-405 at MP 10.6: SE 40th St","state":"WA","provider":"WSDOT","hls":null,"snapshot":"https://images.wsdot.wa.gov/nw/405vc01066.jpg","refreshMs":30000,"attribution":"Ora (Warner Varnado) · WSDOT"}},{"type":"Feature","geometry":{"type":"Point","coordinates":[-122.175711,47.58111]},"properties":{"id":"ora-wa-120","name":"I-405 at MP 11.1: I-90 Interchange, NW Quadrant","state":"WA","provider":"WSDOT","hls":null,"snapshot":"https://images.wsdot.wa.gov/nw/405vc01118.jpg","refreshMs":30000,"attribution":"Ora (Warner Varnado) · WSDOT"}},{"type":"Feature","geometry":{"type":"Point","coordinates":[-122.17503,47.582028]},"properties":{"id":"ora-wa-121","name":"I-405 at MP 11.2: Richards Rd","state":"WA","provider":"WSDOT","hls":null,"snapshot":"https://images.wsdot.wa.gov/nw/405vc01121.jpg","refreshMs":30000,"attribution":"Ora (Warner Varnado) · WSDOT"}},{"type":"Feature","geometry":{"type":"Point","coordinates":[-122.181121,47.590911]},"properties":{"id":"ora-wa-122","name":"I-405 at MP 11.9: SE 20th St, SB","state":"WA","provider":"WSDOT","hls":null,"snapshot":"https://images.wsdot.wa.gov/nw/405vc01194.jpg","refreshMs":30000,"attribution":"Ora (Warner Varnado) · WSDOT"}},{"type":"Feature","geometry":{"type":"Point","coordinates":[-122.181529,47.600898]},"properties":{"id":"ora-wa-123","name":"I-405 at MP 12.6: SE 9th Pl","state":"WA","provider":"WSDOT","hls":null,"snapshot":"https://images.wsdot.wa.gov/nw/405vc01261.jpg","refreshMs":30000,"attribution":"Ora (Warner Varnado) · WSDOT"}},{"type":"Feature","geometry":{"type":"Point","coordinates":[-122.184775,47.604222]},"properties":{"id":"ora-wa-124","name":"I-405 at MP 12.8: SE 8th St","state":"WA","provider":"WSDOT","hls":null,"snapshot":"https://images.wsdot.wa.gov/nw/405vc01286.jpg","refreshMs":30000,"attribution":"Ora (Warner Varnado) · WSDOT"}},{"type":"Feature","geometry":{"type":"Point","coordinates":[-122.180485,47.592178]},"properties":{"id":"ora-wa-125","name":"I-405 at MP 12: SE 20th St, NB","state":"WA","provider":"WSDOT","hls":null,"snapshot":"https://images.wsdot.wa.gov/nw/405vc01198.jpg","refreshMs":30000,"attribution":"Ora (Warner Varnado) · WSDOT"}},{"type":"Feature","geometry":{"type":"Point","coordinates":[-122.187935,47.608672]},"properties":{"id":"ora-wa-126","name":"I-405 @ MP 13.2: SE 1st St","state":"WA","provider":"WSDOT","hls":null,"snapshot":"https://images.wsdot.wa.gov/nw/405vc01321.jpg","refreshMs":30000,"attribution":"Ora (Warner Varnado) · WSDOT"}},{"type":"Feature","geometry":{"type":"Point","coordinates":[-122.188484,47.612034]},"properties":{"id":"ora-wa-127","name":"I-405 @ MP 13.5: NE 2nd Pl","state":"WA","provider":"WSDOT","hls":null,"snapshot":"https://images.wsdot.wa.gov/nw/405vc01345.jpg","refreshMs":30000,"attribution":"Ora (Warner Varnado) · WSDOT"}},{"type":"Feature","geometry":{"type":"Point","coordinates":[-122.188434,47.613423]},"properties":{"id":"ora-wa-128","name":"I-405 at MP 13.5: NE 4th St","state":"WA","provider":"WSDOT","hls":null,"snapshot":"https://images.wsdot.wa.gov/nw/405vc01355.jpg","refreshMs":30000,"attribution":"Ora (Warner Varnado) · WSDOT"}},{"type":"Feature","geometry":{"type":"Point","coordinates":[-122.188479,47.615308]},"properties":{"id":"ora-wa-129","name":"I-405 at MP 13.6: NE 6th St","state":"WA","provider":"WSDOT","hls":null,"snapshot":"https://images.wsdot.wa.gov/nw/405vc01368.jpg","refreshMs":30000,"attribution":"Ora (Warner Varnado) · WSDOT"}},{"type":"Feature","geometry":{"type":"Point","coordinates":[-122.188068,47.616353]},"properties":{"id":"ora-wa-130","name":"I-405 at MP 13.7: NE 7th St, East","state":"WA","provider":"WSDOT","hls":null,"snapshot":"https://images.wsdot.wa.gov/nw/405vc01370.jpg","refreshMs":30000,"attribution":"Ora (Warner Varnado) · WSDOT"}},{"type":"Feature","geometry":{"type":"Point","coordinates":[-122.189355,47.615841]},"properties":{"id":"ora-wa-131","name":"I-405 at MP 13.7: NE 7th St, West","state":"WA","provider":"WSDOT","hls":null,"snapshot":"https://images.wsdot.wa.gov/nw/405vc01374.jpg","refreshMs":30000,"attribution":"Ora (Warner Varnado) · WSDOT"}},{"type":"Feature","geometry":{"type":"Point","coordinates":[-122.188531,47.617487]},"properties":{"id":"ora-wa-132","name":"I-405 at MP 13.8: NE 8th St","state":"WA","provider":"WSDOT","hls":null,"snapshot":"https://images.wsdot.wa.gov/nw/405vc01383.jpg","refreshMs":30000,"attribution":"Ora (Warner Varnado) · WSDOT"}},{"type":"Feature","geometry":{"type":"Point","coordinates":[-122.188549,47.618801]},"properties":{"id":"ora-wa-133","name":"I-405 at MP 13.9: NE 9th St","state":"WA","provider":"WSDOT","hls":null,"snapshot":"https://images.wsdot.wa.gov/nw/405vc01392.jpg","refreshMs":30000,"attribution":"Ora (Warner Varnado) · WSDOT"}},{"type":"Feature","geometry":{"type":"Point","coordinates":[-122.188554,47.619677]},"properties":{"id":"ora-wa-134","name":"I-405 at MP 13.9: NE 10th St","state":"WA","provider":"WSDOT","hls":null,"snapshot":"https://images.wsdot.wa.gov/nw/405vc01398.jpg","refreshMs":30000,"attribution":"Ora (Warner Varnado) · WSDOT"}},{"type":"Feature","geometry":{"type":"Point","coordinates":[-122.188554,47.623931]},"properties":{"id":"ora-wa-135","name":"I-405 at MP 14.2: NE 14th St","state":"WA","provider":"WSDOT","hls":null,"snapshot":"https://images.wsdot.wa.gov/nw/405vc01427.jpg","refreshMs":30000,"attribution":"Ora (Warner Varnado) · WSDOT"}},{"type":"Feature","geometry":{"type":"Point","coordinates":[-122.188465,47.628397]},"properties":{"id":"ora-wa-136","name":"I-405 at MP 14.5: NE 20th St","state":"WA","provider":"WSDOT","hls":null,"snapshot":"https://images.wsdot.wa.gov/nw/405vc01458.jpg","refreshMs":30000,"attribution":"Ora (Warner Varnado) · WSDOT"}},{"type":"Feature","geometry":{"type":"Point","coordinates":[-122.188235,47.629968]},"properties":{"id":"ora-wa-137","name":"I-405 at MP 14.6: NE 22nd St","state":"WA","provider":"WSDOT","hls":null,"snapshot":"https://images.wsdot.wa.gov/nw/405vc01469.jpg","refreshMs":30000,"attribution":"Ora (Warner Varnado) · WSDOT"}},{"type":"Feature","geometry":{"type":"Point","coordinates":[-122.187799,47.631932]},"properties":{"id":"ora-wa-138","name":"I-405 at MP 14.8: SR 520 Interchange","state":"WA","provider":"WSDOT","hls":null,"snapshot":"https://images.wsdot.wa.gov/nw/405vc01483.jpg","refreshMs":30000,"attribution":"Ora (Warner Varnado) · WSDOT"}},{"type":"Feature","geometry":{"type":"Point","coordinates":[-122.188242,47.63304]},"properties":{"id":"ora-wa-139","name":"I-405 at MP 14.9: Northup Way","state":"WA","provider":"WSDOT","hls":null,"snapshot":"https://images.wsdot.wa.gov/nw/405vc01492.jpg","refreshMs":30000,"attribution":"Ora (Warner Varnado) · WSDOT"}},{"type":"Feature","geometry":{"type":"Point","coordinates":[-122.186765,47.64515]},"properties":{"id":"ora-wa-140","name":"I-405 at MP 15.7: NE 39th St","state":"WA","provider":"WSDOT","hls":null,"snapshot":"https://images.wsdot.wa.gov/nw/405vc01575.jpg","refreshMs":30000,"attribution":"Ora (Warner Varnado) · WSDOT"}},{"type":"Feature","geometry":{"type":"Point","coordinates":[-122.186842,47.652999]},"properties":{"id":"ora-wa-141","name":"I-405 at MP 16.3: NE 48th St","state":"WA","provider":"WSDOT","hls":null,"snapshot":"https://images.wsdot.wa.gov/nw/405vc01629.jpg","refreshMs":30000,"attribution":"Ora (Warner Varnado) · WSDOT"}},{"type":"Feature","geometry":{"type":"Point","coordinates":[-122.188042,47.66843]},"properties":{"id":"ora-wa-142","name":"I-405 at MP 17.3: NE 70th,SB Ramps","state":"WA","provider":"WSDOT","hls":null,"snapshot":"https://images.wsdot.wa.gov/nw/405vc01736.jpg","refreshMs":30000,"attribution":"Ora (Warner Varnado) · WSDOT"}},{"type":"Feature","geometry":{"type":"Point","coordinates":[-122.18687,47.659686]},"properties":{"id":"ora-wa-143","name":"I-405 at MP 16.7: NE 59th St","state":"WA","provider":"WSDOT","hls":null,"snapshot":"https://images.wsdot.wa.gov/nw/405vc01675.jpg","refreshMs":30000,"attribution":"Ora (Warner Varnado) · WSDOT"}},{"type":"Feature","geometry":{"type":"Point","coordinates":[-122.187438,47.669376]},"properties":{"id":"ora-wa-144","name":"I-405 at MP 17.4: NE 70th Pl","state":"WA","provider":"WSDOT","hls":null,"snapshot":"https://images.wsdot.wa.gov/nw/405vc01742.jpg","refreshMs":30000,"attribution":"Ora (Warner Varnado) · WSDOT"}},{"type":"Feature","geometry":{"type":"Point","coordinates":[-122.186797,47.669802]},"properties":{"id":"ora-wa-145","name":"I-405 at MP 17.4: NE 70th,NB Ramps","state":"WA","provider":"WSDOT","hls":null,"snapshot":"https://images.wsdot.wa.gov/nw/405vc01745.jpg","refreshMs":30000,"attribution":"Ora (Warner Varnado) · WSDOT"}},{"type":"Feature","geometry":{"type":"Point","coordinates":[-122.186199,47.672264]},"properties":{"id":"ora-wa-146","name":"I-405 at MP 17.6: NE 75th St","state":"WA","provider":"WSDOT","hls":null,"snapshot":"https://images.wsdot.wa.gov/nw/405vc01762.jpg","refreshMs":30000,"attribution":"Ora (Warner Varnado) · WSDOT"}},{"type":"Feature","geometry":{"type":"Point","coordinates":[-122.186473,47.67903]},"properties":{"id":"ora-wa-147","name":"I-405 @ MP 18.1: NE 85th St, SB Ramps","state":"WA","provider":"WSDOT","hls":null,"snapshot":"https://images.wsdot.wa.gov/nw/405vc01812.jpg","refreshMs":30000,"attribution":"Ora (Warner Varnado) · WSDOT"}},{"type":"Feature","geometry":{"type":"Point","coordinates":[-122.185064,47.677334]},"properties":{"id":"ora-wa-148","name":"I-405 at MP 18: NE 85th, SW Quad","state":"WA","provider":"WSDOT","hls":null,"snapshot":"https://images.wsdot.wa.gov/nw/405vc01808.jpg","refreshMs":30000,"attribution":"Ora (Warner Varnado) · WSDOT"}},{"type":"Feature","geometry":{"type":"Point","coordinates":[-122.183902,47.680384]},"properties":{"id":"ora-wa-149","name":"I-405 at MP 18.2: NE 85th, NE Quad","state":"WA","provider":"WSDOT","hls":null,"snapshot":"https://images.wsdot.wa.gov/nw/405vc01820.jpg","refreshMs":30000,"attribution":"Ora (Warner Varnado) · WSDOT"}},{"type":"Feature","geometry":{"type":"Point","coordinates":[-122.181787,47.688432]},"properties":{"id":"ora-wa-150","name":"I-405 at MP 18.7: NE 98th St","state":"WA","provider":"WSDOT","hls":null,"snapshot":"https://images.wsdot.wa.gov/nw/405vc01876.jpg","refreshMs":30000,"attribution":"Ora (Warner Varnado) · WSDOT"}},{"type":"Feature","geometry":{"type":"Point","coordinates":[-122.181355,47.690013]},"properties":{"id":"ora-wa-151","name":"I-405 at MP 18.8: NE 100th St","state":"WA","provider":"WSDOT","hls":null,"snapshot":"https://images.wsdot.wa.gov/nw/405vc01887.jpg","refreshMs":30000,"attribution":"Ora (Warner Varnado) · WSDOT"}},{"type":"Feature","geometry":{"type":"Point","coordinates":[-122.180868,47.6965]},"properties":{"id":"ora-wa-152","name":"I-405 at MP 19.3: NE 108th St","state":"WA","provider":"WSDOT","hls":null,"snapshot":"https://images.wsdot.wa.gov/nw/405vc01932.jpg","refreshMs":30000,"attribution":"Ora (Warner Varnado) · WSDOT"}},{"type":"Feature","geometry":{"type":"Point","coordinates":[-122.179256,47.703676]},"properties":{"id":"ora-wa-153","name":"I-405 at MP 19.8: NE 116th St, SPUI","state":"WA","provider":"WSDOT","hls":null,"snapshot":"https://images.wsdot.wa.gov/nw/405vc01983.jpg","refreshMs":30000,"attribution":"Ora (Warner Varnado) · WSDOT"}},{"type":"Feature","geometry":{"type":"Point","coordinates":[-122.179383,47.704342]},"properties":{"id":"ora-wa-154","name":"I-405 at MP 19.8: NE 116th St","state":"WA","provider":"WSDOT","hls":null,"snapshot":"https://images.wsdot.wa.gov/nw/405vc01987.jpg","refreshMs":30000,"attribution":"Ora (Warner Varnado) · WSDOT"}},{"type":"Feature","geometry":{"type":"Point","coordinates":[-122.182268,47.709988]},"properties":{"id":"ora-wa-155","name":"I-405 at MP 20.3: NE 124th St","state":"WA","provider":"WSDOT","hls":null,"snapshot":"https://images.wsdot.wa.gov/nw/405vc02030.jpg","refreshMs":30000,"attribution":"Ora (Warner Varnado) · WSDOT"}},{"type":"Feature","geometry":{"type":"Point","coordinates":[-122.180646,47.707268]},"properties":{"id":"ora-wa-156","name":"I-405 at MP 20.1: NE 120th St","state":"WA","provider":"WSDOT","hls":null,"snapshot":"https://images.wsdot.wa.gov/nw/405vc02010.jpg","refreshMs":30000,"attribution":"Ora (Warner Varnado) · WSDOT"}},{"type":"Feature","geometry":{"type":"Point","coordinates":[-122.180591,47.709627]},"properties":{"id":"ora-wa-157","name":"I-405 at MP 20.2: NE 124th St, NB Ramps","state":"WA","provider":"WSDOT","hls":null,"snapshot":"https://images.wsdot.wa.gov/nw/405vc02021.jpg","refreshMs":30000,"attribution":"Ora (Warner Varnado) · WSDOT"}},{"type":"Feature","geometry":{"type":"Point","coordinates":[-122.186322,47.711293]},"properties":{"id":"ora-wa-158","name":"I-405 at MP 20.4: NE 124th St, SB Ramps","state":"WA","provider":"WSDOT","hls":null,"snapshot":"https://images.wsdot.wa.gov/nw/405vc02041.jpg","refreshMs":30000,"attribution":"Ora (Warner Varnado) · WSDOT"}},{"type":"Feature","geometry":{"type":"Point","coordinates":[-122.185129,47.714982]},"properties":{"id":"ora-wa-159","name":"I-405 at MP 20.6: NE 128th St","state":"WA","provider":"WSDOT","hls":null,"snapshot":"https://images.wsdot.wa.gov/nw/405vc02066.jpg","refreshMs":30000,"attribution":"Ora (Warner Varnado) · WSDOT"}},{"type":"Feature","geometry":{"type":"Point","coordinates":[-122.188321,47.731342]},"properties":{"id":"ora-wa-160","name":"I-405 at MP 21.8: NE 144th St","state":"WA","provider":"WSDOT","hls":null,"snapshot":"https://images.wsdot.wa.gov/nw/405vc02182.jpg","refreshMs":30000,"attribution":"Ora (Warner Varnado) · WSDOT"}},{"type":"Feature","geometry":{"type":"Point","coordinates":[-122.189593,47.724313]},"properties":{"id":"ora-wa-161","name":"I-405 at MP 21.3: NE 139th St","state":"WA","provider":"WSDOT","hls":null,"snapshot":"https://images.wsdot.wa.gov/nw/405vc02132.jpg","refreshMs":30000,"attribution":"Ora (Warner Varnado) · WSDOT"}},{"type":"Feature","geometry":{"type":"Point","coordinates":[-122.188253,47.719121]},"properties":{"id":"ora-wa-162","name":"I-405 at MP 21: NE 132nd St, West","state":"WA","provider":"WSDOT","hls":null,"snapshot":"https://images.wsdot.wa.gov/nw/405vc02103.jpg","refreshMs":30000,"attribution":"Ora (Warner Varnado) · WSDOT"}},{"type":"Feature","geometry":{"type":"Point","coordinates":[-122.187617,47.719595]},"properties":{"id":"ora-wa-163","name":"I-405 at MP 20.9: NE 132nd St, East","state":"WA","provider":"WSDOT","hls":null,"snapshot":"https://images.wsdot.wa.gov/nw/405vc02093.jpg","refreshMs":30000,"attribution":"Ora (Warner Varnado) · WSDOT"}},{"type":"Feature","geometry":{"type":"Point","coordinates":[-122.186913,47.74199]},"properties":{"id":"ora-wa-164","name":"I-405 at MP 22.5: NE 160th St","state":"WA","provider":"WSDOT","hls":null,"snapshot":"https://images.wsdot.wa.gov/nw/405vc02256.jpg","refreshMs":30000,"attribution":"Ora (Warner Varnado) · WSDOT"}},{"type":"Feature","geometry":{"type":"Point","coordinates":[-122.184242,47.757772]},"properties":{"id":"ora-wa-165","name":"I-405 at MP 23.6: SR 522 Interchange","state":"WA","provider":"WSDOT","hls":null,"snapshot":"https://images.wsdot.wa.gov/nw/405vc02371.jpg","refreshMs":30000,"attribution":"Ora (Warner Varnado) · WSDOT"}},{"type":"Feature","geometry":{"type":"Point","coordinates":[-122.186192,47.753527]},"properties":{"id":"ora-wa-166","name":"I-405 at MP 23.3: NE 175th St","state":"WA","provider":"WSDOT","hls":null,"snapshot":"https://images.wsdot.wa.gov/nw/405vc02337.jpg","refreshMs":30000,"attribution":"Ora (Warner Varnado) · WSDOT"}},{"type":"Feature","geometry":{"type":"Point","coordinates":[-122.186767,47.745893]},"properties":{"id":"ora-wa-167","name":"I-405 at MP 22.8: NE 163rd St","state":"WA","provider":"WSDOT","hls":null,"snapshot":"https://images.wsdot.wa.gov/nw/405vc02283.jpg","refreshMs":30000,"attribution":"Ora (Warner Varnado) · WSDOT"}},{"type":"Feature","geometry":{"type":"Point","coordinates":[-122.186566,47.746699]},"properties":{"id":"ora-wa-168","name":"I-405 at MP 22.8: NE 164th St","state":"WA","provider":"WSDOT","hls":null,"snapshot":"https://images.wsdot.wa.gov/nw/405vc02288.jpg","refreshMs":30000,"attribution":"Ora (Warner Varnado) · WSDOT"}},{"type":"Feature","geometry":{"type":"Point","coordinates":[-122.189462,47.769271]},"properties":{"id":"ora-wa-169","name":"I-405 at MP 24.5: NE 195th St","state":"WA","provider":"WSDOT","hls":null,"snapshot":"https://images.wsdot.wa.gov/nw/405vc02452.jpg","refreshMs":30000,"attribution":"Ora (Warner Varnado) · WSDOT"}},{"type":"Feature","geometry":{"type":"Point","coordinates":[-122.184178,47.761354]},"properties":{"id":"ora-wa-170","name":"I-405 at MP 23.9: NE 183rd St","state":"WA","provider":"WSDOT","hls":null,"snapshot":"https://images.wsdot.wa.gov/nw/405vc02393.jpg","refreshMs":30000,"attribution":"Ora (Warner Varnado) · WSDOT"}},{"type":"Feature","geometry":{"type":"Point","coordinates":[-122.195618,47.783062]},"properties":{"id":"ora-wa-171","name":"I-405 at MP 25.5: 236th St SE, SB","state":"WA","provider":"WSDOT","hls":null,"snapshot":"https://images.wsdot.wa.gov/nw/405vc02553.jpg","refreshMs":30000,"attribution":"Ora (Warner Varnado) · WSDOT"}},{"type":"Feature","geometry":{"type":"Point","coordinates":[-122.191715,47.777519]},"properties":{"id":"ora-wa-172","name":"I-405 at MP 25.1: 243rd St SE","state":"WA","provider":"WSDOT","hls":null,"snapshot":"https://images.wsdot.wa.gov/nw/405vc02510.jpg","refreshMs":30000,"attribution":"Ora (Warner Varnado) · WSDOT"}},{"type":"Feature","geometry":{"type":"Point","coordinates":[-122.195425,47.784748]},"properties":{"id":"ora-wa-173","name":"I-405 at MP 25.6: 236th St SE, NB","state":"WA","provider":"WSDOT","hls":null,"snapshot":"https://images.wsdot.wa.gov/nw/405vc02563.jpg","refreshMs":30000,"attribution":"Ora (Warner Varnado) · WSDOT"}},{"type":"Feature","geometry":{"type":"Point","coordinates":[-122.200127,47.787856]},"properties":{"id":"ora-wa-174","name":"I-405 at MP 25.9: 232nd St SE","state":"WA","provider":"WSDOT","hls":null,"snapshot":"https://images.wsdot.wa.gov/nw/405vc02594.jpg","refreshMs":30000,"attribution":"Ora (Warner Varnado) · WSDOT"}},{"type":"Feature","geometry":{"type":"Point","coordinates":[-122.212162,47.793975]},"properties":{"id":"ora-wa-175","name":"I-405 at MP 26.6: SR 527, Westside","state":"WA","provider":"WSDOT","hls":null,"snapshot":"https://images.wsdot.wa.gov/nw/405vc02665.jpg","refreshMs":30000,"attribution":"Ora (Warner Varnado) · WSDOT"}},{"type":"Feature","geometry":{"type":"Point","coordinates":[-122.204233,47.789947]},"properties":{"id":"ora-wa-176","name":"I-405 at MP 26.1: 230th St SE","state":"WA","provider":"WSDOT","hls":null,"snapshot":"https://images.wsdot.wa.gov/nw/405vc02618.jpg","refreshMs":30000,"attribution":"Ora (Warner Varnado) · WSDOT"}},{"type":"Feature","geometry":{"type":"Point","coordinates":[-122.213975,47.794892]},"properties":{"id":"ora-wa-177","name":"I-405 at MP 26.7: SR 527, Median","state":"WA","provider":"WSDOT","hls":null,"snapshot":"https://images.wsdot.wa.gov/nw/405vc02674.jpg","refreshMs":30000,"attribution":"Ora (Warner Varnado) · WSDOT"}},{"type":"Feature","geometry":{"type":"Point","coordinates":[-122.225619,47.801376]},"properties":{"id":"ora-wa-178","name":"I-405 at MP 27.4: 216th St SE, SB","state":"WA","provider":"WSDOT","hls":null,"snapshot":"https://images.wsdot.wa.gov/nw/405vc02745.jpg","refreshMs":30000,"attribution":"Ora (Warner Varnado) · WSDOT"}},{"type":"Feature","geometry":{"type":"Point","coordinates":[-122.219855,47.797719]},"properties":{"id":"ora-wa-179","name":"I-405 at MP 27: 220th St SE","state":"WA","provider":"WSDOT","hls":null,"snapshot":"https://images.wsdot.wa.gov/nw/405vc02708.jpg","refreshMs":30000,"attribution":"Ora (Warner Varnado) · WSDOT"}},{"type":"Feature","geometry":{"type":"Point","coordinates":[-122.225764,47.803847]},"properties":{"id":"ora-wa-180","name":"I-405 at MP 27.6: 213th St SE","state":"WA","provider":"WSDOT","hls":null,"snapshot":"https://images.wsdot.wa.gov/nw/405vc02760.jpg","refreshMs":30000,"attribution":"Ora (Warner Varnado) · WSDOT"}},{"type":"Feature","geometry":{"type":"Point","coordinates":[-122.224748,47.801935]},"properties":{"id":"ora-wa-181","name":"I-405 at MP 27.4: 216th St SE, NB","state":"WA","provider":"WSDOT","hls":null,"snapshot":"https://images.wsdot.wa.gov/nw/405vc02746.jpg","refreshMs":30000,"attribution":"Ora (Warner Varnado) · WSDOT"}},{"type":"Feature","geometry":{"type":"Point","coordinates":[-122.231287,47.812238]},"properties":{"id":"ora-wa-182","name":"I-405 at MP 28.2: 204th St SE, SB","state":"WA","provider":"WSDOT","hls":null,"snapshot":"https://images.wsdot.wa.gov/nw/405vc02826.jpg","refreshMs":30000,"attribution":"Ora (Warner Varnado) · WSDOT"}},{"type":"Feature","geometry":{"type":"Point","coordinates":[-122.229059,47.810142]},"properties":{"id":"ora-wa-183","name":"I-405 at MP 28: Richmond Rd","state":"WA","provider":"WSDOT","hls":null,"snapshot":"https://images.wsdot.wa.gov/nw/405vc02806.jpg","refreshMs":30000,"attribution":"Ora (Warner Varnado) · WSDOT"}},{"type":"Feature","geometry":{"type":"Point","coordinates":[-122.231877,47.814341]},"properties":{"id":"ora-wa-184","name":"I-405 at MP 28.3: 202nd St SE, NB","state":"WA","provider":"WSDOT","hls":null,"snapshot":"https://images.wsdot.wa.gov/nw/405vc02838.jpg","refreshMs":30000,"attribution":"Ora (Warner Varnado) · WSDOT"}},{"type":"Feature","geometry":{"type":"Point","coordinates":[-122.227628,47.807405]},"properties":{"id":"ora-wa-185","name":"I-405 at MP 27.8: 210th St SE, SB","state":"WA","provider":"WSDOT","hls":null,"snapshot":"https://images.wsdot.wa.gov/nw/405vc02786.jpg","refreshMs":30000,"attribution":"Ora (Warner Varnado) · WSDOT"}},{"type":"Feature","geometry":{"type":"Point","coordinates":[-122.241328,47.819541]},"properties":{"id":"ora-wa-186","name":"I-405 at MP 28.9: Damson Rd","state":"WA","provider":"WSDOT","hls":null,"snapshot":"https://images.wsdot.wa.gov/nw/405vc02895.jpg","refreshMs":30000,"attribution":"Ora (Warner Varnado) · WSDOT"}},{"type":"Feature","geometry":{"type":"Point","coordinates":[-122.246334,47.822019]},"properties":{"id":"ora-wa-187","name":"I-405 at MP 29.2: Bing Rd","state":"WA","provider":"WSDOT","hls":null,"snapshot":"https://images.wsdot.wa.gov/nw/405vc02924.jpg","refreshMs":30000,"attribution":"Ora (Warner Varnado) · WSDOT"}},{"type":"Feature","geometry":{"type":"Point","coordinates":[-122.251487,47.823859]},"properties":{"id":"ora-wa-188","name":"I-405 at MP 29.5: Filbert Rd","state":"WA","provider":"WSDOT","hls":null,"snapshot":"https://images.wsdot.wa.gov/nw/405vc02951.jpg","refreshMs":30000,"attribution":"Ora (Warner Varnado) · WSDOT"}},{"type":"Feature","geometry":{"type":"Point","coordinates":[-122.672831,45.622355]},"properties":{"id":"ora-wa-189","name":"I-5 at MP 0.32: Interstate Bridge","state":"WA","provider":"WSDOT","hls":null,"snapshot":"https://images.wsdot.wa.gov/sw/005vc00032.jpg","refreshMs":30000,"attribution":"Ora (Warner Varnado) · WSDOT"}},{"type":"Feature","geometry":{"type":"Point","coordinates":[-122.671489,45.624778]},"properties":{"id":"ora-wa-190","name":"I-5 at MP 0.44: SR 14 / Washington Way Ramp Meter","state":"WA","provider":"WSDOT","hls":null,"snapshot":"https://images.wsdot.wa.gov/sw/005vc00044.jpg","refreshMs":30000,"attribution":"Ora (Warner Varnado) · WSDOT"}},{"type":"Feature","geometry":{"type":"Point","coordinates":[-122.665186,45.631599]},"properties":{"id":"ora-wa-191","name":"I-5 at MP 1.1: Mill Plain Blvd","state":"WA","provider":"WSDOT","hls":null,"snapshot":"https://images.wsdot.wa.gov/sw/005vc00105.jpg","refreshMs":30000,"attribution":"Ora (Warner Varnado) · WSDOT"}},{"type":"Feature","geometry":{"type":"Point","coordinates":[-122.670705,45.624047]},"properties":{"id":"ora-wa-192","name":"I-5 at MP 0.5: SR 14 Interchange","state":"WA","provider":"WSDOT","hls":null,"snapshot":"https://images.wsdot.wa.gov/sw/005vc00050.jpg","refreshMs":30000,"attribution":"Ora (Warner Varnado) · WSDOT"}},{"type":"Feature","geometry":{"type":"Point","coordinates":[-122.662112,45.636344]},"properties":{"id":"ora-wa-193","name":"I-5 at MP 1.4: 19th Street","state":"WA","provider":"WSDOT","hls":null,"snapshot":"https://images.wsdot.wa.gov/sw/005vc00141.jpg","refreshMs":30000,"attribution":"Ora (Warner Varnado) · WSDOT"}},{"type":"Feature","geometry":{"type":"Point","coordinates":[-122.665708,45.628138]},"properties":{"id":"ora-wa-194","name":"I-5 at MP 0.81: Tower View","state":"WA","provider":"WSDOT","hls":null,"snapshot":"https://images.wsdot.wa.gov/sw/005vc00081.jpg","refreshMs":30000,"attribution":"Ora (Warner Varnado) · WSDOT"}},{"type":"Feature","geometry":{"type":"Point","coordinates":[-122.662068,45.642159]},"properties":{"id":"ora-wa-195","name":"I-5 at MP 1.8: 29th St","state":"WA","provider":"WSDOT","hls":null,"snapshot":"https://images.wsdot.wa.gov/sw/005vc00182.jpg","refreshMs":30000,"attribution":"Ora (Warner Varnado) · WSDOT"}},{"type":"Feature","geometry":{"type":"Point","coordinates":[-122.661152,45.638774]},"properties":{"id":"ora-wa-196","name":"I-5 at MP 1.6: 4th Plain Overpass","state":"WA","provider":"WSDOT","hls":null,"snapshot":"https://images.wsdot.wa.gov/sw/005vc00159.jpg","refreshMs":30000,"attribution":"Ora (Warner Varnado) · WSDOT"}},{"type":"Feature","geometry":{"type":"Point","coordinates":[-122.660346,45.64988]},"properties":{"id":"ora-wa-197","name":"I-5 at MP 2.35: 39th St","state":"WA","provider":"WSDOT","hls":null,"snapshot":"https://images.wsdot.wa.gov/sw/005vc00235.jpg","refreshMs":30000,"attribution":"Ora (Warner Varnado) · WSDOT"}},{"type":"Feature","geometry":{"type":"Point","coordinates":[-122.662055,45.646505]},"properties":{"id":"ora-wa-198","name":"I-5 at MP 2.1: 35th St","state":"WA","provider":"WSDOT","hls":null,"snapshot":"https://images.wsdot.wa.gov/sw/005vc00212.jpg","refreshMs":30000,"attribution":"Ora (Warner Varnado) · WSDOT"}},{"type":"Feature","geometry":{"type":"Point","coordinates":[-122.662298,45.639614]},"properties":{"id":"ora-wa-199","name":"I-5 at MP 1.6: Fourth Plain Blvd","state":"WA","provider":"WSDOT","hls":null,"snapshot":"https://images.wsdot.wa.gov/sw/005vc00164.jpg","refreshMs":30000,"attribution":"Ora (Warner Varnado) · WSDOT"}},{"type":"Feature","geometry":{"type":"Point","coordinates":[-122.663691,45.655956]},"properties":{"id":"ora-wa-200","name":"I-5 at MP 2.8: Discovery Trail Crossing","state":"WA","provider":"WSDOT","hls":null,"snapshot":"https://images.wsdot.wa.gov/sw/005vc00279.jpg","refreshMs":30000,"attribution":"Ora (Warner Varnado) · WSDOT"}},{"type":"Feature","geometry":{"type":"Point","coordinates":[-122.665898,45.659428]},"properties":{"id":"ora-wa-201","name":"I-5 at MP 3.2: Main St","state":"WA","provider":"WSDOT","hls":null,"snapshot":"https://images.wsdot.wa.gov/sw/005vc00320.jpg","refreshMs":30000,"attribution":"Ora (Warner Varnado) · WSDOT"}},{"type":"Feature","geometry":{"type":"Point","coordinates":[-122.666306,45.66257]},"properties":{"id":"ora-wa-202","name":"I-5 at MP 3.3: Main St North","state":"WA","provider":"WSDOT","hls":null,"snapshot":"https://images.wsdot.wa.gov/sw/005vc00325.jpg","refreshMs":30000,"attribution":"Ora (Warner Varnado) · WSDOT"}},{"type":"Feature","geometry":{"type":"Point","coordinates":[-122.665394,45.657999]},"properties":{"id":"ora-wa-203","name":"I-5 at MP 2.9: Main St. Ramp meter","state":"WA","provider":"WSDOT","hls":null,"snapshot":"https://images.wsdot.wa.gov/sw/005vc00296.jpg","refreshMs":30000,"attribution":"Ora (Warner Varnado) · WSDOT"}},{"type":"Feature","geometry":{"type":"Point","coordinates":[-122.667275,45.667139]},"properties":{"id":"ora-wa-204","name":"I-5 at MP 3.6: S of 63rd St","state":"WA","provider":"WSDOT","hls":null,"snapshot":"https://images.wsdot.wa.gov/sw/005vc00359.jpg","refreshMs":30000,"attribution":"Ora (Warner Varnado) · WSDOT"}},{"type":"Feature","geometry":{"type":"Point","coordinates":[-122.665273,45.670681]},"properties":{"id":"ora-wa-205","name":"I-5 at MP 3.7: N of 63rd St","state":"WA","provider":"WSDOT","hls":null,"snapshot":"https://images.wsdot.wa.gov/sw/005vc00375.jpg","refreshMs":30000,"attribution":"Ora (Warner Varnado) · WSDOT"}},{"type":"Feature","geometry":{"type":"Point","coordinates":[-122.664833,45.676593]},"properties":{"id":"ora-wa-206","name":"I-5 at MP 4.2: 78th St","state":"WA","provider":"WSDOT","hls":null,"snapshot":"https://images.wsdot.wa.gov/sw/005vc00425.jpg","refreshMs":30000,"attribution":"Ora (Warner Varnado) · WSDOT"}},{"type":"Feature","geometry":{"type":"Point","coordinates":[-122.664888,45.676769]},"properties":{"id":"ora-wa-207","name":"I-5 at MP 4.2: 78th St. Ramp meter","state":"WA","provider":"WSDOT","hls":null,"snapshot":"https://images.wsdot.wa.gov/sw/005vc00426.jpg","refreshMs":30000,"attribution":"Ora (Warner Varnado) · WSDOT"}},{"type":"Feature","geometry":{"type":"Point","coordinates":[-122.662437,45.691424]},"properties":{"id":"ora-wa-208","name":"I-5 at MP 5.4: 99th St","state":"WA","provider":"WSDOT","hls":null,"snapshot":"https://images.wsdot.wa.gov/sw/005vc00546.jpg","refreshMs":30000,"attribution":"Ora (Warner Varnado) · WSDOT"}},{"type":"Feature","geometry":{"type":"Point","coordinates":[-122.664716,45.686294]},"properties":{"id":"ora-wa-209","name":"I-5 at MP 4.9: 86th St","state":"WA","provider":"WSDOT","hls":null,"snapshot":"https://images.wsdot.wa.gov/sw/005vc00491.jpg","refreshMs":30000,"attribution":"Ora (Warner Varnado) · WSDOT"}},{"type":"Feature","geometry":{"type":"Point","coordinates":[-122.654598,45.705228]},"properties":{"id":"ora-wa-210","name":"I-5 at MP 6.3: Salmon Creek","state":"WA","provider":"WSDOT","hls":null,"snapshot":"https://images.wsdot.wa.gov/sw/005vc00631.jpg","refreshMs":30000,"attribution":"Ora (Warner Varnado) · WSDOT"}},{"type":"Feature","geometry":{"type":"Point","coordinates":[-122.652666,45.713117]},"properties":{"id":"ora-wa-211","name":"I-5 at MP 6.9: 129th St","state":"WA","provider":"WSDOT","hls":null,"snapshot":"https://images.wsdot.wa.gov/sw/005vc00691.jpg","refreshMs":30000,"attribution":"Ora (Warner Varnado) · WSDOT"}},{"type":"Feature","geometry":{"type":"Point","coordinates":[-122.655895,45.718132]},"properties":{"id":"ora-wa-212","name":"I-5 at MP 7.3: 134th St","state":"WA","provider":"WSDOT","hls":null,"snapshot":"https://images.wsdot.wa.gov/sw/005vc00730.jpg","refreshMs":30000,"attribution":"Ora (Warner Varnado) · WSDOT"}},{"type":"Feature","geometry":{"type":"Point","coordinates":[-122.656843,45.732743]},"properties":{"id":"ora-wa-213","name":"I-5 at MP 8.2: 154th St","state":"WA","provider":"WSDOT","hls":null,"snapshot":"https://images.wsdot.wa.gov/sw/005vc00824.jpg","refreshMs":30000,"attribution":"Ora (Warner Varnado) · WSDOT"}},{"type":"Feature","geometry":{"type":"Point","coordinates":[-122.661346,45.744836]},"properties":{"id":"ora-wa-214","name":"I-5 at MP 9.1: S of 179th St","state":"WA","provider":"WSDOT","hls":null,"snapshot":"https://images.wsdot.wa.gov/sw/005vc00912.jpg","refreshMs":30000,"attribution":"Ora (Warner Varnado) · WSDOT"}},{"type":"Feature","geometry":{"type":"Point","coordinates":[-122.66372,45.753907]},"properties":{"id":"ora-wa-215","name":"I-5 at MP 9.7: N of 179th St","state":"WA","provider":"WSDOT","hls":null,"snapshot":"https://images.wsdot.wa.gov/sw/005vc00976.jpg","refreshMs":30000,"attribution":"Ora (Warner Varnado) · WSDOT"}},{"type":"Feature","geometry":{"type":"Point","coordinates":[-122.666833,45.76507]},"properties":{"id":"ora-wa-216","name":"I-5 at MP 10.8: 199th St","state":"WA","provider":"WSDOT","hls":null,"snapshot":"https://images.wsdot.wa.gov/sw/005vc01080.jpg","refreshMs":30000,"attribution":"Ora (Warner Varnado) · WSDOT"}},{"type":"Feature","geometry":{"type":"Point","coordinates":[-122.670027,45.77219]},"properties":{"id":"ora-wa-217","name":"I-5 at MP 11: 209th St","state":"WA","provider":"WSDOT","hls":null,"snapshot":"https://images.wsdot.wa.gov/sw/005vc01103.jpg","refreshMs":30000,"attribution":"Ora (Warner Varnado) · WSDOT"}},{"type":"Feature","geometry":{"type":"Point","coordinates":[-122.675898,45.793157]},"properties":{"id":"ora-wa-218","name":"I-5 at MP 12.4: Carty Rd","state":"WA","provider":"WSDOT","hls":null,"snapshot":"https://images.wsdot.wa.gov/sw/005vc01248.jpg","refreshMs":30000,"attribution":"Ora (Warner Varnado) · WSDOT"}},{"type":"Feature","geometry":{"type":"Point","coordinates":[-122.671498,45.780944]},"properties":{"id":"ora-wa-219","name":"I-5 NB at MP 11.6: SR 502 on ramp","state":"WA","provider":"WSDOT","hls":null,"snapshot":"https://images.wsdot.wa.gov/sw/005vc01165.jpg","refreshMs":30000,"attribution":"Ora (Warner Varnado) · WSDOT"}},{"type":"Feature","geometry":{"type":"Point","coordinates":[-122.674086,45.781481]},"properties":{"id":"ora-wa-220","name":"I-5 SB at MP 11.7: SR 502 on ramp","state":"WA","provider":"WSDOT","hls":null,"snapshot":"https://images.wsdot.wa.gov/sw/005vc01176.jpg","refreshMs":30000,"attribution":"Ora (Warner Varnado) · WSDOT"}},{"type":"Feature","geometry":{"type":"Point","coordinates":[-122.680874,45.805397]},"properties":{"id":"ora-wa-221","name":"I-5 at MP 13.4: Dolan Rd","state":"WA","provider":"WSDOT","hls":null,"snapshot":"https://images.wsdot.wa.gov/sw/005vc01346.jpg","refreshMs":30000,"attribution":"Ora (Warner Varnado) · WSDOT"}},{"type":"Feature","geometry":{"type":"Point","coordinates":[-122.685338,45.816086]},"properties":{"id":"ora-wa-222","name":"I-5 at MP 14.2: Pioneer St","state":"WA","provider":"WSDOT","hls":null,"snapshot":"https://images.wsdot.wa.gov/sw/005vc01420.jpg","refreshMs":30000,"attribution":"Ora (Warner Varnado) · WSDOT"}},{"type":"Feature","geometry":{"type":"Point","coordinates":[-122.699895,45.844804]},"properties":{"id":"ora-wa-223","name":"I-5 at MP 16.2: Weigh Station","state":"WA","provider":"WSDOT","hls":null,"snapshot":"https://images.wsdot.wa.gov/sw/005vc01628.jpg","refreshMs":30000,"attribution":"Ora (Warner Varnado) · WSDOT"}},{"type":"Feature","geometry":{"type":"Point","coordinates":[-122.703336,45.851872]},"properties":{"id":"ora-wa-224","name":"I-5 at MP 16.8: Exit 16 SB","state":"WA","provider":"WSDOT","hls":null,"snapshot":"https://images.wsdot.wa.gov/sw/005vc01682.jpg","refreshMs":30000,"attribution":"Ora (Warner Varnado) · WSDOT"}},{"type":"Feature","geometry":{"type":"Point","coordinates":[-122.701693,45.85269]},"properties":{"id":"ora-wa-225","name":"I-5 at MP 16.8: Exit 16 NB","state":"WA","provider":"WSDOT","hls":null,"snapshot":"https://images.wsdot.wa.gov/sw/005vc01683.jpg","refreshMs":30000,"attribution":"Ora (Warner Varnado) · WSDOT"}},{"type":"Feature","geometry":{"type":"Point","coordinates":[-122.712392,45.873784]},"properties":{"id":"ora-wa-226","name":"I-5 at MP 18.2: Paradise Point","state":"WA","provider":"WSDOT","hls":null,"snapshot":"https://images.wsdot.wa.gov/sw/005vc01820.jpg","refreshMs":30000,"attribution":"Ora (Warner Varnado) · WSDOT"}},{"type":"Feature","geometry":{"type":"Point","coordinates":[-122.742011,45.904498]},"properties":{"id":"ora-wa-227","name":"I-5 at MP 21: Woodland","state":"WA","provider":"WSDOT","hls":null,"snapshot":"https://images.wsdot.wa.gov/sw/005vc02098.jpg","refreshMs":30000,"attribution":"Ora (Warner Varnado) · WSDOT"}},{"type":"Feature","geometry":{"type":"Point","coordinates":[-122.74335,45.905358]},"properties":{"id":"ora-wa-228","name":"I-5 at MP 21.10: Woodland SB Signal","state":"WA","provider":"WSDOT","hls":null,"snapshot":"https://images.wsdot.wa.gov/sw/005vc02110.jpg","refreshMs":30000,"attribution":"Ora (Warner Varnado) · WSDOT"}},{"type":"Feature","geometry":{"type":"Point","coordinates":[-122.741381,45.906149]},"properties":{"id":"ora-wa-229","name":"I-5 at MP 21.20: Woodland NB Signal","state":"WA","provider":"WSDOT","hls":null,"snapshot":"https://images.wsdot.wa.gov/sw/005vc02120.jpg","refreshMs":30000,"attribution":"Ora (Warner Varnado) · WSDOT"}},{"type":"Feature","geometry":{"type":"Point","coordinates":[-122.759504,45.932512]},"properties":{"id":"ora-wa-230","name":"I-5 at MP 23.11: Dike Road","state":"WA","provider":"WSDOT","hls":null,"snapshot":"https://images.wsdot.wa.gov/sw/005vc02311.jpg","refreshMs":30000,"attribution":"Ora (Warner Varnado) · WSDOT"}},{"type":"Feature","geometry":{"type":"Point","coordinates":[-122.870997,46.092129]},"properties":{"id":"ora-wa-231","name":"I-5 at MP 35.8: Owl Creek","state":"WA","provider":"WSDOT","hls":null,"snapshot":"https://images.wsdot.wa.gov/sw/005vc03588.jpg","refreshMs":30000,"attribution":"Ora (Warner Varnado) · WSDOT"}},{"type":"Feature","geometry":{"type":"Point","coordinates":[-122.878949,46.10673]},"properties":{"id":"ora-wa-232","name":"I-5 at MP 36.9: SR 432 Interchange","state":"WA","provider":"WSDOT","hls":null,"snapshot":"https://images.wsdot.wa.gov/sw/005vc03696.jpg","refreshMs":30000,"attribution":"Ora (Warner Varnado) · WSDOT"}},{"type":"Feature","geometry":{"type":"Point","coordinates":[-122.876486,46.547498]},"properties":{"id":"ora-wa-233","name":"I-5 at MP 68.4: US 12 Interchange","state":"WA","provider":"WSDOT","hls":null,"snapshot":"https://images.wsdot.wa.gov/sw/005vc06842.jpg","refreshMs":30000,"attribution":"Ora (Warner Varnado) · WSDOT"}},{"type":"Feature","geometry":{"type":"Point","coordinates":[-122.877084,46.561795]},"properties":{"id":"ora-wa-234","name":"I-5 at MP 69.4: Koontz Rd","state":"WA","provider":"WSDOT","hls":null,"snapshot":"https://images.wsdot.wa.gov/sw/005vc06939.jpg","refreshMs":30000,"attribution":"Ora (Warner Varnado) · WSDOT"}},{"type":"Feature","geometry":{"type":"Point","coordinates":[-122.912974,46.611245]},"properties":{"id":"ora-wa-235","name":"I-5 at MP 73.3","state":"WA","provider":"WSDOT","hls":null,"snapshot":"https://images.wsdot.wa.gov/sw/005vc07330.jpg","refreshMs":30000,"attribution":"Ora (Warner Varnado) · WSDOT"}},{"type":"Feature","geometry":{"type":"Point","coordinates":[-122.906854,46.60571]},"properties":{"id":"ora-wa-236","name":"I-5 at MP 72.8: Rush Rd","state":"WA","provider":"WSDOT","hls":null,"snapshot":"https://images.wsdot.wa.gov/sw/005vc07280.jpg","refreshMs":30000,"attribution":"Ora (Warner Varnado) · WSDOT"}},{"type":"Feature","geometry":{"type":"Point","coordinates":[-122.932829,46.62639]},"properties":{"id":"ora-wa-237","name":"I-5 at MP 74.7: Labree Rd","state":"WA","provider":"WSDOT","hls":null,"snapshot":"https://images.wsdot.wa.gov/sw/005vc07470.jpg","refreshMs":30000,"attribution":"Ora (Warner Varnado) · WSDOT"}},{"type":"Feature","geometry":{"type":"Point","coordinates":[-122.958695,46.646215]},"properties":{"id":"ora-wa-238","name":"I-5 at MP 76.5: 13th St","state":"WA","provider":"WSDOT","hls":null,"snapshot":"https://images.wsdot.wa.gov/sw/005vc07650.jpg","refreshMs":30000,"attribution":"Ora (Warner Varnado) · WSDOT"}},{"type":"Feature","geometry":{"type":"Point","coordinates":[-122.97805,46.66069]},"properties":{"id":"ora-wa-239","name":"I-5 at MP 78: SR 6 Interchange","state":"WA","provider":"WSDOT","hls":null,"snapshot":"https://images.wsdot.wa.gov/sw/005vc07798.jpg","refreshMs":30000,"attribution":"Ora (Warner Varnado) · WSDOT"}},{"type":"Feature","geometry":{"type":"Point","coordinates":[-122.980527,46.66654]},"properties":{"id":"ora-wa-240","name":"I-5 at MP 78.3: West St","state":"WA","provider":"WSDOT","hls":null,"snapshot":"https://images.wsdot.wa.gov/sw/005vc07839.jpg","refreshMs":30000,"attribution":"Ora (Warner Varnado) · WSDOT"}},{"type":"Feature","geometry":{"type":"Point","coordinates":[-122.976135,46.67569]},"properties":{"id":"ora-wa-241","name":"I-5 at MP 79.10: Chamber Way","state":"WA","provider":"WSDOT","hls":null,"snapshot":"https://images.wsdot.wa.gov/sw/005vc07900.jpg","refreshMs":30000,"attribution":"Ora (Warner Varnado) · WSDOT"}},{"type":"Feature","geometry":{"type":"Point","coordinates":[-122.976135,46.67581]},"properties":{"id":"ora-wa-242","name":"I-5 at MP 79.10: Chamber Way","state":"WA","provider":"WSDOT","hls":null,"snapshot":"https://images.wsdot.wa.gov/sw/005vc07910.jpg","refreshMs":30000,"attribution":"Ora (Warner Varnado) · WSDOT"}},{"type":"Feature","geometry":{"type":"Point","coordinates":[-122.975495,46.675762]},"properties":{"id":"ora-wa-243","name":"I-5 at MP 79.10: Chamber Way","state":"WA","provider":"WSDOT","hls":null,"snapshot":"https://images.wsdot.wa.gov/sw/005vc07911.jpg","refreshMs":30000,"attribution":"Ora (Warner Varnado) · WSDOT"}},{"type":"Feature","geometry":{"type":"Point","coordinates":[-122.970714,46.687819]},"properties":{"id":"ora-wa-244","name":"I-5 at MP 80: Chehalis","state":"WA","provider":"WSDOT","hls":null,"snapshot":"https://images.wsdot.wa.gov/sw/005vc08000.jpg","refreshMs":30000,"attribution":"Ora (Warner Varnado) · WSDOT"}},{"type":"Feature","geometry":{"type":"Point","coordinates":[-122.971159,46.69883]},"properties":{"id":"ora-wa-245","name":"I-5 at MP 80.76","state":"WA","provider":"WSDOT","hls":null,"snapshot":"https://images.wsdot.wa.gov/sw/005vc08076.jpg","refreshMs":30000,"attribution":"Ora (Warner Varnado) · WSDOT"}},{"type":"Feature","geometry":{"type":"Point","coordinates":[-122.973675,46.706698]},"properties":{"id":"ora-wa-246","name":"I-5 at MP 81.3: Mellen Couplet","state":"WA","provider":"WSDOT","hls":null,"snapshot":"https://images.wsdot.wa.gov/sw/005vc08132.jpg","refreshMs":30000,"attribution":"Ora (Warner Varnado) · WSDOT"}},{"type":"Feature","geometry":{"type":"Point","coordinates":[-122.97627,46.720324]},"properties":{"id":"ora-wa-247","name":"I-5 at MP 82.2: NB Exit 82","state":"WA","provider":"WSDOT","hls":null,"snapshot":"https://images.wsdot.wa.gov/sw/005vc08227.jpg","refreshMs":30000,"attribution":"Ora (Warner Varnado) · WSDOT"}},{"type":"Feature","geometry":{"type":"Point","coordinates":[-122.975736,46.712039]},"properties":{"id":"ora-wa-248","name":"I-5 at MP 81.6: Mellen St","state":"WA","provider":"WSDOT","hls":null,"snapshot":"https://images.wsdot.wa.gov/sw/005vc08168.jpg","refreshMs":30000,"attribution":"Ora (Warner Varnado) · WSDOT"}},{"type":"Feature","geometry":{"type":"Point","coordinates":[-122.976799,46.727499]},"properties":{"id":"ora-wa-249","name":"I-5 at MP 82.7: Harrison Ave","state":"WA","provider":"WSDOT","hls":null,"snapshot":"https://images.wsdot.wa.gov/sw/005vc08274.jpg","refreshMs":30000,"attribution":"Ora (Warner Varnado) · WSDOT"}},{"type":"Feature","geometry":{"type":"Point","coordinates":[-122.978396,46.742788]},"properties":{"id":"ora-wa-250","name":"I-5 at MP 83.8: Blakeslee Junction","state":"WA","provider":"WSDOT","hls":null,"snapshot":"https://images.wsdot.wa.gov/sw/005vc08381.jpg","refreshMs":30000,"attribution":"Ora (Warner Varnado) · WSDOT"}},{"type":"Feature","geometry":{"type":"Point","coordinates":[-122.993245,46.765422]},"properties":{"id":"ora-wa-251","name":"I-5 at MP 85.5: Lewis County Line","state":"WA","provider":"WSDOT","hls":null,"snapshot":"https://images.wsdot.wa.gov/sw/005vc08551.jpg","refreshMs":30000,"attribution":"Ora (Warner Varnado) · WSDOT"}},{"type":"Feature","geometry":{"type":"Point","coordinates":[-123.008039,46.790338]},"properties":{"id":"ora-wa-252","name":"I-5 at MP 87.4: Thurston/Lewis County Line","state":"WA","provider":"WSDOT","hls":null,"snapshot":"https://images.wsdot.wa.gov/orflow/005vc08744.jpg","refreshMs":30000,"attribution":"Ora (Warner Varnado) · WSDOT"}},{"type":"Feature","geometry":{"type":"Point","coordinates":[-123.007164,46.802261]},"properties":{"id":"ora-wa-253","name":"I-5 at MP 88.3: US 12 Interchange Grand Mound","state":"WA","provider":"WSDOT","hls":null,"snapshot":"https://images.wsdot.wa.gov/orflow/005vc08832.jpg","refreshMs":30000,"attribution":"Ora (Warner Varnado) · WSDOT"}},{"type":"Feature","geometry":{"type":"Point","coordinates":[-122.983371,46.841996]},"properties":{"id":"ora-wa-254","name":"I-5 at MP 91.2: Scatter Creek","state":"WA","provider":"WSDOT","hls":null,"snapshot":"https://images.wsdot.wa.gov/orflow/005vc09127.jpg","refreshMs":30000,"attribution":"Ora (Warner Varnado) · WSDOT"}},{"type":"Feature","geometry":{"type":"Point","coordinates":[-122.9695,46.869358]},"properties":{"id":"ora-wa-255","name":"I-5 at MP 93.2: Maytown South","state":"WA","provider":"WSDOT","hls":null,"snapshot":"https://images.wsdot.wa.gov/orflow/005vc09329.jpg","refreshMs":30000,"attribution":"Ora (Warner Varnado) · WSDOT"}},{"type":"Feature","geometry":{"type":"Point","coordinates":[-122.960505,46.897182]},"properties":{"id":"ora-wa-256","name":"I-5 at MP 95.2: Maytown","state":"WA","provider":"WSDOT","hls":null,"snapshot":"https://images.wsdot.wa.gov/orflow/005vc09526.jpg","refreshMs":30000,"attribution":"Ora (Warner Varnado) · WSDOT"}},{"type":"Feature","geometry":{"type":"Point","coordinates":[-122.954275,46.908647]},"properties":{"id":"ora-wa-257","name":"I-5 at MP 96: Maytown North","state":"WA","provider":"WSDOT","hls":null,"snapshot":"https://images.wsdot.wa.gov/orflow/005vc09611.jpg","refreshMs":30000,"attribution":"Ora (Warner Varnado) · WSDOT"}},{"type":"Feature","geometry":{"type":"Point","coordinates":[-122.90587,47.017396]},"properties":{"id":"ora-wa-258","name":"I-5 at MP 104: Custer Way","state":"WA","provider":"WSDOT","hls":null,"snapshot":"https://images.wsdot.wa.gov/orflow/005vc10404.jpg","refreshMs":30000,"attribution":"Ora (Warner Varnado) · WSDOT"}},{"type":"Feature","geometry":{"type":"Point","coordinates":[-122.898496,47.025349]},"properties":{"id":"ora-wa-259","name":"I-5 at MP 104.8: Capitol Blvd","state":"WA","provider":"WSDOT","hls":null,"snapshot":"https://images.wsdot.wa.gov/orflow/005vc10480.jpg","refreshMs":30000,"attribution":"Ora (Warner Varnado) · WSDOT"}},{"type":"Feature","geometry":{"type":"Point","coordinates":[-122.893552,47.030205]},"properties":{"id":"ora-wa-260","name":"I-5 at MP 105.2: Henderson Blvd","state":"WA","provider":"WSDOT","hls":null,"snapshot":"https://images.wsdot.wa.gov/orflow/005vc10520.jpg","refreshMs":30000,"attribution":"Ora (Warner Varnado) · WSDOT"}},{"type":"Feature","geometry":{"type":"Point","coordinates":[-122.88707,47.035205]},"properties":{"id":"ora-wa-261","name":"I-5 at MP 105.6: Eastside St","state":"WA","provider":"WSDOT","hls":null,"snapshot":"https://images.wsdot.wa.gov/orflow/005vc10567.jpg","refreshMs":30000,"attribution":"Ora (Warner Varnado) · WSDOT"}},{"type":"Feature","geometry":{"type":"Point","coordinates":[-122.857057,47.040283]},"properties":{"id":"ora-wa-262","name":"I-5 at MP 107.2: Pacific Ave (Olympia)","state":"WA","provider":"WSDOT","hls":null,"snapshot":"https://images.wsdot.wa.gov/orflow/005vc10720.jpg","refreshMs":30000,"attribution":"Ora (Warner Varnado) · WSDOT"}},{"type":"Feature","geometry":{"type":"Point","coordinates":[-122.834563,47.045719]},"properties":{"id":"ora-wa-263","name":"I-5 at MP 108.3: Sleater-Kinney","state":"WA","provider":"WSDOT","hls":null,"snapshot":"https://images.wsdot.wa.gov/orflow/005vc10835.jpg","refreshMs":30000,"attribution":"Ora (Warner Varnado) · WSDOT"}},{"type":"Feature","geometry":{"type":"Point","coordinates":[-122.844303,47.044195]},"properties":{"id":"ora-wa-264","name":"I-5 @ MP 107.8: Lilly Rd","state":"WA","provider":"WSDOT","hls":null,"snapshot":"https://images.wsdot.wa.gov/orflow/005vc10787.jpg","refreshMs":30000,"attribution":"Ora (Warner Varnado) · WSDOT"}},{"type":"Feature","geometry":{"type":"Point","coordinates":[-122.819753,47.048]},"properties":{"id":"ora-wa-265","name":"I-5 at MP 109: Martin Way","state":"WA","provider":"WSDOT","hls":null,"snapshot":"https://images.wsdot.wa.gov/orflow/005vc10907.jpg","refreshMs":30000,"attribution":"Ora (Warner Varnado) · WSDOT"}},{"type":"Feature","geometry":{"type":"Point","coordinates":[-122.806732,47.057008]},"properties":{"id":"ora-wa-266","name":"I-5 at MP 109.9: Carpenter Rd South","state":"WA","provider":"WSDOT","hls":null,"snapshot":"https://images.wsdot.wa.gov/orflow/005vc10993.jpg","refreshMs":30000,"attribution":"Ora (Warner Varnado) · WSDOT"}},{"type":"Feature","geometry":{"type":"Point","coordinates":[-122.770282,47.063323]},"properties":{"id":"ora-wa-267","name":"I-5 at MP 111.2: Gateway Blvd","state":"WA","provider":"WSDOT","hls":null,"snapshot":"https://images.wsdot.wa.gov/orflow/005vc11127.jpg","refreshMs":30000,"attribution":"Ora (Warner Varnado) · WSDOT"}},{"type":"Feature","geometry":{"type":"Point","coordinates":[-122.764831,47.063261]},"properties":{"id":"ora-wa-268","name":"I-5 at MP 111.9: Marvin Rd","state":"WA","provider":"WSDOT","hls":null,"snapshot":"https://images.wsdot.wa.gov/orflow/005vc11195.jpg","refreshMs":30000,"attribution":"Ora (Warner Varnado) · WSDOT"}},{"type":"Feature","geometry":{"type":"Point","coordinates":[-122.741701,47.066668]},"properties":{"id":"ora-wa-269","name":"I-5 at MP 113: Meridian Rd","state":"WA","provider":"WSDOT","hls":null,"snapshot":"https://images.wsdot.wa.gov/orflow/005vc11307.jpg","refreshMs":30000,"attribution":"Ora (Warner Varnado) · WSDOT"}},{"type":"Feature","geometry":{"type":"Point","coordinates":[-122.751254,47.064874]},"properties":{"id":"ora-wa-270","name":"I-5 @ MP 112.6: Manito Dr NE","state":"WA","provider":"WSDOT","hls":null,"snapshot":"https://images.wsdot.wa.gov/orflow/005vc11261.jpg","refreshMs":30000,"attribution":"Ora (Warner Varnado) · WSDOT"}},{"type":"Feature","geometry":{"type":"Point","coordinates":[-122.715485,47.067634]},"properties":{"id":"ora-wa-271","name":"I-5 at MP 114.1: Nisqually","state":"WA","provider":"WSDOT","hls":null,"snapshot":"https://images.wsdot.wa.gov/orflow/005vc11410.jpg","refreshMs":30000,"attribution":"Ora (Warner Varnado) · WSDOT"}},{"type":"Feature","geometry":{"type":"Point","coordinates":[-122.698556,47.074029]},"properties":{"id":"ora-wa-272","name":"I-5 at MP 115.2: Nisqually Bridge","state":"WA","provider":"WSDOT","hls":null,"snapshot":"https://images.wsdot.wa.gov/orflow/005vc11520.jpg","refreshMs":30000,"attribution":"Ora (Warner Varnado) · WSDOT"}},{"type":"Feature","geometry":{"type":"Point","coordinates":[-122.680854,47.079874]},"properties":{"id":"ora-wa-273","name":"I-5 at MP 116.1: Mounts Rd South","state":"WA","provider":"WSDOT","hls":null,"snapshot":"https://images.wsdot.wa.gov/orflow/005vc11616.jpg","refreshMs":30000,"attribution":"Ora (Warner Varnado) · WSDOT"}},{"type":"Feature","geometry":{"type":"Point","coordinates":[-122.688478,47.07755]},"properties":{"id":"ora-wa-274","name":"I-5 at MP 115.7: Nisqually Rail Road","state":"WA","provider":"WSDOT","hls":null,"snapshot":"https://images.wsdot.wa.gov/orflow/005vc11575.jpg","refreshMs":30000,"attribution":"Ora (Warner Varnado) · WSDOT"}},{"type":"Feature","geometry":{"type":"Point","coordinates":[-122.660207,47.084068]},"properties":{"id":"ora-wa-275","name":"I-5 @ MP 117.18: Mounts Rd Scale","state":"WA","provider":"WSDOT","hls":null,"snapshot":"https://images.wsdot.wa.gov/orflow/005vc11718.jpg","refreshMs":30000,"attribution":"Ora (Warner Varnado) · WSDOT"}},{"type":"Feature","geometry":{"type":"Point","coordinates":[-122.65606,47.085301]},"properties":{"id":"ora-wa-276","name":"I-5 @ MP 117.4: Center Dr SB","state":"WA","provider":"WSDOT","hls":null,"snapshot":"https://images.wsdot.wa.gov/orflow/005vc11742.jpg","refreshMs":30000,"attribution":"Ora (Warner Varnado) · WSDOT"}},{"type":"Feature","geometry":{"type":"Point","coordinates":[-122.669655,47.082669]},"properties":{"id":"ora-wa-277","name":"I-5 at MP 116.7: Mounts Road","state":"WA","provider":"WSDOT","hls":null,"snapshot":"https://images.wsdot.wa.gov/orflow/005vc11672.jpg","refreshMs":30000,"attribution":"Ora (Warner Varnado) · WSDOT"}},{"type":"Feature","geometry":{"type":"Point","coordinates":[-122.644168,47.088033]},"properties":{"id":"ora-wa-278","name":"I-5 at MP 117.9: Center Dr","state":"WA","provider":"WSDOT","hls":null,"snapshot":"https://images.wsdot.wa.gov/orflow/005vc11799.jpg","refreshMs":30000,"attribution":"Ora (Warner Varnado) · WSDOT"}},{"type":"Feature","geometry":{"type":"Point","coordinates":[-122.640705,47.088728]},"properties":{"id":"ora-wa-279","name":"I-5 @MP 118.16: Center Dr VMS","state":"WA","provider":"WSDOT","hls":null,"snapshot":"https://images.wsdot.wa.gov/orflow/005vc11816.jpg","refreshMs":30000,"attribution":"Ora (Warner Varnado) · WSDOT"}},{"type":"Feature","geometry":{"type":"Point","coordinates":[-122.638881,47.089135]},"properties":{"id":"ora-wa-280","name":"I-5 at MP 118.2:  Center Dr NB","state":"WA","provider":"WSDOT","hls":null,"snapshot":"https://images.wsdot.wa.gov/orflow/005vc11825.jpg","refreshMs":30000,"attribution":"Ora (Warner Varnado) · WSDOT"}},{"type":"Feature","geometry":{"type":"Point","coordinates":[-122.625771,47.092381]},"properties":{"id":"ora-wa-281","name":"I-5 @ MP 118.9: Steilacoom-Dupont SB","state":"WA","provider":"WSDOT","hls":null,"snapshot":"https://images.wsdot.wa.gov/orflow/005vc11891.jpg","refreshMs":30000,"attribution":"Ora (Warner Varnado) · WSDOT"}},{"type":"Feature","geometry":{"type":"Point","coordinates":[-122.623776,47.092869]},"properties":{"id":"ora-wa-282","name":"I-5 @ 119: Clark Rd NB Ramp","state":"WA","provider":"WSDOT","hls":null,"snapshot":"https://images.wsdot.wa.gov/orflow/005vc11901.jpg","refreshMs":30000,"attribution":"Ora (Warner Varnado) · WSDOT"}},{"type":"Feature","geometry":{"type":"Point","coordinates":[-122.620862,47.093649]},"properties":{"id":"ora-wa-283","name":"I-5 @ MP 119.1: Steilacoom-Dupont NB","state":"WA","provider":"WSDOT","hls":null,"snapshot":"https://images.wsdot.wa.gov/orflow/005vc11916.jpg","refreshMs":30000,"attribution":"Ora (Warner Varnado) · WSDOT"}},{"type":"Feature","geometry":{"type":"Point","coordinates":[-122.620106,47.09389]},"properties":{"id":"ora-wa-284","name":"I-5 @ MP 119.2: Dupont Gate","state":"WA","provider":"WSDOT","hls":null,"snapshot":"https://images.wsdot.wa.gov/orflow/005vc11920.jpg","refreshMs":30000,"attribution":"Ora (Warner Varnado) · WSDOT"}},{"type":"Feature","geometry":{"type":"Point","coordinates":[-122.614007,47.096636]},"properties":{"id":"ora-wa-285","name":"I-5 @ MP 119.5: Constitution Dr","state":"WA","provider":"WSDOT","hls":null,"snapshot":"https://images.wsdot.wa.gov/orflow/005vc11955.jpg","refreshMs":30000,"attribution":"Ora (Warner Varnado) · WSDOT"}},{"type":"Feature","geometry":{"type":"Point","coordinates":[-122.597477,47.102596]},"properties":{"id":"ora-wa-286","name":"I-5 at MP 120.4: JBLM South","state":"WA","provider":"WSDOT","hls":null,"snapshot":"https://images.wsdot.wa.gov/orflow/005vc12044.jpg","refreshMs":30000,"attribution":"Ora (Warner Varnado) · WSDOT"}},{"type":"Feature","geometry":{"type":"Point","coordinates":[-122.611442,47.097926]},"properties":{"id":"ora-wa-287","name":"I-5 @ MP 119.7: Idaho Ave","state":"WA","provider":"WSDOT","hls":null,"snapshot":"https://images.wsdot.wa.gov/orflow/005vc11970.jpg","refreshMs":30000,"attribution":"Ora (Warner Varnado) · WSDOT"}},{"type":"Feature","geometry":{"type":"Point","coordinates":[-122.580661,47.107288]},"properties":{"id":"ora-wa-288","name":"I-5 at MP 121.3: JBLM North","state":"WA","provider":"WSDOT","hls":null,"snapshot":"https://images.wsdot.wa.gov/orflow/005vc12132.jpg","refreshMs":30000,"attribution":"Ora (Warner Varnado) · WSDOT"}},{"type":"Feature","geometry":{"type":"Point","coordinates":[-122.56954,47.111198]},"properties":{"id":"ora-wa-289","name":"I-5 at MP 121.9: Linden Dr","state":"WA","provider":"WSDOT","hls":null,"snapshot":"https://images.wsdot.wa.gov/orflow/005vc12199.jpg","refreshMs":30000,"attribution":"Ora (Warner Varnado) · WSDOT"}},{"type":"Feature","geometry":{"type":"Point","coordinates":[-122.5888,47.103925]},"properties":{"id":"ora-wa-290","name":"I-5 at MP 120.8: JBLM Main Gate","state":"WA","provider":"WSDOT","hls":null,"snapshot":"https://images.wsdot.wa.gov/orflow/005vc12086.jpg","refreshMs":30000,"attribution":"Ora (Warner Varnado) · WSDOT"}},{"type":"Feature","geometry":{"type":"Point","coordinates":[-122.589264,47.105572]},"properties":{"id":"ora-wa-291","name":"I-5 at MP 120.8: JBLM Main Gate Rail Crossing","state":"WA","provider":"WSDOT","hls":null,"snapshot":"https://images.wsdot.wa.gov/orflow/005vc12043.jpg","refreshMs":30000,"attribution":"Ora (Warner Varnado) · WSDOT"}},{"type":"Feature","geometry":{"type":"Point","coordinates":[-122.558152,47.117755]},"properties":{"id":"ora-wa-292","name":"I-5 at MP 122.6: Berkeley St","state":"WA","provider":"WSDOT","hls":null,"snapshot":"https://images.wsdot.wa.gov/orflow/005vc12260.jpg","refreshMs":30000,"attribution":"Ora (Warner Varnado) · WSDOT"}},{"type":"Feature","geometry":{"type":"Point","coordinates":[-122.556579,47.118622]},"properties":{"id":"ora-wa-293","name":"I-5 at MP 122.7: Madigan Gate","state":"WA","provider":"WSDOT","hls":null,"snapshot":"https://images.wsdot.wa.gov/orflow/005vc12270.jpg","refreshMs":30000,"attribution":"Ora (Warner Varnado) · WSDOT"}},{"type":"Feature","geometry":{"type":"Point","coordinates":[-122.550279,47.122778]},"properties":{"id":"ora-wa-294","name":"I-5 at MP 123.1: Maple St SW","state":"WA","provider":"WSDOT","hls":null,"snapshot":"https://images.wsdot.wa.gov/orflow/005vc12310.jpg","refreshMs":30000,"attribution":"Ora (Warner Varnado) · WSDOT"}},{"type":"Feature","geometry":{"type":"Point","coordinates":[-122.544993,47.125744]},"properties":{"id":"ora-wa-295","name":"I-5 at MP 123.4: Thorne Lane SB","state":"WA","provider":"WSDOT","hls":null,"snapshot":"https://images.wsdot.wa.gov/orflow/005vc12343.jpg","refreshMs":30000,"attribution":"Ora (Warner Varnado) · WSDOT"}},{"type":"Feature","geometry":{"type":"Point","coordinates":[-122.534149,47.132047]},"properties":{"id":"ora-wa-296","name":"I-5 at MP 124.1: Birch St","state":"WA","provider":"WSDOT","hls":null,"snapshot":"https://images.wsdot.wa.gov/orflow/005vc12410.jpg","refreshMs":30000,"attribution":"Ora (Warner Varnado) · WSDOT"}},{"type":"Feature","geometry":{"type":"Point","coordinates":[-122.526074,47.136512]},"properties":{"id":"ora-wa-297","name":"I-5 at MP 124.6: Gravelly Lk Dr","state":"WA","provider":"WSDOT","hls":null,"snapshot":"https://images.wsdot.wa.gov/orflow/005vc12460.jpg","refreshMs":30000,"attribution":"Ora (Warner Varnado) · WSDOT"}},{"type":"Feature","geometry":{"type":"Point","coordinates":[-122.542093,47.12714]},"properties":{"id":"ora-wa-298","name":"I-5 at MP 123.6: Thorne Lane NB","state":"WA","provider":"WSDOT","hls":null,"snapshot":"https://images.wsdot.wa.gov/orflow/005vc12360.jpg","refreshMs":30000,"attribution":"Ora (Warner Varnado) · WSDOT"}},{"type":"Feature","geometry":{"type":"Point","coordinates":[-122.54217,47.127095]},"properties":{"id":"ora-wa-299","name":"I-5 at MP 123.5: Murray Rd SW","state":"WA","provider":"WSDOT","hls":null,"snapshot":"https://images.wsdot.wa.gov/orflow/005vc12359.jpg","refreshMs":30000,"attribution":"Ora (Warner Varnado) · WSDOT"}},{"type":"Feature","geometry":{"type":"Point","coordinates":[-122.514728,47.141548]},"properties":{"id":"ora-wa-300","name":"I-5 at MP 125.2: New York Ave","state":"WA","provider":"WSDOT","hls":null,"snapshot":"https://images.wsdot.wa.gov/orflow/005vc12524.jpg","refreshMs":30000,"attribution":"Ora (Warner Varnado) · WSDOT"}},{"type":"Feature","geometry":{"type":"Point","coordinates":[-122.503759,47.147413]},"properties":{"id":"ora-wa-301","name":"I-5 at MP 125.9: Bridgeport Way","state":"WA","provider":"WSDOT","hls":null,"snapshot":"https://images.wsdot.wa.gov/orflow/005vc12590.jpg","refreshMs":30000,"attribution":"Ora (Warner Varnado) · WSDOT"}},{"type":"Feature","geometry":{"type":"Point","coordinates":[-122.491831,47.154305]},"properties":{"id":"ora-wa-302","name":"I-5 at MP 126.6: Lakeview Maintenance","state":"WA","provider":"WSDOT","hls":null,"snapshot":"https://images.wsdot.wa.gov/orflow/005vc12664.jpg","refreshMs":30000,"attribution":"Ora (Warner Varnado) · WSDOT"}},{"type":"Feature","geometry":{"type":"Point","coordinates":[-122.479316,47.163383]},"properties":{"id":"ora-wa-303","name":"I-5 at MP 127.5: SB/SR 512 Interchange","state":"WA","provider":"WSDOT","hls":null,"snapshot":"https://images.wsdot.wa.gov/ORFlow/005vc12750.jpg","refreshMs":30000,"attribution":"Ora (Warner Varnado) · WSDOT"}},{"type":"Feature","geometry":{"type":"Point","coordinates":[-122.485862,47.157787]},"properties":{"id":"ora-wa-304","name":"I-5 @ MP 127: South Tacoma Way","state":"WA","provider":"WSDOT","hls":null,"snapshot":"https://images.wsdot.wa.gov/orflow/005vc12701.jpg","refreshMs":30000,"attribution":"Ora (Warner Varnado) · WSDOT"}},{"type":"Feature","geometry":{"type":"Point","coordinates":[-122.464884,47.180772]},"properties":{"id":"ora-wa-305","name":"I-5 at MP 128.9: 84th St","state":"WA","provider":"WSDOT","hls":null,"snapshot":"https://images.wsdot.wa.gov/orflow/005vc12890.jpg","refreshMs":30000,"attribution":"Ora (Warner Varnado) · WSDOT"}},{"type":"Feature","geometry":{"type":"Point","coordinates":[-122.47198,47.170393]},"properties":{"id":"ora-wa-306","name":"I-5 at MP 128.1: S 96th St","state":"WA","provider":"WSDOT","hls":null,"snapshot":"https://images.wsdot.wa.gov/orflow/005vc12811.jpg","refreshMs":30000,"attribution":"Ora (Warner Varnado) · WSDOT"}},{"type":"Feature","geometry":{"type":"Point","coordinates":[-122.46228,47.190923]},"properties":{"id":"ora-wa-307","name":"I-5 at MP 129.6: S 72nd/74th St","state":"WA","provider":"WSDOT","hls":null,"snapshot":"https://images.wsdot.wa.gov/ORFlow/005vc12960.jpg","refreshMs":30000,"attribution":"Ora (Warner Varnado) · WSDOT"}},{"type":"Feature","geometry":{"type":"Point","coordinates":[-122.461473,47.206723]},"properties":{"id":"ora-wa-308","name":"I-5 at MP 130.7: 56th St","state":"WA","provider":"WSDOT","hls":null,"snapshot":"https://images.wsdot.wa.gov/orflow/005vc13070.jpg","refreshMs":30000,"attribution":"Ora (Warner Varnado) · WSDOT"}},{"type":"Feature","geometry":{"type":"Point","coordinates":[-122.463284,47.222566]},"properties":{"id":"ora-wa-309","name":"I-5 at MP 131.8: S 38th St looking South","state":"WA","provider":"WSDOT","hls":null,"snapshot":"https://images.wsdot.wa.gov/orflow/005vc13180.jpg","refreshMs":30000,"attribution":"Ora (Warner Varnado) · WSDOT"}},{"type":"Feature","geometry":{"type":"Point","coordinates":[-122.462995,47.213644]},"properties":{"id":"ora-wa-310","name":"I-5 at MP 131.2: S 48th St","state":"WA","provider":"WSDOT","hls":null,"snapshot":"https://images.wsdot.wa.gov/orflow/005vc13119.jpg","refreshMs":30000,"attribution":"Ora (Warner Varnado) · WSDOT"}},{"type":"Feature","geometry":{"type":"Point","coordinates":[-122.461416,47.206239]},"properties":{"id":"ora-wa-311","name":"I-5 at 130.67: 56th St NB VMS","state":"WA","provider":"WSDOT","hls":null,"snapshot":"https://images.wsdot.wa.gov/orflow/005vc13067.jpg","refreshMs":30000,"attribution":"Ora (Warner Varnado) · WSDOT"}},{"type":"Feature","geometry":{"type":"Point","coordinates":[-122.460417,47.230476]},"properties":{"id":"ora-wa-312","name":"I-5 SB at MP 132.4: SR 16 Interchange","state":"WA","provider":"WSDOT","hls":null,"snapshot":"https://images.wsdot.wa.gov/orflow/005vc13240.jpg","refreshMs":30000,"attribution":"Ora (Warner Varnado) · WSDOT"}},{"type":"Feature","geometry":{"type":"Point","coordinates":[-122.459683,47.230722]},"properties":{"id":"ora-wa-313","name":"I-5: South 35th Ave","state":"WA","provider":"WSDOT","hls":null,"snapshot":"https://images.wsdot.wa.gov/orflow/005vc13244.jpg","refreshMs":30000,"attribution":"Ora (Warner Varnado) · WSDOT"}},{"type":"Feature","geometry":{"type":"Point","coordinates":[-122.44818,47.230148]},"properties":{"id":"ora-wa-314","name":"I-5 at MP 133: Yakima Ave","state":"WA","provider":"WSDOT","hls":null,"snapshot":"https://images.wsdot.wa.gov/orflow/005vc13300.jpg","refreshMs":30000,"attribution":"Ora (Warner Varnado) · WSDOT"}},{"type":"Feature","geometry":{"type":"Point","coordinates":[-122.439762,47.231768]},"properties":{"id":"ora-wa-315","name":"I-5 at 133.41: Delin St SB VMS","state":"WA","provider":"WSDOT","hls":null,"snapshot":"https://images.wsdot.wa.gov/orflow/005vc13341.jpg","refreshMs":30000,"attribution":"Ora (Warner Varnado) · WSDOT"}},{"type":"Feature","geometry":{"type":"Point","coordinates":[-122.427293,47.234471]},"properties":{"id":"ora-wa-316","name":"I-5 at MP 134: E McKinley Way","state":"WA","provider":"WSDOT","hls":null,"snapshot":"https://images.wsdot.wa.gov/orflow/005vc13402.jpg","refreshMs":30000,"attribution":"Ora (Warner Varnado) · WSDOT"}},{"type":"Feature","geometry":{"type":"Point","coordinates":[-122.416593,47.238432]},"properties":{"id":"ora-wa-317","name":"I-5 at MP 134.6: East L Street","state":"WA","provider":"WSDOT","hls":null,"snapshot":"https://images.wsdot.wa.gov/orflow/005vc13460.jpg","refreshMs":30000,"attribution":"Ora (Warner Varnado) · WSDOT"}},{"type":"Feature","geometry":{"type":"Point","coordinates":[-122.435977,47.232826]},"properties":{"id":"ora-wa-318","name":"I-5 at MP 133.6: Pacific Ave (Tacoma)","state":"WA","provider":"WSDOT","hls":null,"snapshot":"https://images.wsdot.wa.gov/orflow/005vc13371.jpg","refreshMs":30000,"attribution":"Ora (Warner Varnado) · WSDOT"}},{"type":"Feature","geometry":{"type":"Point","coordinates":[-122.432671,47.233256]},"properties":{"id":"ora-wa-319","name":"I-5 at 133.7: SB I-705 to NB I-5/SB SR 7,","state":"WA","provider":"WSDOT","hls":null,"snapshot":"https://images.wsdot.wa.gov/orflow/005vc13377.jpg","refreshMs":30000,"attribution":"Ora (Warner Varnado) · WSDOT"}},{"type":"Feature","geometry":{"type":"Point","coordinates":[-122.402216,47.240022]},"properties":{"id":"ora-wa-320","name":"I-5 at MP 135.2: Puyallup River Bridge","state":"WA","provider":"WSDOT","hls":null,"snapshot":"https://images.wsdot.wa.gov/orflow/005vc13528.jpg","refreshMs":30000,"attribution":"Ora (Warner Varnado) · WSDOT"}},{"type":"Feature","geometry":{"type":"Point","coordinates":[-122.410741,47.238994]},"properties":{"id":"ora-wa-321","name":"I-5 at MP 134.8: Portland Ave","state":"WA","provider":"WSDOT","hls":null,"snapshot":"https://images.wsdot.wa.gov/orflow/005vc13488.jpg","refreshMs":30000,"attribution":"Ora (Warner Varnado) · WSDOT"}},{"type":"Feature","geometry":{"type":"Point","coordinates":[-122.385247,47.241346]},"properties":{"id":"ora-wa-322","name":"I-5 at MP 136.1: Port of Tacoma I/C","state":"WA","provider":"WSDOT","hls":null,"snapshot":"https://images.wsdot.wa.gov/orflow/005vc13611.jpg","refreshMs":30000,"attribution":"Ora (Warner Varnado) · WSDOT"}},{"type":"Feature","geometry":{"type":"Point","coordinates":[-122.395987,47.241236]},"properties":{"id":"ora-wa-323","name":"I-5 at MP 135.6: Puyallup River Bridge North","state":"WA","provider":"WSDOT","hls":null,"snapshot":"https://images.wsdot.wa.gov/orflow/005vc13562.jpg","refreshMs":30000,"attribution":"Ora (Warner Varnado) · WSDOT"}},{"type":"Feature","geometry":{"type":"Point","coordinates":[-122.374931,47.240448]},"properties":{"id":"ora-wa-324","name":"I-5 at MP 136.6: Port of Tacoma Rd","state":"WA","provider":"WSDOT","hls":null,"snapshot":"https://images.wsdot.wa.gov/ORFlow/005vc13660.jpg","refreshMs":30000,"attribution":"Ora (Warner Varnado) · WSDOT"}},{"type":"Feature","geometry":{"type":"Point","coordinates":[-122.355971,47.240758]},"properties":{"id":"ora-wa-325","name":"I-5 at MP 137.5: 54th at Fife","state":"WA","provider":"WSDOT","hls":null,"snapshot":"https://images.wsdot.wa.gov/orflow/005vc13750.jpg","refreshMs":30000,"attribution":"Ora (Warner Varnado) · WSDOT"}},{"type":"Feature","geometry":{"type":"Point","coordinates":[-122.337087,47.242405]},"properties":{"id":"ora-wa-326","name":"I-5 at MP 138.4: SR 167","state":"WA","provider":"WSDOT","hls":null,"snapshot":"https://images.wsdot.wa.gov/orflow/005vc13840.jpg","refreshMs":30000,"attribution":"Ora (Warner Varnado) · WSDOT"}},{"type":"Feature","geometry":{"type":"Point","coordinates":[-122.340056,47.241347]},"properties":{"id":"ora-wa-327","name":"I-5 at MP 138.2: South of 70th Ave","state":"WA","provider":"WSDOT","hls":null,"snapshot":"https://images.wsdot.wa.gov/orflow/005vc13825.jpg","refreshMs":30000,"attribution":"Ora (Warner Varnado) · WSDOT"}},{"type":"Feature","geometry":{"type":"Point","coordinates":[-122.331849,47.253634]},"properties":{"id":"ora-wa-328","name":"I-5 at MP 139.2: Emerald St","state":"WA","provider":"WSDOT","hls":null,"snapshot":"https://images.wsdot.wa.gov/nw/005vc13921.jpg","refreshMs":30000,"attribution":"Ora (Warner Varnado) · WSDOT"}},{"type":"Feature","geometry":{"type":"Point","coordinates":[-122.329535,47.25775]},"properties":{"id":"ora-wa-329","name":"I-5 at MP 139.5: Pierce Co Line","state":"WA","provider":"WSDOT","hls":null,"snapshot":"https://images.wsdot.wa.gov/nw/005vc13951.jpg","refreshMs":30000,"attribution":"Ora (Warner Varnado) · WSDOT"}},{"type":"Feature","geometry":{"type":"Point","coordinates":[-122.335165,47.243917]},"properties":{"id":"ora-wa-330","name":"I-5 at MP 138.5: SR 167 NB Ramp","state":"WA","provider":"WSDOT","hls":null,"snapshot":"https://images.wsdot.wa.gov/orflow/005vc13854.jpg","refreshMs":30000,"attribution":"Ora (Warner Varnado) · WSDOT"}},{"type":"Feature","geometry":{"type":"Point","coordinates":[-122.32162,47.265473]},"properties":{"id":"ora-wa-331","name":"I-5 at MP 140.1: S 375th St","state":"WA","provider":"WSDOT","hls":null,"snapshot":"https://images.wsdot.wa.gov/nw/005vc14016.jpg","refreshMs":30000,"attribution":"Ora (Warner Varnado) · WSDOT"}},{"type":"Feature","geometry":{"type":"Point","coordinates":[-122.315698,47.271297]},"properties":{"id":"ora-wa-332","name":"I-5 at MP 140.6: Weigh Station","state":"WA","provider":"WSDOT","hls":null,"snapshot":"https://images.wsdot.wa.gov/nw/005vc14065.jpg","refreshMs":30000,"attribution":"Ora (Warner Varnado) · WSDOT"}},{"type":"Feature","geometry":{"type":"Point","coordinates":[-122.310346,47.279333]},"properties":{"id":"ora-wa-333","name":"I-5 at MP 141.2: Enchanted Pkwy","state":"WA","provider":"WSDOT","hls":null,"snapshot":"https://images.wsdot.wa.gov/nw/005vc14126.jpg","refreshMs":30000,"attribution":"Ora (Warner Varnado) · WSDOT"}},{"type":"Feature","geometry":{"type":"Point","coordinates":[-122.306859,47.288107]},"properties":{"id":"ora-wa-334","name":"I-5 at MP 141.8: SR 18 Interchange, S","state":"WA","provider":"WSDOT","hls":null,"snapshot":"https://images.wsdot.wa.gov/nw/005vc14188.jpg","refreshMs":30000,"attribution":"Ora (Warner Varnado) · WSDOT"}},{"type":"Feature","geometry":{"type":"Point","coordinates":[-122.309027,47.289583]},"properties":{"id":"ora-wa-335","name":"I-5 at MP 141.9: SR 18 Interchange, W","state":"WA","provider":"WSDOT","hls":null,"snapshot":"https://images.wsdot.wa.gov/nw/005vc14196.jpg","refreshMs":30000,"attribution":"Ora (Warner Varnado) · WSDOT"}},{"type":"Feature","geometry":{"type":"Point","coordinates":[-122.306118,47.290298]},"properties":{"id":"ora-wa-336","name":"I-5 at MP 142: SR 18 Interchange","state":"WA","provider":"WSDOT","hls":null,"snapshot":"https://images.wsdot.wa.gov/nw/005vc14205.jpg","refreshMs":30000,"attribution":"Ora (Warner Varnado) · WSDOT"}},{"type":"Feature","geometry":{"type":"Point","coordinates":[-122.301627,47.3037]},"properties":{"id":"ora-wa-337","name":"I-5 at MP 143: S 333rd St","state":"WA","provider":"WSDOT","hls":null,"snapshot":"https://images.wsdot.wa.gov/nw/005vc14300.jpg","refreshMs":30000,"attribution":"Ora (Warner Varnado) · WSDOT"}},{"type":"Feature","geometry":{"type":"Point","coordinates":[-122.29732,47.31484]},"properties":{"id":"ora-wa-338","name":"I-5 at MP 143.7: S 320th St","state":"WA","provider":"WSDOT","hls":null,"snapshot":"https://images.wsdot.wa.gov/nw/005vc14379.jpg","refreshMs":30000,"attribution":"Ora (Warner Varnado) · WSDOT"}},{"type":"Feature","geometry":{"type":"Point","coordinates":[-122.296139,47.317768]},"properties":{"id":"ora-wa-339","name":"I-5 at MP 144: S 317th St","state":"WA","provider":"WSDOT","hls":null,"snapshot":"https://images.wsdot.wa.gov/nw/005vc14400.jpg","refreshMs":30000,"attribution":"Ora (Warner Varnado) · WSDOT"}},{"type":"Feature","geometry":{"type":"Point","coordinates":[-122.293968,47.326359]},"properties":{"id":"ora-wa-340","name":"I-5 at MP 144.6: S 308th St","state":"WA","provider":"WSDOT","hls":null,"snapshot":"https://images.wsdot.wa.gov/nw/005vc14460.jpg","refreshMs":30000,"attribution":"Ora (Warner Varnado) · WSDOT"}},{"type":"Feature","geometry":{"type":"Point","coordinates":[-122.293107,47.336495]},"properties":{"id":"ora-wa-341","name":"I-5 at MP 145.3: S 296th St","state":"WA","provider":"WSDOT","hls":null,"snapshot":"https://images.wsdot.wa.gov/nw/005vc14531.jpg","refreshMs":30000,"attribution":"Ora (Warner Varnado) · WSDOT"}},{"type":"Feature","geometry":{"type":"Point","coordinates":[-122.293141,47.347132]},"properties":{"id":"ora-wa-342","name":"I-5 at MP 146: S 284th St","state":"WA","provider":"WSDOT","hls":null,"snapshot":"https://images.wsdot.wa.gov/nw/005vc14605.jpg","refreshMs":30000,"attribution":"Ora (Warner Varnado) · WSDOT"}},{"type":"Feature","geometry":{"type":"Point","coordinates":[-122.296195,47.35805]},"properties":{"id":"ora-wa-343","name":"I-5 at MP 146.8: S 272nd St","state":"WA","provider":"WSDOT","hls":null,"snapshot":"https://images.wsdot.wa.gov/nw/005vc14683.jpg","refreshMs":30000,"attribution":"Ora (Warner Varnado) · WSDOT"}},{"type":"Feature","geometry":{"type":"Point","coordinates":[-122.292933,47.370908]},"properties":{"id":"ora-wa-344","name":"I-5 at MP 147.7: S 260th St","state":"WA","provider":"WSDOT","hls":null,"snapshot":"https://images.wsdot.wa.gov/nw/005vc14772.jpg","refreshMs":30000,"attribution":"Ora (Warner Varnado) · WSDOT"}},{"type":"Feature","geometry":{"type":"Point","coordinates":[-122.290361,47.381173]},"properties":{"id":"ora-wa-345","name":"I-5 at MP 148.4: S 248th St","state":"WA","provider":"WSDOT","hls":null,"snapshot":"https://images.wsdot.wa.gov/nw/005vc14844.jpg","refreshMs":30000,"attribution":"Ora (Warner Varnado) · WSDOT"}},{"type":"Feature","geometry":{"type":"Point","coordinates":[-122.2911,47.3908]},"properties":{"id":"ora-wa-346","name":"I-5 at MP 149.1: SR 516 Interchange","state":"WA","provider":"WSDOT","hls":null,"snapshot":"https://images.wsdot.wa.gov/nw/005vc14918.jpg","refreshMs":30000,"attribution":"Ora (Warner Varnado) · WSDOT"}},{"type":"Feature","geometry":{"type":"Point","coordinates":[-122.287681,47.389746]},"properties":{"id":"ora-wa-347","name":"I-5 at MP 149.0: SR 516, NB Exit","state":"WA","provider":"WSDOT","hls":null,"snapshot":"https://images.wsdot.wa.gov/nw/005vc14907.jpg","refreshMs":30000,"attribution":"Ora (Warner Varnado) · WSDOT"}},{"type":"Feature","geometry":{"type":"Point","coordinates":[-122.2908,47.393602]},"properties":{"id":"ora-wa-348","name":"I-5 at MP 149.4: Veterans Dr","state":"WA","provider":"WSDOT","hls":null,"snapshot":"https://images.wsdot.wa.gov/nw/005vc14940.jpg","refreshMs":30000,"attribution":"Ora (Warner Varnado) · WSDOT"}},{"type":"Feature","geometry":{"type":"Point","coordinates":[-122.291823,47.407902]},"properties":{"id":"ora-wa-349","name":"I-5 @ MP 150.31: S 216th St","state":"WA","provider":"WSDOT","hls":null,"snapshot":"https://images.wsdot.wa.gov/nw/005vc15031.jpg","refreshMs":30000,"attribution":"Ora (Warner Varnado) · WSDOT"}},{"type":"Feature","geometry":{"type":"Point","coordinates":[-122.292243,47.402927]},"properties":{"id":"ora-wa-350","name":"I-5 @ MP 149.98: S 222nd St","state":"WA","provider":"WSDOT","hls":null,"snapshot":"https://images.wsdot.wa.gov/nw/005vc14998.jpg","refreshMs":30000,"attribution":"Ora (Warner Varnado) · WSDOT"}},{"type":"Feature","geometry":{"type":"Point","coordinates":[-122.285768,47.42137]},"properties":{"id":"ora-wa-351","name":"I-5 at MP 151.2: S 200th St","state":"WA","provider":"WSDOT","hls":null,"snapshot":"https://images.wsdot.wa.gov/nw/005vc15128.jpg","refreshMs":30000,"attribution":"Ora (Warner Varnado) · WSDOT"}},{"type":"Feature","geometry":{"type":"Point","coordinates":[-122.289727,47.415334]},"properties":{"id":"ora-wa-352","name":"I-5 at MP 150.0: SR 509","state":"WA","provider":"WSDOT","hls":null,"snapshot":"https://images.wsdot.wa.gov/nw/005vc15052.jpg","refreshMs":30000,"attribution":"Ora (Warner Varnado) · WSDOT"}},{"type":"Feature","geometry":{"type":"Point","coordinates":[-122.291113,47.413518]},"properties":{"id":"ora-wa-353","name":"I-5 at MP 150.8: S 210th St","state":"WA","provider":"WSDOT","hls":null,"snapshot":"https://images.wsdot.wa.gov/nw/005vc15075.jpg","refreshMs":30000,"attribution":"Ora (Warner Varnado) · WSDOT"}},{"type":"Feature","geometry":{"type":"Point","coordinates":[-122.2707,47.4312]},"properties":{"id":"ora-wa-354","name":"I-5 at MP 152: S 188th St NB Ramps","state":"WA","provider":"WSDOT","hls":null,"snapshot":"https://images.wsdot.wa.gov/nw/005vc15225.jpg","refreshMs":30000,"attribution":"Ora (Warner Varnado) · WSDOT"}},{"type":"Feature","geometry":{"type":"Point","coordinates":[-122.270726,47.432051]},"properties":{"id":"ora-wa-355","name":"I-5 at MP 152.3: S 188th St","state":"WA","provider":"WSDOT","hls":null,"snapshot":"https://images.wsdot.wa.gov/nw/005vc15230.jpg","refreshMs":30000,"attribution":"Ora (Warner Varnado) · WSDOT"}},{"type":"Feature","geometry":{"type":"Point","coordinates":[-122.269177,47.439149]},"properties":{"id":"ora-wa-356","name":"I-5 at MP 152.8: S 183rd St","state":"WA","provider":"WSDOT","hls":null,"snapshot":"https://images.wsdot.wa.gov/nw/005vc15280.jpg","refreshMs":30000,"attribution":"Ora (Warner Varnado) · WSDOT"}},{"type":"Feature","geometry":{"type":"Point","coordinates":[-122.267614,47.444037]},"properties":{"id":"ora-wa-357","name":"I-5 at MP 153.1: S 178th St","state":"WA","provider":"WSDOT","hls":null,"snapshot":"https://images.wsdot.wa.gov/nw/005vc15315.jpg","refreshMs":30000,"attribution":"Ora (Warner Varnado) · WSDOT"}},{"type":"Feature","geometry":{"type":"Point","coordinates":[-122.263428,47.457477]},"properties":{"id":"ora-wa-358","name":"I-5 SB at MP 154.1: Klickitat Dr","state":"WA","provider":"WSDOT","hls":null,"snapshot":"https://images.wsdot.wa.gov/nw/005vc15410.jpg","refreshMs":30000,"attribution":"Ora (Warner Varnado) · WSDOT"}},{"type":"Feature","geometry":{"type":"Point","coordinates":[-122.2633,47.457509]},"properties":{"id":"ora-wa-359","name":"I-5 NB at MP 154.1: Klickitat Dr","state":"WA","provider":"WSDOT","hls":null,"snapshot":"https://images.wsdot.wa.gov/nw/005vc15413.jpg","refreshMs":30000,"attribution":"Ora (Warner Varnado) · WSDOT"}},{"type":"Feature","geometry":{"type":"Point","coordinates":[-122.265738,47.462726]},"properties":{"id":"ora-wa-360","name":"I-5 at MP 154.5: SR 518 Interchange","state":"WA","provider":"WSDOT","hls":null,"snapshot":"https://images.wsdot.wa.gov/nw/005vc15452.jpg","refreshMs":30000,"attribution":"Ora (Warner Varnado) · WSDOT"}},{"type":"Feature","geometry":{"type":"Point","coordinates":[-122.264653,47.463521]},"properties":{"id":"ora-wa-361","name":"I-5 at MP 154.5: Southcenter","state":"WA","provider":"WSDOT","hls":null,"snapshot":"https://images.wsdot.wa.gov/nw/005vc15453.jpg","refreshMs":30000,"attribution":"Ora (Warner Varnado) · WSDOT"}},{"type":"Feature","geometry":{"type":"Point","coordinates":[-122.269674,47.473928]},"properties":{"id":"ora-wa-362","name":"I-5 at MP 155.3: S 144th St","state":"WA","provider":"WSDOT","hls":null,"snapshot":"https://images.wsdot.wa.gov/nw/005vc15531.jpg","refreshMs":30000,"attribution":"Ora (Warner Varnado) · WSDOT"}},{"type":"Feature","geometry":{"type":"Point","coordinates":[-122.271968,47.482621]},"properties":{"id":"ora-wa-363","name":"I-5 at MP 155.9: SR 599 Interchange","state":"WA","provider":"WSDOT","hls":null,"snapshot":"https://images.wsdot.wa.gov/nw/005vc15591.jpg","refreshMs":30000,"attribution":"Ora (Warner Varnado) · WSDOT"}},{"type":"Feature","geometry":{"type":"Point","coordinates":[-122.2692,47.4844]},"properties":{"id":"ora-wa-364","name":"I-5 at MP 156: Interurban Ave S","state":"WA","provider":"WSDOT","hls":null,"snapshot":"https://images.wsdot.wa.gov/nw/005vc15607.jpg","refreshMs":30000,"attribution":"Ora (Warner Varnado) · WSDOT"}},{"type":"Feature","geometry":{"type":"Point","coordinates":[-122.264904,47.491771]},"properties":{"id":"ora-wa-365","name":"I-5 at MP 156.6: Duwamish River","state":"WA","provider":"WSDOT","hls":null,"snapshot":"https://images.wsdot.wa.gov/nw/005vc15664.jpg","refreshMs":30000,"attribution":"Ora (Warner Varnado) · WSDOT"}},{"type":"Feature","geometry":{"type":"Point","coordinates":[-122.27,47.4972]},"properties":{"id":"ora-wa-366","name":"I-5 at MP 157.1: MLK Jr Way S","state":"WA","provider":"WSDOT","hls":null,"snapshot":"https://images.wsdot.wa.gov/nw/005vc15718.jpg","refreshMs":30000,"attribution":"Ora (Warner Varnado) · WSDOT"}},{"type":"Feature","geometry":{"type":"Point","coordinates":[-122.2745,47.4995]},"properties":{"id":"ora-wa-367","name":"I-5 at MP 157.3: MLK Jr Way, N","state":"WA","provider":"WSDOT","hls":null,"snapshot":"https://images.wsdot.wa.gov/nw/005vc15735.jpg","refreshMs":30000,"attribution":"Ora (Warner Varnado) · WSDOT"}},{"type":"Feature","geometry":{"type":"Point","coordinates":[-122.280032,47.506035]},"properties":{"id":"ora-wa-368","name":"I-5 at MP 157.8: Boeing Access Rd, S","state":"WA","provider":"WSDOT","hls":null,"snapshot":"https://images.wsdot.wa.gov/nw/005vc15785.jpg","refreshMs":30000,"attribution":"Ora (Warner Varnado) · WSDOT"}},{"type":"Feature","geometry":{"type":"Point","coordinates":[-122.2823,47.507922]},"properties":{"id":"ora-wa-369","name":"I-5 at MP 158: Boeing Access Rd North","state":"WA","provider":"WSDOT","hls":null,"snapshot":"https://images.wsdot.wa.gov/nw/005vc15805.jpg","refreshMs":30000,"attribution":"Ora (Warner Varnado) · WSDOT"}},{"type":"Feature","geometry":{"type":"Point","coordinates":[-122.289363,47.519321]},"properties":{"id":"ora-wa-370","name":"I-5 at MP 158.8: S Benefit St","state":"WA","provider":"WSDOT","hls":null,"snapshot":"https://images.wsdot.wa.gov/nw/005vc15887.jpg","refreshMs":30000,"attribution":"Ora (Warner Varnado) · WSDOT"}},{"type":"Feature","geometry":{"type":"Point","coordinates":[-122.291227,47.523946]},"properties":{"id":"ora-wa-371","name":"I-5 at MP 159.2: S Henderson St","state":"WA","provider":"WSDOT","hls":null,"snapshot":"https://images.wsdot.wa.gov/nw/005vc15920.jpg","refreshMs":30000,"attribution":"Ora (Warner Varnado) · WSDOT"}},{"type":"Feature","geometry":{"type":"Point","coordinates":[-122.293929,47.530909]},"properties":{"id":"ora-wa-372","name":"I-5 at MP 159.7: S Rose St (Mid-Boeing Field)","state":"WA","provider":"WSDOT","hls":null,"snapshot":"https://images.wsdot.wa.gov/nw/005vc15970.jpg","refreshMs":30000,"attribution":"Ora (Warner Varnado) · WSDOT"}},{"type":"Feature","geometry":{"type":"Point","coordinates":[-122.296105,47.535025]},"properties":{"id":"ora-wa-373","name":"I-5 at MP 160: S Austin St","state":"WA","provider":"WSDOT","hls":null,"snapshot":"https://images.wsdot.wa.gov/nw/005vc16000.jpg","refreshMs":30000,"attribution":"Ora (Warner Varnado) · WSDOT"}},{"type":"Feature","geometry":{"type":"Point","coordinates":[-122.296712,47.535798]},"properties":{"id":"ora-wa-374","name":"I-5 at MP 160: S Webster St","state":"WA","provider":"WSDOT","hls":null,"snapshot":"https://images.wsdot.wa.gov/nw/005vc16006.jpg","refreshMs":30000,"attribution":"Ora (Warner Varnado) · WSDOT"}},{"type":"Feature","geometry":{"type":"Point","coordinates":[-122.302285,47.540798]},"properties":{"id":"ora-wa-375","name":"I-5 at MP 160.4: S Willow St","state":"WA","provider":"WSDOT","hls":null,"snapshot":"https://images.wsdot.wa.gov/nw/005vc16049.jpg","refreshMs":30000,"attribution":"Ora (Warner Varnado) · WSDOT"}},{"type":"Feature","geometry":{"type":"Point","coordinates":[-122.308407,47.546346]},"properties":{"id":"ora-wa-376","name":"I-5 at MP 160.9: S Graham St","state":"WA","provider":"WSDOT","hls":null,"snapshot":"https://images.wsdot.wa.gov/nw/005vc16097.jpg","refreshMs":30000,"attribution":"Ora (Warner Varnado) · WSDOT"}},{"type":"Feature","geometry":{"type":"Point","coordinates":[-122.308,47.546771]},"properties":{"id":"ora-wa-377","name":"I-5 at MP 161: Swift Ave, NB Ramp","state":"WA","provider":"WSDOT","hls":null,"snapshot":"https://images.wsdot.wa.gov/nw/005vc16103.jpg","refreshMs":30000,"attribution":"Ora (Warner Varnado) · WSDOT"}},{"type":"Feature","geometry":{"type":"Point","coordinates":[-122.3113,47.5489]},"properties":{"id":"ora-wa-378","name":"I-5 at MP 161.2: Albro Pl / Swift Ave","state":"WA","provider":"WSDOT","hls":null,"snapshot":"https://images.wsdot.wa.gov/nw/005vc16122.jpg","refreshMs":30000,"attribution":"Ora (Warner Varnado) · WSDOT"}},{"type":"Feature","geometry":{"type":"Point","coordinates":[-122.312399,47.548976]},"properties":{"id":"ora-wa-379","name":"I-5 at MP 161.2: Albro Pl","state":"WA","provider":"WSDOT","hls":null,"snapshot":"https://images.wsdot.wa.gov/nw/005vc16123.jpg","refreshMs":30000,"attribution":"Ora (Warner Varnado) · WSDOT"}},{"type":"Feature","geometry":{"type":"Point","coordinates":[-122.32044,47.557578]},"properties":{"id":"ora-wa-380","name":"I-5 at MP 161.9: S Hudson St","state":"WA","provider":"WSDOT","hls":null,"snapshot":"https://images.wsdot.wa.gov/nw/005vc16195.jpg","refreshMs":30000,"attribution":"Ora (Warner Varnado) · WSDOT"}},{"type":"Feature","geometry":{"type":"Point","coordinates":[-122.321036,47.558769]},"properties":{"id":"ora-wa-381","name":"I-5 at MP 162: S Ferdinand St","state":"WA","provider":"WSDOT","hls":null,"snapshot":"https://images.wsdot.wa.gov/nw/005vc16204.jpg","refreshMs":30000,"attribution":"Ora (Warner Varnado) · WSDOT"}},{"type":"Feature","geometry":{"type":"Point","coordinates":[-122.321084,47.558905]},"properties":{"id":"ora-wa-382","name":"I-5 at MP 162.3: S. Oregon St","state":"WA","provider":"WSDOT","hls":null,"snapshot":"https://images.wsdot.wa.gov/nw/005vc16237.jpg","refreshMs":30000,"attribution":"Ora (Warner Varnado) · WSDOT"}},{"type":"Feature","geometry":{"type":"Point","coordinates":[-122.320601,47.568341]},"properties":{"id":"ora-wa-383","name":"I-5 at MP 162.7: S Andover St","state":"WA","provider":"WSDOT","hls":null,"snapshot":"https://images.wsdot.wa.gov/nw/005vc16272.jpg","refreshMs":30000,"attribution":"Ora (Warner Varnado) · WSDOT"}},{"type":"Feature","geometry":{"type":"Point","coordinates":[-122.31995,47.570799]},"properties":{"id":"ora-wa-384","name":"I-5 at MP 162.8: S. Court St","state":"WA","provider":"WSDOT","hls":null,"snapshot":"https://images.wsdot.wa.gov/nw/005vc16287.jpg","refreshMs":30000,"attribution":"Ora (Warner Varnado) · WSDOT"}},{"type":"Feature","geometry":{"type":"Point","coordinates":[-122.320158,47.571771]},"properties":{"id":"ora-wa-385","name":"I-5 at MP 162.9: Spokane St","state":"WA","provider":"WSDOT","hls":null,"snapshot":"https://images.wsdot.wa.gov/nw/005vc16297.jpg","refreshMs":30000,"attribution":"Ora (Warner Varnado) · WSDOT"}},{"type":"Feature","geometry":{"type":"Point","coordinates":[-122.319014,47.578811]},"properties":{"id":"ora-wa-386","name":"I-5 at MP 163.4: S. Forest St","state":"WA","provider":"WSDOT","hls":null,"snapshot":"https://images.wsdot.wa.gov/nw/005vc16342.jpg","refreshMs":30000,"attribution":"Ora (Warner Varnado) · WSDOT"}},{"type":"Feature","geometry":{"type":"Point","coordinates":[-122.319811,47.583613]},"properties":{"id":"ora-wa-387","name":"I-5 at MP 163.7: S Walker St","state":"WA","provider":"WSDOT","hls":null,"snapshot":"https://images.wsdot.wa.gov/nw/005vc16377.jpg","refreshMs":30000,"attribution":"Ora (Warner Varnado) · WSDOT"}},{"type":"Feature","geometry":{"type":"Point","coordinates":[-122.320376,47.586142]},"properties":{"id":"ora-wa-388","name":"I-5 at MP 163.9: S Holgate St","state":"WA","provider":"WSDOT","hls":null,"snapshot":"https://images.wsdot.wa.gov/nw/005vc16396.jpg","refreshMs":30000,"attribution":"Ora (Warner Varnado) · WSDOT"}},{"type":"Feature","geometry":{"type":"Point","coordinates":[-122.32086,47.592498]},"properties":{"id":"ora-wa-389","name":"I-5 at MP 164.4: Judkins St","state":"WA","provider":"WSDOT","hls":null,"snapshot":"https://images.wsdot.wa.gov/nw/005vc16440.jpg","refreshMs":30000,"attribution":"Ora (Warner Varnado) · WSDOT"}},{"type":"Feature","geometry":{"type":"Point","coordinates":[-122.320245,47.596268]},"properties":{"id":"ora-wa-390","name":"I-5 at MP 164.6: S Dearborn St","state":"WA","provider":"WSDOT","hls":null,"snapshot":"https://images.wsdot.wa.gov/nw/005vc16465.jpg","refreshMs":30000,"attribution":"Ora (Warner Varnado) · WSDOT"}},{"type":"Feature","geometry":{"type":"Point","coordinates":[-122.324892,47.6017]},"properties":{"id":"ora-wa-391","name":"I-5 at MP 165: Yesler Way","state":"WA","provider":"WSDOT","hls":null,"snapshot":"https://images.wsdot.wa.gov/nw/005vc16511.jpg","refreshMs":30000,"attribution":"Ora (Warner Varnado) · WSDOT"}},{"type":"Feature","geometry":{"type":"Point","coordinates":[-122.3298,47.6044]},"properties":{"id":"ora-wa-392","name":"I-5 at MP 165.4: 5th Ave/Cherry","state":"WA","provider":"WSDOT","hls":null,"snapshot":"https://images.wsdot.wa.gov/nw/005vc16540.jpg","refreshMs":30000,"attribution":"Ora (Warner Varnado) · WSDOT"}},{"type":"Feature","geometry":{"type":"Point","coordinates":[-122.329657,47.604834]},"properties":{"id":"ora-wa-393","name":"I-5 at MP 165.4: Cherry and Columbia","state":"WA","provider":"WSDOT","hls":null,"snapshot":"https://images.wsdot.wa.gov/nw/005vc16542.jpg","refreshMs":30000,"attribution":"Ora (Warner Varnado) · WSDOT"}},{"type":"Feature","geometry":{"type":"Point","coordinates":[-122.32876,47.606028]},"properties":{"id":"ora-wa-394","name":"I-5 at MP 165.4: Columbia St Express Lanes","state":"WA","provider":"WSDOT","hls":null,"snapshot":"https://images.wsdot.wa.gov/nw/005vc16545.jpg","refreshMs":30000,"attribution":"Ora (Warner Varnado) · WSDOT"}},{"type":"Feature","geometry":{"type":"Point","coordinates":[-122.330316,47.605166]},"properties":{"id":"ora-wa-395","name":"I-5 at MP 165.4: 5th Ave/Columbia","state":"WA","provider":"WSDOT","hls":null,"snapshot":"https://images.wsdot.wa.gov/nw/005vc16547.jpg","refreshMs":30000,"attribution":"Ora (Warner Varnado) · WSDOT"}},{"type":"Feature","geometry":{"type":"Point","coordinates":[-122.329325,47.606683]},"properties":{"id":"ora-wa-396","name":"I-5 at MP 165.5: Marion St","state":"WA","provider":"WSDOT","hls":null,"snapshot":"https://images.wsdot.wa.gov/nw/005vc16551.jpg","refreshMs":30000,"attribution":"Ora (Warner Varnado) · WSDOT"}},{"type":"Feature","geometry":{"type":"Point","coordinates":[-122.330009,47.607486]},"properties":{"id":"ora-wa-397","name":"I-5 at MP 165.5: Madison St Express Lanes","state":"WA","provider":"WSDOT","hls":null,"snapshot":"https://images.wsdot.wa.gov/nw/005vc16556.jpg","refreshMs":30000,"attribution":"Ora (Warner Varnado) · WSDOT"}},{"type":"Feature","geometry":{"type":"Point","coordinates":[-122.331196,47.608498]},"properties":{"id":"ora-wa-398","name":"I-5 at MP 165.6: Seneca St, SB","state":"WA","provider":"WSDOT","hls":null,"snapshot":"https://images.wsdot.wa.gov/nw/005vc16563.jpg","refreshMs":30000,"attribution":"Ora (Warner Varnado) · WSDOT"}},{"type":"Feature","geometry":{"type":"Point","coordinates":[-122.330781,47.608819]},"properties":{"id":"ora-wa-399","name":"I-5 at MP 165.6: Seneca St Express Lanes","state":"WA","provider":"WSDOT","hls":null,"snapshot":"https://images.wsdot.wa.gov/nw/005vc16565.jpg","refreshMs":30000,"attribution":"Ora (Warner Varnado) · WSDOT"}},{"type":"Feature","geometry":{"type":"Point","coordinates":[-122.330967,47.609488]},"properties":{"id":"ora-wa-400","name":"I-5 at MP 165.7: University St, SB","state":"WA","provider":"WSDOT","hls":null,"snapshot":"https://images.wsdot.wa.gov/nw/005vc16571.jpg","refreshMs":30000,"attribution":"Ora (Warner Varnado) · WSDOT"}},{"type":"Feature","geometry":{"type":"Point","coordinates":[-122.331009,47.609905]},"properties":{"id":"ora-wa-401","name":"I-5 at MP 165.7: University St Ramp","state":"WA","provider":"WSDOT","hls":null,"snapshot":"https://images.wsdot.wa.gov/nw/005vc16574.jpg","refreshMs":30000,"attribution":"Ora (Warner Varnado) · WSDOT"}},{"type":"Feature","geometry":{"type":"Point","coordinates":[-122.330912,47.610876]},"properties":{"id":"ora-wa-402","name":"I-5 at MP 165.8: University St, NB","state":"WA","provider":"WSDOT","hls":null,"snapshot":"https://images.wsdot.wa.gov/nw/005vc16580.jpg","refreshMs":30000,"attribution":"Ora (Warner Varnado) · WSDOT"}},{"type":"Feature","geometry":{"type":"Point","coordinates":[-122.330516,47.612021]},"properties":{"id":"ora-wa-403","name":"I-5 at MP 165.8: Union St Express Lanes","state":"WA","provider":"WSDOT","hls":null,"snapshot":"https://images.wsdot.wa.gov/nw/005vc16588.jpg","refreshMs":30000,"attribution":"Ora (Warner Varnado) · WSDOT"}},{"type":"Feature","geometry":{"type":"Point","coordinates":[-122.331107,47.612477]},"properties":{"id":"ora-wa-404","name":"I-5 at MP 165.9: Pike St/9th Ave","state":"WA","provider":"WSDOT","hls":null,"snapshot":"https://images.wsdot.wa.gov/nw/005vc16596.jpg","refreshMs":30000,"attribution":"Ora (Warner Varnado) · WSDOT"}},{"type":"Feature","geometry":{"type":"Point","coordinates":[-122.330004,47.61331]},"properties":{"id":"ora-wa-405","name":"I-5 at MP 165.9: Pike St, SB","state":"WA","provider":"WSDOT","hls":null,"snapshot":"https://images.wsdot.wa.gov/nw/005vc16597.jpg","refreshMs":30000,"attribution":"Ora (Warner Varnado) · WSDOT"}},{"type":"Feature","geometry":{"type":"Point","coordinates":[-122.329944,47.613467]},"properties":{"id":"ora-wa-406","name":"I-5 at MP 165.9: Pike St, NB","state":"WA","provider":"WSDOT","hls":null,"snapshot":"https://images.wsdot.wa.gov/nw/005vc16598.jpg","refreshMs":30000,"attribution":"Ora (Warner Varnado) · WSDOT"}},{"type":"Feature","geometry":{"type":"Point","coordinates":[-122.33118,47.612603]},"properties":{"id":"ora-wa-407","name":"I-5 at MP 165.9: 9th Ave at Pike","state":"WA","provider":"WSDOT","hls":null,"snapshot":"https://images.wsdot.wa.gov/nw/005vc16599.jpg","refreshMs":30000,"attribution":"Ora (Warner Varnado) · WSDOT"}},{"type":"Feature","geometry":{"type":"Point","coordinates":[-122.329704,47.614097]},"properties":{"id":"ora-wa-408","name":"I-5 at MP 166: Pike St Express Lanes","state":"WA","provider":"WSDOT","hls":null,"snapshot":"https://images.wsdot.wa.gov/nw/005vc16602.jpg","refreshMs":30000,"attribution":"Ora (Warner Varnado) · WSDOT"}},{"type":"Feature","geometry":{"type":"Point","coordinates":[-122.329427,47.614804]},"properties":{"id":"ora-wa-409","name":"I-5 at MP 166: Pine St","state":"WA","provider":"WSDOT","hls":null,"snapshot":"https://images.wsdot.wa.gov/nw/005vc16607.jpg","refreshMs":30000,"attribution":"Ora (Warner Varnado) · WSDOT"}},{"type":"Feature","geometry":{"type":"Point","coordinates":[-122.329555,47.615592]},"properties":{"id":"ora-wa-410","name":"I-5 at MP 166.1: Pike Express Lanes Ramp","state":"WA","provider":"WSDOT","hls":null,"snapshot":"https://images.wsdot.wa.gov/nw/005vc16612.jpg","refreshMs":30000,"attribution":"Ora (Warner Varnado) · WSDOT"}},{"type":"Feature","geometry":{"type":"Point","coordinates":[-122.328414,47.617917]},"properties":{"id":"ora-wa-411","name":"I-5 at MP 166.3: Howell St","state":"WA","provider":"WSDOT","hls":null,"snapshot":"https://images.wsdot.wa.gov/nw/005vc16630.jpg","refreshMs":30000,"attribution":"Ora (Warner Varnado) · WSDOT"}},{"type":"Feature","geometry":{"type":"Point","coordinates":[-122.328207,47.619963]},"properties":{"id":"ora-wa-412","name":"I-5 at MP 166.4: John St Express Lanes","state":"WA","provider":"WSDOT","hls":null,"snapshot":"https://images.wsdot.wa.gov/nw/005vc16644.jpg","refreshMs":30000,"attribution":"Ora (Warner Varnado) · WSDOT"}},{"type":"Feature","geometry":{"type":"Point","coordinates":[-122.328208,47.620107]},"properties":{"id":"ora-wa-413","name":"I-5 at MP 166.4: Denny Way","state":"WA","provider":"WSDOT","hls":null,"snapshot":"https://images.wsdot.wa.gov/nw/005vc16645.jpg","refreshMs":30000,"attribution":"Ora (Warner Varnado) · WSDOT"}},{"type":"Feature","geometry":{"type":"Point","coordinates":[-122.329111,47.619719]},"properties":{"id":"ora-wa-414","name":"I-5 at MP 166.4: Stewart/Eastlake Ramp","state":"WA","provider":"WSDOT","hls":null,"snapshot":"https://images.wsdot.wa.gov/nw/005vc16646.jpg","refreshMs":30000,"attribution":"Ora (Warner Varnado) · WSDOT"}},{"type":"Feature","geometry":{"type":"Point","coordinates":[-122.328129,47.624417]},"properties":{"id":"ora-wa-415","name":"I-5 at MP 166.7: Mercer St Express Lanes","state":"WA","provider":"WSDOT","hls":null,"snapshot":"https://images.wsdot.wa.gov/nw/005vc16675.jpg","refreshMs":30000,"attribution":"Ora (Warner Varnado) · WSDOT"}},{"type":"Feature","geometry":{"type":"Point","coordinates":[-122.33098,47.625231]},"properties":{"id":"ora-wa-416","name":"I-5 at MP 166.8: Mercer St Ramps","state":"WA","provider":"WSDOT","hls":null,"snapshot":"https://images.wsdot.wa.gov/nw/005vc16680.jpg","refreshMs":30000,"attribution":"Ora (Warner Varnado) · WSDOT"}},{"type":"Feature","geometry":{"type":"Point","coordinates":[-122.329009,47.626132]},"properties":{"id":"ora-wa-417","name":"I-5 at MP 166.8: Mercer St NB Ramp","state":"WA","provider":"WSDOT","hls":null,"snapshot":"https://images.wsdot.wa.gov/nw/005vc16687.jpg","refreshMs":30000,"attribution":"Ora (Warner Varnado) · WSDOT"}},{"type":"Feature","geometry":{"type":"Point","coordinates":[-122.327636,47.628274]},"properties":{"id":"ora-wa-418","name":"I-5 at MP 167: Mercer St","state":"WA","provider":"WSDOT","hls":null,"snapshot":"https://images.wsdot.wa.gov/nw/005vc16702.jpg","refreshMs":30000,"attribution":"Ora (Warner Varnado) · WSDOT"}},{"type":"Feature","geometry":{"type":"Point","coordinates":[-122.327567,47.628412]},"properties":{"id":"ora-wa-419","name":"I-5 at MP 167: Lakeview Express Lanes","state":"WA","provider":"WSDOT","hls":null,"snapshot":"https://images.wsdot.wa.gov/nw/005vc16703.jpg","refreshMs":30000,"attribution":"Ora (Warner Varnado) · WSDOT"}},{"type":"Feature","geometry":{"type":"Point","coordinates":[-122.322707,47.636303]},"properties":{"id":"ora-wa-420","name":"I-5 at MP 167.6: Boylston Ave","state":"WA","provider":"WSDOT","hls":null,"snapshot":"https://images.wsdot.wa.gov/nw/005vc16763.jpg","refreshMs":30000,"attribution":"Ora (Warner Varnado) · WSDOT"}},{"type":"Feature","geometry":{"type":"Point","coordinates":[-122.322819,47.641693]},"properties":{"id":"ora-wa-421","name":"I-5 at MP 168: Roanoke St Express Lanes","state":"WA","provider":"WSDOT","hls":null,"snapshot":"https://images.wsdot.wa.gov/nw/005vc16803.jpg","refreshMs":30000,"attribution":"Ora (Warner Varnado) · WSDOT"}},{"type":"Feature","geometry":{"type":"Point","coordinates":[-122.322545,47.643018]},"properties":{"id":"ora-wa-422","name":"I-5 at MP 168: Roanoke St","state":"WA","provider":"WSDOT","hls":null,"snapshot":"https://images.wsdot.wa.gov/nw/005vc16811.jpg","refreshMs":30000,"attribution":"Ora (Warner Varnado) · WSDOT"}},{"type":"Feature","geometry":{"type":"Point","coordinates":[-122.322434,47.650321]},"properties":{"id":"ora-wa-423","name":"I-5 at MP 168.5: Eastlake Ave Express Lanes","state":"WA","provider":"WSDOT","hls":null,"snapshot":"https://images.wsdot.wa.gov/nw/005vc16859.jpg","refreshMs":30000,"attribution":"Ora (Warner Varnado) · WSDOT"}},{"type":"Feature","geometry":{"type":"Point","coordinates":[-122.322612,47.652997]},"properties":{"id":"ora-wa-424","name":"I-5 at MP 168.8: Ship Canal Bridge","state":"WA","provider":"WSDOT","hls":null,"snapshot":"https://images.wsdot.wa.gov/nw/005vc16887.jpg","refreshMs":30000,"attribution":"Ora (Warner Varnado) · WSDOT"}},{"type":"Feature","geometry":{"type":"Point","coordinates":[-122.322362,47.654157]},"properties":{"id":"ora-wa-425","name":"I-5 at MP 168.8: Ship Canal Express Lanes","state":"WA","provider":"WSDOT","hls":null,"snapshot":"https://images.wsdot.wa.gov/nw/005vc16886.jpg","refreshMs":30000,"attribution":"Ora (Warner Varnado) · WSDOT"}},{"type":"Feature","geometry":{"type":"Point","coordinates":[-122.322312,47.656432]},"properties":{"id":"ora-wa-426","name":"I-5 at MP 169: NE 40th St Express Lanes","state":"WA","provider":"WSDOT","hls":null,"snapshot":"https://images.wsdot.wa.gov/nw/005vc16902.jpg","refreshMs":30000,"attribution":"Ora (Warner Varnado) · WSDOT"}},{"type":"Feature","geometry":{"type":"Point","coordinates":[-122.320936,47.657458]},"properties":{"id":"ora-wa-427","name":"I-5 at MP 169: 7th Ave & 42nd","state":"WA","provider":"WSDOT","hls":null,"snapshot":"https://images.wsdot.wa.gov/nw/005vc16908.jpg","refreshMs":30000,"attribution":"Ora (Warner Varnado) · WSDOT"}},{"type":"Feature","geometry":{"type":"Point","coordinates":[-122.320909,47.657586]},"properties":{"id":"ora-wa-428","name":"I-5 at MP 169.1: NE 42nd St Ramp","state":"WA","provider":"WSDOT","hls":null,"snapshot":"https://images.wsdot.wa.gov/nw/005vc16913.jpg","refreshMs":30000,"attribution":"Ora (Warner Varnado) · WSDOT"}},{"type":"Feature","geometry":{"type":"Point","coordinates":[-122.321905,47.661773]},"properties":{"id":"ora-wa-429","name":"I-5 at MP 169.3: NE 45th St","state":"WA","provider":"WSDOT","hls":null,"snapshot":"https://images.wsdot.wa.gov/nw/005vc16939.jpg","refreshMs":30000,"attribution":"Ora (Warner Varnado) · WSDOT"}},{"type":"Feature","geometry":{"type":"Point","coordinates":[-122.321745,47.665527]},"properties":{"id":"ora-wa-430","name":"I-5 at MP 169.6: NE 50th St","state":"WA","provider":"WSDOT","hls":null,"snapshot":"https://images.wsdot.wa.gov/nw/005vc16965.jpg","refreshMs":30000,"attribution":"Ora (Warner Varnado) · WSDOT"}},{"type":"Feature","geometry":{"type":"Point","coordinates":[-122.321121,47.673056]},"properties":{"id":"ora-wa-431","name":"I-5 at MP 170.1: NE Ravenna Blvd","state":"WA","provider":"WSDOT","hls":null,"snapshot":"https://images.wsdot.wa.gov/nw/005vc17018.jpg","refreshMs":30000,"attribution":"Ora (Warner Varnado) · WSDOT"}},{"type":"Feature","geometry":{"type":"Point","coordinates":[-122.32192,47.683447]},"properties":{"id":"ora-wa-432","name":"I-5 at MP 170.8: Lake City Way Express Lanes","state":"WA","provider":"WSDOT","hls":null,"snapshot":"https://images.wsdot.wa.gov/nw/005vc17082.jpg","refreshMs":30000,"attribution":"Ora (Warner Varnado) · WSDOT"}},{"type":"Feature","geometry":{"type":"Point","coordinates":[-122.323206,47.684585]},"properties":{"id":"ora-wa-433","name":"I-5 at MP 171: NE 77th St","state":"WA","provider":"WSDOT","hls":null,"snapshot":"https://images.wsdot.wa.gov/nw/005vc17101.jpg","refreshMs":30000,"attribution":"Ora (Warner Varnado) · WSDOT"}},{"type":"Feature","geometry":{"type":"Point","coordinates":[-122.326675,47.686849]},"properties":{"id":"ora-wa-434","name":"I-5 at MP 171.2: NE 80th St","state":"WA","provider":"WSDOT","hls":null,"snapshot":"https://images.wsdot.wa.gov/nw/005vc17125.jpg","refreshMs":30000,"attribution":"Ora (Warner Varnado) · WSDOT"}},{"type":"Feature","geometry":{"type":"Point","coordinates":[-122.3206,47.681848]},"properties":{"id":"ora-wa-435","name":"I-5 at MP 170.7: Lake City Way","state":"WA","provider":"WSDOT","hls":null,"snapshot":"https://images.wsdot.wa.gov/nw/005vc17078.jpg","refreshMs":30000,"attribution":"Ora (Warner Varnado) · WSDOT"}},{"type":"Feature","geometry":{"type":"Point","coordinates":[-122.326585,47.687228]},"properties":{"id":"ora-wa-436","name":"I-5 at MP 171.2: NE 80th St Express Lanes","state":"WA","provider":"WSDOT","hls":null,"snapshot":"https://images.wsdot.wa.gov/nw/005vc17124.jpg","refreshMs":30000,"attribution":"Ora (Warner Varnado) · WSDOT"}},{"type":"Feature","geometry":{"type":"Point","coordinates":[-122.32908,47.691112]},"properties":{"id":"ora-wa-437","name":"I-5 at MP 171.5: NE 85th St","state":"WA","provider":"WSDOT","hls":null,"snapshot":"https://images.wsdot.wa.gov/nw/005vc17153.jpg","refreshMs":30000,"attribution":"Ora (Warner Varnado) · WSDOT"}},{"type":"Feature","geometry":{"type":"Point","coordinates":[-122.329598,47.696061]},"properties":{"id":"ora-wa-438","name":"I-5 at MP 171.9: N 92nd St","state":"WA","provider":"WSDOT","hls":null,"snapshot":"https://images.wsdot.wa.gov/nw/005vc17191.jpg","refreshMs":30000,"attribution":"Ora (Warner Varnado) · WSDOT"}},{"type":"Feature","geometry":{"type":"Point","coordinates":[-122.328684,47.703501]},"properties":{"id":"ora-wa-439","name":"I-5 at MP 172.4: NE 103rd Express Lanes Ramp","state":"WA","provider":"WSDOT","hls":null,"snapshot":"https://images.wsdot.wa.gov/nw/005vc17240.jpg","refreshMs":30000,"attribution":"Ora (Warner Varnado) · WSDOT"}},{"type":"Feature","geometry":{"type":"Point","coordinates":[-122.328735,47.704038]},"properties":{"id":"ora-wa-440","name":"I-5 at MP 172.4: 1st Ave & 103rd","state":"WA","provider":"WSDOT","hls":null,"snapshot":"https://images.wsdot.wa.gov/nw/005vc17245.jpg","refreshMs":30000,"attribution":"Ora (Warner Varnado) · WSDOT"}},{"type":"Feature","geometry":{"type":"Point","coordinates":[-122.329665,47.706745]},"properties":{"id":"ora-wa-441","name":"I-5 at MP 172.6: NE 107th St","state":"WA","provider":"WSDOT","hls":null,"snapshot":"https://images.wsdot.wa.gov/nw/005vc17263.jpg","refreshMs":30000,"attribution":"Ora (Warner Varnado) · WSDOT"}},{"type":"Feature","geometry":{"type":"Point","coordinates":[-122.328873,47.708679]},"properties":{"id":"ora-wa-442","name":"I-5 at MP 172.8: N 110th St, E","state":"WA","provider":"WSDOT","hls":null,"snapshot":"https://images.wsdot.wa.gov/nw/005vc17281.jpg","refreshMs":30000,"attribution":"Ora (Warner Varnado) · WSDOT"}},{"type":"Feature","geometry":{"type":"Point","coordinates":[-122.329563,47.709981]},"properties":{"id":"ora-wa-443","name":"I-5 at MP 172.7: N Northgate Way","state":"WA","provider":"WSDOT","hls":null,"snapshot":"https://images.wsdot.wa.gov/nw/005vc17287.jpg","refreshMs":30000,"attribution":"Ora (Warner Varnado) · WSDOT"}},{"type":"Feature","geometry":{"type":"Point","coordinates":[-122.326938,47.713881]},"properties":{"id":"ora-wa-444","name":"I-5 at MP 173.1: NE 117th St","state":"WA","provider":"WSDOT","hls":null,"snapshot":"https://images.wsdot.wa.gov/nw/005vc17315.jpg","refreshMs":30000,"attribution":"Ora (Warner Varnado) · WSDOT"}},{"type":"Feature","geometry":{"type":"Point","coordinates":[-122.325643,47.715912]},"properties":{"id":"ora-wa-445","name":"I-5 at MP 173.3: NE 120th St","state":"WA","provider":"WSDOT","hls":null,"snapshot":"https://images.wsdot.wa.gov/nw/005vc17338.jpg","refreshMs":30000,"attribution":"Ora (Warner Varnado) · WSDOT"}},{"type":"Feature","geometry":{"type":"Point","coordinates":[-122.32477,47.721666]},"properties":{"id":"ora-wa-446","name":"I-5 at MP 173.7: NE 130th St W","state":"WA","provider":"WSDOT","hls":null,"snapshot":"https://images.wsdot.wa.gov/nw/005vc17374.jpg","refreshMs":30000,"attribution":"Ora (Warner Varnado) · WSDOT"}},{"type":"Feature","geometry":{"type":"Point","coordinates":[-122.324207,47.723869]},"properties":{"id":"ora-wa-447","name":"I-5 at MP 173.8: NE 130th St","state":"WA","provider":"WSDOT","hls":null,"snapshot":"https://images.wsdot.wa.gov/nw/005vc17386.jpg","refreshMs":30000,"attribution":"Ora (Warner Varnado) · WSDOT"}},{"type":"Feature","geometry":{"type":"Point","coordinates":[-122.325046,47.734773]},"properties":{"id":"ora-wa-448","name":"I-5 at MP 174.6: NE 145th St","state":"WA","provider":"WSDOT","hls":null,"snapshot":"https://images.wsdot.wa.gov/nw/005vc17461.jpg","refreshMs":30000,"attribution":"Ora (Warner Varnado) · WSDOT"}},{"type":"Feature","geometry":{"type":"Point","coordinates":[-122.329376,47.741503]},"properties":{"id":"ora-wa-449","name":"I-5 at MP 175.1: NE 155th St","state":"WA","provider":"WSDOT","hls":null,"snapshot":"https://images.wsdot.wa.gov/nw/005vc17510.jpg","refreshMs":30000,"attribution":"Ora (Warner Varnado) · WSDOT"}},{"type":"Feature","geometry":{"type":"Point","coordinates":[-122.32468,47.73475]},"properties":{"id":"ora-wa-450","name":"I-5 at MP 174.7: NE 148th St","state":"WA","provider":"WSDOT","hls":null,"snapshot":"https://images.wsdot.wa.gov/nw/005vc17470.jpg","refreshMs":30000,"attribution":"Ora (Warner Varnado) · WSDOT"}},{"type":"Feature","geometry":{"type":"Point","coordinates":[-122.329001,47.747226]},"properties":{"id":"ora-wa-451","name":"I-5 at MP 175.5: N Metro Base","state":"WA","provider":"WSDOT","hls":null,"snapshot":"https://images.wsdot.wa.gov/nw/005vc17552.jpg","refreshMs":30000,"attribution":"Ora (Warner Varnado) · WSDOT"}},{"type":"Feature","geometry":{"type":"Point","coordinates":[-122.330475,47.754488]},"properties":{"id":"ora-wa-452","name":"I-5 at MP 176: NE 175th St","state":"WA","provider":"WSDOT","hls":null,"snapshot":"https://images.wsdot.wa.gov/nw/005vc17603.jpg","refreshMs":30000,"attribution":"Ora (Warner Varnado) · WSDOT"}},{"type":"Feature","geometry":{"type":"Point","coordinates":[-122.327899,47.757826]},"properties":{"id":"ora-wa-453","name":"I-5 at MP 176.2: NE 175th St, NB","state":"WA","provider":"WSDOT","hls":null,"snapshot":"https://images.wsdot.wa.gov/nw/005vc17627.jpg","refreshMs":30000,"attribution":"Ora (Warner Varnado) · WSDOT"}},{"type":"Feature","geometry":{"type":"Point","coordinates":[-122.321195,47.770637]},"properties":{"id":"ora-wa-454","name":"I-5 at MP 177.2: NE 195th St","state":"WA","provider":"WSDOT","hls":null,"snapshot":"https://images.wsdot.wa.gov/nw/005vc17722.jpg","refreshMs":30000,"attribution":"Ora (Warner Varnado) · WSDOT"}},{"type":"Feature","geometry":{"type":"Point","coordinates":[-122.317597,47.777904]},"properties":{"id":"ora-wa-455","name":"I-5 at MP 177.7: NE 205th St","state":"WA","provider":"WSDOT","hls":null,"snapshot":"https://images.wsdot.wa.gov/nw/005vc17776.jpg","refreshMs":30000,"attribution":"Ora (Warner Varnado) · WSDOT"}},{"type":"Feature","geometry":{"type":"Point","coordinates":[-122.316101,47.785331]},"properties":{"id":"ora-wa-456","name":"I-5 at MP 178.2: 236th St SW","state":"WA","provider":"WSDOT","hls":null,"snapshot":"https://images.wsdot.wa.gov/nw/005vc17828.jpg","refreshMs":30000,"attribution":"Ora (Warner Varnado) · WSDOT"}},{"type":"Feature","geometry":{"type":"Point","coordinates":[-122.31428,47.799634]},"properties":{"id":"ora-wa-457","name":"I-5 at MP 179.2: 220th St SW","state":"WA","provider":"WSDOT","hls":null,"snapshot":"https://images.wsdot.wa.gov/nw/005vc17928.jpg","refreshMs":30000,"attribution":"Ora (Warner Varnado) · WSDOT"}},{"type":"Feature","geometry":{"type":"Point","coordinates":[-122.316628,47.790162]},"properties":{"id":"ora-wa-458","name":"I-5 at MP 178.6: 230th St SW","state":"WA","provider":"WSDOT","hls":null,"snapshot":"https://images.wsdot.wa.gov/nw/005vc17863.jpg","refreshMs":30000,"attribution":"Ora (Warner Varnado) · WSDOT"}},{"type":"Feature","geometry":{"type":"Point","coordinates":[-122.316085,47.791968]},"properties":{"id":"ora-wa-459","name":"I-5 at MP 178.7: 228th St SW","state":"WA","provider":"WSDOT","hls":null,"snapshot":"https://images.wsdot.wa.gov/nw/005vc17875.jpg","refreshMs":30000,"attribution":"Ora (Warner Varnado) · WSDOT"}},{"type":"Feature","geometry":{"type":"Point","coordinates":[-122.30986,47.804321]},"properties":{"id":"ora-wa-460","name":"I-5 at MP 179.6: 212th St SW","state":"WA","provider":"WSDOT","hls":null,"snapshot":"https://images.wsdot.wa.gov/nw/005vc17966.jpg","refreshMs":30000,"attribution":"Ora (Warner Varnado) · WSDOT"}},{"type":"Feature","geometry":{"type":"Point","coordinates":[-122.293293,47.813164]},"properties":{"id":"ora-wa-461","name":"I-5 at MP 180.6: 44th Ave W","state":"WA","provider":"WSDOT","hls":null,"snapshot":"https://images.wsdot.wa.gov/nw/005vc18065.jpg","refreshMs":30000,"attribution":"Ora (Warner Varnado) · WSDOT"}},{"type":"Feature","geometry":{"type":"Point","coordinates":[-122.278048,47.821302]},"properties":{"id":"ora-wa-462","name":"I-5 at MP 181.5: 196th St SW","state":"WA","provider":"WSDOT","hls":null,"snapshot":"https://images.wsdot.wa.gov/nw/005vc18155.jpg","refreshMs":30000,"attribution":"Ora (Warner Varnado) · WSDOT"}},{"type":"Feature","geometry":{"type":"Point","coordinates":[-122.262851,47.830247]},"properties":{"id":"ora-wa-463","name":"I-5 at MP 182.5: 186th St SW","state":"WA","provider":"WSDOT","hls":null,"snapshot":"https://images.wsdot.wa.gov/nw/005vc18250.jpg","refreshMs":30000,"attribution":"Ora (Warner Varnado) · WSDOT"}},{"type":"Feature","geometry":{"type":"Point","coordinates":[-122.26193,47.831777]},"properties":{"id":"ora-wa-464","name":"I-5 at MP 182.6: Alderwood","state":"WA","provider":"WSDOT","hls":null,"snapshot":"https://images.wsdot.wa.gov/nw/005vc18262.jpg","refreshMs":30000,"attribution":"Ora (Warner Varnado) · WSDOT"}},{"type":"Feature","geometry":{"type":"Point","coordinates":[-122.260451,47.837301]},"properties":{"id":"ora-wa-465","name":"I-5 at MP 183: I-405 Interchange (Alderwood)","state":"WA","provider":"WSDOT","hls":null,"snapshot":"https://images.wsdot.wa.gov/nw/405vc03022.jpg","refreshMs":30000,"attribution":"Ora (Warner Varnado) · WSDOT"}},{"type":"Feature","geometry":{"type":"Point","coordinates":[-122.257195,47.849969]},"properties":{"id":"ora-wa-466","name":"I-5 at MP 183.8: 164th St, Ramp","state":"WA","provider":"WSDOT","hls":null,"snapshot":"https://images.wsdot.wa.gov/nw/005vc18389.jpg","refreshMs":30000,"attribution":"Ora (Warner Varnado) · WSDOT"}},{"type":"Feature","geometry":{"type":"Point","coordinates":[-122.257121,47.850252]},"properties":{"id":"ora-wa-467","name":"I-5 at MP 183.9: 164th St SW","state":"WA","provider":"WSDOT","hls":null,"snapshot":"https://images.wsdot.wa.gov/nw/005vc18391.jpg","refreshMs":30000,"attribution":"Ora (Warner Varnado) · WSDOT"}},{"type":"Feature","geometry":{"type":"Point","coordinates":[-122.255309,47.853291]},"properties":{"id":"ora-wa-468","name":"I-5 at MP 184.1: Ash Way","state":"WA","provider":"WSDOT","hls":null,"snapshot":"https://images.wsdot.wa.gov/nw/005vc18414.jpg","refreshMs":30000,"attribution":"Ora (Warner Varnado) · WSDOT"}},{"type":"Feature","geometry":{"type":"Point","coordinates":[-122.245679,47.864976]},"properties":{"id":"ora-wa-469","name":"I-5 at MP 185: 148th St SW","state":"WA","provider":"WSDOT","hls":null,"snapshot":"https://images.wsdot.wa.gov/nw/005vc18507.jpg","refreshMs":30000,"attribution":"Ora (Warner Varnado) · WSDOT"}},{"type":"Feature","geometry":{"type":"Point","coordinates":[-122.24071,47.87665]},"properties":{"id":"ora-wa-470","name":"I-5 at MP 185.7: 134th St SW","state":"WA","provider":"WSDOT","hls":null,"snapshot":"https://images.wsdot.wa.gov/nw/005vc18577.jpg","refreshMs":30000,"attribution":"Ora (Warner Varnado) · WSDOT"}},{"type":"Feature","geometry":{"type":"Point","coordinates":[-122.232303,47.882686]},"properties":{"id":"ora-wa-471","name":"I-5 at MP 186.4: 128th St SW","state":"WA","provider":"WSDOT","hls":null,"snapshot":"https://images.wsdot.wa.gov/nw/005vc18648.jpg","refreshMs":30000,"attribution":"Ora (Warner Varnado) · WSDOT"}},{"type":"Feature","geometry":{"type":"Point","coordinates":[-122.220981,47.8912]},"properties":{"id":"ora-wa-472","name":"I-5 at MP 187.2: 118th St SW","state":"WA","provider":"WSDOT","hls":null,"snapshot":"https://images.wsdot.wa.gov/nw/005vc18726.jpg","refreshMs":30000,"attribution":"Ora (Warner Varnado) · WSDOT"}},{"type":"Feature","geometry":{"type":"Point","coordinates":[-122.219385,47.893473]},"properties":{"id":"ora-wa-473","name":"I-5 at MP 187.4: 112th St SW, SB","state":"WA","provider":"WSDOT","hls":null,"snapshot":"https://images.wsdot.wa.gov/nw/005vc18748.jpg","refreshMs":30000,"attribution":"Ora (Warner Varnado) · WSDOT"}},{"type":"Feature","geometry":{"type":"Point","coordinates":[-122.212995,47.89985]},"properties":{"id":"ora-wa-474","name":"I-5 at MP 187.9: 112th St SW, NB","state":"WA","provider":"WSDOT","hls":null,"snapshot":"https://images.wsdot.wa.gov/nw/005vc18797.jpg","refreshMs":30000,"attribution":"Ora (Warner Varnado) · WSDOT"}},{"type":"Feature","geometry":{"type":"Point","coordinates":[-122.21195,47.906854]},"properties":{"id":"ora-wa-475","name":"I-5 at MP 188.4: 106th St SW","state":"WA","provider":"WSDOT","hls":null,"snapshot":"https://images.wsdot.wa.gov/nw/005vc18848.jpg","refreshMs":30000,"attribution":"Ora (Warner Varnado) · WSDOT"}},{"type":"Feature","geometry":{"type":"Point","coordinates":[-122.207336,47.916719]},"properties":{"id":"ora-wa-476","name":"I-5 at MP 189.1: Everett Mall Way","state":"WA","provider":"WSDOT","hls":null,"snapshot":"https://images.wsdot.wa.gov/nw/005vc18918.jpg","refreshMs":30000,"attribution":"Ora (Warner Varnado) · WSDOT"}},{"type":"Feature","geometry":{"type":"Point","coordinates":[-122.206265,47.91915]},"properties":{"id":"ora-wa-477","name":"I-5 at MP 189.3: SR 526 Interchange","state":"WA","provider":"WSDOT","hls":null,"snapshot":"https://images.wsdot.wa.gov/nw/005vc18934.jpg","refreshMs":30000,"attribution":"Ora (Warner Varnado) · WSDOT"}},{"type":"Feature","geometry":{"type":"Point","coordinates":[-122.207564,47.920931]},"properties":{"id":"ora-wa-478","name":"I-5 at MP 189.4: Broadway SB Ramp","state":"WA","provider":"WSDOT","hls":null,"snapshot":"https://images.wsdot.wa.gov/nw/005vc18943.jpg","refreshMs":30000,"attribution":"Ora (Warner Varnado) · WSDOT"}},{"type":"Feature","geometry":{"type":"Point","coordinates":[-122.201673,47.927355]},"properties":{"id":"ora-wa-479","name":"I-5 at MP 189.9: 77th St SE","state":"WA","provider":"WSDOT","hls":null,"snapshot":"https://images.wsdot.wa.gov/nw/005vc18997.jpg","refreshMs":30000,"attribution":"Ora (Warner Varnado) · WSDOT"}},{"type":"Feature","geometry":{"type":"Point","coordinates":[-122.195965,47.932106]},"properties":{"id":"ora-wa-480","name":"I-5 at MP 190.3: 73rd St SE, SB","state":"WA","provider":"WSDOT","hls":null,"snapshot":"https://images.wsdot.wa.gov/nw/005vc19039.jpg","refreshMs":30000,"attribution":"Ora (Warner Varnado) · WSDOT"}},{"type":"Feature","geometry":{"type":"Point","coordinates":[-122.195899,47.932392]},"properties":{"id":"ora-wa-481","name":"I-5 at MP 190.4: 73rd St SE, NB","state":"WA","provider":"WSDOT","hls":null,"snapshot":"https://images.wsdot.wa.gov/nw/005vc19041.jpg","refreshMs":30000,"attribution":"Ora (Warner Varnado) · WSDOT"}},{"type":"Feature","geometry":{"type":"Point","coordinates":[-122.196674,47.943075]},"properties":{"id":"ora-wa-482","name":"I-5 at MP 191.1: 61st St SE, NB","state":"WA","provider":"WSDOT","hls":null,"snapshot":"https://images.wsdot.wa.gov/nw/005vc19115.jpg","refreshMs":30000,"attribution":"Ora (Warner Varnado) · WSDOT"}},{"type":"Feature","geometry":{"type":"Point","coordinates":[-122.196907,47.943783]},"properties":{"id":"ora-wa-483","name":"I-5 at MP 191.2: 60th St SE, SB","state":"WA","provider":"WSDOT","hls":null,"snapshot":"https://images.wsdot.wa.gov/nw/005vc19120.jpg","refreshMs":30000,"attribution":"Ora (Warner Varnado) · WSDOT"}},{"type":"Feature","geometry":{"type":"Point","coordinates":[-122.199047,47.951023]},"properties":{"id":"ora-wa-484","name":"I-5 at MP 191.6: 52nd St SE","state":"WA","provider":"WSDOT","hls":null,"snapshot":"https://images.wsdot.wa.gov/nw/005vc19169.jpg","refreshMs":30000,"attribution":"Ora (Warner Varnado) · WSDOT"}},{"type":"Feature","geometry":{"type":"Point","coordinates":[-122.199333,47.954868]},"properties":{"id":"ora-wa-485","name":"I-5 at MP 191.9: 47th St SE","state":"WA","provider":"WSDOT","hls":null,"snapshot":"https://images.wsdot.wa.gov/nw/005vc19195.jpg","refreshMs":30000,"attribution":"Ora (Warner Varnado) · WSDOT"}},{"type":"Feature","geometry":{"type":"Point","coordinates":[-122.199295,47.96015]},"properties":{"id":"ora-wa-486","name":"I-5 at MP 192.3: 43rd St SE","state":"WA","provider":"WSDOT","hls":null,"snapshot":"https://images.wsdot.wa.gov/nw/005vc19234.jpg","refreshMs":30000,"attribution":"Ora (Warner Varnado) · WSDOT"}},{"type":"Feature","geometry":{"type":"Point","coordinates":[-122.199206,47.964242]},"properties":{"id":"ora-wa-487","name":"I-5 at MP 192.6: 41st St","state":"WA","provider":"WSDOT","hls":null,"snapshot":"https://images.wsdot.wa.gov/nw/005vc19267.jpg","refreshMs":30000,"attribution":"Ora (Warner Varnado) · WSDOT"}},{"type":"Feature","geometry":{"type":"Point","coordinates":[-122.198948,47.965605]},"properties":{"id":"ora-wa-488","name":"I-5 at MP 192.7: 40th St","state":"WA","provider":"WSDOT","hls":null,"snapshot":"https://images.wsdot.wa.gov/nw/005vc19273.jpg","refreshMs":30000,"attribution":"Ora (Warner Varnado) · WSDOT"}},{"type":"Feature","geometry":{"type":"Point","coordinates":[-122.196171,47.969367]},"properties":{"id":"ora-wa-489","name":"I-5 at MP 193: 36th St","state":"WA","provider":"WSDOT","hls":null,"snapshot":"https://images.wsdot.wa.gov/nw/005vc19303.jpg","refreshMs":30000,"attribution":"Ora (Warner Varnado) · WSDOT"}},{"type":"Feature","geometry":{"type":"Point","coordinates":[-122.190578,47.975886]},"properties":{"id":"ora-wa-490","name":"I-5 at MP 193.5: Pacific Ave","state":"WA","provider":"WSDOT","hls":null,"snapshot":"https://images.wsdot.wa.gov/nw/005vc19357.jpg","refreshMs":30000,"attribution":"Ora (Warner Varnado) · WSDOT"}},{"type":"Feature","geometry":{"type":"Point","coordinates":[-122.188347,47.980354]},"properties":{"id":"ora-wa-491","name":"I-5 at MP 193.9: US 2 Interchange","state":"WA","provider":"WSDOT","hls":null,"snapshot":"https://images.wsdot.wa.gov/nw/005vc19389.jpg","refreshMs":30000,"attribution":"Ora (Warner Varnado) · WSDOT"}},{"type":"Feature","geometry":{"type":"Point","coordinates":[-122.185935,47.982248]},"properties":{"id":"ora-wa-492","name":"I-5 at MP 194: Everett Ave","state":"WA","provider":"WSDOT","hls":null,"snapshot":"https://images.wsdot.wa.gov/nw/005vc19406.jpg","refreshMs":30000,"attribution":"Ora (Warner Varnado) · WSDOT"}},{"type":"Feature","geometry":{"type":"Point","coordinates":[-122.183184,47.985339]},"properties":{"id":"ora-wa-493","name":"I-5 @ MP 194.33: 23rd St","state":"WA","provider":"WSDOT","hls":null,"snapshot":"https://images.wsdot.wa.gov/nw/005vc19433.jpg","refreshMs":30000,"attribution":"Ora (Warner Varnado) · WSDOT"}},{"type":"Feature","geometry":{"type":"Point","coordinates":[-122.18307,47.99066]},"properties":{"id":"ora-wa-494","name":"I-5 at MP 194.6: Marine View Dr","state":"WA","provider":"WSDOT","hls":null,"snapshot":"https://images.wsdot.wa.gov/nw/005vc19469.jpg","refreshMs":30000,"attribution":"Ora (Warner Varnado) · WSDOT"}},{"type":"Feature","geometry":{"type":"Point","coordinates":[-122.173997,47.998371]},"properties":{"id":"ora-wa-495","name":"I-5 at MP 195.4: 2nd St NE","state":"WA","provider":"WSDOT","hls":null,"snapshot":"https://images.wsdot.wa.gov/nw/005vc19537.jpg","refreshMs":30000,"attribution":"Ora (Warner Varnado) · WSDOT"}},{"type":"Feature","geometry":{"type":"Point","coordinates":[-122.174261,48.007951]},"properties":{"id":"ora-wa-496","name":"I-5 at MP 196: 12th St NE","state":"WA","provider":"WSDOT","hls":null,"snapshot":"https://images.wsdot.wa.gov/nw/005vc19601.jpg","refreshMs":30000,"attribution":"Ora (Warner Varnado) · WSDOT"}},{"type":"Feature","geometry":{"type":"Point","coordinates":[-122.174959,48.020167]},"properties":{"id":"ora-wa-497","name":"I-5 at MP 196.9: 26th St NE","state":"WA","provider":"WSDOT","hls":null,"snapshot":"https://images.wsdot.wa.gov/nw/005vc19688.jpg","refreshMs":30000,"attribution":"Ora (Warner Varnado) · WSDOT"}},{"type":"Feature","geometry":{"type":"Point","coordinates":[-122.176866,48.029967]},"properties":{"id":"ora-wa-498","name":"I-5 at MP 197.5: 37th St NE","state":"WA","provider":"WSDOT","hls":null,"snapshot":"https://images.wsdot.wa.gov/nw/005vc19754.jpg","refreshMs":30000,"attribution":"Ora (Warner Varnado) · WSDOT"}},{"type":"Feature","geometry":{"type":"Point","coordinates":[-122.178809,48.040434]},"properties":{"id":"ora-wa-499","name":"I-5 at MP 198.3: SR 529 NB Ramps","state":"WA","provider":"WSDOT","hls":null,"snapshot":"https://images.wsdot.wa.gov/nw/005vc19829.jpg","refreshMs":30000,"attribution":"Ora (Warner Varnado) · WSDOT"}},{"type":"Feature","geometry":{"type":"Point","coordinates":[-122.180489,48.042083]},"properties":{"id":"ora-wa-500","name":"I-5 at MP 198.5: SR 529 SB Ramps","state":"WA","provider":"WSDOT","hls":null,"snapshot":"https://images.wsdot.wa.gov/nw/005vc19849.jpg","refreshMs":30000,"attribution":"Ora (Warner Varnado) · WSDOT"}},{"type":"Feature","geometry":{"type":"Point","coordinates":[-122.184422,48.051817]},"properties":{"id":"ora-wa-501","name":"I-5 at MP 199.1: SR 528 Interchange","state":"WA","provider":"WSDOT","hls":null,"snapshot":"https://images.wsdot.wa.gov/nw/005vc19910.jpg","refreshMs":30000,"attribution":"Ora (Warner Varnado) · WSDOT"}},{"type":"Feature","geometry":{"type":"Point","coordinates":[-122.184691,48.063064]},"properties":{"id":"ora-wa-502","name":"I-5 at MP 199.8: 72nd St NE","state":"WA","provider":"WSDOT","hls":null,"snapshot":"https://images.wsdot.wa.gov/nw/005vc19988.jpg","refreshMs":30000,"attribution":"Ora (Warner Varnado) · WSDOT"}},{"type":"Feature","geometry":{"type":"Point","coordinates":[-122.184631,48.075835]},"properties":{"id":"ora-wa-503","name":"I-5 at MP 200.7: 88th St NE","state":"WA","provider":"WSDOT","hls":null,"snapshot":"https://images.wsdot.wa.gov/nw/005vc20077.jpg","refreshMs":30000,"attribution":"Ora (Warner Varnado) · WSDOT"}},{"type":"Feature","geometry":{"type":"Point","coordinates":[-122.184689,48.087706]},"properties":{"id":"ora-wa-504","name":"I-5 at MP 201.5: 101st Pl NE","state":"WA","provider":"WSDOT","hls":null,"snapshot":"https://images.wsdot.wa.gov/nw/005vc20159.jpg","refreshMs":30000,"attribution":"Ora (Warner Varnado) · WSDOT"}},{"type":"Feature","geometry":{"type":"Point","coordinates":[-122.184747,48.100409]},"properties":{"id":"ora-wa-505","name":"I-5 at MP 202.4: 116th St NE","state":"WA","provider":"WSDOT","hls":null,"snapshot":"https://images.wsdot.wa.gov/nw/005vc20249.jpg","refreshMs":30000,"attribution":"Ora (Warner Varnado) · WSDOT"}},{"type":"Feature","geometry":{"type":"Point","coordinates":[-122.184748,48.101133]},"properties":{"id":"ora-wa-506","name":"I-5 at MP 202.5: 117th St NE","state":"WA","provider":"WSDOT","hls":null,"snapshot":"https://images.wsdot.wa.gov/nw/005vc20251.jpg","refreshMs":30000,"attribution":"Ora (Warner Varnado) · WSDOT"}},{"type":"Feature","geometry":{"type":"Point","coordinates":[-122.184783,48.112856]},"properties":{"id":"ora-wa-507","name":"I-5 at MP 203.3: 128th St NE","state":"WA","provider":"WSDOT","hls":null,"snapshot":"https://images.wsdot.wa.gov/nw/005vc20332.jpg","refreshMs":30000,"attribution":"Ora (Warner Varnado) · WSDOT"}},{"type":"Feature","geometry":{"type":"Point","coordinates":[-122.185036,48.119697]},"properties":{"id":"ora-wa-508","name":"I-5 at MP 203.7: 136th St NE","state":"WA","provider":"WSDOT","hls":null,"snapshot":"https://images.wsdot.wa.gov/nw/005vc20379.jpg","refreshMs":30000,"attribution":"Ora (Warner Varnado) · WSDOT"}},{"type":"Feature","geometry":{"type":"Point","coordinates":[-122.185363,48.126333]},"properties":{"id":"ora-wa-509","name":"I-5 at MP 204.2: 144th St NE","state":"WA","provider":"WSDOT","hls":null,"snapshot":"https://images.wsdot.wa.gov/nw/005vc20424.jpg","refreshMs":30000,"attribution":"Ora (Warner Varnado) · WSDOT"}},{"type":"Feature","geometry":{"type":"Point","coordinates":[-122.186111,48.137445]},"properties":{"id":"ora-wa-510","name":"I-5 at MP 205: 156th St NE","state":"WA","provider":"WSDOT","hls":null,"snapshot":"https://images.wsdot.wa.gov/nw/005vc20503.jpg","refreshMs":30000,"attribution":"Ora (Warner Varnado) · WSDOT"}},{"type":"Feature","geometry":{"type":"Point","coordinates":[-122.188773,48.1529]},"properties":{"id":"ora-wa-511","name":"I-5 at MP 206: SR 531 Interchange","state":"WA","provider":"WSDOT","hls":null,"snapshot":"https://images.wsdot.wa.gov/nw/005vc20609.jpg","refreshMs":30000,"attribution":"Ora (Warner Varnado) · WSDOT"}},{"type":"Feature","geometry":{"type":"Point","coordinates":[-122.190865,48.164701]},"properties":{"id":"ora-wa-512","name":"I-5 at MP 206.9: 184th St NE","state":"WA","provider":"WSDOT","hls":null,"snapshot":"https://images.wsdot.wa.gov/nw/005vc20691.jpg","refreshMs":30000,"attribution":"Ora (Warner Varnado) · WSDOT"}},{"type":"Feature","geometry":{"type":"Point","coordinates":[-122.193286,48.176788]},"properties":{"id":"ora-wa-513","name":"I-5 at MP 207.7: 200th St NE","state":"WA","provider":"WSDOT","hls":null,"snapshot":"https://images.wsdot.wa.gov/nw/005vc20776.jpg","refreshMs":30000,"attribution":"Ora (Warner Varnado) · WSDOT"}},{"type":"Feature","geometry":{"type":"Point","coordinates":[-122.203104,48.188335]},"properties":{"id":"ora-wa-514","name":"I-5 at MP 208.6: SR 530 Interchange","state":"WA","provider":"WSDOT","hls":null,"snapshot":"https://images.wsdot.wa.gov/nw/005vc20868.jpg","refreshMs":30000,"attribution":"Ora (Warner Varnado) · WSDOT"}},{"type":"Feature","geometry":{"type":"Point","coordinates":[-122.209642,48.196708]},"properties":{"id":"ora-wa-515","name":"I-5 at MP 209.3: Stillaguamish River","state":"WA","provider":"WSDOT","hls":null,"snapshot":"https://images.wsdot.wa.gov/nw/005vc20934.jpg","refreshMs":30000,"attribution":"Ora (Warner Varnado) · WSDOT"}},{"type":"Feature","geometry":{"type":"Point","coordinates":[-122.213488,48.203585]},"properties":{"id":"ora-wa-516","name":"I-5 at MP 209.8: 228th St NE","state":"WA","provider":"WSDOT","hls":null,"snapshot":"https://images.wsdot.wa.gov/nw/005vc20983.jpg","refreshMs":30000,"attribution":"Ora (Warner Varnado) · WSDOT"}},{"type":"Feature","geometry":{"type":"Point","coordinates":[-122.216305,48.209208]},"properties":{"id":"ora-wa-517","name":"I-5 at MP 210.3: 236th St NE","state":"WA","provider":"WSDOT","hls":null,"snapshot":"https://images.wsdot.wa.gov/nw/005vc21032.jpg","refreshMs":30000,"attribution":"Ora (Warner Varnado) · WSDOT"}},{"type":"Feature","geometry":{"type":"Point","coordinates":[-122.242168,48.239725]},"properties":{"id":"ora-wa-518","name":"I-5 at MP 212.7: SR 532 Interchange","state":"WA","provider":"WSDOT","hls":null,"snapshot":"https://images.wsdot.wa.gov/nw/005vc21272.jpg","refreshMs":30000,"attribution":"Ora (Warner Varnado) · WSDOT"}},{"type":"Feature","geometry":{"type":"Point","coordinates":[-122.330828,48.399097]},"properties":{"id":"ora-wa-519","name":"I-5 at MP 225.1: Anderson Rd (South)","state":"WA","provider":"WSDOT","hls":null,"snapshot":"https://images.wsdot.wa.gov/nw/005vc22517.jpg","refreshMs":30000,"attribution":"Ora (Warner Varnado) · WSDOT"}},{"type":"Feature","geometry":{"type":"Point","coordinates":[-122.330444,48.400449]},"properties":{"id":"ora-wa-520","name":"I-5 at MP 225.1: Anderson Rd (North)","state":"WA","provider":"WSDOT","hls":null,"snapshot":"https://images.wsdot.wa.gov/nw/005vc22518.jpg","refreshMs":30000,"attribution":"Ora (Warner Varnado) · WSDOT"}},{"type":"Feature","geometry":{"type":"Point","coordinates":[-122.335406,48.422016]},"properties":{"id":"ora-wa-521","name":"I-5 at MP 226.7: North of Kincaid St","state":"WA","provider":"WSDOT","hls":null,"snapshot":"https://images.wsdot.wa.gov/nw/005vc22670.jpg","refreshMs":30000,"attribution":"Ora (Warner Varnado) · WSDOT"}},{"type":"Feature","geometry":{"type":"Point","coordinates":[-122.340749,48.429437]},"properties":{"id":"ora-wa-522","name":"I-5 at MP 227.7: College Way NB Ramps (SR 538)","state":"WA","provider":"WSDOT","hls":null,"snapshot":"https://images.wsdot.wa.gov/nw/538vc00004.jpg","refreshMs":30000,"attribution":"Ora (Warner Varnado) · WSDOT"}},{"type":"Feature","geometry":{"type":"Point","coordinates":[-122.341145,48.436043]},"properties":{"id":"ora-wa-523","name":"I-5 at MP 227.7: College Way","state":"WA","provider":"WSDOT","hls":null,"snapshot":"https://images.wsdot.wa.gov/nw/005vc22773.jpg","refreshMs":30000,"attribution":"Ora (Warner Varnado) · WSDOT"}},{"type":"Feature","geometry":{"type":"Point","coordinates":[-122.342387,48.452221]},"properties":{"id":"ora-wa-524","name":"I-5 at MP 228.8: George Hopper Rd","state":"WA","provider":"WSDOT","hls":null,"snapshot":"https://images.wsdot.wa.gov/nw/005vc22887.jpg","refreshMs":30000,"attribution":"Ora (Warner Varnado) · WSDOT"}},{"type":"Feature","geometry":{"type":"Point","coordinates":[-122.342113,48.470416]},"properties":{"id":"ora-wa-525","name":"I-5 at MP 230.1: SR 20 Interchange","state":"WA","provider":"WSDOT","hls":null,"snapshot":"https://images.wsdot.wa.gov/nw/005vc23012.jpg","refreshMs":30000,"attribution":"Ora (Warner Varnado) · WSDOT"}},{"type":"Feature","geometry":{"type":"Point","coordinates":[-122.399807,48.688213]},"properties":{"id":"ora-wa-526","name":"I-5 at MP 246.2: Lake Samish Park and Ride","state":"WA","provider":"WSDOT","hls":null,"snapshot":"https://images.wsdot.wa.gov/nw/005vc24625.jpg","refreshMs":30000,"attribution":"Ora (Warner Varnado) · WSDOT"}},{"type":"Feature","geometry":{"type":"Point","coordinates":[-122.476394,48.708911]},"properties":{"id":"ora-wa-527","name":"I-5 at MP 250.3: South of Old Fairhaven Parkway NB","state":"WA","provider":"WSDOT","hls":null,"snapshot":"https://images.wsdot.wa.gov/nw/005vc25036.jpg","refreshMs":30000,"attribution":"Ora (Warner Varnado) · WSDOT"}},{"type":"Feature","geometry":{"type":"Point","coordinates":[-122.474349,48.714044]},"properties":{"id":"ora-wa-528","name":"I-5 at MP 250.7: Old Fairhaven Parkway","state":"WA","provider":"WSDOT","hls":null,"snapshot":"https://images.wsdot.wa.gov/nw/005vc25074.jpg","refreshMs":30000,"attribution":"Ora (Warner Varnado) · WSDOT"}},{"type":"Feature","geometry":{"type":"Point","coordinates":[-122.471615,48.72928]},"properties":{"id":"ora-wa-529","name":"I-5 at MP 251.8: Samish Way SB Onramp","state":"WA","provider":"WSDOT","hls":null,"snapshot":"https://images.wsdot.wa.gov/nw/005vc25183.jpg","refreshMs":30000,"attribution":"Ora (Warner Varnado) · WSDOT"}},{"type":"Feature","geometry":{"type":"Point","coordinates":[-122.46735,48.734326]},"properties":{"id":"ora-wa-530","name":"I-5 at MP 252.2: Samish Way NB Onramp","state":"WA","provider":"WSDOT","hls":null,"snapshot":"https://images.wsdot.wa.gov/nw/005vc25223.jpg","refreshMs":30000,"attribution":"Ora (Warner Varnado) · WSDOT"}},{"type":"Feature","geometry":{"type":"Point","coordinates":[-122.465109,48.746594]},"properties":{"id":"ora-wa-531","name":"I-5 at MP 253: Lakeway Dr","state":"WA","provider":"WSDOT","hls":null,"snapshot":"https://images.wsdot.wa.gov/nw/005vc25308.jpg","refreshMs":30000,"attribution":"Ora (Warner Varnado) · WSDOT"}},{"type":"Feature","geometry":{"type":"Point","coordinates":[-122.461734,48.754913]},"properties":{"id":"ora-wa-532","name":"I-5 at MP 253.6: Iowa St","state":"WA","provider":"WSDOT","hls":null,"snapshot":"https://images.wsdot.wa.gov/nw/005vc25368.jpg","refreshMs":30000,"attribution":"Ora (Warner Varnado) · WSDOT"}},{"type":"Feature","geometry":{"type":"Point","coordinates":[-122.464585,48.772832]},"properties":{"id":"ora-wa-533","name":"I-5 at MP 254.9: Sunset Dr","state":"WA","provider":"WSDOT","hls":null,"snapshot":"https://images.wsdot.wa.gov/nw/005vc25494.jpg","refreshMs":30000,"attribution":"Ora (Warner Varnado) · WSDOT"}},{"type":"Feature","geometry":{"type":"Point","coordinates":[-122.488285,48.783125]},"properties":{"id":"ora-wa-534","name":"I-5 at MP 256.3: Meridian St","state":"WA","provider":"WSDOT","hls":null,"snapshot":"https://images.wsdot.wa.gov/nw/005vc25630.jpg","refreshMs":30000,"attribution":"Ora (Warner Varnado) · WSDOT"}},{"type":"Feature","geometry":{"type":"Point","coordinates":[-122.499945,48.783675]},"properties":{"id":"ora-wa-535","name":"I-5 at MP 256.8: Northwest Ave","state":"WA","provider":"WSDOT","hls":null,"snapshot":"https://images.wsdot.wa.gov/nw/005vc25683.jpg","refreshMs":30000,"attribution":"Ora (Warner Varnado) · WSDOT"}},{"type":"Feature","geometry":{"type":"Point","coordinates":[-122.516487,48.788556]},"properties":{"id":"ora-wa-536","name":"I-5 at MP 257.6: Bakerview Rd","state":"WA","provider":"WSDOT","hls":null,"snapshot":"https://images.wsdot.wa.gov/nw/005vc25766.jpg","refreshMs":30000,"attribution":"Ora (Warner Varnado) · WSDOT"}},{"type":"Feature","geometry":{"type":"Point","coordinates":[-122.516676,48.788623]},"properties":{"id":"ora-wa-537","name":"I-5 at MP 257.6: Bakerview, SB Offramp","state":"WA","provider":"WSDOT","hls":null,"snapshot":"https://images.wsdot.wa.gov/nw/005vc25767.jpg","refreshMs":30000,"attribution":"Ora (Warner Varnado) · WSDOT"}},{"type":"Feature","geometry":{"type":"Point","coordinates":[-122.529475,48.798177]},"properties":{"id":"ora-wa-538","name":"I-5 at MP 258.5: Bellingham Airport","state":"WA","provider":"WSDOT","hls":null,"snapshot":"https://images.wsdot.wa.gov/nw/005vc25857.jpg","refreshMs":30000,"attribution":"Ora (Warner Varnado) · WSDOT"}},{"type":"Feature","geometry":{"type":"Point","coordinates":[-122.548293,48.817601]},"properties":{"id":"ora-wa-539","name":"I-5 at MP 260.1: Slater Rd","state":"WA","provider":"WSDOT","hls":null,"snapshot":"https://images.wsdot.wa.gov/nw/005vc26014.jpg","refreshMs":30000,"attribution":"Ora (Warner Varnado) · WSDOT"}},{"type":"Feature","geometry":{"type":"Point","coordinates":[-122.562062,48.831762]},"properties":{"id":"ora-wa-540","name":"I-5 at MP 261.3: Smith Rd","state":"WA","provider":"WSDOT","hls":null,"snapshot":"https://images.wsdot.wa.gov/nw/005vc26132.jpg","refreshMs":30000,"attribution":"Ora (Warner Varnado) · WSDOT"}},{"type":"Feature","geometry":{"type":"Point","coordinates":[-122.575906,48.84713]},"properties":{"id":"ora-wa-541","name":"I-5 at MP 262.5: Main St NB Ramps","state":"WA","provider":"WSDOT","hls":null,"snapshot":"https://images.wsdot.wa.gov/nw/005vc26256.jpg","refreshMs":30000,"attribution":"Ora (Warner Varnado) · WSDOT"}},{"type":"Feature","geometry":{"type":"Point","coordinates":[-122.576143,48.847374]},"properties":{"id":"ora-wa-542","name":"I-5 at MP 262.5: Main St SB Ramps","state":"WA","provider":"WSDOT","hls":null,"snapshot":"https://images.wsdot.wa.gov/nw/005vc26258.jpg","refreshMs":30000,"attribution":"Ora (Warner Varnado) · WSDOT"}},{"type":"Feature","geometry":{"type":"Point","coordinates":[-122.577447,48.848714]},"properties":{"id":"ora-wa-543","name":"I-5 at MP 262.6: Main St","state":"WA","provider":"WSDOT","hls":null,"snapshot":"https://images.wsdot.wa.gov/nw/005vc26269.jpg","refreshMs":30000,"attribution":"Ora (Warner Varnado) · WSDOT"}},{"type":"Feature","geometry":{"type":"Point","coordinates":[-122.587713,48.860405]},"properties":{"id":"ora-wa-544","name":"I-5 at MP 263.6: Portal Way","state":"WA","provider":"WSDOT","hls":null,"snapshot":"https://images.wsdot.wa.gov/nw/005vc26363.jpg","refreshMs":30000,"attribution":"Ora (Warner Varnado) · WSDOT"}},{"type":"Feature","geometry":{"type":"Point","coordinates":[-122.588767,48.877777]},"properties":{"id":"ora-wa-545","name":"I-5 at MP 264.8: Trigg Rd","state":"WA","provider":"WSDOT","hls":null,"snapshot":"https://images.wsdot.wa.gov/nw/005vc26484.jpg","refreshMs":30000,"attribution":"Ora (Warner Varnado) · WSDOT"}},{"type":"Feature","geometry":{"type":"Point","coordinates":[-122.597023,48.892186]},"properties":{"id":"ora-wa-546","name":"I-5 at MP 265.9: Grandview Rd","state":"WA","provider":"WSDOT","hls":null,"snapshot":"https://images.wsdot.wa.gov/nw/005vc26598.jpg","refreshMs":30000,"attribution":"Ora (Warner Varnado) · WSDOT"}},{"type":"Feature","geometry":{"type":"Point","coordinates":[-122.611712,48.901139]},"properties":{"id":"ora-wa-547","name":"I-5 at MP 266.8: California Creek","state":"WA","provider":"WSDOT","hls":null,"snapshot":"https://images.wsdot.wa.gov/nw/005vc26689.jpg","refreshMs":30000,"attribution":"Ora (Warner Varnado) · WSDOT"}},{"type":"Feature","geometry":{"type":"Point","coordinates":[-122.624071,48.909496]},"properties":{"id":"ora-wa-548","name":"I-5 at MP 267.7: NB Custer Rest Area","state":"WA","provider":"WSDOT","hls":null,"snapshot":"https://images.wsdot.wa.gov/nw/005vc26770.jpg","refreshMs":30000,"attribution":"Ora (Warner Varnado) · WSDOT"}},{"type":"Feature","geometry":{"type":"Point","coordinates":[-122.628251,48.913402]},"properties":{"id":"ora-wa-549","name":"I-5 at MP 268: Zell Rd","state":"WA","provider":"WSDOT","hls":null,"snapshot":"https://images.wsdot.wa.gov/nw/005vc26803.jpg","refreshMs":30000,"attribution":"Ora (Warner Varnado) · WSDOT"}},{"type":"Feature","geometry":{"type":"Point","coordinates":[-122.634942,48.920833]},"properties":{"id":"ora-wa-550","name":"I-5 at MP 268.6: Willeys Lake Rd","state":"WA","provider":"WSDOT","hls":null,"snapshot":"https://images.wsdot.wa.gov/nw/005vc26863.jpg","refreshMs":30000,"attribution":"Ora (Warner Varnado) · WSDOT"}},{"type":"Feature","geometry":{"type":"Point","coordinates":[-122.644882,48.927349]},"properties":{"id":"ora-wa-551","name":"I-5 at MP 269.2: SB Custer Rest Area South","state":"WA","provider":"WSDOT","hls":null,"snapshot":"https://images.wsdot.wa.gov/nw/005vc26926.jpg","refreshMs":30000,"attribution":"Ora (Warner Varnado) · WSDOT"}},{"type":"Feature","geometry":{"type":"Point","coordinates":[-122.645404,48.927615]},"properties":{"id":"ora-wa-552","name":"I-5 at MP 269.2: SB Custer Rest Area North","state":"WA","provider":"WSDOT","hls":null,"snapshot":"https://images.wsdot.wa.gov/nw/005vc26929.jpg","refreshMs":30000,"attribution":"Ora (Warner Varnado) · WSDOT"}},{"type":"Feature","geometry":{"type":"Point","coordinates":[-122.662171,48.935711]},"properties":{"id":"ora-wa-553","name":"I-5 at MP 270.2: Birch Bay-Lynden Rd","state":"WA","provider":"WSDOT","hls":null,"snapshot":"https://images.wsdot.wa.gov/nw/005vc27024.jpg","refreshMs":30000,"attribution":"Ora (Warner Varnado) · WSDOT"}},{"type":"Feature","geometry":{"type":"Point","coordinates":[-122.68198,48.948308]},"properties":{"id":"ora-wa-554","name":"I-5 at MP 271.4: Loomis Trail Rd","state":"WA","provider":"WSDOT","hls":null,"snapshot":"https://images.wsdot.wa.gov/nw/005vc27149.jpg","refreshMs":30000,"attribution":"Ora (Warner Varnado) · WSDOT"}},{"type":"Feature","geometry":{"type":"Point","coordinates":[-122.702452,48.961768]},"properties":{"id":"ora-wa-555","name":"I-5 at MP 272.8: W 88th St","state":"WA","provider":"WSDOT","hls":null,"snapshot":"https://images.wsdot.wa.gov/nw/005vc27281.jpg","refreshMs":30000,"attribution":"Ora (Warner Varnado) · WSDOT"}},{"type":"Feature","geometry":{"type":"Point","coordinates":[-122.723602,48.975346]},"properties":{"id":"ora-wa-556","name":"I-5 at MP 274.1: Peace Portal Dr","state":"WA","provider":"WSDOT","hls":null,"snapshot":"https://images.wsdot.wa.gov/nw/005vc27416.jpg","refreshMs":30000,"attribution":"Ora (Warner Varnado) · WSDOT"}},{"type":"Feature","geometry":{"type":"Point","coordinates":[-122.735685,48.986851]},"properties":{"id":"ora-wa-557","name":"I-5 at MP 275.1: SR 543 Interchange","state":"WA","provider":"WSDOT","hls":null,"snapshot":"https://images.wsdot.wa.gov/nw/005vc27512.jpg","refreshMs":30000,"attribution":"Ora (Warner Varnado) · WSDOT"}},{"type":"Feature","geometry":{"type":"Point","coordinates":[-122.742222,48.99155]},"properties":{"id":"ora-wa-558","name":"I-5 at MP 275.5: Mitchell Ave","state":"WA","provider":"WSDOT","hls":null,"snapshot":"https://images.wsdot.wa.gov/nw/005vc27556.jpg","refreshMs":30000,"attribution":"Ora (Warner Varnado) · WSDOT"}},{"type":"Feature","geometry":{"type":"Point","coordinates":[-122.751088,48.997186]},"properties":{"id":"ora-wa-559","name":"I-5 at MP 276.1: D St Offramp","state":"WA","provider":"WSDOT","hls":null,"snapshot":"https://images.wsdot.wa.gov/nw/005vc27613.jpg","refreshMs":30000,"attribution":"Ora (Warner Varnado) · WSDOT"}},{"type":"Feature","geometry":{"type":"Point","coordinates":[-122.752542,48.998243]},"properties":{"id":"ora-wa-560","name":"I-5 at MP 276.2: D St","state":"WA","provider":"WSDOT","hls":null,"snapshot":"https://images.wsdot.wa.gov/nw/005vc27623.jpg","refreshMs":30000,"attribution":"Ora (Warner Varnado) · WSDOT"}},{"type":"Feature","geometry":{"type":"Point","coordinates":[-122.755633,49.001589]},"properties":{"id":"ora-wa-561","name":"I-5 at MP 276.5: Peace Arch","state":"WA","provider":"WSDOT","hls":null,"snapshot":"https://images.wsdot.wa.gov/nw/005vc27650.jpg","refreshMs":30000,"attribution":"Ora (Warner Varnado) · WSDOT"}},{"type":"Feature","geometry":{"type":"Point","coordinates":[-120.43773,46.89184]},"properties":{"id":"ora-wa-562","name":"I-82 at MP 7.7: Manastash Ridge Summit","state":"WA","provider":"WSDOT","hls":null,"snapshot":"https://images.wsdot.wa.gov/rweather/UMRidge_medium.jpg","refreshMs":30000,"attribution":"Ora (Warner Varnado) · WSDOT"}},{"type":"Feature","geometry":{"type":"Point","coordinates":[-120.415388,46.712147]},"properties":{"id":"ora-wa-563","name":"I-82 at MP 22.4: Selah Creek Rest Area","state":"WA","provider":"WSDOT","hls":null,"snapshot":"https://images.wsdot.wa.gov/sc/082VC02240.jpg","refreshMs":30000,"attribution":"Ora (Warner Varnado) · WSDOT"}},{"type":"Feature","geometry":{"type":"Point","coordinates":[-120.509896,46.627071]},"properties":{"id":"ora-wa-564","name":"I-82 at MP 31.28: US 12 Interchange @ N. Yakima","state":"WA","provider":"WSDOT","hls":null,"snapshot":"https://images.wsdot.wa.gov/sc/082VC03128.jpg","refreshMs":30000,"attribution":"Ora (Warner Varnado) · WSDOT"}},{"type":"Feature","geometry":{"type":"Point","coordinates":[-120.473237,46.585243]},"properties":{"id":"ora-wa-565","name":"I-82 at MP 34.7: SR 24 Interchange @ Yakima","state":"WA","provider":"WSDOT","hls":null,"snapshot":"https://images.wsdot.wa.gov/sc/082VC03475.jpg","refreshMs":30000,"attribution":"Ora (Warner Varnado) · WSDOT"}},{"type":"Feature","geometry":{"type":"Point","coordinates":[-120.471269,46.559638]},"properties":{"id":"ora-wa-566","name":"I-82 at MP 36.5: Valley Mall Blvd Interchange","state":"WA","provider":"WSDOT","hls":null,"snapshot":"https://images.wsdot.wa.gov/sc/082VC03651.jpg","refreshMs":30000,"attribution":"Ora (Warner Varnado) · WSDOT"}},{"type":"Feature","geometry":{"type":"Point","coordinates":[-120.47103,46.54136]},"properties":{"id":"ora-wa-567","name":"I-82 at MP 37.8: Union Gap","state":"WA","provider":"WSDOT","hls":null,"snapshot":"https://images.wsdot.wa.gov/rweather/Medium_uniongap.jpg","refreshMs":30000,"attribution":"Ora (Warner Varnado) · WSDOT"}},{"type":"Feature","geometry":{"type":"Point","coordinates":[-120.43998,46.49755]},"properties":{"id":"ora-wa-568","name":"I-82 at MP 41.5: Parker Road","state":"WA","provider":"WSDOT","hls":null,"snapshot":"https://images.wsdot.wa.gov/rweather/082vc04150.jpg","refreshMs":30000,"attribution":"Ora (Warner Varnado) · WSDOT"}},{"type":"Feature","geometry":{"type":"Point","coordinates":[-120.313949,46.415829]},"properties":{"id":"ora-wa-569","name":"I-82 at MP 50.12: Toppenish","state":"WA","provider":"WSDOT","hls":null,"snapshot":"https://images.wsdot.wa.gov/SC/082vc05012.jpg","refreshMs":30000,"attribution":"Ora (Warner Varnado) · WSDOT"}},{"type":"Feature","geometry":{"type":"Point","coordinates":[-120.24085,46.39227]},"properties":{"id":"ora-wa-570","name":"I-82 at MP 54: Zillah","state":"WA","provider":"WSDOT","hls":null,"snapshot":"https://images.wsdot.wa.gov/rweather/Medium_Zillah.jpg","refreshMs":30000,"attribution":"Ora (Warner Varnado) · WSDOT"}},{"type":"Feature","geometry":{"type":"Point","coordinates":[-120.18412,46.34988]},"properties":{"id":"ora-wa-571","name":"I-82 at MP 63.6: Outlook","state":"WA","provider":"WSDOT","hls":null,"snapshot":"https://images.wsdot.wa.gov/rweather/Medium_Outlook.jpg","refreshMs":30000,"attribution":"Ora (Warner Varnado) · WSDOT"}},{"type":"Feature","geometry":{"type":"Point","coordinates":[-119.7482,46.21766]},"properties":{"id":"ora-wa-572","name":"I-82 at MP 81.7: Prosser","state":"WA","provider":"WSDOT","hls":null,"snapshot":"https://images.wsdot.wa.gov/rweather/Medium_Prosser.jpg","refreshMs":30000,"attribution":"Ora (Warner Varnado) · WSDOT"}},{"type":"Feature","geometry":{"type":"Point","coordinates":[-119.47538,46.25172]},"properties":{"id":"ora-wa-573","name":"I-82 at MP 96: Benton City","state":"WA","provider":"WSDOT","hls":null,"snapshot":"https://images.wsdot.wa.gov/sc/082VC09600.jpg","refreshMs":30000,"attribution":"Ora (Warner Varnado) · WSDOT"}},{"type":"Feature","geometry":{"type":"Point","coordinates":[-119.3695,46.2504]},"properties":{"id":"ora-wa-574","name":"I-82 at MP 102.5: I-182 Interchange","state":"WA","provider":"WSDOT","hls":null,"snapshot":"https://images.wsdot.wa.gov/rweather/medium_I182@I82.jpg","refreshMs":30000,"attribution":"Ora (Warner Varnado) · WSDOT"}},{"type":"Feature","geometry":{"type":"Point","coordinates":[-119.22449,46.04434]},"properties":{"id":"ora-wa-575","name":"I-82 at MP 121.2: Horse Heaven","state":"WA","provider":"WSDOT","hls":null,"snapshot":"https://images.wsdot.wa.gov/rweather/Medium_HorseHeaven@I-82.jpg","refreshMs":30000,"attribution":"Ora (Warner Varnado) · WSDOT"}},{"type":"Feature","geometry":{"type":"Point","coordinates":[-119.336231,45.947194]},"properties":{"id":"ora-wa-576","name":"I-82 at MP 130.5: Plymouth Port of Entry","state":"WA","provider":"WSDOT","hls":null,"snapshot":"https://images.wsdot.wa.gov/sc/082VC13146.jpg","refreshMs":30000,"attribution":"Ora (Warner Varnado) · WSDOT"}},{"type":"Feature","geometry":{"type":"Point","coordinates":[-122.330006,47.590296]},"properties":{"id":"ora-wa-577","name":"I-90 at MP 2: 3rd Ave S and Edgar Martinez Dr","state":"WA","provider":"WSDOT","hls":null,"snapshot":"https://images.wsdot.wa.gov/nw/090vc00202.jpg","refreshMs":30000,"attribution":"Ora (Warner Varnado) · WSDOT"}},{"type":"Feature","geometry":{"type":"Point","coordinates":[-122.328202,47.590311]},"properties":{"id":"ora-wa-578","name":"I-90 at MP 2: 4th Ave S, EB","state":"WA","provider":"WSDOT","hls":null,"snapshot":"https://images.wsdot.wa.gov/nw/090vc00207.jpg","refreshMs":30000,"attribution":"Ora (Warner Varnado) · WSDOT"}},{"type":"Feature","geometry":{"type":"Point","coordinates":[-122.32395,47.592769]},"properties":{"id":"ora-wa-579","name":"I-90 at MP 2.3: Airport Way, VMS","state":"WA","provider":"WSDOT","hls":null,"snapshot":"https://images.wsdot.wa.gov/nw/090vc00236.jpg","refreshMs":30000,"attribution":"Ora (Warner Varnado) · WSDOT"}},{"type":"Feature","geometry":{"type":"Point","coordinates":[-122.32376,47.592822]},"properties":{"id":"ora-wa-580","name":"I-90 at MP 2.3: Airport Way, WB","state":"WA","provider":"WSDOT","hls":null,"snapshot":"https://images.wsdot.wa.gov/nw/090vc00237.jpg","refreshMs":30000,"attribution":"Ora (Warner Varnado) · WSDOT"}},{"type":"Feature","geometry":{"type":"Point","coordinates":[-122.322215,47.593257]},"properties":{"id":"ora-wa-581","name":"I-90 at MP 2.4: 8th Ave S, EB","state":"WA","provider":"WSDOT","hls":null,"snapshot":"https://images.wsdot.wa.gov/nw/090vc00245.jpg","refreshMs":30000,"attribution":"Ora (Warner Varnado) · WSDOT"}},{"type":"Feature","geometry":{"type":"Point","coordinates":[-122.320266,47.5938]},"properties":{"id":"ora-wa-582","name":"I-90 at MP 2.5: NB I-5 to EB I-90 Ramp","state":"WA","provider":"WSDOT","hls":null,"snapshot":"https://images.wsdot.wa.gov/nw/090vc00255.jpg","refreshMs":30000,"attribution":"Ora (Warner Varnado) · WSDOT"}},{"type":"Feature","geometry":{"type":"Point","coordinates":[-122.317184,47.59464]},"properties":{"id":"ora-wa-583","name":"I-90 at MP 2.7: 12th Ave S, EB","state":"WA","provider":"WSDOT","hls":null,"snapshot":"https://images.wsdot.wa.gov/nw/090vc00271.jpg","refreshMs":30000,"attribution":"Ora (Warner Varnado) · WSDOT"}},{"type":"Feature","geometry":{"type":"Point","coordinates":[-122.317055,47.594673]},"properties":{"id":"ora-wa-584","name":"I-90 at MP 2.7: 12th Ave S, WB","state":"WA","provider":"WSDOT","hls":null,"snapshot":"https://images.wsdot.wa.gov/nw/090vc00272.jpg","refreshMs":30000,"attribution":"Ora (Warner Varnado) · WSDOT"}},{"type":"Feature","geometry":{"type":"Point","coordinates":[-122.313268,47.594049]},"properties":{"id":"ora-wa-585","name":"I-90 at MP 2.9: Corwin Pl S","state":"WA","provider":"WSDOT","hls":null,"snapshot":"https://images.wsdot.wa.gov/nw/090vc00292.jpg","refreshMs":30000,"attribution":"Ora (Warner Varnado) · WSDOT"}},{"type":"Feature","geometry":{"type":"Point","coordinates":[-122.310472,47.590842]},"properties":{"id":"ora-wa-586","name":"I-90 at MP 3.1: 18th Ave S (Near Rainier Ave)","state":"WA","provider":"WSDOT","hls":null,"snapshot":"https://images.wsdot.wa.gov/nw/090vc00318.jpg","refreshMs":30000,"attribution":"Ora (Warner Varnado) · WSDOT"}},{"type":"Feature","geometry":{"type":"Point","coordinates":[-122.308468,47.590042]},"properties":{"id":"ora-wa-587","name":"I-90 at MP 3.2: Rainier Ave S","state":"WA","provider":"WSDOT","hls":null,"snapshot":"https://images.wsdot.wa.gov/nw/090vc00329.jpg","refreshMs":30000,"attribution":"Ora (Warner Varnado) · WSDOT"}},{"type":"Feature","geometry":{"type":"Point","coordinates":[-122.304883,47.59]},"properties":{"id":"ora-wa-588","name":"I-90 at MP 3.4: 21st Ave S","state":"WA","provider":"WSDOT","hls":null,"snapshot":"https://images.wsdot.wa.gov/nw/090vc00346.jpg","refreshMs":30000,"attribution":"Ora (Warner Varnado) · WSDOT"}},{"type":"Feature","geometry":{"type":"Point","coordinates":[-122.304664,47.590003]},"properties":{"id":"ora-wa-589","name":"I-90 at MP 3.4: 22nd Ave S","state":"WA","provider":"WSDOT","hls":null,"snapshot":"https://images.wsdot.wa.gov/nw/090vc00347.jpg","refreshMs":30000,"attribution":"Ora (Warner Varnado) · WSDOT"}},{"type":"Feature","geometry":{"type":"Point","coordinates":[-122.288507,47.590043]},"properties":{"id":"ora-wa-590","name":"I-90 at MP 4.2: East Portal, Mt Baker Tunnel","state":"WA","provider":"WSDOT","hls":null,"snapshot":"https://images.wsdot.wa.gov/nw/090vc00422.jpg","refreshMs":30000,"attribution":"Ora (Warner Varnado) · WSDOT"}},{"type":"Feature","geometry":{"type":"Point","coordinates":[-122.282955,47.589874]},"properties":{"id":"ora-wa-591","name":"I-90 at MP 4.4: West Highrise","state":"WA","provider":"WSDOT","hls":null,"snapshot":"https://images.wsdot.wa.gov/nw/090vc00448.jpg","refreshMs":30000,"attribution":"Ora (Warner Varnado) · WSDOT"}},{"type":"Feature","geometry":{"type":"Point","coordinates":[-122.270109,47.589585]},"properties":{"id":"ora-wa-592","name":"I-90 at MP 5: Floating Bridge Midspan","state":"WA","provider":"WSDOT","hls":null,"snapshot":"https://images.wsdot.wa.gov/nw/090vc00508.jpg","refreshMs":30000,"attribution":"Ora (Warner Varnado) · WSDOT"}},{"type":"Feature","geometry":{"type":"Point","coordinates":[-122.254944,47.58925]},"properties":{"id":"ora-wa-593","name":"I-90 at MP 5.7: Floating Bridge, East Highrise","state":"WA","provider":"WSDOT","hls":null,"snapshot":"https://images.wsdot.wa.gov/nw/090vc00579.jpg","refreshMs":30000,"attribution":"Ora (Warner Varnado) · WSDOT"}},{"type":"Feature","geometry":{"type":"Point","coordinates":[-122.249648,47.590289]},"properties":{"id":"ora-wa-594","name":"I-90 at MP 6: W Mercer Way","state":"WA","provider":"WSDOT","hls":null,"snapshot":"https://images.wsdot.wa.gov/nw/090vc00604.jpg","refreshMs":30000,"attribution":"Ora (Warner Varnado) · WSDOT"}},{"type":"Feature","geometry":{"type":"Point","coordinates":[-122.2377,47.589596]},"properties":{"id":"ora-wa-595","name":"I-90 at MP 6.7: 76th Ave SE","state":"WA","provider":"WSDOT","hls":null,"snapshot":"https://images.wsdot.wa.gov/nw/090vc00670.jpg","refreshMs":30000,"attribution":"Ora (Warner Varnado) · WSDOT"}},{"type":"Feature","geometry":{"type":"Point","coordinates":[-122.234437,47.588277]},"properties":{"id":"ora-wa-596","name":"I-90 at MP 6.8: 77th Ave SE","state":"WA","provider":"WSDOT","hls":null,"snapshot":"https://images.wsdot.wa.gov/nw/090vc00687.jpg","refreshMs":30000,"attribution":"Ora (Warner Varnado) · WSDOT"}},{"type":"Feature","geometry":{"type":"Point","coordinates":[-122.232689,47.58767]},"properties":{"id":"ora-wa-597","name":"I-90 at MP 6.9: 80th Ave SE Westbound","state":"WA","provider":"WSDOT","hls":null,"snapshot":"https://images.wsdot.wa.gov/nw/090vc00696.jpg","refreshMs":30000,"attribution":"Ora (Warner Varnado) · WSDOT"}},{"type":"Feature","geometry":{"type":"Point","coordinates":[-122.231717,47.587333]},"properties":{"id":"ora-wa-598","name":"I-90 at MP 7: 80th Ave SE Eastbound","state":"WA","provider":"WSDOT","hls":null,"snapshot":"https://images.wsdot.wa.gov/nw/090vc00701.jpg","refreshMs":30000,"attribution":"Ora (Warner Varnado) · WSDOT"}},{"type":"Feature","geometry":{"type":"Point","coordinates":[-122.230063,47.586681]},"properties":{"id":"ora-wa-599","name":"I-90 at MP 7.1: ICW Tunnel","state":"WA","provider":"WSDOT","hls":null,"snapshot":"https://images.wsdot.wa.gov/nw/090vc00710.jpg","refreshMs":30000,"attribution":"Ora (Warner Varnado) · WSDOT"}},{"type":"Feature","geometry":{"type":"Point","coordinates":[-122.229521,47.586443]},"properties":{"id":"ora-wa-600","name":"I-90 at MP 7.1: Island Crest Way Arterial","state":"WA","provider":"WSDOT","hls":null,"snapshot":"https://images.wsdot.wa.gov/nw/090vc00713.jpg","refreshMs":30000,"attribution":"Ora (Warner Varnado) · WSDOT"}},{"type":"Feature","geometry":{"type":"Point","coordinates":[-122.229748,47.586787]},"properties":{"id":"ora-wa-601","name":"I-90 at MP 7.1: Island Crest Way","state":"WA","provider":"WSDOT","hls":null,"snapshot":"https://images.wsdot.wa.gov/nw/090vc00714.jpg","refreshMs":30000,"attribution":"Ora (Warner Varnado) · WSDOT"}},{"type":"Feature","geometry":{"type":"Point","coordinates":[-122.216421,47.580034]},"properties":{"id":"ora-wa-602","name":"I-90 at MP 7.8: Shorewood","state":"WA","provider":"WSDOT","hls":null,"snapshot":"https://images.wsdot.wa.gov/nw/090vc00789.jpg","refreshMs":30000,"attribution":"Ora (Warner Varnado) · WSDOT"}},{"type":"Feature","geometry":{"type":"Point","coordinates":[-122.221739,47.583051]},"properties":{"id":"ora-wa-603","name":"I-90 at MP 7.5: Shorewood West","state":"WA","provider":"WSDOT","hls":null,"snapshot":"https://images.wsdot.wa.gov/nw/090vc00756.jpg","refreshMs":30000,"attribution":"Ora (Warner Varnado) · WSDOT"}},{"type":"Feature","geometry":{"type":"Point","coordinates":[-122.213948,47.578902]},"properties":{"id":"ora-wa-604","name":"I-90 at MP 8: N Mercer Wy","state":"WA","provider":"WSDOT","hls":null,"snapshot":"https://images.wsdot.wa.gov/nw/090vc00803.jpg","refreshMs":30000,"attribution":"Ora (Warner Varnado) · WSDOT"}},{"type":"Feature","geometry":{"type":"Point","coordinates":[-122.20739,47.577869]},"properties":{"id":"ora-wa-605","name":"I-90 at MP 8.3: E Mercer Way","state":"WA","provider":"WSDOT","hls":null,"snapshot":"https://images.wsdot.wa.gov/nw/090vc00835.jpg","refreshMs":30000,"attribution":"Ora (Warner Varnado) · WSDOT"}},{"type":"Feature","geometry":{"type":"Point","coordinates":[-122.204603,47.577724]},"properties":{"id":"ora-wa-606","name":"I-90 at MP 8.4: Barnabie Pt","state":"WA","provider":"WSDOT","hls":null,"snapshot":"https://images.wsdot.wa.gov/nw/090vc00848.jpg","refreshMs":30000,"attribution":"Ora (Warner Varnado) · WSDOT"}},{"type":"Feature","geometry":{"type":"Point","coordinates":[-122.195913,47.579706]},"properties":{"id":"ora-wa-607","name":"I-90 at MP 8.9: 108th Ave SE","state":"WA","provider":"WSDOT","hls":null,"snapshot":"https://images.wsdot.wa.gov/nw/090vc00891.jpg","refreshMs":30000,"attribution":"Ora (Warner Varnado) · WSDOT"}},{"type":"Feature","geometry":{"type":"Point","coordinates":[-122.190699,47.579894]},"properties":{"id":"ora-wa-608","name":"I-90 at MP 9.1: 112th Ave SE","state":"WA","provider":"WSDOT","hls":null,"snapshot":"https://images.wsdot.wa.gov/nw/090vc00914.jpg","refreshMs":30000,"attribution":"Ora (Warner Varnado) · WSDOT"}},{"type":"Feature","geometry":{"type":"Point","coordinates":[-122.189557,47.579053]},"properties":{"id":"ora-wa-609","name":"I-90 at MP 9.2: Bellevue Way SE","state":"WA","provider":"WSDOT","hls":null,"snapshot":"https://images.wsdot.wa.gov/nw/090vc00921.jpg","refreshMs":30000,"attribution":"Ora (Warner Varnado) · WSDOT"}},{"type":"Feature","geometry":{"type":"Point","coordinates":[-122.178742,47.579956]},"properties":{"id":"ora-wa-610","name":"I-90 at MP 9.7: 118th Ave SE","state":"WA","provider":"WSDOT","hls":null,"snapshot":"https://images.wsdot.wa.gov/nw/090vc00973.jpg","refreshMs":30000,"attribution":"Ora (Warner Varnado) · WSDOT"}},{"type":"Feature","geometry":{"type":"Point","coordinates":[-122.16236,47.579805]},"properties":{"id":"ora-wa-611","name":"I-90 at MP 10.4: 133rd Ave SE","state":"WA","provider":"WSDOT","hls":null,"snapshot":"https://images.wsdot.wa.gov/nw/090vc01049.jpg","refreshMs":30000,"attribution":"Ora (Warner Varnado) · WSDOT"}},{"type":"Feature","geometry":{"type":"Point","coordinates":[-122.151068,47.579305]},"properties":{"id":"ora-wa-612","name":"I-90 at MP 11: 142nd Pl SE","state":"WA","provider":"WSDOT","hls":null,"snapshot":"https://images.wsdot.wa.gov/nw/090vc01103.jpg","refreshMs":30000,"attribution":"Ora (Warner Varnado) · WSDOT"}},{"type":"Feature","geometry":{"type":"Point","coordinates":[-122.140225,47.578749]},"properties":{"id":"ora-wa-613","name":"I-90 at MP 11.5: 150th Ave SE","state":"WA","provider":"WSDOT","hls":null,"snapshot":"https://images.wsdot.wa.gov/nw/090vc01154.jpg","refreshMs":30000,"attribution":"Ora (Warner Varnado) · WSDOT"}},{"type":"Feature","geometry":{"type":"Point","coordinates":[-122.137373,47.578335]},"properties":{"id":"ora-wa-614","name":"I-90 at MP 11.7: 153rd Ave SE","state":"WA","provider":"WSDOT","hls":null,"snapshot":"https://images.wsdot.wa.gov/nw/090vc01168.jpg","refreshMs":30000,"attribution":"Ora (Warner Varnado) · WSDOT"}},{"type":"Feature","geometry":{"type":"Point","coordinates":[-122.13263,47.578032]},"properties":{"id":"ora-wa-615","name":"I-90 at MP 11.9: 161st Ave SE","state":"WA","provider":"WSDOT","hls":null,"snapshot":"https://images.wsdot.wa.gov/nw/090vc01190.jpg","refreshMs":30000,"attribution":"Ora (Warner Varnado) · WSDOT"}},{"type":"Feature","geometry":{"type":"Point","coordinates":[-122.122547,47.574559]},"properties":{"id":"ora-wa-616","name":"I-90 at MP 12.4: 163rd Ave SE","state":"WA","provider":"WSDOT","hls":null,"snapshot":"https://images.wsdot.wa.gov/nw/090vc01243.jpg","refreshMs":30000,"attribution":"Ora (Warner Varnado) · WSDOT"}},{"type":"Feature","geometry":{"type":"Point","coordinates":[-122.119892,47.573614]},"properties":{"id":"ora-wa-617","name":"I-90 at MP 12.5: 165th Ave SE","state":"WA","provider":"WSDOT","hls":null,"snapshot":"https://images.wsdot.wa.gov/nw/090vc01257.jpg","refreshMs":30000,"attribution":"Ora (Warner Varnado) · WSDOT"}},{"type":"Feature","geometry":{"type":"Point","coordinates":[-122.102776,47.566941]},"properties":{"id":"ora-wa-618","name":"I-90 at MP 13.5: W Lk Sammamish Pkwy","state":"WA","provider":"WSDOT","hls":null,"snapshot":"https://images.wsdot.wa.gov/nw/090vc01350.jpg","refreshMs":30000,"attribution":"Ora (Warner Varnado) · WSDOT"}},{"type":"Feature","geometry":{"type":"Point","coordinates":[-122.086415,47.558069]},"properties":{"id":"ora-wa-619","name":"I-90 at MP 14.4: 192nd Ave SE","state":"WA","provider":"WSDOT","hls":null,"snapshot":"https://images.wsdot.wa.gov/nw/090vc01446.jpg","refreshMs":30000,"attribution":"Ora (Warner Varnado) · WSDOT"}},{"type":"Feature","geometry":{"type":"Point","coordinates":[-122.06145,47.548494]},"properties":{"id":"ora-wa-620","name":"I-90 at MP 15.8: SR 900 Interchange","state":"WA","provider":"WSDOT","hls":null,"snapshot":"https://images.wsdot.wa.gov/nw/090vc01581.jpg","refreshMs":30000,"attribution":"Ora (Warner Varnado) · WSDOT"}},{"type":"Feature","geometry":{"type":"Point","coordinates":[-122.038213,47.541458]},"properties":{"id":"ora-wa-621","name":"I-90 at MP 17: Front St","state":"WA","provider":"WSDOT","hls":null,"snapshot":"https://images.wsdot.wa.gov/nw/090vc01702.jpg","refreshMs":30000,"attribution":"Ora (Warner Varnado) · WSDOT"}},{"type":"Feature","geometry":{"type":"Point","coordinates":[-122.035762,47.540048]},"properties":{"id":"ora-wa-622","name":"I-90 at MP 17.1: Front St EB Ramp","state":"WA","provider":"WSDOT","hls":null,"snapshot":"https://images.wsdot.wa.gov/nw/090vc01717.jpg","refreshMs":30000,"attribution":"Ora (Warner Varnado) · WSDOT"}},{"type":"Feature","geometry":{"type":"Point","coordinates":[-122.022516,47.531643]},"properties":{"id":"ora-wa-623","name":"I-90 at MP 18: Sunset Way","state":"WA","provider":"WSDOT","hls":null,"snapshot":"https://images.wsdot.wa.gov/nw/090vc01808.jpg","refreshMs":30000,"attribution":"Ora (Warner Varnado) · WSDOT"}},{"type":"Feature","geometry":{"type":"Point","coordinates":[-122.012486,47.536734]},"properties":{"id":"ora-wa-624","name":"I-90 at MP 18.6: 246th Ave SE, WB","state":"WA","provider":"WSDOT","hls":null,"snapshot":"https://images.wsdot.wa.gov/nw/090vc01864.jpg","refreshMs":30000,"attribution":"Ora (Warner Varnado) · WSDOT"}},{"type":"Feature","geometry":{"type":"Point","coordinates":[-122.009319,47.536527]},"properties":{"id":"ora-wa-625","name":"I-90 at MP 18.8: 246th Ave SE, EB","state":"WA","provider":"WSDOT","hls":null,"snapshot":"https://images.wsdot.wa.gov/nw/090vc01880.jpg","refreshMs":30000,"attribution":"Ora (Warner Varnado) · WSDOT"}},{"type":"Feature","geometry":{"type":"Point","coordinates":[-121.997814,47.532708]},"properties":{"id":"ora-wa-626","name":"I-90 at MP 19.4: 256th Ave SE","state":"WA","provider":"WSDOT","hls":null,"snapshot":"https://images.wsdot.wa.gov/nw/090vc01941.jpg","refreshMs":30000,"attribution":"Ora (Warner Varnado) · WSDOT"}},{"type":"Feature","geometry":{"type":"Point","coordinates":[-121.960979,47.533366]},"properties":{"id":"ora-wa-627","name":"I-90 at MP 21.3: 284th Ave SE","state":"WA","provider":"WSDOT","hls":null,"snapshot":"https://images.wsdot.wa.gov/nw/090vc02130.jpg","refreshMs":30000,"attribution":"Ora (Warner Varnado) · WSDOT"}},{"type":"Feature","geometry":{"type":"Point","coordinates":[-121.898696,47.505926]},"properties":{"id":"ora-wa-628","name":"I-90 at MP 24.9","state":"WA","provider":"WSDOT","hls":null,"snapshot":"https://images.wsdot.wa.gov/nw/090vc02495.jpg","refreshMs":30000,"attribution":"Ora (Warner Varnado) · WSDOT"}},{"type":"Feature","geometry":{"type":"Point","coordinates":[-121.884023,47.509236]},"properties":{"id":"ora-wa-629","name":"I-90 at MP 25.65: SR 18 Interchange","state":"WA","provider":"WSDOT","hls":null,"snapshot":"https://images.wsdot.wa.gov/nw/090vc02567.jpg","refreshMs":30000,"attribution":"Ora (Warner Varnado) · WSDOT"}},{"type":"Feature","geometry":{"type":"Point","coordinates":[-121.883909,47.508428]},"properties":{"id":"ora-wa-630","name":"I-90 at MP 25.64: SR 18 Interchange","state":"WA","provider":"WSDOT","hls":null,"snapshot":"https://images.wsdot.wa.gov/nw/090vc02566.jpg","refreshMs":30000,"attribution":"Ora (Warner Varnado) · WSDOT"}},{"type":"Feature","geometry":{"type":"Point","coordinates":[-121.746667,47.473056]},"properties":{"id":"ora-wa-631","name":"I-90 at MP 33.2: North Bend","state":"WA","provider":"WSDOT","hls":null,"snapshot":"https://images.wsdot.wa.gov/sc/090VC03326.jpg","refreshMs":30000,"attribution":"Ora (Warner Varnado) · WSDOT"}},{"type":"Feature","geometry":{"type":"Point","coordinates":[-121.670671,47.443355]},"properties":{"id":"ora-wa-632","name":"I-90 at MP 37.75: Homestead Valley Rd","state":"WA","provider":"WSDOT","hls":null,"snapshot":"https://images.wsdot.wa.gov/SC/090vc03775.jpg","refreshMs":30000,"attribution":"Ora (Warner Varnado) · WSDOT"}},{"type":"Feature","geometry":{"type":"Point","coordinates":[-121.532778,47.395833]},"properties":{"id":"ora-wa-633","name":"I-90 at MP 45.2: Tinkham Road","state":"WA","provider":"WSDOT","hls":null,"snapshot":"https://images.wsdot.wa.gov/sc/090VC04526.jpg","refreshMs":30000,"attribution":"Ora (Warner Varnado) · WSDOT"}},{"type":"Feature","geometry":{"type":"Point","coordinates":[-121.49935,47.396441]},"properties":{"id":"ora-wa-634","name":"I-90 at MP 46.8: Denny Creek","state":"WA","provider":"WSDOT","hls":null,"snapshot":"https://images.wsdot.wa.gov/sc/090VC04680.jpg","refreshMs":30000,"attribution":"Ora (Warner Varnado) · WSDOT"}},{"type":"Feature","geometry":{"type":"Point","coordinates":[-121.473333,47.393333]},"properties":{"id":"ora-wa-635","name":"I-90 at MP 48.1: Asahel Curtis","state":"WA","provider":"WSDOT","hls":null,"snapshot":"https://images.wsdot.wa.gov/sc/090VC04810.jpg","refreshMs":30000,"attribution":"Ora (Warner Varnado) · WSDOT"}},{"type":"Feature","geometry":{"type":"Point","coordinates":[-121.447255,47.398068]},"properties":{"id":"ora-wa-636","name":"I-90 at MP 49.3: Rockdale","state":"WA","provider":"WSDOT","hls":null,"snapshot":"https://images.wsdot.wa.gov/sc/090VC04938.jpg","refreshMs":30000,"attribution":"Ora (Warner Varnado) · WSDOT"}},{"type":"Feature","geometry":{"type":"Point","coordinates":[-121.43314,47.425689]},"properties":{"id":"ora-wa-637","name":"I-90 at MP 51.3: Franklin Falls","state":"WA","provider":"WSDOT","hls":null,"snapshot":"https://images.wsdot.wa.gov/sc/090VC05130.jpg","refreshMs":30000,"attribution":"Ora (Warner Varnado) · WSDOT"}},{"type":"Feature","geometry":{"type":"Point","coordinates":[-121.419659,47.428397]},"properties":{"id":"ora-wa-638","name":"I-90 at MP 52: Snoqualmie Summit","state":"WA","provider":"WSDOT","hls":null,"snapshot":"https://images.wsdot.wa.gov/sc/090VC05200.jpg","refreshMs":30000,"attribution":"Ora (Warner Varnado) · WSDOT"}},{"type":"Feature","geometry":{"type":"Point","coordinates":[-121.410134,47.411218]},"properties":{"id":"ora-wa-639","name":"I-90 at MP 53.4: East Snoqualmie Summit","state":"WA","provider":"WSDOT","hls":null,"snapshot":"https://images.wsdot.wa.gov/sc/090VC05347.jpg","refreshMs":30000,"attribution":"Ora (Warner Varnado) · WSDOT"}},{"type":"Feature","geometry":{"type":"Point","coordinates":[-121.388906,47.392815]},"properties":{"id":"ora-wa-640","name":"I-90 at MP 55.1: Hyak","state":"WA","provider":"WSDOT","hls":null,"snapshot":"https://images.wsdot.wa.gov/sc/090VC05517.jpg","refreshMs":30000,"attribution":"Ora (Warner Varnado) · WSDOT"}},{"type":"Feature","geometry":{"type":"Point","coordinates":[-121.387926,47.392527]},"properties":{"id":"ora-wa-641","name":"I-90 at MP 55.2:","state":"WA","provider":"WSDOT","hls":null,"snapshot":"https://images.wsdot.wa.gov/sc/090vc05520.jpg","refreshMs":30000,"attribution":"Ora (Warner Varnado) · WSDOT"}},{"type":"Feature","geometry":{"type":"Point","coordinates":[-121.399132,47.398999]},"properties":{"id":"ora-wa-642","name":"I-90 at MP 54.5: Hyak Hill","state":"WA","provider":"WSDOT","hls":null,"snapshot":"https://images.wsdot.wa.gov/sc/090vc05450.jpg","refreshMs":30000,"attribution":"Ora (Warner Varnado) · WSDOT"}},{"type":"Feature","geometry":{"type":"Point","coordinates":[-121.376427,47.372032]},"properties":{"id":"ora-wa-643","name":"I-90 at MP 56.88 Rocky Run Creek","state":"WA","provider":"WSDOT","hls":null,"snapshot":"https://images.wsdot.wa.gov/sc/090vc05688.jpg","refreshMs":30000,"attribution":"Ora (Warner Varnado) · WSDOT"}},{"type":"Feature","geometry":{"type":"Point","coordinates":[-121.371722,47.36012]},"properties":{"id":"ora-wa-644","name":"I-90 at MP 57.7: Old Keechelus Snow Shed","state":"WA","provider":"WSDOT","hls":null,"snapshot":"https://images.wsdot.wa.gov/sc/090VC05771.jpg","refreshMs":30000,"attribution":"Ora (Warner Varnado) · WSDOT"}},{"type":"Feature","geometry":{"type":"Point","coordinates":[-121.367297,47.356995]},"properties":{"id":"ora-wa-645","name":"I-90 at MP 58.2: Avalanche Bridge","state":"WA","provider":"WSDOT","hls":null,"snapshot":"https://images.wsdot.wa.gov/sc/090vc05820.jpg","refreshMs":30000,"attribution":"Ora (Warner Varnado) · WSDOT"}},{"type":"Feature","geometry":{"type":"Point","coordinates":[-121.359859,47.340517]},"properties":{"id":"ora-wa-646","name":"I-90 at MP 59.3: Slide Curve","state":"WA","provider":"WSDOT","hls":null,"snapshot":"https://images.wsdot.wa.gov/sc/090vc05930.jpg","refreshMs":30000,"attribution":"Ora (Warner Varnado) · WSDOT"}},{"type":"Feature","geometry":{"type":"Point","coordinates":[-121.349065,47.337163]},"properties":{"id":"ora-wa-647","name":"I-90 at MP 59.9 Resort Creek","state":"WA","provider":"WSDOT","hls":null,"snapshot":"https://images.wsdot.wa.gov/sc/090VC05990.jpg","refreshMs":30000,"attribution":"Ora (Warner Varnado) · WSDOT"}},{"type":"Feature","geometry":{"type":"Point","coordinates":[-121.330308,47.326099]},"properties":{"id":"ora-wa-648","name":"I-90 at MP 61.1 Price Creek","state":"WA","provider":"WSDOT","hls":null,"snapshot":"https://images.wsdot.wa.gov/sc/090vc06112.jpg","refreshMs":30000,"attribution":"Ora (Warner Varnado) · WSDOT"}},{"type":"Feature","geometry":{"type":"Point","coordinates":[-121.32725,47.324144]},"properties":{"id":"ora-wa-649","name":"I-90 at MP 61.3 Animal Overcrossing","state":"WA","provider":"WSDOT","hls":null,"snapshot":"https://images.wsdot.wa.gov/sc/090VC06132.jpg","refreshMs":30000,"attribution":"Ora (Warner Varnado) · WSDOT"}},{"type":"Feature","geometry":{"type":"Point","coordinates":[-121.342226,47.329894]},"properties":{"id":"ora-wa-650","name":"I-90 at MP 60.5 Lake Keechelus Dam","state":"WA","provider":"WSDOT","hls":null,"snapshot":"https://images.wsdot.wa.gov/sc/090VC06050.jpg","refreshMs":30000,"attribution":"Ora (Warner Varnado) · WSDOT"}},{"type":"Feature","geometry":{"type":"Point","coordinates":[-121.32177,47.319465]},"properties":{"id":"ora-wa-651","name":"I-90 at MP 61.7  Stampede Pass","state":"WA","provider":"WSDOT","hls":null,"snapshot":"https://images.wsdot.wa.gov/sc/090VC06173.jpg","refreshMs":30000,"attribution":"Ora (Warner Varnado) · WSDOT"}},{"type":"Feature","geometry":{"type":"Point","coordinates":[-121.30588,47.305868]},"properties":{"id":"ora-wa-652","name":"I-90 At MP 62.97 Stampede Pass Exit 62","state":"WA","provider":"WSDOT","hls":null,"snapshot":"https://images.wsdot.wa.gov/SC/090vc06297.jpg","refreshMs":30000,"attribution":"Ora (Warner Varnado) · WSDOT"}},{"type":"Feature","geometry":{"type":"Point","coordinates":[-121.196348,47.255851]},"properties":{"id":"ora-wa-653","name":"I-90 at MP 69.78: Lake Easton","state":"WA","provider":"WSDOT","hls":null,"snapshot":"https://images.wsdot.wa.gov/SC/090vc06978.jpg","refreshMs":30000,"attribution":"Ora (Warner Varnado) · WSDOT"}},{"type":"Feature","geometry":{"type":"Point","coordinates":[-121.185882,47.246581]},"properties":{"id":"ora-wa-654","name":"I-90 at MP 70.6: Easton","state":"WA","provider":"WSDOT","hls":null,"snapshot":"https://images.wsdot.wa.gov/sc/090VC07060.jpg","refreshMs":30000,"attribution":"Ora (Warner Varnado) · WSDOT"}},{"type":"Feature","geometry":{"type":"Point","coordinates":[-121.149157,47.219807]},"properties":{"id":"ora-wa-655","name":"I-90 at MP 73.1: West Nelson","state":"WA","provider":"WSDOT","hls":null,"snapshot":"https://images.wsdot.wa.gov/sc/090VC07319.jpg","refreshMs":30000,"attribution":"Ora (Warner Varnado) · WSDOT"}},{"type":"Feature","geometry":{"type":"Point","coordinates":[-121.156944,47.225278]},"properties":{"id":"ora-wa-656","name":"I-90 at MP 72.6: East Easton","state":"WA","provider":"WSDOT","hls":null,"snapshot":"https://images.wsdot.wa.gov/sc/090VC07266.jpg","refreshMs":30000,"attribution":"Ora (Warner Varnado) · WSDOT"}},{"type":"Feature","geometry":{"type":"Point","coordinates":[-121.109771,47.213573]},"properties":{"id":"ora-wa-657","name":"I-90 at MP 75.05: Big Creek","state":"WA","provider":"WSDOT","hls":null,"snapshot":"https://images.wsdot.wa.gov/SC/090vc07505.jpg","refreshMs":30000,"attribution":"Ora (Warner Varnado) · WSDOT"}},{"type":"Feature","geometry":{"type":"Point","coordinates":[-121.08293,47.205285]},"properties":{"id":"ora-wa-658","name":"I-90 at MP 76.48: Ensign Ranch","state":"WA","provider":"WSDOT","hls":null,"snapshot":"https://images.wsdot.wa.gov/SC/090vc07648.jpg","refreshMs":30000,"attribution":"Ora (Warner Varnado) · WSDOT"}},{"type":"Feature","geometry":{"type":"Point","coordinates":[-121.031082,47.182134]},"properties":{"id":"ora-wa-659","name":"I-90 at MP 79.5: Bullfrog RWIS","state":"WA","provider":"WSDOT","hls":null,"snapshot":"https://images.wsdot.wa.gov/rweather/Medium_bullfrog.jpg","refreshMs":30000,"attribution":"Ora (Warner Varnado) · WSDOT"}},{"type":"Feature","geometry":{"type":"Point","coordinates":[-120.966495,47.193308]},"properties":{"id":"ora-wa-660","name":"I-90 at MP 82.75: West Cle Elum Interchange","state":"WA","provider":"WSDOT","hls":null,"snapshot":"https://images.wsdot.wa.gov/sc/090vc08275.jpg","refreshMs":30000,"attribution":"Ora (Warner Varnado) · WSDOT"}},{"type":"Feature","geometry":{"type":"Point","coordinates":[-120.928219,47.18935]},"properties":{"id":"ora-wa-661","name":"I-90 at MP 84.6: Cle Elum","state":"WA","provider":"WSDOT","hls":null,"snapshot":"https://images.wsdot.wa.gov/sc/090VC08460.jpg","refreshMs":30000,"attribution":"Ora (Warner Varnado) · WSDOT"}},{"type":"Feature","geometry":{"type":"Point","coordinates":[-120.889115,47.173674]},"properties":{"id":"ora-wa-662","name":"I-90 at MP 86.71: Cle Elum","state":"WA","provider":"WSDOT","hls":null,"snapshot":"https://images.wsdot.wa.gov/SC/090vc08671.jpg","refreshMs":30000,"attribution":"Ora (Warner Varnado) · WSDOT"}},{"type":"Feature","geometry":{"type":"Point","coordinates":[-120.848889,47.162222]},"properties":{"id":"ora-wa-663","name":"I-90 at MP 89.4: Indian John Hill","state":"WA","provider":"WSDOT","hls":null,"snapshot":"https://images.wsdot.wa.gov/sc/090VC08940.jpg","refreshMs":30000,"attribution":"Ora (Warner Varnado) · WSDOT"}},{"type":"Feature","geometry":{"type":"Point","coordinates":[-120.809648,47.132458]},"properties":{"id":"ora-wa-664","name":"I-90 at MP 92.1: Elk Heights","state":"WA","provider":"WSDOT","hls":null,"snapshot":"https://images.wsdot.wa.gov/sc/090VC09212.jpg","refreshMs":30000,"attribution":"Ora (Warner Varnado) · WSDOT"}},{"type":"Feature","geometry":{"type":"Point","coordinates":[-120.789734,47.115056]},"properties":{"id":"ora-wa-665","name":"I-90 at MP 93.6: Elk Heights","state":"WA","provider":"WSDOT","hls":null,"snapshot":"https://images.wsdot.wa.gov/sc/090VC09360.jpg","refreshMs":30000,"attribution":"Ora (Warner Varnado) · WSDOT"}},{"type":"Feature","geometry":{"type":"Point","coordinates":[-120.750985,47.091975]},"properties":{"id":"ora-wa-666","name":"I-90 at MP 96.2: Rocky Canyon","state":"WA","provider":"WSDOT","hls":null,"snapshot":"https://images.wsdot.wa.gov/rweather/rocky_medium.jpg","refreshMs":30000,"attribution":"Ora (Warner Varnado) · WSDOT"}},{"type":"Feature","geometry":{"type":"Point","coordinates":[-120.66,47.0525]},"properties":{"id":"ora-wa-667","name":"I-90 at MP 101: Thorp","state":"WA","provider":"WSDOT","hls":null,"snapshot":"https://images.wsdot.wa.gov/sc/090VC10107.jpg","refreshMs":30000,"attribution":"Ora (Warner Varnado) · WSDOT"}},{"type":"Feature","geometry":{"type":"Point","coordinates":[-120.590613,47.005856]},"properties":{"id":"ora-wa-668","name":"I-90 at MP 106.03: Ellensburg","state":"WA","provider":"WSDOT","hls":null,"snapshot":"https://images.wsdot.wa.gov/sc/090vc10603.jpg","refreshMs":30000,"attribution":"Ora (Warner Varnado) · WSDOT"}},{"type":"Feature","geometry":{"type":"Point","coordinates":[-120.564787,46.984351]},"properties":{"id":"ora-wa-669","name":"I-90 at MP 107.5: Ellensburg","state":"WA","provider":"WSDOT","hls":null,"snapshot":"https://images.wsdot.wa.gov/sc/090VC10753.jpg","refreshMs":30000,"attribution":"Ora (Warner Varnado) · WSDOT"}},{"type":"Feature","geometry":{"type":"Point","coordinates":[-120.528538,46.971227]},"properties":{"id":"ora-wa-670","name":"I-90 MP 110: I-90 @ I-82 Interchange","state":"WA","provider":"WSDOT","hls":null,"snapshot":"https://images.wsdot.wa.gov/sc/090vc11000.jpg","refreshMs":30000,"attribution":"Ora (Warner Varnado) · WSDOT"}},{"type":"Feature","geometry":{"type":"Point","coordinates":[-120.466923,46.97063]},"properties":{"id":"ora-wa-671","name":"I-90 MP 112.91: I-90 @ Olmstead State Park","state":"WA","provider":"WSDOT","hls":null,"snapshot":"https://images.wsdot.wa.gov/sc/090vc11291.jpg","refreshMs":30000,"attribution":"Ora (Warner Varnado) · WSDOT"}},{"type":"Feature","geometry":{"type":"Point","coordinates":[-120.413231,46.971193]},"properties":{"id":"ora-wa-672","name":"I-90 at MP 115.4: Kittitas","state":"WA","provider":"WSDOT","hls":null,"snapshot":"https://images.wsdot.wa.gov/sc/090vc11547.jpg","refreshMs":30000,"attribution":"Ora (Warner Varnado) · WSDOT"}},{"type":"Feature","geometry":{"type":"Point","coordinates":[-120.203453,46.946752]},"properties":{"id":"ora-wa-673","name":"I-90 at MP 125.8: Ryegrass Summit","state":"WA","provider":"WSDOT","hls":null,"snapshot":"https://images.wsdot.wa.gov/sc/090VC12585.jpg","refreshMs":30000,"attribution":"Ora (Warner Varnado) · WSDOT"}},{"type":"Feature","geometry":{"type":"Point","coordinates":[-119.98658,46.939914]},"properties":{"id":"ora-wa-674","name":"I-90 at MP 136.5: Vantage","state":"WA","provider":"WSDOT","hls":null,"snapshot":"https://images.wsdot.wa.gov/nc/090vc13657.jpg","refreshMs":30000,"attribution":"Ora (Warner Varnado) · WSDOT"}},{"type":"Feature","geometry":{"type":"Point","coordinates":[-119.960929,46.947933]},"properties":{"id":"ora-wa-675","name":"I-90 at MP 138: Vantage Br. (View","state":"WA","provider":"WSDOT","hls":null,"snapshot":"https://images.wsdot.wa.gov/nc/090vc13767.jpg","refreshMs":30000,"attribution":"Ora (Warner Varnado) · WSDOT"}},{"type":"Feature","geometry":{"type":"Point","coordinates":[-119.948983,47.015017]},"properties":{"id":"ora-wa-676","name":"I-90 at MP 144: Gorge Concert Exit","state":"WA","provider":"WSDOT","hls":null,"snapshot":"https://images.wsdot.wa.gov/nc/090vc14386.jpg","refreshMs":30000,"attribution":"Ora (Warner Varnado) · WSDOT"}},{"type":"Feature","geometry":{"type":"Point","coordinates":[-119.523754,47.103875]},"properties":{"id":"ora-wa-677","name":"I-90 at MP 164.5 (Looking East)","state":"WA","provider":"WSDOT","hls":null,"snapshot":"https://images.wsdot.wa.gov/nc/090vc16456.jpg","refreshMs":30000,"attribution":"Ora (Warner Varnado) · WSDOT"}},{"type":"Feature","geometry":{"type":"Point","coordinates":[-119.023514,47.08535]},"properties":{"id":"ora-wa-678","name":"I-90 at MP 189: Warden Exit","state":"WA","provider":"WSDOT","hls":null,"snapshot":"https://images.wsdot.wa.gov/nc/090vc18889.jpg","refreshMs":30000,"attribution":"Ora (Warner Varnado) · WSDOT"}},{"type":"Feature","geometry":{"type":"Point","coordinates":[-118.399652,47.111128]},"properties":{"id":"ora-wa-679","name":"I-90 at MP 220: US 395 Interchange @ Ritzville","state":"WA","provider":"WSDOT","hls":null,"snapshot":"https://images.wsdot.wa.gov/rweather/Ritzville.jpg","refreshMs":30000,"attribution":"Ora (Warner Varnado) · WSDOT"}},{"type":"Feature","geometry":{"type":"Point","coordinates":[-117.79337,47.43344]},"properties":{"id":"ora-wa-680","name":"I-90 at MP 257.9: Tyler Interchange","state":"WA","provider":"WSDOT","hls":null,"snapshot":"https://images.wsdot.wa.gov/rweather/TylerRoad.jpg","refreshMs":30000,"attribution":"Ora (Warner Varnado) · WSDOT"}},{"type":"Feature","geometry":{"type":"Point","coordinates":[-117.564947,47.591847]},"properties":{"id":"ora-wa-681","name":"I-90 at MP 272.2: SR-902 Interchange","state":"WA","provider":"WSDOT","hls":null,"snapshot":"https://images.wsdot.wa.gov/spokane/wsdot_090_27260_medical_lake.jpg","refreshMs":30000,"attribution":"Ora (Warner Varnado) · WSDOT"}},{"type":"Feature","geometry":{"type":"Point","coordinates":[-117.567718,47.589434]},"properties":{"id":"ora-wa-682","name":"I-90 at MP 272.6: SR 902 Interchange #2","state":"WA","provider":"WSDOT","hls":null,"snapshot":"https://images.wsdot.wa.gov/spokane/wsdot_090_27260_medical_lake_2.jpg","refreshMs":30000,"attribution":"Ora (Warner Varnado) · WSDOT"}},{"type":"Feature","geometry":{"type":"Point","coordinates":[-117.543988,47.601461]},"properties":{"id":"ora-wa-683","name":"I-90 at MP 274: Thomas Mallen Rd.","state":"WA","provider":"WSDOT","hls":null,"snapshot":"https://images.wsdot.wa.gov/spokane/wsdot_090_27410_thomas_mallen.jpg","refreshMs":30000,"attribution":"Ora (Warner Varnado) · WSDOT"}},{"type":"Feature","geometry":{"type":"Point","coordinates":[-117.504701,47.61872]},"properties":{"id":"ora-wa-684","name":"I-90 at MP 276.2: Geiger Rd.","state":"WA","provider":"WSDOT","hls":null,"snapshot":"https://images.wsdot.wa.gov/spokane/wsdot_090_27620_geiger.jpg","refreshMs":30000,"attribution":"Ora (Warner Varnado) · WSDOT"}},{"type":"Feature","geometry":{"type":"Point","coordinates":[-117.509991,47.615589]},"properties":{"id":"ora-wa-685","name":"I-90 at MP 275.8: Cheatham Rd","state":"WA","provider":"WSDOT","hls":null,"snapshot":"https://images.wsdot.wa.gov/spokane/wsdot_090_27586_cheatham.jpg","refreshMs":30000,"attribution":"Ora (Warner Varnado) · WSDOT"}},{"type":"Feature","geometry":{"type":"Point","coordinates":[-117.483638,47.631255]},"properties":{"id":"ora-wa-686","name":"I-90 at MP 277.5: US 2 Interchange","state":"WA","provider":"WSDOT","hls":null,"snapshot":"https://images.wsdot.wa.gov/spokane/wsdot_002_28316_090.jpg","refreshMs":30000,"attribution":"Ora (Warner Varnado) · WSDOT"}},{"type":"Feature","geometry":{"type":"Point","coordinates":[-117.459426,47.642998]},"properties":{"id":"ora-wa-687","name":"I-90 at MP 278.9: Finch Arboretum","state":"WA","provider":"WSDOT","hls":null,"snapshot":"https://images.wsdot.wa.gov/spokane/wsdot_090_27870_finch_arboretum.jpg","refreshMs":30000,"attribution":"Ora (Warner Varnado) · WSDOT"}},{"type":"Feature","geometry":{"type":"Point","coordinates":[-117.450352,47.646957]},"properties":{"id":"ora-wa-688","name":"I-90 at MP 279.4: US 195 Interchange","state":"WA","provider":"WSDOT","hls":null,"snapshot":"https://images.wsdot.wa.gov/spokane/wsdot_090_27940_195.jpg","refreshMs":30000,"attribution":"Ora (Warner Varnado) · WSDOT"}},{"type":"Feature","geometry":{"type":"Point","coordinates":[-117.443249,47.649788]},"properties":{"id":"ora-wa-689","name":"I-90 at MP 279.8: Maple St","state":"WA","provider":"WSDOT","hls":null,"snapshot":"https://images.wsdot.wa.gov/spokane/wsdot_090_27979_maple.jpg","refreshMs":30000,"attribution":"Ora (Warner Varnado) · WSDOT"}},{"type":"Feature","geometry":{"type":"Point","coordinates":[-117.430694,47.652594]},"properties":{"id":"ora-wa-690","name":"I-90 at MP 280.9: Jefferson","state":"WA","provider":"WSDOT","hls":null,"snapshot":"https://images.wsdot.wa.gov/spokane/wsdot_090_28090_jefferson.jpg","refreshMs":30000,"attribution":"Ora (Warner Varnado) · WSDOT"}},{"type":"Feature","geometry":{"type":"Point","coordinates":[-117.41366,47.652655]},"properties":{"id":"ora-wa-691","name":"I-90 at MP 281.2: Division #2","state":"WA","provider":"WSDOT","hls":null,"snapshot":"https://images.wsdot.wa.gov/spokane/wsdot_090_28120_division2.jpg","refreshMs":30000,"attribution":"Ora (Warner Varnado) · WSDOT"}},{"type":"Feature","geometry":{"type":"Point","coordinates":[-117.411207,47.652559]},"properties":{"id":"ora-wa-692","name":"I-90 at MP 281.3: Division #1","state":"WA","provider":"WSDOT","hls":null,"snapshot":"https://images.wsdot.wa.gov/spokane/wsdot_090_28110_division.jpg","refreshMs":30000,"attribution":"Ora (Warner Varnado) · WSDOT"}},{"type":"Feature","geometry":{"type":"Point","coordinates":[-117.395657,47.652097]},"properties":{"id":"ora-wa-693","name":"I-90 at MP 282: Arthur St","state":"WA","provider":"WSDOT","hls":null,"snapshot":"https://images.wsdot.wa.gov/spokane/wsdot_090_28200_arthur.jpg","refreshMs":30000,"attribution":"Ora (Warner Varnado) · WSDOT"}},{"type":"Feature","geometry":{"type":"Point","coordinates":[-117.391519,47.652939]},"properties":{"id":"ora-wa-694","name":"I-90 at MP 282.2: Hamilton St","state":"WA","provider":"WSDOT","hls":null,"snapshot":"https://images.wsdot.wa.gov/spokane/wsdot_090_28230_hamilton.jpg","refreshMs":30000,"attribution":"Ora (Warner Varnado) · WSDOT"}},{"type":"Feature","geometry":{"type":"Point","coordinates":[-117.361011,47.653862]},"properties":{"id":"ora-wa-695","name":"I-90 at MP 283.7: Freya St","state":"WA","provider":"WSDOT","hls":null,"snapshot":"https://images.wsdot.wa.gov/spokane/wsdot_090_28380_freya.jpg","refreshMs":30000,"attribution":"Ora (Warner Varnado) · WSDOT"}},{"type":"Feature","geometry":{"type":"Point","coordinates":[-117.328645,47.653728]},"properties":{"id":"ora-wa-696","name":"I-90 at MP 284.5: Fancher Rd","state":"WA","provider":"WSDOT","hls":null,"snapshot":"https://images.wsdot.wa.gov/spokane/wsdot_090_28530_fancher.jpg","refreshMs":30000,"attribution":"Ora (Warner Varnado) · WSDOT"}},{"type":"Feature","geometry":{"type":"Point","coordinates":[-117.342418,47.653796]},"properties":{"id":"ora-wa-697","name":"I-90 at MP 285.2: Havana","state":"WA","provider":"WSDOT","hls":null,"snapshot":"https://images.wsdot.wa.gov/spokane/wsdot_090_28450_havana.jpg","refreshMs":30000,"attribution":"Ora (Warner Varnado) · WSDOT"}},{"type":"Feature","geometry":{"type":"Point","coordinates":[-117.323095,47.655639]},"properties":{"id":"ora-wa-698","name":"I-90 at MP 285.5: Sprague Ave","state":"WA","provider":"WSDOT","hls":null,"snapshot":"https://images.wsdot.wa.gov/spokane/wsdot_090_28560_sprague.jpg","refreshMs":30000,"attribution":"Ora (Warner Varnado) · WSDOT"}},{"type":"Feature","geometry":{"type":"Point","coordinates":[-117.312405,47.663922]},"properties":{"id":"ora-wa-699","name":"I-90 at MP 286.2: Broadway Ave","state":"WA","provider":"WSDOT","hls":null,"snapshot":"https://images.wsdot.wa.gov/spokane/wsdot_090_28620_broadway.jpg","refreshMs":30000,"attribution":"Ora (Warner Varnado) · WSDOT"}},{"type":"Feature","geometry":{"type":"Point","coordinates":[-117.297312,47.670253]},"properties":{"id":"ora-wa-700","name":"I-90 at MP 287.1: Park Rd","state":"WA","provider":"WSDOT","hls":null,"snapshot":"https://images.wsdot.wa.gov/spokane/wsdot_090_28700_park.jpg","refreshMs":30000,"attribution":"Ora (Warner Varnado) · WSDOT"}},{"type":"Feature","geometry":{"type":"Point","coordinates":[-117.283429,47.673464]},"properties":{"id":"ora-wa-701","name":"I-90 at MP 287.8: Argonne Rd","state":"WA","provider":"WSDOT","hls":null,"snapshot":"https://images.wsdot.wa.gov/spokane/wsdot_090_28780_argonne.jpg","refreshMs":30000,"attribution":"Ora (Warner Varnado) · WSDOT"}},{"type":"Feature","geometry":{"type":"Point","coordinates":[-117.26116,47.674936]},"properties":{"id":"ora-wa-702","name":"I-90 at MP 288.8: University","state":"WA","provider":"WSDOT","hls":null,"snapshot":"https://images.wsdot.wa.gov/spokane/wsdot_090_28890_university.jpg","refreshMs":30000,"attribution":"Ora (Warner Varnado) · WSDOT"}},{"type":"Feature","geometry":{"type":"Point","coordinates":[-117.234105,47.674077]},"properties":{"id":"ora-wa-703","name":"I-90 at MP 290.1: Pines Rd","state":"WA","provider":"WSDOT","hls":null,"snapshot":"https://images.wsdot.wa.gov/spokane/wsdot_090_28980_pines.jpg","refreshMs":30000,"attribution":"Ora (Warner Varnado) · WSDOT"}},{"type":"Feature","geometry":{"type":"Point","coordinates":[-117.21433,47.672668]},"properties":{"id":"ora-wa-704","name":"I-90 at MP 291: Evergreen","state":"WA","provider":"WSDOT","hls":null,"snapshot":"https://images.wsdot.wa.gov/spokane/wsdot_090_29100_evergreen.jpg","refreshMs":30000,"attribution":"Ora (Warner Varnado) · WSDOT"}},{"type":"Feature","geometry":{"type":"Point","coordinates":[-117.197014,47.66918]},"properties":{"id":"ora-wa-705","name":"I-90 at MP 291.9: Sullivan","state":"WA","provider":"WSDOT","hls":null,"snapshot":"https://images.wsdot.wa.gov/spokane/wsdot_090_29190_sullivan.jpg","refreshMs":30000,"attribution":"Ora (Warner Varnado) · WSDOT"}},{"type":"Feature","geometry":{"type":"Point","coordinates":[-117.17423,47.665541]},"properties":{"id":"ora-wa-706","name":"I-90 at MP 293: Flora Rd","state":"WA","provider":"WSDOT","hls":null,"snapshot":"https://images.wsdot.wa.gov/spokane/wsdot_090_29300_flora.jpg","refreshMs":30000,"attribution":"Ora (Warner Varnado) · WSDOT"}},{"type":"Feature","geometry":{"type":"Point","coordinates":[-117.154343,47.66594]},"properties":{"id":"ora-wa-707","name":"I-90 at MP 293.9: Barker Rd","state":"WA","provider":"WSDOT","hls":null,"snapshot":"https://images.wsdot.wa.gov/spokane/wsdot_090_29400_barker.jpg","refreshMs":30000,"attribution":"Ora (Warner Varnado) · WSDOT"}},{"type":"Feature","geometry":{"type":"Point","coordinates":[-117.140058,47.665499]},"properties":{"id":"ora-wa-708","name":"I-90 at MP 294.6: Appleway Ave","state":"WA","provider":"WSDOT","hls":null,"snapshot":"https://images.wsdot.wa.gov/spokane/wsdot_090_29490_appleway.jpg","refreshMs":30000,"attribution":"Ora (Warner Varnado) · WSDOT"}},{"type":"Feature","geometry":{"type":"Point","coordinates":[-117.111317,47.670525]},"properties":{"id":"ora-wa-709","name":"I-90 at MP 296: Liberty Lake","state":"WA","provider":"WSDOT","hls":null,"snapshot":"https://images.wsdot.wa.gov/rweather/LibertyLake.jpg","refreshMs":30000,"attribution":"Ora (Warner Varnado) · WSDOT"}},{"type":"Feature","geometry":{"type":"Point","coordinates":[-117.108434,47.672673]},"properties":{"id":"ora-wa-710","name":"I-90 at MP 296.2: Liberty Lake Rd","state":"WA","provider":"WSDOT","hls":null,"snapshot":"https://images.wsdot.wa.gov/spokane/wsdot_090_29610_liberty_lake.jpg","refreshMs":30000,"attribution":"Ora (Warner Varnado) · WSDOT"}},{"type":"Feature","geometry":{"type":"Point","coordinates":[-117.100058,47.67898]},"properties":{"id":"ora-wa-711","name":"I-90 at MP 296.8: Harvard Rd","state":"WA","provider":"WSDOT","hls":null,"snapshot":"https://images.wsdot.wa.gov/spokane/wsdot_090_29670_harvard.jpg","refreshMs":30000,"attribution":"Ora (Warner Varnado) · WSDOT"}},{"type":"Feature","geometry":{"type":"Point","coordinates":[-117.067724,47.68868]},"properties":{"id":"ora-wa-712","name":"I-90 at MP 298.2: Starr Rd","state":"WA","provider":"WSDOT","hls":null,"snapshot":"https://images.wsdot.wa.gov/spokane/wsdot_090_29850_starr.jpg","refreshMs":30000,"attribution":"Ora (Warner Varnado) · WSDOT"}},{"type":"Feature","geometry":{"type":"Point","coordinates":[-117.050374,47.695231]},"properties":{"id":"ora-wa-713","name":"I-90 at MP 299.4: Idaho Rd","state":"WA","provider":"WSDOT","hls":null,"snapshot":"https://images.wsdot.wa.gov/spokane/wsdot_090_29940_idaho.jpg","refreshMs":30000,"attribution":"Ora (Warner Varnado) · WSDOT"}},{"type":"Feature","geometry":{"type":"Point","coordinates":[-122.672197,47.870496]},"properties":{"id":"ora-wa-714","name":"SR 104 at MP 12.1: W of Hood Canal Bridge VMS","state":"WA","provider":"WSDOT","hls":null,"snapshot":"https://images.wsdot.wa.gov/orflow/104vc01218.jpg","refreshMs":30000,"attribution":"Ora (Warner Varnado) · WSDOT"}},{"type":"Feature","geometry":{"type":"Point","coordinates":[-122.652935,47.868908]},"properties":{"id":"ora-wa-715","name":"SR 104 at MP 13.1: Climbing Hill Looking","state":"WA","provider":"WSDOT","hls":null,"snapshot":"https://images.wsdot.wa.gov/orflow/104vc01312.jpg","refreshMs":30000,"attribution":"Ora (Warner Varnado) · WSDOT"}},{"type":"Feature","geometry":{"type":"Point","coordinates":[-122.6288,47.86235]},"properties":{"id":"ora-wa-716","name":"SR 104 at MP 14.7: Hood Canal Bridge Looking","state":"WA","provider":"WSDOT","hls":null,"snapshot":"https://images.wsdot.wa.gov/orflow/104vc01471.jpg","refreshMs":30000,"attribution":"Ora (Warner Varnado) · WSDOT"}},{"type":"Feature","geometry":{"type":"Point","coordinates":[-122.602506,47.854831]},"properties":{"id":"ora-wa-717","name":"SR 104 at MP 15.9: Wheeler St Looking West","state":"WA","provider":"WSDOT","hls":null,"snapshot":"https://images.wsdot.wa.gov/orflow/104vc01594.jpg","refreshMs":30000,"attribution":"Ora (Warner Varnado) · WSDOT"}},{"type":"Feature","geometry":{"type":"Point","coordinates":[-122.326688,47.777694]},"properties":{"id":"ora-wa-718","name":"SR 104 at MP 28.7: N 205th St","state":"WA","provider":"WSDOT","hls":null,"snapshot":"https://images.wsdot.wa.gov/nw/104vc02870.jpg","refreshMs":30000,"attribution":"Ora (Warner Varnado) · WSDOT"}},{"type":"Feature","geometry":{"type":"Point","coordinates":[-122.323368,47.77762]},"properties":{"id":"ora-wa-719","name":"SR 104 at MP 28.8: Meridian Ave","state":"WA","provider":"WSDOT","hls":null,"snapshot":"https://images.wsdot.wa.gov/nw/104vc02886.jpg","refreshMs":30000,"attribution":"Ora (Warner Varnado) · WSDOT"}},{"type":"Feature","geometry":{"type":"Point","coordinates":[-122.315503,47.777839]},"properties":{"id":"ora-wa-720","name":"SR 104 at MP 29.8: 15th Ave NE","state":"WA","provider":"WSDOT","hls":null,"snapshot":"https://images.wsdot.wa.gov/nw/104vc02989.jpg","refreshMs":30000,"attribution":"Ora (Warner Varnado) · WSDOT"}},{"type":"Feature","geometry":{"type":"Point","coordinates":[-122.301074,47.76895]},"properties":{"id":"ora-wa-721","name":"SR 104 at MP 30.1: 19th Ave NE","state":"WA","provider":"WSDOT","hls":null,"snapshot":"https://images.wsdot.wa.gov/nw/104vc03014.jpg","refreshMs":30000,"attribution":"Ora (Warner Varnado) · WSDOT"}},{"type":"Feature","geometry":{"type":"Point","coordinates":[-122.282421,47.75854]},"properties":{"id":"ora-wa-722","name":"SR 104 at MP 31.3: 35th Ave NE","state":"WA","provider":"WSDOT","hls":null,"snapshot":"https://images.wsdot.wa.gov/nw/104vc03130.jpg","refreshMs":30000,"attribution":"Ora (Warner Varnado) · WSDOT"}},{"type":"Feature","geometry":{"type":"Point","coordinates":[-124.048625,46.727513]},"properties":{"id":"ora-wa-723","name":"SR105 at MP 20: Graveyard Spit","state":"WA","provider":"WSDOT","hls":null,"snapshot":"https://images.wsdot.wa.gov/sw/105vc02000.jpg","refreshMs":30000,"attribution":"Ora (Warner Varnado) · WSDOT"}},{"type":"Feature","geometry":{"type":"Point","coordinates":[-124.250582,47.30281]},"properties":{"id":"ora-wa-724","name":"SR 109 at MP 36.7: Pt. Grenville","state":"WA","provider":"WSDOT","hls":null,"snapshot":"https://images.wsdot.wa.gov/rweather/PTGrenville.jpg","refreshMs":30000,"attribution":"Ora (Warner Varnado) · WSDOT"}},{"type":"Feature","geometry":{"type":"Point","coordinates":[-124.214912,48.177056]},"properties":{"id":"ora-wa-725","name":"SR 112 at MP 23.1: Burnt Mt","state":"WA","provider":"WSDOT","hls":null,"snapshot":"https://images.wsdot.wa.gov/rweather/SR112BurntMt.jpg","refreshMs":30000,"attribution":"Ora (Warner Varnado) · WSDOT"}},{"type":"Feature","geometry":{"type":"Point","coordinates":[-122.66907,45.621634]},"properties":{"id":"ora-wa-726","name":"SR 14 at MP 0.17","state":"WA","provider":"WSDOT","hls":null,"snapshot":"https://images.wsdot.wa.gov/sw/014vc00017.jpg","refreshMs":30000,"attribution":"Ora (Warner Varnado) · WSDOT"}},{"type":"Feature","geometry":{"type":"Point","coordinates":[-122.652431,45.618565]},"properties":{"id":"ora-wa-727","name":"SR 14 at MP 0.9: Columbia","state":"WA","provider":"WSDOT","hls":null,"snapshot":"https://images.wsdot.wa.gov/sw/014vc00091.jpg","refreshMs":30000,"attribution":"Ora (Warner Varnado) · WSDOT"}},{"type":"Feature","geometry":{"type":"Point","coordinates":[-122.62436,45.618447]},"properties":{"id":"ora-wa-728","name":"SR 14 at MP 2.4: Blanford Dr","state":"WA","provider":"WSDOT","hls":null,"snapshot":"https://images.wsdot.wa.gov/sw/014vc00240.jpg","refreshMs":30000,"attribution":"Ora (Warner Varnado) · WSDOT"}},{"type":"Feature","geometry":{"type":"Point","coordinates":[-122.642156,45.618384]},"properties":{"id":"ora-wa-729","name":"SR 14 at MP 1.5: Grand Ave","state":"WA","provider":"WSDOT","hls":null,"snapshot":"https://images.wsdot.wa.gov/sw/014vc00155.jpg","refreshMs":30000,"attribution":"Ora (Warner Varnado) · WSDOT"}},{"type":"Feature","geometry":{"type":"Point","coordinates":[-122.612197,45.61507]},"properties":{"id":"ora-wa-730","name":"SR 14 at MP 3: Shorewood Dr","state":"WA","provider":"WSDOT","hls":null,"snapshot":"https://images.wsdot.wa.gov/sw/014vc00305.jpg","refreshMs":30000,"attribution":"Ora (Warner Varnado) · WSDOT"}},{"type":"Feature","geometry":{"type":"Point","coordinates":[-122.585804,45.611444]},"properties":{"id":"ora-wa-731","name":"SR 14 at MP 4.3: Lieser Rd","state":"WA","provider":"WSDOT","hls":null,"snapshot":"https://images.wsdot.wa.gov/sw/014vc00435.jpg","refreshMs":30000,"attribution":"Ora (Warner Varnado) · WSDOT"}},{"type":"Feature","geometry":{"type":"Point","coordinates":[-122.597447,45.612703]},"properties":{"id":"ora-wa-732","name":"SR 14 at MP 3.7: 73rd Ave","state":"WA","provider":"WSDOT","hls":null,"snapshot":"https://images.wsdot.wa.gov/sw/014vc00376.jpg","refreshMs":30000,"attribution":"Ora (Warner Varnado) · WSDOT"}},{"type":"Feature","geometry":{"type":"Point","coordinates":[-122.572477,45.608284]},"properties":{"id":"ora-wa-733","name":"SR 14 at MP 5: 97th Ave","state":"WA","provider":"WSDOT","hls":null,"snapshot":"https://images.wsdot.wa.gov/sw/014vc00500.jpg","refreshMs":30000,"attribution":"Ora (Warner Varnado) · WSDOT"}},{"type":"Feature","geometry":{"type":"Point","coordinates":[-122.546753,45.602294]},"properties":{"id":"ora-wa-734","name":"SR 14 at MP 6: East of I-205","state":"WA","provider":"WSDOT","hls":null,"snapshot":"https://images.wsdot.wa.gov/sw/014vc00629.jpg","refreshMs":30000,"attribution":"Ora (Warner Varnado) · WSDOT"}},{"type":"Feature","geometry":{"type":"Point","coordinates":[-122.556161,45.604677]},"properties":{"id":"ora-wa-735","name":"SR 14 at MP 5.8: West of I-205","state":"WA","provider":"WSDOT","hls":null,"snapshot":"https://images.wsdot.wa.gov/sw/014vc00585.jpg","refreshMs":30000,"attribution":"Ora (Warner Varnado) · WSDOT"}},{"type":"Feature","geometry":{"type":"Point","coordinates":[-122.531881,45.599215]},"properties":{"id":"ora-wa-736","name":"SR 14 at MP 7.1: Talton Ave.","state":"WA","provider":"WSDOT","hls":null,"snapshot":"https://images.wsdot.wa.gov/sw/014vc00708.jpg","refreshMs":30000,"attribution":"Ora (Warner Varnado) · WSDOT"}},{"type":"Feature","geometry":{"type":"Point","coordinates":[-122.504299,45.592026]},"properties":{"id":"ora-wa-737","name":"SR 14 at MP 8.5: 164th Ave","state":"WA","provider":"WSDOT","hls":null,"snapshot":"https://images.wsdot.wa.gov/sw/014vc00852.jpg","refreshMs":30000,"attribution":"Ora (Warner Varnado) · WSDOT"}},{"type":"Feature","geometry":{"type":"Point","coordinates":[-122.473646,45.584492]},"properties":{"id":"ora-wa-738","name":"SR 14 at MP 10.1: 192nd Ave","state":"WA","provider":"WSDOT","hls":null,"snapshot":"https://images.wsdot.wa.gov/sw/014vc01010.jpg","refreshMs":30000,"attribution":"Ora (Warner Varnado) · WSDOT"}},{"type":"Feature","geometry":{"type":"Point","coordinates":[-122.484867,45.587403]},"properties":{"id":"ora-wa-739","name":"SR 14 at MP 9.5: Quarry Rd","state":"WA","provider":"WSDOT","hls":null,"snapshot":"https://images.wsdot.wa.gov/sw/014vc00952.jpg","refreshMs":30000,"attribution":"Ora (Warner Varnado) · WSDOT"}},{"type":"Feature","geometry":{"type":"Point","coordinates":[-122.465735,45.58359]},"properties":{"id":"ora-wa-740","name":"SR 14 at MP 10.4: 192nd East","state":"WA","provider":"WSDOT","hls":null,"snapshot":"https://images.wsdot.wa.gov/sw/014vc01049.jpg","refreshMs":30000,"attribution":"Ora (Warner Varnado) · WSDOT"}},{"type":"Feature","geometry":{"type":"Point","coordinates":[-122.447527,45.578556]},"properties":{"id":"ora-wa-741","name":"SR 14 at MP 11.45","state":"WA","provider":"WSDOT","hls":null,"snapshot":"https://images.wsdot.wa.gov/sw/014vc01145.jpg","refreshMs":30000,"attribution":"Ora (Warner Varnado) · WSDOT"}},{"type":"Feature","geometry":{"type":"Point","coordinates":[-122.427261,45.580469]},"properties":{"id":"ora-wa-742","name":"SR 14 at MP 12.4: 6th Ave","state":"WA","provider":"WSDOT","hls":null,"snapshot":"https://images.wsdot.wa.gov/sw/014vc01239.jpg","refreshMs":30000,"attribution":"Ora (Warner Varnado) · WSDOT"}},{"type":"Feature","geometry":{"type":"Point","coordinates":[-122.430932,45.581134]},"properties":{"id":"ora-wa-743","name":"SR 14 at MP 12.38","state":"WA","provider":"WSDOT","hls":null,"snapshot":"https://images.wsdot.wa.gov/sw/014vc01238.jpg","refreshMs":30000,"attribution":"Ora (Warner Varnado) · WSDOT"}},{"type":"Feature","geometry":{"type":"Point","coordinates":[-122.416381,45.575075]},"properties":{"id":"ora-wa-744","name":"SR 14 at MP 13.1: Lady Island","state":"WA","provider":"WSDOT","hls":null,"snapshot":"https://images.wsdot.wa.gov/sw/014vc01314.jpg","refreshMs":30000,"attribution":"Ora (Warner Varnado) · WSDOT"}},{"type":"Feature","geometry":{"type":"Point","coordinates":[-122.385384,45.580397]},"properties":{"id":"ora-wa-745","name":"SR 14 at MP 14.6: Union St","state":"WA","provider":"WSDOT","hls":null,"snapshot":"https://images.wsdot.wa.gov/sw/014vc01465.jpg","refreshMs":30000,"attribution":"Ora (Warner Varnado) · WSDOT"}},{"type":"Feature","geometry":{"type":"Point","coordinates":[-122.369509,45.579416]},"properties":{"id":"ora-wa-746","name":"SR 14 at MP 15.4: 6th St","state":"WA","provider":"WSDOT","hls":null,"snapshot":"https://images.wsdot.wa.gov/sw/014vc01541.jpg","refreshMs":30000,"attribution":"Ora (Warner Varnado) · WSDOT"}},{"type":"Feature","geometry":{"type":"Point","coordinates":[-122.344127,45.574718]},"properties":{"id":"ora-wa-747","name":"SR 14 at MP 16.7: 27th St","state":"WA","provider":"WSDOT","hls":null,"snapshot":"https://images.wsdot.wa.gov/sw/014vc01670.jpg","refreshMs":30000,"attribution":"Ora (Warner Varnado) · WSDOT"}},{"type":"Feature","geometry":{"type":"Point","coordinates":[-122.20893,45.568631]},"properties":{"id":"ora-wa-748","name":"SR 14 at MP 23.9: CapeHorn","state":"WA","provider":"WSDOT","hls":null,"snapshot":"https://images.wsdot.wa.gov/sw/014vc02396.jpg","refreshMs":30000,"attribution":"Ora (Warner Varnado) · WSDOT"}},{"type":"Feature","geometry":{"type":"Point","coordinates":[-121.904954,45.66319]},"properties":{"id":"ora-wa-749","name":"SR 14 at MP 41.5: Bridge of the Gods","state":"WA","provider":"WSDOT","hls":null,"snapshot":"https://images.wsdot.wa.gov/sw/014vc04153.jpg","refreshMs":30000,"attribution":"Ora (Warner Varnado) · WSDOT"}},{"type":"Feature","geometry":{"type":"Point","coordinates":[-121.489828,45.72382]},"properties":{"id":"ora-wa-750","name":"SR 14 at MP 65: Hood River Bridge","state":"WA","provider":"WSDOT","hls":null,"snapshot":"https://images.wsdot.wa.gov/sw/014vc06504.jpg","refreshMs":30000,"attribution":"Ora (Warner Varnado) · WSDOT"}},{"type":"Feature","geometry":{"type":"Point","coordinates":[-121.156014,45.649254]},"properties":{"id":"ora-wa-751","name":"SR 14 at MP 83.5: Dallesport","state":"WA","provider":"WSDOT","hls":null,"snapshot":"https://images.wsdot.wa.gov/sw/014vc08353.jpg","refreshMs":30000,"attribution":"Ora (Warner Varnado) · WSDOT"}},{"type":"Feature","geometry":{"type":"Point","coordinates":[-119.935783,45.835481]},"properties":{"id":"ora-wa-752","name":"SR 14 at MP 148.8: Alderdale","state":"WA","provider":"WSDOT","hls":null,"snapshot":"https://images.wsdot.wa.gov/sw/014vc14875.jpg","refreshMs":30000,"attribution":"Ora (Warner Varnado) · WSDOT"}},{"type":"Feature","geometry":{"type":"Point","coordinates":[-119.010757,47.939583]},"properties":{"id":"ora-wa-753","name":"SR 155 at MP 25.7: SR 174 Grand Coulee","state":"WA","provider":"WSDOT","hls":null,"snapshot":"https://images.wsdot.wa.gov/nc/155vc02571.jpg","refreshMs":30000,"attribution":"Ora (Warner Varnado) · WSDOT"}},{"type":"Feature","geometry":{"type":"Point","coordinates":[-122.460959,47.231299]},"properties":{"id":"ora-wa-754","name":"SR 16 at MP 0.4: Spraque Ave","state":"WA","provider":"WSDOT","hls":null,"snapshot":"https://images.wsdot.wa.gov/orflow/016vc00045.jpg","refreshMs":30000,"attribution":"Ora (Warner Varnado) · WSDOT"}},{"type":"Feature","geometry":{"type":"Point","coordinates":[-122.480954,47.234986]},"properties":{"id":"ora-wa-755","name":"SR 16 at MP 1.1: Union Ave","state":"WA","provider":"WSDOT","hls":null,"snapshot":"https://images.wsdot.wa.gov/ORFlow/016vc00110.jpg","refreshMs":30000,"attribution":"Ora (Warner Varnado) · WSDOT"}},{"type":"Feature","geometry":{"type":"Point","coordinates":[-122.497515,47.235274]},"properties":{"id":"ora-wa-756","name":"SR 16 at MP 1.9: Center St","state":"WA","provider":"WSDOT","hls":null,"snapshot":"https://images.wsdot.wa.gov/ORFlow/016vc00190.jpg","refreshMs":30000,"attribution":"Ora (Warner Varnado) · WSDOT"}},{"type":"Feature","geometry":{"type":"Point","coordinates":[-122.5044,47.24276]},"properties":{"id":"ora-wa-757","name":"SR 16 at MP 2.5: South 19th St","state":"WA","provider":"WSDOT","hls":null,"snapshot":"https://images.wsdot.wa.gov/orflow/016vc00250.jpg","refreshMs":30000,"attribution":"Ora (Warner Varnado) · WSDOT"}},{"type":"Feature","geometry":{"type":"Point","coordinates":[-122.508611,47.247467]},"properties":{"id":"ora-wa-758","name":"SR 16 at MP 2.9: S Orchard St","state":"WA","provider":"WSDOT","hls":null,"snapshot":"https://images.wsdot.wa.gov/orflow/016vc00289.jpg","refreshMs":30000,"attribution":"Ora (Warner Varnado) · WSDOT"}},{"type":"Feature","geometry":{"type":"Point","coordinates":[-122.51506,47.256871]},"properties":{"id":"ora-wa-759","name":"SR 16 at MP 3.6: Sixth Ave","state":"WA","provider":"WSDOT","hls":null,"snapshot":"https://images.wsdot.wa.gov/orflow/016vc00360.jpg","refreshMs":30000,"attribution":"Ora (Warner Varnado) · WSDOT"}},{"type":"Feature","geometry":{"type":"Point","coordinates":[-122.531169,47.258843]},"properties":{"id":"ora-wa-760","name":"SR 16 at MP 4.4: Jackson Ave VMS","state":"WA","provider":"WSDOT","hls":null,"snapshot":"https://images.wsdot.wa.gov/orflow/016vc00440.jpg","refreshMs":30000,"attribution":"Ora (Warner Varnado) · WSDOT"}},{"type":"Feature","geometry":{"type":"Point","coordinates":[-122.516872,47.257772]},"properties":{"id":"ora-wa-761","name":"SR 16 at MP 3.7: SR 163 Interchange (Pearl St)","state":"WA","provider":"WSDOT","hls":null,"snapshot":"https://images.wsdot.wa.gov/ORFlow/016vc00370.jpg","refreshMs":30000,"attribution":"Ora (Warner Varnado) · WSDOT"}},{"type":"Feature","geometry":{"type":"Point","coordinates":[-122.537671,47.259047]},"properties":{"id":"ora-wa-762","name":"SR 16 at MP 4.7: Jackson Ave","state":"WA","provider":"WSDOT","hls":null,"snapshot":"https://images.wsdot.wa.gov/orflow/016vc00470.jpg","refreshMs":30000,"attribution":"Ora (Warner Varnado) · WSDOT"}},{"type":"Feature","geometry":{"type":"Point","coordinates":[-122.539291,47.259673]},"properties":{"id":"ora-wa-763","name":"SR 16 at MP 4.7: Tacoma Narrows Bridge, Eastside","state":"WA","provider":"WSDOT","hls":null,"snapshot":"https://images.wsdot.wa.gov/ORFlow/016vc00479.jpg","refreshMs":30000,"attribution":"Ora (Warner Varnado) · WSDOT"}},{"type":"Feature","geometry":{"type":"Point","coordinates":[-122.559557,47.27585]},"properties":{"id":"ora-wa-764","name":"SR 16 at MP 8.5: Tacoma Narrows Bridge, Westside","state":"WA","provider":"WSDOT","hls":null,"snapshot":"https://images.wsdot.wa.gov/orflow/016vc00850.jpg","refreshMs":30000,"attribution":"Ora (Warner Varnado) · WSDOT"}},{"type":"Feature","geometry":{"type":"Point","coordinates":[-122.553548,47.270925]},"properties":{"id":"ora-wa-765","name":"SR 16 at MP 8.0: TNB West Anchorage","state":"WA","provider":"WSDOT","hls":null,"snapshot":"https://images.wsdot.wa.gov/orflow/016vc00805.jpg","refreshMs":30000,"attribution":"Ora (Warner Varnado) · WSDOT"}},{"type":"Feature","geometry":{"type":"Point","coordinates":[-122.546164,47.264184]},"properties":{"id":"ora-wa-766","name":"SR 16 at MP 7.5: TNB EB East Anchorage","state":"WA","provider":"WSDOT","hls":null,"snapshot":"https://images.wsdot.wa.gov/orflow/016vc00751.jpg","refreshMs":30000,"attribution":"Ora (Warner Varnado) · WSDOT"}},{"type":"Feature","geometry":{"type":"Point","coordinates":[-122.54623,47.265066]},"properties":{"id":"ora-wa-767","name":"SR 16 at MP 7.5: TNB EB Main Span","state":"WA","provider":"WSDOT","hls":null,"snapshot":"https://images.wsdot.wa.gov/orflow/016vc00752.jpg","refreshMs":30000,"attribution":"Ora (Warner Varnado) · WSDOT"}},{"type":"Feature","geometry":{"type":"Point","coordinates":[-122.553686,47.271036]},"properties":{"id":"ora-wa-768","name":"SR 16 at MP 8.0: TNB WB Main Span","state":"WA","provider":"WSDOT","hls":null,"snapshot":"https://images.wsdot.wa.gov/orflow/016vc00806.jpg","refreshMs":30000,"attribution":"Ora (Warner Varnado) · WSDOT"}},{"type":"Feature","geometry":{"type":"Point","coordinates":[-122.560383,47.277271]},"properties":{"id":"ora-wa-769","name":"SR 16 at MP 8.6: Stone Dr","state":"WA","provider":"WSDOT","hls":null,"snapshot":"https://images.wsdot.wa.gov/orflow/016vc00860.jpg","refreshMs":30000,"attribution":"Ora (Warner Varnado) · WSDOT"}},{"type":"Feature","geometry":{"type":"Point","coordinates":[-122.560514,47.280111]},"properties":{"id":"ora-wa-770","name":"SR 16 at MP 8.7: 24th","state":"WA","provider":"WSDOT","hls":null,"snapshot":"https://images.wsdot.wa.gov/orflow/016vc00879.jpg","refreshMs":30000,"attribution":"Ora (Warner Varnado) · WSDOT"}},{"type":"Feature","geometry":{"type":"Point","coordinates":[-122.553824,47.271146]},"properties":{"id":"ora-wa-771","name":"SR 16 at MP 8.0: TNB WB Walkway","state":"WA","provider":"WSDOT","hls":null,"snapshot":"https://images.wsdot.wa.gov/orflow/016vc00807.jpg","refreshMs":30000,"attribution":"Ora (Warner Varnado) · WSDOT"}},{"type":"Feature","geometry":{"type":"Point","coordinates":[-122.54691,47.264828]},"properties":{"id":"ora-wa-772","name":"SR 16 at MP 7.5: TNB EB Walkway","state":"WA","provider":"WSDOT","hls":null,"snapshot":"https://images.wsdot.wa.gov/orflow/016vc00753.jpg","refreshMs":30000,"attribution":"Ora (Warner Varnado) · WSDOT"}},{"type":"Feature","geometry":{"type":"Point","coordinates":[-122.560831,47.287391]},"properties":{"id":"ora-wa-773","name":"SR 16 at MP 9.3: Toll Plaza","state":"WA","provider":"WSDOT","hls":null,"snapshot":"https://images.wsdot.wa.gov/orflow/016vc00930.jpg","refreshMs":30000,"attribution":"Ora (Warner Varnado) · WSDOT"}},{"type":"Feature","geometry":{"type":"Point","coordinates":[-122.564969,47.292483]},"properties":{"id":"ora-wa-774","name":"SR 16 at MP 9.7: 36th Street","state":"WA","provider":"WSDOT","hls":null,"snapshot":"https://images.wsdot.wa.gov/orflow/016vc00970.jpg","refreshMs":30000,"attribution":"Ora (Warner Varnado) · WSDOT"}},{"type":"Feature","geometry":{"type":"Point","coordinates":[-122.575941,47.304869]},"properties":{"id":"ora-wa-775","name":"SR 16 at MP 10.7: Olympic Drive","state":"WA","provider":"WSDOT","hls":null,"snapshot":"https://images.wsdot.wa.gov/orflow/016vc01070.jpg","refreshMs":30000,"attribution":"Ora (Warner Varnado) · WSDOT"}},{"type":"Feature","geometry":{"type":"Point","coordinates":[-122.593461,47.324658]},"properties":{"id":"ora-wa-776","name":"SR 16 at MP 12.3: Wollochet","state":"WA","provider":"WSDOT","hls":null,"snapshot":"https://images.wsdot.wa.gov/orflow/016vc01230.jpg","refreshMs":30000,"attribution":"Ora (Warner Varnado) · WSDOT"}},{"type":"Feature","geometry":{"type":"Point","coordinates":[-122.603516,47.335731]},"properties":{"id":"ora-wa-777","name":"SR 16 at MP 13.2: Rosedale","state":"WA","provider":"WSDOT","hls":null,"snapshot":"https://images.wsdot.wa.gov/orflow/016vc01320.jpg","refreshMs":30000,"attribution":"Ora (Warner Varnado) · WSDOT"}},{"type":"Feature","geometry":{"type":"Point","coordinates":[-122.613401,47.356344]},"properties":{"id":"ora-wa-778","name":"SR 16 at MP 14.7: Burnham Drive","state":"WA","provider":"WSDOT","hls":null,"snapshot":"https://images.wsdot.wa.gov/orflow/016vc01471.jpg","refreshMs":30000,"attribution":"Ora (Warner Varnado) · WSDOT"}},{"type":"Feature","geometry":{"type":"Point","coordinates":[-122.617823,47.366119]},"properties":{"id":"ora-wa-779","name":"SR 16 at MP 15.4: SR 302 Interchange","state":"WA","provider":"WSDOT","hls":null,"snapshot":"https://images.wsdot.wa.gov/orflow/016vc01540.jpg","refreshMs":30000,"attribution":"Ora (Warner Varnado) · WSDOT"}},{"type":"Feature","geometry":{"type":"Point","coordinates":[-122.29402,47.235505]},"properties":{"id":"ora-wa-780","name":"SR 161 at MP 32.3: 24th St","state":"WA","provider":"WSDOT","hls":null,"snapshot":"https://images.wsdot.wa.gov/orflow/161vc03230.jpg","refreshMs":30000,"attribution":"Ora (Warner Varnado) · WSDOT"}},{"type":"Feature","geometry":{"type":"Point","coordinates":[-122.293761,47.250052]},"properties":{"id":"ora-wa-781","name":"SR 161 at MP 33.3: 8th St","state":"WA","provider":"WSDOT","hls":null,"snapshot":"https://images.wsdot.wa.gov/orflow/161vc03331.jpg","refreshMs":30000,"attribution":"Ora (Warner Varnado) · WSDOT"}},{"type":"Feature","geometry":{"type":"Point","coordinates":[-122.294806,47.257691]},"properties":{"id":"ora-wa-782","name":"SR 161 at MP 32.5: Military Rd","state":"WA","provider":"WSDOT","hls":null,"snapshot":"https://images.wsdot.wa.gov/nw/161vc03384.jpg","refreshMs":30000,"attribution":"Ora (Warner Varnado) · WSDOT"}},{"type":"Feature","geometry":{"type":"Point","coordinates":[-122.305966,47.272738]},"properties":{"id":"ora-wa-783","name":"SR 161 at MP 33.7: 19th Way S","state":"WA","provider":"WSDOT","hls":null,"snapshot":"https://images.wsdot.wa.gov/nw/161vc03500.jpg","refreshMs":30000,"attribution":"Ora (Warner Varnado) · WSDOT"}},{"type":"Feature","geometry":{"type":"Point","coordinates":[-122.401512,47.239531]},"properties":{"id":"ora-wa-784","name":"SR 167 at MP 0.3: 3rd Ave E","state":"WA","provider":"WSDOT","hls":null,"snapshot":"https://images.wsdot.wa.gov/orflow/167vc00031.jpg","refreshMs":30000,"attribution":"Ora (Warner Varnado) · WSDOT"}},{"type":"Feature","geometry":{"type":"Point","coordinates":[-122.400398,47.239463]},"properties":{"id":"ora-wa-785","name":"SR 167 at MP 0.4: 54th Ave","state":"WA","provider":"WSDOT","hls":null,"snapshot":"https://images.wsdot.wa.gov/orflow/167vc00039.jpg","refreshMs":30000,"attribution":"Ora (Warner Varnado) · WSDOT"}},{"type":"Feature","geometry":{"type":"Point","coordinates":[-122.389349,47.234511]},"properties":{"id":"ora-wa-786","name":"SR 167 at MP 1: 12th St E","state":"WA","provider":"WSDOT","hls":null,"snapshot":"https://images.wsdot.wa.gov/orflow/167vc00102.jpg","refreshMs":30000,"attribution":"Ora (Warner Varnado) · WSDOT"}},{"type":"Feature","geometry":{"type":"Point","coordinates":[-122.397841,47.238528]},"properties":{"id":"ora-wa-787","name":"SR 167 at MP 0.5: 54th Ave E WB Offramp","state":"WA","provider":"WSDOT","hls":null,"snapshot":"https://images.wsdot.wa.gov/orflow/167vc00053.jpg","refreshMs":30000,"attribution":"Ora (Warner Varnado) · WSDOT"}},{"type":"Feature","geometry":{"type":"Point","coordinates":[-122.394948,47.236671]},"properties":{"id":"ora-wa-788","name":"SR 167 at MP 0.7: 58th Ave E","state":"WA","provider":"WSDOT","hls":null,"snapshot":"https://images.wsdot.wa.gov/orflow/167vc00072.jpg","refreshMs":30000,"attribution":"Ora (Warner Varnado) · WSDOT"}},{"type":"Feature","geometry":{"type":"Point","coordinates":[-122.37723,47.229823]},"properties":{"id":"ora-wa-789","name":"SR 167 at MP 1.6","state":"WA","provider":"WSDOT","hls":null,"snapshot":"https://images.wsdot.wa.gov/orflow/167vc00167.jpg","refreshMs":30000,"attribution":"Ora (Warner Varnado) · WSDOT"}},{"type":"Feature","geometry":{"type":"Point","coordinates":[-122.34203,47.213572]},"properties":{"id":"ora-wa-790","name":"SR 167 at MP 3.6: Clarks Creek","state":"WA","provider":"WSDOT","hls":null,"snapshot":"https://images.wsdot.wa.gov/orflow/167vc00366.jpg","refreshMs":30000,"attribution":"Ora (Warner Varnado) · WSDOT"}},{"type":"Feature","geometry":{"type":"Point","coordinates":[-122.288173,47.203564]},"properties":{"id":"ora-wa-791","name":"SR 167 at MP 5.5: Milwaukee Ave","state":"WA","provider":"WSDOT","hls":null,"snapshot":"https://images.wsdot.wa.gov/orflow/167vc00554.jpg","refreshMs":30000,"attribution":"Ora (Warner Varnado) · WSDOT"}},{"type":"Feature","geometry":{"type":"Point","coordinates":[-122.278642,47.202305]},"properties":{"id":"ora-wa-792","name":"SR 167 at MP 6: SR 512 Interchange","state":"WA","provider":"WSDOT","hls":null,"snapshot":"https://images.wsdot.wa.gov/orflow/167vc00600.jpg","refreshMs":30000,"attribution":"Ora (Warner Varnado) · WSDOT"}},{"type":"Feature","geometry":{"type":"Point","coordinates":[-122.257715,47.201976]},"properties":{"id":"ora-wa-793","name":"SR 167 at MP 7: SR 410 Interchange","state":"WA","provider":"WSDOT","hls":null,"snapshot":"https://images.wsdot.wa.gov/ORFlow/167vc00700.jpg","refreshMs":30000,"attribution":"Ora (Warner Varnado) · WSDOT"}},{"type":"Feature","geometry":{"type":"Point","coordinates":[-122.246822,47.21229]},"properties":{"id":"ora-wa-794","name":"SR 167 at MP 8.03: 48th St E","state":"WA","provider":"WSDOT","hls":null,"snapshot":"https://images.wsdot.wa.gov/orflow/167vc00803.jpg","refreshMs":30000,"attribution":"Ora (Warner Varnado) · WSDOT"}},{"type":"Feature","geometry":{"type":"Point","coordinates":[-122.247773,47.206459]},"properties":{"id":"ora-wa-795","name":"SR 167 at MP 7.6: W Valley Highway E","state":"WA","provider":"WSDOT","hls":null,"snapshot":"https://images.wsdot.wa.gov/orflow/167vc00759.jpg","refreshMs":30000,"attribution":"Ora (Warner Varnado) · WSDOT"}},{"type":"Feature","geometry":{"type":"Point","coordinates":[-122.249564,47.231017]},"properties":{"id":"ora-wa-796","name":"SR 167 at MP 9.3: 24th St E","state":"WA","provider":"WSDOT","hls":null,"snapshot":"https://images.wsdot.wa.gov/orflow/167vc00930.jpg","refreshMs":30000,"attribution":"Ora (Warner Varnado) · WSDOT"}},{"type":"Feature","geometry":{"type":"Point","coordinates":[-122.256287,47.250385]},"properties":{"id":"ora-wa-797","name":"SR 167 at MP 10.6: Stewart Rd, NB Ramp","state":"WA","provider":"WSDOT","hls":null,"snapshot":"https://images.wsdot.wa.gov/orflow/167vc01067.jpg","refreshMs":30000,"attribution":"Ora (Warner Varnado) · WSDOT"}},{"type":"Feature","geometry":{"type":"Point","coordinates":[-122.258067,47.253048]},"properties":{"id":"ora-wa-798","name":"SR 167 at MP 10.8: Stewart Rd","state":"WA","provider":"WSDOT","hls":null,"snapshot":"https://images.wsdot.wa.gov/orflow/167vc01087.jpg","refreshMs":30000,"attribution":"Ora (Warner Varnado) · WSDOT"}},{"type":"Feature","geometry":{"type":"Point","coordinates":[-122.261607,47.264173]},"properties":{"id":"ora-wa-799","name":"SR 167 at MP 11.6: S 376th St","state":"WA","provider":"WSDOT","hls":null,"snapshot":"https://images.wsdot.wa.gov/nw/167vc01165.jpg","refreshMs":30000,"attribution":"Ora (Warner Varnado) · WSDOT"}},{"type":"Feature","geometry":{"type":"Point","coordinates":[-122.259854,47.270977]},"properties":{"id":"ora-wa-800","name":"SR 167 at MP 12.1: Ellingson Rd, S","state":"WA","provider":"WSDOT","hls":null,"snapshot":"https://images.wsdot.wa.gov/nw/167vc01213.jpg","refreshMs":30000,"attribution":"Ora (Warner Varnado) · WSDOT"}},{"type":"Feature","geometry":{"type":"Point","coordinates":[-122.258924,47.273213]},"properties":{"id":"ora-wa-801","name":"SR 167 at MP 12.3: Ellingson Rd, NB","state":"WA","provider":"WSDOT","hls":null,"snapshot":"https://images.wsdot.wa.gov/nw/167vc01230.jpg","refreshMs":30000,"attribution":"Ora (Warner Varnado) · WSDOT"}},{"type":"Feature","geometry":{"type":"Point","coordinates":[-122.258414,47.275989]},"properties":{"id":"ora-wa-802","name":"SR 167 at MP 12.4: Ellingson Rd, N","state":"WA","provider":"WSDOT","hls":null,"snapshot":"https://images.wsdot.wa.gov/nw/167vc01249.jpg","refreshMs":30000,"attribution":"Ora (Warner Varnado) · WSDOT"}},{"type":"Feature","geometry":{"type":"Point","coordinates":[-122.258137,47.28503]},"properties":{"id":"ora-wa-803","name":"SR 167 at MP 13.1: S 353rd St","state":"WA","provider":"WSDOT","hls":null,"snapshot":"https://images.wsdot.wa.gov/nw/167vc01311.jpg","refreshMs":30000,"attribution":"Ora (Warner Varnado) · WSDOT"}},{"type":"Feature","geometry":{"type":"Point","coordinates":[-122.252251,47.303959]},"properties":{"id":"ora-wa-804","name":"SR 167 at MP 14.5: 4th St SW","state":"WA","provider":"WSDOT","hls":null,"snapshot":"https://images.wsdot.wa.gov/nw/167vc01448.jpg","refreshMs":30000,"attribution":"Ora (Warner Varnado) · WSDOT"}},{"type":"Feature","geometry":{"type":"Point","coordinates":[-122.256665,47.29583]},"properties":{"id":"ora-wa-805","name":"SR 167 at MP 13.8: 15th St SW, West","state":"WA","provider":"WSDOT","hls":null,"snapshot":"https://images.wsdot.wa.gov/nw/167vc01386.jpg","refreshMs":30000,"attribution":"Ora (Warner Varnado) · WSDOT"}},{"type":"Feature","geometry":{"type":"Point","coordinates":[-122.256216,47.296619]},"properties":{"id":"ora-wa-806","name":"SR 167 at MP 13.9: 15th St SW, East","state":"WA","provider":"WSDOT","hls":null,"snapshot":"https://images.wsdot.wa.gov/nw/167vc01392.jpg","refreshMs":30000,"attribution":"Ora (Warner Varnado) · WSDOT"}},{"type":"Feature","geometry":{"type":"Point","coordinates":[-122.257885,47.291808]},"properties":{"id":"ora-wa-807","name":"SR 167 at MP 13.5: S 346th St","state":"WA","provider":"WSDOT","hls":null,"snapshot":"https://images.wsdot.wa.gov/nw/167vc01358.jpg","refreshMs":30000,"attribution":"Ora (Warner Varnado) · WSDOT"}},{"type":"Feature","geometry":{"type":"Point","coordinates":[-122.248421,47.308428]},"properties":{"id":"ora-wa-808","name":"SR 167 at MP 14.7: W Main St","state":"WA","provider":"WSDOT","hls":null,"snapshot":"https://images.wsdot.wa.gov/nw/167vc01477.jpg","refreshMs":30000,"attribution":"Ora (Warner Varnado) · WSDOT"}},{"type":"Feature","geometry":{"type":"Point","coordinates":[-122.244715,47.32281]},"properties":{"id":"ora-wa-809","name":"SR 167 at MP 15.8: 15th St NW","state":"WA","provider":"WSDOT","hls":null,"snapshot":"https://images.wsdot.wa.gov/nw/167vc01580.jpg","refreshMs":30000,"attribution":"Ora (Warner Varnado) · WSDOT"}},{"type":"Feature","geometry":{"type":"Point","coordinates":[-122.244664,47.330443]},"properties":{"id":"ora-wa-810","name":"SR 167 at MP 16.3: 26th St NW","state":"WA","provider":"WSDOT","hls":null,"snapshot":"https://images.wsdot.wa.gov/nw/167vc01633.jpg","refreshMs":30000,"attribution":"Ora (Warner Varnado) · WSDOT"}},{"type":"Feature","geometry":{"type":"Point","coordinates":[-122.244752,47.31895]},"properties":{"id":"ora-wa-811","name":"SR 167 at MP 15.5: 13th St NW","state":"WA","provider":"WSDOT","hls":null,"snapshot":"https://images.wsdot.wa.gov/nw/167vc01553.jpg","refreshMs":30000,"attribution":"Ora (Warner Varnado) · WSDOT"}},{"type":"Feature","geometry":{"type":"Point","coordinates":[-122.244597,47.341637]},"properties":{"id":"ora-wa-812","name":"SR 167 at MP 17.1: 37th St NW","state":"WA","provider":"WSDOT","hls":null,"snapshot":"https://images.wsdot.wa.gov/nw/167vc01710.jpg","refreshMs":30000,"attribution":"Ora (Warner Varnado) · WSDOT"}},{"type":"Feature","geometry":{"type":"Point","coordinates":[-122.244564,47.35339]},"properties":{"id":"ora-wa-813","name":"SR 167 at MP 17.9: S 277th St, West","state":"WA","provider":"WSDOT","hls":null,"snapshot":"https://images.wsdot.wa.gov/nw/167vc01791.jpg","refreshMs":30000,"attribution":"Ora (Warner Varnado) · WSDOT"}},{"type":"Feature","geometry":{"type":"Point","coordinates":[-122.244315,47.361355]},"properties":{"id":"ora-wa-814","name":"SR 167 at MP 18.5: S 269th St","state":"WA","provider":"WSDOT","hls":null,"snapshot":"https://images.wsdot.wa.gov/nw/167vc01849.jpg","refreshMs":30000,"attribution":"Ora (Warner Varnado) · WSDOT"}},{"type":"Feature","geometry":{"type":"Point","coordinates":[-122.244532,47.349111]},"properties":{"id":"ora-wa-815","name":"SR 167 at MP 17.6: 46th St NW","state":"WA","provider":"WSDOT","hls":null,"snapshot":"https://images.wsdot.wa.gov/nw/167vc01758.jpg","refreshMs":30000,"attribution":"Ora (Warner Varnado) · WSDOT"}},{"type":"Feature","geometry":{"type":"Point","coordinates":[-122.244558,47.354112]},"properties":{"id":"ora-wa-816","name":"SR 167 at MP 17.9: S 277th St, East","state":"WA","provider":"WSDOT","hls":null,"snapshot":"https://images.wsdot.wa.gov/nw/167vc01796.jpg","refreshMs":30000,"attribution":"Ora (Warner Varnado) · WSDOT"}},{"type":"Feature","geometry":{"type":"Point","coordinates":[-122.24436,47.368931]},"properties":{"id":"ora-wa-817","name":"SR 167 at MP 18.9: Green River","state":"WA","provider":"WSDOT","hls":null,"snapshot":"https://images.wsdot.wa.gov/nw/167vc01899.jpg","refreshMs":30000,"attribution":"Ora (Warner Varnado) · WSDOT"}},{"type":"Feature","geometry":{"type":"Point","coordinates":[-122.24431,47.378307]},"properties":{"id":"ora-wa-818","name":"SR 167 at MP 19.6: Willis St","state":"WA","provider":"WSDOT","hls":null,"snapshot":"https://images.wsdot.wa.gov/nw/167vc01964.jpg","refreshMs":30000,"attribution":"Ora (Warner Varnado) · WSDOT"}},{"type":"Feature","geometry":{"type":"Point","coordinates":[-122.243296,47.388495]},"properties":{"id":"ora-wa-819","name":"SR 167 at MP 20.3: S 238th St","state":"WA","provider":"WSDOT","hls":null,"snapshot":"https://images.wsdot.wa.gov/nw/167vc02033.jpg","refreshMs":30000,"attribution":"Ora (Warner Varnado) · WSDOT"}},{"type":"Feature","geometry":{"type":"Point","coordinates":[-122.227546,47.398734]},"properties":{"id":"ora-wa-820","name":"SR 167 at MP 21.3: 84th Ave S","state":"WA","provider":"WSDOT","hls":null,"snapshot":"https://images.wsdot.wa.gov/nw/167vc02136.jpg","refreshMs":30000,"attribution":"Ora (Warner Varnado) · WSDOT"}},{"type":"Feature","geometry":{"type":"Point","coordinates":[-122.2378,47.391837]},"properties":{"id":"ora-wa-821","name":"SR 167 at MP 20.6: 4th Ave N","state":"WA","provider":"WSDOT","hls":null,"snapshot":"https://images.wsdot.wa.gov/nw/167vc02069.jpg","refreshMs":30000,"attribution":"Ora (Warner Varnado) · WSDOT"}},{"type":"Feature","geometry":{"type":"Point","coordinates":[-122.220683,47.404973]},"properties":{"id":"ora-wa-822","name":"SR 167 at MP 21.8: S 220th St","state":"WA","provider":"WSDOT","hls":null,"snapshot":"https://images.wsdot.wa.gov/nw/167vc02189.jpg","refreshMs":30000,"attribution":"Ora (Warner Varnado) · WSDOT"}},{"type":"Feature","geometry":{"type":"Point","coordinates":[-122.220474,47.412254]},"properties":{"id":"ora-wa-823","name":"SR 167 at MP 22.4: S 212th St","state":"WA","provider":"WSDOT","hls":null,"snapshot":"https://images.wsdot.wa.gov/nw/167vc02241.jpg","refreshMs":30000,"attribution":"Ora (Warner Varnado) · WSDOT"}},{"type":"Feature","geometry":{"type":"Point","coordinates":[-122.220741,47.408246]},"properties":{"id":"ora-wa-824","name":"SR 167 at MP 22.2: S 216th St","state":"WA","provider":"WSDOT","hls":null,"snapshot":"https://images.wsdot.wa.gov/nw/167vc02217.jpg","refreshMs":30000,"attribution":"Ora (Warner Varnado) · WSDOT"}},{"type":"Feature","geometry":{"type":"Point","coordinates":[-122.221636,47.425178]},"properties":{"id":"ora-wa-825","name":"SR 167 at MP 23.3: S 198th St","state":"WA","provider":"WSDOT","hls":null,"snapshot":"https://images.wsdot.wa.gov/nw/167vc02327.jpg","refreshMs":30000,"attribution":"Ora (Warner Varnado) · WSDOT"}},{"type":"Feature","geometry":{"type":"Point","coordinates":[-122.220725,47.428314]},"properties":{"id":"ora-wa-826","name":"SR 167 at MP 23.5: S 194th St","state":"WA","provider":"WSDOT","hls":null,"snapshot":"https://images.wsdot.wa.gov/nw/167vc02352.jpg","refreshMs":30000,"attribution":"Ora (Warner Varnado) · WSDOT"}},{"type":"Feature","geometry":{"type":"Point","coordinates":[-122.217532,47.440732]},"properties":{"id":"ora-wa-827","name":"SR 167 at MP 24.4: S 180th St","state":"WA","provider":"WSDOT","hls":null,"snapshot":"https://images.wsdot.wa.gov/nw/167vc02439.jpg","refreshMs":30000,"attribution":"Ora (Warner Varnado) · WSDOT"}},{"type":"Feature","geometry":{"type":"Point","coordinates":[-122.216226,47.441329]},"properties":{"id":"ora-wa-828","name":"SR 167 at MP 24.4: S 180th, NB Ramp","state":"WA","provider":"WSDOT","hls":null,"snapshot":"https://images.wsdot.wa.gov/nw/167vc02442.jpg","refreshMs":30000,"attribution":"Ora (Warner Varnado) · WSDOT"}},{"type":"Feature","geometry":{"type":"Point","coordinates":[-122.217384,47.441307]},"properties":{"id":"ora-wa-829","name":"SR 167 at MP 24.4: SW 41st St","state":"WA","provider":"WSDOT","hls":null,"snapshot":"https://images.wsdot.wa.gov/nw/167vc02459.jpg","refreshMs":30000,"attribution":"Ora (Warner Varnado) · WSDOT"}},{"type":"Feature","geometry":{"type":"Point","coordinates":[-122.215871,47.454892]},"properties":{"id":"ora-wa-830","name":"SR 167 at MP 25.3: S 27th St","state":"WA","provider":"WSDOT","hls":null,"snapshot":"https://images.wsdot.wa.gov/nw/167vc02548.jpg","refreshMs":30000,"attribution":"Ora (Warner Varnado) · WSDOT"}},{"type":"Feature","geometry":{"type":"Point","coordinates":[-122.215342,47.449522]},"properties":{"id":"ora-wa-831","name":"SR 167 at MP 25: S 34th St","state":"WA","provider":"WSDOT","hls":null,"snapshot":"https://images.wsdot.wa.gov/nw/167vc02501.jpg","refreshMs":30000,"attribution":"Ora (Warner Varnado) · WSDOT"}},{"type":"Feature","geometry":{"type":"Point","coordinates":[-122.217832,47.466332]},"properties":{"id":"ora-wa-832","name":"SR 167 at MP 26.1: I-405, SE Quad","state":"WA","provider":"WSDOT","hls":null,"snapshot":"https://images.wsdot.wa.gov/nw/167vc02617.jpg","refreshMs":30000,"attribution":"Ora (Warner Varnado) · WSDOT"}},{"type":"Feature","geometry":{"type":"Point","coordinates":[-122.217794,47.465298]},"properties":{"id":"ora-wa-833","name":"SR 167 at MP 26.1: I-405 South","state":"WA","provider":"WSDOT","hls":null,"snapshot":"https://images.wsdot.wa.gov/nw/167vc02619.jpg","refreshMs":30000,"attribution":"Ora (Warner Varnado) · WSDOT"}},{"type":"Feature","geometry":{"type":"Point","coordinates":[-122.217848,47.466799]},"properties":{"id":"ora-wa-834","name":"SR 167 at MP 26.2: I-405, SW Quad","state":"WA","provider":"WSDOT","hls":null,"snapshot":"https://images.wsdot.wa.gov/nw/167vc02620.jpg","refreshMs":30000,"attribution":"Ora (Warner Varnado) · WSDOT"}},{"type":"Feature","geometry":{"type":"Point","coordinates":[-122.217038,47.459807]},"properties":{"id":"ora-wa-835","name":"SR 167 at MP 25.7: S 22nd St","state":"WA","provider":"WSDOT","hls":null,"snapshot":"https://images.wsdot.wa.gov/nw/167vc02574.jpg","refreshMs":30000,"attribution":"Ora (Warner Varnado) · WSDOT"}},{"type":"Feature","geometry":{"type":"Point","coordinates":[-122.217864,47.469434]},"properties":{"id":"ora-wa-836","name":"SR 167 at MP 26.4: I-405 North","state":"WA","provider":"WSDOT","hls":null,"snapshot":"https://images.wsdot.wa.gov/nw/167vc02639.jpg","refreshMs":30000,"attribution":"Ora (Warner Varnado) · WSDOT"}},{"type":"Feature","geometry":{"type":"Point","coordinates":[-122.019429,47.35438]},"properties":{"id":"ora-wa-837","name":"SR 169 at MP 10.9: SE 276th St","state":"WA","provider":"WSDOT","hls":null,"snapshot":"https://images.wsdot.wa.gov/nw/169vc01095.jpg","refreshMs":30000,"attribution":"Ora (Warner Varnado) · WSDOT"}},{"type":"Feature","geometry":{"type":"Point","coordinates":[-122.020261,47.358386]},"properties":{"id":"ora-wa-838","name":"SR 169 at MP 11.2","state":"WA","provider":"WSDOT","hls":null,"snapshot":"https://images.wsdot.wa.gov/nw/169vc01123.jpg","refreshMs":30000,"attribution":"Ora (Warner Varnado) · WSDOT"}},{"type":"Feature","geometry":{"type":"Point","coordinates":[-122.020911,47.361388]},"properties":{"id":"ora-wa-839","name":"SR 169 at MP 11.4: SR 516 Interchange","state":"WA","provider":"WSDOT","hls":null,"snapshot":"https://images.wsdot.wa.gov/nw/169vc01144.jpg","refreshMs":30000,"attribution":"Ora (Warner Varnado) · WSDOT"}},{"type":"Feature","geometry":{"type":"Point","coordinates":[-122.039611,47.386902]},"properties":{"id":"ora-wa-840","name":"SR 169 at MP 13.5: SE 240th St","state":"WA","provider":"WSDOT","hls":null,"snapshot":"https://images.wsdot.wa.gov/nw/169vc01350.jpg","refreshMs":30000,"attribution":"Ora (Warner Varnado) · WSDOT"}},{"type":"Feature","geometry":{"type":"Point","coordinates":[-122.045938,47.392247]},"properties":{"id":"ora-wa-841","name":"SR 169 at MP 14: Witte Rd SE","state":"WA","provider":"WSDOT","hls":null,"snapshot":"https://images.wsdot.wa.gov/nw/169vc01400.jpg","refreshMs":30000,"attribution":"Ora (Warner Varnado) · WSDOT"}},{"type":"Feature","geometry":{"type":"Point","coordinates":[-122.043932,47.400757]},"properties":{"id":"ora-wa-842","name":"SR 169 at MP 14.6: SE 231st St","state":"WA","provider":"WSDOT","hls":null,"snapshot":"https://images.wsdot.wa.gov/nw/169vc01460.jpg","refreshMs":30000,"attribution":"Ora (Warner Varnado) · WSDOT"}},{"type":"Feature","geometry":{"type":"Point","coordinates":[-119.134262,46.811803]},"properties":{"id":"ora-wa-843","name":"SR 17 at MP 28.38: SR 26 Interchange","state":"WA","provider":"WSDOT","hls":null,"snapshot":"https://images.wsdot.wa.gov/nc/017vc02838.jpg","refreshMs":30000,"attribution":"Ora (Warner Varnado) · WSDOT"}},{"type":"Feature","geometry":{"type":"Point","coordinates":[-119.244193,47.09943]},"properties":{"id":"ora-wa-844","name":"SR 17 at MP 50.8: Moses Lake at I-90","state":"WA","provider":"WSDOT","hls":null,"snapshot":"https://images.wsdot.wa.gov/nc/017vc05067.jpg","refreshMs":30000,"attribution":"Ora (Warner Varnado) · WSDOT"}},{"type":"Feature","geometry":{"type":"Point","coordinates":[-119.256769,47.13084]},"properties":{"id":"ora-wa-845","name":"SR 17 at MP 53.2: Moses Lake at Wheeler Rd","state":"WA","provider":"WSDOT","hls":null,"snapshot":"https://images.wsdot.wa.gov/nc/017vc05322.jpg","refreshMs":30000,"attribution":"Ora (Warner Varnado) · WSDOT"}},{"type":"Feature","geometry":{"type":"Point","coordinates":[-119.277676,47.143404]},"properties":{"id":"ora-wa-846","name":"SR 17 at MP 54.7: Moses Lake at Stratford Rd","state":"WA","provider":"WSDOT","hls":null,"snapshot":"https://images.wsdot.wa.gov/nc/017vc05473.jpg","refreshMs":30000,"attribution":"Ora (Warner Varnado) · WSDOT"}},{"type":"Feature","geometry":{"type":"Point","coordinates":[-119.31228,47.15667]},"properties":{"id":"ora-wa-847","name":"SR 17 at MP 56.6: Moses Lake at Patton Blvd","state":"WA","provider":"WSDOT","hls":null,"snapshot":"https://images.wsdot.wa.gov/nc/017vc05656.jpg","refreshMs":30000,"attribution":"Ora (Warner Varnado) · WSDOT"}},{"type":"Feature","geometry":{"type":"Point","coordinates":[-119.483194,47.383266]},"properties":{"id":"ora-wa-848","name":"SR 17 at MP 75.4: Soap Lake","state":"WA","provider":"WSDOT","hls":null,"snapshot":"https://images.wsdot.wa.gov/nc/028vc05286.jpg","refreshMs":30000,"attribution":"Ora (Warner Varnado) · WSDOT"}},{"type":"Feature","geometry":{"type":"Point","coordinates":[-119.362631,47.812178]},"properties":{"id":"ora-wa-849","name":"SR 17 at MP 112 E. Mansfield","state":"WA","provider":"WSDOT","hls":null,"snapshot":"https://images.wsdot.wa.gov/nc/017vc11222.jpg","refreshMs":30000,"attribution":"Ora (Warner Varnado) · WSDOT"}},{"type":"Feature","geometry":{"type":"Point","coordinates":[-119.277603,47.131736]},"properties":{"id":"ora-wa-850","name":"SR 171 at MP 2.9: Moses Lake","state":"WA","provider":"WSDOT","hls":null,"snapshot":"https://images.wsdot.wa.gov/nc/171vc00289.jpg","refreshMs":30000,"attribution":"Ora (Warner Varnado) · WSDOT"}},{"type":"Feature","geometry":{"type":"Point","coordinates":[-122.313906,47.28961]},"properties":{"id":"ora-wa-851","name":"SR 18 at MP 0.1: I-5 Interchange","state":"WA","provider":"WSDOT","hls":null,"snapshot":"https://images.wsdot.wa.gov/nw/018vc00019.jpg","refreshMs":30000,"attribution":"Ora (Warner Varnado) · WSDOT"}},{"type":"Feature","geometry":{"type":"Point","coordinates":[-122.280627,47.300248]},"properties":{"id":"ora-wa-852","name":"SR 18 at MP 1.4: 42nd Ave S","state":"WA","provider":"WSDOT","hls":null,"snapshot":"https://images.wsdot.wa.gov/nw/018vc00146.jpg","refreshMs":30000,"attribution":"Ora (Warner Varnado) · WSDOT"}},{"type":"Feature","geometry":{"type":"Point","coordinates":[-122.292117,47.294125]},"properties":{"id":"ora-wa-853","name":"SR 18 at MP 0.7: Weyerhaeuser Way","state":"WA","provider":"WSDOT","hls":null,"snapshot":"https://images.wsdot.wa.gov/nw/018vc00078.jpg","refreshMs":30000,"attribution":"Ora (Warner Varnado) · WSDOT"}},{"type":"Feature","geometry":{"type":"Point","coordinates":[-122.271464,47.304041]},"properties":{"id":"ora-wa-854","name":"SR 18 at MP 1.9: Peasley Canyon Rd","state":"WA","provider":"WSDOT","hls":null,"snapshot":"https://images.wsdot.wa.gov/nw/018vc00198.jpg","refreshMs":30000,"attribution":"Ora (Warner Varnado) · WSDOT"}},{"type":"Feature","geometry":{"type":"Point","coordinates":[-122.260495,47.303647]},"properties":{"id":"ora-wa-855","name":"SR 18 at MP 2.5: West Valley Hwy","state":"WA","provider":"WSDOT","hls":null,"snapshot":"https://images.wsdot.wa.gov/nw/018vc00250.jpg","refreshMs":30000,"attribution":"Ora (Warner Varnado) · WSDOT"}},{"type":"Feature","geometry":{"type":"Point","coordinates":[-122.253208,47.302275]},"properties":{"id":"ora-wa-856","name":"SR 18 at MP 2.8: SR 167 Interchange","state":"WA","provider":"WSDOT","hls":null,"snapshot":"https://images.wsdot.wa.gov/nw/018vc00286.jpg","refreshMs":30000,"attribution":"Ora (Warner Varnado) · WSDOT"}},{"type":"Feature","geometry":{"type":"Point","coordinates":[-122.235677,47.303334]},"properties":{"id":"ora-wa-857","name":"SR 18 at MP 3.6: C St","state":"WA","provider":"WSDOT","hls":null,"snapshot":"https://images.wsdot.wa.gov/nw/018vc00369.jpg","refreshMs":30000,"attribution":"Ora (Warner Varnado) · WSDOT"}},{"type":"Feature","geometry":{"type":"Point","coordinates":[-122.224602,47.303094]},"properties":{"id":"ora-wa-858","name":"SR 18 at MP 4.2: Auburn Way","state":"WA","provider":"WSDOT","hls":null,"snapshot":"https://images.wsdot.wa.gov/nw/018vc00421.jpg","refreshMs":30000,"attribution":"Ora (Warner Varnado) · WSDOT"}},{"type":"Feature","geometry":{"type":"Point","coordinates":[-122.157894,47.330403]},"properties":{"id":"ora-wa-859","name":"SR 18 at MP 8.7: SE 304th St","state":"WA","provider":"WSDOT","hls":null,"snapshot":"https://images.wsdot.wa.gov/nw/018vc00877.jpg","refreshMs":30000,"attribution":"Ora (Warner Varnado) · WSDOT"}},{"type":"Feature","geometry":{"type":"Point","coordinates":[-122.067015,47.383282]},"properties":{"id":"ora-wa-860","name":"SR 18 at MP 14.5: 206th Ave SE","state":"WA","provider":"WSDOT","hls":null,"snapshot":"https://images.wsdot.wa.gov/nw/018vc01450.jpg","refreshMs":30000,"attribution":"Ora (Warner Varnado) · WSDOT"}},{"type":"Feature","geometry":{"type":"Point","coordinates":[-122.047133,47.394593]},"properties":{"id":"ora-wa-861","name":"SR 18 at MP 15.7: SE 231st St","state":"WA","provider":"WSDOT","hls":null,"snapshot":"https://images.wsdot.wa.gov/nw/018vc01572.jpg","refreshMs":30000,"attribution":"Ora (Warner Varnado) · WSDOT"}},{"type":"Feature","geometry":{"type":"Point","coordinates":[-122.043996,47.402672]},"properties":{"id":"ora-wa-862","name":"SR 18 at MP 16.8: SR 169 Interchange","state":"WA","provider":"WSDOT","hls":null,"snapshot":"https://images.wsdot.wa.gov/nw/018vc01683.jpg","refreshMs":30000,"attribution":"Ora (Warner Varnado) · WSDOT"}},{"type":"Feature","geometry":{"type":"Point","coordinates":[-122.044066,47.402535]},"properties":{"id":"ora-wa-863","name":"SR 18 at MP 16.3: SE 221st St","state":"WA","provider":"WSDOT","hls":null,"snapshot":"https://images.wsdot.wa.gov/nw/018vc01632.jpg","refreshMs":30000,"attribution":"Ora (Warner Varnado) · WSDOT"}},{"type":"Feature","geometry":{"type":"Point","coordinates":[-122.026015,47.411608]},"properties":{"id":"ora-wa-864","name":"SR 18 at MP 17.4: 236th Ave SE","state":"WA","provider":"WSDOT","hls":null,"snapshot":"https://images.wsdot.wa.gov/nw/018vc01744.jpg","refreshMs":30000,"attribution":"Ora (Warner Varnado) · WSDOT"}},{"type":"Feature","geometry":{"type":"Point","coordinates":[-122.017562,47.414982]},"properties":{"id":"ora-wa-865","name":"SR 18 at MP 17.9: 244th Ave SE","state":"WA","provider":"WSDOT","hls":null,"snapshot":"https://images.wsdot.wa.gov/nw/018vc01790.jpg","refreshMs":30000,"attribution":"Ora (Warner Varnado) · WSDOT"}},{"type":"Feature","geometry":{"type":"Point","coordinates":[-122.001967,47.420609]},"properties":{"id":"ora-wa-866","name":"SR 18 at MP 18.7: SE 202nd St","state":"WA","provider":"WSDOT","hls":null,"snapshot":"https://images.wsdot.wa.gov/nw/018vc01873.jpg","refreshMs":30000,"attribution":"Ora (Warner Varnado) · WSDOT"}},{"type":"Feature","geometry":{"type":"Point","coordinates":[-122.00139,47.420831]},"properties":{"id":"ora-wa-867","name":"SR 18 at MP 19.2: SE 196th St","state":"WA","provider":"WSDOT","hls":null,"snapshot":"https://images.wsdot.wa.gov/nw/018vc01926.jpg","refreshMs":30000,"attribution":"Ora (Warner Varnado) · WSDOT"}},{"type":"Feature","geometry":{"type":"Point","coordinates":[-121.978772,47.434504]},"properties":{"id":"ora-wa-868","name":"SR 18 at Mp 20.3: Issaquah-Hobart Rd","state":"WA","provider":"WSDOT","hls":null,"snapshot":"https://images.wsdot.wa.gov/nw/018vc02031.jpg","refreshMs":30000,"attribution":"Ora (Warner Varnado) · WSDOT"}},{"type":"Feature","geometry":{"type":"Point","coordinates":[-121.931452,47.466325]},"properties":{"id":"ora-wa-869","name":"SR 18 at MP 23.5: Tiger Mountain","state":"WA","provider":"WSDOT","hls":null,"snapshot":"https://images.wsdot.wa.gov/nw/018vc02357.jpg","refreshMs":30000,"attribution":"Ora (Warner Varnado) · WSDOT"}},{"type":"Feature","geometry":{"type":"Point","coordinates":[-121.88857,47.483674]},"properties":{"id":"ora-wa-870","name":"SR 18 @ MP 26.1: Raging River","state":"WA","provider":"WSDOT","hls":null,"snapshot":"https://images.wsdot.wa.gov/nw/018vc02612.jpg","refreshMs":30000,"attribution":"Ora (Warner Varnado) · WSDOT"}},{"type":"Feature","geometry":{"type":"Point","coordinates":[-121.886358,47.49442]},"properties":{"id":"ora-wa-871","name":"SR 18 @ MP 26.9: SE 118th St","state":"WA","provider":"WSDOT","hls":null,"snapshot":"https://images.wsdot.wa.gov/nw/018vc02691.jpg","refreshMs":30000,"attribution":"Ora (Warner Varnado) · WSDOT"}},{"type":"Feature","geometry":{"type":"Point","coordinates":[-121.88517,47.503743]},"properties":{"id":"ora-wa-872","name":"SR 18 @ MP 27.5: Lake Creek","state":"WA","provider":"WSDOT","hls":null,"snapshot":"https://images.wsdot.wa.gov/nw/018vc02748.jpg","refreshMs":30000,"attribution":"Ora (Warner Varnado) · WSDOT"}},{"type":"Feature","geometry":{"type":"Point","coordinates":[-122.243937,47.457264]},"properties":{"id":"ora-wa-873","name":"SR 181 at MP 10.9: Strander Blvd","state":"WA","provider":"WSDOT","hls":null,"snapshot":"https://images.wsdot.wa.gov/nw/181vc01090.jpg","refreshMs":30000,"attribution":"Ora (Warner Varnado) · WSDOT"}},{"type":"Feature","geometry":{"type":"Point","coordinates":[-122.245207,47.462621]},"properties":{"id":"ora-wa-874","name":"SR 181 at MP 11.2: S 156th St","state":"WA","provider":"WSDOT","hls":null,"snapshot":"https://images.wsdot.wa.gov/nw/181vc01129.jpg","refreshMs":30000,"attribution":"Ora (Warner Varnado) · WSDOT"}},{"type":"Feature","geometry":{"type":"Point","coordinates":[-122.245564,47.463816]},"properties":{"id":"ora-wa-875","name":"SR 181 at MP 11.4: Grady Way","state":"WA","provider":"WSDOT","hls":null,"snapshot":"https://images.wsdot.wa.gov/nw/181vc01142.jpg","refreshMs":30000,"attribution":"Ora (Warner Varnado) · WSDOT"}},{"type":"Feature","geometry":{"type":"Point","coordinates":[-122.669349,48.283198]},"properties":{"id":"ora-wa-876","name":"SR 20 at MP 30.8: SW Swantown Ave","state":"WA","provider":"WSDOT","hls":null,"snapshot":"https://images.wsdot.wa.gov/nw/020vc03080.jpg","refreshMs":30000,"attribution":"Ora (Warner Varnado) · WSDOT"}},{"type":"Feature","geometry":{"type":"Point","coordinates":[-122.657854,48.287174]},"properties":{"id":"ora-wa-877","name":"SR 20 at MP 31.4: Pioneer Way","state":"WA","provider":"WSDOT","hls":null,"snapshot":"https://images.wsdot.wa.gov/nw/020vc03141.jpg","refreshMs":30000,"attribution":"Ora (Warner Varnado) · WSDOT"}},{"type":"Feature","geometry":{"type":"Point","coordinates":[-122.653051,48.298227]},"properties":{"id":"ora-wa-878","name":"SR 20 at MP 32.2: E Whidbey Ave","state":"WA","provider":"WSDOT","hls":null,"snapshot":"https://images.wsdot.wa.gov/nw/020vc03224.jpg","refreshMs":30000,"attribution":"Ora (Warner Varnado) · WSDOT"}},{"type":"Feature","geometry":{"type":"Point","coordinates":[-122.646993,48.303501]},"properties":{"id":"ora-wa-879","name":"SR 20 at MP 32.6: NE 7th Ave","state":"WA","provider":"WSDOT","hls":null,"snapshot":"https://images.wsdot.wa.gov/nw/020vc03269.jpg","refreshMs":30000,"attribution":"Ora (Warner Varnado) · WSDOT"}},{"type":"Feature","geometry":{"type":"Point","coordinates":[-122.643678,48.306352]},"properties":{"id":"ora-wa-880","name":"SR 20 at MP 32.9: Midway Blvd","state":"WA","provider":"WSDOT","hls":null,"snapshot":"https://images.wsdot.wa.gov/nw/020vc03293.jpg","refreshMs":30000,"attribution":"Ora (Warner Varnado) · WSDOT"}},{"type":"Feature","geometry":{"type":"Point","coordinates":[-122.637999,48.311223]},"properties":{"id":"ora-wa-881","name":"SR 20 at MP 33.3: NE 16th Ave","state":"WA","provider":"WSDOT","hls":null,"snapshot":"https://images.wsdot.wa.gov/nw/020vc03338.jpg","refreshMs":30000,"attribution":"Ora (Warner Varnado) · WSDOT"}},{"type":"Feature","geometry":{"type":"Point","coordinates":[-122.62941,48.328633]},"properties":{"id":"ora-wa-882","name":"SR 20 at MP 34.7: Ault Field Rd","state":"WA","provider":"WSDOT","hls":null,"snapshot":"https://images.wsdot.wa.gov/nw/020vc03472.jpg","refreshMs":30000,"attribution":"Ora (Warner Varnado) · WSDOT"}},{"type":"Feature","geometry":{"type":"Point","coordinates":[-122.582013,48.455453]},"properties":{"id":"ora-wa-883","name":"SR 20 at MP 47.3: Gibralter Rd","state":"WA","provider":"WSDOT","hls":null,"snapshot":"https://images.wsdot.wa.gov/nw/020vc04732.jpg","refreshMs":30000,"attribution":"Ora (Warner Varnado) · WSDOT"}},{"type":"Feature","geometry":{"type":"Point","coordinates":[-122.581786,48.463248]},"properties":{"id":"ora-wa-884","name":"SR 20 at MP 47.8: Sharpes Corner (SR 20 Spur)","state":"WA","provider":"WSDOT","hls":null,"snapshot":"https://images.wsdot.wa.gov/nw/020vc04798.jpg","refreshMs":30000,"attribution":"Ora (Warner Varnado) · WSDOT"}},{"type":"Feature","geometry":{"type":"Point","coordinates":[-122.571169,48.462653]},"properties":{"id":"ora-wa-885","name":"SR 20 at MP 48.3: Christianson Rd","state":"WA","provider":"WSDOT","hls":null,"snapshot":"https://images.wsdot.wa.gov/nw/020vc04838.jpg","refreshMs":30000,"attribution":"Ora (Warner Varnado) · WSDOT"}},{"type":"Feature","geometry":{"type":"Point","coordinates":[-122.560664,48.459905]},"properties":{"id":"ora-wa-886","name":"SR 20 at MP 48.9: Thompson Rd","state":"WA","provider":"WSDOT","hls":null,"snapshot":"https://images.wsdot.wa.gov/nw/020vc04890.jpg","refreshMs":30000,"attribution":"Ora (Warner Varnado) · WSDOT"}},{"type":"Feature","geometry":{"type":"Point","coordinates":[-122.543604,48.462978]},"properties":{"id":"ora-wa-887","name":"SR 20 at MP 49.7: Reservation Rd","state":"WA","provider":"WSDOT","hls":null,"snapshot":"https://images.wsdot.wa.gov/nw/020vc04972.jpg","refreshMs":30000,"attribution":"Ora (Warner Varnado) · WSDOT"}},{"type":"Feature","geometry":{"type":"Point","coordinates":[-122.471579,48.447664]},"properties":{"id":"ora-wa-888","name":"SR 20 at MP 53.2: La Conner-Whitney Rd","state":"WA","provider":"WSDOT","hls":null,"snapshot":"https://images.wsdot.wa.gov/nw/020vc05323.jpg","refreshMs":30000,"attribution":"Ora (Warner Varnado) · WSDOT"}},{"type":"Feature","geometry":{"type":"Point","coordinates":[-122.431323,48.446281]},"properties":{"id":"ora-wa-889","name":"SR 20 at MP 55: SR 536 Interchange","state":"WA","provider":"WSDOT","hls":null,"snapshot":"https://images.wsdot.wa.gov/nw/020vc05509.jpg","refreshMs":30000,"attribution":"Ora (Warner Varnado) · WSDOT"}},{"type":"Feature","geometry":{"type":"Point","coordinates":[-122.443665,48.446011]},"properties":{"id":"ora-wa-890","name":"SR 20 at MP 54.5: Best Rd / Farm to Market Rd","state":"WA","provider":"WSDOT","hls":null,"snapshot":"https://images.wsdot.wa.gov/nw/020vc05452.jpg","refreshMs":30000,"attribution":"Ora (Warner Varnado) · WSDOT"}},{"type":"Feature","geometry":{"type":"Point","coordinates":[-122.412713,48.450288]},"properties":{"id":"ora-wa-891","name":"SR 20 at MP 55.9: Higgins Airport Way","state":"WA","provider":"WSDOT","hls":null,"snapshot":"https://images.wsdot.wa.gov/nw/020vc05598.jpg","refreshMs":30000,"attribution":"Ora (Warner Varnado) · WSDOT"}},{"type":"Feature","geometry":{"type":"Point","coordinates":[-122.381456,48.457186]},"properties":{"id":"ora-wa-892","name":"SR 20 at MP 57.5: Avon Allen Rd","state":"WA","provider":"WSDOT","hls":null,"snapshot":"https://images.wsdot.wa.gov/nw/020vc05750.jpg","refreshMs":30000,"attribution":"Ora (Warner Varnado) · WSDOT"}},{"type":"Feature","geometry":{"type":"Point","coordinates":[-122.356649,48.465755]},"properties":{"id":"ora-wa-893","name":"SR 20 at MP 58.7: Pulver Rd","state":"WA","provider":"WSDOT","hls":null,"snapshot":"https://images.wsdot.wa.gov/nw/020vc05878.jpg","refreshMs":30000,"attribution":"Ora (Warner Varnado) · WSDOT"}},{"type":"Feature","geometry":{"type":"Point","coordinates":[-122.346651,48.469126]},"properties":{"id":"ora-wa-894","name":"SR 20 at MP 59.3: Garrett Rd","state":"WA","provider":"WSDOT","hls":null,"snapshot":"https://images.wsdot.wa.gov/nw/020vc05930.jpg","refreshMs":30000,"attribution":"Ora (Warner Varnado) · WSDOT"}},{"type":"Feature","geometry":{"type":"Point","coordinates":[-122.335925,48.471715]},"properties":{"id":"ora-wa-895","name":"SR 20 at MP 59.8: Rio Vista Ave","state":"WA","provider":"WSDOT","hls":null,"snapshot":"https://images.wsdot.wa.gov/nw/020vc05984.jpg","refreshMs":30000,"attribution":"Ora (Warner Varnado) · WSDOT"}},{"type":"Feature","geometry":{"type":"Point","coordinates":[-122.335549,48.477854]},"properties":{"id":"ora-wa-896","name":"SR 20 at MP 60.2: Avon Ave","state":"WA","provider":"WSDOT","hls":null,"snapshot":"https://images.wsdot.wa.gov/nw/020vc06027.jpg","refreshMs":30000,"attribution":"Ora (Warner Varnado) · WSDOT"}},{"type":"Feature","geometry":{"type":"Point","coordinates":[-120.192802,48.477859]},"properties":{"id":"ora-wa-897","name":"SR 20 at MP 192.5: Winthrop - Rader Rd","state":"WA","provider":"WSDOT","hls":null,"snapshot":"https://images.wsdot.wa.gov/nc/020vc19255.jpg","refreshMs":30000,"attribution":"Ora (Warner Varnado) · WSDOT"}},{"type":"Feature","geometry":{"type":"Point","coordinates":[-119.87925,48.3904]},"properties":{"id":"ora-wa-898","name":"SR 20 at MP 214.5: Loup Loup (Looking East)","state":"WA","provider":"WSDOT","hls":null,"snapshot":"https://images.wsdot.wa.gov/nc/020vc21450.jpg","refreshMs":30000,"attribution":"Ora (Warner Varnado) · WSDOT"}},{"type":"Feature","geometry":{"type":"Point","coordinates":[-118.962871,48.727768]},"properties":{"id":"ora-wa-899","name":"SR 20 at MP 289: Wauconda (View East)","state":"WA","provider":"WSDOT","hls":null,"snapshot":"https://images.wsdot.wa.gov/nc/020vc28872.jpg","refreshMs":30000,"attribution":"Ora (Warner Varnado) · WSDOT"}},{"type":"Feature","geometry":{"type":"Point","coordinates":[-118.47872,48.607191]},"properties":{"id":"ora-wa-900","name":"SR 20 at MP 319.5: Sherman Pass","state":"WA","provider":"WSDOT","hls":null,"snapshot":"https://images.wsdot.wa.gov/rweather/ShermanPass-2.jpg","refreshMs":30000,"attribution":"Ora (Warner Varnado) · WSDOT"}},{"type":"Feature","geometry":{"type":"Point","coordinates":[-122.165446,47.755736]},"properties":{"id":"ora-wa-901","name":"SR 202 at MP 0.2: NE 177th Pl","state":"WA","provider":"WSDOT","hls":null,"snapshot":"https://images.wsdot.wa.gov/nw/202vc00022.jpg","refreshMs":30000,"attribution":"Ora (Warner Varnado) · WSDOT"}},{"type":"Feature","geometry":{"type":"Point","coordinates":[-122.165331,47.754511]},"properties":{"id":"ora-wa-902","name":"SR 202 at MP 0.3: NE 175th St","state":"WA","provider":"WSDOT","hls":null,"snapshot":"https://images.wsdot.wa.gov/nw/202vc00031.jpg","refreshMs":30000,"attribution":"Ora (Warner Varnado) · WSDOT"}},{"type":"Feature","geometry":{"type":"Point","coordinates":[-122.169968,47.753046]},"properties":{"id":"ora-wa-903","name":"SR 202 @ MP 0.56: 127th Pl NE","state":"WA","provider":"WSDOT","hls":null,"snapshot":"https://images.wsdot.wa.gov/nw/202vc00056.jpg","refreshMs":30000,"attribution":"Ora (Warner Varnado) · WSDOT"}},{"type":"Feature","geometry":{"type":"Point","coordinates":[-122.107363,47.669676]},"properties":{"id":"ora-wa-904","name":"SR 202 at MP 7.7: SR 520 Interchange","state":"WA","provider":"WSDOT","hls":null,"snapshot":"https://images.wsdot.wa.gov/nw/202vc00770.jpg","refreshMs":30000,"attribution":"Ora (Warner Varnado) · WSDOT"}},{"type":"Feature","geometry":{"type":"Point","coordinates":[-122.099756,47.665693]},"properties":{"id":"ora-wa-905","name":"SR 202 at MP 8.1: E Lake Sammamish Pkwy","state":"WA","provider":"WSDOT","hls":null,"snapshot":"https://images.wsdot.wa.gov/nw/202vc00817.jpg","refreshMs":30000,"attribution":"Ora (Warner Varnado) · WSDOT"}},{"type":"Feature","geometry":{"type":"Point","coordinates":[-122.094214,47.660239]},"properties":{"id":"ora-wa-906","name":"SR 202 at MP 8.6: 185th Ave NE","state":"WA","provider":"WSDOT","hls":null,"snapshot":"https://images.wsdot.wa.gov/nw/202vc00862.jpg","refreshMs":30000,"attribution":"Ora (Warner Varnado) · WSDOT"}},{"type":"Feature","geometry":{"type":"Point","coordinates":[-122.086685,47.657212]},"properties":{"id":"ora-wa-907","name":"SR 202 at MP 9: 188th Ave NE","state":"WA","provider":"WSDOT","hls":null,"snapshot":"https://images.wsdot.wa.gov/nw/202vc00904.jpg","refreshMs":30000,"attribution":"Ora (Warner Varnado) · WSDOT"}},{"type":"Feature","geometry":{"type":"Point","coordinates":[-122.083561,47.656642]},"properties":{"id":"ora-wa-908","name":"SR 202 at MP 9.18: 192nd Dr NE","state":"WA","provider":"WSDOT","hls":null,"snapshot":"https://images.wsdot.wa.gov/nw/202vc00918.jpg","refreshMs":30000,"attribution":"Ora (Warner Varnado) · WSDOT"}},{"type":"Feature","geometry":{"type":"Point","coordinates":[-122.070669,47.656078]},"properties":{"id":"ora-wa-909","name":"SR 202 at MP 9.9: 204th Ave NE","state":"WA","provider":"WSDOT","hls":null,"snapshot":"https://images.wsdot.wa.gov/nw/202vc00987.jpg","refreshMs":30000,"attribution":"Ora (Warner Varnado) · WSDOT"}},{"type":"Feature","geometry":{"type":"Point","coordinates":[-122.061167,47.656151]},"properties":{"id":"ora-wa-910","name":"SR 202 at MP 10.2: Sahalee Way","state":"WA","provider":"WSDOT","hls":null,"snapshot":"https://images.wsdot.wa.gov/nw/202vc01027.jpg","refreshMs":30000,"attribution":"Ora (Warner Varnado) · WSDOT"}},{"type":"Feature","geometry":{"type":"Point","coordinates":[-122.033888,47.645514]},"properties":{"id":"ora-wa-911","name":"SR 202 at MP 11.75: 228th Ave NE","state":"WA","provider":"WSDOT","hls":null,"snapshot":"https://images.wsdot.wa.gov/nw/202vc01175.jpg","refreshMs":30000,"attribution":"Ora (Warner Varnado) · WSDOT"}},{"type":"Feature","geometry":{"type":"Point","coordinates":[-122.023212,47.64397]},"properties":{"id":"ora-wa-912","name":"SR 202 at MP 12.26: 236th Ave NE","state":"WA","provider":"WSDOT","hls":null,"snapshot":"https://images.wsdot.wa.gov/nw/202vc01226.jpg","refreshMs":30000,"attribution":"Ora (Warner Varnado) · WSDOT"}},{"type":"Feature","geometry":{"type":"Point","coordinates":[-122.009114,47.639298]},"properties":{"id":"ora-wa-913","name":"SR 202 at MP 13: 244th Ave NE","state":"WA","provider":"WSDOT","hls":null,"snapshot":"https://images.wsdot.wa.gov/nw/202vc01300.jpg","refreshMs":30000,"attribution":"Ora (Warner Varnado) · WSDOT"}},{"type":"Feature","geometry":{"type":"Point","coordinates":[-121.916251,47.637042]},"properties":{"id":"ora-wa-914","name":"SR 203 at MP 5.2: NE Tolt Hill Rd","state":"WA","provider":"WSDOT","hls":null,"snapshot":"https://images.wsdot.wa.gov/nw/203vc00523.jpg","refreshMs":30000,"attribution":"Ora (Warner Varnado) · WSDOT"}},{"type":"Feature","geometry":{"type":"Point","coordinates":[-121.916252,47.637042]},"properties":{"id":"ora-wa-915","name":"SR 203 at MP 5.2: NE Tolt Hill Rd","state":"WA","provider":"WSDOT","hls":null,"snapshot":"https://images.wsdot.wa.gov/nw/203vc00524.jpg","refreshMs":30000,"attribution":"Ora (Warner Varnado) · WSDOT"}},{"type":"Feature","geometry":{"type":"Point","coordinates":[-121.916248,47.637041]},"properties":{"id":"ora-wa-916","name":"SR 203 at MP 5.2: NE Tolt Hill Rd","state":"WA","provider":"WSDOT","hls":null,"snapshot":"https://images.wsdot.wa.gov/nw/203vc00521.jpg","refreshMs":30000,"attribution":"Ora (Warner Varnado) · WSDOT"}},{"type":"Feature","geometry":{"type":"Point","coordinates":[-121.916243,47.637039]},"properties":{"id":"ora-wa-917","name":"SR 203 at MP 5.2: NE Tolt Hill Rd","state":"WA","provider":"WSDOT","hls":null,"snapshot":"https://images.wsdot.wa.gov/nw/203vc00522.jpg","refreshMs":30000,"attribution":"Ora (Warner Varnado) · WSDOT"}},{"type":"Feature","geometry":{"type":"Point","coordinates":[-122.113041,48.000038]},"properties":{"id":"ora-wa-918","name":"SR 204 at MP 2: Lundeen Pkwy","state":"WA","provider":"WSDOT","hls":null,"snapshot":"https://images.wsdot.wa.gov/nw/204vc00200.jpg","refreshMs":30000,"attribution":"Ora (Warner Varnado) · WSDOT"}},{"type":"Feature","geometry":{"type":"Point","coordinates":[-119.60158,46.13108]},"properties":{"id":"ora-wa-919","name":"SR 221 at MP 13.4: Sellards Road","state":"WA","provider":"WSDOT","hls":null,"snapshot":"https://images.wsdot.wa.gov/rweather/medium_SellardsRoad.jpg","refreshMs":30000,"attribution":"Ora (Warner Varnado) · WSDOT"}},{"type":"Feature","geometry":{"type":"Point","coordinates":[-119.88096,46.53422]},"properties":{"id":"ora-wa-920","name":"SR 24 at MP 30.4: SR 241 Interchange","state":"WA","provider":"WSDOT","hls":null,"snapshot":"https://images.wsdot.wa.gov/rweather/SR24atSR241_1.jpg","refreshMs":30000,"attribution":"Ora (Warner Varnado) · WSDOT"}},{"type":"Feature","geometry":{"type":"Point","coordinates":[-119.612775,46.500572]},"properties":{"id":"ora-wa-921","name":"SR 240 at MP 8.2: Beloit Road","state":"WA","provider":"WSDOT","hls":null,"snapshot":"https://images.wsdot.wa.gov/sc/240VC00820.jpg","refreshMs":30000,"attribution":"Ora (Warner Varnado) · WSDOT"}},{"type":"Feature","geometry":{"type":"Point","coordinates":[-119.348338,46.342687]},"properties":{"id":"ora-wa-922","name":"SR 240 at MP 25: Twin Bridges","state":"WA","provider":"WSDOT","hls":null,"snapshot":"https://images.wsdot.wa.gov/sc/240VC02500.jpg","refreshMs":30000,"attribution":"Ora (Warner Varnado) · WSDOT"}},{"type":"Feature","geometry":{"type":"Point","coordinates":[-119.240386,46.236145]},"properties":{"id":"ora-wa-923","name":"SR 240 at MP 37.8: Richland Wye","state":"WA","provider":"WSDOT","hls":null,"snapshot":"https://images.wsdot.wa.gov/sc/240VC03785.jpg","refreshMs":30000,"attribution":"Ora (Warner Varnado) · WSDOT"}},{"type":"Feature","geometry":{"type":"Point","coordinates":[-119.223563,46.233078]},"properties":{"id":"ora-wa-924","name":"SR 240 at MP 38.89: Columbia Center Blvd.","state":"WA","provider":"WSDOT","hls":null,"snapshot":"https://images.wsdot.wa.gov/SC/240vc03889.jpg","refreshMs":30000,"attribution":"Ora (Warner Varnado) · WSDOT"}},{"type":"Feature","geometry":{"type":"Point","coordinates":[-119.190894,46.228555]},"properties":{"id":"ora-wa-925","name":"SR 240 at MP 40.4: Edison St","state":"WA","provider":"WSDOT","hls":null,"snapshot":"https://images.wsdot.wa.gov/sc/240VC04049.jpg","refreshMs":30000,"attribution":"Ora (Warner Varnado) · WSDOT"}},{"type":"Feature","geometry":{"type":"Point","coordinates":[-119.139536,46.216718]},"properties":{"id":"ora-wa-926","name":"SR 240 at MP 43.1: Blue Bridge Roundabout","state":"WA","provider":"WSDOT","hls":null,"snapshot":"https://images.wsdot.wa.gov/sc/240vc04310.jpg","refreshMs":30000,"attribution":"Ora (Warner Varnado) · WSDOT"}},{"type":"Feature","geometry":{"type":"Point","coordinates":[-119.917154,46.737726]},"properties":{"id":"ora-wa-927","name":"SR 243 at MP 13.8: Road 24 SW","state":"WA","provider":"WSDOT","hls":null,"snapshot":"https://images.wsdot.wa.gov/nc/243vc01380.jpg","refreshMs":30000,"attribution":"Ora (Warner Varnado) · WSDOT"}},{"type":"Feature","geometry":{"type":"Point","coordinates":[-119.17518,46.81147]},"properties":{"id":"ora-wa-928","name":"SR 26 at MP 40.6: Othello @ SR 24 Junction","state":"WA","provider":"WSDOT","hls":null,"snapshot":"https://images.wsdot.wa.gov/nc/026vc04069.jpg","refreshMs":30000,"attribution":"Ora (Warner Varnado) · WSDOT"}},{"type":"Feature","geometry":{"type":"Point","coordinates":[-118.309057,46.758461]},"properties":{"id":"ora-wa-929","name":"SR 26 at MP 82.9: Washtucna","state":"WA","provider":"WSDOT","hls":null,"snapshot":"https://images.wsdot.wa.gov/rweather/026vc08296-1.jpg","refreshMs":30000,"attribution":"Ora (Warner Varnado) · WSDOT"}},{"type":"Feature","geometry":{"type":"Point","coordinates":[-117.655437,46.809302]},"properties":{"id":"ora-wa-930","name":"SR 26 at MP 116.9: Dusty","state":"WA","provider":"WSDOT","hls":null,"snapshot":"https://images.wsdot.wa.gov/rweather/026vc11690-1.jpg","refreshMs":30000,"attribution":"Ora (Warner Varnado) · WSDOT"}},{"type":"Feature","geometry":{"type":"Point","coordinates":[-120.297733,47.424375]},"properties":{"id":"ora-wa-931","name":"SR 28B at MP 3.02: 9th Street NE","state":"WA","provider":"WSDOT","hls":null,"snapshot":"https://images.wsdot.wa.gov/nc/028vc00373.jpg","refreshMs":30000,"attribution":"Ora (Warner Varnado) · WSDOT"}},{"type":"Feature","geometry":{"type":"Point","coordinates":[-120.29172,47.410137]},"properties":{"id":"ora-wa-932","name":"SR 28 Spur at MP 4: 5th St NE","state":"WA","provider":"WSDOT","hls":null,"snapshot":"https://images.wsdot.wa.gov/nc/028vc00431.jpg","refreshMs":30000,"attribution":"Ora (Warner Varnado) · WSDOT"}},{"type":"Feature","geometry":{"type":"Point","coordinates":[-120.289575,47.406033]},"properties":{"id":"ora-wa-933","name":"SR 28 Spur at MP 0.2 looking","state":"WA","provider":"WSDOT","hls":null,"snapshot":"https://images.wsdot.wa.gov/nc/028vc00445.jpg","refreshMs":30000,"attribution":"Ora (Warner Varnado) · WSDOT"}},{"type":"Feature","geometry":{"type":"Point","coordinates":[-120.292483,47.406354]},"properties":{"id":"ora-wa-934","name":"SR 28 at MP 4.3B: Bypass at Grant Rd","state":"WA","provider":"WSDOT","hls":null,"snapshot":"https://images.wsdot.wa.gov/nc/028vc00436.jpg","refreshMs":30000,"attribution":"Ora (Warner Varnado) · WSDOT"}},{"type":"Feature","geometry":{"type":"Point","coordinates":[-120.289655,47.401909]},"properties":{"id":"ora-wa-935","name":"SR 28 at MP 4.64B: Bypass at Riverview","state":"WA","provider":"WSDOT","hls":null,"snapshot":"https://images.wsdot.wa.gov/nc/028vc00482.jpg","refreshMs":30000,"attribution":"Ora (Warner Varnado) · WSDOT"}},{"type":"Feature","geometry":{"type":"Point","coordinates":[-120.287313,47.399506]},"properties":{"id":"ora-wa-936","name":"SR 28 Spur at MP 0.67","state":"WA","provider":"WSDOT","hls":null,"snapshot":"https://images.wsdot.wa.gov/nc/028vc00481.jpg","refreshMs":30000,"attribution":"Ora (Warner Varnado) · WSDOT"}},{"type":"Feature","geometry":{"type":"Point","coordinates":[-119.953664,47.233036]},"properties":{"id":"ora-wa-937","name":"SR 28 at MP 25: Quincy Rest Area","state":"WA","provider":"WSDOT","hls":null,"snapshot":"https://images.wsdot.wa.gov/nc/028vc02490.jpg","refreshMs":30000,"attribution":"Ora (Warner Varnado) · WSDOT"}},{"type":"Feature","geometry":{"type":"Point","coordinates":[-119.853352,47.233443]},"properties":{"id":"ora-wa-938","name":"SR 28 Junction SR 281 at MP 29.77","state":"WA","provider":"WSDOT","hls":null,"snapshot":"https://images.wsdot.wa.gov/nc/028vc02977.jpg","refreshMs":30000,"attribution":"Ora (Warner Varnado) · WSDOT"}},{"type":"Feature","geometry":{"type":"Point","coordinates":[-119.560601,47.308056]},"properties":{"id":"ora-wa-939","name":"SR 28 at MP 46.5: SR 282 Interchange (Ephrata)","state":"WA","provider":"WSDOT","hls":null,"snapshot":"https://images.wsdot.wa.gov/nc/028vc04659.jpg","refreshMs":30000,"attribution":"Ora (Warner Varnado) · WSDOT"}},{"type":"Feature","geometry":{"type":"Point","coordinates":[-120.301645,47.409605]},"properties":{"id":"ora-wa-940","name":"SR 285 at MP 0.5: Wenatchee","state":"WA","provider":"WSDOT","hls":null,"snapshot":"https://images.wsdot.wa.gov/nc/285vc00053.jpg","refreshMs":30000,"attribution":"Ora (Warner Varnado) · WSDOT"}},{"type":"Feature","geometry":{"type":"Point","coordinates":[-120.302732,47.409565]},"properties":{"id":"ora-wa-941","name":"SR 285 at MP 0.6 East: Wenatchee","state":"WA","provider":"WSDOT","hls":null,"snapshot":"https://images.wsdot.wa.gov/nc/285vc00061.jpg","refreshMs":30000,"attribution":"Ora (Warner Varnado) · WSDOT"}},{"type":"Feature","geometry":{"type":"Point","coordinates":[-120.303066,47.40983]},"properties":{"id":"ora-wa-942","name":"SR 285 at MP 0.6 North: Wenatchee","state":"WA","provider":"WSDOT","hls":null,"snapshot":"https://images.wsdot.wa.gov/nc/285vc00060.jpg","refreshMs":30000,"attribution":"Ora (Warner Varnado) · WSDOT"}},{"type":"Feature","geometry":{"type":"Point","coordinates":[-120.336656,47.458366]},"properties":{"id":"ora-wa-943","name":"SR 285 at MP 4: N. Wenatchee Ave.","state":"WA","provider":"WSDOT","hls":null,"snapshot":"https://images.wsdot.wa.gov/nc/285vc00436.jpg","refreshMs":30000,"attribution":"Ora (Warner Varnado) · WSDOT"}},{"type":"Feature","geometry":{"type":"Point","coordinates":[-117.39654,47.661836]},"properties":{"id":"ora-wa-944","name":"SR 290 at MP .7: Hamilton","state":"WA","provider":"WSDOT","hls":null,"snapshot":"https://images.wsdot.wa.gov/spokane/wsdot_trent_hamilton.jpg","refreshMs":30000,"attribution":"Ora (Warner Varnado) · WSDOT"}},{"type":"Feature","geometry":{"type":"Point","coordinates":[-117.543943,47.776998]},"properties":{"id":"ora-wa-945","name":"SR 291 at MP 9.2: Charles Road","state":"WA","provider":"WSDOT","hls":null,"snapshot":"https://images.wsdot.wa.gov/rweather/NineMile-1.jpg","refreshMs":30000,"attribution":"Ora (Warner Varnado) · WSDOT"}},{"type":"Feature","geometry":{"type":"Point","coordinates":[-117.559769,47.811362]},"properties":{"id":"ora-wa-946","name":"SR 291 at MP 12.9: Swenson Rd.","state":"WA","provider":"WSDOT","hls":null,"snapshot":"https://images.wsdot.wa.gov/spokane/wsdot_291_01290_swenson.jpg","refreshMs":30000,"attribution":"Ora (Warner Varnado) · WSDOT"}},{"type":"Feature","geometry":{"type":"Point","coordinates":[-122.70463,47.525502]},"properties":{"id":"ora-wa-947","name":"SR 3 at MP 34.2: Christopherson","state":"WA","provider":"WSDOT","hls":null,"snapshot":"https://images.wsdot.wa.gov/orflow/003vc03426.jpg","refreshMs":30000,"attribution":"Ora (Warner Varnado) · WSDOT"}},{"type":"Feature","geometry":{"type":"Point","coordinates":[-122.671599,47.548134]},"properties":{"id":"ora-wa-948","name":"SR 3 at MP 36.5: SR 304 Interchange","state":"WA","provider":"WSDOT","hls":null,"snapshot":"https://images.wsdot.wa.gov/orflow/003vc03659.jpg","refreshMs":30000,"attribution":"Ora (Warner Varnado) · WSDOT"}},{"type":"Feature","geometry":{"type":"Point","coordinates":[-122.671858,47.558013]},"properties":{"id":"ora-wa-949","name":"SR 3 at MP 37.3: Loxie Eagans Blvd","state":"WA","provider":"WSDOT","hls":null,"snapshot":"https://images.wsdot.wa.gov/orflow/003vc03731.jpg","refreshMs":30000,"attribution":"Ora (Warner Varnado) · WSDOT"}},{"type":"Feature","geometry":{"type":"Point","coordinates":[-122.650681,47.773811]},"properties":{"id":"ora-wa-950","name":"SR 3 at MP 54: Equestrian Dr","state":"WA","provider":"WSDOT","hls":null,"snapshot":"https://images.wsdot.wa.gov/orflow/003vc05405.jpg","refreshMs":30000,"attribution":"Ora (Warner Varnado) · WSDOT"}},{"type":"Feature","geometry":{"type":"Point","coordinates":[-122.65136,47.783574]},"properties":{"id":"ora-wa-951","name":"SR 3 at MP 54.7: Pioneer Hill Rd","state":"WA","provider":"WSDOT","hls":null,"snapshot":"https://images.wsdot.wa.gov/orflow/003vc05470.jpg","refreshMs":30000,"attribution":"Ora (Warner Varnado) · WSDOT"}},{"type":"Feature","geometry":{"type":"Point","coordinates":[-122.649215,47.802247]},"properties":{"id":"ora-wa-952","name":"SR 3 at MP 56: Tytler Rd Looking South","state":"WA","provider":"WSDOT","hls":null,"snapshot":"https://images.wsdot.wa.gov/orflow/003vc05603.jpg","refreshMs":30000,"attribution":"Ora (Warner Varnado) · WSDOT"}},{"type":"Feature","geometry":{"type":"Point","coordinates":[-122.644146,47.817072]},"properties":{"id":"ora-wa-953","name":"SR 3 at MP 57: Big Valley Rd","state":"WA","provider":"WSDOT","hls":null,"snapshot":"https://images.wsdot.wa.gov/orflow/003vc05707.jpg","refreshMs":30000,"attribution":"Ora (Warner Varnado) · WSDOT"}},{"type":"Feature","geometry":{"type":"Point","coordinates":[-122.634642,47.82551]},"properties":{"id":"ora-wa-954","name":"SR 3 at MP 57.8: Scenic Dr","state":"WA","provider":"WSDOT","hls":null,"snapshot":"https://images.wsdot.wa.gov/orflow/003vc05783.jpg","refreshMs":30000,"attribution":"Ora (Warner Varnado) · WSDOT"}},{"type":"Feature","geometry":{"type":"Point","coordinates":[-122.622243,47.834066]},"properties":{"id":"ora-wa-955","name":"SR 3 at MP 58.6: Hard Rock Way","state":"WA","provider":"WSDOT","hls":null,"snapshot":"https://images.wsdot.wa.gov/orflow/003vc05864.jpg","refreshMs":30000,"attribution":"Ora (Warner Varnado) · WSDOT"}},{"type":"Feature","geometry":{"type":"Point","coordinates":[-122.612446,47.850079]},"properties":{"id":"ora-wa-956","name":"SR 3 at MP 59.8: Bridge Way","state":"WA","provider":"WSDOT","hls":null,"snapshot":"https://images.wsdot.wa.gov/orflow/003vc05985.jpg","refreshMs":30000,"attribution":"Ora (Warner Varnado) · WSDOT"}},{"type":"Feature","geometry":{"type":"Point","coordinates":[-122.609953,47.851359]},"properties":{"id":"ora-wa-957","name":"SR 3 at MP 60: SR 104 Interchange","state":"WA","provider":"WSDOT","hls":null,"snapshot":"https://images.wsdot.wa.gov/orflow/003vc06000.jpg","refreshMs":30000,"attribution":"Ora (Warner Varnado) · WSDOT"}},{"type":"Feature","geometry":{"type":"Point","coordinates":[-122.627265,47.38437]},"properties":{"id":"ora-wa-958","name":"SR 302 at MP 15.8: SR 302 Spur - Purdy","state":"WA","provider":"WSDOT","hls":null,"snapshot":"https://images.wsdot.wa.gov/orflow/302vc01580.jpg","refreshMs":30000,"attribution":"Ora (Warner Varnado) · WSDOT"}},{"type":"Feature","geometry":{"type":"Point","coordinates":[-122.689459,47.664644]},"properties":{"id":"ora-wa-959","name":"SR 303 at MP 8.7: SR 3 Interchange","state":"WA","provider":"WSDOT","hls":null,"snapshot":"https://images.wsdot.wa.gov/orflow/303vc00877.jpg","refreshMs":30000,"attribution":"Ora (Warner Varnado) · WSDOT"}},{"type":"Feature","geometry":{"type":"Point","coordinates":[-122.57077,47.713962]},"properties":{"id":"ora-wa-960","name":"SR 305 @ MP 7.1: Suquamish Way","state":"WA","provider":"WSDOT","hls":null,"snapshot":"https://images.wsdot.wa.gov/orflow/305vc00719.jpg","refreshMs":30000,"attribution":"Ora (Warner Varnado) · WSDOT"}},{"type":"Feature","geometry":{"type":"Point","coordinates":[-122.607143,47.772461]},"properties":{"id":"ora-wa-961","name":"SR 307 @ MP 2.4: Gunderson Way","state":"WA","provider":"WSDOT","hls":null,"snapshot":"https://images.wsdot.wa.gov/orflow/307vc00243.jpg","refreshMs":30000,"attribution":"Ora (Warner Varnado) · WSDOT"}},{"type":"Feature","geometry":{"type":"Point","coordinates":[-117.35473,48.86921]},"properties":{"id":"ora-wa-962","name":"SR 31 at MP 16.6: Metaline Falls","state":"WA","provider":"WSDOT","hls":null,"snapshot":"https://images.wsdot.wa.gov/rweather/medium_metalinefalls.JPG","refreshMs":30000,"attribution":"Ora (Warner Varnado) · WSDOT"}},{"type":"Feature","geometry":{"type":"Point","coordinates":[-123.516198,46.345576]},"properties":{"id":"ora-wa-963","name":"SR 4 at MP 22.2: KM Mountain","state":"WA","provider":"WSDOT","hls":null,"snapshot":"https://images.wsdot.wa.gov/sw/004vc02220.jpg","refreshMs":30000,"attribution":"Ora (Warner Varnado) · WSDOT"}},{"type":"Feature","geometry":{"type":"Point","coordinates":[-122.923305,46.146083]},"properties":{"id":"ora-wa-964","name":"SR 4 at MP 60.8: Catlin St","state":"WA","provider":"WSDOT","hls":null,"snapshot":"https://images.wsdot.wa.gov/sw/004vc06080.jpg","refreshMs":30000,"attribution":"Ora (Warner Varnado) · WSDOT"}},{"type":"Feature","geometry":{"type":"Point","coordinates":[-122.248467,47.198924]},"properties":{"id":"ora-wa-965","name":"SR 410 at MP 9.3: Traffic Ave / Thompson St WB Ram","state":"WA","provider":"WSDOT","hls":null,"snapshot":"https://images.wsdot.wa.gov/orflow/410vc00932.jpg","refreshMs":30000,"attribution":"Ora (Warner Varnado) · WSDOT"}},{"type":"Feature","geometry":{"type":"Point","coordinates":[-122.241795,47.194307]},"properties":{"id":"ora-wa-966","name":"SR 410 at MP 9.7: Sumner Ave","state":"WA","provider":"WSDOT","hls":null,"snapshot":"https://images.wsdot.wa.gov/orflow/410vc00975.jpg","refreshMs":30000,"attribution":"Ora (Warner Varnado) · WSDOT"}},{"type":"Feature","geometry":{"type":"Point","coordinates":[-122.187251,47.177185]},"properties":{"id":"ora-wa-967","name":"SR 410 at MP 13.3: 181st Ave E","state":"WA","provider":"WSDOT","hls":null,"snapshot":"https://images.wsdot.wa.gov/orflow/410vc01336.jpg","refreshMs":30000,"attribution":"Ora (Warner Varnado) · WSDOT"}},{"type":"Feature","geometry":{"type":"Point","coordinates":[-122.164319,47.169379]},"properties":{"id":"ora-wa-968","name":"SR 410 at MP 14.6: 198th Ave E","state":"WA","provider":"WSDOT","hls":null,"snapshot":"https://images.wsdot.wa.gov/orflow/410vc01463.jpg","refreshMs":30000,"attribution":"Ora (Warner Varnado) · WSDOT"}},{"type":"Feature","geometry":{"type":"Point","coordinates":[-122.144379,47.167464]},"properties":{"id":"ora-wa-969","name":"SR 410 at MP 15.6: 214th Ave E","state":"WA","provider":"WSDOT","hls":null,"snapshot":"https://images.wsdot.wa.gov/orflow/410vc01559.jpg","refreshMs":30000,"attribution":"Ora (Warner Varnado) · WSDOT"}},{"type":"Feature","geometry":{"type":"Point","coordinates":[-122.118796,47.165976]},"properties":{"id":"ora-wa-970","name":"SR 410 at MP 16.8: 234th Ave E","state":"WA","provider":"WSDOT","hls":null,"snapshot":"https://images.wsdot.wa.gov/orflow/410vc01680.jpg","refreshMs":30000,"attribution":"Ora (Warner Varnado) · WSDOT"}},{"type":"Feature","geometry":{"type":"Point","coordinates":[-122.027207,47.166029]},"properties":{"id":"ora-wa-971","name":"SR 410 at MP 21.4: Park Ave","state":"WA","provider":"WSDOT","hls":null,"snapshot":"https://images.wsdot.wa.gov/orflow/410vc02141.jpg","refreshMs":30000,"attribution":"Ora (Warner Varnado) · WSDOT"}},{"type":"Feature","geometry":{"type":"Point","coordinates":[-121.978888,47.199387]},"properties":{"id":"ora-wa-972","name":"SR 410 at MP 24.9: Watson Rd","state":"WA","provider":"WSDOT","hls":null,"snapshot":"https://images.wsdot.wa.gov/nw/410vc02493.jpg","refreshMs":30000,"attribution":"Ora (Warner Varnado) · WSDOT"}},{"type":"Feature","geometry":{"type":"Point","coordinates":[-122.977507,46.131663]},"properties":{"id":"ora-wa-973","name":"SR 432 at MP 4.4: Washington Way","state":"WA","provider":"WSDOT","hls":null,"snapshot":"https://images.wsdot.wa.gov/sw/432vc00443.jpg","refreshMs":30000,"attribution":"Ora (Warner Varnado) · WSDOT"}},{"type":"Feature","geometry":{"type":"Point","coordinates":[-122.97797,46.131949]},"properties":{"id":"ora-wa-974","name":"SR 432 at MP 4.4: Washington Way","state":"WA","provider":"WSDOT","hls":null,"snapshot":"https://images.wsdot.wa.gov/sw/432vc00444.jpg","refreshMs":30000,"attribution":"Ora (Warner Varnado) · WSDOT"}},{"type":"Feature","geometry":{"type":"Point","coordinates":[-122.977388,46.131483]},"properties":{"id":"ora-wa-975","name":"SR 432 at MP 4.4: Washington Way","state":"WA","provider":"WSDOT","hls":null,"snapshot":"https://images.wsdot.wa.gov/sw/432vc00445.jpg","refreshMs":30000,"attribution":"Ora (Warner Varnado) · WSDOT"}},{"type":"Feature","geometry":{"type":"Point","coordinates":[-122.926094,46.123183]},"properties":{"id":"ora-wa-976","name":"SR432 at MP 7.6: SR411/3rd Ave","state":"WA","provider":"WSDOT","hls":null,"snapshot":"https://images.wsdot.wa.gov/sw/432vc00760.jpg","refreshMs":30000,"attribution":"Ora (Warner Varnado) · WSDOT"}},{"type":"Feature","geometry":{"type":"Point","coordinates":[-122.88805,46.10651]},"properties":{"id":"ora-wa-977","name":"SR 432 at MP 9.8: Talley Way","state":"WA","provider":"WSDOT","hls":null,"snapshot":"https://images.wsdot.wa.gov/sw/432vc00988.jpg","refreshMs":30000,"attribution":"Ora (Warner Varnado) · WSDOT"}},{"type":"Feature","geometry":{"type":"Point","coordinates":[-122.888417,46.106985]},"properties":{"id":"ora-wa-978","name":"SR 432 at MP 9.8: Talley Way WB","state":"WA","provider":"WSDOT","hls":null,"snapshot":"https://images.wsdot.wa.gov/sw/432vc00986.jpg","refreshMs":30000,"attribution":"Ora (Warner Varnado) · WSDOT"}},{"type":"Feature","geometry":{"type":"Point","coordinates":[-122.950513,46.116235]},"properties":{"id":"ora-wa-979","name":"SR 433 at MP 0.9: Lewis and Clark Bridge","state":"WA","provider":"WSDOT","hls":null,"snapshot":"https://images.wsdot.wa.gov/sw/433vc00093.jpg","refreshMs":30000,"attribution":"Ora (Warner Varnado) · WSDOT"}},{"type":"Feature","geometry":{"type":"Point","coordinates":[-122.649961,45.65075]},"properties":{"id":"ora-wa-980","name":"SR 500 at MP 0.6: 15th St.--St. Johns Blvd","state":"WA","provider":"WSDOT","hls":null,"snapshot":"https://images.wsdot.wa.gov/sw/500vc00066.jpg","refreshMs":30000,"attribution":"Ora (Warner Varnado) · WSDOT"}},{"type":"Feature","geometry":{"type":"Point","coordinates":[-122.635309,45.645959]},"properties":{"id":"ora-wa-981","name":"SR 500 at MP 1.4: Burnt Bridge Creek","state":"WA","provider":"WSDOT","hls":null,"snapshot":"https://images.wsdot.wa.gov/sw/500vc00146.jpg","refreshMs":30000,"attribution":"Ora (Warner Varnado) · WSDOT"}},{"type":"Feature","geometry":{"type":"Point","coordinates":[-122.616362,45.647864]},"properties":{"id":"ora-wa-982","name":"SR 500 at MP 2.4: Stapleton Rd","state":"WA","provider":"WSDOT","hls":null,"snapshot":"https://images.wsdot.wa.gov/sw/500vc00240.jpg","refreshMs":30000,"attribution":"Ora (Warner Varnado) · WSDOT"}},{"type":"Feature","geometry":{"type":"Point","coordinates":[-122.589154,45.653398]},"properties":{"id":"ora-wa-983","name":"SR 500 at MP 3.8: Thurston Way","state":"WA","provider":"WSDOT","hls":null,"snapshot":"https://images.wsdot.wa.gov/sw/500vc00380.jpg","refreshMs":30000,"attribution":"Ora (Warner Varnado) · WSDOT"}},{"type":"Feature","geometry":{"type":"Point","coordinates":[-122.597633,45.649651]},"properties":{"id":"ora-wa-984","name":"SR 500 at MP 3.3: Andresen Rd","state":"WA","provider":"WSDOT","hls":null,"snapshot":"https://images.wsdot.wa.gov/sw/500vc00332.jpg","refreshMs":30000,"attribution":"Ora (Warner Varnado) · WSDOT"}},{"type":"Feature","geometry":{"type":"Point","coordinates":[-122.579551,45.655888]},"properties":{"id":"ora-wa-985","name":"SR 500 at MP 4.3: 4th Plain Blvd","state":"WA","provider":"WSDOT","hls":null,"snapshot":"https://images.wsdot.wa.gov/sw/500vc00431.jpg","refreshMs":30000,"attribution":"Ora (Warner Varnado) · WSDOT"}},{"type":"Feature","geometry":{"type":"Point","coordinates":[-122.558292,45.661864]},"properties":{"id":"ora-wa-986","name":"SR 500 at MP 5.4: 112th & Gher Rd.","state":"WA","provider":"WSDOT","hls":null,"snapshot":"https://images.wsdot.wa.gov/sw/500vc00546.jpg","refreshMs":30000,"attribution":"Ora (Warner Varnado) · WSDOT"}},{"type":"Feature","geometry":{"type":"Point","coordinates":[-122.574899,45.655623]},"properties":{"id":"ora-wa-987","name":"SR 500 at MP 4.56: West of I-205","state":"WA","provider":"WSDOT","hls":null,"snapshot":"https://images.wsdot.wa.gov/sw/500vc00456.jpg","refreshMs":30000,"attribution":"Ora (Warner Varnado) · WSDOT"}},{"type":"Feature","geometry":{"type":"Point","coordinates":[-122.552495,45.666995]},"properties":{"id":"ora-wa-988","name":"SR 500 at MP 5.9: Fourth Plain Blvd (SR 503)","state":"WA","provider":"WSDOT","hls":null,"snapshot":"https://images.wsdot.wa.gov/sw/500vc00594.jpg","refreshMs":30000,"attribution":"Ora (Warner Varnado) · WSDOT"}},{"type":"Feature","geometry":{"type":"Point","coordinates":[-122.552546,45.674627]},"properties":{"id":"ora-wa-989","name":"SR 500 at MP 6.4: 71st St","state":"WA","provider":"WSDOT","hls":null,"snapshot":"https://images.wsdot.wa.gov/sw/500vc00648.jpg","refreshMs":30000,"attribution":"Ora (Warner Varnado) · WSDOT"}},{"type":"Feature","geometry":{"type":"Point","coordinates":[-122.552533,45.67463]},"properties":{"id":"ora-wa-990","name":"SR 500 at MP 6.4: 71st St","state":"WA","provider":"WSDOT","hls":null,"snapshot":"https://images.wsdot.wa.gov/sw/500vc00649.jpg","refreshMs":30000,"attribution":"Ora (Warner Varnado) · WSDOT"}},{"type":"Feature","geometry":{"type":"Point","coordinates":[-122.531674,45.682686]},"properties":{"id":"ora-wa-991","name":"SR 500 at MP 7.9: 137th Ave","state":"WA","provider":"WSDOT","hls":null,"snapshot":"https://images.wsdot.wa.gov/sw/500vc00799.jpg","refreshMs":30000,"attribution":"Ora (Warner Varnado) · WSDOT"}},{"type":"Feature","geometry":{"type":"Point","coordinates":[-122.51633,45.682854]},"properties":{"id":"ora-wa-992","name":"SR 500 at MP 8.7: 152nd Ave","state":"WA","provider":"WSDOT","hls":null,"snapshot":"https://images.wsdot.wa.gov/sw/500vc00875.jpg","refreshMs":30000,"attribution":"Ora (Warner Varnado) · WSDOT"}},{"type":"Feature","geometry":{"type":"Point","coordinates":[-122.511613,45.682841]},"properties":{"id":"ora-wa-993","name":"SR 500 at MP 8.9: Ward Rd","state":"WA","provider":"WSDOT","hls":null,"snapshot":"https://images.wsdot.wa.gov/sw/500vc00897.jpg","refreshMs":30000,"attribution":"Ora (Warner Varnado) · WSDOT"}},{"type":"Feature","geometry":{"type":"Point","coordinates":[-122.50631,45.684852]},"properties":{"id":"ora-wa-994","name":"SR 500 at MP 9.2: Padden/162nd Ave","state":"WA","provider":"WSDOT","hls":null,"snapshot":"https://images.wsdot.wa.gov/sw/500vc00926.jpg","refreshMs":30000,"attribution":"Ora (Warner Varnado) · WSDOT"}},{"type":"Feature","geometry":{"type":"Point","coordinates":[-122.505758,45.679368]},"properties":{"id":"ora-wa-995","name":"SR 500 at MP 9.6: 78th St","state":"WA","provider":"WSDOT","hls":null,"snapshot":"https://images.wsdot.wa.gov/sw/500vc00964.jpg","refreshMs":30000,"attribution":"Ora (Warner Varnado) · WSDOT"}},{"type":"Feature","geometry":{"type":"Point","coordinates":[-122.505943,45.675821]},"properties":{"id":"ora-wa-996","name":"SR 500 at MP 9.8: 73rd St","state":"WA","provider":"WSDOT","hls":null,"snapshot":"https://images.wsdot.wa.gov/sw/500vc00989.jpg","refreshMs":30000,"attribution":"Ora (Warner Varnado) · WSDOT"}},{"type":"Feature","geometry":{"type":"Point","coordinates":[-122.505918,45.672167]},"properties":{"id":"ora-wa-997","name":"SR 500 at MP 10.1: 162nd Ave & 4th Plain","state":"WA","provider":"WSDOT","hls":null,"snapshot":"https://images.wsdot.wa.gov/sw/500vc01012.jpg","refreshMs":30000,"attribution":"Ora (Warner Varnado) · WSDOT"}},{"type":"Feature","geometry":{"type":"Point","coordinates":[-122.667473,45.780102]},"properties":{"id":"ora-wa-998","name":"SR 502 at MP 0.5: I-5 NB off ramp","state":"WA","provider":"WSDOT","hls":null,"snapshot":"https://images.wsdot.wa.gov/sw/502vc00050.jpg","refreshMs":30000,"attribution":"Ora (Warner Varnado) · WSDOT"}},{"type":"Feature","geometry":{"type":"Point","coordinates":[-122.661737,45.779131]},"properties":{"id":"ora-wa-999","name":"SR 502 at MP 0.6: 10th Ave","state":"WA","provider":"WSDOT","hls":null,"snapshot":"https://images.wsdot.wa.gov/sw/502vc00060.jpg","refreshMs":30000,"attribution":"Ora (Warner Varnado) · WSDOT"}},{"type":"Feature","geometry":{"type":"Point","coordinates":[-122.640861,45.779687]},"properties":{"id":"ora-wa-1000","name":"SR 502 at MP 1.6: NE 29th Ave","state":"WA","provider":"WSDOT","hls":null,"snapshot":"https://images.wsdot.wa.gov/sw/502vc00162.jpg","refreshMs":30000,"attribution":"Ora (Warner Varnado) · WSDOT"}},{"type":"Feature","geometry":{"type":"Point","coordinates":[-122.620689,45.779794]},"properties":{"id":"ora-wa-1001","name":"SR 502 at MP 2.6: NE 50th Ave","state":"WA","provider":"WSDOT","hls":null,"snapshot":"https://images.wsdot.wa.gov/sw/502vc00259.jpg","refreshMs":30000,"attribution":"Ora (Warner Varnado) · WSDOT"}},{"type":"Feature","geometry":{"type":"Point","coordinates":[-122.598802,45.780375]},"properties":{"id":"ora-wa-1002","name":"SR 502 at MP 3.6: NE 72nd Ave","state":"WA","provider":"WSDOT","hls":null,"snapshot":"https://images.wsdot.wa.gov/sw/502vc00365.jpg","refreshMs":30000,"attribution":"Ora (Warner Varnado) · WSDOT"}},{"type":"Feature","geometry":{"type":"Point","coordinates":[-122.579481,45.780251]},"properties":{"id":"ora-wa-1003","name":"SR 502 at MP 4.6: NE 92nd Ave","state":"WA","provider":"WSDOT","hls":null,"snapshot":"https://images.wsdot.wa.gov/sw/502vc00459.jpg","refreshMs":30000,"attribution":"Ora (Warner Varnado) · WSDOT"}},{"type":"Feature","geometry":{"type":"Point","coordinates":[-122.553052,45.780691]},"properties":{"id":"ora-wa-1004","name":"SR 502 at MP 5.8: 15th Ave","state":"WA","provider":"WSDOT","hls":null,"snapshot":"https://images.wsdot.wa.gov/sw/502vc00586.jpg","refreshMs":30000,"attribution":"Ora (Warner Varnado) · WSDOT"}},{"type":"Feature","geometry":{"type":"Point","coordinates":[-122.55831,45.780605]},"properties":{"id":"ora-wa-1005","name":"SR 502 at MP 5.8: 20th Ave","state":"WA","provider":"WSDOT","hls":null,"snapshot":"https://images.wsdot.wa.gov/sw/502vc00561.jpg","refreshMs":30000,"attribution":"Ora (Warner Varnado) · WSDOT"}},{"type":"Feature","geometry":{"type":"Point","coordinates":[-122.552569,45.682085]},"properties":{"id":"ora-wa-1006","name":"SR 503 at MP 1: SR 500 Padden","state":"WA","provider":"WSDOT","hls":null,"snapshot":"https://images.wsdot.wa.gov/sw/503vc00102.jpg","refreshMs":30000,"attribution":"Ora (Warner Varnado) · WSDOT"}},{"type":"Feature","geometry":{"type":"Point","coordinates":[-122.552739,45.690517]},"properties":{"id":"ora-wa-1007","name":"SR 503 at MP 1.6: 95th St","state":"WA","provider":"WSDOT","hls":null,"snapshot":"https://images.wsdot.wa.gov/sw/503vc00160.jpg","refreshMs":30000,"attribution":"Ora (Warner Varnado) · WSDOT"}},{"type":"Feature","geometry":{"type":"Point","coordinates":[-122.552805,45.693424]},"properties":{"id":"ora-wa-1008","name":"SR 503 at MP 1.8: 99th St","state":"WA","provider":"WSDOT","hls":null,"snapshot":"https://images.wsdot.wa.gov/sw/503vc00180.jpg","refreshMs":30000,"attribution":"Ora (Warner Varnado) · WSDOT"}},{"type":"Feature","geometry":{"type":"Point","coordinates":[-122.552627,45.707677]},"properties":{"id":"ora-wa-1009","name":"SR 503 at MP 2.7: 119th St","state":"WA","provider":"WSDOT","hls":null,"snapshot":"https://images.wsdot.wa.gov/sw/503vc00279.jpg","refreshMs":30000,"attribution":"Ora (Warner Varnado) · WSDOT"}},{"type":"Feature","geometry":{"type":"Point","coordinates":[-122.552304,45.72977]},"properties":{"id":"ora-wa-1010","name":"SR 503 at MP 4.3: 149th St","state":"WA","provider":"WSDOT","hls":null,"snapshot":"https://images.wsdot.wa.gov/sw/503vc00431.jpg","refreshMs":30000,"attribution":"Ora (Warner Varnado) · WSDOT"}},{"type":"Feature","geometry":{"type":"Point","coordinates":[-122.551446,45.735513]},"properties":{"id":"ora-wa-1011","name":"SR 503 at MP 4.7: 154th St","state":"WA","provider":"WSDOT","hls":null,"snapshot":"https://images.wsdot.wa.gov/sw/503vc00471.jpg","refreshMs":30000,"attribution":"Ora (Warner Varnado) · WSDOT"}},{"type":"Feature","geometry":{"type":"Point","coordinates":[-122.547722,45.751612]},"properties":{"id":"ora-wa-1012","name":"SR 503 at MP 6: 179th St","state":"WA","provider":"WSDOT","hls":null,"snapshot":"https://images.wsdot.wa.gov/sw/503vc00608.jpg","refreshMs":30000,"attribution":"Ora (Warner Varnado) · WSDOT"}},{"type":"Feature","geometry":{"type":"Point","coordinates":[-122.547324,45.766245]},"properties":{"id":"ora-wa-1013","name":"SR 503 at MP 7: 199th Ave","state":"WA","provider":"WSDOT","hls":null,"snapshot":"https://images.wsdot.wa.gov/sw/503vc00709.jpg","refreshMs":30000,"attribution":"Ora (Warner Varnado) · WSDOT"}},{"type":"Feature","geometry":{"type":"Point","coordinates":[-122.547322,45.770303]},"properties":{"id":"ora-wa-1014","name":"SR 503 at MP 7.3: Scotton Way","state":"WA","provider":"WSDOT","hls":null,"snapshot":"https://images.wsdot.wa.gov/sw/503vc00737.jpg","refreshMs":30000,"attribution":"Ora (Warner Varnado) · WSDOT"}},{"type":"Feature","geometry":{"type":"Point","coordinates":[-122.547838,45.780888]},"properties":{"id":"ora-wa-1015","name":"SR 503 at MP 8.1: Main St","state":"WA","provider":"WSDOT","hls":null,"snapshot":"https://images.wsdot.wa.gov/sw/503vc00812.jpg","refreshMs":30000,"attribution":"Ora (Warner Varnado) · WSDOT"}},{"type":"Feature","geometry":{"type":"Point","coordinates":[-122.521918,45.856827]},"properties":{"id":"ora-wa-1016","name":"SR 503 at MP 13.7: Rock Creek Rd","state":"WA","provider":"WSDOT","hls":null,"snapshot":"https://images.wsdot.wa.gov/sw/503vc01372.jpg","refreshMs":30000,"attribution":"Ora (Warner Varnado) · WSDOT"}},{"type":"Feature","geometry":{"type":"Point","coordinates":[-122.39509,46.3097]},"properties":{"id":"ora-wa-1017","name":"SR 504 at MP 33: Forest Learning Rest Area Center","state":"WA","provider":"WSDOT","hls":null,"snapshot":"https://images.wsdot.wa.gov/sw/504vc03306.jpg","refreshMs":30000,"attribution":"Ora (Warner Varnado) · WSDOT"}},{"type":"Feature","geometry":{"type":"Point","coordinates":[-122.606526,46.941935]},"properties":{"id":"ora-wa-1018","name":"SR 507: SR 510 Intersection (1st St and Yelm Ave)","state":"WA","provider":"WSDOT","hls":null,"snapshot":"https://images.wsdot.wa.gov/ORFlow/507vc02824.jpg","refreshMs":30000,"attribution":"Ora (Warner Varnado) · WSDOT"}},{"type":"Feature","geometry":{"type":"Point","coordinates":[-122.554036,46.938015]},"properties":{"id":"ora-wa-1019","name":"SR 507: SR 702 Intersection","state":"WA","provider":"WSDOT","hls":null,"snapshot":"https://images.wsdot.wa.gov/orflow/507vc03110.jpg","refreshMs":30000,"attribution":"Ora (Warner Varnado) · WSDOT"}},{"type":"Feature","geometry":{"type":"Point","coordinates":[-122.433895,47.243267]},"properties":{"id":"ora-wa-1020","name":"SR 509 at MP 0: I-705 Interchange","state":"WA","provider":"WSDOT","hls":null,"snapshot":"https://images.wsdot.wa.gov/orflow/509vc00005.jpg","refreshMs":30000,"attribution":"Ora (Warner Varnado) · WSDOT"}},{"type":"Feature","geometry":{"type":"Point","coordinates":[-122.290717,47.411064]},"properties":{"id":"ora-wa-1021","name":"SR 509 @ MP 20.86: I-5 Intersection","state":"WA","provider":"WSDOT","hls":null,"snapshot":"https://images.wsdot.wa.gov/nw/509vc02086.jpg","refreshMs":30000,"attribution":"Ora (Warner Varnado) · WSDOT"}},{"type":"Feature","geometry":{"type":"Point","coordinates":[-122.296888,47.416436]},"properties":{"id":"ora-wa-1022","name":"SR 509 @ MP 21.14: SR 99 Intersection","state":"WA","provider":"WSDOT","hls":null,"snapshot":"https://images.wsdot.wa.gov/nw/509vc02114.jpg","refreshMs":30000,"attribution":"Ora (Warner Varnado) · WSDOT"}},{"type":"Feature","geometry":{"type":"Point","coordinates":[-122.301471,47.418536]},"properties":{"id":"ora-wa-1023","name":"SR 509 @ MP 21.3: 24th Ave S, SB Ramp","state":"WA","provider":"WSDOT","hls":null,"snapshot":"https://images.wsdot.wa.gov/nw/509vc02133.jpg","refreshMs":30000,"attribution":"Ora (Warner Varnado) · WSDOT"}},{"type":"Feature","geometry":{"type":"Point","coordinates":[-122.300677,47.419562]},"properties":{"id":"ora-wa-1024","name":"SR 509 @ MP 21.48: 24th Ave S, NB Exit","state":"WA","provider":"WSDOT","hls":null,"snapshot":"https://images.wsdot.wa.gov/nw/509vc02148.jpg","refreshMs":30000,"attribution":"Ora (Warner Varnado) · WSDOT"}},{"type":"Feature","geometry":{"type":"Point","coordinates":[-122.329961,47.517416]},"properties":{"id":"ora-wa-1025","name":"SR 509 at MP 28.9: S 96th St","state":"WA","provider":"WSDOT","hls":null,"snapshot":"https://images.wsdot.wa.gov/nw/509vc02893.jpg","refreshMs":30000,"attribution":"Ora (Warner Varnado) · WSDOT"}},{"type":"Feature","geometry":{"type":"Point","coordinates":[-122.334479,47.532517]},"properties":{"id":"ora-wa-1026","name":"SR 509 at MP 29.5: S Cloverdale St","state":"WA","provider":"WSDOT","hls":null,"snapshot":"https://images.wsdot.wa.gov/nw/509vc02956.jpg","refreshMs":30000,"attribution":"Ora (Warner Varnado) · WSDOT"}},{"type":"Feature","geometry":{"type":"Point","coordinates":[-122.46758,47.160023]},"properties":{"id":"ora-wa-1027","name":"SR 512 at MP 0.6: Steele St","state":"WA","provider":"WSDOT","hls":null,"snapshot":"https://images.wsdot.wa.gov/ORFlow/512vc00063.jpg","refreshMs":30000,"attribution":"Ora (Warner Varnado) · WSDOT"}},{"type":"Feature","geometry":{"type":"Point","coordinates":[-122.43462,47.158165]},"properties":{"id":"ora-wa-1028","name":"SR 512 at MP 2.2: SR 7 Interchange","state":"WA","provider":"WSDOT","hls":null,"snapshot":"https://images.wsdot.wa.gov/ORFlow/512vc00220.jpg","refreshMs":30000,"attribution":"Ora (Warner Varnado) · WSDOT"}},{"type":"Feature","geometry":{"type":"Point","coordinates":[-122.412805,47.159021]},"properties":{"id":"ora-wa-1029","name":"SR 512 at MP 3.2: Golden Given Rd","state":"WA","provider":"WSDOT","hls":null,"snapshot":"https://images.wsdot.wa.gov/orflow/512vc00323.jpg","refreshMs":30000,"attribution":"Ora (Warner Varnado) · WSDOT"}},{"type":"Feature","geometry":{"type":"Point","coordinates":[-122.402667,47.15876]},"properties":{"id":"ora-wa-1030","name":"SR 512 @ MP 3.7: Portland Ave","state":"WA","provider":"WSDOT","hls":null,"snapshot":"https://images.wsdot.wa.gov/orflow/512vc00371.jpg","refreshMs":30000,"attribution":"Ora (Warner Varnado) · WSDOT"}},{"type":"Feature","geometry":{"type":"Point","coordinates":[-122.358418,47.158059]},"properties":{"id":"ora-wa-1031","name":"SR 512 @ MP 5.8: Canyon Rd","state":"WA","provider":"WSDOT","hls":null,"snapshot":"https://images.wsdot.wa.gov/orflow/512vc00580.jpg","refreshMs":30000,"attribution":"Ora (Warner Varnado) · WSDOT"}},{"type":"Feature","geometry":{"type":"Point","coordinates":[-122.297004,47.161427]},"properties":{"id":"ora-wa-1032","name":"SR 512 at MP 8.7: SR 161 (South Hill)","state":"WA","provider":"WSDOT","hls":null,"snapshot":"https://images.wsdot.wa.gov/orflow/512vc00875.jpg","refreshMs":30000,"attribution":"Ora (Warner Varnado) · WSDOT"}},{"type":"Feature","geometry":{"type":"Point","coordinates":[-122.282367,47.194478]},"properties":{"id":"ora-wa-1033","name":"SR 512 at MP 11.4: Benston Rd","state":"WA","provider":"WSDOT","hls":null,"snapshot":"https://images.wsdot.wa.gov/orflow/512vc01143.jpg","refreshMs":30000,"attribution":"Ora (Warner Varnado) · WSDOT"}},{"type":"Feature","geometry":{"type":"Point","coordinates":[-122.207907,47.469628]},"properties":{"id":"ora-wa-1034","name":"SR 515 at MP 6.9: I-405 Interchange SB Ramps","state":"WA","provider":"WSDOT","hls":null,"snapshot":"https://images.wsdot.wa.gov/nw/515vc00697.jpg","refreshMs":30000,"attribution":"Ora (Warner Varnado) · WSDOT"}},{"type":"Feature","geometry":{"type":"Point","coordinates":[-122.291611,47.391902]},"properties":{"id":"ora-wa-1035","name":"SR 516 at MP 1.9: I-5 Interchange","state":"WA","provider":"WSDOT","hls":null,"snapshot":"https://images.wsdot.wa.gov/nw/516vc00198.jpg","refreshMs":30000,"attribution":"Ora (Warner Varnado) · WSDOT"}},{"type":"Feature","geometry":{"type":"Point","coordinates":[-122.286511,47.390667]},"properties":{"id":"ora-wa-1036","name":"SR 516 at MP 2.2: Military Rd","state":"WA","provider":"WSDOT","hls":null,"snapshot":"https://images.wsdot.wa.gov/nw/516vc00225.jpg","refreshMs":30000,"attribution":"Ora (Warner Varnado) · WSDOT"}},{"type":"Feature","geometry":{"type":"Point","coordinates":[-122.122093,47.358093]},"properties":{"id":"ora-wa-1037","name":"SR 516 at MP 11.4: SR 18 Interchange WB Ramps","state":"WA","provider":"WSDOT","hls":null,"snapshot":"https://images.wsdot.wa.gov/nw/516vc01142.jpg","refreshMs":30000,"attribution":"Ora (Warner Varnado) · WSDOT"}},{"type":"Feature","geometry":{"type":"Point","coordinates":[-122.117217,47.358135]},"properties":{"id":"ora-wa-1038","name":"SR 516 at MP 11.6: 168th Pl SE","state":"WA","provider":"WSDOT","hls":null,"snapshot":"https://images.wsdot.wa.gov/nw/516vc01164.jpg","refreshMs":30000,"attribution":"Ora (Warner Varnado) · WSDOT"}},{"type":"Feature","geometry":{"type":"Point","coordinates":[-122.11973,47.358062]},"properties":{"id":"ora-wa-1039","name":"SR 516 at MP 11.5: SR 18 Interchange, EB Ramps","state":"WA","provider":"WSDOT","hls":null,"snapshot":"https://images.wsdot.wa.gov/nw/516vc01152.jpg","refreshMs":30000,"attribution":"Ora (Warner Varnado) · WSDOT"}},{"type":"Feature","geometry":{"type":"Point","coordinates":[-122.10744,47.358063]},"properties":{"id":"ora-wa-1040","name":"SR 516 at MP 12.1: SE Wax Rd","state":"WA","provider":"WSDOT","hls":null,"snapshot":"https://images.wsdot.wa.gov/nw/516vc01210.jpg","refreshMs":30000,"attribution":"Ora (Warner Varnado) · WSDOT"}},{"type":"Feature","geometry":{"type":"Point","coordinates":[-122.095259,47.358051]},"properties":{"id":"ora-wa-1041","name":"SR 516 at MP 12.6: 185th Ave SE","state":"WA","provider":"WSDOT","hls":null,"snapshot":"https://images.wsdot.wa.gov/nw/516vc01267.jpg","refreshMs":30000,"attribution":"Ora (Warner Varnado) · WSDOT"}},{"type":"Feature","geometry":{"type":"Point","coordinates":[-122.085921,47.358069]},"properties":{"id":"ora-wa-1042","name":"SR 516 at MP 13.1: 192nd Ave SE","state":"WA","provider":"WSDOT","hls":null,"snapshot":"https://images.wsdot.wa.gov/nw/516vc01311.jpg","refreshMs":30000,"attribution":"Ora (Warner Varnado) · WSDOT"}},{"type":"Feature","geometry":{"type":"Point","coordinates":[-122.299573,47.465127]},"properties":{"id":"ora-wa-1043","name":"SR 518 at MP 1.6: S 154th St","state":"WA","provider":"WSDOT","hls":null,"snapshot":"https://images.wsdot.wa.gov/nw/518vc00162.jpg","refreshMs":30000,"attribution":"Ora (Warner Varnado) · WSDOT"}},{"type":"Feature","geometry":{"type":"Point","coordinates":[-122.294297,47.463542]},"properties":{"id":"ora-wa-1044","name":"SR 518 at MP 2.2: Airport Dr","state":"WA","provider":"WSDOT","hls":null,"snapshot":"https://images.wsdot.wa.gov/nw/518vc00228.jpg","refreshMs":30000,"attribution":"Ora (Warner Varnado) · WSDOT"}},{"type":"Feature","geometry":{"type":"Point","coordinates":[-122.280567,47.464499]},"properties":{"id":"ora-wa-1045","name":"SR 518 at MP 2.9: 42nd Ave S","state":"WA","provider":"WSDOT","hls":null,"snapshot":"https://images.wsdot.wa.gov/nw/518vc00297.jpg","refreshMs":30000,"attribution":"Ora (Warner Varnado) · WSDOT"}},{"type":"Feature","geometry":{"type":"Point","coordinates":[-122.275859,47.46567]},"properties":{"id":"ora-wa-1046","name":"SR 518 at MP 3.2: 46th Ave S","state":"WA","provider":"WSDOT","hls":null,"snapshot":"https://images.wsdot.wa.gov/nw/518vc00322.jpg","refreshMs":30000,"attribution":"Ora (Warner Varnado) · WSDOT"}},{"type":"Feature","geometry":{"type":"Point","coordinates":[-122.270901,47.463591]},"properties":{"id":"ora-wa-1047","name":"SR 518 at MP 3.4: 51st Ave S","state":"WA","provider":"WSDOT","hls":null,"snapshot":"https://images.wsdot.wa.gov/nw/518vc00349.jpg","refreshMs":30000,"attribution":"Ora (Warner Varnado) · WSDOT"}},{"type":"Feature","geometry":{"type":"Point","coordinates":[-122.289166,47.463369]},"properties":{"id":"ora-wa-1048","name":"SR 518 at MP 2.5: SR 99 Interchange","state":"WA","provider":"WSDOT","hls":null,"snapshot":"https://images.wsdot.wa.gov/nw/518vc00252.jpg","refreshMs":30000,"attribution":"Ora (Warner Varnado) · WSDOT"}},{"type":"Feature","geometry":{"type":"Point","coordinates":[-122.265096,47.461396]},"properties":{"id":"ora-wa-1049","name":"SR 518 at MP 3.8: EB Under I-5","state":"WA","provider":"WSDOT","hls":null,"snapshot":"https://images.wsdot.wa.gov/nw/518vc00388.jpg","refreshMs":30000,"attribution":"Ora (Warner Varnado) · WSDOT"}},{"type":"Feature","geometry":{"type":"Point","coordinates":[-122.322166,47.642026]},"properties":{"id":"ora-wa-1050","name":"SR 520 @ MP 0.07: I-5 Interchange","state":"WA","provider":"WSDOT","hls":null,"snapshot":"https://images.wsdot.wa.gov/nw/520vc00007.jpg","refreshMs":30000,"attribution":"Ora (Warner Varnado) · WSDOT"}},{"type":"Feature","geometry":{"type":"Point","coordinates":[-122.318152,47.64268]},"properties":{"id":"ora-wa-1051","name":"SR 520 at MP 0.2: Delmar Dr E","state":"WA","provider":"WSDOT","hls":null,"snapshot":"https://images.wsdot.wa.gov/nw/520vc00027.jpg","refreshMs":30000,"attribution":"Ora (Warner Varnado) · WSDOT"}},{"type":"Feature","geometry":{"type":"Point","coordinates":[-122.29967,47.645056]},"properties":{"id":"ora-wa-1052","name":"SR 520 @ MP 1.1: 25th Ave E, North","state":"WA","provider":"WSDOT","hls":null,"snapshot":"https://images.wsdot.wa.gov/nw/520vc00113.jpg","refreshMs":30000,"attribution":"Ora (Warner Varnado) · WSDOT"}},{"type":"Feature","geometry":{"type":"Point","coordinates":[-122.299628,47.644513]},"properties":{"id":"ora-wa-1053","name":"SR 520 at MP 1.16: 25th Ave E, South","state":"WA","provider":"WSDOT","hls":null,"snapshot":"https://images.wsdot.wa.gov/nw/520vc00116.jpg","refreshMs":30000,"attribution":"Ora (Warner Varnado) · WSDOT"}},{"type":"Feature","geometry":{"type":"Point","coordinates":[-122.305492,47.643691]},"properties":{"id":"ora-wa-1054","name":"SR 520 at MP 0.9: Montlake Blvd, South","state":"WA","provider":"WSDOT","hls":null,"snapshot":"https://images.wsdot.wa.gov/nw/520vc00088.jpg","refreshMs":30000,"attribution":"Ora (Warner Varnado) · WSDOT"}},{"type":"Feature","geometry":{"type":"Point","coordinates":[-122.289897,47.644866]},"properties":{"id":"ora-wa-1055","name":"SR 520 at MP 1.6: Foster Island","state":"WA","provider":"WSDOT","hls":null,"snapshot":"https://images.wsdot.wa.gov/nw/520vc00158.jpg","refreshMs":30000,"attribution":"Ora (Warner Varnado) · WSDOT"}},{"type":"Feature","geometry":{"type":"Point","coordinates":[-122.30478,47.644537]},"properties":{"id":"ora-wa-1056","name":"SR 520 at MP 0.9: Montlake Blvd, North","state":"WA","provider":"WSDOT","hls":null,"snapshot":"https://images.wsdot.wa.gov/nw/520vc00094.jpg","refreshMs":30000,"attribution":"Ora (Warner Varnado) · WSDOT"}},{"type":"Feature","geometry":{"type":"Point","coordinates":[-122.282469,47.644368]},"properties":{"id":"ora-wa-1057","name":"SR 520 at MP 1.9: 40th Ave E","state":"WA","provider":"WSDOT","hls":null,"snapshot":"https://images.wsdot.wa.gov/nw/520vc00197.jpg","refreshMs":30000,"attribution":"Ora (Warner Varnado) · WSDOT"}},{"type":"Feature","geometry":{"type":"Point","coordinates":[-122.273322,47.642927]},"properties":{"id":"ora-wa-1058","name":"SR 520 at MP 2.4: West Bridge","state":"WA","provider":"WSDOT","hls":null,"snapshot":"https://images.wsdot.wa.gov/nw/520vc00241.jpg","refreshMs":30000,"attribution":"Ora (Warner Varnado) · WSDOT"}},{"type":"Feature","geometry":{"type":"Point","coordinates":[-122.28628,47.644723]},"properties":{"id":"ora-wa-1059","name":"SR 520 @ MP 1.7: 35th Ave E","state":"WA","provider":"WSDOT","hls":null,"snapshot":"https://images.wsdot.wa.gov/nw/520vc00170.jpg","refreshMs":30000,"attribution":"Ora (Warner Varnado) · WSDOT"}},{"type":"Feature","geometry":{"type":"Point","coordinates":[-122.279205,47.644097]},"properties":{"id":"ora-wa-1060","name":"SR 520 @ MP 2.1: 41st Ave E","state":"WA","provider":"WSDOT","hls":null,"snapshot":"https://images.wsdot.wa.gov/nw/520vc00213.jpg","refreshMs":30000,"attribution":"Ora (Warner Varnado) · WSDOT"}},{"type":"Feature","geometry":{"type":"Point","coordinates":[-122.262438,47.641396]},"properties":{"id":"ora-wa-1061","name":"SR 520 at MP 2.9: Mid Bridge","state":"WA","provider":"WSDOT","hls":null,"snapshot":"https://images.wsdot.wa.gov/nw/520vc00293.jpg","refreshMs":30000,"attribution":"Ora (Warner Varnado) · WSDOT"}},{"type":"Feature","geometry":{"type":"Point","coordinates":[-122.252474,47.639731]},"properties":{"id":"ora-wa-1062","name":"SR 520 at MP 3.4: East Bridge","state":"WA","provider":"WSDOT","hls":null,"snapshot":"https://images.wsdot.wa.gov/nw/520vc00341.jpg","refreshMs":30000,"attribution":"Ora (Warner Varnado) · WSDOT"}},{"type":"Feature","geometry":{"type":"Point","coordinates":[-122.24024,47.637599]},"properties":{"id":"ora-wa-1063","name":"SR 520 at MP 4: East Highrise","state":"WA","provider":"WSDOT","hls":null,"snapshot":"https://images.wsdot.wa.gov/nw/520vc00400.jpg","refreshMs":30000,"attribution":"Ora (Warner Varnado) · WSDOT"}},{"type":"Feature","geometry":{"type":"Point","coordinates":[-122.238934,47.637256]},"properties":{"id":"ora-wa-1064","name":"SR 520 at MP 4: Evergreen Pt Rd, WB","state":"WA","provider":"WSDOT","hls":null,"snapshot":"https://images.wsdot.wa.gov/nw/520vc00406.jpg","refreshMs":30000,"attribution":"Ora (Warner Varnado) · WSDOT"}},{"type":"Feature","geometry":{"type":"Point","coordinates":[-122.237294,47.636872]},"properties":{"id":"ora-wa-1065","name":"SR 520 at MP 4.1: Evergreen Pt Rd, EB","state":"WA","provider":"WSDOT","hls":null,"snapshot":"https://images.wsdot.wa.gov/nw/520vc00414.jpg","refreshMs":30000,"attribution":"Ora (Warner Varnado) · WSDOT"}},{"type":"Feature","geometry":{"type":"Point","coordinates":[-122.236268,47.636686]},"properties":{"id":"ora-wa-1066","name":"SR 520 at MP 4.1: Evergreen Pt Rd","state":"WA","provider":"WSDOT","hls":null,"snapshot":"https://images.wsdot.wa.gov/nw/520vc00419.jpg","refreshMs":30000,"attribution":"Ora (Warner Varnado) · WSDOT"}},{"type":"Feature","geometry":{"type":"Point","coordinates":[-122.233987,47.636351]},"properties":{"id":"ora-wa-1067","name":"SR 520 at MP 4.3: 80th Ave NE","state":"WA","provider":"WSDOT","hls":null,"snapshot":"https://images.wsdot.wa.gov/nw/520vc00430.jpg","refreshMs":30000,"attribution":"Ora (Warner Varnado) · WSDOT"}},{"type":"Feature","geometry":{"type":"Point","coordinates":[-122.228763,47.635743]},"properties":{"id":"ora-wa-1068","name":"SR 520 at MP 4.5: 84th Ave NE","state":"WA","provider":"WSDOT","hls":null,"snapshot":"https://images.wsdot.wa.gov/nw/520vc00455.jpg","refreshMs":30000,"attribution":"Ora (Warner Varnado) · WSDOT"}},{"type":"Feature","geometry":{"type":"Point","coordinates":[-122.228338,47.635745]},"properties":{"id":"ora-wa-1069","name":"SR 520 at MP 4.5: 84th Ave NE, WB","state":"WA","provider":"WSDOT","hls":null,"snapshot":"https://images.wsdot.wa.gov/nw/520vc00457.jpg","refreshMs":30000,"attribution":"Ora (Warner Varnado) · WSDOT"}},{"type":"Feature","geometry":{"type":"Point","coordinates":[-122.226691,47.635969]},"properties":{"id":"ora-wa-1070","name":"SR 520 at MP 4.6: 84th Ave NE, EB","state":"WA","provider":"WSDOT","hls":null,"snapshot":"https://images.wsdot.wa.gov/nw/520vc00465.jpg","refreshMs":30000,"attribution":"Ora (Warner Varnado) · WSDOT"}},{"type":"Feature","geometry":{"type":"Point","coordinates":[-122.222897,47.63748]},"properties":{"id":"ora-wa-1071","name":"SR 520 at MP 4.8: 87th Ave NE","state":"WA","provider":"WSDOT","hls":null,"snapshot":"https://images.wsdot.wa.gov/nw/520vc00485.jpg","refreshMs":30000,"attribution":"Ora (Warner Varnado) · WSDOT"}},{"type":"Feature","geometry":{"type":"Point","coordinates":[-122.221819,47.638246]},"properties":{"id":"ora-wa-1072","name":"SR 520 at MP 4.9: 88th Ave NE","state":"WA","provider":"WSDOT","hls":null,"snapshot":"https://images.wsdot.wa.gov/nw/520vc00492.jpg","refreshMs":30000,"attribution":"Ora (Warner Varnado) · WSDOT"}},{"type":"Feature","geometry":{"type":"Point","coordinates":[-122.221056,47.638764]},"properties":{"id":"ora-wa-1073","name":"SR 520 at MP 4.9: 89th Ave NE","state":"WA","provider":"WSDOT","hls":null,"snapshot":"https://images.wsdot.wa.gov/nw/520vc00497.jpg","refreshMs":30000,"attribution":"Ora (Warner Varnado) · WSDOT"}},{"type":"Feature","geometry":{"type":"Point","coordinates":[-122.217725,47.640183]},"properties":{"id":"ora-wa-1074","name":"SR 520 at MP 5.1: 92nd Ave NE, WB","state":"WA","provider":"WSDOT","hls":null,"snapshot":"https://images.wsdot.wa.gov/nw/520vc00516.jpg","refreshMs":30000,"attribution":"Ora (Warner Varnado) · WSDOT"}},{"type":"Feature","geometry":{"type":"Point","coordinates":[-122.216416,47.640656]},"properties":{"id":"ora-wa-1075","name":"SR 520 at MP 5.2: 92nd Ave NE","state":"WA","provider":"WSDOT","hls":null,"snapshot":"https://images.wsdot.wa.gov/nw/520vc00522.jpg","refreshMs":30000,"attribution":"Ora (Warner Varnado) · WSDOT"}},{"type":"Feature","geometry":{"type":"Point","coordinates":[-122.216198,47.640734]},"properties":{"id":"ora-wa-1076","name":"SR 520 at MP 5.2: 92nd Ave NE, EB","state":"WA","provider":"WSDOT","hls":null,"snapshot":"https://images.wsdot.wa.gov/nw/520vc00523.jpg","refreshMs":30000,"attribution":"Ora (Warner Varnado) · WSDOT"}},{"type":"Feature","geometry":{"type":"Point","coordinates":[-122.212558,47.641895]},"properties":{"id":"ora-wa-1077","name":"SR 520 at MP 5.4: 96th Ave NE","state":"WA","provider":"WSDOT","hls":null,"snapshot":"https://images.wsdot.wa.gov/nw/520vc00543.jpg","refreshMs":30000,"attribution":"Ora (Warner Varnado) · WSDOT"}},{"type":"Feature","geometry":{"type":"Point","coordinates":[-122.210469,47.642529]},"properties":{"id":"ora-wa-1078","name":"SR 520 at MP 5.5: 97th Ave NE","state":"WA","provider":"WSDOT","hls":null,"snapshot":"https://images.wsdot.wa.gov/nw/520vc00554.jpg","refreshMs":30000,"attribution":"Ora (Warner Varnado) · WSDOT"}},{"type":"Feature","geometry":{"type":"Point","coordinates":[-122.207191,47.642912]},"properties":{"id":"ora-wa-1079","name":"SR 520 at MP 5.7: 100th Ave NE","state":"WA","provider":"WSDOT","hls":null,"snapshot":"https://images.wsdot.wa.gov/nw/520vc00570.jpg","refreshMs":30000,"attribution":"Ora (Warner Varnado) · WSDOT"}},{"type":"Feature","geometry":{"type":"Point","coordinates":[-122.197491,47.640436]},"properties":{"id":"ora-wa-1080","name":"SR 520 at MP 6.2: 108th Ave NE, North","state":"WA","provider":"WSDOT","hls":null,"snapshot":"https://images.wsdot.wa.gov/nw/520vc00620.jpg","refreshMs":30000,"attribution":"Ora (Warner Varnado) · WSDOT"}},{"type":"Feature","geometry":{"type":"Point","coordinates":[-122.196918,47.640042]},"properties":{"id":"ora-wa-1081","name":"SR 520 at MP 6.2: 108th Ave NE, South","state":"WA","provider":"WSDOT","hls":null,"snapshot":"https://images.wsdot.wa.gov/nw/520vc00624.jpg","refreshMs":30000,"attribution":"Ora (Warner Varnado) · WSDOT"}},{"type":"Feature","geometry":{"type":"Point","coordinates":[-122.190244,47.632598]},"properties":{"id":"ora-wa-1082","name":"SR 520 at MP 6.8: I-405 SW Quad","state":"WA","provider":"WSDOT","hls":null,"snapshot":"https://images.wsdot.wa.gov/nw/520vc00685.jpg","refreshMs":30000,"attribution":"Ora (Warner Varnado) · WSDOT"}},{"type":"Feature","geometry":{"type":"Point","coordinates":[-122.201941,47.642692]},"properties":{"id":"ora-wa-1083","name":"SR 520 at MP 5.9: Bellevue Way NE (Lk Wash Blvd)","state":"WA","provider":"WSDOT","hls":null,"snapshot":"https://images.wsdot.wa.gov/nw/520vc00593.jpg","refreshMs":30000,"attribution":"Ora (Warner Varnado) · WSDOT"}},{"type":"Feature","geometry":{"type":"Point","coordinates":[-122.186416,47.631932]},"properties":{"id":"ora-wa-1084","name":"SR 520 at MP 7: I-405 SE Quad","state":"WA","provider":"WSDOT","hls":null,"snapshot":"https://images.wsdot.wa.gov/nw/520vc00701.jpg","refreshMs":30000,"attribution":"Ora (Warner Varnado) · WSDOT"}},{"type":"Feature","geometry":{"type":"Point","coordinates":[-122.174335,47.630342]},"properties":{"id":"ora-wa-1085","name":"SR 520 at MP 7.6: 124th Ave NE","state":"WA","provider":"WSDOT","hls":null,"snapshot":"https://images.wsdot.wa.gov/nw/520vc00760.jpg","refreshMs":30000,"attribution":"Ora (Warner Varnado) · WSDOT"}},{"type":"Feature","geometry":{"type":"Point","coordinates":[-122.17296,47.629967]},"properties":{"id":"ora-wa-1086","name":"SR 520 at MP 7.6: 126th Ave NE","state":"WA","provider":"WSDOT","hls":null,"snapshot":"https://images.wsdot.wa.gov/nw/520vc00767.jpg","refreshMs":30000,"attribution":"Ora (Warner Varnado) · WSDOT"}},{"type":"Feature","geometry":{"type":"Point","coordinates":[-122.166019,47.629985]},"properties":{"id":"ora-wa-1087","name":"SR 520 at MP 8: 130th Ave NE","state":"WA","provider":"WSDOT","hls":null,"snapshot":"https://images.wsdot.wa.gov/nw/520vc00800.jpg","refreshMs":30000,"attribution":"Ora (Warner Varnado) · WSDOT"}},{"type":"Feature","geometry":{"type":"Point","coordinates":[-122.152869,47.629708]},"properties":{"id":"ora-wa-1088","name":"SR 520 at MP 8.6: 140th Ave NE","state":"WA","provider":"WSDOT","hls":null,"snapshot":"https://images.wsdot.wa.gov/nw/520vc00861.jpg","refreshMs":30000,"attribution":"Ora (Warner Varnado) · WSDOT"}},{"type":"Feature","geometry":{"type":"Point","coordinates":[-122.143068,47.634337]},"properties":{"id":"ora-wa-1089","name":"SR 520 at MP 9.1: 148th Ave NE","state":"WA","provider":"WSDOT","hls":null,"snapshot":"https://images.wsdot.wa.gov/nw/520vc00918.jpg","refreshMs":30000,"attribution":"Ora (Warner Varnado) · WSDOT"}},{"type":"Feature","geometry":{"type":"Point","coordinates":[-122.134964,47.640061]},"properties":{"id":"ora-wa-1090","name":"SR 520 at MP 9.7: NE 36th St","state":"WA","provider":"WSDOT","hls":null,"snapshot":"https://images.wsdot.wa.gov/nw/520vc00972.jpg","refreshMs":30000,"attribution":"Ora (Warner Varnado) · WSDOT"}},{"type":"Feature","geometry":{"type":"Point","coordinates":[-122.143314,47.63337]},"properties":{"id":"ora-wa-1091","name":"SR 520 @ MP 9.1: 148th Ave NE, EB Ramps","state":"WA","provider":"WSDOT","hls":null,"snapshot":"https://images.wsdot.wa.gov/nw/520vc00912.jpg","refreshMs":30000,"attribution":"Ora (Warner Varnado) · WSDOT"}},{"type":"Feature","geometry":{"type":"Point","coordinates":[-122.134581,47.645935]},"properties":{"id":"ora-wa-1092","name":"SR 520 at MP 10.1: NE 40th St","state":"WA","provider":"WSDOT","hls":null,"snapshot":"https://images.wsdot.wa.gov/nw/520vc01012.jpg","refreshMs":30000,"attribution":"Ora (Warner Varnado) · WSDOT"}},{"type":"Feature","geometry":{"type":"Point","coordinates":[-122.135353,47.645991]},"properties":{"id":"ora-wa-1093","name":"SR 520 @ MP 10.1: NE 40th St, WB Ramps","state":"WA","provider":"WSDOT","hls":null,"snapshot":"https://images.wsdot.wa.gov/nw/520vc01013.jpg","refreshMs":30000,"attribution":"Ora (Warner Varnado) · WSDOT"}},{"type":"Feature","geometry":{"type":"Point","coordinates":[-122.129498,47.666503]},"properties":{"id":"ora-wa-1094","name":"SR 520 at MP 11.6: W Lk Sammamish Pkwy","state":"WA","provider":"WSDOT","hls":null,"snapshot":"https://images.wsdot.wa.gov/nw/520vc01169.jpg","refreshMs":30000,"attribution":"Ora (Warner Varnado) · WSDOT"}},{"type":"Feature","geometry":{"type":"Point","coordinates":[-122.126648,47.667143]},"properties":{"id":"ora-wa-1095","name":"SR 520 at MP 11.8: W Lake Sammamish, EB Ramps","state":"WA","provider":"WSDOT","hls":null,"snapshot":"https://images.wsdot.wa.gov/nw/520vc01183.jpg","refreshMs":30000,"attribution":"Ora (Warner Varnado) · WSDOT"}},{"type":"Feature","geometry":{"type":"Point","coordinates":[-122.137378,47.654277]},"properties":{"id":"ora-wa-1096","name":"SR 520 at MP 10.7: NE 51st St, EB Ramps","state":"WA","provider":"WSDOT","hls":null,"snapshot":"https://images.wsdot.wa.gov/nw/520vc01074.jpg","refreshMs":30000,"attribution":"Ora (Warner Varnado) · WSDOT"}},{"type":"Feature","geometry":{"type":"Point","coordinates":[-122.138186,47.654572]},"properties":{"id":"ora-wa-1097","name":"SR 520 at MP 10.7: NE 51st St","state":"WA","provider":"WSDOT","hls":null,"snapshot":"https://images.wsdot.wa.gov/nw/520vc01075.jpg","refreshMs":30000,"attribution":"Ora (Warner Varnado) · WSDOT"}},{"type":"Feature","geometry":{"type":"Point","coordinates":[-122.126448,47.667288]},"properties":{"id":"ora-wa-1098","name":"SR 520 at MP 11.8: W Lake Sammamish, WB Ramps","state":"WA","provider":"WSDOT","hls":null,"snapshot":"https://images.wsdot.wa.gov/nw/520vc01184.jpg","refreshMs":30000,"attribution":"Ora (Warner Varnado) · WSDOT"}},{"type":"Feature","geometry":{"type":"Point","coordinates":[-122.118001,47.66713]},"properties":{"id":"ora-wa-1099","name":"SR 520 at MP 12.2: Marymoor Park","state":"WA","provider":"WSDOT","hls":null,"snapshot":"https://images.wsdot.wa.gov/nw/520vc01225.jpg","refreshMs":30000,"attribution":"Ora (Warner Varnado) · WSDOT"}},{"type":"Feature","geometry":{"type":"Point","coordinates":[-122.107084,47.669948]},"properties":{"id":"ora-wa-1100","name":"SR 520 at MP 12.8: Redmond Way","state":"WA","provider":"WSDOT","hls":null,"snapshot":"https://images.wsdot.wa.gov/nw/520vc01283.jpg","refreshMs":30000,"attribution":"Ora (Warner Varnado) · WSDOT"}},{"type":"Feature","geometry":{"type":"Point","coordinates":[-122.31765,47.682639]},"properties":{"id":"ora-wa-1101","name":"SR 522 at MP 0.3: I-5 Ramps","state":"WA","provider":"WSDOT","hls":null,"snapshot":"https://images.wsdot.wa.gov/nw/522vc00034.jpg","refreshMs":30000,"attribution":"Ora (Warner Varnado) · WSDOT"}},{"type":"Feature","geometry":{"type":"Point","coordinates":[-122.31565,47.684152]},"properties":{"id":"ora-wa-1102","name":"SR 522 at MP 0.4: Roosevelt Tunnel","state":"WA","provider":"WSDOT","hls":null,"snapshot":"https://images.wsdot.wa.gov/nw/522vc00048.jpg","refreshMs":30000,"attribution":"Ora (Warner Varnado) · WSDOT"}},{"type":"Feature","geometry":{"type":"Point","coordinates":[-122.289382,47.739843]},"properties":{"id":"ora-wa-1103","name":"SR 522 at MP 4.6: NE 153rd St","state":"WA","provider":"WSDOT","hls":null,"snapshot":"https://images.wsdot.wa.gov/nw/522vc00467.jpg","refreshMs":30000,"attribution":"Ora (Warner Varnado) · WSDOT"}},{"type":"Feature","geometry":{"type":"Point","coordinates":[-122.276393,47.753571]},"properties":{"id":"ora-wa-1104","name":"SR 522 at MP 5.8: Ballinger Way (SR 104)","state":"WA","provider":"WSDOT","hls":null,"snapshot":"https://images.wsdot.wa.gov/nw/522vc00585.jpg","refreshMs":30000,"attribution":"Ora (Warner Varnado) · WSDOT"}},{"type":"Feature","geometry":{"type":"Point","coordinates":[-122.284255,47.749129]},"properties":{"id":"ora-wa-1105","name":"SR 522 at MP 5.3: NE 165th St","state":"WA","provider":"WSDOT","hls":null,"snapshot":"https://images.wsdot.wa.gov/nw/522vc00536.jpg","refreshMs":30000,"attribution":"Ora (Warner Varnado) · WSDOT"}},{"type":"Feature","geometry":{"type":"Point","coordinates":[-122.249756,47.758387]},"properties":{"id":"ora-wa-1106","name":"SR 522 at MP 7.2: 68th Ave","state":"WA","provider":"WSDOT","hls":null,"snapshot":"https://images.wsdot.wa.gov/nw/522vc00721.jpg","refreshMs":30000,"attribution":"Ora (Warner Varnado) · WSDOT"}},{"type":"Feature","geometry":{"type":"Point","coordinates":[-122.262372,47.758355]},"properties":{"id":"ora-wa-1107","name":"SR 522 at MP 6.6: 61st Ave NE","state":"WA","provider":"WSDOT","hls":null,"snapshot":"https://images.wsdot.wa.gov/nw/522vc00661.jpg","refreshMs":30000,"attribution":"Ora (Warner Varnado) · WSDOT"}},{"type":"Feature","geometry":{"type":"Point","coordinates":[-122.243461,47.757397]},"properties":{"id":"ora-wa-1108","name":"SR 522 at MP 7.5: 73rd Ave NE","state":"WA","provider":"WSDOT","hls":null,"snapshot":"https://images.wsdot.wa.gov/nw/522vc00750.jpg","refreshMs":30000,"attribution":"Ora (Warner Varnado) · WSDOT"}},{"type":"Feature","geometry":{"type":"Point","coordinates":[-122.237192,47.756362]},"properties":{"id":"ora-wa-1109","name":"SR 522 at MP 7.8: 77th Ct NE","state":"WA","provider":"WSDOT","hls":null,"snapshot":"https://images.wsdot.wa.gov/nw/522vc00781.jpg","refreshMs":30000,"attribution":"Ora (Warner Varnado) · WSDOT"}},{"type":"Feature","geometry":{"type":"Point","coordinates":[-122.234141,47.755847]},"properties":{"id":"ora-wa-1110","name":"SR 522 at MP 7.9: 80th Ave NE","state":"WA","provider":"WSDOT","hls":null,"snapshot":"https://images.wsdot.wa.gov/nw/522vc00796.jpg","refreshMs":30000,"attribution":"Ora (Warner Varnado) · WSDOT"}},{"type":"Feature","geometry":{"type":"Point","coordinates":[-122.230052,47.754447]},"properties":{"id":"ora-wa-1111","name":"SR 522 at MP 8.1: 83rd Pl NE","state":"WA","provider":"WSDOT","hls":null,"snapshot":"https://images.wsdot.wa.gov/nw/522vc00816.jpg","refreshMs":30000,"attribution":"Ora (Warner Varnado) · WSDOT"}},{"type":"Feature","geometry":{"type":"Point","coordinates":[-122.194456,47.755382]},"properties":{"id":"ora-wa-1112","name":"SR 522 at MP 10.5: S Campus Way","state":"WA","provider":"WSDOT","hls":null,"snapshot":"https://images.wsdot.wa.gov/nw/522vc01056.jpg","refreshMs":30000,"attribution":"Ora (Warner Varnado) · WSDOT"}},{"type":"Feature","geometry":{"type":"Point","coordinates":[-122.163864,47.758133]},"properties":{"id":"ora-wa-1113","name":"SR 522 at MP 12: SR 202 Interchange","state":"WA","provider":"WSDOT","hls":null,"snapshot":"https://images.wsdot.wa.gov/nw/522vc01207.jpg","refreshMs":30000,"attribution":"Ora (Warner Varnado) · WSDOT"}},{"type":"Feature","geometry":{"type":"Point","coordinates":[-122.155864,47.76875]},"properties":{"id":"ora-wa-1114","name":"SR 522 at MP 12.9: NE 195th St","state":"WA","provider":"WSDOT","hls":null,"snapshot":"https://images.wsdot.wa.gov/nw/522vc01293.jpg","refreshMs":30000,"attribution":"Ora (Warner Varnado) · WSDOT"}},{"type":"Feature","geometry":{"type":"Point","coordinates":[-122.144719,47.782576]},"properties":{"id":"ora-wa-1115","name":"SR 522 at MP 14: SR 9 Interchange","state":"WA","provider":"WSDOT","hls":null,"snapshot":"https://images.wsdot.wa.gov/nw/522vc01409.jpg","refreshMs":30000,"attribution":"Ora (Warner Varnado) · WSDOT"}},{"type":"Feature","geometry":{"type":"Point","coordinates":[-122.111551,47.801683]},"properties":{"id":"ora-wa-1116","name":"SR 522 at MP 16.5: Paradise Lake Rd","state":"WA","provider":"WSDOT","hls":null,"snapshot":"https://images.wsdot.wa.gov/nw/522vc01657.jpg","refreshMs":30000,"attribution":"Ora (Warner Varnado) · WSDOT"}},{"type":"Feature","geometry":{"type":"Point","coordinates":[-122.079439,47.812987]},"properties":{"id":"ora-wa-1117","name":"SR 522 at MP 18.4: Echo Lake Rd","state":"WA","provider":"WSDOT","hls":null,"snapshot":"https://images.wsdot.wa.gov/nw/522vc01849.jpg","refreshMs":30000,"attribution":"Ora (Warner Varnado) · WSDOT"}},{"type":"Feature","geometry":{"type":"Point","coordinates":[-122.071656,47.815606]},"properties":{"id":"ora-wa-1118","name":"SR 522 at MP 18.9: Fales Rd","state":"WA","provider":"WSDOT","hls":null,"snapshot":"https://images.wsdot.wa.gov/nw/522vc01890.jpg","refreshMs":30000,"attribution":"Ora (Warner Varnado) · WSDOT"}},{"type":"Feature","geometry":{"type":"Point","coordinates":[-122.054162,47.830639]},"properties":{"id":"ora-wa-1119","name":"SR 522 at MP 20.2: Elliott Rd","state":"WA","provider":"WSDOT","hls":null,"snapshot":"https://images.wsdot.wa.gov/nw/522vc02029.jpg","refreshMs":30000,"attribution":"Ora (Warner Varnado) · WSDOT"}},{"type":"Feature","geometry":{"type":"Point","coordinates":[-122.031919,47.829372]},"properties":{"id":"ora-wa-1120","name":"SR 522 at MP 21.3: 149th Ave SE","state":"WA","provider":"WSDOT","hls":null,"snapshot":"https://images.wsdot.wa.gov/nw/522vc02137.jpg","refreshMs":30000,"attribution":"Ora (Warner Varnado) · WSDOT"}},{"type":"Feature","geometry":{"type":"Point","coordinates":[-122.018226,47.836657]},"properties":{"id":"ora-wa-1121","name":"SR 522 at MP 22.1: 159th Ave SE","state":"WA","provider":"WSDOT","hls":null,"snapshot":"https://images.wsdot.wa.gov/nw/522vc02219.jpg","refreshMs":30000,"attribution":"Ora (Warner Varnado) · WSDOT"}},{"type":"Feature","geometry":{"type":"Point","coordinates":[-122.009912,47.847301]},"properties":{"id":"ora-wa-1122","name":"SR 522 at MP 23: W Main St","state":"WA","provider":"WSDOT","hls":null,"snapshot":"https://images.wsdot.wa.gov/nw/522vc02302.jpg","refreshMs":30000,"attribution":"Ora (Warner Varnado) · WSDOT"}},{"type":"Feature","geometry":{"type":"Point","coordinates":[-121.995285,47.854624]},"properties":{"id":"ora-wa-1123","name":"SR 522 at MP 23.8: 175th Ave SE","state":"WA","provider":"WSDOT","hls":null,"snapshot":"https://images.wsdot.wa.gov/nw/522vc02387.jpg","refreshMs":30000,"attribution":"Ora (Warner Varnado) · WSDOT"}},{"type":"Feature","geometry":{"type":"Point","coordinates":[-121.983023,47.863043]},"properties":{"id":"ora-wa-1124","name":"SR 522 at MP 24.7: US 2 Interchange","state":"WA","provider":"WSDOT","hls":null,"snapshot":"https://images.wsdot.wa.gov/nw/522vc02474.jpg","refreshMs":30000,"attribution":"Ora (Warner Varnado) · WSDOT"}},{"type":"Feature","geometry":{"type":"Point","coordinates":[-122.273889,47.842981]},"properties":{"id":"ora-wa-1125","name":"SR 525 at MP 0.9: Alderwood Mall Pkwy","state":"WA","provider":"WSDOT","hls":null,"snapshot":"https://images.wsdot.wa.gov/nw/525vc00091.jpg","refreshMs":30000,"attribution":"Ora (Warner Varnado) · WSDOT"}},{"type":"Feature","geometry":{"type":"Point","coordinates":[-122.274235,47.850134]},"properties":{"id":"ora-wa-1126","name":"SR 525 at MP 1.4: 164th St SW","state":"WA","provider":"WSDOT","hls":null,"snapshot":"https://images.wsdot.wa.gov/nw/525vc00141.jpg","refreshMs":30000,"attribution":"Ora (Warner Varnado) · WSDOT"}},{"type":"Feature","geometry":{"type":"Point","coordinates":[-122.273057,47.83828]},"properties":{"id":"ora-wa-1127","name":"SR 525 at MP .5: Alderwood Mall Parkway, SB","state":"WA","provider":"WSDOT","hls":null,"snapshot":"https://images.wsdot.wa.gov/nw/525vc00058.jpg","refreshMs":30000,"attribution":"Ora (Warner Varnado) · WSDOT"}},{"type":"Feature","geometry":{"type":"Point","coordinates":[-122.270946,47.841632]},"properties":{"id":"ora-wa-1128","name":"SR 525 at MP 0.8: Alderwood Pkwy, NB Ramps","state":"WA","provider":"WSDOT","hls":null,"snapshot":"https://images.wsdot.wa.gov/nw/525vc00087.jpg","refreshMs":30000,"attribution":"Ora (Warner Varnado) · WSDOT"}},{"type":"Feature","geometry":{"type":"Point","coordinates":[-122.274566,47.864025]},"properties":{"id":"ora-wa-1129","name":"SR 525 at MP 2.3: 148th St SW","state":"WA","provider":"WSDOT","hls":null,"snapshot":"https://images.wsdot.wa.gov/nw/525vc00237.jpg","refreshMs":30000,"attribution":"Ora (Warner Varnado) · WSDOT"}},{"type":"Feature","geometry":{"type":"Point","coordinates":[-122.277287,47.870755]},"properties":{"id":"ora-wa-1130","name":"SR 525 at MP 2.8: SR 99 Interchange","state":"WA","provider":"WSDOT","hls":null,"snapshot":"https://images.wsdot.wa.gov/nw/525vc00285.jpg","refreshMs":30000,"attribution":"Ora (Warner Varnado) · WSDOT"}},{"type":"Feature","geometry":{"type":"Point","coordinates":[-122.279688,47.882299]},"properties":{"id":"ora-wa-1131","name":"SR 525 at MP 3.5: Beverly Park Rd","state":"WA","provider":"WSDOT","hls":null,"snapshot":"https://images.wsdot.wa.gov/nw/525vc00353.jpg","refreshMs":30000,"attribution":"Ora (Warner Varnado) · WSDOT"}},{"type":"Feature","geometry":{"type":"Point","coordinates":[-122.284764,47.889682]},"properties":{"id":"ora-wa-1132","name":"SR 525 at MP 4: Harbour Pt Bvd S","state":"WA","provider":"WSDOT","hls":null,"snapshot":"https://images.wsdot.wa.gov/nw/525vc00409.jpg","refreshMs":30000,"attribution":"Ora (Warner Varnado) · WSDOT"}},{"type":"Feature","geometry":{"type":"Point","coordinates":[-122.291075,47.898859]},"properties":{"id":"ora-wa-1133","name":"SR 525 at MP 4.8: Chennault Bch Rd","state":"WA","provider":"WSDOT","hls":null,"snapshot":"https://images.wsdot.wa.gov/nw/525vc00480.jpg","refreshMs":30000,"attribution":"Ora (Warner Varnado) · WSDOT"}},{"type":"Feature","geometry":{"type":"Point","coordinates":[-122.292934,47.904931]},"properties":{"id":"ora-wa-1134","name":"SR 525 at MP 5.2: Harbour Pt Bvd N","state":"WA","provider":"WSDOT","hls":null,"snapshot":"https://images.wsdot.wa.gov/nw/525vc00524.jpg","refreshMs":30000,"attribution":"Ora (Warner Varnado) · WSDOT"}},{"type":"Feature","geometry":{"type":"Point","coordinates":[-122.293173,47.910221]},"properties":{"id":"ora-wa-1135","name":"SR 525 at MP 5.5: Paine Field Blvd","state":"WA","provider":"WSDOT","hls":null,"snapshot":"https://images.wsdot.wa.gov/nw/525vc00559.jpg","refreshMs":30000,"attribution":"Ora (Warner Varnado) · WSDOT"}},{"type":"Feature","geometry":{"type":"Point","coordinates":[-122.304123,47.947992]},"properties":{"id":"ora-wa-1136","name":"SR 525 at MP 8.4: Lighthouse","state":"WA","provider":"WSDOT","hls":null,"snapshot":"https://images.wsdot.wa.gov/nw/525vc00843.jpg","refreshMs":30000,"attribution":"Ora (Warner Varnado) · WSDOT"}},{"type":"Feature","geometry":{"type":"Point","coordinates":[-122.271826,47.922064]},"properties":{"id":"ora-wa-1137","name":"SR 526 at MP 1.4: Airport Rd, WB","state":"WA","provider":"WSDOT","hls":null,"snapshot":"https://images.wsdot.wa.gov/nw/526vc00145.jpg","refreshMs":30000,"attribution":"Ora (Warner Varnado) · WSDOT"}},{"type":"Feature","geometry":{"type":"Point","coordinates":[-122.271608,47.922067]},"properties":{"id":"ora-wa-1138","name":"SR 526 at MP 1.4: Airport Rd, EB","state":"WA","provider":"WSDOT","hls":null,"snapshot":"https://images.wsdot.wa.gov/nw/526vc00146.jpg","refreshMs":30000,"attribution":"Ora (Warner Varnado) · WSDOT"}},{"type":"Feature","geometry":{"type":"Point","coordinates":[-122.226155,47.922903]},"properties":{"id":"ora-wa-1139","name":"SR 526 at MP 3.5: Evergreen Way","state":"WA","provider":"WSDOT","hls":null,"snapshot":"https://images.wsdot.wa.gov/nw/526vc00358.jpg","refreshMs":30000,"attribution":"Ora (Warner Varnado) · WSDOT"}},{"type":"Feature","geometry":{"type":"Point","coordinates":[-122.240603,47.923342]},"properties":{"id":"ora-wa-1140","name":"SR 526 at MP 2.9: 9th Ave W","state":"WA","provider":"WSDOT","hls":null,"snapshot":"https://images.wsdot.wa.gov/nw/526vc00264.jpg","refreshMs":30000,"attribution":"Ora (Warner Varnado) · WSDOT"}},{"type":"Feature","geometry":{"type":"Point","coordinates":[-122.217491,47.84955]},"properties":{"id":"ora-wa-1141","name":"SR 527 at MP 6.6: 164th St SE","state":"WA","provider":"WSDOT","hls":null,"snapshot":"https://images.wsdot.wa.gov/nw/527vc00662.jpg","refreshMs":30000,"attribution":"Ora (Warner Varnado) · WSDOT"}},{"type":"Feature","geometry":{"type":"Point","coordinates":[-122.218952,47.859214]},"properties":{"id":"ora-wa-1142","name":"SR 527 at MP 7.2: 153rd St SE","state":"WA","provider":"WSDOT","hls":null,"snapshot":"https://images.wsdot.wa.gov/nw/527vc00729.jpg","refreshMs":30000,"attribution":"Ora (Warner Varnado) · WSDOT"}},{"type":"Feature","geometry":{"type":"Point","coordinates":[-122.21759,47.871175]},"properties":{"id":"ora-wa-1143","name":"SR 527 at MP 8.1: Trillium Blvd","state":"WA","provider":"WSDOT","hls":null,"snapshot":"https://images.wsdot.wa.gov/nw/527vc00813.jpg","refreshMs":30000,"attribution":"Ora (Warner Varnado) · WSDOT"}},{"type":"Feature","geometry":{"type":"Point","coordinates":[-122.206963,47.878304]},"properties":{"id":"ora-wa-1144","name":"SR 527 at MP 8.8: 132nd St SE / SR 96","state":"WA","provider":"WSDOT","hls":null,"snapshot":"https://images.wsdot.wa.gov/nw/527vc00886.jpg","refreshMs":30000,"attribution":"Ora (Warner Varnado) · WSDOT"}},{"type":"Feature","geometry":{"type":"Point","coordinates":[-122.206675,47.887573]},"properties":{"id":"ora-wa-1145","name":"SR 527 at MP 9.5: 121st St SE","state":"WA","provider":"WSDOT","hls":null,"snapshot":"https://images.wsdot.wa.gov/nw/527vc00950.jpg","refreshMs":30000,"attribution":"Ora (Warner Varnado) · WSDOT"}},{"type":"Feature","geometry":{"type":"Point","coordinates":[-122.203688,47.89272]},"properties":{"id":"ora-wa-1146","name":"SR 527 at MP 9.9: 116th St SE","state":"WA","provider":"WSDOT","hls":null,"snapshot":"https://images.wsdot.wa.gov/nw/527vc00990.jpg","refreshMs":30000,"attribution":"Ora (Warner Varnado) · WSDOT"}},{"type":"Feature","geometry":{"type":"Point","coordinates":[-122.206775,47.897195]},"properties":{"id":"ora-wa-1147","name":"SR 527 at MP 10.3: 112th St SE","state":"WA","provider":"WSDOT","hls":null,"snapshot":"https://images.wsdot.wa.gov/nw/527vc01039.jpg","refreshMs":30000,"attribution":"Ora (Warner Varnado) · WSDOT"}},{"type":"Feature","geometry":{"type":"Point","coordinates":[-122.187744,48.016904]},"properties":{"id":"ora-wa-1148","name":"SR 529 at MP 4.1: Snohomish River South","state":"WA","provider":"WSDOT","hls":null,"snapshot":"https://images.wsdot.wa.gov/nw/529vc00416.jpg","refreshMs":30000,"attribution":"Ora (Warner Varnado) · WSDOT"}},{"type":"Feature","geometry":{"type":"Point","coordinates":[-122.187394,48.017253]},"properties":{"id":"ora-wa-1149","name":"SR 529 at MP 4.1: Snohomish River North","state":"WA","provider":"WSDOT","hls":null,"snapshot":"https://images.wsdot.wa.gov/nw/529vc00419.jpg","refreshMs":30000,"attribution":"Ora (Warner Varnado) · WSDOT"}},{"type":"Feature","geometry":{"type":"Point","coordinates":[-122.181563,48.042505]},"properties":{"id":"ora-wa-1150","name":"SR 529 at MP 6: I-5 SB Ramps","state":"WA","provider":"WSDOT","hls":null,"snapshot":"https://images.wsdot.wa.gov/nw/529vc00604.jpg","refreshMs":30000,"attribution":"Ora (Warner Varnado) · WSDOT"}},{"type":"Feature","geometry":{"type":"Point","coordinates":[-122.179536,48.0452]},"properties":{"id":"ora-wa-1151","name":"SR 529 at MP 6.2: I-5/SR 529 RAB","state":"WA","provider":"WSDOT","hls":null,"snapshot":"https://images.wsdot.wa.gov/nw/529vc00619.jpg","refreshMs":30000,"attribution":"Ora (Warner Varnado) · WSDOT"}},{"type":"Feature","geometry":{"type":"Point","coordinates":[-122.195713,48.188101]},"properties":{"id":"ora-wa-1152","name":"SR 530 at MP 17.3: Smokey Pt Blvd","state":"WA","provider":"WSDOT","hls":null,"snapshot":"https://images.wsdot.wa.gov/nw/530vc01730.jpg","refreshMs":30000,"attribution":"Ora (Warner Varnado) · WSDOT"}},{"type":"Feature","geometry":{"type":"Point","coordinates":[-122.193516,48.152162]},"properties":{"id":"ora-wa-1153","name":"SR 531 at MP 6.1: 27th Ave NE","state":"WA","provider":"WSDOT","hls":null,"snapshot":"https://images.wsdot.wa.gov/nw/531vc00614.jpg","refreshMs":30000,"attribution":"Ora (Warner Varnado) · WSDOT"}},{"type":"Feature","geometry":{"type":"Point","coordinates":[-122.182957,48.15241]},"properties":{"id":"ora-wa-1154","name":"SR 531 at MP 6.6: Smokey Point Blvd","state":"WA","provider":"WSDOT","hls":null,"snapshot":"https://images.wsdot.wa.gov/nw/531vc00663.jpg","refreshMs":30000,"attribution":"Ora (Warner Varnado) · WSDOT"}},{"type":"Feature","geometry":{"type":"Point","coordinates":[-122.172281,48.152284]},"properties":{"id":"ora-wa-1155","name":"SR 531 at MP 7.1: 43rd Ave NE","state":"WA","provider":"WSDOT","hls":null,"snapshot":"https://images.wsdot.wa.gov/nw/531vc00721.jpg","refreshMs":30000,"attribution":"Ora (Warner Varnado) · WSDOT"}},{"type":"Feature","geometry":{"type":"Point","coordinates":[-122.176634,48.152318]},"properties":{"id":"ora-wa-1156","name":"SR 531 at MP 6.9: 40th Ave NE","state":"WA","provider":"WSDOT","hls":null,"snapshot":"https://images.wsdot.wa.gov/nw/531vc00692.jpg","refreshMs":30000,"attribution":"Ora (Warner Varnado) · WSDOT"}},{"type":"Feature","geometry":{"type":"Point","coordinates":[-122.161601,48.152117]},"properties":{"id":"ora-wa-1157","name":"SR 531 at MP 7.6: 51st Ave. NE","state":"WA","provider":"WSDOT","hls":null,"snapshot":"https://images.wsdot.wa.gov/nw/531vc00762.jpg","refreshMs":30000,"attribution":"Ora (Warner Varnado) · WSDOT"}},{"type":"Feature","geometry":{"type":"Point","coordinates":[-122.150988,48.152048]},"properties":{"id":"ora-wa-1158","name":"SR 531 at MP 8.1: 59th Ave. NE","state":"WA","provider":"WSDOT","hls":null,"snapshot":"https://images.wsdot.wa.gov/nw/531vc00811.jpg","refreshMs":30000,"attribution":"Ora (Warner Varnado) · WSDOT"}},{"type":"Feature","geometry":{"type":"Point","coordinates":[-122.140593,48.151907]},"properties":{"id":"ora-wa-1159","name":"SR 531 at MP 8.5: 67th Ave. NE","state":"WA","provider":"WSDOT","hls":null,"snapshot":"https://images.wsdot.wa.gov/nw/531vc00859.jpg","refreshMs":30000,"attribution":"Ora (Warner Varnado) · WSDOT"}},{"type":"Feature","geometry":{"type":"Point","coordinates":[-122.455244,48.240028]},"properties":{"id":"ora-wa-1160","name":"SR 532 at MP 0: Sunrise Blvd","state":"WA","provider":"WSDOT","hls":null,"snapshot":"https://images.wsdot.wa.gov/nw/532vc00000.jpg","refreshMs":30000,"attribution":"Ora (Warner Varnado) · WSDOT"}},{"type":"Feature","geometry":{"type":"Point","coordinates":[-122.384642,48.240084]},"properties":{"id":"ora-wa-1161","name":"SR 532 at MP 3.3: Stillaguamish River","state":"WA","provider":"WSDOT","hls":null,"snapshot":"https://images.wsdot.wa.gov/nw/532vc00337.jpg","refreshMs":30000,"attribution":"Ora (Warner Varnado) · WSDOT"}},{"type":"Feature","geometry":{"type":"Point","coordinates":[-122.371087,48.24106]},"properties":{"id":"ora-wa-1162","name":"SR 532 at MP 4: 102nd Ave NW","state":"WA","provider":"WSDOT","hls":null,"snapshot":"https://images.wsdot.wa.gov/nw/532vc00401.jpg","refreshMs":30000,"attribution":"Ora (Warner Varnado) · WSDOT"}},{"type":"Feature","geometry":{"type":"Point","coordinates":[-122.357561,48.239916]},"properties":{"id":"ora-wa-1163","name":"SR 532 at MP 4.6: 92nd Ave NW","state":"WA","provider":"WSDOT","hls":null,"snapshot":"https://images.wsdot.wa.gov/nw/532vc00464.jpg","refreshMs":30000,"attribution":"Ora (Warner Varnado) · WSDOT"}},{"type":"Feature","geometry":{"type":"Point","coordinates":[-122.348477,48.239895]},"properties":{"id":"ora-wa-1164","name":"SR 532 at MP 5: 88th Ave NW","state":"WA","provider":"WSDOT","hls":null,"snapshot":"https://images.wsdot.wa.gov/nw/532vc00506.jpg","refreshMs":30000,"attribution":"Ora (Warner Varnado) · WSDOT"}},{"type":"Feature","geometry":{"type":"Point","coordinates":[-122.344151,48.239885]},"properties":{"id":"ora-wa-1165","name":"SR 532 at MP 5.2: Pioneer Hwy","state":"WA","provider":"WSDOT","hls":null,"snapshot":"https://images.wsdot.wa.gov/nw/532vc00526.jpg","refreshMs":30000,"attribution":"Ora (Warner Varnado) · WSDOT"}},{"type":"Feature","geometry":{"type":"Point","coordinates":[-122.330722,48.239724]},"properties":{"id":"ora-wa-1166","name":"SR 532 at MP 5.8: 72nd Ave NW","state":"WA","provider":"WSDOT","hls":null,"snapshot":"https://images.wsdot.wa.gov/nw/532vc00588.jpg","refreshMs":30000,"attribution":"Ora (Warner Varnado) · WSDOT"}},{"type":"Feature","geometry":{"type":"Point","coordinates":[-122.319544,48.237345]},"properties":{"id":"ora-wa-1167","name":"SR 532 at MP 6.4: 64th Ave NW","state":"WA","provider":"WSDOT","hls":null,"snapshot":"https://images.wsdot.wa.gov/nw/532vc00643.jpg","refreshMs":30000,"attribution":"Ora (Warner Varnado) · WSDOT"}},{"type":"Feature","geometry":{"type":"Point","coordinates":[-122.378908,48.436524]},"properties":{"id":"ora-wa-1168","name":"SR 536 at MP 2.6: Avon Allen Rd","state":"WA","provider":"WSDOT","hls":null,"snapshot":"https://images.wsdot.wa.gov/nw/536vc00264.jpg","refreshMs":30000,"attribution":"Ora (Warner Varnado) · WSDOT"}},{"type":"Feature","geometry":{"type":"Point","coordinates":[-122.48608,48.783622]},"properties":{"id":"ora-wa-1169","name":"SR 539 at MP 0: I-5 NB Ramps","state":"WA","provider":"WSDOT","hls":null,"snapshot":"https://images.wsdot.wa.gov/nw/539vc00006.jpg","refreshMs":30000,"attribution":"Ora (Warner Varnado) · WSDOT"}},{"type":"Feature","geometry":{"type":"Point","coordinates":[-122.485977,48.818462]},"properties":{"id":"ora-wa-1170","name":"SR 539 at MP 2.4: Kelly Rd","state":"WA","provider":"WSDOT","hls":null,"snapshot":"https://images.wsdot.wa.gov/nw/539vc00247.jpg","refreshMs":30000,"attribution":"Ora (Warner Varnado) · WSDOT"}},{"type":"Feature","geometry":{"type":"Point","coordinates":[-122.48595,48.833488]},"properties":{"id":"ora-wa-1171","name":"SR 539 at MP 3.5: Smith Rd","state":"WA","provider":"WSDOT","hls":null,"snapshot":"https://images.wsdot.wa.gov/nw/539vc00351.jpg","refreshMs":30000,"attribution":"Ora (Warner Varnado) · WSDOT"}},{"type":"Feature","geometry":{"type":"Point","coordinates":[-122.485977,48.84785]},"properties":{"id":"ora-wa-1172","name":"SR 539 at MP 4.5: Axton Rd","state":"WA","provider":"WSDOT","hls":null,"snapshot":"https://images.wsdot.wa.gov/nw/539vc00450.jpg","refreshMs":30000,"attribution":"Ora (Warner Varnado) · WSDOT"}},{"type":"Feature","geometry":{"type":"Point","coordinates":[-122.485953,48.855139]},"properties":{"id":"ora-wa-1173","name":"SR 539 at MP 5: Laurel Rd","state":"WA","provider":"WSDOT","hls":null,"snapshot":"https://images.wsdot.wa.gov/nw/539vc00500.jpg","refreshMs":30000,"attribution":"Ora (Warner Varnado) · WSDOT"}},{"type":"Feature","geometry":{"type":"Point","coordinates":[-122.485838,48.869366]},"properties":{"id":"ora-wa-1174","name":"SR 539 at MP 5.9: Ten Mile Rd","state":"WA","provider":"WSDOT","hls":null,"snapshot":"https://images.wsdot.wa.gov/nw/539vc00598.jpg","refreshMs":30000,"attribution":"Ora (Warner Varnado) · WSDOT"}},{"type":"Feature","geometry":{"type":"Point","coordinates":[-122.485375,48.891812]},"properties":{"id":"ora-wa-1175","name":"SR 539 at MP 7.5: Pole Rd","state":"WA","provider":"WSDOT","hls":null,"snapshot":"https://images.wsdot.wa.gov/nw/539vc00753.jpg","refreshMs":30000,"attribution":"Ora (Warner Varnado) · WSDOT"}},{"type":"Feature","geometry":{"type":"Point","coordinates":[-122.485532,48.907536]},"properties":{"id":"ora-wa-1176","name":"SR 539 at MP 8.6: Wiser Lake (North)","state":"WA","provider":"WSDOT","hls":null,"snapshot":"https://images.wsdot.wa.gov/nw/539vc00862.jpg","refreshMs":30000,"attribution":"Ora (Warner Varnado) · WSDOT"}},{"type":"Feature","geometry":{"type":"Point","coordinates":[-122.485745,48.920968]},"properties":{"id":"ora-wa-1177","name":"SR 539 at MP 9.5: River Rd","state":"WA","provider":"WSDOT","hls":null,"snapshot":"https://images.wsdot.wa.gov/nw/539vc00955.jpg","refreshMs":30000,"attribution":"Ora (Warner Varnado) · WSDOT"}},{"type":"Feature","geometry":{"type":"Point","coordinates":[-122.485422,48.935415]},"properties":{"id":"ora-wa-1178","name":"SR 539 at MP 10.5: Birch Bay - Lynden Rd","state":"WA","provider":"WSDOT","hls":null,"snapshot":"https://images.wsdot.wa.gov/nw/539vc01055.jpg","refreshMs":30000,"attribution":"Ora (Warner Varnado) · WSDOT"}},{"type":"Feature","geometry":{"type":"Point","coordinates":[-122.485432,48.939126]},"properties":{"id":"ora-wa-1179","name":"SR 539 at MP 10.8: Front St","state":"WA","provider":"WSDOT","hls":null,"snapshot":"https://images.wsdot.wa.gov/nw/539vc01080.jpg","refreshMs":30000,"attribution":"Ora (Warner Varnado) · WSDOT"}},{"type":"Feature","geometry":{"type":"Point","coordinates":[-122.48533,48.946195]},"properties":{"id":"ora-wa-1180","name":"SR 539 at MP 11.2: Main St","state":"WA","provider":"WSDOT","hls":null,"snapshot":"https://images.wsdot.wa.gov/nw/539vc01129.jpg","refreshMs":30000,"attribution":"Ora (Warner Varnado) · WSDOT"}},{"type":"Feature","geometry":{"type":"Point","coordinates":[-122.4852,48.964233]},"properties":{"id":"ora-wa-1181","name":"SR 539 at MP 12.5: Badger Rd","state":"WA","provider":"WSDOT","hls":null,"snapshot":"https://images.wsdot.wa.gov/nw/539vc01254.jpg","refreshMs":30000,"attribution":"Ora (Warner Varnado) · WSDOT"}},{"type":"Feature","geometry":{"type":"Point","coordinates":[-122.485132,48.995074]},"properties":{"id":"ora-wa-1182","name":"SR 539 at MP 14.6: H St Rd","state":"WA","provider":"WSDOT","hls":null,"snapshot":"https://images.wsdot.wa.gov/nw/539vc01467.jpg","refreshMs":30000,"attribution":"Ora (Warner Varnado) · WSDOT"}},{"type":"Feature","geometry":{"type":"Point","coordinates":[-122.485066,49.001224]},"properties":{"id":"ora-wa-1183","name":"SR 539 at MP 15.1: Canadian Border","state":"WA","provider":"WSDOT","hls":null,"snapshot":"https://images.wsdot.wa.gov/nw/539vc01510.jpg","refreshMs":30000,"attribution":"Ora (Warner Varnado) · WSDOT"}},{"type":"Feature","geometry":{"type":"Point","coordinates":[-122.734941,48.990052]},"properties":{"id":"ora-wa-1184","name":"SR 543 at MP 0.2: Boblett St","state":"WA","provider":"WSDOT","hls":null,"snapshot":"https://images.wsdot.wa.gov/nw/543vc00026.jpg","refreshMs":30000,"attribution":"Ora (Warner Varnado) · WSDOT"}},{"type":"Feature","geometry":{"type":"Point","coordinates":[-122.734946,48.994527]},"properties":{"id":"ora-wa-1185","name":"SR 543 at MP 0.5: H St","state":"WA","provider":"WSDOT","hls":null,"snapshot":"https://images.wsdot.wa.gov/nw/543vc00056.jpg","refreshMs":30000,"attribution":"Ora (Warner Varnado) · WSDOT"}},{"type":"Feature","geometry":{"type":"Point","coordinates":[-122.734746,48.997992]},"properties":{"id":"ora-wa-1186","name":"SR 543 at MP 0.8: D St","state":"WA","provider":"WSDOT","hls":null,"snapshot":"https://images.wsdot.wa.gov/nw/543vc00081.jpg","refreshMs":30000,"attribution":"Ora (Warner Varnado) · WSDOT"}},{"type":"Feature","geometry":{"type":"Point","coordinates":[-122.735179,49.000465]},"properties":{"id":"ora-wa-1187","name":"SR 543 at MP 0.9: Duty Free","state":"WA","provider":"WSDOT","hls":null,"snapshot":"https://images.wsdot.wa.gov/nw/543vc00098.jpg","refreshMs":30000,"attribution":"Ora (Warner Varnado) · WSDOT"}},{"type":"Feature","geometry":{"type":"Point","coordinates":[-122.735214,49.000609]},"properties":{"id":"ora-wa-1188","name":"SR 543 at MP 0.9: Truck Spur","state":"WA","provider":"WSDOT","hls":null,"snapshot":"https://images.wsdot.wa.gov/nw/543vc00099.jpg","refreshMs":30000,"attribution":"Ora (Warner Varnado) · WSDOT"}},{"type":"Feature","geometry":{"type":"Point","coordinates":[-122.276499,47.486461]},"properties":{"id":"ora-wa-1189","name":"SR 599 at MP 0.4: S 133rd St","state":"WA","provider":"WSDOT","hls":null,"snapshot":"https://images.wsdot.wa.gov/nw/599vc00041.jpg","refreshMs":30000,"attribution":"Ora (Warner Varnado) · WSDOT"}},{"type":"Feature","geometry":{"type":"Point","coordinates":[-122.287691,47.497582]},"properties":{"id":"ora-wa-1190","name":"SR 599 at MP 1.4: E Marginal Way","state":"WA","provider":"WSDOT","hls":null,"snapshot":"https://images.wsdot.wa.gov/nw/599vc00141.jpg","refreshMs":30000,"attribution":"Ora (Warner Varnado) · WSDOT"}},{"type":"Feature","geometry":{"type":"Point","coordinates":[-122.281989,47.49365]},"properties":{"id":"ora-wa-1191","name":"SR 599 at MP 1: Metro Bus Base","state":"WA","provider":"WSDOT","hls":null,"snapshot":"https://images.wsdot.wa.gov/nw/599vc00100.jpg","refreshMs":30000,"attribution":"Ora (Warner Varnado) · WSDOT"}},{"type":"Feature","geometry":{"type":"Point","coordinates":[-122.275289,46.558534]},"properties":{"id":"ora-wa-1192","name":"SR7 at MP 0.45: Morton (SR508)","state":"WA","provider":"WSDOT","hls":null,"snapshot":"https://home.lewiscounty.com/~mortonwebcam/fullsize.jpg","refreshMs":30000,"attribution":"Ora (Warner Varnado) · WSDOT"}},{"type":"Feature","geometry":{"type":"Point","coordinates":[-122.275619,46.552927]},"properties":{"id":"ora-wa-1193","name":"SR 7 at MP 0: Morton","state":"WA","provider":"WSDOT","hls":null,"snapshot":"https://images.wsdot.wa.gov/sw/007vc00007.jpg","refreshMs":30000,"attribution":"Ora (Warner Varnado) · WSDOT"}},{"type":"Feature","geometry":{"type":"Point","coordinates":[-122.268078,46.568225]},"properties":{"id":"ora-wa-1194","name":"SR 7 at MP 1.2: North Morton","state":"WA","provider":"WSDOT","hls":null,"snapshot":"https://images.wsdot.wa.gov/sw/007vc00124.jpg","refreshMs":30000,"attribution":"Ora (Warner Varnado) · WSDOT"}},{"type":"Feature","geometry":{"type":"Point","coordinates":[-122.192092,46.76264]},"properties":{"id":"ora-wa-1195","name":"SR 7 at MP 16.7: Elbe Bridge","state":"WA","provider":"WSDOT","hls":null,"snapshot":"https://images.wsdot.wa.gov/orflow/007vc01679.jpg","refreshMs":30000,"attribution":"Ora (Warner Varnado) · WSDOT"}},{"type":"Feature","geometry":{"type":"Point","coordinates":[-122.434671,47.083411]},"properties":{"id":"ora-wa-1196","name":"SR 7 at MP 47.38: Roy Wye (SR 507)","state":"WA","provider":"WSDOT","hls":null,"snapshot":"https://images.wsdot.wa.gov/orflow/007vc04738.jpg","refreshMs":30000,"attribution":"Ora (Warner Varnado) · WSDOT"}},{"type":"Feature","geometry":{"type":"Point","coordinates":[-122.434916,47.097308]},"properties":{"id":"ora-wa-1197","name":"SR 7 at MP 48.33: 176th St E (SR 704)","state":"WA","provider":"WSDOT","hls":null,"snapshot":"https://images.wsdot.wa.gov/orflow/007vc04833.jpg","refreshMs":30000,"attribution":"Ora (Warner Varnado) · WSDOT"}},{"type":"Feature","geometry":{"type":"Point","coordinates":[-122.434842,47.119475]},"properties":{"id":"ora-wa-1198","name":"SR 7 at 152nd St S","state":"WA","provider":"WSDOT","hls":null,"snapshot":"https://images.wsdot.wa.gov/orflow/007vc04988.jpg","refreshMs":30000,"attribution":"Ora (Warner Varnado) · WSDOT"}},{"type":"Feature","geometry":{"type":"Point","coordinates":[-122.43421,47.15788]},"properties":{"id":"ora-wa-1199","name":"SR 7 at MP 52.5: SR 512 EB Interchange","state":"WA","provider":"WSDOT","hls":null,"snapshot":"https://images.wsdot.wa.gov/orflow/007vc05252.jpg","refreshMs":30000,"attribution":"Ora (Warner Varnado) · WSDOT"}},{"type":"Feature","geometry":{"type":"Point","coordinates":[-123.09857,47.03348]},"properties":{"id":"ora-wa-1200","name":"SR 8 at MP 16.1: Rock Candy Mountain","state":"WA","provider":"WSDOT","hls":null,"snapshot":"https://images.wsdot.wa.gov/rweather/rockcandymtn_medium.jpg","refreshMs":30000,"attribution":"Ora (Warner Varnado) · WSDOT"}},{"type":"Feature","geometry":{"type":"Point","coordinates":[-122.143441,47.790338]},"properties":{"id":"ora-wa-1201","name":"SR 9 at MP 0.5: 228th St SE","state":"WA","provider":"WSDOT","hls":null,"snapshot":"https://images.wsdot.wa.gov/nw/009vc00057.jpg","refreshMs":30000,"attribution":"Ora (Warner Varnado) · WSDOT"}},{"type":"Feature","geometry":{"type":"Point","coordinates":[-122.14332,47.805103]},"properties":{"id":"ora-wa-1202","name":"SR 9 at MP 1.5: SR 524 Interchange","state":"WA","provider":"WSDOT","hls":null,"snapshot":"https://images.wsdot.wa.gov/nw/009vc00159.jpg","refreshMs":30000,"attribution":"Ora (Warner Varnado) · WSDOT"}},{"type":"Feature","geometry":{"type":"Point","coordinates":[-122.140065,47.814505]},"properties":{"id":"ora-wa-1203","name":"SR 9 at MP 2.2: 201st St SE","state":"WA","provider":"WSDOT","hls":null,"snapshot":"https://images.wsdot.wa.gov/nw/009vc00226.jpg","refreshMs":30000,"attribution":"Ora (Warner Varnado) · WSDOT"}},{"type":"Feature","geometry":{"type":"Point","coordinates":[-122.136666,47.821539]},"properties":{"id":"ora-wa-1204","name":"SR 9 at MP 2.7: 194th St SE","state":"WA","provider":"WSDOT","hls":null,"snapshot":"https://images.wsdot.wa.gov/nw/009vc00277.jpg","refreshMs":30000,"attribution":"Ora (Warner Varnado) · WSDOT"}},{"type":"Feature","geometry":{"type":"Point","coordinates":[-122.132354,47.826624]},"properties":{"id":"ora-wa-1205","name":"SR 9 at MP 3.1: 188th St SE","state":"WA","provider":"WSDOT","hls":null,"snapshot":"https://images.wsdot.wa.gov/nw/009vc00318.jpg","refreshMs":30000,"attribution":"Ora (Warner Varnado) · WSDOT"}},{"type":"Feature","geometry":{"type":"Point","coordinates":[-122.126041,47.833813]},"properties":{"id":"ora-wa-1206","name":"SR 9 at MP 3.7: 180th St SE","state":"WA","provider":"WSDOT","hls":null,"snapshot":"https://images.wsdot.wa.gov/nw/009vc00376.jpg","refreshMs":30000,"attribution":"Ora (Warner Varnado) · WSDOT"}},{"type":"Feature","geometry":{"type":"Point","coordinates":[-122.12402,47.837368]},"properties":{"id":"ora-wa-1207","name":"SR 9 at MP 4: 176th St SE","state":"WA","provider":"WSDOT","hls":null,"snapshot":"https://images.wsdot.wa.gov/nw/009vc00402.jpg","refreshMs":30000,"attribution":"Ora (Warner Varnado) · WSDOT"}},{"type":"Feature","geometry":{"type":"Point","coordinates":[-122.110881,47.859471]},"properties":{"id":"ora-wa-1208","name":"SR 9 at MP 5.6: 152nd SE","state":"WA","provider":"WSDOT","hls":null,"snapshot":"https://images.wsdot.wa.gov/nw/009vc00569.jpg","refreshMs":30000,"attribution":"Ora (Warner Varnado) · WSDOT"}},{"type":"Feature","geometry":{"type":"Point","coordinates":[-122.117352,47.848477]},"properties":{"id":"ora-wa-1209","name":"SR 9 at MP 4.8: 164th SE","state":"WA","provider":"WSDOT","hls":null,"snapshot":"https://images.wsdot.wa.gov/nw/009vc00487.jpg","refreshMs":30000,"attribution":"Ora (Warner Varnado) · WSDOT"}},{"type":"Feature","geometry":{"type":"Point","coordinates":[-122.10987,47.864452]},"properties":{"id":"ora-wa-1210","name":"SR 9 at MP 6: Cathcart Way","state":"WA","provider":"WSDOT","hls":null,"snapshot":"https://images.wsdot.wa.gov/nw/009vc00605.jpg","refreshMs":30000,"attribution":"Ora (Warner Varnado) · WSDOT"}},{"type":"Feature","geometry":{"type":"Point","coordinates":[-122.109757,47.878113]},"properties":{"id":"ora-wa-1211","name":"SR 9 at MP 6.9: Lowell-Larimer Rd","state":"WA","provider":"WSDOT","hls":null,"snapshot":"https://images.wsdot.wa.gov/nw/009vc00697.jpg","refreshMs":30000,"attribution":"Ora (Warner Varnado) · WSDOT"}},{"type":"Feature","geometry":{"type":"Point","coordinates":[-122.10956,47.885536]},"properties":{"id":"ora-wa-1212","name":"SR 9 at MP 7.4: 124th St SE","state":"WA","provider":"WSDOT","hls":null,"snapshot":"https://images.wsdot.wa.gov/nw/009vc00749.jpg","refreshMs":30000,"attribution":"Ora (Warner Varnado) · WSDOT"}},{"type":"Feature","geometry":{"type":"Point","coordinates":[-122.109313,47.898752]},"properties":{"id":"ora-wa-1213","name":"SR 9 at MP 8.4: Marsh Rd","state":"WA","provider":"WSDOT","hls":null,"snapshot":"https://images.wsdot.wa.gov/nw/009vc00841.jpg","refreshMs":30000,"attribution":"Ora (Warner Varnado) · WSDOT"}},{"type":"Feature","geometry":{"type":"Point","coordinates":[-122.109041,47.904932]},"properties":{"id":"ora-wa-1214","name":"SR 9 at MP 8.8: Harvey Field","state":"WA","provider":"WSDOT","hls":null,"snapshot":"https://images.wsdot.wa.gov/nw/009vc00884.jpg","refreshMs":30000,"attribution":"Ora (Warner Varnado) · WSDOT"}},{"type":"Feature","geometry":{"type":"Point","coordinates":[-122.102191,47.967596]},"properties":{"id":"ora-wa-1215","name":"SR 9 at MP 13.3: 32nd St SE","state":"WA","provider":"WSDOT","hls":null,"snapshot":"https://images.wsdot.wa.gov/nw/009vc01331.jpg","refreshMs":30000,"attribution":"Ora (Warner Varnado) · WSDOT"}},{"type":"Feature","geometry":{"type":"Point","coordinates":[-122.102579,47.975188]},"properties":{"id":"ora-wa-1216","name":"SR 9 at MP 13.8: S Lake Stevens Rd","state":"WA","provider":"WSDOT","hls":null,"snapshot":"https://images.wsdot.wa.gov/nw/009vc01383.jpg","refreshMs":30000,"attribution":"Ora (Warner Varnado) · WSDOT"}},{"type":"Feature","geometry":{"type":"Point","coordinates":[-122.105569,47.998175]},"properties":{"id":"ora-wa-1217","name":"SR 9 at MP 15.4: Market Pl","state":"WA","provider":"WSDOT","hls":null,"snapshot":"https://images.wsdot.wa.gov/nw/009vc01544.jpg","refreshMs":30000,"attribution":"Ora (Warner Varnado) · WSDOT"}},{"type":"Feature","geometry":{"type":"Point","coordinates":[-122.108054,48.013107]},"properties":{"id":"ora-wa-1218","name":"SR 9 at MP 16.4: Lundeen Pkwy","state":"WA","provider":"WSDOT","hls":null,"snapshot":"https://images.wsdot.wa.gov/nw/009vc01647.jpg","refreshMs":30000,"attribution":"Ora (Warner Varnado) · WSDOT"}},{"type":"Feature","geometry":{"type":"Point","coordinates":[-122.106302,48.002872]},"properties":{"id":"ora-wa-1219","name":"SR 9 at MP 15.7: SR 204 Interchange","state":"WA","provider":"WSDOT","hls":null,"snapshot":"https://images.wsdot.wa.gov/nw/009vc01577.jpg","refreshMs":30000,"attribution":"Ora (Warner Varnado) · WSDOT"}},{"type":"Feature","geometry":{"type":"Point","coordinates":[-122.109341,48.02159]},"properties":{"id":"ora-wa-1220","name":"SR 9 at MP 17: Soper Hill Rd","state":"WA","provider":"WSDOT","hls":null,"snapshot":"https://images.wsdot.wa.gov/nw/009vc01706.jpg","refreshMs":30000,"attribution":"Ora (Warner Varnado) · WSDOT"}},{"type":"Feature","geometry":{"type":"Point","coordinates":[-122.110248,48.028186]},"properties":{"id":"ora-wa-1221","name":"SR 9 at MP 17.5: SR 92 Interchange","state":"WA","provider":"WSDOT","hls":null,"snapshot":"https://images.wsdot.wa.gov/nw/009vc01751.jpg","refreshMs":30000,"attribution":"Ora (Warner Varnado) · WSDOT"}},{"type":"Feature","geometry":{"type":"Point","coordinates":[-122.111071,48.072224]},"properties":{"id":"ora-wa-1222","name":"SR 9 at MP 20.5: 84th St NE","state":"WA","provider":"WSDOT","hls":null,"snapshot":"https://images.wsdot.wa.gov/nw/009vc02059.jpg","refreshMs":30000,"attribution":"Ora (Warner Varnado) · WSDOT"}},{"type":"Feature","geometry":{"type":"Point","coordinates":[-122.264983,48.995268]},"properties":{"id":"ora-wa-1223","name":"SR 9 at MP 96.8: Sumas Ave","state":"WA","provider":"WSDOT","hls":null,"snapshot":"https://images.wsdot.wa.gov/nw/009vc09686.jpg","refreshMs":30000,"attribution":"Ora (Warner Varnado) · WSDOT"}},{"type":"Feature","geometry":{"type":"Point","coordinates":[-122.26499,48.992726]},"properties":{"id":"ora-wa-1224","name":"SR 9 at MP 97.5: Front St","state":"WA","provider":"WSDOT","hls":null,"snapshot":"https://images.wsdot.wa.gov/nw/009vc09750.jpg","refreshMs":30000,"attribution":"Ora (Warner Varnado) · WSDOT"}},{"type":"Feature","geometry":{"type":"Point","coordinates":[-122.264978,48.997104]},"properties":{"id":"ora-wa-1225","name":"SR 9 at MP 97.8: Johnson Creek","state":"WA","provider":"WSDOT","hls":null,"snapshot":"https://images.wsdot.wa.gov/nw/009vc09781.jpg","refreshMs":30000,"attribution":"Ora (Warner Varnado) · WSDOT"}},{"type":"Feature","geometry":{"type":"Point","coordinates":[-122.265229,49.002251]},"properties":{"id":"ora-wa-1226","name":"SR 9 at MP 98.1: Truck Spur","state":"WA","provider":"WSDOT","hls":null,"snapshot":"https://images.wsdot.wa.gov/nw/009vc09816.jpg","refreshMs":30000,"attribution":"Ora (Warner Varnado) · WSDOT"}},{"type":"Feature","geometry":{"type":"Point","coordinates":[-122.278553,47.507908]},"properties":{"id":"ora-wa-1227","name":"SR 900 at MP 5.9: Boeing Access Rd","state":"WA","provider":"WSDOT","hls":null,"snapshot":"https://images.wsdot.wa.gov/nw/900vc00592.jpg","refreshMs":30000,"attribution":"Ora (Warner Varnado) · WSDOT"}},{"type":"Feature","geometry":{"type":"Point","coordinates":[-122.06315,47.541379]},"properties":{"id":"ora-wa-1228","name":"SR 900 at MP 21.1: Newport Way","state":"WA","provider":"WSDOT","hls":null,"snapshot":"https://images.wsdot.wa.gov/nw/900vc02110.jpg","refreshMs":30000,"attribution":"Ora (Warner Varnado) · WSDOT"}},{"type":"Feature","geometry":{"type":"Point","coordinates":[-122.062837,47.54299]},"properties":{"id":"ora-wa-1229","name":"SR 900 at MP 21.2: Maple St","state":"WA","provider":"WSDOT","hls":null,"snapshot":"https://images.wsdot.wa.gov/nw/900vc02122.jpg","refreshMs":30000,"attribution":"Ora (Warner Varnado) · WSDOT"}},{"type":"Feature","geometry":{"type":"Point","coordinates":[-122.062733,47.5457]},"properties":{"id":"ora-wa-1230","name":"SR 900 at MP 21.4: Gilman Blvd","state":"WA","provider":"WSDOT","hls":null,"snapshot":"https://images.wsdot.wa.gov/nw/900vc02142.jpg","refreshMs":30000,"attribution":"Ora (Warner Varnado) · WSDOT"}},{"type":"Feature","geometry":{"type":"Point","coordinates":[-122.227988,47.881996]},"properties":{"id":"ora-wa-1231","name":"SR 96 at MP 0.3: 3rd Ave SE","state":"WA","provider":"WSDOT","hls":null,"snapshot":"https://images.wsdot.wa.gov/nw/096vc00030.jpg","refreshMs":30000,"attribution":"Ora (Warner Varnado) · WSDOT"}},{"type":"Feature","geometry":{"type":"Point","coordinates":[-122.219505,47.880186]},"properties":{"id":"ora-wa-1232","name":"SR 96 at MP 0.7: Dumas Rd","state":"WA","provider":"WSDOT","hls":null,"snapshot":"https://images.wsdot.wa.gov/nw/096vc00073.jpg","refreshMs":30000,"attribution":"Ora (Warner Varnado) · WSDOT"}},{"type":"Feature","geometry":{"type":"Point","coordinates":[-122.198466,47.878068]},"properties":{"id":"ora-wa-1233","name":"SR 96 at MP 1.7: 25th Ave SE","state":"WA","provider":"WSDOT","hls":null,"snapshot":"https://images.wsdot.wa.gov/nw/096vc00177.jpg","refreshMs":30000,"attribution":"Ora (Warner Varnado) · WSDOT"}},{"type":"Feature","geometry":{"type":"Point","coordinates":[-122.185114,47.877954]},"properties":{"id":"ora-wa-1234","name":"SR 96 at MP 2.3: 35th Ave SE","state":"WA","provider":"WSDOT","hls":null,"snapshot":"https://images.wsdot.wa.gov/nw/096vc00239.jpg","refreshMs":30000,"attribution":"Ora (Warner Varnado) · WSDOT"}},{"type":"Feature","geometry":{"type":"Point","coordinates":[-122.166153,47.877795]},"properties":{"id":"ora-wa-1235","name":"SR 96 at MP 3.2: Seattle Hill Rd","state":"WA","provider":"WSDOT","hls":null,"snapshot":"https://images.wsdot.wa.gov/nw/096vc00327.jpg","refreshMs":30000,"attribution":"Ora (Warner Varnado) · WSDOT"}},{"type":"Feature","geometry":{"type":"Point","coordinates":[-122.356957,47.243053]},"properties":{"id":"ora-wa-1236","name":"SR 99 at MP 0.2: 54th Ave E","state":"WA","provider":"WSDOT","hls":null,"snapshot":"https://images.wsdot.wa.gov/orflow/099vc00018.jpg","refreshMs":30000,"attribution":"Ora (Warner Varnado) · WSDOT"}},{"type":"Feature","geometry":{"type":"Point","coordinates":[-122.336828,47.244816]},"properties":{"id":"ora-wa-1237","name":"SR 99 at MP 1: 70th Ave E","state":"WA","provider":"WSDOT","hls":null,"snapshot":"https://images.wsdot.wa.gov/orflow/099vc00116.jpg","refreshMs":30000,"attribution":"Ora (Warner Varnado) · WSDOT"}},{"type":"Feature","geometry":{"type":"Point","coordinates":[-122.341764,47.243036]},"properties":{"id":"ora-wa-1238","name":"SR 99: Wapato Way","state":"WA","provider":"WSDOT","hls":null,"snapshot":"https://images.wsdot.wa.gov/orflow/099vc00089.jpg","refreshMs":30000,"attribution":"Ora (Warner Varnado) · WSDOT"}},{"type":"Feature","geometry":{"type":"Point","coordinates":[-122.294724,47.393597]},"properties":{"id":"ora-wa-1239","name":"SR 99 at MP 15.4: SR 516 Interchange","state":"WA","provider":"WSDOT","hls":null,"snapshot":"https://images.wsdot.wa.gov/nw/099vc01549.jpg","refreshMs":30000,"attribution":"Ora (Warner Varnado) · WSDOT"}},{"type":"Feature","geometry":{"type":"Point","coordinates":[-122.288931,47.465259]},"properties":{"id":"ora-wa-1240","name":"SR 99 at MP 20.5: S 154th St","state":"WA","provider":"WSDOT","hls":null,"snapshot":"https://images.wsdot.wa.gov/nw/099vc02054.jpg","refreshMs":30000,"attribution":"Ora (Warner Varnado) · WSDOT"}},{"type":"Feature","geometry":{"type":"Point","coordinates":[-122.296537,47.499465]},"properties":{"id":"ora-wa-1241","name":"SR 99 at MP 23: SR 599 Interchange","state":"WA","provider":"WSDOT","hls":null,"snapshot":"https://images.wsdot.wa.gov/nw/099vc02308.jpg","refreshMs":30000,"attribution":"Ora (Warner Varnado) · WSDOT"}},{"type":"Feature","geometry":{"type":"Point","coordinates":[-122.301237,47.508319]},"properties":{"id":"ora-wa-1242","name":"SR 99 at MP 23.7: S 102nd St","state":"WA","provider":"WSDOT","hls":null,"snapshot":"https://images.wsdot.wa.gov/nw/099vc02375.jpg","refreshMs":30000,"attribution":"Ora (Warner Varnado) · WSDOT"}},{"type":"Feature","geometry":{"type":"Point","coordinates":[-122.316705,47.51977]},"properties":{"id":"ora-wa-1243","name":"SR 99 at MP 24.8: Des Moines Memorial Dr","state":"WA","provider":"WSDOT","hls":null,"snapshot":"https://images.wsdot.wa.gov/nw/099vc02481.jpg","refreshMs":30000,"attribution":"Ora (Warner Varnado) · WSDOT"}},{"type":"Feature","geometry":{"type":"Point","coordinates":[-122.324813,47.527014]},"properties":{"id":"ora-wa-1244","name":"SR 99 at MP 25.4: S Cloverdale St","state":"WA","provider":"WSDOT","hls":null,"snapshot":"https://images.wsdot.wa.gov/nw/099vc02545.jpg","refreshMs":30000,"attribution":"Ora (Warner Varnado) · WSDOT"}},{"type":"Feature","geometry":{"type":"Point","coordinates":[-122.332236,47.534286]},"properties":{"id":"ora-wa-1245","name":"SR 99 at MP 26: S Holden St","state":"WA","provider":"WSDOT","hls":null,"snapshot":"https://images.wsdot.wa.gov/nw/099vc02605.jpg","refreshMs":30000,"attribution":"Ora (Warner Varnado) · WSDOT"}},{"type":"Feature","geometry":{"type":"Point","coordinates":[-122.334692,47.539951]},"properties":{"id":"ora-wa-1246","name":"SR 99 at MP 26.7: W Marginal Way","state":"WA","provider":"WSDOT","hls":null,"snapshot":"https://images.wsdot.wa.gov/nw/099vc02671.jpg","refreshMs":30000,"attribution":"Ora (Warner Varnado) · WSDOT"}},{"type":"Feature","geometry":{"type":"Point","coordinates":[-122.333831,47.544296]},"properties":{"id":"ora-wa-1247","name":"SR 99 at MP 27: S Michigan St","state":"WA","provider":"WSDOT","hls":null,"snapshot":"https://images.wsdot.wa.gov/nw/099vc02701.jpg","refreshMs":30000,"attribution":"Ora (Warner Varnado) · WSDOT"}},{"type":"Feature","geometry":{"type":"Point","coordinates":[-122.339289,47.579794]},"properties":{"id":"ora-wa-1248","name":"SR 99 at MP 29.4: S Lander St","state":"WA","provider":"WSDOT","hls":null,"snapshot":"https://images.wsdot.wa.gov/nw/099vc02946.jpg","refreshMs":30000,"attribution":"Ora (Warner Varnado) · WSDOT"}},{"type":"Feature","geometry":{"type":"Point","coordinates":[-122.339248,47.583157]},"properties":{"id":"ora-wa-1249","name":"SR 99 at MP 29.6: S Walker St","state":"WA","provider":"WSDOT","hls":null,"snapshot":"https://images.wsdot.wa.gov/nw/099vc02969.jpg","refreshMs":30000,"attribution":"Ora (Warner Varnado) · WSDOT"}},{"type":"Feature","geometry":{"type":"Point","coordinates":[-122.337314,47.589531]},"properties":{"id":"ora-wa-1250","name":"SR 99 at MP 30.1: S Atlantic St, West","state":"WA","provider":"WSDOT","hls":null,"snapshot":"https://images.wsdot.wa.gov/nw/099vc03015.jpg","refreshMs":30000,"attribution":"Ora (Warner Varnado) · WSDOT"}},{"type":"Feature","geometry":{"type":"Point","coordinates":[-122.336863,47.590507]},"properties":{"id":"ora-wa-1251","name":"SR 99 at MP 30.2: S Atlantic St, East","state":"WA","provider":"WSDOT","hls":null,"snapshot":"https://images.wsdot.wa.gov/nw/099vc03022.jpg","refreshMs":30000,"attribution":"Ora (Warner Varnado) · WSDOT"}},{"type":"Feature","geometry":{"type":"Point","coordinates":[-122.335866,47.592666]},"properties":{"id":"ora-wa-1252","name":"SR 99 at MP 30.7: S Royal Brougham St","state":"WA","provider":"WSDOT","hls":null,"snapshot":"https://images.wsdot.wa.gov/nw/099vc03037.jpg","refreshMs":30000,"attribution":"Ora (Warner Varnado) · WSDOT"}},{"type":"Feature","geometry":{"type":"Point","coordinates":[-122.335987,47.601308]},"properties":{"id":"ora-wa-1253","name":"SR 99 at MP 30.9: NB Tunnel, South end","state":"WA","provider":"WSDOT","hls":null,"snapshot":"https://images.wsdot.wa.gov/nw/099vc03098.jpg","refreshMs":30000,"attribution":"Ora (Warner Varnado) · WSDOT"}},{"type":"Feature","geometry":{"type":"Point","coordinates":[-122.335807,47.598531]},"properties":{"id":"ora-wa-1254","name":"SR 99 at MP 30.8: SB Tunnel, South end","state":"WA","provider":"WSDOT","hls":null,"snapshot":"https://images.wsdot.wa.gov/nw/099vc03082.jpg","refreshMs":30000,"attribution":"Ora (Warner Varnado) · WSDOT"}},{"type":"Feature","geometry":{"type":"Point","coordinates":[-122.344611,47.622356]},"properties":{"id":"ora-wa-1255","name":"SR 99 at MP 31.8: SB Tunnel, North end","state":"WA","provider":"WSDOT","hls":null,"snapshot":"https://images.wsdot.wa.gov/nw/099vc03188.jpg","refreshMs":30000,"attribution":"Ora (Warner Varnado) · WSDOT"}},{"type":"Feature","geometry":{"type":"Point","coordinates":[-122.344466,47.621928]},"properties":{"id":"ora-wa-1256","name":"SR 99 at MP 32.2: NB Tunnel, North end","state":"WA","provider":"WSDOT","hls":null,"snapshot":"https://images.wsdot.wa.gov/nw/099vc03220.jpg","refreshMs":30000,"attribution":"Ora (Warner Varnado) · WSDOT"}},{"type":"Feature","geometry":{"type":"Point","coordinates":[-122.343552,47.626384]},"properties":{"id":"ora-wa-1257","name":"SR 99 at MP 32.9: Valley St","state":"WA","provider":"WSDOT","hls":null,"snapshot":"https://images.wsdot.wa.gov/nw/099vc03298.jpg","refreshMs":30000,"attribution":"Ora (Warner Varnado) · WSDOT"}},{"type":"Feature","geometry":{"type":"Point","coordinates":[-122.343456,47.630873]},"properties":{"id":"ora-wa-1258","name":"SR 99 at MP 33.2: Comstock St","state":"WA","provider":"WSDOT","hls":null,"snapshot":"https://images.wsdot.wa.gov/nw/099vc03329.jpg","refreshMs":30000,"attribution":"Ora (Warner Varnado) · WSDOT"}},{"type":"Feature","geometry":{"type":"Point","coordinates":[-122.344528,47.622305]},"properties":{"id":"ora-wa-1259","name":"SR 99 at MP 32.6: 6th Ave/Harrison","state":"WA","provider":"WSDOT","hls":null,"snapshot":"https://images.wsdot.wa.gov/nw/099vc03266.jpg","refreshMs":30000,"attribution":"Ora (Warner Varnado) · WSDOT"}},{"type":"Feature","geometry":{"type":"Point","coordinates":[-122.344296,47.622738]},"properties":{"id":"ora-wa-1260","name":"SR 99 at MP 32.7: North Portal","state":"WA","provider":"WSDOT","hls":null,"snapshot":"https://images.wsdot.wa.gov/nw/099vc03271.jpg","refreshMs":30000,"attribution":"Ora (Warner Varnado) · WSDOT"}},{"type":"Feature","geometry":{"type":"Point","coordinates":[-122.34394,47.623407]},"properties":{"id":"ora-wa-1261","name":"SR 99 at MP 32.8: Republican St","state":"WA","provider":"WSDOT","hls":null,"snapshot":"https://images.wsdot.wa.gov/nw/099vc03275.jpg","refreshMs":30000,"attribution":"Ora (Warner Varnado) · WSDOT"}},{"type":"Feature","geometry":{"type":"Point","coordinates":[-122.347017,47.64268]},"properties":{"id":"ora-wa-1262","name":"SR 99 at MP 34.1: Raye St","state":"WA","provider":"WSDOT","hls":null,"snapshot":"https://images.wsdot.wa.gov/nw/099vc03415.jpg","refreshMs":30000,"attribution":"Ora (Warner Varnado) · WSDOT"}},{"type":"Feature","geometry":{"type":"Point","coordinates":[-122.28195,47.864167]},"properties":{"id":"ora-wa-1263","name":"SR 99 @ MP 50.22: 148th St SW","state":"WA","provider":"WSDOT","hls":null,"snapshot":"https://images.wsdot.wa.gov/nw/099vc05022.jpg","refreshMs":30000,"attribution":"Ora (Warner Varnado) · WSDOT"}},{"type":"Feature","geometry":{"type":"Point","coordinates":[-122.273704,47.873015]},"properties":{"id":"ora-wa-1264","name":"SR 99 at MP 50.9: Lincoln Wy","state":"WA","provider":"WSDOT","hls":null,"snapshot":"https://images.wsdot.wa.gov/nw/099vc05095.jpg","refreshMs":30000,"attribution":"Ora (Warner Varnado) · WSDOT"}},{"type":"Feature","geometry":{"type":"Point","coordinates":[-122.264301,47.883089]},"properties":{"id":"ora-wa-1265","name":"SR 99 at MP 51.7: Gibson Rd","state":"WA","provider":"WSDOT","hls":null,"snapshot":"https://images.wsdot.wa.gov/nw/099vc05177.jpg","refreshMs":30000,"attribution":"Ora (Warner Varnado) · WSDOT"}},{"type":"Feature","geometry":{"type":"Point","coordinates":[-123.875168,46.241553]},"properties":{"id":"ora-wa-1266","name":"US 101 at MP 0.5: Astoria-Megler Bridge","state":"WA","provider":"WSDOT","hls":null,"snapshot":"https://images.wsdot.wa.gov/sw/101vc00050.jpg","refreshMs":30000,"attribution":"Ora (Warner Varnado) · WSDOT"}},{"type":"Feature","geometry":{"type":"Point","coordinates":[-123.72985,46.933937]},"properties":{"id":"ora-wa-1267","name":"US 101 at MP 78.3: Cosmopolis Hill","state":"WA","provider":"WSDOT","hls":null,"snapshot":"https://images.wsdot.wa.gov/rweather/Cosmopolis.jpg","refreshMs":30000,"attribution":"Ora (Warner Varnado) · WSDOT"}},{"type":"Feature","geometry":{"type":"Point","coordinates":[-123.809225,46.972408]},"properties":{"id":"ora-wa-1268","name":"US 101 at MP 83.4: Chehalis River Bridge","state":"WA","provider":"WSDOT","hls":null,"snapshot":"https://images.wsdot.wa.gov/orflow/101vc08344.jpg","refreshMs":30000,"attribution":"Ora (Warner Varnado) · WSDOT"}},{"type":"Feature","geometry":{"type":"Point","coordinates":[-123.879001,46.975406]},"properties":{"id":"ora-wa-1269","name":"US 101 at MP 88.1: Simpson Ave","state":"WA","provider":"WSDOT","hls":null,"snapshot":"https://images.wsdot.wa.gov/orflow/101vc08818.jpg","refreshMs":30000,"attribution":"Ora (Warner Varnado) · WSDOT"}},{"type":"Feature","geometry":{"type":"Point","coordinates":[-123.89393,47.139125]},"properties":{"id":"ora-wa-1270","name":"US 101 at MP 100.4: State Camp Hill","state":"WA","provider":"WSDOT","hls":null,"snapshot":"https://images.wsdot.wa.gov/rweather/statecamp_medium.jpg","refreshMs":30000,"attribution":"Ora (Warner Varnado) · WSDOT"}},{"type":"Feature","geometry":{"type":"Point","coordinates":[-124.333121,47.535669]},"properties":{"id":"ora-wa-1271","name":"US 101 at MP 152.5: Queets","state":"WA","provider":"WSDOT","hls":null,"snapshot":"https://images.wsdot.wa.gov/rweather/Medium_Queets.jpg","refreshMs":30000,"attribution":"Ora (Warner Varnado) · WSDOT"}},{"type":"Feature","geometry":{"type":"Point","coordinates":[-124.034501,48.070399]},"properties":{"id":"ora-wa-1272","name":"US 101 at MP 214.7: Heckelsville Shed","state":"WA","provider":"WSDOT","hls":null,"snapshot":"https://images.wsdot.wa.gov/rweather/HeckShed_medium.jpg","refreshMs":30000,"attribution":"Ora (Warner Varnado) · WSDOT"}},{"type":"Feature","geometry":{"type":"Point","coordinates":[-123.61789,48.06748]},"properties":{"id":"ora-wa-1273","name":"US 101 at MP 237.1: Indian Valley","state":"WA","provider":"WSDOT","hls":null,"snapshot":"https://images.wsdot.wa.gov/rweather/Medium_IndianValleyUS101.jpg","refreshMs":30000,"attribution":"Ora (Warner Varnado) · WSDOT"}},{"type":"Feature","geometry":{"type":"Point","coordinates":[-123.380874,48.104589]},"properties":{"id":"ora-wa-1274","name":"US 101 at MP 250.6: Brook Ave","state":"WA","provider":"WSDOT","hls":null,"snapshot":"https://images.wsdot.wa.gov/orflow/101vc25064.jpg","refreshMs":30000,"attribution":"Ora (Warner Varnado) · WSDOT"}},{"type":"Feature","geometry":{"type":"Point","coordinates":[-123.363103,48.108394]},"properties":{"id":"ora-wa-1275","name":"SR 101 MP 251.5: Kolonels Way","state":"WA","provider":"WSDOT","hls":null,"snapshot":"https://images.wsdot.wa.gov/orflow/101vc25153.jpg","refreshMs":30000,"attribution":"Ora (Warner Varnado) · WSDOT"}},{"type":"Feature","geometry":{"type":"Point","coordinates":[-123.27507,48.09373]},"properties":{"id":"ora-wa-1276","name":"US 101 at MP 256: Siebert Creek","state":"WA","provider":"WSDOT","hls":null,"snapshot":"https://images.wsdot.wa.gov/rweather/Siebert.jpg","refreshMs":30000,"attribution":"Ora (Warner Varnado) · WSDOT"}},{"type":"Feature","geometry":{"type":"Point","coordinates":[-122.952442,48.050278]},"properties":{"id":"ora-wa-1277","name":"US 101 at MP 274.6: Diamond Point","state":"WA","provider":"WSDOT","hls":null,"snapshot":"https://images.wsdot.wa.gov/rweather/diamond_medium.jpg","refreshMs":30000,"attribution":"Ora (Warner Varnado) · WSDOT"}},{"type":"Feature","geometry":{"type":"Point","coordinates":[-122.894388,47.757008]},"properties":{"id":"ora-wa-1278","name":"US 101 at MP 301.5: Mt Walker","state":"WA","provider":"WSDOT","hls":null,"snapshot":"https://images.wsdot.wa.gov/rweather/Medium_MtWalker1.jpg","refreshMs":30000,"attribution":"Ora (Warner Varnado) · WSDOT"}},{"type":"Feature","geometry":{"type":"Point","coordinates":[-123.032826,47.085076]},"properties":{"id":"ora-wa-1279","name":"US 101 at MP 359: Oyster Bay Rd.","state":"WA","provider":"WSDOT","hls":null,"snapshot":"https://images.wsdot.wa.gov/rweather/Medium_OysterBayRD.jpg","refreshMs":30000,"attribution":"Ora (Warner Varnado) · WSDOT"}},{"type":"Feature","geometry":{"type":"Point","coordinates":[-122.918448,47.025667]},"properties":{"id":"ora-wa-1280","name":"US 101 at MP 366.6: Crosby Blvd","state":"WA","provider":"WSDOT","hls":null,"snapshot":"https://images.wsdot.wa.gov/orflow/101vc36664.jpg","refreshMs":30000,"attribution":"Ora (Warner Varnado) · WSDOT"}},{"type":"Feature","geometry":{"type":"Point","coordinates":[-123.812191,46.977088]},"properties":{"id":"ora-wa-1281","name":"US 12 at MP .5: Wishkah Bridge","state":"WA","provider":"WSDOT","hls":null,"snapshot":"https://images.wsdot.wa.gov/orflow/012vc00056.jpg","refreshMs":30000,"attribution":"Ora (Warner Varnado) · WSDOT"}},{"type":"Feature","geometry":{"type":"Point","coordinates":[-122.822692,46.544083]},"properties":{"id":"ora-wa-1282","name":"US12 at MP 69.15: Jackson Hwy","state":"WA","provider":"WSDOT","hls":null,"snapshot":"https://images.wsdot.wa.gov/sw/012vc06920.jpg","refreshMs":30000,"attribution":"Ora (Warner Varnado) · WSDOT"}},{"type":"Feature","geometry":{"type":"Point","coordinates":[-122.284272,46.552906]},"properties":{"id":"ora-wa-1283","name":"US 12 at MP 97.2: West Morton","state":"WA","provider":"WSDOT","hls":null,"snapshot":"https://images.wsdot.wa.gov/sw/012vc09725.jpg","refreshMs":30000,"attribution":"Ora (Warner Varnado) · WSDOT"}},{"type":"Feature","geometry":{"type":"Point","coordinates":[-121.677366,46.599659]},"properties":{"id":"ora-wa-1284","name":"US 12 at MP 130.51: Packwood","state":"WA","provider":"WSDOT","hls":null,"snapshot":"https://images.wsdot.wa.gov/sw/012vc13051.jpg","refreshMs":30000,"attribution":"Ora (Warner Varnado) · WSDOT"}},{"type":"Feature","geometry":{"type":"Point","coordinates":[-121.392994,46.637262]},"properties":{"id":"ora-wa-1285","name":"US 12 at MP 150.9: White Pass Summit","state":"WA","provider":"WSDOT","hls":null,"snapshot":"https://images.wsdot.wa.gov/sc/012vc15095.jpg","refreshMs":30000,"attribution":"Ora (Warner Varnado) · WSDOT"}},{"type":"Feature","geometry":{"type":"Point","coordinates":[-120.78888,46.748372]},"properties":{"id":"ora-wa-1286","name":"US 12 at MP 185.5: SR 410 Interchange","state":"WA","provider":"WSDOT","hls":null,"snapshot":"https://images.wsdot.wa.gov/sc/012VC18546.jpg","refreshMs":30000,"attribution":"Ora (Warner Varnado) · WSDOT"}},{"type":"Feature","geometry":{"type":"Point","coordinates":[-119.0133,46.209166]},"properties":{"id":"ora-wa-1287","name":"US 12 at MP 295: SR 124 Interchange","state":"WA","provider":"WSDOT","hls":null,"snapshot":"https://images.wsdot.wa.gov/sc/012vc29532.jpg","refreshMs":30000,"attribution":"Ora (Warner Varnado) · WSDOT"}},{"type":"Feature","geometry":{"type":"Point","coordinates":[-118.693061,46.05099]},"properties":{"id":"ora-wa-1288","name":"US 12 at MP 317.97: Nine Mile Road","state":"WA","provider":"WSDOT","hls":null,"snapshot":"https://images.wsdot.wa.gov/SC/012vc31797.jpg","refreshMs":30000,"attribution":"Ora (Warner Varnado) · WSDOT"}},{"type":"Feature","geometry":{"type":"Point","coordinates":[-118.667976,46.052527]},"properties":{"id":"ora-wa-1289","name":"US 12 at MP 319.89: Touchet Road","state":"WA","provider":"WSDOT","hls":null,"snapshot":"https://images.wsdot.wa.gov/SC/012vc31989.jpg","refreshMs":30000,"attribution":"Ora (Warner Varnado) · WSDOT"}},{"type":"Feature","geometry":{"type":"Point","coordinates":[-118.574576,46.059683]},"properties":{"id":"ora-wa-1290","name":"US 12 at MP 324.31: Lower Dry Creek Road","state":"WA","provider":"WSDOT","hls":null,"snapshot":"https://images.wsdot.wa.gov/SC/012vc32431.jpg","refreshMs":30000,"attribution":"Ora (Warner Varnado) · WSDOT"}},{"type":"Feature","geometry":{"type":"Point","coordinates":[-118.555113,46.058152]},"properties":{"id":"ora-wa-1291","name":"US 12 at MP 326.02: Nibler Hill","state":"WA","provider":"WSDOT","hls":null,"snapshot":"https://images.wsdot.wa.gov/SC/012vc32602.jpg","refreshMs":30000,"attribution":"Ora (Warner Varnado) · WSDOT"}},{"type":"Feature","geometry":{"type":"Point","coordinates":[-118.371389,46.069722]},"properties":{"id":"ora-wa-1292","name":"US 12 at MP 335.3: Myra Road","state":"WA","provider":"WSDOT","hls":null,"snapshot":"https://images.wsdot.wa.gov/sc/012vc33530.jpg","refreshMs":30000,"attribution":"Ora (Warner Varnado) · WSDOT"}},{"type":"Feature","geometry":{"type":"Point","coordinates":[-117.968531,46.492929]},"properties":{"id":"ora-wa-1293","name":"US 12 at MP 381.6: Delaney","state":"WA","provider":"WSDOT","hls":null,"snapshot":"https://images.wsdot.wa.gov/rweather/Medium_Delaney@us12.jpg","refreshMs":30000,"attribution":"Ora (Warner Varnado) · WSDOT"}},{"type":"Feature","geometry":{"type":"Point","coordinates":[-117.42042,46.43599]},"properties":{"id":"ora-wa-1294","name":"US 12 at MP 413.3: Alpowa Summit","state":"WA","provider":"WSDOT","hls":null,"snapshot":"https://images.wsdot.wa.gov/rweather/alpowa_medium.jpg","refreshMs":30000,"attribution":"Ora (Warner Varnado) · WSDOT"}},{"type":"Feature","geometry":{"type":"Point","coordinates":[-117.07884,46.5058]},"properties":{"id":"ora-wa-1295","name":"US 195 at MP 3.6: Uniontown","state":"WA","provider":"WSDOT","hls":null,"snapshot":"https://images.wsdot.wa.gov/rweather/Medium_Uniontown.jpg","refreshMs":30000,"attribution":"Ora (Warner Varnado) · WSDOT"}},{"type":"Feature","geometry":{"type":"Point","coordinates":[-117.364264,46.88959]},"properties":{"id":"ora-wa-1296","name":"US 195 at MP 38.5: Colfax","state":"WA","provider":"WSDOT","hls":null,"snapshot":"https://images.wsdot.wa.gov/spokane/wsdot_195_03850_colfax.jpg","refreshMs":30000,"attribution":"Ora (Warner Varnado) · WSDOT"}},{"type":"Feature","geometry":{"type":"Point","coordinates":[-117.3993,47.48369]},"properties":{"id":"ora-wa-1297","name":"US 195 at MP 81.6: Spangle","state":"WA","provider":"WSDOT","hls":null,"snapshot":"https://images.wsdot.wa.gov/rweather/Medium_Spangle.jpg","refreshMs":30000,"attribution":"Ora (Warner Varnado) · WSDOT"}},{"type":"Feature","geometry":{"type":"Point","coordinates":[-117.403331,47.581449]},"properties":{"id":"ora-wa-1298","name":"US 195 at MP 90.7: White Rd","state":"WA","provider":"WSDOT","hls":null,"snapshot":"https://images.wsdot.wa.gov/spokane/wsdot_195_09070_white.jpg","refreshMs":30000,"attribution":"Ora (Warner Varnado) · WSDOT"}},{"type":"Feature","geometry":{"type":"Point","coordinates":[-117.404554,47.593164]},"properties":{"id":"ora-wa-1299","name":"US 195 at MP 91.5: Hatch Rd","state":"WA","provider":"WSDOT","hls":null,"snapshot":"https://images.wsdot.wa.gov/spokane/wsdot_195_09150_hatch.jpg","refreshMs":30000,"attribution":"Ora (Warner Varnado) · WSDOT"}},{"type":"Feature","geometry":{"type":"Point","coordinates":[-117.410203,47.600585]},"properties":{"id":"ora-wa-1300","name":"US 195 at MP 92.3: Meadowlane Rd.","state":"WA","provider":"WSDOT","hls":null,"snapshot":"https://images.wsdot.wa.gov/spokane/wsdot_195_09230_meadowlane.jpg","refreshMs":30000,"attribution":"Ora (Warner Varnado) · WSDOT"}},{"type":"Feature","geometry":{"type":"Point","coordinates":[-117.418278,47.610405]},"properties":{"id":"ora-wa-1301","name":"US 195 at MP 93: Qualchin Rd","state":"WA","provider":"WSDOT","hls":null,"snapshot":"https://images.wsdot.wa.gov/spokane/wsdot_195_09300_qualchan.jpg","refreshMs":30000,"attribution":"Ora (Warner Varnado) · WSDOT"}},{"type":"Feature","geometry":{"type":"Point","coordinates":[-117.432318,47.619317]},"properties":{"id":"ora-wa-1302","name":"US 195 at MP 93.8: Cheney Spokane Rd","state":"WA","provider":"WSDOT","hls":null,"snapshot":"https://images.wsdot.wa.gov/spokane/wsdot_195_09380_cheney_spokane.jpg","refreshMs":30000,"attribution":"Ora (Warner Varnado) · WSDOT"}},{"type":"Feature","geometry":{"type":"Point","coordinates":[-117.439805,47.62491]},"properties":{"id":"ora-wa-1303","name":"US 195 at MP 94.3: Inland Empire Way","state":"WA","provider":"WSDOT","hls":null,"snapshot":"https://images.wsdot.wa.gov/spokane/wsdot_195_09430_inland_empire.jpg","refreshMs":30000,"attribution":"Ora (Warner Varnado) · WSDOT"}},{"type":"Feature","geometry":{"type":"Point","coordinates":[-117.444323,47.632032]},"properties":{"id":"ora-wa-1304","name":"US 195 at MP 94.9: Thorpe Rd","state":"WA","provider":"WSDOT","hls":null,"snapshot":"https://images.wsdot.wa.gov/spokane/wsdot_195_09490_thorpe.jpg","refreshMs":30000,"attribution":"Ora (Warner Varnado) · WSDOT"}},{"type":"Feature","geometry":{"type":"Point","coordinates":[-117.448323,47.640889]},"properties":{"id":"ora-wa-1305","name":"US 195 at MP 95.6: 16th Ave","state":"WA","provider":"WSDOT","hls":null,"snapshot":"https://images.wsdot.wa.gov/spokane/wsdot_195_09560_16th.jpg","refreshMs":30000,"attribution":"Ora (Warner Varnado) · WSDOT"}},{"type":"Feature","geometry":{"type":"Point","coordinates":[-122.189605,47.979109]},"properties":{"id":"ora-wa-1306","name":"US 2 at MP 0: Under I-5 Interchange","state":"WA","provider":"WSDOT","hls":null,"snapshot":"https://images.wsdot.wa.gov/nw/002vc00001.jpg","refreshMs":30000,"attribution":"Ora (Warner Varnado) · WSDOT"}},{"type":"Feature","geometry":{"type":"Point","coordinates":[-122.178886,47.978345]},"properties":{"id":"ora-wa-1307","name":"US 2 at MP 0.6: Homeacres Rd","state":"WA","provider":"WSDOT","hls":null,"snapshot":"https://images.wsdot.wa.gov/nw/002vc00068.jpg","refreshMs":30000,"attribution":"Ora (Warner Varnado) · WSDOT"}},{"type":"Feature","geometry":{"type":"Point","coordinates":[-122.135136,47.978434]},"properties":{"id":"ora-wa-1308","name":"US 2 at MP 2.4:  SR 204 Interchange","state":"WA","provider":"WSDOT","hls":null,"snapshot":"https://images.wsdot.wa.gov/nw/002vc00240.jpg","refreshMs":30000,"attribution":"Ora (Warner Varnado) · WSDOT"}},{"type":"Feature","geometry":{"type":"Point","coordinates":[-122.145749,47.977981]},"properties":{"id":"ora-wa-1309","name":"US 2 at MP 2: Ebey Slough","state":"WA","provider":"WSDOT","hls":null,"snapshot":"https://images.wsdot.wa.gov/nw/002vc00207.jpg","refreshMs":30000,"attribution":"Ora (Warner Varnado) · WSDOT"}},{"type":"Feature","geometry":{"type":"Point","coordinates":[-122.122439,47.96066]},"properties":{"id":"ora-wa-1310","name":"US 2 at MP 3.9: Bickford Ave","state":"WA","provider":"WSDOT","hls":null,"snapshot":"https://images.wsdot.wa.gov/nw/002vc00395.jpg","refreshMs":30000,"attribution":"Ora (Warner Varnado) · WSDOT"}},{"type":"Feature","geometry":{"type":"Point","coordinates":[-122.104128,47.951891]},"properties":{"id":"ora-wa-1311","name":"US 2 at MP 5: SR 9 Interchange","state":"WA","provider":"WSDOT","hls":null,"snapshot":"https://images.wsdot.wa.gov/nw/002VC00504.jpg","refreshMs":30000,"attribution":"Ora (Warner Varnado) · WSDOT"}},{"type":"Feature","geometry":{"type":"Point","coordinates":[-122.009523,47.873127]},"properties":{"id":"ora-wa-1312","name":"US 2 at MP 12.9: Fryelands Blvd / Roosevelt Rd SE","state":"WA","provider":"WSDOT","hls":null,"snapshot":"https://images.wsdot.wa.gov/nw/002vc01294.jpg","refreshMs":30000,"attribution":"Ora (Warner Varnado) · WSDOT"}},{"type":"Feature","geometry":{"type":"Point","coordinates":[-121.984485,47.863226]},"properties":{"id":"ora-wa-1313","name":"US 2 at MP 14.3: SR 522 Interchange","state":"WA","provider":"WSDOT","hls":null,"snapshot":"https://images.wsdot.wa.gov/nw/002vc01429.jpg","refreshMs":30000,"attribution":"Ora (Warner Varnado) · WSDOT"}},{"type":"Feature","geometry":{"type":"Point","coordinates":[-121.990597,47.865683]},"properties":{"id":"ora-wa-1314","name":"US 2 at MP 13.9: 179th Ave SE","state":"WA","provider":"WSDOT","hls":null,"snapshot":"https://images.wsdot.wa.gov/nw/002vc01390.jpg","refreshMs":30000,"attribution":"Ora (Warner Varnado) · WSDOT"}},{"type":"Feature","geometry":{"type":"Point","coordinates":[-121.978281,47.861098]},"properties":{"id":"ora-wa-1315","name":"US 2 at MP 14.6: Kelsey St","state":"WA","provider":"WSDOT","hls":null,"snapshot":"https://images.wsdot.wa.gov/nw/002vc01460.jpg","refreshMs":30000,"attribution":"Ora (Warner Varnado) · WSDOT"}},{"type":"Feature","geometry":{"type":"Point","coordinates":[-121.971514,47.85955]},"properties":{"id":"ora-wa-1316","name":"US 2 at MP 14.9: Lewis St (SR 203)","state":"WA","provider":"WSDOT","hls":null,"snapshot":"https://images.wsdot.wa.gov/nw/002vc01494.jpg","refreshMs":30000,"attribution":"Ora (Warner Varnado) · WSDOT"}},{"type":"Feature","geometry":{"type":"Point","coordinates":[-121.96519,47.858128]},"properties":{"id":"ora-wa-1317","name":"US 2 at MP 15.2: Main St","state":"WA","provider":"WSDOT","hls":null,"snapshot":"https://images.wsdot.wa.gov/nw/002vc01525.jpg","refreshMs":30000,"attribution":"Ora (Warner Varnado) · WSDOT"}},{"type":"Feature","geometry":{"type":"Point","coordinates":[-121.832352,47.857613]},"properties":{"id":"ora-wa-1318","name":"US 2 at MP 21.5: Old Owen Rd","state":"WA","provider":"WSDOT","hls":null,"snapshot":"https://images.wsdot.wa.gov/nw/002vc02158.jpg","refreshMs":30000,"attribution":"Ora (Warner Varnado) · WSDOT"}},{"type":"Feature","geometry":{"type":"Point","coordinates":[-121.817147,47.861678]},"properties":{"id":"ora-wa-1319","name":"US 2 at MP 22.3: 5th St","state":"WA","provider":"WSDOT","hls":null,"snapshot":"https://images.wsdot.wa.gov/nw/002vc02235.jpg","refreshMs":30000,"attribution":"Ora (Warner Varnado) · WSDOT"}},{"type":"Feature","geometry":{"type":"Point","coordinates":[-121.799193,47.864477]},"properties":{"id":"ora-wa-1320","name":"US 2 at MP 23.2: Sultan Basin Rd","state":"WA","provider":"WSDOT","hls":null,"snapshot":"https://images.wsdot.wa.gov/nw/002vc02322.jpg","refreshMs":30000,"attribution":"Ora (Warner Varnado) · WSDOT"}},{"type":"Feature","geometry":{"type":"Point","coordinates":[-121.777251,47.867991]},"properties":{"id":"ora-wa-1321","name":"US 2 at MP 24.2: Rice Rd","state":"WA","provider":"WSDOT","hls":null,"snapshot":"https://images.wsdot.wa.gov/nw/002vc02427.jpg","refreshMs":30000,"attribution":"Ora (Warner Varnado) · WSDOT"}},{"type":"Feature","geometry":{"type":"Point","coordinates":[-121.417381,47.732568]},"properties":{"id":"ora-wa-1322","name":"US 2 at MP 45.6 (Skykomish)","state":"WA","provider":"WSDOT","hls":null,"snapshot":"https://images.wsdot.wa.gov/nw/002vc04558.jpg","refreshMs":30000,"attribution":"Ora (Warner Varnado) · WSDOT"}},{"type":"Feature","geometry":{"type":"Point","coordinates":[-121.133813,47.732665]},"properties":{"id":"ora-wa-1323","name":"US 2 at MP 61.9: Old Faithful Avalanche Zone","state":"WA","provider":"WSDOT","hls":null,"snapshot":"https://images.wsdot.wa.gov/nc/002vc06190.jpg","refreshMs":30000,"attribution":"Ora (Warner Varnado) · WSDOT"}},{"type":"Feature","geometry":{"type":"Point","coordinates":[-121.121215,47.7461]},"properties":{"id":"ora-wa-1324","name":"US 2 at MP 63: Big Windy","state":"WA","provider":"WSDOT","hls":null,"snapshot":"https://images.wsdot.wa.gov/nc/002vc06300.jpg","refreshMs":30000,"attribution":"Ora (Warner Varnado) · WSDOT"}},{"type":"Feature","geometry":{"type":"Point","coordinates":[-121.088696,47.746118]},"properties":{"id":"ora-wa-1325","name":"US 2 at MP 64.6: East Stevens Pass Summit","state":"WA","provider":"WSDOT","hls":null,"snapshot":"https://images.wsdot.wa.gov/nc/002vc06458.jpg","refreshMs":30000,"attribution":"Ora (Warner Varnado) · WSDOT"}},{"type":"Feature","geometry":{"type":"Point","coordinates":[-121.090291,47.745193]},"properties":{"id":"ora-wa-1326","name":"US 2 at MP 64.3: West Stevens Pass - Ski Lodge","state":"WA","provider":"WSDOT","hls":null,"snapshot":"https://images.wsdot.wa.gov/nc/002vc06430.jpg","refreshMs":30000,"attribution":"Ora (Warner Varnado) · WSDOT"}},{"type":"Feature","geometry":{"type":"Point","coordinates":[-120.739491,47.756511]},"properties":{"id":"ora-wa-1327","name":"US 2 at MP 84.5: SR 207 Coles Corner looking West","state":"WA","provider":"WSDOT","hls":null,"snapshot":"https://images.wsdot.wa.gov/nc/002vc08456.jpg","refreshMs":30000,"attribution":"Ora (Warner Varnado) · WSDOT"}},{"type":"Feature","geometry":{"type":"Point","coordinates":[-120.739587,47.756641]},"properties":{"id":"ora-wa-1328","name":"US 2 at MP 84.5: SR 207 Coles Corner looking East","state":"WA","provider":"WSDOT","hls":null,"snapshot":"https://images.wsdot.wa.gov/nc/002vc08457.jpg","refreshMs":30000,"attribution":"Ora (Warner Varnado) · WSDOT"}},{"type":"Feature","geometry":{"type":"Point","coordinates":[-120.661354,47.596213]},"properties":{"id":"ora-wa-1329","name":"US 2 at MP 99.9: Leavenworth","state":"WA","provider":"WSDOT","hls":null,"snapshot":"https://images.wsdot.wa.gov/nc/002vc09989.jpg","refreshMs":30000,"attribution":"Ora (Warner Varnado) · WSDOT"}},{"type":"Feature","geometry":{"type":"Point","coordinates":[-120.647729,47.597056]},"properties":{"id":"ora-wa-1330","name":"US 2 at MP 100.6: E. Leavenworth","state":"WA","provider":"WSDOT","hls":null,"snapshot":"https://images.wsdot.wa.gov/nc/002vc10063.jpg","refreshMs":30000,"attribution":"Ora (Warner Varnado) · WSDOT"}},{"type":"Feature","geometry":{"type":"Point","coordinates":[-120.60563,47.567065]},"properties":{"id":"ora-wa-1331","name":"US 2 at MP 103.7: Peshastin","state":"WA","provider":"WSDOT","hls":null,"snapshot":"https://images.wsdot.wa.gov/nc/002vc10367.jpg","refreshMs":30000,"attribution":"Ora (Warner Varnado) · WSDOT"}},{"type":"Feature","geometry":{"type":"Point","coordinates":[-120.601055,47.56364]},"properties":{"id":"ora-wa-1332","name":"US 2 at MP 104.8: Don Senn Memorial Interchange","state":"WA","provider":"WSDOT","hls":null,"snapshot":"https://images.wsdot.wa.gov/nc/002vc10481.jpg","refreshMs":30000,"attribution":"Ora (Warner Varnado) · WSDOT"}},{"type":"Feature","geometry":{"type":"Point","coordinates":[-120.337527,47.468171]},"properties":{"id":"ora-wa-1333","name":"US 2 at MP 118.7: US 97 Interchange (View South)","state":"WA","provider":"WSDOT","hls":null,"snapshot":"https://images.wsdot.wa.gov/nc/002vc11875.jpg","refreshMs":30000,"attribution":"Ora (Warner Varnado) · WSDOT"}},{"type":"Feature","geometry":{"type":"Point","coordinates":[-120.299551,47.467786]},"properties":{"id":"ora-wa-1334","name":"US 2 at MP 127.8: US 97 I/C E. End Odabashian Br.","state":"WA","provider":"WSDOT","hls":null,"snapshot":"https://images.wsdot.wa.gov/nc/028vc00001.jpg","refreshMs":30000,"attribution":"Ora (Warner Varnado) · WSDOT"}},{"type":"Feature","geometry":{"type":"Point","coordinates":[-120.147112,47.650852]},"properties":{"id":"ora-wa-1335","name":"US 2 at MP 144.6: (View West)","state":"WA","provider":"WSDOT","hls":null,"snapshot":"https://images.wsdot.wa.gov/nc/002vc14457.jpg","refreshMs":30000,"attribution":"Ora (Warner Varnado) · WSDOT"}},{"type":"Feature","geometry":{"type":"Point","coordinates":[-120.074287,47.642231]},"properties":{"id":"ora-wa-1336","name":"US 2 at MP 149.3: (View S.W.)","state":"WA","provider":"WSDOT","hls":null,"snapshot":"https://images.wsdot.wa.gov/nc/002vc14930.jpg","refreshMs":30000,"attribution":"Ora (Warner Varnado) · WSDOT"}},{"type":"Feature","geometry":{"type":"Point","coordinates":[-119.26254,47.638304]},"properties":{"id":"ora-wa-1337","name":"US 2 at MP 193.4: Coulee City","state":"WA","provider":"WSDOT","hls":null,"snapshot":"https://images.wsdot.wa.gov/nc/002vc19335.jpg","refreshMs":30000,"attribution":"Ora (Warner Varnado) · WSDOT"}},{"type":"Feature","geometry":{"type":"Point","coordinates":[-117.644581,47.642919]},"properties":{"id":"ora-wa-1338","name":"US 2 at MP 275.3: Fairchild looking","state":"WA","provider":"WSDOT","hls":null,"snapshot":"https://images.wsdot.wa.gov/spokane/wsdot_002_27503_fairchilde.jpg","refreshMs":30000,"attribution":"Ora (Warner Varnado) · WSDOT"}},{"type":"Feature","geometry":{"type":"Point","coordinates":[-117.561478,47.642877]},"properties":{"id":"ora-wa-1339","name":"US 2 at MP 279.2: Hayford Rd","state":"WA","provider":"WSDOT","hls":null,"snapshot":"https://images.wsdot.wa.gov/spokane/wsdot_002_27923_hayford.jpg","refreshMs":30000,"attribution":"Ora (Warner Varnado) · WSDOT"}},{"type":"Feature","geometry":{"type":"Point","coordinates":[-117.501662,47.642741]},"properties":{"id":"ora-wa-1340","name":"US 2 at MP 282: Sunset Hwy","state":"WA","provider":"WSDOT","hls":null,"snapshot":"https://images.wsdot.wa.gov/spokane/wsdot_002_28200_sunset.jpg","refreshMs":30000,"attribution":"Ora (Warner Varnado) · WSDOT"}},{"type":"Feature","geometry":{"type":"Point","coordinates":[-117.397028,47.754622]},"properties":{"id":"ora-wa-1341","name":"US 2 at MP 294.1: Nevada St","state":"WA","provider":"WSDOT","hls":null,"snapshot":"https://images.wsdot.wa.gov/spokane/wsdot_002_29410_nevada.jpg","refreshMs":30000,"attribution":"Ora (Warner Varnado) · WSDOT"}},{"type":"Feature","geometry":{"type":"Point","coordinates":[-117.383344,47.768692]},"properties":{"id":"ora-wa-1342","name":"US 2 at MP 295.2: Pittsburg St","state":"WA","provider":"WSDOT","hls":null,"snapshot":"https://images.wsdot.wa.gov/spokane/wsdot_002_29527_pittsburg.jpg","refreshMs":30000,"attribution":"Ora (Warner Varnado) · WSDOT"}},{"type":"Feature","geometry":{"type":"Point","coordinates":[-117.378519,47.772427]},"properties":{"id":"ora-wa-1343","name":"US 2 at MP 295.6: Farwell Rd","state":"WA","provider":"WSDOT","hls":null,"snapshot":"https://images.wsdot.wa.gov/spokane/wsdot_002_29560_farwell.jpg","refreshMs":30000,"attribution":"Ora (Warner Varnado) · WSDOT"}},{"type":"Feature","geometry":{"type":"Point","coordinates":[-117.34956,47.970647]},"properties":{"id":"ora-wa-1344","name":"US 2 at MP 310.1: Deer Park-Milan Rd","state":"WA","provider":"WSDOT","hls":null,"snapshot":"https://images.wsdot.wa.gov/spokane/wsdot_002_31010_deerpark.jpg","refreshMs":30000,"attribution":"Ora (Warner Varnado) · WSDOT"}},{"type":"Feature","geometry":{"type":"Point","coordinates":[-119.133131,46.22986]},"properties":{"id":"ora-wa-1345","name":"US 395 at MP 19.2: Blue Bridge","state":"WA","provider":"WSDOT","hls":null,"snapshot":"https://images.wsdot.wa.gov/sc/395VC01921.jpg","refreshMs":30000,"attribution":"Ora (Warner Varnado) · WSDOT"}},{"type":"Feature","geometry":{"type":"Point","coordinates":[-119.093342,46.283581]},"properties":{"id":"ora-wa-1346","name":"US 395 at MP 25.0 Foster Wells","state":"WA","provider":"WSDOT","hls":null,"snapshot":"https://images.wsdot.wa.gov/sc/395vc02500.jpg","refreshMs":30000,"attribution":"Ora (Warner Varnado) · WSDOT"}},{"type":"Feature","geometry":{"type":"Point","coordinates":[-119.086276,46.358624]},"properties":{"id":"ora-wa-1347","name":"US 395 at MP 30.23 Crestloch","state":"WA","provider":"WSDOT","hls":null,"snapshot":"https://images.wsdot.wa.gov/sc/395vc03023.jpg","refreshMs":30000,"attribution":"Ora (Warner Varnado) · WSDOT"}},{"type":"Feature","geometry":{"type":"Point","coordinates":[-118.741467,46.791737]},"properties":{"id":"ora-wa-1348","name":"US 395 at MP 66.7: SR 26 Interchange Hatton Coulee","state":"WA","provider":"WSDOT","hls":null,"snapshot":"https://images.wsdot.wa.gov/spokane/wsdot_395_06670_hatton.jpg","refreshMs":30000,"attribution":"Ora (Warner Varnado) · WSDOT"}},{"type":"Feature","geometry":{"type":"Point","coordinates":[-117.410886,47.751171]},"properties":{"id":"ora-wa-1349","name":"US 395 at MP 165.3: Hawthorne Rd","state":"WA","provider":"WSDOT","hls":null,"snapshot":"https://images.wsdot.wa.gov/spokane/wsdot_division_hawthorne.jpg","refreshMs":30000,"attribution":"Ora (Warner Varnado) · WSDOT"}},{"type":"Feature","geometry":{"type":"Point","coordinates":[-117.402576,47.774967]},"properties":{"id":"ora-wa-1350","name":"US 395 at MP 167.9: Wandermere Rd","state":"WA","provider":"WSDOT","hls":null,"snapshot":"https://images.wsdot.wa.gov/spokane/wsdot_division_wandermere.jpg","refreshMs":30000,"attribution":"Ora (Warner Varnado) · WSDOT"}},{"type":"Feature","geometry":{"type":"Point","coordinates":[-117.407031,47.787124]},"properties":{"id":"ora-wa-1351","name":"US 395 at MP 168: Little Spokane River","state":"WA","provider":"WSDOT","hls":null,"snapshot":"https://images.wsdot.wa.gov/rweather/395vc16790-1.jpg","refreshMs":30000,"attribution":"Ora (Warner Varnado) · WSDOT"}},{"type":"Feature","geometry":{"type":"Point","coordinates":[-117.598056,48.028583]},"properties":{"id":"ora-wa-1352","name":"US 395 at MP 188.1: Loon Lake Summit","state":"WA","provider":"WSDOT","hls":null,"snapshot":"https://images.wsdot.wa.gov/rweather/ClaytonRd.jpg","refreshMs":30000,"attribution":"Ora (Warner Varnado) · WSDOT"}},{"type":"Feature","geometry":{"type":"Point","coordinates":[-117.90577,48.54227]},"properties":{"id":"ora-wa-1353","name":"US 395 at MP 229.34: Colville - Birch Ave","state":"WA","provider":"WSDOT","hls":null,"snapshot":"https://images.wsdot.wa.gov/spokane/wsdot_395_22934_birch.jpg","refreshMs":30000,"attribution":"Ora (Warner Varnado) · WSDOT"}},{"type":"Feature","geometry":{"type":"Point","coordinates":[-117.9204,48.55493]},"properties":{"id":"ora-wa-1354","name":"US 395 at MP 230.6: Colville - Canning Dr","state":"WA","provider":"WSDOT","hls":null,"snapshot":"https://images.wsdot.wa.gov/spokane/wsdot_395_23060_canning.jpg","refreshMs":30000,"attribution":"Ora (Warner Varnado) · WSDOT"}},{"type":"Feature","geometry":{"type":"Point","coordinates":[-118.22391,48.9997]},"properties":{"id":"ora-wa-1355","name":"US 395 at MP 270.1: Laurier","state":"WA","provider":"WSDOT","hls":null,"snapshot":"https://images.wsdot.wa.gov/rweather/laurier.jpg","refreshMs":30000,"attribution":"Ora (Warner Varnado) · WSDOT"}},{"type":"Feature","geometry":{"type":"Point","coordinates":[-117.362226,47.708964]},"properties":{"id":"ora-wa-1356","name":"US 395 NSC at MP 161: Rowan Ave","state":"WA","provider":"WSDOT","hls":null,"snapshot":"https://images.wsdot.wa.gov/spokane/wsdot_395nsc_16100_rowan.jpg","refreshMs":30000,"attribution":"Ora (Warner Varnado) · WSDOT"}},{"type":"Feature","geometry":{"type":"Point","coordinates":[-117.362208,47.704145]},"properties":{"id":"ora-wa-1357","name":"US 395 NSC at MP 160.7: Wellesley Ave","state":"WA","provider":"WSDOT","hls":null,"snapshot":"https://images.wsdot.wa.gov/spokane/wsdot_395nsc_16067_wellesley_nb.jpg","refreshMs":30000,"attribution":"Ora (Warner Varnado) · WSDOT"}},{"type":"Feature","geometry":{"type":"Point","coordinates":[-117.356723,47.722373]},"properties":{"id":"ora-wa-1358","name":"US 395 NSC at MP 162.1: NSC 395 & Freya","state":"WA","provider":"WSDOT","hls":null,"snapshot":"https://images.wsdot.wa.gov/spokane/wsdot_395nsc_16216_freya.jpg","refreshMs":30000,"attribution":"Ora (Warner Varnado) · WSDOT"}},{"type":"Feature","geometry":{"type":"Point","coordinates":[-117.359705,47.720044]},"properties":{"id":"ora-wa-1359","name":"US 395 NSC at MP 161.8: Francis Ave","state":"WA","provider":"WSDOT","hls":null,"snapshot":"https://images.wsdot.wa.gov/spokane/wsdot_395nsc_16180_francis.jpg","refreshMs":30000,"attribution":"Ora (Warner Varnado) · WSDOT"}},{"type":"Feature","geometry":{"type":"Point","coordinates":[-117.360455,47.741576]},"properties":{"id":"ora-wa-1360","name":"US 395 NSC at MP 163.4: NSC 395 & Fairview","state":"WA","provider":"WSDOT","hls":null,"snapshot":"https://images.wsdot.wa.gov/spokane/wsdot_395nsc_16341_fairview.jpg","refreshMs":30000,"attribution":"Ora (Warner Varnado) · WSDOT"}},{"type":"Feature","geometry":{"type":"Point","coordinates":[-117.359611,47.736128]},"properties":{"id":"ora-wa-1361","name":"US 395 NSC at MP 163: NSC 395 & Gerlach","state":"WA","provider":"WSDOT","hls":null,"snapshot":"https://images.wsdot.wa.gov/spokane/wsdot_395nsc_16307_gerlach.jpg","refreshMs":30000,"attribution":"Ora (Warner Varnado) · WSDOT"}},{"type":"Feature","geometry":{"type":"Point","coordinates":[-117.354851,47.72865]},"properties":{"id":"ora-wa-1362","name":"US 395 NSC at MP 162.5: NSC 395 & Lincoln","state":"WA","provider":"WSDOT","hls":null,"snapshot":"https://images.wsdot.wa.gov/spokane/wsdot_395nsc_16256_lincoln.jpg","refreshMs":30000,"attribution":"Ora (Warner Varnado) · WSDOT"}},{"type":"Feature","geometry":{"type":"Point","coordinates":[-117.359211,47.749696]},"properties":{"id":"ora-wa-1363","name":"US 395 NSC at MP 164.1: NSC 395 & Market","state":"WA","provider":"WSDOT","hls":null,"snapshot":"https://images.wsdot.wa.gov/spokane/wsdot_395nsc_16417_market.jpg","refreshMs":30000,"attribution":"Ora (Warner Varnado) · WSDOT"}},{"type":"Feature","geometry":{"type":"Point","coordinates":[-117.366831,47.763987]},"properties":{"id":"ora-wa-1364","name":"US 395 NSC at MP 165.2: NSC 395 & Farwell","state":"WA","provider":"WSDOT","hls":null,"snapshot":"https://images.wsdot.wa.gov/spokane/wsdot_395nsc_16539_farwell.jpg","refreshMs":30000,"attribution":"Ora (Warner Varnado) · WSDOT"}},{"type":"Feature","geometry":{"type":"Point","coordinates":[-117.36399,47.758238]},"properties":{"id":"ora-wa-1365","name":"US 395 NSC at MP 164.5: NSC 395  & Parksmith","state":"WA","provider":"WSDOT","hls":null,"snapshot":"https://images.wsdot.wa.gov/spokane/wsdot_395nsc_16453_parksmith.jpg","refreshMs":30000,"attribution":"Ora (Warner Varnado) · WSDOT"}},{"type":"Feature","geometry":{"type":"Point","coordinates":[-117.372054,47.775444]},"properties":{"id":"ora-wa-1366","name":"US 395 NSC at MP 165.7: US 2 Interchange","state":"WA","provider":"WSDOT","hls":null,"snapshot":"https://images.wsdot.wa.gov/spokane/wsdot_395nsc_16571_002.jpg","refreshMs":30000,"attribution":"Ora (Warner Varnado) · WSDOT"}},{"type":"Feature","geometry":{"type":"Point","coordinates":[-117.379082,47.778545]},"properties":{"id":"ora-wa-1367","name":"US 395 NSC at MP 166.3: NSC 395 & Shady Slope","state":"WA","provider":"WSDOT","hls":null,"snapshot":"https://images.wsdot.wa.gov/spokane/wsdot_395nsc_16630_shady_slope.jpg","refreshMs":30000,"attribution":"Ora (Warner Varnado) · WSDOT"}},{"type":"Feature","geometry":{"type":"Point","coordinates":[-117.389017,47.778935]},"properties":{"id":"ora-wa-1368","name":"US 395 NSC at MP 166.7: NSC 395 & Perry","state":"WA","provider":"WSDOT","hls":null,"snapshot":"https://images.wsdot.wa.gov/spokane/wsdot_395nsc_16670_perry.jpg","refreshMs":30000,"attribution":"Ora (Warner Varnado) · WSDOT"}},{"type":"Feature","geometry":{"type":"Point","coordinates":[-117.396681,47.778925]},"properties":{"id":"ora-wa-1369","name":"US 395 NSC at MP 167.9: NSC 395 & Wandemere","state":"WA","provider":"WSDOT","hls":null,"snapshot":"https://images.wsdot.wa.gov/spokane/wsdot_395nsc_16690_wandermere.jpg","refreshMs":30000,"attribution":"Ora (Warner Varnado) · WSDOT"}},{"type":"Feature","geometry":{"type":"Point","coordinates":[-120.821534,45.696579]},"properties":{"id":"ora-wa-1370","name":"US 97 at MP 2.2: SR14 Maryhill","state":"WA","provider":"WSDOT","hls":null,"snapshot":"https://images.wsdot.wa.gov/sw/097vc00228.jpg","refreshMs":30000,"attribution":"Ora (Warner Varnado) · WSDOT"}},{"type":"Feature","geometry":{"type":"Point","coordinates":[-120.653807,45.983806]},"properties":{"id":"ora-wa-1371","name":"US 97 at MP 27.1: Satus Pass","state":"WA","provider":"WSDOT","hls":null,"snapshot":"https://images.wsdot.wa.gov/sw/097vc02711.jpg","refreshMs":30000,"attribution":"Ora (Warner Varnado) · WSDOT"}},{"type":"Feature","geometry":{"type":"Point","coordinates":[-120.57795,46.03854]},"properties":{"id":"ora-wa-1372","name":"US 97 at MP 34.5: Yakima County Line","state":"WA","provider":"WSDOT","hls":null,"snapshot":"https://images.wsdot.wa.gov/rweather/Medium_Us97@YakimaCountyLine.jpg","refreshMs":30000,"attribution":"Ora (Warner Varnado) · WSDOT"}},{"type":"Feature","geometry":{"type":"Point","coordinates":[-120.435107,46.461968]},"properties":{"id":"ora-wa-1373","name":"US 97 at MP 70.15:  Jones Road Roundabout","state":"WA","provider":"WSDOT","hls":null,"snapshot":"https://images.wsdot.wa.gov/sc/097vc07015.jpg","refreshMs":30000,"attribution":"Ora (Warner Varnado) · WSDOT"}},{"type":"Feature","geometry":{"type":"Point","coordinates":[-120.578397,47.334975]},"properties":{"id":"ora-wa-1374","name":"US 97 at MP 163.8: Blewett Pass Summit","state":"WA","provider":"WSDOT","hls":null,"snapshot":"https://images.wsdot.wa.gov/nc/097vc16375.jpg","refreshMs":30000,"attribution":"Ora (Warner Varnado) · WSDOT"}},{"type":"Feature","geometry":{"type":"Point","coordinates":[-120.592839,47.558857]},"properties":{"id":"ora-wa-1375","name":"US 97 at MP 185: Don Senn Memorial Interchange","state":"WA","provider":"WSDOT","hls":null,"snapshot":"https://images.wsdot.wa.gov/nc/097vc18494.jpg","refreshMs":30000,"attribution":"Ora (Warner Varnado) · WSDOT"}},{"type":"Feature","geometry":{"type":"Point","coordinates":[-119.920223,47.873164]},"properties":{"id":"ora-wa-1376","name":"US 97 at MP 240: N. Chelan Falls","state":"WA","provider":"WSDOT","hls":null,"snapshot":"https://images.wsdot.wa.gov/nc/097vc24013.jpg","refreshMs":30000,"attribution":"Ora (Warner Varnado) · WSDOT"}},{"type":"Feature","geometry":{"type":"Point","coordinates":[-119.509863,48.415822]},"properties":{"id":"ora-wa-1377","name":"US 97 at MP 292: Engh Rd (View South)","state":"WA","provider":"WSDOT","hls":null,"snapshot":"https://images.wsdot.wa.gov/nc/097vc29232.jpg","refreshMs":30000,"attribution":"Ora (Warner Varnado) · WSDOT"}},{"type":"Feature","geometry":{"type":"Point","coordinates":[-119.509673,48.416047]},"properties":{"id":"ora-wa-1378","name":"US 97 at MP 292: Engh Rd (View North)","state":"WA","provider":"WSDOT","hls":null,"snapshot":"https://images.wsdot.wa.gov/nc/097vc29233.jpg","refreshMs":30000,"attribution":"Ora (Warner Varnado) · WSDOT"}},{"type":"Feature","geometry":{"type":"Point","coordinates":[-119.508878,48.500359]},"properties":{"id":"ora-wa-1379","name":"US 97 at MP 299: Riverside","state":"WA","provider":"WSDOT","hls":null,"snapshot":"https://images.wsdot.wa.gov/nc/097vc29902.jpg","refreshMs":30000,"attribution":"Ora (Warner Varnado) · WSDOT"}},{"type":"Feature","geometry":{"type":"Point","coordinates":[-119.453851,48.982285]},"properties":{"id":"ora-wa-1380","name":"US 97 at MP 335: (View","state":"WA","provider":"WSDOT","hls":null,"snapshot":"https://images.wsdot.wa.gov/nc/097vc33518.jpg","refreshMs":30000,"attribution":"Ora (Warner Varnado) · WSDOT"}},{"type":"Feature","geometry":{"type":"Point","coordinates":[-119.461365,48.998933]},"properties":{"id":"ora-wa-1381","name":"US 97 at MP 336.4: (View","state":"WA","provider":"WSDOT","hls":null,"snapshot":"https://images.wsdot.wa.gov/nc/097vc33640.jpg","refreshMs":30000,"attribution":"Ora (Warner Varnado) · WSDOT"}},{"type":"Feature","geometry":{"type":"Point","coordinates":[-120.325,47.4702]},"properties":{"id":"ora-wa-1382","name":"US 97A at MP 199.83: W. End Odabashian Br.","state":"WA","provider":"WSDOT","hls":null,"snapshot":"https://images.wsdot.wa.gov/nc/002vc11957.jpg","refreshMs":30000,"attribution":"Ora (Warner Varnado) · WSDOT"}}]}