{"type":"FeatureCollection","features":[{"type":"Feature","geometry":{"type":"Point","coordinates":[-104.855988,41.079213]},"properties":{"id":"ora-wy-0","name":"Cheyenne South POE","state":"WY","provider":"Wyoming DOT","hls":null,"snapshot":"https://www.wyoroad.info/web-cam/cache?ref=VTJGc2RHVmtYMS91RGczTkNQOFY3SmhIYVNQckhXdEtqMDVtc3JmRGVMNnZxTE5TUE1Na1FRMFBjL3l4MGJBRERPN3ZRWmdxR2JpeHRSTC81ZkQ4Q2sxaUdrQ1BOVlNhcFJyNWRLTlVtanM9","refreshMs":30000,"attribution":"Ora (Warner Varnado) · Wyoming DOT"}},{"type":"Feature","geometry":{"type":"Point","coordinates":[-109.45995,41.531855]},"properties":{"id":"ora-wy-1","name":"Green River Tunnel East","state":"WY","provider":"Wyoming DOT","hls":null,"snapshot":"https://www.wyoroad.info/web-cam/cache?ref=VTJGc2RHVmtYMThESGFQUkVXV2ZpUkFnUGhieUpNZ2tzMWVoM1J6aW5uOWkrcWVKOVhrL0ZvUFpLTUx6aCt5UWkvMFpnRGJiYW5IeTRualVhb0J2MkVFWkVuVjZSelNpUmMwbm1oT1F3NFU9","refreshMs":30000,"attribution":"Ora (Warner Varnado) · Wyoming DOT"}},{"type":"Feature","geometry":{"type":"Point","coordinates":[-105.437194,41.240138]},"properties":{"id":"ora-wy-2","name":"Summit","state":"WY","provider":"Wyoming DOT","hls":null,"snapshot":"https://www.wyoroad.info/web-cam/cache?ref=VTJGc2RHVmtYMStUQnlQb1RZMjBFODhCaUNnVmxJTGlTTnBOM2c3NnZ6SGw3SjhaK052WkVRYTM4bHdGeGZMYVE0bkhVU1NsSHBnVWFoMGx1TEFEcmc9PQ==","refreshMs":30000,"attribution":"Ora (Warner Varnado) · Wyoming DOT"}},{"type":"Feature","geometry":{"type":"Point","coordinates":[-104.8778,41.11748333]},"properties":{"id":"ora-wy-3","name":"Roundtop","state":"WY","provider":"Wyoming DOT","hls":null,"snapshot":"https://www.wyoroad.info/web-cam/cache?ref=VTJGc2RHVmtYMStGc3VpTzhlSFhaYUd5Y3Z5ejFrN3luU2xqODE4N1ovWERGWHZGOGFwZHFNcWtOanBUNVpFbVpuWVBzenhDWTA4VUZNOVIxcDJzYmc9PQ==","refreshMs":30000,"attribution":"Ora (Warner Varnado) · Wyoming DOT"}},{"type":"Feature","geometry":{"type":"Point","coordinates":[-105.1589,41.098697]},"properties":{"id":"ora-wy-4","name":"Harriman","state":"WY","provider":"Wyoming DOT","hls":null,"snapshot":"https://www.wyoroad.info/web-cam/cache?ref=VTJGc2RHVmtYMStISGJSYm1oLzlsdmhxWGpZcGVMQVBiL0svc3IwQWJvV2VZV2d5ejNDSDYwNzBmUU5QSGk0dENyV0dxZUsxQUl1U0dsaGJOVWdDOWc9PQ==","refreshMs":30000,"attribution":"Ora (Warner Varnado) · Wyoming DOT"}},{"type":"Feature","geometry":{"type":"Point","coordinates":[-104.083162,41.172596]},"properties":{"id":"ora-wy-5","name":"Pine Bluffs","state":"WY","provider":"Wyoming DOT","hls":null,"snapshot":"https://www.wyoroad.info/web-cam/cache?ref=VTJGc2RHVmtYMS9yai8vMTZmRHpRNG9JTTVZYnF5VW5pNFNQdk5wWk5tZG0wZGtjRW95ak9ySjVVQjI2TTNmN05od0QwMFBtYnlRbHRndUJZSnpWNnc9PQ==","refreshMs":30000,"attribution":"Ora (Warner Varnado) · Wyoming DOT"}},{"type":"Feature","geometry":{"type":"Point","coordinates":[-105.467089,44.29024]},"properties":{"id":"ora-wy-6","name":"Gillette","state":"WY","provider":"Wyoming DOT","hls":null,"snapshot":"https://www.wyoroad.info/web-cam/cache?ref=VTJGc2RHVmtYMThnRFVQM1Z1ZTBKU3B4azBsSk9lek1KK2pFRkgzVFpIaGl1VkIyNUwrM2JBeTlVeWR4ZnVpaTd2VTdpQnhTRmFhRVQ2SzltMEltR2c9PQ==","refreshMs":30000,"attribution":"Ora (Warner Varnado) · Wyoming DOT"}},{"type":"Feature","geometry":{"type":"Point","coordinates":[-109.973728,42.880666]},"properties":{"id":"ora-wy-7","name":"Pinedale","state":"WY","provider":"Wyoming DOT","hls":null,"snapshot":"https://www.wyoroad.info/web-cam/cache?ref=VTJGc2RHVmtYMS9FbmtMVnQ0RE02bmRvSWZ0MlViVUFsak5EcmFYdmVKQlhCY0g4elh0Z05qL0JkSlZUcXBoZkdySTFtVmoxdGl4TDRqUWlaczMyQlo1V0MwZHphaXZDcTJKdGxabWdwelk9","refreshMs":30000,"attribution":"Ora (Warner Varnado) · Wyoming DOT"}},{"type":"Feature","geometry":{"type":"Point","coordinates":[-105.350782,43.319906]},"properties":{"id":"ora-wy-8","name":"Cheyenne River Rest Area","state":"WY","provider":"Wyoming DOT","hls":null,"snapshot":"https://www.wyoroad.info/web-cam/cache?ref=VTJGc2RHVmtYMTkrS0R1M2ZkeWxaV3hGb1ppd0FIWkdheW5TUG53aWxwRjI2OGJYb1NuRllVK0tmNWpCblBIT1RObmFsdVUrSE5Pc1JsRmZINm54RkhDajZ0UDhJZy91TDFCYTJwYWdBOVU9","refreshMs":30000,"attribution":"Ora (Warner Varnado) · Wyoming DOT"}},{"type":"Feature","geometry":{"type":"Point","coordinates":[-108.378528,43.005577]},"properties":{"id":"ora-wy-9","name":"Riverton","state":"WY","provider":"Wyoming DOT","hls":null,"snapshot":"https://www.wyoroad.info/web-cam/cache?ref=VTJGc2RHVmtYMSt2Z2ZQS1JWY01BLzZWRTIwN2lvQ3pWOWRtZnJaWDNjZElYVEJEWGczc0FoUGp2TXBJMmY5c3BVenIrRlR5OEE3c1luSkRzR041ZHN5enRxV1FPNWkrbHN1d01mUXB2QjA9","refreshMs":30000,"attribution":"Ora (Warner Varnado) · Wyoming DOT"}},{"type":"Feature","geometry":{"type":"Point","coordinates":[-107.724849,41.72967]},"properties":{"id":"ora-wy-10","name":"Creston Junction","state":"WY","provider":"Wyoming DOT","hls":null,"snapshot":"https://www.wyoroad.info/web-cam/cache?ref=VTJGc2RHVmtYMStTZ1RjOXpxRzNqUGVtWEJpbGFZZnY2SWE3YWZCNkZYbmwxaFYraHhpMjlDM05YMWlRZVloWDJrMS9xQ1I0L290cm1YbUR1RFRnZlE9PQ==","refreshMs":30000,"attribution":"Ora (Warner Varnado) · Wyoming DOT"}},{"type":"Feature","geometry":{"type":"Point","coordinates":[-104.8901,41.047461]},"properties":{"id":"ora-wy-11","name":"Wyo Hill","state":"WY","provider":"Wyoming DOT","hls":null,"snapshot":"https://www.wyoroad.info/web-cam/cache?ref=VTJGc2RHVmtYMStDSjM0SGRUeXBEakN2ZWRPQmJWSnhnSTlWTm1CKzJLekJOSWRnemxTOXd4bkgxMFoyNzZEVXVhS1hCVmp3bXFYRUtoV3JOdjhVSVE9PQ==","refreshMs":30000,"attribution":"Ora (Warner Varnado) · Wyoming DOT"}},{"type":"Feature","geometry":{"type":"Point","coordinates":[-104.943599,41.930662]},"properties":{"id":"ora-wy-12","name":"Bordeaux Interchange","state":"WY","provider":"Wyoming DOT","hls":null,"snapshot":"https://www.wyoroad.info/web-cam/cache?ref=VTJGc2RHVmtYMStvSEpuSmJQbVBXVGNFTWFHZi9mTEI5MnNveEt4Z0ZjRWFhdU1zV1FrZG43YTJNR25aUytoVTB2TUFINGZrb3l0SGgva0VGazJucUIxWEtUUzQ4Y2hvV3dmVlF6SFBZMXM9","refreshMs":30000,"attribution":"Ora (Warner Varnado) · Wyoming DOT"}},{"type":"Feature","geometry":{"type":"Point","coordinates":[-106.297801,42.857582]},"properties":{"id":"ora-wy-13","name":"Casper","state":"WY","provider":"Wyoming DOT","hls":null,"snapshot":"https://www.wyoroad.info/web-cam/cache?ref=VTJGc2RHVmtYMTl1Vlk1RmFvb201RFNhRkk5SFRVKytnbHJBb0V2Um1nZXl1VUNpVjBuQll2bnpRS0loU0pHUnpnemZIczVIZzN4bVNwY0hBQ0JXVHc9PQ==","refreshMs":30000,"attribution":"Ora (Warner Varnado) · Wyoming DOT"}},{"type":"Feature","geometry":{"type":"Point","coordinates":[-106.839286,41.741457]},"properties":{"id":"ora-wy-14","name":"Walcott Junction","state":"WY","provider":"Wyoming DOT","hls":null,"snapshot":"https://www.wyoroad.info/web-cam/cache?ref=VTJGc2RHVmtYMS9nVlZJaHhia3ptWlNMclBxVmtZd1VjaEFmcHQ1SDkwc0M3ZlNodnFORnM4NFJ2YjNsenNGWDhSRXRDL1NlMS9yditnQVlMQnVIK3c9PQ==","refreshMs":30000,"attribution":"Ora (Warner Varnado) · Wyoming DOT"}},{"type":"Feature","geometry":{"type":"Point","coordinates":[-105.423818,41.188818]},"properties":{"id":"ora-wy-15","name":"Summit Tavern","state":"WY","provider":"Wyoming DOT","hls":null,"snapshot":"https://www.wyoroad.info/web-cam/cache?ref=VTJGc2RHVmtYMTlLSzBSaEVUL3hEenNId1dZNDExQk91bW1reUNrdlJVRkNQdW9sRXpEVjNJa0ZLN3RJTGw1SVB1QWZkVmVCM3A5VVhzSkhSMmlmTWpVcXgvN2VDaXVjQXAreXluZ0ZCZVk9","refreshMs":30000,"attribution":"Ora (Warner Varnado) · Wyoming DOT"}},{"type":"Feature","geometry":{"type":"Point","coordinates":[-105.381979,41.146243]},"properties":{"id":"ora-wy-16","name":"Vedauwoo","state":"WY","provider":"Wyoming DOT","hls":null,"snapshot":"https://www.wyoroad.info/web-cam/cache?ref=VTJGc2RHVmtYMS9TWlhQdmpoZ2hGeWhLZ0Z6YncwNXBCZFJpdURLdnBBTklpWE11Q3daTGlQOFNIWFkzRjBEc3lUcnJ3OTc1SHV6OHIvZXFnbituU2c9PQ==","refreshMs":30000,"attribution":"Ora (Warner Varnado) · Wyoming DOT"}},{"type":"Feature","geometry":{"type":"Point","coordinates":[-105.469063,41.052181]},"properties":{"id":"ora-wy-17","name":"Pumpkin Vine","state":"WY","provider":"Wyoming DOT","hls":null,"snapshot":"https://www.wyoroad.info/web-cam/cache?ref=VTJGc2RHVmtYMStZWnQrTnBBc2paZmY4TmRWanVnVlRvdkMya016U2YxNVlkdmlzOFNHQVVKRXdicS9PRHUrNk1ublFnL1BaVmk0QXhVdkpoNlNmSkZObkpuTEZUeFdGTFVKd29DKzRzaU9ydTlNTXJJa1E1VUJ6UXhtTXBKYWo=","refreshMs":30000,"attribution":"Ora (Warner Varnado) · Wyoming DOT"}},{"type":"Feature","geometry":{"type":"Point","coordinates":[-111.018466,43.171995]},"properties":{"id":"ora-wy-18","name":"Alpine Junction","state":"WY","provider":"Wyoming DOT","hls":null,"snapshot":"https://www.wyoroad.info/web-cam/cache?ref=VTJGc2RHVmtYMStHaDN4VmEvcklQRnJSVFp0RU1vQWljYkdyT25jbmU0cDRpUUVMQ0xiVEVSMkY3NXZaNXpGdFVPMDFOclI4VU9Na3hjcWlHU0N1QWtrNkRJdnBkaXozOU9RTys3ZjVIbGs9","refreshMs":30000,"attribution":"Ora (Warner Varnado) · Wyoming DOT"}},{"type":"Feature","geometry":{"type":"Point","coordinates":[-110.956196,43.498733]},"properties":{"id":"ora-wy-19","name":"Teton Pass","state":"WY","provider":"Wyoming DOT","hls":null,"snapshot":"https://www.wyoroad.info/web-cam/cache?ref=VTJGc2RHVmtYMStuKzJXRFIwODh3Z012RiszaDVDUk5XMHg4OXJBY3V4NHdOaFJ1M1lrVWdwc1NrZE1GQXhnRk1CdlVySU9sc0FOVjI1UXdBSmE5N0F3OXRBTjl0amllVktYdCswVForVkE9","refreshMs":30000,"attribution":"Ora (Warner Varnado) · Wyoming DOT"}},{"type":"Feature","geometry":{"type":"Point","coordinates":[-108.844404,42.477517]},"properties":{"id":"ora-wy-20","name":"South Pass","state":"WY","provider":"Wyoming DOT","hls":null,"snapshot":"https://www.wyoroad.info/web-cam/cache?ref=VTJGc2RHVmtYMS91czdBZlVZUnFmTGJ4eUVMQVpnTno0a3c2cGtpWDB0RTI5RFZMekIzamRiL2FoZE0vQUtTL0JZUE1UcDhrbDVoc3R0YkVEb1BzZDlnbkFPNTN5cE55TzBmNFFsYmQ1MUE9","refreshMs":30000,"attribution":"Ora (Warner Varnado) · Wyoming DOT"}},{"type":"Feature","geometry":{"type":"Point","coordinates":[-108.789062,42.507244]},"properties":{"id":"ora-wy-21","name":"Louis Lake","state":"WY","provider":"Wyoming DOT","hls":null,"snapshot":"https://www.wyoroad.info/web-cam/cache?ref=VTJGc2RHVmtYMSs3U2pMZVVZYUltekFiTyt2QUxiM1VyVm5wM2kvdUtNYkd2bTNLQ2F4aU53Ni8rRFNYRWVHQ3k0RUEzMTRPMW5WWmtsNHJyTzZpcmFLaFQrSkJnNGNFa0cvNXE0QlJwNzQ9","refreshMs":30000,"attribution":"Ora (Warner Varnado) · Wyoming DOT"}},{"type":"Feature","geometry":{"type":"Point","coordinates":[-105.446702,43.932525]},"properties":{"id":"ora-wy-22","name":"Belle Fourche","state":"WY","provider":"Wyoming DOT","hls":null,"snapshot":"https://www.wyoroad.info/web-cam/cache?ref=VTJGc2RHVmtYMThDMEJuREUvWXQrcUNEOCswelFVNkVUa3NqYjRhUXY3TFhxZm5CK2xxbUh3RUFJWTM4NDB5eE5IYndVbTdtSzNEcmZPbU5uTEtMQ1VqSmVwbDB3MVVRVGgvZGdXVW1sSmc9","refreshMs":30000,"attribution":"Ora (Warner Varnado) · Wyoming DOT"}},{"type":"Feature","geometry":{"type":"Point","coordinates":[-106.801323,44.522616]},"properties":{"id":"ora-wy-23","name":"Piney Creek Interchange","state":"WY","provider":"Wyoming DOT","hls":null,"snapshot":"https://www.wyoroad.info/web-cam/cache?ref=VTJGc2RHVmtYMStmcURvekNXU3ptVzgyS3ZYUTJOaDZTVUp1TGllWVRYdHRYZUNOVHVpRDRpZHlOTkV6aytaSmJSUE41YXZPQTM3bjhMWGdidEhhK1RFTHFYOEE1dXJoZU16OXZwSHl1OTg9","refreshMs":30000,"attribution":"Ora (Warner Varnado) · Wyoming DOT"}},{"type":"Feature","geometry":{"type":"Point","coordinates":[-108.583601,41.645989]},"properties":{"id":"ora-wy-24","name":"Bitter Creek","state":"WY","provider":"Wyoming DOT","hls":null,"snapshot":"https://www.wyoroad.info/web-cam/cache?ref=VTJGc2RHVmtYMSs4R294bGswdlB3a2tEWDNWYW9mTDNxMzc2V3piZElJV3c3bE92M1BTRlp6Ni9qOFVCSUtyakVQb1hvTWFwSkY4VGlKTTdjMit4akE9PQ==","refreshMs":30000,"attribution":"Ora (Warner Varnado) · Wyoming DOT"}},{"type":"Feature","geometry":{"type":"Point","coordinates":[-107.782559,41.715858]},"properties":{"id":"ora-wy-25","name":"Continental Divide","state":"WY","provider":"Wyoming DOT","hls":null,"snapshot":"https://www.wyoroad.info/web-cam/cache?ref=VTJGc2RHVmtYMStBYWRSMkdSdTc5SlZkVnZnSThacjBHclB4dkNYbENpV25nb1o4L1J4bE8vUmRvVjB5Tml6bGIzZ3RLWndwV1ZTOUpqVHM5bmh3TisxalJQM0R0OGR6Z1RzVjYrQVhJYTQ9","refreshMs":30000,"attribution":"Ora (Warner Varnado) · Wyoming DOT"}},{"type":"Feature","geometry":{"type":"Point","coordinates":[-105.522001,41.28597]},"properties":{"id":"ora-wy-26","name":"Laramie East","state":"WY","provider":"Wyoming DOT","hls":null,"snapshot":"https://www.wyoroad.info/web-cam/cache?ref=VTJGc2RHVmtYMTlWU2FlWm5lTXZwQ0ZITUI3RVYwK0FMWEE2dkhuT0hTY3hUUDdkZVhDQzdoaGozNjRlSFk2djBSbzdBaHBycWtaWTFmUHNzdk1CWkE9PQ==","refreshMs":30000,"attribution":"Ora (Warner Varnado) · Wyoming DOT"}},{"type":"Feature","geometry":{"type":"Point","coordinates":[-104.87262229,41.38734563]},"properties":{"id":"ora-wy-27","name":"Whitaker","state":"WY","provider":"Wyoming DOT","hls":null,"snapshot":"https://www.wyoroad.info/web-cam/cache?ref=VTJGc2RHVmtYMThkQjdpc0JIRVJiRjlLVklqSnJFT0ovbE5sZmVqRW9qc2oxS09Nemh2V2V0VSs2TW1PT2tGb05POHNSUWFMSW5mUXBHUGdhekV0Q3c9PQ==","refreshMs":30000,"attribution":"Ora (Warner Varnado) · Wyoming DOT"}},{"type":"Feature","geometry":{"type":"Point","coordinates":[-110.805054,41.273707]},"properties":{"id":"ora-wy-28","name":"First Divide","state":"WY","provider":"Wyoming DOT","hls":null,"snapshot":"https://www.wyoroad.info/web-cam/cache?ref=VTJGc2RHVmtYMStzalA0VGxPZmtTcVZTazJXWGx6UU9vanJ3WDRlYnd0a2hHRXFHMDQxZWUzRERZa0NlWXk2aEdFakFoaTh1Y3lTK3Rzc293d095dVc0T1ZHQS84RkdGc3p3WXNpNnFpWnM9","refreshMs":30000,"attribution":"Ora (Warner Varnado) · Wyoming DOT"}},{"type":"Feature","geometry":{"type":"Point","coordinates":[-104.850659,41.104535]},"properties":{"id":"ora-wy-29","name":"College Drive","state":"WY","provider":"Wyoming DOT","hls":null,"snapshot":"https://www.wyoroad.info/web-cam/cache?ref=VTJGc2RHVmtYMTlQeGVDcU5UMDcxamoxLzhTb3hzSy8wMUpkbVAwOGVqd0NINytqREhibnhUanFVM0dNODlGbXZqRVJ0Wnk4SkgxbTFhRXdxaHhZTnc9PQ==","refreshMs":30000,"attribution":"Ora (Warner Varnado) · Wyoming DOT"}},{"type":"Feature","geometry":{"type":"Point","coordinates":[-105.125472,41.098816]},"properties":{"id":"ora-wy-30","name":"Warren Interchange","state":"WY","provider":"Wyoming DOT","hls":null,"snapshot":"https://www.wyoroad.info/web-cam/cache?ref=VTJGc2RHVmtYMTlzWXAveGRzR0JVOVdPcU9qUmtuQXhJWkEvT3pzSFlvdE9KZFQ5QlVvRUhDL0ttTnFuU3FmZ2RWUzNGTzlaWVFrVng1SDYvbzlxVVE9PQ==","refreshMs":30000,"attribution":"Ora (Warner Varnado) · Wyoming DOT"}},{"type":"Feature","geometry":{"type":"Point","coordinates":[-106.214867,41.598057]},"properties":{"id":"ora-wy-31","name":"Arlington","state":"WY","provider":"Wyoming DOT","hls":null,"snapshot":"https://www.wyoroad.info/web-cam/cache?ref=VTJGc2RHVmtYMTkxSC9HZy9XMWMvRlA3cnAxUG9VZ0RVNkFIalZIRVBUdkgyV1EyTGJ5SUk4b01ORXBxbVg4Vy9lcUVyWGRLbXZJaW9xUUVFRWlHZHc9PQ==","refreshMs":30000,"attribution":"Ora (Warner Varnado) · Wyoming DOT"}},{"type":"Feature","geometry":{"type":"Point","coordinates":[-107.086581,41.771608]},"properties":{"id":"ora-wy-32","name":"Sinclair","state":"WY","provider":"Wyoming DOT","hls":null,"snapshot":"https://www.wyoroad.info/web-cam/cache?ref=VTJGc2RHVmtYMTlNMC9vVmc1LzlqR1BlQlFSSXBORnhPLzRMTVNPTnFNMEN0NXNmSEJaOW9MYWFhSFhvc29jV3RVb3pZSmMxZEdDU005YXRhUFYwS2c9PQ==","refreshMs":30000,"attribution":"Ora (Warner Varnado) · Wyoming DOT"}},{"type":"Feature","geometry":{"type":"Point","coordinates":[-107.297966,44.999762]},"properties":{"id":"ora-wy-33","name":"Montana State Line","state":"WY","provider":"Wyoming DOT","hls":null,"snapshot":"https://www.wyoroad.info/web-cam/cache?ref=VTJGc2RHVmtYMTh5QVJzeHNPUUpZU1prR1lSNG5LdEVvOUQ5eTMzR1JpN0xLYldRR1RVV05nY0I4ZndNcGRpRGtIMlplM05yY3ZkYkR6UlhOeGQ3WUQ1dzBZQ0JBaHAzbW5wcVhhQVpLOFk9","refreshMs":30000,"attribution":"Ora (Warner Varnado) · Wyoming DOT"}},{"type":"Feature","geometry":{"type":"Point","coordinates":[-107.157722,44.916972]},"properties":{"id":"ora-wy-34","name":"Ranchester Interchange","state":"WY","provider":"Wyoming DOT","hls":null,"snapshot":"https://www.wyoroad.info/web-cam/cache?ref=VTJGc2RHVmtYMSsvQ2taZlZicGtZQStQSndLYmFnbnEyKzBnQWg5UC9NaHpoU21wcFM5ZE9mb0RHOEtMemtWeVUrQnhEanpaZDdxbzVTKzFwN1d1ZWpZQmxsa2gxRmFsZWJRcFdLWGMyS2c9","refreshMs":30000,"attribution":"Ora (Warner Varnado) · Wyoming DOT"}},{"type":"Feature","geometry":{"type":"Point","coordinates":[-106.255174,44.195838]},"properties":{"id":"ora-wy-35","name":"Indian Creek Rd","state":"WY","provider":"Wyoming DOT","hls":null,"snapshot":"https://www.wyoroad.info/web-cam/cache?ref=VTJGc2RHVmtYMTlZWkxna011L2lJa3AvWURRSlhrTndhamZOUmlWSk1Bc29NSnRNcXFWdTluMU1IWlhjVlhoV3N2Qng3SUc3K2QxN3FLNnJNR0NWQ0g1MksrU0s5R2RyUndvMkFKRkovK289","refreshMs":30000,"attribution":"Ora (Warner Varnado) · Wyoming DOT"}},{"type":"Feature","geometry":{"type":"Point","coordinates":[-105.812731,44.217702]},"properties":{"id":"ora-wy-36","name":"Mile Marker 108","state":"WY","provider":"Wyoming DOT","hls":null,"snapshot":"https://www.wyoroad.info/web-cam/cache?ref=VTJGc2RHVmtYMS9PM09XRU1jODcyN2JMVnN4SWpjSFFYbUdtZDRtU3RTNmtQeWU3SFJBVkxMaFFETlNzSlRhblVTL0xnMHFScnNmSFdaK0JyWG9WZXc9PQ==","refreshMs":30000,"attribution":"Ora (Warner Varnado) · Wyoming DOT"}},{"type":"Feature","geometry":{"type":"Point","coordinates":[-104.629259,44.294137]},"properties":{"id":"ora-wy-37","name":"Inyan Kara","state":"WY","provider":"Wyoming DOT","hls":null,"snapshot":"https://www.wyoroad.info/web-cam/cache?ref=VTJGc2RHVmtYMS9ncks0NXVnaWlqQmtaMklUUXpzNENXR2NsbVJoUDlmczl1UGhuandmcDR3SExwNUNlQWRXM01yTm9LcEtKTyt0c3VZQ0FsbmYvdnptUVg3M0pLZFVUYVNwM2hmUE9RRGc9","refreshMs":30000,"attribution":"Ora (Warner Varnado) · Wyoming DOT"}},{"type":"Feature","geometry":{"type":"Point","coordinates":[-105.785937,43.617424]},"properties":{"id":"ora-wy-38","name":"Pine Tree Junction","state":"WY","provider":"Wyoming DOT","hls":null,"snapshot":"https://www.wyoroad.info/web-cam/cache?ref=VTJGc2RHVmtYMTlDK2Vzc1BTZHJ5bVNINUZWd1VFZk9QR1lCQm1HWGlmY2VoUkZNODRCa3BvaUV5S3JPMmNTRVBNWFFpc2lLTElxZStUM1BrL1psZUpsdk5pci8welNiekVQUml3eEZhOVE9","refreshMs":30000,"attribution":"Ora (Warner Varnado) · Wyoming DOT"}},{"type":"Feature","geometry":{"type":"Point","coordinates":[-104.081026,44.542799]},"properties":{"id":"ora-wy-39","name":"Beulah Interchange","state":"WY","provider":"Wyoming DOT","hls":null,"snapshot":"https://www.wyoroad.info/web-cam/cache?ref=VTJGc2RHVmtYMTlVSE9UVXVITTBUUjdQaEFLOXpWZ250Q3F4bjBNVXhQYXRvRHpmSE02VndDRHRNL1BtMUErUHJGaERuTDNlZDdVYnRzS2VWUm1BRnc9PQ==","refreshMs":30000,"attribution":"Ora (Warner Varnado) · Wyoming DOT"}},{"type":"Feature","geometry":{"type":"Point","coordinates":[-107.9796,41.674809]},"properties":{"id":"ora-wy-40","name":"Wamsutter Interchange","state":"WY","provider":"Wyoming DOT","hls":null,"snapshot":"https://www.wyoroad.info/web-cam/cache?ref=VTJGc2RHVmtYMS80d0Z4T2ZCbWs3Y3hCcVR4VGJmL0RISWg4OW9JY0piamFyVk14SGpTTmw3YmpjdldSbnJPYXg3bFFoRFlBT2kvL1llVGRwR2QzZkh3MXhVS1kzcER6YW9CUGQyYnlpL009","refreshMs":30000,"attribution":"Ora (Warner Varnado) · Wyoming DOT"}},{"type":"Feature","geometry":{"type":"Point","coordinates":[-104.515065,42.747876]},"properties":{"id":"ora-wy-41","name":"Lusk","state":"WY","provider":"Wyoming DOT","hls":null,"snapshot":"https://www.wyoroad.info/web-cam/cache?ref=VTJGc2RHVmtYMThOWVpXN3FZb2JnRXlCS0VpK2VIWjNrcWllQXh0YWhQeEI3VFVKUmxvMmVtVjZ5MTlUUlV5bTdPRlJCNHdUU1RYend0TjVZbm90a2c9PQ==","refreshMs":30000,"attribution":"Ora (Warner Varnado) · Wyoming DOT"}},{"type":"Feature","geometry":{"type":"Point","coordinates":[-110.976016,41.26101]},"properties":{"id":"ora-wy-42","name":"Evanston","state":"WY","provider":"Wyoming DOT","hls":null,"snapshot":"https://www.wyoroad.info/web-cam/cache?ref=VTJGc2RHVmtYMS9QYURselBSallBWEVjcU9OWTYwK2l2Vk5SeEFlZ3pRbmZKZUNHS05XOExEanU1UFVwOWxvZXhuYmd2RE9EbEJSeFFUekEvZTB1V0E9PQ==","refreshMs":30000,"attribution":"Ora (Warner Varnado) · Wyoming DOT"}},{"type":"Feature","geometry":{"type":"Point","coordinates":[-110.1205,41.4297997]},"properties":{"id":"ora-wy-43","name":"Church Butte","state":"WY","provider":"Wyoming DOT","hls":null,"snapshot":"https://www.wyoroad.info/web-cam/cache?ref=VTJGc2RHVmtYMSs5ekU5VGlGZzYvb1Yrbktpa3MwMlhQTFhpTUtyV215RFhyVWZFQURGMll4STRkUUp3TWE0WmViUnBWYmVLU0NpTjk2dG13YWRNSE80Qlc2OVFLZnMvbzdzOUJpSGl6UFU9","refreshMs":30000,"attribution":"Ora (Warner Varnado) · Wyoming DOT"}},{"type":"Feature","geometry":{"type":"Point","coordinates":[-109.601967,41.549581]},"properties":{"id":"ora-wy-44","name":"Peru Hill","state":"WY","provider":"Wyoming DOT","hls":null,"snapshot":"https://www.wyoroad.info/web-cam/cache?ref=VTJGc2RHVmtYMStzdGdRUzBvMnczQld6a1hBbUVkUGFlclA0RDFmb2RtUXQ5Um55SU9ySmpzVWlza242WFpLankyQU1QRG1CVFZheFZQbmluZjIxWnc9PQ==","refreshMs":30000,"attribution":"Ora (Warner Varnado) · Wyoming DOT"}},{"type":"Feature","geometry":{"type":"Point","coordinates":[-109.331717,41.548168]},"properties":{"id":"ora-wy-45","name":"Rock Springs West","state":"WY","provider":"Wyoming DOT","hls":null,"snapshot":"https://www.wyoroad.info/web-cam/cache?ref=VTJGc2RHVmtYMTg5M0RISFhsNlVwT0pzS2VmUnprcThnekZnT1ZiV0ZpT1lobnBvbFVBcHJSTEluVHpCanlwMW9LMStvRG9QclBKaFBCa1p5TEJCVHdmbkFZUHF0NWhBWUtoQ3ZzaUxSelE9","refreshMs":30000,"attribution":"Ora (Warner Varnado) · Wyoming DOT"}},{"type":"Feature","geometry":{"type":"Point","coordinates":[-109.12138,41.615438]},"properties":{"id":"ora-wy-46","name":"Baxter Road","state":"WY","provider":"Wyoming DOT","hls":null,"snapshot":"https://www.wyoroad.info/web-cam/cache?ref=VTJGc2RHVmtYMStTb09FUDRLTjF5dU1rMG10OC9EZEVEYml1bGY2TDMzMlRsT3V2bnZFNkxWYUREN21Mcy9XblFteldjdmFMdVNmYlFlNHc3VHRlQ3c9PQ==","refreshMs":30000,"attribution":"Ora (Warner Varnado) · Wyoming DOT"}},{"type":"Feature","geometry":{"type":"Point","coordinates":[-108.801413,41.682453]},"properties":{"id":"ora-wy-47","name":"Point of Rocks","state":"WY","provider":"Wyoming DOT","hls":null,"snapshot":"https://www.wyoroad.info/web-cam/cache?ref=VTJGc2RHVmtYMStZY1RrcDNmWXc0TEdBaHVZRGt0L3BYZmE0eWkyUnJjVXNDWVdEcUREaDFDbkhCc29qVVZpVnhxMi80dEZld08rSWhWaXo5em1xc2pPaCtML3IyaHEyT21aVVdpVThDQTQ9","refreshMs":30000,"attribution":"Ora (Warner Varnado) · Wyoming DOT"}},{"type":"Feature","geometry":{"type":"Point","coordinates":[-108.296616,41.630102]},"properties":{"id":"ora-wy-48","name":"Tipton","state":"WY","provider":"Wyoming DOT","hls":null,"snapshot":"https://www.wyoroad.info/web-cam/cache?ref=VTJGc2RHVmtYMTlyMC81ME81YzFZaXVMblFrbXZLN0dQQ1g2R3pIVDNJbkRta0dVZ2ZoVFVOYzNGalMwWVJKUkNpOStITWpvVnFNWVlnT2N5K0pmYmc9PQ==","refreshMs":30000,"attribution":"Ora (Warner Varnado) · Wyoming DOT"}},{"type":"Feature","geometry":{"type":"Point","coordinates":[-107.375019,41.788222]},"properties":{"id":"ora-wy-49","name":"Hadsell","state":"WY","provider":"Wyoming DOT","hls":null,"snapshot":"https://www.wyoroad.info/web-cam/cache?ref=VTJGc2RHVmtYMS9oQUgwdkJnQTNHSVUxbnZudzJSRHU1aUpRQXNuQVhYbGdiTzlpclZtM2ZOamdFQmkyQnh4cGZPZ3VHRWFrTjdhSmVIVUhxaDNlV2xoOUpKMFE3Tlh3SndBRXRQNjNCWXM9","refreshMs":30000,"attribution":"Ora (Warner Varnado) · Wyoming DOT"}},{"type":"Feature","geometry":{"type":"Point","coordinates":[-106.511468,41.753245]},"properties":{"id":"ora-wy-50","name":"Halleck Ridge","state":"WY","provider":"Wyoming DOT","hls":null,"snapshot":"https://www.wyoroad.info/web-cam/cache?ref=VTJGc2RHVmtYMTlsYXI0N2RyL0RtZWJ2MVhxKzVrdE44R1VUczMvSlArSTFWV0Q5RU1wMW0yOTFHK1kvL2lDMTIycGpMNVFkMFpMUmRmSjQyL3JkaE9aYWNBWDQ0WTgwTWxBdndrVktEeGc9","refreshMs":30000,"attribution":"Ora (Warner Varnado) · Wyoming DOT"}},{"type":"Feature","geometry":{"type":"Point","coordinates":[-106.459056,41.722311]},"properties":{"id":"ora-wy-51","name":"Elk Mountain","state":"WY","provider":"Wyoming DOT","hls":null,"snapshot":"https://www.wyoroad.info/web-cam/cache?ref=VTJGc2RHVmtYMStWeWt2RFZ4SXUrMUE1aFYwTU0zNysrTnVIR3NJdXNsaHhwaUFJcUt2Vk5ISnBuYlFvSWNOUW8vR3l5ZzVvR2NnZzAxajVYbnBhWHc9PQ==","refreshMs":30000,"attribution":"Ora (Warner Varnado) · Wyoming DOT"}},{"type":"Feature","geometry":{"type":"Point","coordinates":[-106.370879,41.669615]},"properties":{"id":"ora-wy-52","name":"County Road 402","state":"WY","provider":"Wyoming DOT","hls":null,"snapshot":"https://www.wyoroad.info/web-cam/cache?ref=VTJGc2RHVmtYMStaWEVGSzR4NGlCMWozdjBEZXJUNnJZdjJDSXVOM2JndUhQWUV1OU5iUS9wUytNK2laRGRVbXhJWmdIMVJwUGU4SGNvTzBlRWhBdG4vdE1XWHdyYWlHR0NtQ295L0k3b289","refreshMs":30000,"attribution":"Ora (Warner Varnado) · Wyoming DOT"}},{"type":"Feature","geometry":{"type":"Point","coordinates":[-106.293165,41.639607]},"properties":{"id":"ora-wy-53","name":"Wagonhound","state":"WY","provider":"Wyoming DOT","hls":null,"snapshot":"https://www.wyoroad.info/web-cam/cache?ref=VTJGc2RHVmtYMStUbzBCb2JrT0NlM2V5M09VaHU5bWtrYVBJTzUyRkNlRDU1SWgvK1VwYlVBU3JhR2FiR0lKcW90UUFuZisrem1YMFo5aTdVSGRYeHdVMGFPSmQzYm9WQnNpYjczWThkRDA9","refreshMs":30000,"attribution":"Ora (Warner Varnado) · Wyoming DOT"}},{"type":"Feature","geometry":{"type":"Point","coordinates":[-106.24106,41.62137]},"properties":{"id":"ora-wy-54","name":"Foote Creek","state":"WY","provider":"Wyoming DOT","hls":null,"snapshot":"https://www.wyoroad.info/web-cam/cache?ref=VTJGc2RHVmtYMTh5d3lDRE0ySGw1RHcrbWViS0hDL3dwQU4zaHlaTnowNWdKYzV6ZjRORzdocWQrM3NDOHQ4NFl1bloyUjQxK0x2N1o0YzZ4RkRJRkZtUEpWSU8vVGp5M0hGcUFwYS8zOWs9","refreshMs":30000,"attribution":"Ora (Warner Varnado) · Wyoming DOT"}},{"type":"Feature","geometry":{"type":"Point","coordinates":[-106.179183,41.587455]},"properties":{"id":"ora-wy-55","name":"Arlington East","state":"WY","provider":"Wyoming DOT","hls":null,"snapshot":"https://www.wyoroad.info/web-cam/cache?ref=VTJGc2RHVmtYMS8vOTV2WGJWQzljSEVFUjNBMkFNd0F4My96ZTVHeG9JVWMxcW9UUHA2SzM2T29RTTFranZGSXA4c29BRGxVaFJGalY3UjlrM0hQQkFKdUVBR2JOWWx6OG5ZbVpJTjFycW89","refreshMs":30000,"attribution":"Ora (Warner Varnado) · Wyoming DOT"}},{"type":"Feature","geometry":{"type":"Point","coordinates":[-106.088866,41.548821]},"properties":{"id":"ora-wy-56","name":"Cooper Cove","state":"WY","provider":"Wyoming DOT","hls":null,"snapshot":"https://www.wyoroad.info/web-cam/cache?ref=VTJGc2RHVmtYMTlrbW4rUHVuZDlHVGF2UUt1UkFDc2c2ajNtbjFTN01tT0wvQmVIQlkwRmNxMDZuUk1kRm05bmtTMGsxSjBvZVJReU5OU1A5S2pxamV4MCtkb3RRM3JIVDR4ZHhzcGdiQVU9","refreshMs":30000,"attribution":"Ora (Warner Varnado) · Wyoming DOT"}},{"type":"Feature","geometry":{"type":"Point","coordinates":[-105.961279,41.443909]},"properties":{"id":"ora-wy-57","name":"Quealy Dome","state":"WY","provider":"Wyoming DOT","hls":null,"snapshot":"https://www.wyoroad.info/web-cam/cache?ref=VTJGc2RHVmtYMS9RbXJ1dnRqakZzeTFQUUcvRHZYT1BRNlplOGVwTEdzUXNDVnpIdC8wUTVRZGVWbk11RVhwUW1wYm8reEZra2I3ckFNRFhPaUJPVVFWSHZzOEZvSTE1QUN0cTFXczZ2elU9","refreshMs":30000,"attribution":"Ora (Warner Varnado) · Wyoming DOT"}},{"type":"Feature","geometry":{"type":"Point","coordinates":[-105.824061,41.395021]},"properties":{"id":"ora-wy-58","name":"Herrick Lane","state":"WY","provider":"Wyoming DOT","hls":null,"snapshot":"https://www.wyoroad.info/web-cam/cache?ref=VTJGc2RHVmtYMThCRVN4T2pEaWhCajJSRm1iUHVtQmRFZEs2dVNGYVlsY2YrZkVtTEhOZlBBb2wxczhLYldsenJhRGxkZTh2MWQzV1pqQUdEVTB1VGlZNFQ4VEdtWWt5RHNuL24xWlV2Lzg9","refreshMs":30000,"attribution":"Ora (Warner Varnado) · Wyoming DOT"}},{"type":"Feature","geometry":{"type":"Point","coordinates":[-105.434611,41.200793]},"properties":{"id":"ora-wy-59","name":"Summit East","state":"WY","provider":"Wyoming DOT","hls":null,"snapshot":"https://www.wyoroad.info/web-cam/cache?ref=VTJGc2RHVmtYMTlIZ0RUMVJEN0NqRzk2K0g2bGxYSnEyRldaWEZTSVhETnI3bzdIUU5WUmJsMEZ1MEI4RXg4UmwveVVXOTdqalM2Smg0QTFLelpOUnc9PQ==","refreshMs":30000,"attribution":"Ora (Warner Varnado) · Wyoming DOT"}},{"type":"Feature","geometry":{"type":"Point","coordinates":[-105.20976,41.098458]},"properties":{"id":"ora-wy-60","name":"Remount Road","state":"WY","provider":"Wyoming DOT","hls":null,"snapshot":"https://www.wyoroad.info/web-cam/cache?ref=VTJGc2RHVmtYMStSU3htK2VqSDVFVXRvbFYzOHJoejdUUndqNGxHeG9GcUNLdisxMGlVckZNOFRDM09MNW9XZ05FRWxNRGh5RlowWHJqMkxaaGtYT1E9PQ==","refreshMs":30000,"attribution":"Ora (Warner Varnado) · Wyoming DOT"}},{"type":"Feature","geometry":{"type":"Point","coordinates":[-104.837389,41.213392]},"properties":{"id":"ora-wy-61","name":"Cheyenne North","state":"WY","provider":"Wyoming DOT","hls":null,"snapshot":"https://www.wyoroad.info/web-cam/cache?ref=VTJGc2RHVmtYMSswaHFleDZGb2ZmOTdoUGdaSjlZMG4vYnBZeWJxa1cvelpPYWp3SFIrMm1VdlBLQjBzM0RaTmUxMCtmZkRqTVg1R0pweTNGbnlDSVJGMm11dDFpNDlQb0FJM3pJYytLTGM9","refreshMs":30000,"attribution":"Ora (Warner Varnado) · Wyoming DOT"}},{"type":"Feature","geometry":{"type":"Point","coordinates":[-105.614926,41.318555]},"properties":{"id":"ora-wy-62","name":"Laramie West","state":"WY","provider":"Wyoming DOT","hls":null,"snapshot":"https://www.wyoroad.info/web-cam/cache?ref=VTJGc2RHVmtYMTlkZDcvdGd2YUp5d1A0eFlUS1ZaUHNpUkNDS0t6dGhRK0c5RUEyRi80T0ZROVJSV0tmL3BuYUJQTUVBQkJWTkpzN3pTSWFBRHNaUjQ4eS9DeDlpcWpBUWl5WFNKeGNWaFE9","refreshMs":30000,"attribution":"Ora (Warner Varnado) · Wyoming DOT"}},{"type":"Feature","geometry":{"type":"Point","coordinates":[-107.321983,43.092304]},"properties":{"id":"ora-wy-63","name":"Hiland","state":"WY","provider":"Wyoming DOT","hls":null,"snapshot":"https://www.wyoroad.info/web-cam/cache?ref=VTJGc2RHVmtYMStmUkJCNU5ZSmVPQ1R1K2JnY0J0WkVyTkF5c1BIODBlTXhzSHZ0ZTZrRklwRmpFQXFKNTBWS2wxQm41bkxWaElaaXM1clh4MWVxekVNNXE3YWd4Q1R2Q1RNRDV6OGJIams9","refreshMs":30000,"attribution":"Ora (Warner Varnado) · Wyoming DOT"}},{"type":"Feature","geometry":{"type":"Point","coordinates":[-105.860625,42.836871]},"properties":{"id":"ora-wy-64","name":"Deer Creek","state":"WY","provider":"Wyoming DOT","hls":null,"snapshot":"https://www.wyoroad.info/web-cam/cache?ref=VTJGc2RHVmtYMS9lUkVhcWxrWVNHbFVOaDQ5WFIvVlVEdTkrNmszL2NDNlpLYTllYjFYdHVtTUdFam1KdExIdTBVemQ1ekd1WEQ5eEFndVpiVXRhSkE9PQ==","refreshMs":30000,"attribution":"Ora (Warner Varnado) · Wyoming DOT"}},{"type":"Feature","geometry":{"type":"Point","coordinates":[-106.845336,42.558104]},"properties":{"id":"ora-wy-65","name":"Pathfinder","state":"WY","provider":"Wyoming DOT","hls":null,"snapshot":"https://www.wyoroad.info/web-cam/cache?ref=VTJGc2RHVmtYMTlMTU9LNVl6dG1OTXdNWExsRTQzck0rVk5CQXc5ZEM3UDFmOExEbDhxU1M5ckRMdkl1aHhoNGRYUnJYYjYzdytiQkR1cUJnUnpvUFlCWG5WZ0ljQ2lWVWI3QlFib0JJb2c9","refreshMs":30000,"attribution":"Ora (Warner Varnado) · Wyoming DOT"}},{"type":"Feature","geometry":{"type":"Point","coordinates":[-106.337049,43.122712]},"properties":{"id":"ora-wy-66","name":"Twenty Mile Hill","state":"WY","provider":"Wyoming DOT","hls":null,"snapshot":"https://www.wyoroad.info/web-cam/cache?ref=VTJGc2RHVmtYMThxek5tZDBtUjA3djJvNHhCNFVZL283UXNoQ0VIMXlEa0ZlTzdkZ25oMGVSUUo4WThlcUthc3o3NENPRVQyUmxEbEdFeGYxWG5YRjZwSk1aS28zcXdmYm1uMFB1dURwNFU9","refreshMs":30000,"attribution":"Ora (Warner Varnado) · Wyoming DOT"}},{"type":"Feature","geometry":{"type":"Point","coordinates":[-107.244572,43.074399]},"properties":{"id":"ora-wy-67","name":"Waltman","state":"WY","provider":"Wyoming DOT","hls":null,"snapshot":"https://www.wyoroad.info/web-cam/cache?ref=VTJGc2RHVmtYMS9zRnUxUUpERW9VekZpM2dKUDJxSVpweW9UY3Z6MDVwaXF0aTdQdjNEUWw2TmJPS3dJZXpmbDhYV3FKeFMybUZkVEJIMFhyZ0F1Q3Z2UzJ3Ym1PaDJnOUJSLzVpcFBkSEE9","refreshMs":30000,"attribution":"Ora (Warner Varnado) · Wyoming DOT"}},{"type":"Feature","geometry":{"type":"Point","coordinates":[-109.843353,41.542943]},"properties":{"id":"ora-wy-68","name":"Little America","state":"WY","provider":"Wyoming DOT","hls":null,"snapshot":"https://www.wyoroad.info/web-cam/cache?ref=VTJGc2RHVmtYMS9ieExCNlFyQitySFBSaUYwTkRZUzMxbHZmdWxOTG1Jb2hjR1pFZzdQbXlLQVM5L2FaV0h4eVVyL0pIWDhwSVZLWWNSUHYwOHdod3NQWktCNldIQnptcFNnK3QzbHdjeGs9","refreshMs":30000,"attribution":"Ora (Warner Varnado) · Wyoming DOT"}},{"type":"Feature","geometry":{"type":"Point","coordinates":[-109.247314,41.589502]},"properties":{"id":"ora-wy-69","name":"College Dr","state":"WY","provider":"Wyoming DOT","hls":null,"snapshot":"https://www.wyoroad.info/web-cam/cache?ref=VTJGc2RHVmtYMThKNWRVT1UxVlRHV2pBelFuT01ZdnJTMEdQSGZOc0lYSmlkYStMSXhHT0VLZjNwbFdFRTF2c0gwempxem02clVmd1A2QkR3YXZtTmc9PQ==","refreshMs":30000,"attribution":"Ora (Warner Varnado) · Wyoming DOT"}},{"type":"Feature","geometry":{"type":"Point","coordinates":[-109.234186,41.606102]},"properties":{"id":"ora-wy-70","name":"Elk Street","state":"WY","provider":"Wyoming DOT","hls":null,"snapshot":"https://www.wyoroad.info/web-cam/cache?ref=VTJGc2RHVmtYMThtcG55YjhhUUtuY0Q5dTh0aE14TFZDT0FiYlh5Sy9uZ3IranRlM2tQR1ZScExaaWZ0c01XQ0JTVHJ1UXE4c3BxKyt0Y2RTeGdNVnc9PQ==","refreshMs":30000,"attribution":"Ora (Warner Varnado) · Wyoming DOT"}},{"type":"Feature","geometry":{"type":"Point","coordinates":[-109.199472,41.598139]},"properties":{"id":"ora-wy-71","name":"Pilot Butte","state":"WY","provider":"Wyoming DOT","hls":null,"snapshot":"https://www.wyoroad.info/web-cam/cache?ref=VTJGc2RHVmtYMS84V0tZU3FMd29Hd0lKUHZFKzkwOFVuMHBWdWpqcEdIeU15M0xnTFE2S001T29XSEdJcU5sWmowc3BkZlpkMWZjdjZOUVhST1hiWjBxcHVsSHVSeWc3M1Y0dDFGd1k1bEk9","refreshMs":30000,"attribution":"Ora (Warner Varnado) · Wyoming DOT"}},{"type":"Feature","geometry":{"type":"Point","coordinates":[-105.339177,41.128215]},"properties":{"id":"ora-wy-72","name":"Lone Tree","state":"WY","provider":"Wyoming DOT","hls":null,"snapshot":"https://www.wyoroad.info/web-cam/cache?ref=VTJGc2RHVmtYMS9va3BqUC9NdEtqd0k4b3VKdlpkL215Qmp4VS81OWxwV3pHRlNjR1hiMUpCVEI1dys0anMyUXJvcU5MeEcxUEhmdWtWTE9CRXFyN0E9PQ==","refreshMs":30000,"attribution":"Ora (Warner Varnado) · Wyoming DOT"}},{"type":"Feature","geometry":{"type":"Point","coordinates":[-104.974878,41.109591]},"properties":{"id":"ora-wy-73","name":"MP 353.0","state":"WY","provider":"Wyoming DOT","hls":null,"snapshot":"https://www.wyoroad.info/web-cam/cache?ref=VTJGc2RHVmtYMTh4b1VJYlJCWFlHdVRScnZ0cW0vdXZEbEdGenhRQ2h2c3NZaC9ZUFIxYzYwT1ZpT1NZZDVqc1ljQ3I3WnZxcTJmazBLeENOUkMxTkE9PQ==","refreshMs":30000,"attribution":"Ora (Warner Varnado) · Wyoming DOT"}},{"type":"Feature","geometry":{"type":"Point","coordinates":[-105.311928,42.719658]},"properties":{"id":"ora-wy-74","name":"East Douglas","state":"WY","provider":"Wyoming DOT","hls":null,"snapshot":"https://www.wyoroad.info/web-cam/cache?ref=VTJGc2RHVmtYMTlOQWdlbW5hdHdlQ0l0RFdvU1RUUHZseWtCVHpncE8zUXNHUGtNdWRaSFlXMXdTSUxQMnlpZTRuZG5lc0x2UzFUMUVWQlFteHd4RDFzY2UzRHZHRktwZ2V1M01yZE9NNkU9","refreshMs":30000,"attribution":"Ora (Warner Varnado) · Wyoming DOT"}},{"type":"Feature","geometry":{"type":"Point","coordinates":[-105.353163,42.796606]},"properties":{"id":"ora-wy-75","name":"Douglas","state":"WY","provider":"Wyoming DOT","hls":null,"snapshot":"https://www.wyoroad.info/web-cam/cache?ref=VTJGc2RHVmtYMStsNXJ6R0dydnRZMksza1dNL2E2d1krZ2hGQklPUmVjMzI1RU53L3RWSWFOSjd6blp2TXRFNFZva2dzTE42c3JNMFpKNTc3ZlVrZEE9PQ==","refreshMs":30000,"attribution":"Ora (Warner Varnado) · Wyoming DOT"}},{"type":"Feature","geometry":{"type":"Point","coordinates":[-105.287,41.121022]},"properties":{"id":"ora-wy-76","name":"Buford East","state":"WY","provider":"Wyoming DOT","hls":null,"snapshot":"https://www.wyoroad.info/web-cam/cache?ref=VTJGc2RHVmtYMTlHZ09IUm5USGNWQVozd0dIa01zQ0krQWhkWTdZYXhnUlRSdmpKOGhLZmk2Sng4dlZZYlZCMmN0WlpSZlVXOUlPdTdtaklURkdRaVE9PQ==","refreshMs":30000,"attribution":"Ora (Warner Varnado) · Wyoming DOT"}},{"type":"Feature","geometry":{"type":"Point","coordinates":[-110.907638,41.824467]},"properties":{"id":"ora-wy-77","name":"Sage Junction","state":"WY","provider":"Wyoming DOT","hls":null,"snapshot":"https://www.wyoroad.info/web-cam/cache?ref=VTJGc2RHVmtYMThLVE43bU9mdXNkQzRpeFladTZ2WlFqbk1IVllPR0g4UDdkSXNxQlhZTEFpU0ZMTEJjMG1XazlxenFrN2ZycHN6REFjS000OWYwMWUyN3prMmdZZlhrbk1lMkRya0h5NUE9","refreshMs":30000,"attribution":"Ora (Warner Varnado) · Wyoming DOT"}},{"type":"Feature","geometry":{"type":"Point","coordinates":[-106.576869,41.137531]},"properties":{"id":"ora-wy-78","name":"Skyline","state":"WY","provider":"Wyoming DOT","hls":null,"snapshot":"https://www.wyoroad.info/web-cam/cache?ref=VTJGc2RHVmtYMTlpYmRvMVpScHE2azFXYjZkSUxMT0hXZFBrMExXM0ZHV1hzTmF5TmVPeE03RkJkTUY4Y2dHRUdPUjgyVEZFbDlpckVBYkVkK0FmNUJ0cHBRQll2YXloSFRESFNMbjZ0ZTg9","refreshMs":30000,"attribution":"Ora (Warner Varnado) · Wyoming DOT"}},{"type":"Feature","geometry":{"type":"Point","coordinates":[-110.731295,43.322172]},"properties":{"id":"ora-wy-79","name":"Hoback Junction","state":"WY","provider":"Wyoming DOT","hls":null,"snapshot":"https://www.wyoroad.info/web-cam/cache?ref=VTJGc2RHVmtYMSszci84WTA5NmN2RklSWHB5UE44RU84TmZzSE9MMENjaXRZUHRZTVVra2dGUzFxaDVqNStrRHhKY3dITXZ1N1lmcmozbVdzNDYvSEUxeW5uNW55Y0VKL1doV3NwaXpMZW89","refreshMs":30000,"attribution":"Ora (Warner Varnado) · Wyoming DOT"}},{"type":"Feature","geometry":{"type":"Point","coordinates":[-109.637612,42.604516]},"properties":{"id":"ora-wy-80","name":"Sand Draw","state":"WY","provider":"Wyoming DOT","hls":null,"snapshot":"https://www.wyoroad.info/web-cam/cache?ref=VTJGc2RHVmtYMSt4UUZ5Ri9CU0ZBcm1DelNnUE9qVmdNT0pUVVJGZG5neThlM1dLVzlTL3ZZQ0M0QVV2Znc3eU9CbU01cDlIdU9ydWprV0E5Szc2QkJ6TWFlSE4xN3ZsWGc0bVAyUWp3UFk9","refreshMs":30000,"attribution":"Ora (Warner Varnado) · Wyoming DOT"}},{"type":"Feature","geometry":{"type":"Point","coordinates":[-110.088946,42.583912]},"properties":{"id":"ora-wy-81","name":"Marbleton North","state":"WY","provider":"Wyoming DOT","hls":null,"snapshot":"https://www.wyoroad.info/web-cam/cache?ref=VTJGc2RHVmtYMS8rT1MwY1BKamF6ZmgwSHUyWWxUUVVIMTY2UWhjK1lKQ25Ma3c2a2dGVTNReVZ0NGlpM2hLK1pMbXJDV1JTTzFLYW45VFE1ano2ejUreU9TMkxBM0xENHZGQXRuRXN1bVU9","refreshMs":30000,"attribution":"Ora (Warner Varnado) · Wyoming DOT"}},{"type":"Feature","geometry":{"type":"Point","coordinates":[-109.670318,43.548982]},"properties":{"id":"ora-wy-82","name":"Dubois","state":"WY","provider":"Wyoming DOT","hls":null,"snapshot":"https://www.wyoroad.info/web-cam/cache?ref=VTJGc2RHVmtYMSs0ckpaWUdWSHJNY0dYV2E0UnJFY1RiYzNxOWZ6TWhYaDc3OG1MblRtVzNEM3FoNEkxOFFnYnBFM1hHSmhrR1FSZGhvN3FXVDVxZGdMUzJhRklsZVBNc1VrZjNzRXdSaVU9","refreshMs":30000,"attribution":"Ora (Warner Varnado) · Wyoming DOT"}},{"type":"Feature","geometry":{"type":"Point","coordinates":[-106.077167,41.5355]},"properties":{"id":"ora-wy-83","name":"Cooper Cove East","state":"WY","provider":"Wyoming DOT","hls":null,"snapshot":"https://www.wyoroad.info/web-cam/cache?ref=VTJGc2RHVmtYMThRdG1kU1FUK1IwTVVNdkFGTzNuZjE4TEFWeXIxa2c2eHhvdTN0RnUzZkZMd3hZalpvQVNBS3F6NG0yOVVwV1RpK00vV3gwZytxZVVPYmhPYlF0ZVRyWW15ZmxTdjljeFU9","refreshMs":30000,"attribution":"Ora (Warner Varnado) · Wyoming DOT"}},{"type":"Feature","geometry":{"type":"Point","coordinates":[-107.7622,41.45684]},"properties":{"id":"ora-wy-84","name":"Overland Trail Monument","state":"WY","provider":"Wyoming DOT","hls":null,"snapshot":"https://www.wyoroad.info/web-cam/cache?ref=VTJGc2RHVmtYMStZaS8ycHc0ZXVSY29wditpc1VuTlRnR3RCT3lpWDJHdzZOMzNpNi9tcnp0L0dMdmhZaFZIRkF6alNqR0RuQ1VxcU52ZnUzWHZia3J0amU5eEw2ZFlOVDg1SHl0RytjUTJhalZzM1RycDRYUzFKeHJJaS9wWUtnenozeHlsSlJtQ3M1eGxKZjZhTmxnPT0=","refreshMs":30000,"attribution":"Ora (Warner Varnado) · Wyoming DOT"}},{"type":"Feature","geometry":{"type":"Point","coordinates":[-105.20004732,41.1940538]},"properties":{"id":"ora-wy-85","name":"Wildcat Trail","state":"WY","provider":"Wyoming DOT","hls":null,"snapshot":"https://www.wyoroad.info/web-cam/cache?ref=VTJGc2RHVmtYMTlTUzZTRElUbSs5THcwNTdJTGhHeGJkb0lhZHZaUTN0OXk0OXhOcWRIZG84akNQRGZiZlhBSHFtbDR3ak8rU1FXQTUwZmI4c0JiRUVSak9DeDNJMzBmMmd0WDR0NWZpSU09","refreshMs":30000,"attribution":"Ora (Warner Varnado) · Wyoming DOT"}},{"type":"Feature","geometry":{"type":"Point","coordinates":[-105.25508524,41.19080944]},"properties":{"id":"ora-wy-86","name":"Hynds Lodge Rd","state":"WY","provider":"Wyoming DOT","hls":null,"snapshot":"https://www.wyoroad.info/web-cam/cache?ref=VTJGc2RHVmtYMTliOHBnTmhCaTU1L2tuTVFOamNMMGFITFdlZlRvWTd3NDMvYmhQT1lsdFUrWDJGUWYyWVFldzlOZHJEd0w2c1NKd1FxWTUrby83S2pwTmpqVVZaL29ydXFkY0ZyU1J5dm89","refreshMs":30000,"attribution":"Ora (Warner Varnado) · Wyoming DOT"}},{"type":"Feature","geometry":{"type":"Point","coordinates":[-104.847067,41.648339]},"properties":{"id":"ora-wy-87","name":"Bear Creek","state":"WY","provider":"Wyoming DOT","hls":null,"snapshot":"https://www.wyoroad.info/web-cam/cache?ref=VTJGc2RHVmtYMThvTFRqb2hKdVJXbVVIZXZuWWdTMmJGNFlFVWljb0w5NnUrcEQ1MU5qMHBGOStBajlVQk05NDE5ZGlIcll5VWg5ZFNTN2V6Y2h2b0RJaGptREZYYnRGWDBqN3hLUzdVekE9","refreshMs":30000,"attribution":"Ora (Warner Varnado) · Wyoming DOT"}},{"type":"Feature","geometry":{"type":"Point","coordinates":[-104.80114897,41.80813932]},"properties":{"id":"ora-wy-88","name":"Chugwater North","state":"WY","provider":"Wyoming DOT","hls":null,"snapshot":"https://www.wyoroad.info/web-cam/cache?ref=VTJGc2RHVmtYMTkycHhrNEd1WUxFaEFQeDIvdlZLR1B3S1h1QVNVK0hJZThXUFoyUDRDSkdsaW9aeUtsWGZ1eGZ1UFprbFZ5MG9HV0NsVjR1aU1kRHhyTGZBMkIzOFRxblpHK1JGcnhvalZMVmJUcGFXV0lMOVNzaHhKQSs1RG4=","refreshMs":30000,"attribution":"Ora (Warner Varnado) · Wyoming DOT"}},{"type":"Feature","geometry":{"type":"Point","coordinates":[-107.248386,44.167697]},"properties":{"id":"ora-wy-89","name":"Big Horn County Line","state":"WY","provider":"Wyoming DOT","hls":null,"snapshot":"https://www.wyoroad.info/web-cam/cache?ref=VTJGc2RHVmtYMTlCWDM1Z2piZjAvV21nb0p0SVdXMEQvMGlURHdzaG9QS0U2U2F3Y1NjSC9BL01NM3NzU0RzbGFCeVluQ1ZqU08ra0hoNWhmdDZoRmVIdUdoY3lsYVZhVXpNQUo1YnRBUkU9","refreshMs":30000,"attribution":"Ora (Warner Varnado) · Wyoming DOT"}},{"type":"Feature","geometry":{"type":"Point","coordinates":[-109.47776652,41.54041146]},"properties":{"id":"ora-wy-90","name":"Green River Tunnel West","state":"WY","provider":"Wyoming DOT","hls":null,"snapshot":"https://www.wyoroad.info/web-cam/cache?ref=VTJGc2RHVmtYMStxU2EzYTV4b0Nod0tGWUZyVGpaSTRxLzM2dTlhN1hrcklWSFhINGtGOUVJM3JpdkN5akRmNnozOEpJMUVzRjBnQVN6UmR4VzM1QTNTQzQ1SjJpVmlZWXJZOUZSY0hpK2s9","refreshMs":30000,"attribution":"Ora (Warner Varnado) · Wyoming DOT"}},{"type":"Feature","geometry":{"type":"Point","coordinates":[-109.423424,41.527706]},"properties":{"id":"ora-wy-91","name":"Mile Marker 92.75","state":"WY","provider":"Wyoming DOT","hls":null,"snapshot":"https://www.wyoroad.info/web-cam/cache?ref=VTJGc2RHVmtYMStzQVlIemg5a2x3OVdTMjhMZ0NNWk1GNnRKZUlhYi9FOXQrRmNXSEd6YUtGMldrRlVkcDlXcXR0dHA4eFNJL2p2Y0RLYkN0bXN2WXc9PQ==","refreshMs":30000,"attribution":"Ora (Warner Varnado) · Wyoming DOT"}},{"type":"Feature","geometry":{"type":"Point","coordinates":[-109.396429,41.530554]},"properties":{"id":"ora-wy-92","name":"Mile Marker 94.2","state":"WY","provider":"Wyoming DOT","hls":null,"snapshot":"https://www.wyoroad.info/web-cam/cache?ref=VTJGc2RHVmtYMStqVk93enI3SVJMQnhCU1FIeVJWbjcvQk5nTnBXUUZ6cWRDUVdvUWlvYkM3YzhrTVpCYTUrNXBOREovbjBLOWhFZzJGdHlKYlB3aFE9PQ==","refreshMs":30000,"attribution":"Ora (Warner Varnado) · Wyoming DOT"}},{"type":"Feature","geometry":{"type":"Point","coordinates":[-110.42268158,43.22022923]},"properties":{"id":"ora-wy-93","name":"Bondurant","state":"WY","provider":"Wyoming DOT","hls":null,"snapshot":"https://www.wyoroad.info/web-cam/cache?ref=VTJGc2RHVmtYMStGMGJ4aklQWFZWeEZHSE5RUXFoaGxDTDhTUzVyYnE0bHN4NUV2ZGhKTWxJODRwcGMzeWdVZnNGbzNETVZXR1FwTXJwMzlNOFkwNkJ4R2JVMytoSmV2aHBJV3JJWEp0YXM9","refreshMs":30000,"attribution":"Ora (Warner Varnado) · Wyoming DOT"}},{"type":"Feature","geometry":{"type":"Point","coordinates":[-110.8999,43.499816]},"properties":{"id":"ora-wy-94","name":"Wilson","state":"WY","provider":"Wyoming DOT","hls":null,"snapshot":"https://www.wyoroad.info/web-cam/cache?ref=VTJGc2RHVmtYMStRMmt3ZDJIWkR5Tlh0azVQK090dmJDUWJBZVF4Y09sY2diODhULzBvT3hKSGlVczl2Yk5tcmNSOS9jV1pzT2xGTHZsRS9tSC9Qbnc9PQ==","refreshMs":30000,"attribution":"Ora (Warner Varnado) · Wyoming DOT"}},{"type":"Feature","geometry":{"type":"Point","coordinates":[-110.191844,43.13061]},"properties":{"id":"ora-wy-95","name":"Hoback Rim","state":"WY","provider":"Wyoming DOT","hls":null,"snapshot":"https://www.wyoroad.info/web-cam/cache?ref=VTJGc2RHVmtYMThUbE9sN1lkb0tpTXVyUEtRdllFdFpFWTVMQUtDQ0duYXFBYkNYTEpkS2JBcC9EVGJMRWxxY2tJVUg3LzRsd3B4ZG1CWFMxZ1JKMWJpa25hZy9qM1paNHZVZ0srRlpmNXc9","refreshMs":30000,"attribution":"Ora (Warner Varnado) · Wyoming DOT"}},{"type":"Feature","geometry":{"type":"Point","coordinates":[-110.545188,41.30032]},"properties":{"id":"ora-wy-96","name":"French Interchange","state":"WY","provider":"Wyoming DOT","hls":null,"snapshot":"https://www.wyoroad.info/web-cam/cache?ref=VTJGc2RHVmtYMStzMkFlaFZZWFRJa2Q1NnBuKzZVZFpnMzFMenBuYnE4UmFoNFJVaE5XSXk1aXFXOVJLTDhHZjFNdmJBM2xwQWFxNDBNOHA0S1dFeUh2WWFsajlmb0hZOGtwOFRqc3hBaGM9","refreshMs":30000,"attribution":"Ora (Warner Varnado) · Wyoming DOT"}},{"type":"Feature","geometry":{"type":"Point","coordinates":[-107.35471,41.96769]},"properties":{"id":"ora-wy-97","name":"Willow Hill","state":"WY","provider":"Wyoming DOT","hls":null,"snapshot":"https://www.wyoroad.info/web-cam/cache?ref=VTJGc2RHVmtYMS8yNVZGK0JBazJ0cTFwWFlaSHZ3ZXNiQzJhbEZNQWVtaW1ZMGR3b0oxOHJrMXdvVzhoaStMNmdmRjN3T1BRd0pCWkw0R2I2djM5aitrNGwzUUgwQStjWUdLQVo0SEVMVTQ9","refreshMs":30000,"attribution":"Ora (Warner Varnado) · Wyoming DOT"}},{"type":"Feature","geometry":{"type":"Point","coordinates":[-106.603311,41.83449]},"properties":{"id":"ora-wy-98","name":"Hanna Junction","state":"WY","provider":"Wyoming DOT","hls":null,"snapshot":"https://www.wyoroad.info/web-cam/cache?ref=VTJGc2RHVmtYMThWM2FtQU1hQWxCZVVUczFWTXdzdnJzcFZ0ajgzZTlKZUFrWEVuUm1XZHNvYnpVM0x2SjFFcWp2aWlkNFFUQ3VYVXBhQWVnSDltMjZ6a3E0QjhaVWNESGdpVGZUcWl2Tm89","refreshMs":30000,"attribution":"Ora (Warner Varnado) · Wyoming DOT"}},{"type":"Feature","geometry":{"type":"Point","coordinates":[-105.97549661,41.74830144]},"properties":{"id":"ora-wy-99","name":"Rock River","state":"WY","provider":"Wyoming DOT","hls":null,"snapshot":"https://www.wyoroad.info/web-cam/cache?ref=VTJGc2RHVmtYMThpUGpVUWlBM2tUQzlzOFZaK0VrYjFxVmJyR25jdEFySk5BKy82RFRBamdVT2JFSVF2dm0xS0lsUE42TUJGdkxVTEh5NTBaUVVvNFhBRk5ZOTRQODlkejQrY0UzaGhLRzQ9","refreshMs":30000,"attribution":"Ora (Warner Varnado) · Wyoming DOT"}},{"type":"Feature","geometry":{"type":"Point","coordinates":[-108.290527,42.584694]},"properties":{"id":"ora-wy-100","name":"Beaver Rim","state":"WY","provider":"Wyoming DOT","hls":null,"snapshot":"https://www.wyoroad.info/web-cam/cache?ref=VTJGc2RHVmtYMTlaMVlIUGRYTFVvcmlWVzFLZ0NkTFgxR1djWEdpZy9zT2RCdjRHcnJLeVZPSTVDeXRiRDhicmg1RlhEa3puSDA1dUw2RXpyajBOc3FJb0ZGcmRDMEFrSERTUFplU2FNbGs9","refreshMs":30000,"attribution":"Ora (Warner Varnado) · Wyoming DOT"}},{"type":"Feature","geometry":{"type":"Point","coordinates":[-108.695361,43.155463]},"properties":{"id":"ora-wy-101","name":"Kinnear Junction","state":"WY","provider":"Wyoming DOT","hls":null,"snapshot":"https://www.wyoroad.info/web-cam/cache?ref=VTJGc2RHVmtYMTlRdmpDQ1BlazNhTGl5UEx3cDQ0djVMRkVicVYxQkt5YXAzbEFncUZodTFTWjVST2FzakpEdWZ0cFBEZzZPM29kMFJZTGpkd0ZONFBlWHFhNlo1N3l3cm04dTdKb0hzRGc9","refreshMs":30000,"attribution":"Ora (Warner Varnado) · Wyoming DOT"}},{"type":"Feature","geometry":{"type":"Point","coordinates":[-109.165151,44.644739]},"properties":{"id":"ora-wy-102","name":"Skull Creek Hill","state":"WY","provider":"Wyoming DOT","hls":null,"snapshot":"https://www.wyoroad.info/web-cam/cache?ref=VTJGc2RHVmtYMSthRzVWcFYvd29iL2hNUjY1Z2xOR3NhUzRLdFUyMXQ1QWxrdCtuaVJyL1VERVN2VFZaU1dHd0hlL1F3UVVra3dOVXF1Uk1xWjJ6VTFucjdsRlpBVVFJRmFNTkRRRnBUUXFzYmhKZkJkbTEycy9FMkFVeHZ5UGY=","refreshMs":30000,"attribution":"Ora (Warner Varnado) · Wyoming DOT"}},{"type":"Feature","geometry":{"type":"Point","coordinates":[-108.873429,44.270288]},"properties":{"id":"ora-wy-103","name":"Meeteetse Rim","state":"WY","provider":"Wyoming DOT","hls":null,"snapshot":"https://www.wyoroad.info/web-cam/cache?ref=VTJGc2RHVmtYMThpMGxiQTh6RUlVYVhKRS9pMEFOeXQvb2pzOE5na2lZazBGQldSZ3BiUkIvWnNwdjJZTTM5Q0dObmRyK2Y3NGs5V1p2R2M4RUs0OHhVMmxDN0tpaGcwZittS3dTWHNmVm9Ec3pma3RDenhKQW1SMi9VVjhwNnM=","refreshMs":30000,"attribution":"Ora (Warner Varnado) · Wyoming DOT"}},{"type":"Feature","geometry":{"type":"Point","coordinates":[-107.521919,44.614429]},"properties":{"id":"ora-wy-104","name":"Antelope Butte","state":"WY","provider":"Wyoming DOT","hls":null,"snapshot":"https://www.wyoroad.info/web-cam/cache?ref=VTJGc2RHVmtYMS9QUjNkcVlZKzh0SjE0c2FncEx5ZlM4bjhtNks1NzBRTDJNVHRlaEpkYkdTYWZtZGdjOHdkMXkzK3BGNktWcGF5RU13OWZYQUFYUFJoVG5lSEE0YmJxbFFocnFIbGJlbjRsWCtMYkk4R1RuTDlKZ3BQYUplV3Q=","refreshMs":30000,"attribution":"Ora (Warner Varnado) · Wyoming DOT"}},{"type":"Feature","geometry":{"type":"Point","coordinates":[-108.18534,43.51425]},"properties":{"id":"ora-wy-105","name":"Wind River Canyon","state":"WY","provider":"Wyoming DOT","hls":null,"snapshot":"https://www.wyoroad.info/web-cam/cache?ref=VTJGc2RHVmtYMS9NRE5Ma0kyK1ZEaVRCa1o3aXJOK2RMd3E2RW50elRjdnQ0aGdpT2s1cUZaQ0puSlNZMjJEajdaRitOVEZpOURmd21nRnRSTExRQTZxQStZd3l4SXd0dVU2d3p3dlpZb2M9","refreshMs":30000,"attribution":"Ora (Warner Varnado) · Wyoming DOT"}},{"type":"Feature","geometry":{"type":"Point","coordinates":[-104.345009,41.442677]},"properties":{"id":"ora-wy-106","name":"Gun Barrel","state":"WY","provider":"Wyoming DOT","hls":null,"snapshot":"https://www.wyoroad.info/web-cam/cache?ref=VTJGc2RHVmtYMS9BTzkybTB1NFNZYUI4WHd2czFNTStQNk15Vis3RzNOYlNLbVZZb08zYXRVU2lJVmRvMXZobWVMeGpoV1dOaGVVMEVGT3h5c0ZRL3E4ckJ5QVVQWlhxYnhtNmtKWVVEVzQ9","refreshMs":30000,"attribution":"Ora (Warner Varnado) · Wyoming DOT"}},{"type":"Feature","geometry":{"type":"Point","coordinates":[-107.826345,42.494412]},"properties":{"id":"ora-wy-107","name":"Jeffrey City","state":"WY","provider":"Wyoming DOT","hls":null,"snapshot":"https://www.wyoroad.info/web-cam/cache?ref=VTJGc2RHVmtYMS8xeC9HOGdPTlJLWEordlVuV1hFZ3piblJSRTRXa0dNS3QxUkNZVjE4dERHdXd2UUZ1SmNSZU1EVXZrVHMvWUJ3TXNEUGQ3QW85WFNCSFdQUUpJcVJEakRaNkFqOUZhVjA9","refreshMs":30000,"attribution":"Ora (Warner Varnado) · Wyoming DOT"}},{"type":"Feature","geometry":{"type":"Point","coordinates":[-107.445166,42.361722]},"properties":{"id":"ora-wy-108","name":"Muddy Gap","state":"WY","provider":"Wyoming DOT","hls":null,"snapshot":"https://www.wyoroad.info/web-cam/cache?ref=VTJGc2RHVmtYMTlyNzloekt6ZER4VGtaemM3SEh0VzVUamY4RnkrVm5oMERvLzhyWm5TVHRrNHU3QVUxT3hoaTZjZHRrSGZiK2p3N24vMTh0WmlNbkVrdENQM2JCRE14NzVkaEhSMjZ1eEE9","refreshMs":30000,"attribution":"Ora (Warner Varnado) · Wyoming DOT"}},{"type":"Feature","geometry":{"type":"Point","coordinates":[-104.29718,43.241726]},"properties":{"id":"ora-wy-109","name":"Redbird Rd","state":"WY","provider":"Wyoming DOT","hls":null,"snapshot":"https://www.wyoroad.info/web-cam/cache?ref=VTJGc2RHVmtYMTloTnJmWDNqM2RBSk1IdDQ4ZFhIWWlqSHhPQkZaTTRia3VUUnBuSUpMT0dWSTBwMmY4REZvakpsMktKUTByNVdnOFR5ckprMEs1S3p3RE9STmtTZ2I1VUYvTEkwMEQ2Y1E9","refreshMs":30000,"attribution":"Ora (Warner Varnado) · Wyoming DOT"}},{"type":"Feature","geometry":{"type":"Point","coordinates":[-105.2002,42.6561]},"properties":{"id":"ora-wy-110","name":"Orin Junction","state":"WY","provider":"Wyoming DOT","hls":null,"snapshot":"https://www.wyoroad.info/web-cam/cache?ref=VTJGc2RHVmtYMSs1QkRacDNFNjF1WXU2YjJBbVZjYnV2L0J5NU5rY1Z5UDNPOTRGNDcxeEtDVjFhOVBZVWVmbmJ1ekg5OWVPTkVjY3BIbHJJVkU0RXFvSEZIS255T0tGZW1RSDVYcDhZTG89","refreshMs":30000,"attribution":"Ora (Warner Varnado) · Wyoming DOT"}},{"type":"Feature","geometry":{"type":"Point","coordinates":[-110.908151,42.50551]},"properties":{"id":"ora-wy-111","name":"Salt Pass","state":"WY","provider":"Wyoming DOT","hls":null,"snapshot":"https://www.wyoroad.info/web-cam/cache?ref=VTJGc2RHVmtYMThFN3JMV2VKNGluZk5YMmZTVVROWTNSdFNGd1hEZmVXUFozOHFseWI5ckRLNUZKNWVHZ2xlbDNGc0pacEhkQ0RBWjhTejBCL0pnbGlVNGZXNm9YUW9TSnRCWDRneG4zdUU9","refreshMs":30000,"attribution":"Ora (Warner Varnado) · Wyoming DOT"}},{"type":"Feature","geometry":{"type":"Point","coordinates":[-110.733054,41.309207]},"properties":{"id":"ora-wy-112","name":"US 189 Interchange","state":"WY","provider":"Wyoming DOT","hls":null,"snapshot":"https://www.wyoroad.info/web-cam/cache?ref=VTJGc2RHVmtYMS9Sb1ZmeS9nRnJsb0lDKy9Xa2dGR2hJci9FdVU2Uy9ZZVlBaldXbm0zZExXSXJYem9HZWtMWmp1U0JRVHk4L0hKMjJTcDRrSVY1RVVrN2VuSzQrbTdtblpSYk96YjYyRzQ9","refreshMs":30000,"attribution":"Ora (Warner Varnado) · Wyoming DOT"}},{"type":"Feature","geometry":{"type":"Point","coordinates":[-105.613569,42.795108]},"properties":{"id":"ora-wy-113","name":"Natural Bridge Interchange","state":"WY","provider":"Wyoming DOT","hls":null,"snapshot":"https://www.wyoroad.info/web-cam/cache?ref=VTJGc2RHVmtYMS80b1cwS0k0aFI0TkZWVWxiZVZqSjN0SitVUExMYkhCUFFoZ3hXSXhrMHBUSncxMit4bGE0RzhncDFIbHlNZ2ZRVnBSWk5YbmRwR2pDeFdxeUNCcm9IdUh4cmF0bTJZdEU9","refreshMs":30000,"attribution":"Ora (Warner Varnado) · Wyoming DOT"}},{"type":"Feature","geometry":{"type":"Point","coordinates":[-104.605881,41.159322]},"properties":{"id":"ora-wy-114","name":"Cheyenne East","state":"WY","provider":"Wyoming DOT","hls":null,"snapshot":"https://www.wyoroad.info/web-cam/cache?ref=VTJGc2RHVmtYMTg5MFBNOThMVjQ4VVVLNU9tT0lmV1ZBLzRpaTR1bHlZbjl1UG41dFRqaGxkbWVMTEZ5ZHV6aFlWUm1IbDZGM0xLODg3ZUVoaUdoVVhKR0ErLzVnNDBBaWhERXdudGlHT3c9","refreshMs":30000,"attribution":"Ora (Warner Varnado) · Wyoming DOT"}},{"type":"Feature","geometry":{"type":"Point","coordinates":[-109.449406,42.108852]},"properties":{"id":"ora-wy-115","name":"Farson","state":"WY","provider":"Wyoming DOT","hls":null,"snapshot":"https://www.wyoroad.info/web-cam/cache?ref=VTJGc2RHVmtYMStqUHRkOWY1Rzdxdm5zU0d3UHRtcytyUDZVd2EyTU9WQ0EyRE5HWW95clV3V2V3bGl6TFdSNWY0K0NOM0NaQkJBTXdYZmppTGVzcnc9PQ==","refreshMs":30000,"attribution":"Ora (Warner Varnado) · Wyoming DOT"}},{"type":"Feature","geometry":{"type":"Point","coordinates":[-108.9229,42.365073]},"properties":{"id":"ora-wy-116","name":"Oregon Buttes","state":"WY","provider":"Wyoming DOT","hls":null,"snapshot":"https://www.wyoroad.info/web-cam/cache?ref=VTJGc2RHVmtYMTl2d21uOUd3TEk4WVV4YkZZQzV6ZHhBZHZpQ2pSQlZuZ1FzdFRuMExqUGdsbW5lV2w5QkhSS1NnZG9WMEdsUlZlVVRsMWhhRTh2Mkl6UHVwRjNidE91bFpsdTBEYkQvZHM9","refreshMs":30000,"attribution":"Ora (Warner Varnado) · Wyoming DOT"}},{"type":"Feature","geometry":{"type":"Point","coordinates":[-108.891791,42.391735]},"properties":{"id":"ora-wy-117","name":"Sweetwater River","state":"WY","provider":"Wyoming DOT","hls":null,"snapshot":"https://www.wyoroad.info/web-cam/cache?ref=VTJGc2RHVmtYMThxdDBkUHRDekJWZkxBUXNHOXR2WHFVcnJicHhiNWVrWGRyOXpSYWIzTmpNbk0vSUE5dDJYYVlCeHNkMlcxWC9BWlFPd1BUbUZJRGZaaVF0YWlYeGVqbDRHeElUQTFxSEMxekxpZWNOZDl1ZG0ydVRWS3RVeVo=","refreshMs":30000,"attribution":"Ora (Warner Varnado) · Wyoming DOT"}},{"type":"Feature","geometry":{"type":"Point","coordinates":[-110.0604,43.7485]},"properties":{"id":"ora-wy-118","name":"Wind River Lake","state":"WY","provider":"Wyoming DOT","hls":null,"snapshot":"https://www.wyoroad.info/web-cam/cache?ref=VTJGc2RHVmtYMThXNWdVLzJvTGFScGJaNVVkNlNndkZSSDFjZERSdTJkQ2MwYXpYZWxlclBxaW5rTkRXeEJyNHRiVjRnTkRSdXJISjhVaGkvbzZ2eFp4cEVhM1kxT2RYY0lXajlreHZtaXA3YWlFVkFoL05Dazg4bEtPNWRnU2Y=","refreshMs":30000,"attribution":"Ora (Warner Varnado) · Wyoming DOT"}},{"type":"Feature","geometry":{"type":"Point","coordinates":[-106.801025,43.029215]},"properties":{"id":"ora-wy-119","name":"Natrona","state":"WY","provider":"Wyoming DOT","hls":null,"snapshot":"https://www.wyoroad.info/web-cam/cache?ref=VTJGc2RHVmtYMS9BVWpPK3hOYnZjbGk2WmYvdFRQWnoyMHZ4NkUvOVllU3p0bUdadWhtaWRhbVpkYllWUjA0VWFnLytDcTh0SFhxQkFxOW9peHlseGROSXBUUko2NTF6UU1hQ1VvV3NJNTA9","refreshMs":30000,"attribution":"Ora (Warner Varnado) · Wyoming DOT"}},{"type":"Feature","geometry":{"type":"Point","coordinates":[-110.308324,41.770997]},"properties":{"id":"ora-wy-120","name":"Opal","state":"WY","provider":"Wyoming DOT","hls":null,"snapshot":"https://www.wyoroad.info/web-cam/cache?ref=VTJGc2RHVmtYMS9mQzdJUHNtL2JwZEtGa2lPUnhKamFtWFFqeGhNYzZIUG1wNkgvaTlzOFJMNXhQa0ppZlFDY2ljVzZIMXo4ODVWWlh5WlFDWEdzbFE9PQ==","refreshMs":30000,"attribution":"Ora (Warner Varnado) · Wyoming DOT"}},{"type":"Feature","geometry":{"type":"Point","coordinates":[-110.99719,42.906566]},"properties":{"id":"ora-wy-121","name":"Thayne","state":"WY","provider":"Wyoming DOT","hls":null,"snapshot":"https://www.wyoroad.info/web-cam/cache?ref=VTJGc2RHVmtYMStwTGMybFBjOTJrR1o5SklOeUhOYjNhY0h5cVJzTHBWUDNkWkIwYlJxZWRsYkg2ZzhLeGtaK1c1aWtEYzYzallPK2FiOU91Q2tFT004NStuQjhOSWJKWFdpenFwWkV4UGc9","refreshMs":30000,"attribution":"Ora (Warner Varnado) · Wyoming DOT"}},{"type":"Feature","geometry":{"type":"Point","coordinates":[-110.273065,41.93217]},"properties":{"id":"ora-wy-122","name":"US189/WYO240 Junction","state":"WY","provider":"Wyoming DOT","hls":null,"snapshot":"https://www.wyoroad.info/web-cam/cache?ref=VTJGc2RHVmtYMTkwVzdaSTRPdFpqVVMrZDQzTWt3Qk1RWTZ2Nzl0bXFrUHd4WC9RSGdpaTZMRkljZEFFMmozVk1KNjBCbjB0Mjk2WVR0M1hLQ2cvNnllcElCN1ZoMnRUOG9SaVNTVVMyVFE9","refreshMs":30000,"attribution":"Ora (Warner Varnado) · Wyoming DOT"}},{"type":"Feature","geometry":{"type":"Point","coordinates":[-109.85876,41.868055]},"properties":{"id":"ora-wy-123","name":"WYO372/WYO28 Junction","state":"WY","provider":"Wyoming DOT","hls":null,"snapshot":"https://www.wyoroad.info/web-cam/cache?ref=VTJGc2RHVmtYMStCUXMwQkhkaXl3WCt1VkZadFQxOEhtMUNtMVR0dVVZSllqL3l5VE0ybVNHUVBOMVJaTkM3aldaU3h6NStOaVc1cDFvVWlhQmtMUlRIcXE2SXZqTEtpbEdlalNIR21oUm89","refreshMs":30000,"attribution":"Ora (Warner Varnado) · Wyoming DOT"}},{"type":"Feature","geometry":{"type":"Point","coordinates":[-111.043446,42.274456]},"properties":{"id":"ora-wy-124","name":"Raymond","state":"WY","provider":"Wyoming DOT","hls":null,"snapshot":"https://www.wyoroad.info/web-cam/cache?ref=VTJGc2RHVmtYMThQdE4vak1nQU9QR2tSVWhhVm5VQTI0Nzh0V25uRGExR1lvWjg1N1RWZzRpVURXMXYyOC9sU3BoRWt6OHNWaTY3RFJ4Ujd6ZmtqSUt5MlNhK2syc0srRUVTVTZjYXpwWTg9","refreshMs":30000,"attribution":"Ora (Warner Varnado) · Wyoming DOT"}},{"type":"Feature","geometry":{"type":"Point","coordinates":[-105.475831,41.266433]},"properties":{"id":"ora-wy-125","name":"Telephone Canyon","state":"WY","provider":"Wyoming DOT","hls":null,"snapshot":"https://www.wyoroad.info/web-cam/cache?ref=VTJGc2RHVmtYMS9hd2UxRWc0VjJTcC9IelpHdzY3b1RRTHZ2cjhsZTFSb2x4SjJhc3JjVktXc01ENzRscWNtMExlTXR0My9EK0VjSTNObzI4cWp1OWFueFRaU0ZSZnExUFUyVXhOT1FoakU9","refreshMs":30000,"attribution":"Ora (Warner Varnado) · Wyoming DOT"}},{"type":"Feature","geometry":{"type":"Point","coordinates":[-104.350464,41.157351]},"properties":{"id":"ora-wy-126","name":"Carpenter Interchange","state":"WY","provider":"Wyoming DOT","hls":null,"snapshot":"https://www.wyoroad.info/web-cam/cache?ref=VTJGc2RHVmtYMS8rTmtobnlqcnBudTUyRyswaWJwLytJZkRIN2hBWDc2TnNxRUVha1k4UGQ5NXZFc0lIZDZhZ2cwRTgvYUN1NEhybDBlVGJ3cEJwYzc5NDJHMSs3elRqczFXMG1OWVh3MmM9","refreshMs":30000,"attribution":"Ora (Warner Varnado) · Wyoming DOT"}},{"type":"Feature","geometry":{"type":"Point","coordinates":[-104.24775094,41.62424685]},"properties":{"id":"ora-wy-127","name":"Lovercheck Hill","state":"WY","provider":"Wyoming DOT","hls":null,"snapshot":"https://www.wyoroad.info/web-cam/cache?ref=VTJGc2RHVmtYMS9yVmxvTkx1ZiswUGxmcjNUZkNUQzNmSGx4YWRGZ2VJYVpSRWRxellERVV5bHgxL25sWmd0K2VoUWQvdE9vS1U2NURXWUhoVHNkTVJ4MDFTRnhnSi9EMDI2ZWc2VVA5bmhBMkxMbkpIM2tOZ0libkhYY3dsdGs=","refreshMs":30000,"attribution":"Ora (Warner Varnado) · Wyoming DOT"}},{"type":"Feature","geometry":{"type":"Point","coordinates":[-104.205325,42.692983]},"properties":{"id":"ora-wy-128","name":"Duck Creek","state":"WY","provider":"Wyoming DOT","hls":null,"snapshot":"https://www.wyoroad.info/web-cam/cache?ref=VTJGc2RHVmtYMS9vbUhkM3NJRHNYREovQjRYcE1GVmV6UWw3dWo5NjFTNk8rNmJKeXZ5YzZFSjY1YXdGQ1FBMnNaN2VPeEI1UnkrNXpwMzc3cFdHL1QvdXllQ3JBYUVJZEFYTUFjdE83Y1E9","refreshMs":30000,"attribution":"Ora (Warner Varnado) · Wyoming DOT"}},{"type":"Feature","geometry":{"type":"Point","coordinates":[-106.090475,43.557215]},"properties":{"id":"ora-wy-129","name":"Pugsley Hill","state":"WY","provider":"Wyoming DOT","hls":null,"snapshot":"https://www.wyoroad.info/web-cam/cache?ref=VTJGc2RHVmtYMS9zcVF0d2NUV2Fnai9zRytXZDVvVmZoVkxkbFZTYnZpKzJDS1MyWDNNbjljVytaNFpXUzhteDhJc2FMcmoxZ29EVnZGaWtUbTRSU1g3ay9SYUt2L2hGTVM1VVp3ZlJmeUEvbkh4ZjdWNFRQQmtycEpuVGVaNUM=","refreshMs":30000,"attribution":"Ora (Warner Varnado) · Wyoming DOT"}},{"type":"Feature","geometry":{"type":"Point","coordinates":[-106.645925,43.967665]},"properties":{"id":"ora-wy-130","name":"Mile Marker 272","state":"WY","provider":"Wyoming DOT","hls":null,"snapshot":"https://www.wyoroad.info/web-cam/cache?ref=VTJGc2RHVmtYMS9KZkp2ZU13dDlQbE5Ia2N3NTVhR3lQbytjQzIwSXFCWW1OeTR6aU40WnhjSEV6bDdXTTBGaHBKaGNvdU9sZXg2Lzh5cVR3Qm9jUGc9PQ==","refreshMs":30000,"attribution":"Ora (Warner Varnado) · Wyoming DOT"}},{"type":"Feature","geometry":{"type":"Point","coordinates":[-106.684482,44.245224]},"properties":{"id":"ora-wy-131","name":"Trabing Interchange","state":"WY","provider":"Wyoming DOT","hls":null,"snapshot":"https://www.wyoroad.info/web-cam/cache?ref=VTJGc2RHVmtYMS9mcmdWcnBYRkhaZWFyNkt2em53UnFPRDNCck0rLzRZRDlSZkcvZFdiQVA5WWRIYW40UkVOYTdpT1ozY0swNnBUaklXU2ZGb0xLSXVERlhMNWp1c2s3dEpybW9YRzFURHc9","refreshMs":30000,"attribution":"Ora (Warner Varnado) · Wyoming DOT"}},{"type":"Feature","geometry":{"type":"Point","coordinates":[-104.222385,43.378477]},"properties":{"id":"ora-wy-132","name":"Mule Creek Junction","state":"WY","provider":"Wyoming DOT","hls":null,"snapshot":"https://www.wyoroad.info/web-cam/cache?ref=VTJGc2RHVmtYMS9ocCtENi9iQWpac1c5WTE4d0VtMDRJYUM0S3B6T1U3OW0rZTVQZ3JRSVM2bVRQM2MzbFFrMzRjbTR5MHEvbU1TKzBGdVp6MWhhKzFRL3F0M251eFVsbGRFTzY1YzgwTFk9","refreshMs":30000,"attribution":"Ora (Warner Varnado) · Wyoming DOT"}},{"type":"Feature","geometry":{"type":"Point","coordinates":[-108.268436,43.161363]},"properties":{"id":"ora-wy-133","name":"Eleven Mile Hill","state":"WY","provider":"Wyoming DOT","hls":null,"snapshot":"https://www.wyoroad.info/web-cam/cache?ref=VTJGc2RHVmtYMTlST1JSVk1pdFE5d2YzZEhWWUd0TVM3b041OXpaMDNGbFFTTEJxTnllUmcvT2xpdzBQbFE5UzNNTnVHRzJiUHF1UnoybHhDQm1qb1F2WkVGVStGR1duT1dVMnJTeGppcWdva094UkhrZmxmZ1MvZFlXRW1kWVg=","refreshMs":30000,"attribution":"Ora (Warner Varnado) · Wyoming DOT"}},{"type":"Feature","geometry":{"type":"Point","coordinates":[-109.194175,43.309157]},"properties":{"id":"ora-wy-134","name":"Crowheart","state":"WY","provider":"Wyoming DOT","hls":null,"snapshot":"https://www.wyoroad.info/web-cam/cache?ref=VTJGc2RHVmtYMS9KTU1YZUFDLzQwK3ZJNFBic0tndWZzcHVQY2NzY3BHRzhFTEsvSTdMR29hUHRlaERRVFBCMGJBSjVPcjRPb1BQM2h1SVp4b2c5VWtzK0IrM2RFc2VxOXJWMU1NR0tSU1E9","refreshMs":30000,"attribution":"Ora (Warner Varnado) · Wyoming DOT"}},{"type":"Feature","geometry":{"type":"Point","coordinates":[-109.383045,44.743028]},"properties":{"id":"ora-wy-135","name":"Chief Joseph","state":"WY","provider":"Wyoming DOT","hls":null,"snapshot":"https://www.wyoroad.info/web-cam/cache?ref=VTJGc2RHVmtYMTh0amhBL3BOcHRYdHFZQStyZzFuYkF1ZTczaWpCU2pmQlpJWVIyYS8xbDVzQnkzOEh6eHVYanNnS2swNzBKalpibnZCUUxJQ1I2R1F3QUluT2x3ZXdpMjNWRXVCOWE5WUpCUlB4OHFvWnJLSENzY3NiZnpFdU4=","refreshMs":30000,"attribution":"Ora (Warner Varnado) · Wyoming DOT"}},{"type":"Feature","geometry":{"type":"Point","coordinates":[-108.797232,44.739603]},"properties":{"id":"ora-wy-136","name":"Powell","state":"WY","provider":"Wyoming DOT","hls":null,"snapshot":"https://www.wyoroad.info/web-cam/cache?ref=VTJGc2RHVmtYMThSTitDMHlVUk02cStBZlZWKzlPeGthbzVZeTdJL3BvY3JBc0lpRG5uSk4rV1ZmMVU0end4NjJPd3JtZ1UrOWVPSDd4ZVZkRHQvV3c9PQ==","refreshMs":30000,"attribution":"Ora (Warner Varnado) · Wyoming DOT"}},{"type":"Feature","geometry":{"type":"Point","coordinates":[-108.305197,44.701418]},"properties":{"id":"ora-wy-137","name":"Blue Hill","state":"WY","provider":"Wyoming DOT","hls":null,"snapshot":"https://www.wyoroad.info/web-cam/cache?ref=VTJGc2RHVmtYMS92NjRxSFhCVWxSckMzc2V1VUpNK3pUeCtEZ1A3SUc2L01sQ09GS0NtaHhEZkZpamJtM3ZoNDZseVlOSEtxV1VlbFJuQXY2V2ovUmErR09TWmlpUHVDL0lheVphSG9pN0k9","refreshMs":30000,"attribution":"Ora (Warner Varnado) · Wyoming DOT"}},{"type":"Feature","geometry":{"type":"Point","coordinates":[-106.308129,42.806261]},"properties":{"id":"ora-wy-138","name":"WYO 258 Outer Drive","state":"WY","provider":"Wyoming DOT","hls":null,"snapshot":"https://www.wyoroad.info/web-cam/cache?ref=VTJGc2RHVmtYMTlYOXVzbXRWWHZPZWVTS09OcUhXOXR1WVBGdElucFB2a2RKWE50enZ3QS9jV1hrejBlWGg2MmNIS1J6OUhIRU1ySFJQZEZ6Z0ZGZlBlb3J3dFJyU2VsYmNscHBjMGU5UWs9","refreshMs":30000,"attribution":"Ora (Warner Varnado) · Wyoming DOT"}},{"type":"Feature","geometry":{"type":"Point","coordinates":[-106.688206,44.372211]},"properties":{"id":"ora-wy-139","name":"I90/I25 Interchange","state":"WY","provider":"Wyoming DOT","hls":null,"snapshot":"https://www.wyoroad.info/web-cam/cache?ref=VTJGc2RHVmtYMS9lL2R4OXJBUE9KVnAzeVNXUjAwQ1B5Qm9kdnRzVU85UUh5TjVhSXptWjRRcDNTWnhFRC9vRjJML2RSN3VEdHBIaWFzQldjLzVXTFVyNHBxdHFwa1FKVGYwVFBzU3BqTDg9","refreshMs":30000,"attribution":"Ora (Warner Varnado) · Wyoming DOT"}},{"type":"Feature","geometry":{"type":"Point","coordinates":[-104.276836,44.44987]},"properties":{"id":"ora-wy-140","name":"Moskee Road","state":"WY","provider":"Wyoming DOT","hls":null,"snapshot":"https://www.wyoroad.info/web-cam/cache?ref=VTJGc2RHVmtYMS9vMC9tTFp6MW1VSTU5MDFVTXlKd05xUFFKOHV2eWZDamFLZkZjUDZKM1ZwWFk5Wk1LZjQyUDJPaFZVWUU2aGhkSEhINndnZ1dCWkRQR25OZXRqY3FaMitueTRiYkhKZVE9","refreshMs":30000,"attribution":"Ora (Warner Varnado) · Wyoming DOT"}},{"type":"Feature","geometry":{"type":"Point","coordinates":[-104.43610806,44.37548511]},"properties":{"id":"ora-wy-141","name":"Sundance West","state":"WY","provider":"Wyoming DOT","hls":null,"snapshot":"https://www.wyoroad.info/web-cam/cache?ref=VTJGc2RHVmtYMStWTFdKa1FtUE8wbkRnMkRZc2UycTZtQzJoV3dlLzY4OGs2V0pxeUFCK00zK2RmVjZNaWY2dG5aV3VqQUJocEhCbzA2WmV0SlFSWCtISzBBLzJ3cUhtWDgrZkE1ellBY3M9","refreshMs":30000,"attribution":"Ora (Warner Varnado) · Wyoming DOT"}},{"type":"Feature","geometry":{"type":"Point","coordinates":[-104.32015788,44.42642258]},"properties":{"id":"ora-wy-142","name":"Sundance East","state":"WY","provider":"Wyoming DOT","hls":null,"snapshot":"https://www.wyoroad.info/web-cam/cache?ref=VTJGc2RHVmtYMTkzL1RrTU9JWVFPVlpPaTh1Z09LbVNmd211SEh6TW9SSENBaWFNNkVOQVRqMHhEUDRhQkhnRzRycGN5bkVSVm1OS2UyaFRqcWVzMUhjUmw3QUZkMGVuWEZHdURUNlFoQ2M9","refreshMs":30000,"attribution":"Ora (Warner Varnado) · Wyoming DOT"}},{"type":"Feature","geometry":{"type":"Point","coordinates":[-108.723967,42.831283]},"properties":{"id":"ora-wy-143","name":"Lander","state":"WY","provider":"Wyoming DOT","hls":null,"snapshot":"https://www.wyoroad.info/web-cam/cache?ref=VTJGc2RHVmtYMTlQM3VsQ040bnZ5MFloazJEbkpPTnQ0cGVxNGpZcTBCVng0eGt4aXh0eEVPUFJYSFBVaFJSMnc1OFk1eGxucUpvOW1RTVlaK3NLL0E9PQ==","refreshMs":30000,"attribution":"Ora (Warner Varnado) · Wyoming DOT"}},{"type":"Feature","geometry":{"type":"Point","coordinates":[-111.04551,43.54342]},"properties":{"id":"ora-wy-144","name":"Idaho State Line","state":"WY","provider":"Wyoming DOT","hls":null,"snapshot":"https://www.wyoroad.info/web-cam/cache?ref=VTJGc2RHVmtYMS9Yb3VHa0hzQjBQZDNRTk5oRmFCMTNpeVFnRms5TG81bG5oK2gyaTlleW51QVFmL25Ea0dSdUFTTDgybERFMFBuVFJEN2d6WThCVUNxRGptMFVRNmY5VG1HVlZKdmNZLzQ9","refreshMs":30000,"attribution":"Ora (Warner Varnado) · Wyoming DOT"}},{"type":"Feature","geometry":{"type":"Point","coordinates":[-108.83563498,44.48212966]},"properties":{"id":"ora-wy-145","name":"Eagle Pass","state":"WY","provider":"Wyoming DOT","hls":null,"snapshot":"https://www.wyoroad.info/web-cam/cache?ref=VTJGc2RHVmtYMTlqamdsUzl4YkkvaUlRN0xteDJRUHlwclJzY2pXSzFoa2RyWmFUaDhsVCtwVllCZWp5UVlkM1Y1ci9JM0hjQm9kcXFtcloyNHM4ZGVac3ZJeHpva3VPTm8wTTErTDhBTjQ9","refreshMs":30000,"attribution":"Ora (Warner Varnado) · Wyoming DOT"}},{"type":"Feature","geometry":{"type":"Point","coordinates":[-108.42246923,44.50571789]},"properties":{"id":"ora-wy-146","name":"US 14/16/20 / WYO 32 Junction","state":"WY","provider":"Wyoming DOT","hls":null,"snapshot":"https://www.wyoroad.info/web-cam/cache?ref=VTJGc2RHVmtYMStiVHpVTjRGNjJlQzdTRXkra2lTSWhjREVFRE1oQitoT0lHMDRiWEJ3NzAzL3F0bHFtRFJvSjVLL1g3c05HN001ZHc5TXYzNzRpMnA4NHR6aXBjSHh4UGV4b0xoYTg0alk9","refreshMs":30000,"attribution":"Ora (Warner Varnado) · Wyoming DOT"}},{"type":"Feature","geometry":{"type":"Point","coordinates":[-108.19039544,43.80289845]},"properties":{"id":"ora-wy-147","name":"Kirby Junction","state":"WY","provider":"Wyoming DOT","hls":null,"snapshot":"https://www.wyoroad.info/web-cam/cache?ref=VTJGc2RHVmtYMTlTNE1vY1VNWFFNZEFhZFZoQWZrVjJQcDVZTSswZFRDRHVXRE5pb1NqVkM4MkNsVEt2VEhQb3RmeFBxK1FBV0ExWXpVSEVMMkQ3MUxwOXFLNnQ1cEw2RGczNDUxWUtHOUE9","refreshMs":30000,"attribution":"Ora (Warner Varnado) · Wyoming DOT"}},{"type":"Feature","geometry":{"type":"Point","coordinates":[-107.96178642,44.26654825]},"properties":{"id":"ora-wy-148","name":"Manderson","state":"WY","provider":"Wyoming DOT","hls":null,"snapshot":"https://www.wyoroad.info/web-cam/cache?ref=VTJGc2RHVmtYMSsrL1hpNUlpemc4aUhvYjJRN2szeW03amZnbE9nSkhVRXFNTU5iR1ZoRkpHQnVPcW94VitpR25hVDM1YWFHU1NzNUgxckhOWHpscVB1U2NLSEtsUHptQ2VoZktIMUZyZEk9","refreshMs":30000,"attribution":"Ora (Warner Varnado) · Wyoming DOT"}},{"type":"Feature","geometry":{"type":"Point","coordinates":[-109.00840216,43.22989059]},"properties":{"id":"ora-wy-149","name":"Diversion Dam","state":"WY","provider":"Wyoming DOT","hls":null,"snapshot":"https://www.wyoroad.info/web-cam/cache?ref=VTJGc2RHVmtYMS9QYXlRUmZ5MnpZU1hLSDY3TWtBR3dWMUdvaVg4MkV6b0Fqd3dSbHRhTStuaDRHUGNVNlM4dysvQ2tHSENCV2xyRnFpL21vRTkwQVNqcmY0VjMxczBzSWRIRDlNaW9naytFRU5wOGNNbFFVYW9QdTh0TStocHk=","refreshMs":30000,"attribution":"Ora (Warner Varnado) · Wyoming DOT"}},{"type":"Feature","geometry":{"type":"Point","coordinates":[-106.3449687,42.86639227]},"properties":{"id":"ora-wy-150","name":"F Street Hill","state":"WY","provider":"Wyoming DOT","hls":null,"snapshot":"https://www.wyoroad.info/web-cam/cache?ref=VTJGc2RHVmtYMTlUTzNPYmh5NWhTeUpiWWVwSzYybnNPcjFxTEUvaXgrKzJmbEVZejJCUjl6WnZLcmt1OGRLNjVCcmZOMkJvaDdzQXVKaFFpWS9aUUlYZ0ZUOFRmZ3pkYVFzeTNVTUdvbGs9","refreshMs":30000,"attribution":"Ora (Warner Varnado) · Wyoming DOT"}},{"type":"Feature","geometry":{"type":"Point","coordinates":[-106.237637,42.37588]},"properties":{"id":"ora-wy-151","name":"Shirley Rim","state":"WY","provider":"Wyoming DOT","hls":null,"snapshot":"https://www.wyoroad.info/web-cam/cache?ref=VTJGc2RHVmtYMTh0UHdjUllGdnd1bTZ4bW9BemdleCtQVFQ5dUJ5TnluWjNoTm9SYkYwTGduT0RYajEyMVF0aHFCdkRUM2Y3VDJ3YjZ3c0JQU0k3Unc5S1p2d0w3QzdaWkl5dGZ3LzA4NkU9","refreshMs":30000,"attribution":"Ora (Warner Varnado) · Wyoming DOT"}},{"type":"Feature","geometry":{"type":"Point","coordinates":[-108.61951009,42.59832783]},"properties":{"id":"ora-wy-152","name":"Upper Red Canyon","state":"WY","provider":"Wyoming DOT","hls":null,"snapshot":"https://www.wyoroad.info/web-cam/cache?ref=VTJGc2RHVmtYMThqSnp3bVRnR2prU084MjBFYmt2TzJxZ1BzRDNLeVBTU1lPVk9seEV4VEJOY0Z1eG0yQjNwYUlEMTY3NzVSNXNXa3p6NGxvQVhqSU5YMk45cXFMWnJXODlRLzdLVkNCUUk9","refreshMs":30000,"attribution":"Ora (Warner Varnado) · Wyoming DOT"}},{"type":"Feature","geometry":{"type":"Point","coordinates":[-106.58347965,42.68151267]},"properties":{"id":"ora-wy-153","name":"Mile Marker 97","state":"WY","provider":"Wyoming DOT","hls":null,"snapshot":"https://www.wyoroad.info/web-cam/cache?ref=VTJGc2RHVmtYMStxZFlJbzNIZXZsZWhMRmx0VTJjSDVUQjEwVDFUc0MvcTBrR0xtUll0UHJqdmhBd2xxTDR1K3N3QkhsM3lIcGNFMlRKYXh2c3dOUXc9PQ==","refreshMs":30000,"attribution":"Ora (Warner Varnado) · Wyoming DOT"}},{"type":"Feature","geometry":{"type":"Point","coordinates":[-106.20416323,41.9042755]},"properties":{"id":"ora-wy-154","name":"Medicine Bow","state":"WY","provider":"Wyoming DOT","hls":null,"snapshot":"https://www.wyoroad.info/web-cam/cache?ref=VTJGc2RHVmtYMSs0MlBtK2pueHZjQjJOVVRXYnVhOWVqL1BVM2Y0U2NtS3JzWTdIWlZxZ0pzbWNxNlRudzRsak1lelh6aS9ZSmF1SUxDTmtsbU5vODdtVmEvN3gwc05rc3dWOFAxWUYvM009","refreshMs":30000,"attribution":"Ora (Warner Varnado) · Wyoming DOT"}},{"type":"Feature","geometry":{"type":"Point","coordinates":[-108.60893757,42.66108701]},"properties":{"id":"ora-wy-155","name":"Johnnie Lee's Corner","state":"WY","provider":"Wyoming DOT","hls":null,"snapshot":"https://www.wyoroad.info/web-cam/cache?ref=VTJGc2RHVmtYMS84M1FaWVAyVURCeEp4NDhmZFp1MlNGcC9PSGlhcm9LNUpvK1B0NXZvcGo1VDJWVklna1JmdVltZGUyUHJ4Z1NMcGZkNWFYOE5FZWVhaEltcm5HdTcyclhsQUV5NjJPM289","refreshMs":30000,"attribution":"Ora (Warner Varnado) · Wyoming DOT"}},{"type":"Feature","geometry":{"type":"Point","coordinates":[-106.39786601,42.41808954]},"properties":{"id":"ora-wy-156","name":"WYO 487 / WYO 77 Junction","state":"WY","provider":"Wyoming DOT","hls":null,"snapshot":"https://www.wyoroad.info/web-cam/cache?ref=VTJGc2RHVmtYMTlPdklLWFVzUVp1d283enNheUc5Z0JSL3NUWDVtRktYUXVaQm4wMWtwaGhHOGJReHRRTCtCSXhvV0xLZmdGZmU5ZUx5L0YvQkNXa0NIZStINGRub3hQVFJFbHkyN3R4NXM9","refreshMs":30000,"attribution":"Ora (Warner Varnado) · Wyoming DOT"}},{"type":"Feature","geometry":{"type":"Point","coordinates":[-106.86403005,44.64343369]},"properties":{"id":"ora-wy-157","name":"Pompey Creek","state":"WY","provider":"Wyoming DOT","hls":null,"snapshot":"https://www.wyoroad.info/web-cam/cache?ref=VTJGc2RHVmtYMTkvU1NGU0Vya0FuRkgreWhZWHJVSDlteEFIZTI0bkNTRTJ1eGE3SzJNTnRST1VjYzUwVWxOYzY3MTB5YlV3MGJlSzFJRkVOWEhQakpRRXkwcjVqajI1RkRzblFweHdvU2M9","refreshMs":30000,"attribution":"Ora (Warner Varnado) · Wyoming DOT"}},{"type":"Feature","geometry":{"type":"Point","coordinates":[-106.81455139,44.5668997]},"properties":{"id":"ora-wy-158","name":"Sheridan / Johnson County Line","state":"WY","provider":"Wyoming DOT","hls":null,"snapshot":"https://www.wyoroad.info/web-cam/cache?ref=VTJGc2RHVmtYMThrKzlVT1FlSUxqMGRVZkExb1F0RzVyYXBPRDRkaUFiNHg5YjhablJ6Rm4reVI0NkJWSC9FWnFiZzZwZW5HZHkzZ1VvbllEenR3QUFaNXU3Si8zY3pBc3hoMEFUa1JnQ2s9","refreshMs":30000,"attribution":"Ora (Warner Varnado) · Wyoming DOT"}},{"type":"Feature","geometry":{"type":"Point","coordinates":[-106.80313987,44.51070033]},"properties":{"id":"ora-wy-159","name":"Kearny Divide","state":"WY","provider":"Wyoming DOT","hls":null,"snapshot":"https://www.wyoroad.info/web-cam/cache?ref=VTJGc2RHVmtYMThtZ0RqMVFONm1samFrWldoR3JTK0w0NmtaY1JoeHNsZEJpUzEwVmQ1cjFzaDlzL1dsSm95SEgvcTM4UXh2cGt1WE16UWhxYllSRjNrTEZiWFUyYkoxdVo5ZFR2VmlEYkE9","refreshMs":30000,"attribution":"Ora (Warner Varnado) · Wyoming DOT"}},{"type":"Feature","geometry":{"type":"Point","coordinates":[-110.576822,41.792412]},"properties":{"id":"ora-wy-160","name":"Kemmerer POE","state":"WY","provider":"Wyoming DOT","hls":null,"snapshot":"https://www.wyoroad.info/web-cam/cache?ref=VTJGc2RHVmtYMSswSTZHUjBKa2ZJU3NQb0FOdWN1cGwzeVRzUHA1WXlEUmt5TGpCejJGTHpWdXB2UkVoZzJIRDhxSzlhY1FiWlZLUVJQYTEyeGV0TThKTG13NS9XZ1VSekpZajRMVXJST1E9","refreshMs":30000,"attribution":"Ora (Warner Varnado) · Wyoming DOT"}},{"type":"Feature","geometry":{"type":"Point","coordinates":[-105.20181579,41.89199002]},"properties":{"id":"ora-wy-161","name":"Sybille Canyon","state":"WY","provider":"Wyoming DOT","hls":null,"snapshot":"https://www.wyoroad.info/web-cam/cache?ref=VTJGc2RHVmtYMThGQnlUUGVYM3NVVHVZb205TVB4b1VYVFM5cmQwcWJnS0h0Q2xyeGhvOWdVb0dFU1B2ZllDRDMrUEltbUtFVkk2NWhaT09MdlFBWlI5aGFHOHJ5YXFLazlNUm9Uclp3WXE5RzF4eE1EbHFhRzZ0YVhvRlZCYXg=","refreshMs":30000,"attribution":"Ora (Warner Varnado) · Wyoming DOT"}},{"type":"Feature","geometry":{"type":"Point","coordinates":[-105.10249717,42.59944855]},"properties":{"id":"ora-wy-162","name":"Platte/Converse County Line","state":"WY","provider":"Wyoming DOT","hls":null,"snapshot":"https://www.wyoroad.info/web-cam/cache?ref=VTJGc2RHVmtYMStqSGZoRDU4eTloMzdLU0p1UVg1djJsY1llYzdGcndMc09lT01RS1lIZ2dJUk13b3Y5eFVTaXk2d1FRQ2Qweko0dDJVbExZVm5ldTJKYi9PTUpXSHIvZy9Ca2pRcCt6dEk9","refreshMs":30000,"attribution":"Ora (Warner Varnado) · Wyoming DOT"}},{"type":"Feature","geometry":{"type":"Point","coordinates":[-105.02216438,42.23005112]},"properties":{"id":"ora-wy-163","name":"Dwyer Junction","state":"WY","provider":"Wyoming DOT","hls":null,"snapshot":"https://www.wyoroad.info/web-cam/cache?ref=VTJGc2RHVmtYMStYRGdiVkNlNGM3UHhCcGQyODdBaENYT2tzMWk2Y0xrUzlEdWdnbHdubU1GS3JsVUlBQ2NpRWlxaVlDYWtzOEEyRXhja1FXaTRtdXh3K0ZiaTlJRW03YnJBVDYwdDJ5eE09","refreshMs":30000,"attribution":"Ora (Warner Varnado) · Wyoming DOT"}},{"type":"Feature","geometry":{"type":"Point","coordinates":[-104.34314,44.414643]},"properties":{"id":"ora-wy-164","name":"Sundance East POE","state":"WY","provider":"Wyoming DOT","hls":null,"snapshot":"https://www.wyoroad.info/web-cam/cache?ref=VTJGc2RHVmtYMTlOTTRnNHJJaWY5aWgrOCtKenh3TXF4eWpBbm9BV0pwT096ejdsZWpXelExK1pYQ2l5cFdKQmJaeE85RUI0SXllTmNnYVVrSHZYNE1YRWZ6ODlqYk4vUTNsd1hiYlVUV0k9","refreshMs":30000,"attribution":"Ora (Warner Varnado) · Wyoming DOT"}},{"type":"Feature","geometry":{"type":"Point","coordinates":[-111.04568609,41.24726346]},"properties":{"id":"ora-wy-165","name":"Evanston POE","state":"WY","provider":"Wyoming DOT","hls":null,"snapshot":"https://www.wyoroad.info/web-cam/cache?ref=VTJGc2RHVmtYMS9nWHZDbFl0SExaWWJGUHlsSTRORmU1SmVIb1E1TlcwZnhuZzhCUkZyZUdPekM0SVBoM1J5b2Y3VmdqR0tIdWhxUkVON1ZqMEsrV2J5bHZGTkVpSG9LYzBGbTRLbGdyZ1U9","refreshMs":30000,"attribution":"Ora (Warner Varnado) · Wyoming DOT"}},{"type":"Feature","geometry":{"type":"Point","coordinates":[-110.92555471,41.26687572]},"properties":{"id":"ora-wy-166","name":"Bear River Dr","state":"WY","provider":"Wyoming DOT","hls":null,"snapshot":"https://www.wyoroad.info/web-cam/cache?ref=VTJGc2RHVmtYMThVT0ZEY2hhRVpmWXVaazNDUTRwV0llQnh2em9JZ0huT2YvZXFkR08wUFRpZlJrK1VFUkhBOXNVU1RWaTErWE4rMWVIV1YvWitQREFpMFRGY2lyRit3a1BFTWZkYVVNUDg9","refreshMs":30000,"attribution":"Ora (Warner Varnado) · Wyoming DOT"}},{"type":"Feature","geometry":{"type":"Point","coordinates":[-107.72154045,43.16180269]},"properties":{"id":"ora-wy-167","name":"Moneta","state":"WY","provider":"Wyoming DOT","hls":null,"snapshot":"https://www.wyoroad.info/web-cam/cache?ref=VTJGc2RHVmtYMS85SExKbXR6SUJXSjRkWFYzazArVDRPcnB6UjI2dlFRaEtxOGJZVFpkUzcvV0tvU1U3d0dheTJ6VmJJTlhKUVVRYVpQMnhBaW1VSlJGZnJQSVEydW1jL0hpdkZUOHR3S2s9","refreshMs":30000,"attribution":"Ora (Warner Varnado) · Wyoming DOT"}},{"type":"Feature","geometry":{"type":"Point","coordinates":[-110.80815444,41.82072406]},"properties":{"id":"ora-wy-168","name":"Nugget Canyon","state":"WY","provider":"Wyoming DOT","hls":null,"snapshot":"https://www.wyoroad.info/web-cam/cache?ref=VTJGc2RHVmtYMTk1UzYxbFpHenhXUGdLUFFhdXQyemlIR2padUUyWUc2VGZqU3lOZ0czOVA4QmJQWmFScHQxWHVMeVM3Wi91MjRscnZmcTkrZW1TMXMyS01sRUVVSkRaZUlHVFpPTFRRcjA9","refreshMs":30000,"attribution":"Ora (Warner Varnado) · Wyoming DOT"}},{"type":"Feature","geometry":{"type":"Point","coordinates":[-107.4968682,44.65264564]},"properties":{"id":"ora-wy-169","name":"Granite Pass","state":"WY","provider":"Wyoming DOT","hls":null,"snapshot":"https://www.wyoroad.info/web-cam/cache?ref=VTJGc2RHVmtYMS80dDhLdnN4bkRyR3dlQzl6S0JsVE13cGRLMk1GN0xieVJoR0tRUHFNS0Q1UzlJSmF3M3oxdUFYRFROY0tjNytXN2hHUHdhcHUxZFBCakZHbTlWeGZxQjR3b3AxKzh6UUE9","refreshMs":30000,"attribution":"Ora (Warner Varnado) · Wyoming DOT"}},{"type":"Feature","geometry":{"type":"Point","coordinates":[-105.67887062,41.54753083]},"properties":{"id":"ora-wy-170","name":"Bosler Junction","state":"WY","provider":"Wyoming DOT","hls":null,"snapshot":"https://www.wyoroad.info/web-cam/cache?ref=VTJGc2RHVmtYMS9oc0hzS2xXWTdjSzhtMnl3Ums3SFNLd1d5enF0bkVZWUYxTzM1aENvc1d5ZkVsbWt6UEQzZnRYc1lSdzlNNXlrSlNzNmhvZ3JjWDVrZDdOK3dReVRkYnJPL0gzTFExSVk9","refreshMs":30000,"attribution":"Ora (Warner Varnado) · Wyoming DOT"}},{"type":"Feature","geometry":{"type":"Point","coordinates":[-108.621555,44.96677]},"properties":{"id":"ora-wy-171","name":"Frannie POE","state":"WY","provider":"Wyoming DOT","hls":null,"snapshot":"https://www.wyoroad.info/web-cam/cache?ref=VTJGc2RHVmtYMTlENE5hWFd2Tkp1aVFFeHQ0VmhIMlF4d2dlYnFQN05lNDh5R0VISXJwZ05IODhvU3ZNMTJBNzluc3JybitWRlgzSGo5RTc1d3ZpZk1hSmxWVmhlejZtbEMxamVBNkJvenM9","refreshMs":30000,"attribution":"Ora (Warner Varnado) · Wyoming DOT"}},{"type":"Feature","geometry":{"type":"Point","coordinates":[-106.54006614,44.56094352]},"properties":{"id":"ora-wy-172","name":"Ucross","state":"WY","provider":"Wyoming DOT","hls":null,"snapshot":"https://www.wyoroad.info/web-cam/cache?ref=VTJGc2RHVmtYMThxekRwZlpuMWxzbERoMkZqN3g2WVNTVkU2MmQ2QjgreFhCb0txVG0yVDJ0bFJkcFd6QlVBdVJPbHVKaHcvRlB2VnRVSXRtdjEyOGc9PQ==","refreshMs":30000,"attribution":"Ora (Warner Varnado) · Wyoming DOT"}},{"type":"Feature","geometry":{"type":"Point","coordinates":[-106.09520877,41.07640091]},"properties":{"id":"ora-wy-173","name":"Woods Creek","state":"WY","provider":"Wyoming DOT","hls":null,"snapshot":"https://www.wyoroad.info/web-cam/cache?ref=VTJGc2RHVmtYMSs0VERPZ3cvdFp5czVsd3BNM2JXcHZLcHBiZHpBR29LUUdnQ25vYlNTTW5ybTc3Mm44M2lEajVTaXJzK3JGZ3dacGgraWNYS0NvSDhBVi9HT0JzS0k1cnB6M0lCU3VjdUk9","refreshMs":30000,"attribution":"Ora (Warner Varnado) · Wyoming DOT"}},{"type":"Feature","geometry":{"type":"Point","coordinates":[-105.54041542,41.11567702]},"properties":{"id":"ora-wy-174","name":"Midway","state":"WY","provider":"Wyoming DOT","hls":null,"snapshot":"https://www.wyoroad.info/web-cam/cache?ref=VTJGc2RHVmtYMStrSVlCL05lT0dDQUFjUHZ4cW9lUTJjMlZvcEt5eThUZmRFem13K0ZCbmdIMVQzZGdueDRsWmowQWdvd1k2ZDZsZitod2M5TTZsNkFyVi8xckJINUJ2NXpyek9LTnBxaFk9","refreshMs":30000,"attribution":"Ora (Warner Varnado) · Wyoming DOT"}},{"type":"Feature","geometry":{"type":"Point","coordinates":[-109.42802889,41.00243531]},"properties":{"id":"ora-wy-175","name":"Minnies Gap","state":"WY","provider":"Wyoming DOT","hls":null,"snapshot":"https://www.wyoroad.info/web-cam/cache?ref=VTJGc2RHVmtYMThBMEFmSlBWVkRycXZCbUFUcll3OEtvU253WThjQis4c3A4Zmx2TWw0b0pFRGNmd2Z1RFZ3djlra05vRUxVaHNqZGQxZHRHcUVVeXVZN3VRaC9OUDZFUERsbkllcUhSWTQ9","refreshMs":30000,"attribution":"Ora (Warner Varnado) · Wyoming DOT"}},{"type":"Feature","geometry":{"type":"Point","coordinates":[-104.18837672,44.88955599]},"properties":{"id":"ora-wy-176","name":"Colony","state":"WY","provider":"Wyoming DOT","hls":null,"snapshot":"https://www.wyoroad.info/web-cam/cache?ref=VTJGc2RHVmtYMS96Mm04QWNrenZyMW1ZZ0F3VktycG9kZUpIQzVqbVFZWVNmOHV2R2Z5NjUxRVVLdnRjR0dRREJ2YVU2SGFiZWwzUjkvRFd5SVZMNDNieVVJYmZIR1p1LzdQellJMmdVb2s9","refreshMs":30000,"attribution":"Ora (Warner Varnado) · Wyoming DOT"}},{"type":"Feature","geometry":{"type":"Point","coordinates":[-105.046205,42.318826]},"properties":{"id":"ora-wy-177","name":"Coleman","state":"WY","provider":"Wyoming DOT","hls":null,"snapshot":"https://www.wyoroad.info/web-cam/cache?ref=VTJGc2RHVmtYMS9BRVpBM0k5dU9FVG9yQkllb1NzZmV0U2RxTFMyMGtUUkg1ZVlseFlTUTNUWXNNR0NORWFVT3RVbk43ZURwVVdvTjhYOWZLVWhZd0Zoekw2VGo5YWM4YmZIUkVMQWZtNlE9","refreshMs":30000,"attribution":"Ora (Warner Varnado) · Wyoming DOT"}},{"type":"Feature","geometry":{"type":"Point","coordinates":[-104.15760717,42.6691654]},"properties":{"id":"ora-wy-178","name":"Van Tassell","state":"WY","provider":"Wyoming DOT","hls":null,"snapshot":"https://www.wyoroad.info/web-cam/cache?ref=VTJGc2RHVmtYMStaajVEK0JXRnZzU2Q3NUcxWUJqT1hKTU9qL1ZPZGFPcDZ5SVhSMi9KZFRpem14czNwMkEzbUtDdnUybXNyYmVxTDBoellWRlkzSkpyTncyZXVBeGQ2NmYwL1Jyd0JJVzA9","refreshMs":30000,"attribution":"Ora (Warner Varnado) · Wyoming DOT"}},{"type":"Feature","geometry":{"type":"Point","coordinates":[-110.78855025,43.47348702]},"properties":{"id":"ora-wy-179","name":"US 89 / WYO 22 Junction","state":"WY","provider":"Wyoming DOT","hls":null,"snapshot":"https://www.wyoroad.info/web-cam/cache?ref=VTJGc2RHVmtYMTlDNVFlK1VYM284bVhwdzRLVW1FYkZ6MHdjOWcwUFFYbXY2WXdZbTU3R2psdVR6UXN3QkFkc1dBZUpXZVM0aE1QTWxkQUF5Z0pTVm5IWmRWZ1p6N3JBdHh2ZDEvdTBTWUE9","refreshMs":30000,"attribution":"Ora (Warner Varnado) · Wyoming DOT"}},{"type":"Feature","geometry":{"type":"Point","coordinates":[-106.04599,41.496199]},"properties":{"id":"ora-wy-180","name":"Strouss Hill","state":"WY","provider":"Wyoming DOT","hls":null,"snapshot":"https://www.wyoroad.info/web-cam/cache?ref=VTJGc2RHVmtYMS9BcC9BcXFIYU5wRHpXZGRpVG10Y3VXNXo0ekVqWFFLb054c3dJNElZRWNoL1EzT3Ara1F4TXBNOTVhU0t0UXJSUlBUVmJJNlNXaCtLb0JMWkoxY1RNRDVSMjd6RVVyS009","refreshMs":30000,"attribution":"Ora (Warner Varnado) · Wyoming DOT"}},{"type":"Feature","geometry":{"type":"Point","coordinates":[-106.20173194,42.83936983]},"properties":{"id":"ora-wy-181","name":"Hat Six","state":"WY","provider":"Wyoming DOT","hls":null,"snapshot":"https://www.wyoroad.info/web-cam/cache?ref=VTJGc2RHVmtYMS9SMEJML0FaeW4zdlJzSGg4VjFmKzV6d3RMTjdKZkZxSzNkcUJmZnJQZnR3aTlVMG16QXNCTXZ0T2pLN2srUTZXNEdGMTUwNGtWYkE9PQ==","refreshMs":30000,"attribution":"Ora (Warner Varnado) · Wyoming DOT"}},{"type":"Feature","geometry":{"type":"Point","coordinates":[-110.84584989,43.49975638]},"properties":{"id":"ora-wy-182","name":"WYO 22 / WYO 390 Junction","state":"WY","provider":"Wyoming DOT","hls":null,"snapshot":"https://www.wyoroad.info/web-cam/cache?ref=VTJGc2RHVmtYMS9HOTNWbUdVN0o3ZzlDNFhCQkNiTHBOeDJ2SG5CSUJCYW9xK0V6aTREK0c5YXhyejliZlpubGdGL3YxYWMvM2FFbEZ2dm9MUjYyVDdaVGhwRzJaZmpzdFVwdEovaU5zUjQ9","refreshMs":30000,"attribution":"Ora (Warner Varnado) · Wyoming DOT"}},{"type":"Feature","geometry":{"type":"Point","coordinates":[-106.38591,43.42832]},"properties":{"id":"ora-wy-183","name":"Smokey Gap","state":"WY","provider":"Wyoming DOT","hls":null,"snapshot":"https://www.wyoroad.info/web-cam/cache?ref=VTJGc2RHVmtYMThqbWVlNDRNN0Q2YTZ6QnEwRTk0SDU3cmVoTEYxQUt5ZDNQOTZVU1NRb0ZzT2gwQWE0Mm05Zk1DblNrK0JmZ2l4NkUyVlZxZENlbmRkSUNqaGRDNk9sZEUvS2ExdFE5cjQ9","refreshMs":30000,"attribution":"Ora (Warner Varnado) · Wyoming DOT"}},{"type":"Feature","geometry":{"type":"Point","coordinates":[-106.4831,43.54458]},"properties":{"id":"ora-wy-184","name":"Tisdale Divide","state":"WY","provider":"Wyoming DOT","hls":null,"snapshot":"https://www.wyoroad.info/web-cam/cache?ref=VTJGc2RHVmtYMThFcXVwU2xBUzgzQzNaLzN6a0NHVWNzZE10SERGeHZMZFFJd1lQTU9KT0d2dU12N215UGZGKythWk95SlR2aExhdFAyRy9xRUxBNkE9PQ==","refreshMs":30000,"attribution":"Ora (Warner Varnado) · Wyoming DOT"}},{"type":"Feature","geometry":{"type":"Point","coordinates":[-108.610926,42.617954]},"properties":{"id":"ora-wy-185","name":"Lower Red Canyon","state":"WY","provider":"Wyoming DOT","hls":null,"snapshot":"https://www.wyoroad.info/web-cam/cache?ref=VTJGc2RHVmtYMStVQ2xYMWExY2VFRVdOTzYwVEwzcDdER1lyMHBGWXZkR2JXTHU5OWd5WDB3OUdVTE10NXc0dTZEak0wc3VMZkNyU2pUZ09BMnFZaHZCTkE1YkFPN0d3Smo4a3N2TFZmU1k9","refreshMs":30000,"attribution":"Ora (Warner Varnado) · Wyoming DOT"}},{"type":"Feature","geometry":{"type":"Point","coordinates":[-108.697167,42.568531]},"properties":{"id":"ora-wy-186","name":"Limestone Mountain","state":"WY","provider":"Wyoming DOT","hls":null,"snapshot":"https://www.wyoroad.info/web-cam/cache?ref=VTJGc2RHVmtYMTlnMlRwNjhlUnlSRWQ3cWk0WkNlbFRrc3VPWkRSdTcrOGZ3QU5VUUI3clUrTXROSU1uUXdHWWdJOXBWQUlLQnpvZ3JMQjE0Vm8rbm1SamRNNm9RcHhsZ1lDQ3FJRFJRazFpQzE4TkRBMVduWWVld1lmb2l2SE4=","refreshMs":30000,"attribution":"Ora (Warner Varnado) · Wyoming DOT"}},{"type":"Feature","geometry":{"type":"Point","coordinates":[-109.93536942,41.02599562]},"properties":{"id":"ora-wy-187","name":"McKinnon","state":"WY","provider":"Wyoming DOT","hls":null,"snapshot":"https://www.wyoroad.info/web-cam/cache?ref=VTJGc2RHVmtYMTluNEpTRUx0bHkyL2IwcjdLbmZPZGpjejBaUTFhK1RETzhGVEIxbmM0aWZBZS96OGFJNXNGbmllN3BlRUxZejFvdEVGRlpSUHAvMGJTUVNQeWdKQmlFbFQwaEc3UjQ3QmM9","refreshMs":30000,"attribution":"Ora (Warner Varnado) · Wyoming DOT"}},{"type":"Feature","geometry":{"type":"Point","coordinates":[-108.78916528,41.08472891]},"properties":{"id":"ora-wy-188","name":"Rife Ridge","state":"WY","provider":"Wyoming DOT","hls":null,"snapshot":"https://www.wyoroad.info/web-cam/cache?ref=VTJGc2RHVmtYMTlZcW5sMDZpZnhXa3JZazE1UW9uekl5RHE3RkRpcjE2c0ZiTVliaTRwdFFQcFZ3ZnJFTGIzRVZOQm9nbWVoL3FzNlorN05adEJIMGNEMlE1c0JmM0k3MEN3VDRyT2ZNajQ9","refreshMs":30000,"attribution":"Ora (Warner Varnado) · Wyoming DOT"}},{"type":"Feature","geometry":{"type":"Point","coordinates":[-108.18324427,42.71312863]},"properties":{"id":"ora-wy-189","name":"Cedar Rim","state":"WY","provider":"Wyoming DOT","hls":null,"snapshot":"https://www.wyoroad.info/web-cam/cache?ref=VTJGc2RHVmtYMStlVm45VitDNmVwM0VxYzk5WHNwdW0zSnBhb3FpWml1NzBOL0NTZG5aRUVHQVBHSGVKUUxYOGNLSkNtOEp1cC9nendZQTZEaG94cFNTVlVxL09QaW9yR28rbVo0alRObnM9","refreshMs":30000,"attribution":"Ora (Warner Varnado) · Wyoming DOT"}},{"type":"Feature","geometry":{"type":"Point","coordinates":[-106.32849664,42.77498322]},"properties":{"id":"ora-wy-190","name":"Casper Mountain Road","state":"WY","provider":"Wyoming DOT","hls":null,"snapshot":"https://www.wyoroad.info/web-cam/cache?ref=VTJGc2RHVmtYMS82bGlzQWtzMkloTHdhRktYYnRjaWtqMzU4QTFBaXRwRklDank0dmdOZ1J1dElFLzJFV1Fua0dxcDN6czhGb00zVVkzNHFsV2UzbXMwNEZQMTZZTDhvdkpYd0VtL0U0Wm9hcEtwUVJKeXNmNFlzaUR1TUNvZFI=","refreshMs":30000,"attribution":"Ora (Warner Varnado) · Wyoming DOT"}},{"type":"Feature","geometry":{"type":"Point","coordinates":[-104.13608,44.08082]},"properties":{"id":"ora-wy-191","name":"Four Corners","state":"WY","provider":"Wyoming DOT","hls":null,"snapshot":"https://www.wyoroad.info/web-cam/cache?ref=VTJGc2RHVmtYMStRRjkzN1M1YUhhOXh5aHUydTM5Z1B6ZXBLS2R2K2gxRlJyZmtLTGVRdHZlcmhCRUNPaDBFNTR1Y2thdTBUbjNwUEJJSVZxejRQRDdudGZRaTA5cjBXRXNwUGxOQmdBR2s9","refreshMs":30000,"attribution":"Ora (Warner Varnado) · Wyoming DOT"}},{"type":"Feature","geometry":{"type":"Point","coordinates":[-109.124039,44.5124418]},"properties":{"id":"ora-wy-192","name":"Cody (West)","state":"WY","provider":"Wyoming DOT","hls":null,"snapshot":"https://www.wyoroad.info/web-cam/cache?ref=VTJGc2RHVmtYMThXUitQRi9QaUZLZTRDcXRkajZ1NVphYmQ1TjExa25mWmU4WHhvSWZ2b2sveXgyMGRNYWpyR2h4UFNEczV1ZnQrWXNwUURaaVlhRjJ6Q2s5a2VmUElRc3RPaG5pbXJxZWM9","refreshMs":30000,"attribution":"Ora (Warner Varnado) · Wyoming DOT"}},{"type":"Feature","geometry":{"type":"Point","coordinates":[-107.887769,44.020637]},"properties":{"id":"ora-wy-193","name":"Worland (East)","state":"WY","provider":"Wyoming DOT","hls":null,"snapshot":"https://www.wyoroad.info/web-cam/cache?ref=VTJGc2RHVmtYMThudUljWUJ3MlhCQWhUcTNrWWxwNWFvN1doOGZpcXczTSsxeEN6ci8weU0wL05PT0RKWlRoWTlUQkcwNzVGbEQzSzA5dnVlVXdOZkdTUURtZ2FWKytlWXNZaXZ6WE9XU3M9","refreshMs":30000,"attribution":"Ora (Warner Varnado) · Wyoming DOT"}},{"type":"Feature","geometry":{"type":"Point","coordinates":[-108.057666,44.472105]},"properties":{"id":"ora-wy-194","name":"Greybull (South)","state":"WY","provider":"Wyoming DOT","hls":null,"snapshot":"https://www.wyoroad.info/web-cam/cache?ref=VTJGc2RHVmtYMTlpU0JLZnliYkVoRmZjdjRjdmpCczVRbkhmTmJPOGZJQm83M0NNci9FSG9ld2ZuYzF5Sk8rc0RhWlpPSStrbndid0dCdVpMY0JaN0w0bzBPUjlGYU5lVzNrWFp4N09rQzA9","refreshMs":30000,"attribution":"Ora (Warner Varnado) · Wyoming DOT"}},{"type":"Feature","geometry":{"type":"Point","coordinates":[-108.11046352,43.25213305]},"properties":{"id":"ora-wy-195","name":"Shoshoni (North)","state":"WY","provider":"Wyoming DOT","hls":null,"snapshot":"https://www.wyoroad.info/web-cam/cache?ref=VTJGc2RHVmtYMS9lZmpTbFVacGp5VndLZmZsK2c3YWcxTGU5cW84N0w1RjJZcXVnaUVTVWZObkgwZHR1TDhFUEdKWUpnQWErcE15M2tyQmhCSWxnSDEycFQ2VDFuZVJKdXdLYlh1eURVQWM9","refreshMs":30000,"attribution":"Ora (Warner Varnado) · Wyoming DOT"}},{"type":"Feature","geometry":{"type":"Point","coordinates":[-108.21340383,43.58604464]},"properties":{"id":"ora-wy-196","name":"Thermopolis (South)","state":"WY","provider":"Wyoming DOT","hls":null,"snapshot":"https://www.wyoroad.info/web-cam/cache?ref=VTJGc2RHVmtYMTlCeGVuQTQrcWtybDV6VndYa1B4dk4xN0ZJQ0oyZzhPM1JVSWI3dUVINXNzeldJd2JBV3J4MitzYlB2V0tUaC9Balc0allWTG44WjN1cHJTelAzR3IvUHQzNU5Sa0NHSTQ9","refreshMs":30000,"attribution":"Ora (Warner Varnado) · Wyoming DOT"}},{"type":"Feature","geometry":{"type":"Point","coordinates":[-107.980715,44.009893]},"properties":{"id":"ora-wy-197","name":"Worland (South)","state":"WY","provider":"Wyoming DOT","hls":null,"snapshot":"https://www.wyoroad.info/web-cam/cache?ref=VTJGc2RHVmtYMTltczJ4VG15Nk1KUjJGWUgyOS9wdms1ZEUwVUlsRU5GUFNHOHRRL2FiUTNRODlDSVhqNm9lblorWll5SFBFWTczTUcyRGQ2akl3WXRiSVNSeXZ0YjM5QVdjYXgzempKT0E9","refreshMs":30000,"attribution":"Ora (Warner Varnado) · Wyoming DOT"}},{"type":"Feature","geometry":{"type":"Point","coordinates":[-110.35435211,43.82473288]},"properties":{"id":"ora-wy-198","name":"Blackrock Ranger Station","state":"WY","provider":"Wyoming DOT","hls":null,"snapshot":"https://www.wyoroad.info/web-cam/cache?ref=VTJGc2RHVmtYMStMdmNGMmREbW9Jd01YRjA4MnlCczlocEhjbE1INVZKeWlLZWNibFJXQWpKalpOK0ZDdXZsb3NLU3pjY1lmbE40WEZXZFhOZUIwL0R5M0VaTXl3NjYrNnNGWlVxcWhHMmdFK2lkZ3llblFFeXZhMWJqNWlvc2g=","refreshMs":30000,"attribution":"Ora (Warner Varnado) · Wyoming DOT"}},{"type":"Feature","geometry":{"type":"Point","coordinates":[-108.712435,41.65653]},"properties":{"id":"ora-wy-199","name":"Black Butte","state":"WY","provider":"Wyoming DOT","hls":null,"snapshot":"https://www.wyoroad.info/web-cam/cache?ref=VTJGc2RHVmtYMThnMnBjNnlrUWE1L1o5TzVsTFBHUzQzOXBhL24vWGtsVnRyZFpVSk53Q3NLUHVSUjlxRkZaTGs3Y0ZYdVU4MjJPS1lFVDl1L2xoRGtPbStuNEg2YS9JTW9GdVVtbkpzMmc9","refreshMs":30000,"attribution":"Ora (Warner Varnado) · Wyoming DOT"}},{"type":"Feature","geometry":{"type":"Point","coordinates":[-110.11372449,43.01473665]},"properties":{"id":"ora-wy-200","name":"Warren Bridge","state":"WY","provider":"Wyoming DOT","hls":null,"snapshot":"https://www.wyoroad.info/web-cam/cache?ref=VTJGc2RHVmtYMTh4V0ZvOUg4aFAvTEpNRHRMUTRwWGFIYTRaUkpwZmIzNUNWQjBxS3dkYURoWWtTNnUraU1TUjMyK1JXTXo4VUpzZDlxaVpwYS80bXpNWWo3eDJqSDFOQXhFQ29QODF5c2M9","refreshMs":30000,"attribution":"Ora (Warner Varnado) · Wyoming DOT"}},{"type":"Feature","geometry":{"type":"Point","coordinates":[-107.08451998,44.15230603]},"properties":{"id":"ora-wy-201","name":"Powder River Pass","state":"WY","provider":"Wyoming DOT","hls":null,"snapshot":"https://www.wyoroad.info/web-cam/cache?ref=VTJGc2RHVmtYMThTcHl6OTZvTUVUSlFtaG84c0tWcUZPMGJuVlorVWxVY3ovaTFiMVpkVVBzV3JCT1JEUXBQZWJ4ejdWbHBkZ21RSDh4bG9ESUtHQklLM0tCc1cxdWIxTTBxOGIyM2xEa1RJRFphQ2VQTVZyS3hxTGJoY3YzSHU=","refreshMs":30000,"attribution":"Ora (Warner Varnado) · Wyoming DOT"}},{"type":"Feature","geometry":{"type":"Point","coordinates":[-104.35346151,42.38446368]},"properties":{"id":"ora-wy-202","name":"Rawhide Creek","state":"WY","provider":"Wyoming DOT","hls":null,"snapshot":"https://www.wyoroad.info/web-cam/cache?ref=VTJGc2RHVmtYMS9lY3lJYnN3dWFMcGNDbVo5UjNEeWhFSG1iU1ZZeXNjZzMxQ3hBSXU3L2tzaG5CT2NvaFJPWTNHYWxGdmE3Qk9RWmhLcDlhVGUySVNlYzJNdDN0ZmN4ZkovOEx5eDJLZ009","refreshMs":30000,"attribution":"Ora (Warner Varnado) · Wyoming DOT"}},{"type":"Feature","geometry":{"type":"Point","coordinates":[-104.70003678,44.58913651]},"properties":{"id":"ora-wy-203","name":"WYO 110 Devils Tower","state":"WY","provider":"Wyoming DOT","hls":null,"snapshot":"https://www.wyoroad.info/web-cam/cache?ref=VTJGc2RHVmtYMTlhUko1bjh2TlhrZVFMbTR2eHNEeW9QOXZGdEZTTjdPTHJNNFl0dktnczlDTCtRTnlYV0t5Y0JVdU9qbkIybnkzN1p3VUhxSUx2QkZBMEdxWm5qY1RMS3hGT0JJQnpCdjQ9","refreshMs":30000,"attribution":"Ora (Warner Varnado) · Wyoming DOT"}},{"type":"Feature","geometry":{"type":"Point","coordinates":[-104.90379211,41.01619962]},"properties":{"id":"ora-wy-204","name":"Colorado State Line","state":"WY","provider":"Wyoming DOT","hls":null,"snapshot":"https://www.wyoroad.info/web-cam/cache?ref=VTJGc2RHVmtYMTg0ZU4rQkZBckZxbnRwSi9VaDNXeC9LUkRBRjE2V0pySmRGWXBPYkRXK21CS25PR25HNlZOTkFDNTVYdko4SUIzMmpNK3JYRC9CU3pkU3hidEQvL3I2clQzcHdhZ20xaDA9","refreshMs":30000,"attribution":"Ora (Warner Varnado) · Wyoming DOT"}},{"type":"Feature","geometry":{"type":"Point","coordinates":[-108.671041,44.01268]},"properties":{"id":"ora-wy-205","name":"Gooseberry Rest Area","state":"WY","provider":"Wyoming DOT","hls":null,"snapshot":"https://www.wyoroad.info/web-cam/cache?ref=VTJGc2RHVmtYMTh5Q1RNaVl3dTdJZmZFVExFbnVYbzNPT3lhU3hqSmMzZVlacFY4OVgwRWVlNVBUWTRrTjBVdmJyT3RWWkxGVzV0WjI0anJTS0VkMkpkUjg5WXBFalNOL3BpbmJ4K1RSbFZWMmxPam9nRG5YM1VzaVdjb2Rleko=","refreshMs":30000,"attribution":"Ora (Warner Varnado) · Wyoming DOT"}},{"type":"Feature","geometry":{"type":"Point","coordinates":[-108.17351837,43.41496676]},"properties":{"id":"ora-wy-206","name":"Boysen Dam","state":"WY","provider":"Wyoming DOT","hls":null,"snapshot":"https://www.wyoroad.info/web-cam/cache?ref=VTJGc2RHVmtYMStEdFcwejN4NTd6VldBOWJUWG1qYlFmS1p4QlVNdTMvNk1uRzVEdG8xanpDZCtrU05MUTQ1blpwTU5jTnRrcDYxQmR3bWw3ZmVmTkVyNkE0aE81UCtRYUdYZEZFSytoTEE9","refreshMs":30000,"attribution":"Ora (Warner Varnado) · Wyoming DOT"}},{"type":"Feature","geometry":{"type":"Point","coordinates":[-105.39346175,43.39673285]},"properties":{"id":"ora-wy-207","name":"Jenne Trail","state":"WY","provider":"Wyoming DOT","hls":null,"snapshot":"https://www.wyoroad.info/web-cam/cache?ref=VTJGc2RHVmtYMStnUmJYYlpieUFDVDMzbXBvVERXcEE3ck1ldkdvOTdibTc0L1dvbmw3aHM3bjgvcGFsY2lBUHNJbUl1UloyMnhHOE1rWTkyN0l0UWtFS2JkZTNYeFc0OGI4SDRadTBIc0E9","refreshMs":30000,"attribution":"Ora (Warner Varnado) · Wyoming DOT"}},{"type":"Feature","geometry":{"type":"Point","coordinates":[-107.27143786,44.86716649]},"properties":{"id":"ora-wy-208","name":"Dayton","state":"WY","provider":"Wyoming DOT","hls":null,"snapshot":"https://www.wyoroad.info/web-cam/cache?ref=VTJGc2RHVmtYMS9Ob1FoeExaTHJzYUdCc1NSbVA5TGdxYWNVNG8vcS9QK0Z2MDFhYTh4eHMrNWhWS2ZZYURya3pDV3BKSnNCdkFKeFhlNFRvNThMTUE9PQ==","refreshMs":30000,"attribution":"Ora (Warner Varnado) · Wyoming DOT"}},{"type":"Feature","geometry":{"type":"Point","coordinates":[-106.76462298,44.33853777]},"properties":{"id":"ora-wy-209","name":"Buffalo","state":"WY","provider":"Wyoming DOT","hls":null,"snapshot":"https://www.wyoroad.info/web-cam/cache?ref=VTJGc2RHVmtYMS9OT20vcnN5a1Rmclc5M2ExUk9tdWhpbGtlZms1dWljYXpGUGc1bmo5WUtGc1NvWWVOckxYRVdzdnVqaWdKQUtrOFI0S1I3WE9KeHhWdFVxSlVoT0kvWi9wU2VjTTVXT3c9","refreshMs":30000,"attribution":"Ora (Warner Varnado) · Wyoming DOT"}},{"type":"Feature","geometry":{"type":"Point","coordinates":[-104.69561098,44.58222534]},"properties":{"id":"ora-wy-210","name":"WYO 24 / WYO 110 Junction - Devils Tower","state":"WY","provider":"Wyoming DOT","hls":null,"snapshot":"https://www.wyoroad.info/web-cam/cache?ref=VTJGc2RHVmtYMStqaUlmWHJteHZSR21zOWIvVXVBR004ZmJ1RUdHN2hVUWhOR3NhUEVRb1p3UEY0V1cwMGRNeWtwSkhXdFBtd2dqVUtnN3dYTCtIa3RVdTFGR2oyZGk5Z1NXaGxCZUoxNFU9","refreshMs":30000,"attribution":"Ora (Warner Varnado) · Wyoming DOT"}},{"type":"Feature","geometry":{"type":"Point","coordinates":[-106.63840968,43.89868452]},"properties":{"id":"ora-wy-211","name":"I-25 Divide","state":"WY","provider":"Wyoming DOT","hls":null,"snapshot":"https://www.wyoroad.info/web-cam/cache?ref=VTJGc2RHVmtYMS9RM1BLZDhHMmJDekRjdzlheE5Vc053dWdvZjdCd0FWV3RWWGRzTjdkU29uZEZJaWZXdDlpdlJ5WUFRWE5lbGhNZXRadjZybGh3dHc9PQ==","refreshMs":30000,"attribution":"Ora (Warner Varnado) · Wyoming DOT"}},{"type":"Feature","geometry":{"type":"Point","coordinates":[-106.21644966,41.34885912]},"properties":{"id":"ora-wy-212","name":"Green Rock Trailhead","state":"WY","provider":"Wyoming DOT","hls":null,"snapshot":"https://www.wyoroad.info/web-cam/cache?ref=VTJGc2RHVmtYMS8yTFVTVVBpc0hUa3licXQ0VHlpSlZZUlJ3d282ZGVyRnFEZ2ZZNVlQWE5UK2VoZEptakx2cDR1SEI1TXg0SjdBZDJoMXBtZklzWEduUmRVN1ZJVnpWWDZ5clRyWXBEa2c9","refreshMs":30000,"attribution":"Ora (Warner Varnado) · Wyoming DOT"}},{"type":"Feature","geometry":{"type":"Point","coordinates":[-105.26492044,43.0601486]},"properties":{"id":"ora-wy-213","name":"Mile Marker 23","state":"WY","provider":"Wyoming DOT","hls":null,"snapshot":"https://www.wyoroad.info/web-cam/cache?ref=VTJGc2RHVmtYMTltck9EMHdNM3Blb1huYm45akgvZHRrWmo0cFpScEpYNUdYalVINU1ZZHRkMHkrRUJ4MkVjcGtnWENaK28vck9QTmVzTThDQU5OQ1E9PQ==","refreshMs":30000,"attribution":"Ora (Warner Varnado) · Wyoming DOT"}},{"type":"Feature","geometry":{"type":"Point","coordinates":[-104.09104992,41.41843409]},"properties":{"id":"ora-wy-214","name":"Albin","state":"WY","provider":"Wyoming DOT","hls":null,"snapshot":"https://www.wyoroad.info/web-cam/cache?ref=VTJGc2RHVmtYMS9hckVDQ3VMQWJNQ2d3SDNpTndmYzFKYnZFSzJPelJlNmJEK1cwTXI5R3k1N0xlV2RRVGgwZ2oyM3l6UXY1OWF2bUtZaVk4RHR0dmc9PQ==","refreshMs":30000,"attribution":"Ora (Warner Varnado) · Wyoming DOT"}},{"type":"Feature","geometry":{"type":"Point","coordinates":[-107.51805109,44.77010531]},"properties":{"id":"ora-wy-215","name":"Burgess Jct","state":"WY","provider":"Wyoming DOT","hls":null,"snapshot":"https://www.wyoroad.info/web-cam/cache?ref=VTJGc2RHVmtYMTgxZTFDcmdaLy91dlZ0NjhBNUZpRlJUT2o5NnBEcnRZMytxRDl4dnMzNFFaRzlvb2xSTjJHa3JjREphYnhyYnlKeHd5dy80ZlREUlFhOEFldGgxUGJ6SFluelZtM3l3RkU9","refreshMs":30000,"attribution":"Ora (Warner Varnado) · Wyoming DOT"}},{"type":"Feature","geometry":{"type":"Point","coordinates":[-106.93207952,44.75414078]},"properties":{"id":"ora-wy-216","name":"South Sheridan","state":"WY","provider":"Wyoming DOT","hls":null,"snapshot":"https://www.wyoroad.info/web-cam/cache?ref=VTJGc2RHVmtYMTlaUXFkYitubURYSmdyK24rL0xLNVlXRVB1cFZWT3drZWJRKzQ5OTUydTl2eEUzU0xFRFlLU1FzaFJNZ1dhTzkwK0kwUnNic3AySzZFT3VYUFVOUVVNaWZyRDBGL1VXQVU9","refreshMs":30000,"attribution":"Ora (Warner Varnado) · Wyoming DOT"}},{"type":"Feature","geometry":{"type":"Point","coordinates":[-110.06791358,42.89033728]},"properties":{"id":"ora-wy-217","name":"Daniel Junction","state":"WY","provider":"Wyoming DOT","hls":null,"snapshot":"https://www.wyoroad.info/web-cam/cache?ref=VTJGc2RHVmtYMThtMUhPMXBtK1IrU1pzL1hQRUN2T3RNQ1RNTmF3dkhTbnkyMk43QVV5UktMc2hnYVNRL0YvNVgzN0VUTStQbm9DKzZmU2VLRnJDZExkdzhwQVVXVlB0UUQydW9DZG9NYUk9","refreshMs":30000,"attribution":"Ora (Warner Varnado) · Wyoming DOT"}},{"type":"Feature","geometry":{"type":"Point","coordinates":[-104.64010476,44.45255358]},"properties":{"id":"ora-wy-218","name":"Sunny Divide","state":"WY","provider":"Wyoming DOT","hls":null,"snapshot":"https://www.wyoroad.info/web-cam/cache?ref=VTJGc2RHVmtYMTkrVGZJOGhudXpSbnZBZ3IxTUw3QjJ6WE9XVG9LSGU2Ung5VDRwb3k5Q1h0RkRqS2xLek1vQmZ1dXQ0TWh1ZExGOCtZMnlpWUg3cVdIbURXdXBxS0FncmVESjl2VlBXSnM9","refreshMs":30000,"attribution":"Ora (Warner Varnado) · Wyoming DOT"}},{"type":"Feature","geometry":{"type":"Point","coordinates":[-107.006918,44.886697]},"properties":{"id":"ora-wy-219","name":"Dietz POE North","state":"WY","provider":"Wyoming DOT","hls":null,"snapshot":"https://www.wyoroad.info/web-cam/cache?ref=VTJGc2RHVmtYMS9qeDNhbmoySTAzKy9hZFpHWHJaUk1NQy9KODZ5S2hOaU1QcHl2L1Z3cG1ZMlRLWForemRDL1dxZkFaSThXUlFleFI3VmNrVnNmWXRiVFhxZjdYRGdPeDBuT0VGZ0NsbnM9","refreshMs":30000,"attribution":"Ora (Warner Varnado) · Wyoming DOT"}},{"type":"Feature","geometry":{"type":"Point","coordinates":[-107.003822,44.882957]},"properties":{"id":"ora-wy-220","name":"Dietz POE South","state":"WY","provider":"Wyoming DOT","hls":null,"snapshot":"https://www.wyoroad.info/web-cam/cache?ref=VTJGc2RHVmtYMSt5UmtWdzlFR0ZKRmR4bzMydGRZd0hPdXRVcUhOSE1YOXNBV20wdkswM0V4TXJNSURaNmJ3dlRnQXlneVV0TnNmanhJdlcrRVhXaGVVRE04NHR1TkNQRWpiV3N1elhhQm89","refreshMs":30000,"attribution":"Ora (Warner Varnado) · Wyoming DOT"}},{"type":"Feature","geometry":{"type":"Point","coordinates":[-106.56769,41.741499]},"properties":{"id":"ora-wy-221","name":"Mile Marker 249.1","state":"WY","provider":"Wyoming DOT","hls":null,"snapshot":"https://www.wyoroad.info/web-cam/cache?ref=VTJGc2RHVmtYMTlQSmNwWnVnb3JzT0tVOW9PQnJJVGlOTitiaElySUl2NURxaVg2R210YkVGcHJOeitnbExWUitOdm9oZHhJcUwzcm1VMFRES2swRnc9PQ==","refreshMs":30000,"attribution":"Ora (Warner Varnado) · Wyoming DOT"}},{"type":"Feature","geometry":{"type":"Point","coordinates":[-106.648117,41.733576]},"properties":{"id":"ora-wy-222","name":"Dana Ridge","state":"WY","provider":"Wyoming DOT","hls":null,"snapshot":"https://www.wyoroad.info/web-cam/cache?ref=VTJGc2RHVmtYMTlaTU5uVTFMUEw3cjk2TGI1NW9rRHhvRnJNOThTRTUrQytndWVMVGJJV0J1blhuN2k1aVhRTjJiN1NnOTdaOXdNTWlWVFpTOVh0U2YwRDNJY0xzNHF4QmQ2VGg0eUNZZDQ9","refreshMs":30000,"attribution":"Ora (Warner Varnado) · Wyoming DOT"}},{"type":"Feature","geometry":{"type":"Point","coordinates":[-105.53544078,41.65337018]},"properties":{"id":"ora-wy-223","name":"Morton Pass","state":"WY","provider":"Wyoming DOT","hls":null,"snapshot":"https://www.wyoroad.info/web-cam/cache?ref=VTJGc2RHVmtYMSsyb2FxOHBTWm9nelBHOTdPbnNwVm9TLy9yUE4xS0IrQ2JSbUZjR00yMVhNQWhkWkpHTm91eW5kZzlYcUJKejFOYUVMeTBoSVhwOFZPUmg2VTlEQ0Q4QjRtc0NoZ3VFS0E9","refreshMs":30000,"attribution":"Ora (Warner Varnado) · Wyoming DOT"}},{"type":"Feature","geometry":{"type":"Point","coordinates":[-105.14832327,41.09994295]},"properties":{"id":"ora-wy-224","name":"Harriman East","state":"WY","provider":"Wyoming DOT","hls":null,"snapshot":"https://www.wyoroad.info/web-cam/cache?ref=VTJGc2RHVmtYMTlpekY1UmlETGh2MWVxTk5KSzEwMHh6eFFOQm9hMkNjaHhhUUQ2NGcvc2xISDVuUGl5RGpQWmJaSlVkeGNIeGdodTBvbFJudmNFR2hzQWxNbzBVNkVCRGhPeFk3L1k5TWc9","refreshMs":30000,"attribution":"Ora (Warner Varnado) · Wyoming DOT"}},{"type":"Feature","geometry":{"type":"Point","coordinates":[-105.77733212,41.31487855]},"properties":{"id":"ora-wy-225","name":"County Road 406","state":"WY","provider":"Wyoming DOT","hls":null,"snapshot":"https://www.wyoroad.info/web-cam/cache?ref=VTJGc2RHVmtYMStxVkdUMW0vZEtsR3RhbDdRZVZnWmtibDRVamlrVVhRZXMyaVU3VTdwQlA4d0tVZDlRekVCVUl2bUJNUFVDUmNpRzdiTS9UcTFSZVFPNlFXbUVTS3ZIblo0c2J3cUUrZUU9","refreshMs":30000,"attribution":"Ora (Warner Varnado) · Wyoming DOT"}},{"type":"Feature","geometry":{"type":"Point","coordinates":[-105.30150624,41.12460906]},"properties":{"id":"ora-wy-226","name":"Buford","state":"WY","provider":"Wyoming DOT","hls":null,"snapshot":"https://www.wyoroad.info/web-cam/cache?ref=VTJGc2RHVmtYMThuOVdkZEZEdExZbTBqaFhMNmVBYWxUdzVlU2wrVFFnK2xaWG95RE5vZ2NhMzl2NElNWCtrRERnTmZXTkpRbWpJKys5MWg4RUhXM3c9PQ==","refreshMs":30000,"attribution":"Ora (Warner Varnado) · Wyoming DOT"}},{"type":"Feature","geometry":{"type":"Point","coordinates":[-105.39949761,41.15489402]},"properties":{"id":"ora-wy-227","name":"Vedauwoo West","state":"WY","provider":"Wyoming DOT","hls":null,"snapshot":"https://www.wyoroad.info/web-cam/cache?ref=VTJGc2RHVmtYMS8wd3FDQjV0NUdkKzVycmY5bTFXSEMrRExnK2l0K3B5ZTIrcFdUZU1xSjlvNG4vWS9nMzZjMnh4a001bEVSTy9IM0Q5Y3ppZCsvb2NOcGxndVFvQkdtYStibkJDYThFa0k9","refreshMs":30000,"attribution":"Ora (Warner Varnado) · Wyoming DOT"}}]}